codigo_municipio,municipio,provincia,anio,total,nivel_inicial_basico1,nivel_basico23_elemental,nivel_intermedio_suficiencia,nacidos_cataluna,nacidos_resto_espana,nacidos_extranjero,sin_datos_origen,origen_conocido,ue,resto_europa,norte_africa,resto_africa,america_sur_central,asia,resto_mundo,dif_niveles,dif_origen,dif_subregiones
000000,sense dades,,2011,5231,2897,1279,1055,414,424,1909,2484,2747,284,92,300,165,891,167,10,0,0,0
000000,sense dades,,2012,862,300,369,193,72,195,482,113,749,92,43,84,35,179,46,3,0,0,0
000000,sense dades,,2013,281,88,98,95,11,92,187,51,290,73,6,27,15,52,13,1,0,-60,0
000000,sense dades,,2014,259,92,82,85,11,81,110,57,202,40,6,13,11,32,6,2,0,0,0
000000,sense dades,,2015,406,153,148,105,26,106,141,133,273,45,8,13,14,52,8,1,0,0,0
000000,sense dades,,2016,379,144,138,97,27,123,205,24,355,59,12,13,7,80,32,2,0,0,0
000000,sense dades,,2017,449,155,173,121,30,162,249,8,441,72,12,15,10,101,35,4,0,0,0
000000,sense dades,,2018,280,75,90,115,22,132,125,2,279,35,4,7,6,55,14,4,0,-1,0
000000,sense dades,,2019,429,157,150,122,18,153,180,78,351,44,2,18,0,95,14,7,0,0,0
000000,sense dades,,2020,544,358,86,100,9,91,104,340,204,18,0,8,2,65,9,2,0,0,0
000000,sense dades,,2021,4413,3194,553,666,55,92,482,3784,629,36,23,141,22,223,33,4,0,0,0
000000,sense dades,,2022,10394,4621,4216,1557,85,177,1112,9020,1374,74,52,225,50,648,63,0,0,0,0
000000,sense dades,,2023,4030,1111,2006,913,101,397,1345,2187,1843,124,55,107,24,986,37,12,0,0,0
080018,Abrera,Barcelona,2011,161,50,75,36,36,29,92,4,157,8,7,38,3,34,2,0,0,0,0
080018,Abrera,Barcelona,2012,191,76,74,41,54,38,99,0,191,8,1,44,1,45,0,0,0,0,0
080018,Abrera,Barcelona,2013,90,22,44,24,20,30,40,0,90,3,3,16,1,16,1,0,0,0,0
080018,Abrera,Barcelona,2014,85,25,50,10,10,38,37,0,85,5,2,7,3,18,2,0,0,0,0
080018,Abrera,Barcelona,2015,93,6,69,18,19,40,34,0,93,4,1,13,3,12,1,0,0,0,0
080018,Abrera,Barcelona,2016,88,20,31,37,17,25,45,1,87,1,3,12,5,24,0,0,0,0,0
080018,Abrera,Barcelona,2017,93,21,24,48,19,23,49,2,91,1,5,6,2,33,2,0,0,0,0
080018,Abrera,Barcelona,2018,116,27,35,54,28,24,63,1,115,5,2,12,0,43,1,0,0,0,0
080018,Abrera,Barcelona,2019,131,26,62,43,32,11,88,0,131,4,1,16,1,62,4,0,0,0,0
080018,Abrera,Barcelona,2020,95,35,37,23,18,14,61,2,93,0,2,10,2,43,4,0,0,0,0
080018,Abrera,Barcelona,2021,63,16,30,17,7,10,36,10,53,3,0,2,3,28,0,0,0,0,0
080018,Abrera,Barcelona,2022,112,71,21,20,5,5,95,7,105,1,1,41,3,48,1,0,0,0,0
080018,Abrera,Barcelona,2023,108,44,43,21,11,5,91,1,107,6,1,11,0,73,0,0,0,0,0
080023,Aguilar de Segarra,Barcelona,2011,0,0,0,0,0,0,0,0,0,0,0,0,0,0,0,0,0,0,0
080023,Aguilar de Segarra,Barcelona,2012,2,0,1,1,0,1,1,0,2,0,0,0,0,1,0,0,0,0,0
080023,Aguilar de Segarra,Barcelona,2013,0,0,0,0,0,0,0,0,0,0,0,0,0,0,0,0,0,0,0
080023,Aguilar de Segarra,Barcelona,2014,1,0,0,1,1,0,0,0,1,0,0,0,0,0,0,0,0,0,0
080023,Aguilar de Segarra,Barcelona,2015,0,0,0,0,0,0,0,0,0,0,0,0,0,0,0,0,0,0,0
080023,Aguilar de Segarra,Barcelona,2016,0,0,0,0,0,0,0,0,0,0,0,0,0,0,0,0,0,0,0
080023,Aguilar de Segarra,Barcelona,2017,0,0,0,0,0,0,0,0,0,0,0,0,0,0,0,0,0,0,0
080023,Aguilar de Segarra,Barcelona,2018,0,0,0,0,0,0,0,0,0,0,0,0,0,0,0,0,0,0,0
080023,Aguilar de Segarra,Barcelona,2019,0,0,0,0,0,0,0,0,0,0,0,0,0,0,0,0,0,0,0
080023,Aguilar de Segarra,Barcelona,2020,0,0,0,0,0,0,0,0,0,0,0,0,0,0,0,0,0,0,0
080023,Aguilar de Segarra,Barcelona,2021,3,0,0,3,0,0,0,3,0,0,0,0,0,0,0,0,0,0,0
080023,Aguilar de Segarra,Barcelona,2022,8,1,2,5,0,0,0,8,0,0,0,0,0,0,0,0,0,0,0
080023,Aguilar de Segarra,Barcelona,2023,3,0,2,1,0,0,1,2,1,0,0,0,0,1,0,0,0,0,0
080039,Alella,Barcelona,2011,23,4,7,12,7,6,9,1,22,3,0,0,0,6,0,0,0,0,0
080039,Alella,Barcelona,2012,17,5,7,5,1,6,9,1,16,5,0,0,0,3,0,1,0,0,0
080039,Alella,Barcelona,2013,26,6,5,15,6,11,9,0,26,1,1,2,0,3,2,0,0,0,0
080039,Alella,Barcelona,2014,18,0,7,11,10,5,3,0,18,0,0,1,0,2,0,0,0,0,0
080039,Alella,Barcelona,2015,8,2,4,2,4,0,4,0,8,0,0,0,0,4,0,0,0,0,0
080039,Alella,Barcelona,2016,16,5,5,6,4,5,6,1,15,1,1,0,0,4,0,0,0,0,0
080039,Alella,Barcelona,2017,12,3,5,4,4,4,4,0,12,0,0,0,0,4,0,0,0,0,0
080039,Alella,Barcelona,2018,15,3,4,8,7,3,5,0,15,0,0,2,0,3,0,0,0,0,0
080039,Alella,Barcelona,2019,25,5,10,10,7,3,15,0,25,1,1,0,0,13,0,0,0,0,0
080039,Alella,Barcelona,2020,22,5,5,12,9,3,9,1,21,0,1,0,0,8,0,0,0,0,0
080039,Alella,Barcelona,2021,18,7,10,1,0,3,3,12,6,0,1,0,0,2,0,0,0,0,0
080039,Alella,Barcelona,2022,21,8,8,5,2,5,8,6,15,0,0,0,0,8,0,0,0,0,0
080039,Alella,Barcelona,2023,42,17,18,7,11,2,28,1,41,0,1,1,0,22,4,0,0,0,0
080044,Alpens,Barcelona,2011,0,0,0,0,0,0,0,0,0,0,0,0,0,0,0,0,0,0,0
080044,Alpens,Barcelona,2012,0,0,0,0,0,0,0,0,0,0,0,0,0,0,0,0,0,0,0
080044,Alpens,Barcelona,2013,0,0,0,0,0,0,0,0,0,0,0,0,0,0,0,0,0,0,0
080044,Alpens,Barcelona,2014,0,0,0,0,0,0,0,0,0,0,0,0,0,0,0,0,0,0,0
080044,Alpens,Barcelona,2015,0,0,0,0,0,0,0,0,0,0,0,0,0,0,0,0,0,0,0
080044,Alpens,Barcelona,2016,0,0,0,0,0,0,0,0,0,0,0,0,0,0,0,0,0,0,0
080044,Alpens,Barcelona,2017,0,0,0,0,0,0,0,0,0,0,0,0,0,0,0,0,0,0,0
080044,Alpens,Barcelona,2018,1,0,1,0,0,0,1,0,1,1,0,0,0,0,0,0,0,0,0
080044,Alpens,Barcelona,2019,5,0,5,0,0,0,5,0,5,3,0,0,0,2,0,0,0,0,0
080044,Alpens,Barcelona,2020,2,0,2,0,0,0,2,0,2,0,0,0,0,2,0,0,0,0,0
080044,Alpens,Barcelona,2021,3,0,2,1,0,0,3,0,3,0,0,0,0,3,0,0,0,0,0
080044,Alpens,Barcelona,2022,4,0,2,2,0,0,4,0,4,0,0,0,0,4,0,0,0,0,0
080044,Alpens,Barcelona,2023,3,0,0,3,1,0,2,0,3,0,0,0,0,2,0,0,0,0,0
080057,l'Ametlla del Vallès,Barcelona,2011,53,4,8,41,25,10,17,1,52,3,1,2,1,7,1,2,0,0,0
080057,l'Ametlla del Vallès,Barcelona,2012,37,0,11,26,18,4,15,0,37,5,0,0,0,8,0,2,0,0,0
080057,l'Ametlla del Vallès,Barcelona,2013,18,3,6,9,8,0,10,0,18,1,0,0,0,8,0,1,0,0,0
080057,l'Ametlla del Vallès,Barcelona,2014,15,0,9,6,5,1,9,0,15,2,0,0,0,7,0,0,0,0,0
080057,l'Ametlla del Vallès,Barcelona,2015,13,1,7,5,1,4,8,0,13,4,0,1,0,3,0,0,0,0,0
080057,l'Ametlla del Vallès,Barcelona,2016,19,3,3,13,5,4,10,0,19,2,0,1,0,5,2,0,0,0,0
080057,l'Ametlla del Vallès,Barcelona,2017,21,5,6,10,5,4,12,0,21,1,0,0,1,8,2,0,0,0,0
080057,l'Ametlla del Vallès,Barcelona,2018,15,2,6,7,3,1,11,0,15,1,0,1,0,9,0,0,0,0,0
080057,l'Ametlla del Vallès,Barcelona,2019,32,7,12,13,4,10,18,0,32,2,1,0,0,12,2,1,0,0,0
080057,l'Ametlla del Vallès,Barcelona,2020,16,1,9,6,0,4,12,0,16,0,3,0,0,6,1,2,0,0,0
080057,l'Ametlla del Vallès,Barcelona,2021,12,1,4,7,1,7,3,1,11,0,2,0,0,1,0,0,0,0,0
080057,l'Ametlla del Vallès,Barcelona,2022,13,1,7,5,0,7,6,0,13,2,0,0,0,4,0,0,0,0,0
080057,l'Ametlla del Vallès,Barcelona,2023,17,1,2,14,3,6,8,0,17,2,1,0,0,5,0,0,0,0,0
080060,Arenys de Mar,Barcelona,2011,62,2,41,19,13,15,31,3,59,2,1,5,3,20,0,0,0,0,0
080060,Arenys de Mar,Barcelona,2012,60,5,30,25,13,5,42,0,60,4,1,8,1,26,2,0,0,0,0
080060,Arenys de Mar,Barcelona,2013,80,7,22,51,27,11,42,0,80,10,1,2,0,23,6,0,0,0,0
080060,Arenys de Mar,Barcelona,2014,48,1,9,38,22,9,17,0,48,2,3,0,0,12,0,0,0,0,0
080060,Arenys de Mar,Barcelona,2015,58,4,10,44,22,17,19,0,58,1,3,0,0,15,0,0,0,0,0
080060,Arenys de Mar,Barcelona,2016,68,2,11,55,33,16,19,0,68,2,3,0,1,13,0,0,0,0,0
080060,Arenys de Mar,Barcelona,2017,73,7,26,40,33,11,29,0,73,7,3,0,3,16,0,0,0,0,0
080060,Arenys de Mar,Barcelona,2018,70,5,28,37,25,11,34,0,70,4,0,4,2,22,2,0,0,0,0
080060,Arenys de Mar,Barcelona,2019,93,19,35,39,13,25,54,1,92,4,0,15,7,26,2,0,0,0,0
080060,Arenys de Mar,Barcelona,2020,53,3,27,23,5,16,27,5,48,4,0,2,4,17,0,0,0,0,0
080060,Arenys de Mar,Barcelona,2021,44,15,21,8,0,11,14,19,25,0,0,4,0,10,0,0,0,0,0
080060,Arenys de Mar,Barcelona,2022,48,26,8,14,6,7,29,6,42,2,3,6,12,6,0,0,0,0,0
080060,Arenys de Mar,Barcelona,2023,75,35,22,18,16,4,50,5,70,3,3,4,14,24,2,0,0,0,0
080076,Arenys de Munt,Barcelona,2011,8,1,0,7,4,2,1,1,7,0,0,0,0,1,0,0,0,0,0
080076,Arenys de Munt,Barcelona,2012,5,0,2,3,2,0,3,0,5,0,0,0,0,3,0,0,0,0,0
080076,Arenys de Munt,Barcelona,2013,11,0,2,9,7,0,4,0,11,0,0,0,0,4,0,0,0,0,0
080076,Arenys de Munt,Barcelona,2014,15,2,2,11,5,3,7,0,15,1,0,0,0,6,0,0,0,0,0
080076,Arenys de Munt,Barcelona,2015,20,0,6,14,5,6,9,0,20,3,0,0,0,6,0,0,0,0,0
080076,Arenys de Munt,Barcelona,2016,15,0,5,10,5,5,5,0,15,2,0,0,0,3,0,0,0,0,0
080076,Arenys de Munt,Barcelona,2017,7,0,0,7,6,0,1,0,7,1,0,0,0,0,0,0,0,0,0
080076,Arenys de Munt,Barcelona,2018,10,2,0,8,8,1,1,0,10,0,0,0,0,1,0,0,0,0,0
080076,Arenys de Munt,Barcelona,2019,9,2,0,7,6,1,2,0,9,1,0,0,0,1,0,0,0,0,0
080076,Arenys de Munt,Barcelona,2020,10,1,0,9,7,3,0,0,10,0,0,0,0,0,0,0,0,0,0
080076,Arenys de Munt,Barcelona,2021,12,3,6,3,3,1,4,4,8,0,0,0,0,4,0,0,0,0,0
080076,Arenys de Munt,Barcelona,2022,6,1,4,1,1,2,3,0,6,0,1,1,0,0,1,0,0,0,0
080076,Arenys de Munt,Barcelona,2023,12,5,2,5,2,3,5,2,10,1,1,0,0,2,1,0,0,0,0
080082,Argençola,Barcelona,2011,0,0,0,0,0,0,0,0,0,0,0,0,0,0,0,0,0,0,0
080082,Argençola,Barcelona,2012,1,0,0,1,1,0,0,0,1,0,0,0,0,0,0,0,0,0,0
080082,Argençola,Barcelona,2013,0,0,0,0,0,0,0,0,0,0,0,0,0,0,0,0,0,0,0
080082,Argençola,Barcelona,2014,0,0,0,0,0,0,0,0,0,0,0,0,0,0,0,0,0,0,0
080082,Argençola,Barcelona,2015,0,0,0,0,0,0,0,0,0,0,0,0,0,0,0,0,0,0,0
080082,Argençola,Barcelona,2016,1,0,0,1,1,0,0,0,1,0,0,0,0,0,0,0,0,0,0
080082,Argençola,Barcelona,2017,2,0,0,2,2,0,0,0,2,0,0,0,0,0,0,0,0,0,0
080082,Argençola,Barcelona,2018,1,0,0,1,1,0,0,0,1,0,0,0,0,0,0,0,0,0,0
080082,Argençola,Barcelona,2019,0,0,0,0,0,0,0,0,0,0,0,0,0,0,0,0,0,0,0
080082,Argençola,Barcelona,2020,1,1,0,0,0,0,0,1,0,0,0,0,0,0,0,0,0,0,0
080082,Argençola,Barcelona,2021,1,1,0,0,0,0,0,1,0,0,0,0,0,0,0,0,0,0,0
080082,Argençola,Barcelona,2022,1,0,1,0,0,0,0,1,0,0,0,0,0,0,0,0,0,0,0
080082,Argençola,Barcelona,2023,1,0,0,1,1,0,0,0,1,0,0,0,0,0,0,0,0,0,0
080095,Argentona,Barcelona,2011,29,5,13,11,5,6,16,2,27,2,0,3,2,9,0,0,0,0,0
080095,Argentona,Barcelona,2012,16,9,1,6,3,1,12,0,16,3,0,1,0,8,0,0,0,0,0
080095,Argentona,Barcelona,2013,13,1,1,11,8,4,1,0,13,1,0,0,0,0,0,0,0,0,0
080095,Argentona,Barcelona,2014,19,6,5,8,6,5,7,1,18,4,0,0,1,2,0,0,0,0,0
080095,Argentona,Barcelona,2015,24,1,10,13,12,5,7,0,24,4,0,0,2,1,0,0,0,0,0
080095,Argentona,Barcelona,2016,13,2,3,8,8,3,2,0,13,1,0,0,0,1,0,0,0,0,0
080095,Argentona,Barcelona,2017,15,5,2,8,7,4,4,0,15,2,0,1,0,1,0,0,0,0,0
080095,Argentona,Barcelona,2018,22,3,5,14,9,7,6,0,22,3,1,0,0,1,1,0,0,0,0
080095,Argentona,Barcelona,2019,25,4,8,13,11,5,9,0,25,0,0,1,0,8,0,0,0,0,0
080095,Argentona,Barcelona,2020,23,8,3,12,8,6,5,4,19,0,0,0,0,4,1,0,0,0,0
080095,Argentona,Barcelona,2021,25,7,6,12,6,4,6,9,16,2,0,0,0,2,2,0,0,0,0
080095,Argentona,Barcelona,2022,12,4,4,4,1,1,8,2,10,0,0,1,0,6,1,0,0,0,0
080095,Argentona,Barcelona,2023,31,12,10,9,4,3,23,1,30,4,4,0,0,14,1,0,0,0,0
080109,Artés,Barcelona,2011,85,30,48,7,2,1,82,0,85,4,5,44,11,16,2,0,0,0,0
080109,Artés,Barcelona,2012,33,1,26,6,0,3,30,0,33,3,3,11,3,9,1,0,0,0,0
080109,Artés,Barcelona,2013,65,57,3,5,2,0,63,0,65,2,2,47,1,11,0,0,0,0,0
080109,Artés,Barcelona,2014,8,1,3,4,4,2,2,0,8,0,0,0,0,2,0,0,0,0,0
080109,Artés,Barcelona,2015,9,2,0,7,5,1,3,0,9,2,0,1,0,0,0,0,0,0,0
080109,Artés,Barcelona,2016,36,32,2,2,2,0,34,0,36,1,0,30,2,1,0,0,0,0,0
080109,Artés,Barcelona,2017,28,26,1,1,0,0,28,0,28,1,1,20,3,2,1,0,0,0,0
080109,Artés,Barcelona,2018,13,8,4,1,1,0,12,0,13,1,0,6,1,4,0,0,0,0,0
080109,Artés,Barcelona,2019,8,2,6,0,0,0,8,0,8,1,0,6,0,1,0,0,0,0,0
080109,Artés,Barcelona,2020,6,1,4,1,0,0,6,0,6,0,1,3,0,2,0,0,0,0,0
080109,Artés,Barcelona,2021,4,2,2,0,0,0,3,1,3,0,0,2,0,1,0,0,0,0,0
080109,Artés,Barcelona,2022,33,32,1,0,0,0,32,1,32,1,0,27,0,4,0,0,0,0,0
080109,Artés,Barcelona,2023,59,49,3,7,5,1,53,0,59,0,2,39,1,10,1,0,0,0,0
080116,Avià,Barcelona,2011,15,1,6,8,5,1,9,0,15,6,0,0,0,3,0,0,0,0,0
080116,Avià,Barcelona,2012,5,1,1,3,1,1,3,0,5,2,0,1,0,0,0,0,0,0,0
080116,Avià,Barcelona,2013,1,0,0,1,1,0,0,0,1,0,0,0,0,0,0,0,0,0,0
080116,Avià,Barcelona,2014,3,2,0,1,1,0,2,0,3,0,0,1,0,0,0,1,0,0,0
080116,Avià,Barcelona,2015,5,1,2,2,2,0,3,0,5,0,0,0,0,0,0,3,0,0,0
080116,Avià,Barcelona,2016,2,1,1,0,0,0,2,0,2,0,1,1,0,0,0,0,0,0,0
080116,Avià,Barcelona,2017,2,0,2,0,0,0,2,0,2,0,0,2,0,0,0,0,0,0,0
080116,Avià,Barcelona,2018,12,4,6,2,1,1,10,0,12,0,2,5,2,1,0,0,0,0,0
080116,Avià,Barcelona,2019,9,0,3,6,1,0,8,0,9,0,0,4,0,4,0,0,0,0,0
080116,Avià,Barcelona,2020,2,0,0,2,0,0,2,0,2,0,0,2,0,0,0,0,0,0,0
080116,Avià,Barcelona,2021,7,2,1,4,0,0,5,2,5,2,0,3,0,0,0,0,0,0,0
080116,Avià,Barcelona,2022,10,6,4,0,0,0,7,3,7,0,0,4,0,3,0,0,0,0,0
080116,Avià,Barcelona,2023,26,14,11,1,1,1,24,0,26,0,7,5,0,12,0,0,0,0,0
080121,Avinyó,Barcelona,2011,7,0,3,4,1,0,6,0,7,0,0,2,0,4,0,0,0,0,0
080121,Avinyó,Barcelona,2012,1,0,0,1,0,0,1,0,1,0,0,0,0,1,0,0,0,0,0
080121,Avinyó,Barcelona,2013,0,0,0,0,0,0,0,0,0,0,0,0,0,0,0,0,0,0,0
080121,Avinyó,Barcelona,2014,0,0,0,0,0,0,0,0,0,0,0,0,0,0,0,0,0,0,0
080121,Avinyó,Barcelona,2015,0,0,0,0,0,0,0,0,0,0,0,0,0,0,0,0,0,0,0
080121,Avinyó,Barcelona,2016,2,0,0,2,1,0,1,0,2,0,0,0,0,1,0,0,0,0,0
080121,Avinyó,Barcelona,2017,30,1,24,5,5,0,25,0,30,2,0,17,0,2,4,0,0,0,0
080121,Avinyó,Barcelona,2018,4,2,0,2,2,0,2,0,4,0,0,1,0,0,1,0,0,0,0
080121,Avinyó,Barcelona,2019,0,0,0,0,0,0,0,0,0,0,0,0,0,0,0,0,0,0,0
080121,Avinyó,Barcelona,2020,0,0,0,0,0,0,0,0,0,0,0,0,0,0,0,0,0,0,0
080121,Avinyó,Barcelona,2021,231,181,25,25,3,1,37,190,41,0,0,15,0,16,6,0,0,0,0
080121,Avinyó,Barcelona,2022,545,240,220,85,0,1,74,470,75,0,5,20,5,41,3,0,0,0,0
080121,Avinyó,Barcelona,2023,147,17,90,40,1,0,26,120,27,0,3,5,2,16,0,0,0,0,0
080137,Avinyonet del Penedès,Barcelona,2011,6,2,2,2,0,1,3,2,4,0,0,1,0,2,0,0,0,0,0
080137,Avinyonet del Penedès,Barcelona,2012,6,2,3,1,0,0,4,2,4,0,1,3,0,0,0,0,0,0,0
080137,Avinyonet del Penedès,Barcelona,2013,8,2,1,5,5,0,3,0,8,1,0,2,0,0,0,0,0,0,0
080137,Avinyonet del Penedès,Barcelona,2014,6,3,2,1,1,0,5,0,6,2,0,1,0,2,0,0,0,0,0
080137,Avinyonet del Penedès,Barcelona,2015,10,4,2,4,2,1,7,0,10,2,0,1,0,4,0,0,0,0,0
080137,Avinyonet del Penedès,Barcelona,2016,3,0,1,2,2,0,1,0,3,0,0,0,0,1,0,0,0,0,0
080137,Avinyonet del Penedès,Barcelona,2017,3,0,1,2,2,0,0,1,2,0,0,0,0,0,0,0,0,0,0
080137,Avinyonet del Penedès,Barcelona,2018,5,2,1,2,2,0,2,1,4,1,0,1,0,0,0,0,0,0,0
080137,Avinyonet del Penedès,Barcelona,2019,13,11,1,1,0,1,12,0,13,2,0,7,2,1,0,0,0,0,0
080137,Avinyonet del Penedès,Barcelona,2020,4,0,1,3,0,1,2,1,3,0,0,1,0,1,0,0,0,0,0
080137,Avinyonet del Penedès,Barcelona,2021,5,4,0,1,1,0,1,3,2,0,0,1,0,0,0,0,0,0,0
080137,Avinyonet del Penedès,Barcelona,2022,3,1,2,0,0,0,1,2,1,0,0,0,1,0,0,0,0,0,0
080137,Avinyonet del Penedès,Barcelona,2023,3,1,1,1,0,0,3,0,3,1,0,0,0,1,1,0,0,0,0
080142,Aiguafreda,Barcelona,2011,5,1,1,3,3,0,2,0,5,0,0,1,0,0,1,0,0,0,0
080142,Aiguafreda,Barcelona,2012,2,1,0,1,1,0,1,0,2,1,0,0,0,0,0,0,0,0,0
080142,Aiguafreda,Barcelona,2013,4,1,3,0,0,0,4,0,4,2,0,0,0,2,0,0,0,0,0
080142,Aiguafreda,Barcelona,2014,2,0,1,1,0,0,2,0,2,2,0,0,0,0,0,0,0,0,0
080142,Aiguafreda,Barcelona,2015,2,1,0,1,0,1,1,0,2,1,0,0,0,0,0,0,0,0,0
080142,Aiguafreda,Barcelona,2016,2,0,1,1,1,1,0,0,2,0,0,0,0,0,0,0,0,0,0
080142,Aiguafreda,Barcelona,2017,2,1,1,0,0,0,2,0,2,0,0,0,0,2,0,0,0,0,0
080142,Aiguafreda,Barcelona,2018,4,1,2,1,0,0,4,0,4,1,0,0,0,3,0,0,0,0,0
080142,Aiguafreda,Barcelona,2019,20,10,6,4,0,1,19,0,20,1,1,2,0,13,0,2,0,0,0
080142,Aiguafreda,Barcelona,2020,3,0,0,3,0,2,1,0,3,1,0,0,0,0,0,0,0,0,0
080142,Aiguafreda,Barcelona,2021,13,13,0,0,0,0,13,0,13,0,1,6,0,6,0,0,0,0,0
080142,Aiguafreda,Barcelona,2022,4,1,2,1,1,0,3,0,4,0,0,0,0,3,0,0,0,0,0
080142,Aiguafreda,Barcelona,2023,31,25,2,4,4,0,27,0,31,2,2,11,0,12,0,0,0,0,0
080155,Badalona,Barcelona,2011,3155,1157,1092,906,774,540,1798,43,3112,91,95,177,51,916,466,2,0,0,0
080155,Badalona,Barcelona,2012,2981,1196,926,859,659,483,1824,15,2966,91,92,174,69,831,567,0,0,0,0
080155,Badalona,Barcelona,2013,2386,918,807,661,566,450,1359,11,2375,58,88,156,71,567,418,1,0,0,0
080155,Badalona,Barcelona,2014,1881,717,640,524,493,351,1037,0,1881,51,39,139,43,488,273,4,0,0,0
080155,Badalona,Barcelona,2015,1878,794,611,473,389,325,1159,5,1873,45,57,164,55,525,306,7,0,0,0
080155,Badalona,Barcelona,2016,1931,981,520,430,384,296,1241,10,1921,51,69,171,38,552,357,3,0,0,0
080155,Badalona,Barcelona,2017,2043,919,745,379,312,286,1439,6,2037,54,65,161,73,733,348,5,0,0,0
080155,Badalona,Barcelona,2018,2351,1058,834,459,324,296,1730,1,2350,56,85,235,44,873,432,5,0,0,0
080155,Badalona,Barcelona,2019,2748,1308,1003,437,321,225,2198,4,2744,69,114,331,67,1107,500,10,0,0,0
080155,Badalona,Barcelona,2020,1409,609,506,294,156,121,1014,118,1291,43,52,134,35,606,142,2,0,0,0
080155,Badalona,Barcelona,2021,1582,710,551,321,140,97,829,516,1066,26,35,100,20,522,120,6,0,0,0
080155,Badalona,Barcelona,2022,1727,1011,500,216,105,92,1377,153,1574,30,77,138,35,916,179,2,0,0,0
080155,Badalona,Barcelona,2023,2456,1163,948,345,230,162,1986,78,2378,66,49,116,54,1469,227,5,0,0,0
080168,Bagà,Barcelona,2011,2,1,0,1,1,0,1,0,2,0,0,0,0,1,0,0,0,0,0
080168,Bagà,Barcelona,2012,4,0,0,4,3,1,0,0,4,0,0,0,0,0,0,0,0,0,0
080168,Bagà,Barcelona,2013,5,0,2,3,2,0,3,0,5,1,0,0,0,2,0,0,0,0,0
080168,Bagà,Barcelona,2014,1,0,0,1,0,0,1,0,1,1,0,0,0,0,0,0,0,0,0
080168,Bagà,Barcelona,2015,1,0,0,1,0,1,0,0,1,0,0,0,0,0,0,0,0,0,0
080168,Bagà,Barcelona,2016,4,1,2,1,0,1,3,0,4,0,0,0,0,3,0,0,0,0,0
080168,Bagà,Barcelona,2017,2,0,2,0,0,0,2,0,2,0,0,0,0,2,0,0,0,0,0
080168,Bagà,Barcelona,2018,2,1,0,1,1,0,1,0,2,0,0,0,0,1,0,0,0,0,0
080168,Bagà,Barcelona,2019,2,1,0,1,1,0,1,0,2,0,0,0,0,1,0,0,0,0,0
080168,Bagà,Barcelona,2020,1,0,0,1,1,0,0,0,1,0,0,0,0,0,0,0,0,0,0
080168,Bagà,Barcelona,2021,9,8,0,1,0,0,7,2,7,0,0,1,0,5,1,0,0,0,0
080168,Bagà,Barcelona,2022,4,3,0,1,1,0,3,0,4,0,0,0,1,2,0,0,0,0,0
080168,Bagà,Barcelona,2023,18,12,3,3,3,1,14,0,18,1,0,0,0,13,0,0,0,0,0
080174,Balenyà,Barcelona,2011,10,1,3,6,3,1,6,0,10,0,0,1,0,2,3,0,0,0,0
080174,Balenyà,Barcelona,2012,9,0,1,8,4,0,5,0,9,0,0,1,0,2,2,0,0,0,0
080174,Balenyà,Barcelona,2013,7,0,2,5,2,1,4,0,7,0,0,1,0,1,2,0,0,0,0
080174,Balenyà,Barcelona,2014,5,1,0,4,1,0,4,0,5,0,0,0,1,2,1,0,0,0,0
080174,Balenyà,Barcelona,2015,7,2,2,3,2,0,5,0,7,0,0,2,1,0,2,0,0,0,0
080174,Balenyà,Barcelona,2016,10,4,5,1,1,4,5,0,10,0,0,3,0,2,0,0,0,0,0
080174,Balenyà,Barcelona,2017,6,0,3,3,1,3,2,0,6,2,0,0,0,0,0,0,0,0,0
080174,Balenyà,Barcelona,2018,9,2,3,4,2,2,5,0,9,1,0,3,1,0,0,0,0,0,0
080174,Balenyà,Barcelona,2019,8,1,5,2,2,1,5,0,8,0,0,2,0,3,0,0,0,0,0
080174,Balenyà,Barcelona,2020,3,0,3,0,0,0,3,0,3,0,0,0,0,3,0,0,0,0,0
080174,Balenyà,Barcelona,2021,7,4,0,3,0,0,4,3,4,0,0,0,0,4,0,0,0,0,0
080174,Balenyà,Barcelona,2022,6,4,0,2,0,0,6,0,6,0,0,3,0,3,0,0,0,0,0
080174,Balenyà,Barcelona,2023,15,6,5,4,0,0,12,3,12,0,2,6,0,4,0,0,0,0,0
080180,Balsareny,Barcelona,2011,6,0,2,4,3,1,2,0,6,2,0,0,0,0,0,0,0,0,0
080180,Balsareny,Barcelona,2012,6,2,1,3,2,0,4,0,6,4,0,0,0,0,0,0,0,0,0
080180,Balsareny,Barcelona,2013,4,0,2,2,1,0,3,0,4,3,0,0,0,0,0,0,0,0,0
080180,Balsareny,Barcelona,2014,2,0,2,0,0,0,2,0,2,2,0,0,0,0,0,0,0,0,0
080180,Balsareny,Barcelona,2015,0,0,0,0,0,0,0,0,0,0,0,0,0,0,0,0,0,0,0
080180,Balsareny,Barcelona,2016,4,2,1,1,0,3,1,0,4,0,0,0,0,1,0,0,0,0,0
080180,Balsareny,Barcelona,2017,3,0,0,3,0,2,1,0,3,1,0,0,0,0,0,0,0,0,0
080180,Balsareny,Barcelona,2018,2,0,0,2,1,1,0,0,2,0,0,0,0,0,0,0,0,0,0
080180,Balsareny,Barcelona,2019,0,0,0,0,0,0,0,0,0,0,0,0,0,0,0,0,0,0,0
080180,Balsareny,Barcelona,2020,0,0,0,0,0,0,0,0,0,0,0,0,0,0,0,0,0,0,0
080180,Balsareny,Barcelona,2021,0,0,0,0,0,0,0,0,0,0,0,0,0,0,0,0,0,0,0
080180,Balsareny,Barcelona,2022,1,1,0,0,0,0,1,0,1,0,1,0,0,0,0,0,0,0,0
080180,Balsareny,Barcelona,2023,2,1,0,1,0,1,1,0,2,0,0,0,0,1,0,0,0,0,0
080193,Barcelona,Barcelona,2011,31024,12426,10696,7902,4099,5514,20716,695,30329,3320,750,786,667,12900,2043,250,0,0,0
080193,Barcelona,Barcelona,2012,30266,13846,9772,6648,3619,5078,21383,186,30080,3019,810,959,655,12188,3528,224,0,0,0
080193,Barcelona,Barcelona,2013,22335,10241,7202,4892,2744,4154,15170,207,22068,2217,813,676,541,8129,2626,168,0,60,0
080193,Barcelona,Barcelona,2014,19921,9428,6301,4192,2209,3799,13758,155,19766,2140,685,653,448,7301,2326,205,0,0,0
080193,Barcelona,Barcelona,2015,23339,11700,7474,4165,2023,3849,17300,167,23172,2557,854,757,461,9618,2797,256,0,0,0
080193,Barcelona,Barcelona,2016,24090,12195,7857,4038,1953,3664,18284,189,23901,2559,946,729,406,10629,2795,220,0,0,0
080193,Barcelona,Barcelona,2017,25495,13327,8340,3828,1737,3459,20160,139,25356,2472,1083,776,426,12148,3021,234,0,0,0
080193,Barcelona,Barcelona,2018,24749,11989,8933,3827,1729,2996,19904,120,24629,2058,913,812,322,12566,3031,202,0,0,0
080193,Barcelona,Barcelona,2019,25323,12423,8792,4108,1668,2832,20697,126,25197,1743,817,1022,319,13645,2973,178,0,0,0
080193,Barcelona,Barcelona,2020,14886,7705,4595,2586,812,1525,10465,2084,12802,963,358,515,148,7105,1281,95,0,0,0
080193,Barcelona,Barcelona,2021,24402,12197,8328,3877,927,2024,10798,10653,13749,1017,317,430,140,7836,986,72,0,0,0
080193,Barcelona,Barcelona,2022,28861,14667,10186,4008,650,1948,14652,11611,17250,984,446,567,207,11040,1307,101,0,0,0
080193,Barcelona,Barcelona,2023,28991,12794,11804,4393,1056,2724,21604,3607,25384,1738,662,602,267,16494,1592,249,0,0,0
080207,Begues,Barcelona,2011,42,2,3,37,23,11,7,1,41,0,0,0,0,4,3,0,0,0,0
080207,Begues,Barcelona,2012,24,8,1,15,7,5,12,0,24,0,0,0,0,9,3,0,0,0,0
080207,Begues,Barcelona,2013,22,4,6,12,6,9,6,1,21,0,0,0,0,6,0,0,0,0,0
080207,Begues,Barcelona,2014,12,2,2,8,5,5,2,0,12,0,0,0,0,2,0,0,0,0,0
080207,Begues,Barcelona,2015,18,2,1,15,7,10,1,0,18,0,0,0,0,1,0,0,0,0,0
080207,Begues,Barcelona,2016,18,3,2,13,9,4,5,0,18,2,0,0,0,3,0,0,0,0,0
080207,Begues,Barcelona,2017,15,3,3,9,4,8,3,0,15,0,0,0,0,3,0,0,0,0,0
080207,Begues,Barcelona,2018,8,1,0,7,1,6,1,0,8,0,0,0,0,1,0,0,0,0,0
080207,Begues,Barcelona,2019,15,0,7,8,2,6,7,0,15,0,0,0,0,6,1,0,0,0,0
080207,Begues,Barcelona,2020,11,5,3,3,1,1,6,3,8,0,0,0,0,5,1,0,0,0,0
080207,Begues,Barcelona,2021,23,5,9,9,3,0,2,18,5,0,0,0,0,1,1,0,0,0,0
080207,Begues,Barcelona,2022,11,5,4,2,1,0,7,3,8,0,0,0,0,5,2,0,0,0,0
080207,Begues,Barcelona,2023,17,6,8,3,1,1,15,0,17,2,0,0,0,13,0,0,0,0,0
080229,Berga,Barcelona,2011,194,38,88,68,57,6,131,0,194,9,3,71,2,38,7,1,0,0,0
080229,Berga,Barcelona,2012,201,74,69,58,49,1,151,0,201,18,5,77,3,36,10,2,0,0,0
080229,Berga,Barcelona,2013,146,37,88,21,14,12,120,0,146,21,3,49,0,35,12,0,0,0,0
080229,Berga,Barcelona,2014,120,45,57,18,13,14,92,1,119,6,4,46,0,29,7,0,0,0,0
080229,Berga,Barcelona,2015,127,58,36,33,25,5,97,0,127,9,5,51,0,28,4,0,0,0,0
080229,Berga,Barcelona,2016,114,49,46,19,18,5,89,2,112,12,2,45,1,27,2,0,0,0,0
080229,Berga,Barcelona,2017,212,159,36,17,21,7,182,2,210,14,18,40,11,66,33,0,0,0,0
080229,Berga,Barcelona,2018,169,114,42,13,11,5,150,3,166,6,9,42,6,74,11,2,0,0,0
080229,Berga,Barcelona,2019,274,181,82,11,4,8,258,4,270,11,4,62,7,162,11,1,0,0,0
080229,Berga,Barcelona,2020,124,60,58,6,3,3,108,10,114,3,2,23,6,69,5,0,0,0,0
080229,Berga,Barcelona,2021,127,65,55,7,2,4,95,26,101,2,4,25,8,55,1,0,0,0,0
080229,Berga,Barcelona,2022,217,117,86,14,9,9,192,7,210,13,0,38,9,119,13,0,0,0,0
080229,Berga,Barcelona,2023,255,119,122,14,8,10,229,8,247,10,4,42,13,148,12,0,0,0,0
080235,Bigues i Riells,Barcelona,2011,25,2,6,17,17,6,2,0,25,0,0,0,0,2,0,0,0,0,0
080235,Bigues i Riells,Barcelona,2012,20,4,4,12,8,9,3,0,20,1,0,0,0,2,0,0,0,0,0
080235,Bigues i Riells,Barcelona,2013,20,1,5,14,7,10,3,0,20,1,0,0,0,2,0,0,0,0,0
080235,Bigues i Riells,Barcelona,2014,23,5,5,13,7,8,8,0,23,3,0,0,0,5,0,0,0,0,0
080235,Bigues i Riells,Barcelona,2015,26,3,10,13,7,8,11,0,26,3,0,0,0,7,1,0,0,0,0
080235,Bigues i Riells,Barcelona,2016,37,8,14,15,7,13,17,0,37,6,0,0,0,11,0,0,0,0,0
080235,Bigues i Riells,Barcelona,2017,22,3,8,11,2,7,13,0,22,3,0,1,0,9,0,0,0,0,0
080235,Bigues i Riells,Barcelona,2018,15,1,8,6,7,1,7,0,15,3,0,0,0,4,0,0,0,0,0
080235,Bigues i Riells,Barcelona,2019,17,3,5,9,6,5,6,0,17,2,1,1,0,2,0,0,0,0,0
080235,Bigues i Riells,Barcelona,2020,9,4,3,2,1,0,6,2,7,1,0,0,0,5,0,0,0,0,0
080235,Bigues i Riells,Barcelona,2021,5,2,2,1,0,0,3,2,3,0,0,0,0,3,0,0,0,0,0
080235,Bigues i Riells,Barcelona,2022,17,7,2,8,1,3,13,0,17,0,3,0,0,10,0,0,0,0,0
080235,Bigues i Riells,Barcelona,2023,36,16,10,10,7,7,22,0,36,2,2,7,0,11,0,0,0,0,0
080240,Borredà,Barcelona,2011,1,0,0,1,1,0,0,0,1,0,0,0,0,0,0,0,0,0,0
080240,Borredà,Barcelona,2012,3,1,0,2,2,0,1,0,3,0,0,0,0,1,0,0,0,0,0
080240,Borredà,Barcelona,2013,1,0,0,1,1,0,0,0,1,0,0,0,0,0,0,0,0,0,0
080240,Borredà,Barcelona,2014,0,0,0,0,0,0,0,0,0,0,0,0,0,0,0,0,0,0,0
080240,Borredà,Barcelona,2015,1,0,0,1,1,0,0,0,1,0,0,0,0,0,0,0,0,0,0
080240,Borredà,Barcelona,2016,3,1,1,1,1,0,2,0,3,1,0,1,0,0,0,0,0,0,0
080240,Borredà,Barcelona,2017,1,1,0,0,0,0,1,0,1,1,0,0,0,0,0,0,0,0,0
080240,Borredà,Barcelona,2018,6,5,1,0,0,0,6,0,6,0,0,4,2,0,0,0,0,0,0
080240,Borredà,Barcelona,2019,2,2,0,0,0,0,2,0,2,0,0,0,2,0,0,0,0,0,0
080240,Borredà,Barcelona,2020,1,1,0,0,0,0,1,0,1,0,0,1,0,0,0,0,0,0,0
080240,Borredà,Barcelona,2021,0,0,0,0,0,0,0,0,0,0,0,0,0,0,0,0,0,0,0
080240,Borredà,Barcelona,2022,1,1,0,0,0,0,1,0,1,0,0,0,0,1,0,0,0,0,0
080240,Borredà,Barcelona,2023,2,1,0,1,1,0,1,0,2,0,0,1,0,0,0,0,0,0,0
080253,el Bruc,Barcelona,2011,5,0,2,3,1,1,2,1,4,1,0,0,0,1,0,0,0,0,0
080253,el Bruc,Barcelona,2012,7,0,1,6,7,0,0,0,7,0,0,0,0,0,0,0,0,0,0
080253,el Bruc,Barcelona,2013,3,2,0,1,1,0,2,0,3,0,0,0,0,2,0,0,0,0,0
080253,el Bruc,Barcelona,2014,10,2,4,4,2,2,6,0,10,1,0,0,0,5,0,0,0,0,0
080253,el Bruc,Barcelona,2015,8,1,0,7,3,5,0,0,8,0,0,0,0,0,0,0,0,0,0
080253,el Bruc,Barcelona,2016,9,0,4,5,2,6,1,0,9,0,0,0,0,1,0,0,0,0,0
080253,el Bruc,Barcelona,2017,12,5,2,5,5,4,3,0,12,0,0,0,0,2,1,0,0,0,0
080253,el Bruc,Barcelona,2018,18,3,5,10,8,3,7,0,18,0,0,2,0,3,2,0,0,0,0
080253,el Bruc,Barcelona,2019,16,0,6,10,6,5,5,0,16,0,0,1,0,4,0,0,0,0,0
080253,el Bruc,Barcelona,2020,1,0,0,1,0,1,0,0,1,0,0,0,0,0,0,0,0,0,0
080253,el Bruc,Barcelona,2021,8,4,2,2,0,0,3,5,3,0,0,0,0,3,0,0,0,0,0
080253,el Bruc,Barcelona,2022,22,1,13,8,1,4,10,7,15,0,3,0,0,7,0,0,0,0,0
080253,el Bruc,Barcelona,2023,33,0,12,21,8,7,9,9,24,0,1,0,0,8,0,0,0,0,0
080272,Les Cabanyes,Barcelona,2011,6,1,3,2,1,1,4,0,6,0,0,3,0,1,0,0,0,0,0
080272,Les Cabanyes,Barcelona,2012,4,1,2,1,0,0,4,0,4,0,0,4,0,0,0,0,0,0,0
080272,Les Cabanyes,Barcelona,2013,2,1,0,1,0,0,2,0,2,0,0,2,0,0,0,0,0,0,0
080272,Les Cabanyes,Barcelona,2014,0,0,0,0,0,0,0,0,0,0,0,0,0,0,0,0,0,0,0
080272,Les Cabanyes,Barcelona,2015,6,2,2,2,0,4,2,0,6,0,0,2,0,0,0,0,0,0,0
080272,Les Cabanyes,Barcelona,2016,3,0,2,1,0,2,1,0,3,0,0,1,0,0,0,0,0,0,0
080272,Les Cabanyes,Barcelona,2017,1,0,0,1,0,1,0,0,1,0,0,0,0,0,0,0,0,0,0
080272,Les Cabanyes,Barcelona,2018,5,1,0,4,4,0,1,0,5,0,0,1,0,0,0,0,0,0,0
080272,Les Cabanyes,Barcelona,2019,2,0,0,2,2,0,0,0,2,0,0,0,0,0,0,0,0,0,0
080272,Les Cabanyes,Barcelona,2020,0,0,0,0,0,0,0,0,0,0,0,0,0,0,0,0,0,0,0
080272,Les Cabanyes,Barcelona,2021,3,0,0,3,3,0,0,0,3,0,0,0,0,0,0,0,0,0,0
080272,Les Cabanyes,Barcelona,2022,2,1,0,1,1,0,1,0,2,1,0,0,0,0,0,0,0,0,0
080272,Les Cabanyes,Barcelona,2023,2,0,1,1,0,0,2,0,2,1,0,0,0,1,0,0,0,0,0
080288,Cabrera d'Anoia,Barcelona,2011,3,0,1,2,1,0,2,0,3,0,0,0,0,2,0,0,0,0,0
080288,Cabrera d'Anoia,Barcelona,2012,21,0,1,20,11,3,7,0,21,2,0,0,0,4,0,1,0,0,0
080288,Cabrera d'Anoia,Barcelona,2013,0,0,0,0,0,0,0,0,0,0,0,0,0,0,0,0,0,0,0
080288,Cabrera d'Anoia,Barcelona,2014,0,0,0,0,0,0,0,0,0,0,0,0,0,0,0,0,0,0,0
080288,Cabrera d'Anoia,Barcelona,2015,1,0,0,1,1,0,0,0,1,0,0,0,0,0,0,0,0,0,0
080288,Cabrera d'Anoia,Barcelona,2016,7,0,0,7,4,1,2,0,7,0,2,0,0,0,0,0,0,0,0
080288,Cabrera d'Anoia,Barcelona,2017,4,2,0,2,1,1,2,0,4,1,1,0,0,0,0,0,0,0,0
080288,Cabrera d'Anoia,Barcelona,2018,11,1,4,6,3,2,6,0,11,1,0,1,0,4,0,0,0,0,0
080288,Cabrera d'Anoia,Barcelona,2019,6,1,1,4,0,1,5,0,6,1,0,0,0,4,0,0,0,0,0
080288,Cabrera d'Anoia,Barcelona,2020,7,1,0,6,0,0,7,0,7,0,0,0,0,7,0,0,0,0,0
080288,Cabrera d'Anoia,Barcelona,2021,7,0,1,6,1,1,5,0,7,0,0,0,0,5,0,0,0,0,0
080288,Cabrera d'Anoia,Barcelona,2022,6,0,0,6,1,1,4,0,6,0,1,0,0,3,0,0,0,0,0
080288,Cabrera d'Anoia,Barcelona,2023,7,2,1,4,1,0,6,0,7,0,2,0,0,4,0,0,0,0,0
080291,Cabrera de Mar,Barcelona,2011,17,3,6,8,5,5,6,1,16,0,1,1,0,4,0,0,0,0,0
080291,Cabrera de Mar,Barcelona,2012,17,3,6,8,5,1,10,1,16,1,0,1,0,7,1,0,0,0,0
080291,Cabrera de Mar,Barcelona,2013,10,3,0,7,3,1,6,0,10,0,0,0,0,6,0,0,0,0,0
080291,Cabrera de Mar,Barcelona,2014,9,3,2,4,3,1,5,0,9,0,0,0,0,5,0,0,0,0,0
080291,Cabrera de Mar,Barcelona,2015,8,1,3,4,3,5,0,0,8,0,0,0,0,0,0,0,0,0,0
080291,Cabrera de Mar,Barcelona,2016,7,1,3,3,2,3,2,0,7,0,0,0,0,2,0,0,0,0,0
080291,Cabrera de Mar,Barcelona,2017,8,2,3,3,2,1,5,0,8,0,0,1,0,4,0,0,0,0,0
080291,Cabrera de Mar,Barcelona,2018,8,0,4,4,6,0,2,0,8,0,0,0,0,2,0,0,0,0,0
080291,Cabrera de Mar,Barcelona,2019,10,2,3,5,6,0,4,0,10,0,1,0,1,2,0,0,0,0,0
080291,Cabrera de Mar,Barcelona,2020,11,2,1,8,5,0,4,2,9,0,0,0,0,4,0,0,0,0,0
080291,Cabrera de Mar,Barcelona,2021,9,1,0,8,4,0,4,1,8,0,0,0,0,4,0,0,0,0,0
080291,Cabrera de Mar,Barcelona,2022,5,0,0,5,3,0,2,0,5,0,0,0,0,2,0,0,0,0,0
080291,Cabrera de Mar,Barcelona,2023,6,1,1,4,1,3,2,0,6,0,0,0,0,2,0,0,0,0,0
080305,Cabrils,Barcelona,2011,11,0,3,8,6,1,4,0,11,1,0,0,0,3,0,0,0,0,0
080305,Cabrils,Barcelona,2012,13,3,3,7,5,2,6,0,13,2,1,0,0,3,0,0,0,0,0
080305,Cabrils,Barcelona,2013,20,2,6,12,8,7,5,0,20,1,1,0,0,3,0,0,0,0,0
080305,Cabrils,Barcelona,2014,17,1,3,13,4,12,1,0,17,0,0,0,0,1,0,0,0,0,0
080305,Cabrils,Barcelona,2015,18,3,6,9,5,9,4,0,18,1,1,0,0,2,0,0,0,0,0
080305,Cabrils,Barcelona,2016,13,3,7,3,1,2,10,0,13,0,0,0,1,9,0,0,0,0,0
080305,Cabrils,Barcelona,2017,21,2,7,12,6,5,10,0,21,0,0,0,0,6,0,4,0,0,0
080305,Cabrils,Barcelona,2018,26,7,9,10,4,2,20,0,26,1,0,0,0,19,0,0,0,0,0
080305,Cabrils,Barcelona,2019,30,5,13,12,6,0,24,0,30,3,0,1,0,20,0,0,0,0,0
080305,Cabrils,Barcelona,2020,12,1,3,8,5,0,6,1,11,2,0,1,0,2,1,0,0,0,0
080305,Cabrils,Barcelona,2021,13,3,5,5,1,1,6,5,8,1,0,0,0,5,0,0,0,0,0
080305,Cabrils,Barcelona,2022,15,8,4,3,1,2,12,0,15,0,0,0,0,12,0,0,0,0,0
080305,Cabrils,Barcelona,2023,18,6,8,4,3,1,14,0,18,0,0,0,0,13,0,1,0,0,0
080312,Calaf,Barcelona,2011,73,31,26,16,16,8,46,3,70,5,1,24,11,5,0,0,0,0,0
080312,Calaf,Barcelona,2012,57,16,22,19,18,1,37,1,56,3,1,24,8,1,0,0,0,0,0
080312,Calaf,Barcelona,2013,18,9,0,9,9,1,8,0,18,1,0,7,0,0,0,0,0,0,0
080312,Calaf,Barcelona,2014,7,0,1,6,6,0,1,0,7,0,0,0,0,1,0,0,0,0,0
080312,Calaf,Barcelona,2015,0,0,0,0,0,0,0,0,0,0,0,0,0,0,0,0,0,0,0
080312,Calaf,Barcelona,2016,10,1,1,8,4,1,5,0,10,2,0,1,1,1,0,0,0,0,0
080312,Calaf,Barcelona,2017,13,12,1,0,0,0,13,0,13,1,1,10,0,1,0,0,0,0,0
080312,Calaf,Barcelona,2018,10,0,10,0,0,0,10,0,10,0,1,7,0,2,0,0,0,0,0
080312,Calaf,Barcelona,2019,19,0,19,0,0,0,19,0,19,0,2,15,1,1,0,0,0,0,0
080312,Calaf,Barcelona,2020,25,25,0,0,0,0,24,1,24,1,0,19,3,1,0,0,0,0,0
080312,Calaf,Barcelona,2021,8,8,0,0,0,0,7,1,7,0,0,5,1,1,0,0,0,0,0
080312,Calaf,Barcelona,2022,15,5,8,2,2,0,13,0,15,1,0,10,1,1,0,0,0,0,0
080312,Calaf,Barcelona,2023,4,0,4,0,0,0,4,0,4,3,0,1,0,0,0,0,0,0,0
080327,Caldes d'Estrac,Barcelona,2011,33,13,11,9,4,2,26,1,32,3,0,0,0,23,0,0,0,0,0
080327,Caldes d'Estrac,Barcelona,2012,12,3,0,9,3,2,7,0,12,1,0,1,0,5,0,0,0,0,0
080327,Caldes d'Estrac,Barcelona,2013,16,2,2,12,1,7,8,0,16,2,0,0,0,6,0,0,0,0,0
080327,Caldes d'Estrac,Barcelona,2014,9,3,1,5,5,2,2,0,9,0,0,0,0,2,0,0,0,0,0
080327,Caldes d'Estrac,Barcelona,2015,8,3,1,4,4,0,4,0,8,0,0,1,0,3,0,0,0,0,0
080327,Caldes d'Estrac,Barcelona,2016,9,3,3,3,2,1,6,0,9,0,0,0,0,6,0,0,0,0,0
080327,Caldes d'Estrac,Barcelona,2017,16,5,5,6,2,5,9,0,16,0,0,1,0,8,0,0,0,0,0
080327,Caldes d'Estrac,Barcelona,2018,14,0,2,12,7,6,1,0,14,0,0,0,0,1,0,0,0,0,0
080327,Caldes d'Estrac,Barcelona,2019,24,14,0,10,8,2,14,0,24,0,0,5,4,5,0,0,0,0,0
080327,Caldes d'Estrac,Barcelona,2020,16,9,4,3,0,3,9,4,12,0,0,0,0,9,0,0,0,0,0
080327,Caldes d'Estrac,Barcelona,2021,18,8,8,2,0,2,3,13,5,1,0,1,0,1,0,0,0,0,0
080327,Caldes d'Estrac,Barcelona,2022,7,4,2,1,0,1,4,2,5,1,0,0,0,3,0,0,0,0,0
080327,Caldes d'Estrac,Barcelona,2023,11,3,5,3,0,6,5,0,11,4,0,0,0,1,0,0,0,0,0
080333,Caldes de Montbui,Barcelona,2011,228,48,96,84,61,36,131,0,228,18,4,13,9,76,10,1,0,0,0
080333,Caldes de Montbui,Barcelona,2012,203,8,84,111,71,33,97,2,201,11,3,9,8,60,6,0,0,0,0
080333,Caldes de Montbui,Barcelona,2013,190,44,69,77,50,30,110,0,190,14,5,8,12,62,9,0,0,0,0
080333,Caldes de Montbui,Barcelona,2014,140,11,37,92,50,28,62,0,140,14,5,1,3,36,2,1,0,0,0
080333,Caldes de Montbui,Barcelona,2015,154,17,45,92,58,28,68,0,154,13,7,9,1,35,3,0,0,0,0
080333,Caldes de Montbui,Barcelona,2016,177,39,48,90,60,32,85,0,177,8,9,2,4,54,8,0,0,0,0
080333,Caldes de Montbui,Barcelona,2017,142,14,48,80,58,23,61,0,142,3,2,0,4,50,2,0,0,0,0
080333,Caldes de Montbui,Barcelona,2018,127,33,42,52,23,19,84,1,126,3,6,1,1,63,10,0,0,0,0
080333,Caldes de Montbui,Barcelona,2019,233,74,85,74,38,34,158,3,230,12,8,6,13,101,18,0,0,0,0
080333,Caldes de Montbui,Barcelona,2020,139,35,68,36,22,21,92,4,135,10,4,3,8,63,4,0,0,0,0
080333,Caldes de Montbui,Barcelona,2021,119,45,55,19,4,12,82,21,98,6,3,5,2,65,1,0,0,0,0
080333,Caldes de Montbui,Barcelona,2022,126,63,41,22,9,9,95,13,113,2,4,8,0,74,7,0,0,0,0
080333,Caldes de Montbui,Barcelona,2023,161,55,82,24,18,11,130,2,159,7,6,0,0,114,3,0,0,0,0
080348,Calders,Barcelona,2011,9,3,6,0,0,0,9,0,9,0,0,0,0,8,1,0,0,0,0
080348,Calders,Barcelona,2012,2,0,2,0,0,0,2,0,2,0,0,0,0,2,0,0,0,0,0
080348,Calders,Barcelona,2013,2,0,2,0,0,2,0,0,2,0,0,0,0,0,0,0,0,0,0
080348,Calders,Barcelona,2014,2,0,0,2,1,1,0,0,2,0,0,0,0,0,0,0,0,0,0
080348,Calders,Barcelona,2015,1,1,0,0,0,1,0,0,1,0,0,0,0,0,0,0,0,0,0
080348,Calders,Barcelona,2016,0,0,0,0,0,0,0,0,0,0,0,0,0,0,0,0,0,0,0
080348,Calders,Barcelona,2017,2,0,1,1,1,0,1,0,2,0,0,0,1,0,0,0,0,0,0
080348,Calders,Barcelona,2018,3,0,1,2,1,0,2,0,3,0,0,0,2,0,0,0,0,0,0
080348,Calders,Barcelona,2019,5,0,0,5,3,0,2,0,5,0,0,0,2,0,0,0,0,0,0
080348,Calders,Barcelona,2020,0,0,0,0,0,0,0,0,0,0,0,0,0,0,0,0,0,0,0
080348,Calders,Barcelona,2021,0,0,0,0,0,0,0,0,0,0,0,0,0,0,0,0,0,0,0
080348,Calders,Barcelona,2022,1,0,0,1,0,0,1,0,1,0,0,0,1,0,0,0,0,0,0
080348,Calders,Barcelona,2023,3,0,1,2,0,0,3,0,3,2,0,0,0,1,0,0,0,0,0
080351,Calella,Barcelona,2011,125,44,59,22,12,17,95,1,124,12,11,7,4,59,2,0,0,0,0
080351,Calella,Barcelona,2012,102,30,45,27,14,16,70,2,100,8,9,6,3,42,2,0,0,0,0
080351,Calella,Barcelona,2013,135,37,51,47,31,16,86,2,133,7,14,7,5,46,7,0,0,0,0
080351,Calella,Barcelona,2014,136,42,43,51,32,25,79,0,136,16,11,13,2,34,3,0,0,0,0
080351,Calella,Barcelona,2015,108,5,58,45,22,21,65,0,108,12,17,4,2,25,5,0,0,0,0
080351,Calella,Barcelona,2016,92,21,27,44,18,13,61,0,92,6,12,9,1,32,1,0,0,0,0
080351,Calella,Barcelona,2017,86,1,51,34,19,8,59,0,86,7,13,10,0,29,0,0,0,0,0
080351,Calella,Barcelona,2018,43,23,11,9,5,2,36,0,43,5,6,0,1,22,2,0,0,0,0
080351,Calella,Barcelona,2019,136,47,51,38,23,8,105,0,136,7,6,7,3,74,8,0,0,0,0
080351,Calella,Barcelona,2020,105,15,54,36,25,6,69,5,100,4,9,4,0,49,3,0,0,0,0
080351,Calella,Barcelona,2021,111,22,72,17,9,13,63,26,85,9,6,5,0,41,2,0,0,0,0
080351,Calella,Barcelona,2022,136,41,44,51,20,13,96,7,129,14,19,6,5,48,4,0,0,0,0
080351,Calella,Barcelona,2023,245,109,65,71,26,14,194,11,234,19,30,12,3,125,5,0,0,0,0
080364,Calonge de Segarra,Barcelona,2011,1,0,1,0,0,0,1,0,1,0,0,0,1,0,0,0,0,0,0
080364,Calonge de Segarra,Barcelona,2012,1,0,0,1,1,0,0,0,1,0,0,0,0,0,0,0,0,0,0
080364,Calonge de Segarra,Barcelona,2013,0,0,0,0,0,0,0,0,0,0,0,0,0,0,0,0,0,0,0
080364,Calonge de Segarra,Barcelona,2014,1,0,0,1,1,0,0,0,1,0,0,0,0,0,0,0,0,0,0
080364,Calonge de Segarra,Barcelona,2015,0,0,0,0,0,0,0,0,0,0,0,0,0,0,0,0,0,0,0
080364,Calonge de Segarra,Barcelona,2016,3,0,0,3,2,0,1,0,3,1,0,0,0,0,0,0,0,0,0
080364,Calonge de Segarra,Barcelona,2017,0,0,0,0,0,0,0,0,0,0,0,0,0,0,0,0,0,0,0
080364,Calonge de Segarra,Barcelona,2018,0,0,0,0,0,0,0,0,0,0,0,0,0,0,0,0,0,0,0
080364,Calonge de Segarra,Barcelona,2019,0,0,0,0,0,0,0,0,0,0,0,0,0,0,0,0,0,0,0
080364,Calonge de Segarra,Barcelona,2020,0,0,0,0,0,0,0,0,0,0,0,0,0,0,0,0,0,0,0
080364,Calonge de Segarra,Barcelona,2021,3,0,0,3,0,0,0,3,0,0,0,0,0,0,0,0,0,0,0
080364,Calonge de Segarra,Barcelona,2022,9,5,3,1,0,0,2,7,2,0,0,0,0,2,0,0,0,0,0
080364,Calonge de Segarra,Barcelona,2023,7,2,2,3,1,0,4,2,5,0,0,0,0,4,0,0,0,0,0
080370,Calldetenes,Barcelona,2011,8,0,3,5,5,0,3,0,8,0,0,0,1,2,0,0,0,0,0
080370,Calldetenes,Barcelona,2012,13,2,6,5,4,0,9,0,13,0,0,1,0,8,0,0,0,0,0
080370,Calldetenes,Barcelona,2013,13,2,7,4,4,3,6,0,13,1,0,2,0,3,0,0,0,0,0
080370,Calldetenes,Barcelona,2014,8,1,4,3,3,0,5,0,8,2,0,0,0,3,0,0,0,0,0
080370,Calldetenes,Barcelona,2015,9,3,3,3,2,2,5,0,9,2,0,0,1,2,0,0,0,0,0
080370,Calldetenes,Barcelona,2016,9,4,2,3,1,1,7,0,9,1,0,4,1,1,0,0,0,0,0
080370,Calldetenes,Barcelona,2017,2,2,0,0,0,1,1,0,2,0,0,1,0,0,0,0,0,0,0
080370,Calldetenes,Barcelona,2018,2,1,0,1,1,0,1,0,2,0,0,1,0,0,0,0,0,0,0
080370,Calldetenes,Barcelona,2019,10,4,3,3,3,0,7,0,10,0,0,4,0,2,1,0,0,0,0
080370,Calldetenes,Barcelona,2020,1,1,0,0,0,0,1,0,1,0,0,1,0,0,0,0,0,0,0
080370,Calldetenes,Barcelona,2021,0,0,0,0,0,0,0,0,0,0,0,0,0,0,0,0,0,0,0
080370,Calldetenes,Barcelona,2022,2,2,0,0,0,0,2,0,2,0,0,2,0,0,0,0,0,0,0
080370,Calldetenes,Barcelona,2023,10,4,5,1,1,2,7,0,10,0,0,6,0,1,0,0,0,0,0
080386,Callús,Barcelona,2011,8,1,0,7,5,2,1,0,8,0,0,0,0,1,0,0,0,0,0
080386,Callús,Barcelona,2012,2,0,1,1,0,1,1,0,2,0,0,0,0,1,0,0,0,0,0
080386,Callús,Barcelona,2013,4,1,1,2,1,0,3,0,4,0,0,0,0,2,1,0,0,0,0
080386,Callús,Barcelona,2014,9,2,0,7,5,0,4,0,9,0,0,1,0,2,1,0,0,0,0
080386,Callús,Barcelona,2015,7,1,1,5,3,2,2,0,7,0,0,0,0,2,0,0,0,0,0
080386,Callús,Barcelona,2016,13,2,6,5,3,3,7,0,13,0,2,2,0,3,0,0,0,0,0
080386,Callús,Barcelona,2017,6,0,3,3,2,1,3,0,6,0,2,0,0,1,0,0,0,0,0
080386,Callús,Barcelona,2018,3,0,1,2,1,1,1,0,3,0,1,0,0,0,0,0,0,0,0
080386,Callús,Barcelona,2019,1,0,0,1,1,0,0,0,1,0,0,0,0,0,0,0,0,0,0
080386,Callús,Barcelona,2020,1,1,0,0,0,0,1,0,1,0,0,1,0,0,0,0,0,0,0
080386,Callús,Barcelona,2021,15,7,2,6,1,0,3,11,4,0,0,0,0,3,0,0,0,0,0
080386,Callús,Barcelona,2022,12,6,1,5,0,0,0,12,0,0,0,0,0,0,0,0,0,0,0
080386,Callús,Barcelona,2023,10,3,0,7,2,0,3,5,5,0,0,0,0,3,0,0,0,0,0
080399,Campins,Barcelona,2011,10,0,5,5,5,0,5,0,10,2,0,0,0,2,1,0,0,0,0
080399,Campins,Barcelona,2012,7,0,3,4,3,1,3,0,7,2,0,0,0,1,0,0,0,0,0
080399,Campins,Barcelona,2013,8,4,3,1,0,2,6,0,8,1,0,0,0,5,0,0,0,0,0
080399,Campins,Barcelona,2014,8,0,4,4,2,4,2,0,8,0,0,0,0,2,0,0,0,0,0
080399,Campins,Barcelona,2015,7,0,0,7,3,4,0,0,7,0,0,0,0,0,0,0,0,0,0
080399,Campins,Barcelona,2016,5,0,0,5,3,1,1,0,5,1,0,0,0,0,0,0,0,0,0
080399,Campins,Barcelona,2017,8,0,4,4,1,2,5,0,8,3,0,0,0,2,0,0,0,0,0
080399,Campins,Barcelona,2018,4,1,3,0,0,0,4,0,4,1,0,0,0,3,0,0,0,0,0
080399,Campins,Barcelona,2019,2,1,0,1,0,1,1,0,2,1,0,0,0,0,0,0,0,0,0
080399,Campins,Barcelona,2020,3,2,1,0,0,0,1,2,1,1,0,0,0,0,0,0,0,0,0
080399,Campins,Barcelona,2021,3,0,3,0,0,0,0,3,0,0,0,0,0,0,0,0,0,0,0
080399,Campins,Barcelona,2022,1,0,0,1,0,0,1,0,1,1,0,0,0,0,0,0,0,0,0
080399,Campins,Barcelona,2023,11,5,2,4,2,0,9,0,11,1,0,2,3,3,0,0,0,0,0
080403,Canet de Mar,Barcelona,2011,24,0,10,14,11,4,9,0,24,0,0,0,0,8,1,0,0,0,0
080403,Canet de Mar,Barcelona,2012,15,3,8,4,3,0,12,0,15,0,0,2,0,9,1,0,0,0,0
080403,Canet de Mar,Barcelona,2013,20,0,2,18,13,3,4,0,20,0,0,0,0,4,0,0,0,0,0
080403,Canet de Mar,Barcelona,2014,27,4,1,22,18,4,5,0,27,0,0,0,0,4,1,0,0,0,0
080403,Canet de Mar,Barcelona,2015,22,3,4,15,14,0,8,0,22,2,0,1,0,4,1,0,0,0,0
080403,Canet de Mar,Barcelona,2016,21,4,4,13,11,2,8,0,21,2,0,0,0,5,0,1,0,0,0
080403,Canet de Mar,Barcelona,2017,34,5,13,16,8,2,22,2,32,10,0,1,1,9,0,1,0,0,0
080403,Canet de Mar,Barcelona,2018,39,7,16,16,8,3,28,0,39,8,4,0,0,12,2,2,0,0,0
080403,Canet de Mar,Barcelona,2019,70,54,4,12,6,0,64,0,70,3,1,51,0,7,2,0,0,0,0
080403,Canet de Mar,Barcelona,2020,21,3,8,10,6,1,13,1,20,4,0,3,0,6,0,0,0,0,0
080403,Canet de Mar,Barcelona,2021,22,2,8,12,6,0,11,5,17,3,0,5,1,2,0,0,0,0,0
080403,Canet de Mar,Barcelona,2022,24,8,6,10,4,1,18,1,23,1,0,7,3,7,0,0,0,0,0
080403,Canet de Mar,Barcelona,2023,50,17,11,22,12,5,31,2,48,0,2,3,2,22,1,1,0,0,0
080410,Canovelles,Barcelona,2011,304,149,121,34,29,36,227,12,292,3,3,85,55,81,0,0,0,0,0
080410,Canovelles,Barcelona,2012,231,62,134,35,48,34,146,3,228,6,2,54,38,46,0,0,0,0,0
080410,Canovelles,Barcelona,2013,174,36,101,37,45,32,96,1,173,3,6,42,15,30,0,0,0,0,0
080410,Canovelles,Barcelona,2014,159,41,76,42,27,28,102,2,157,3,2,33,22,40,2,0,0,0,0
080410,Canovelles,Barcelona,2015,123,39,52,32,21,21,80,1,122,3,4,32,13,26,1,1,0,0,0
080410,Canovelles,Barcelona,2016,119,20,75,24,20,16,83,0,119,1,0,28,10,36,7,1,0,0,0
080410,Canovelles,Barcelona,2017,94,40,30,24,21,8,65,0,94,2,1,18,7,36,1,0,0,0,0
080410,Canovelles,Barcelona,2018,96,36,40,20,9,10,76,1,95,4,3,19,17,33,0,0,0,0,0
080410,Canovelles,Barcelona,2019,201,121,53,27,8,16,176,1,200,9,2,60,45,55,5,0,0,0,0
080410,Canovelles,Barcelona,2020,98,51,37,10,6,7,73,12,86,1,0,33,13,26,0,0,0,0,0
080410,Canovelles,Barcelona,2021,59,34,15,10,1,5,42,11,48,0,0,14,6,22,0,0,0,0,0
080410,Canovelles,Barcelona,2022,96,72,16,8,4,3,87,2,94,4,0,29,14,40,0,0,0,0,0
080410,Canovelles,Barcelona,2023,172,108,52,12,10,14,142,6,166,3,0,49,21,68,1,0,0,0,0
080425,Cànoves i Samalús,Barcelona,2011,12,1,3,8,5,3,4,0,12,3,0,1,0,0,0,0,0,0,0
080425,Cànoves i Samalús,Barcelona,2012,11,1,3,7,4,4,3,0,11,2,0,1,0,0,0,0,0,0,0
080425,Cànoves i Samalús,Barcelona,2013,11,4,3,4,3,1,7,0,11,2,0,0,0,5,0,0,0,0,0
080425,Cànoves i Samalús,Barcelona,2014,19,1,9,9,7,4,8,0,19,0,0,0,1,7,0,0,0,0,0
080425,Cànoves i Samalús,Barcelona,2015,17,5,6,6,6,3,8,0,17,0,3,0,2,3,0,0,0,0,0
080425,Cànoves i Samalús,Barcelona,2016,15,3,10,2,3,1,11,0,15,2,7,0,0,2,0,0,0,0,0
080425,Cànoves i Samalús,Barcelona,2017,7,0,5,2,1,1,5,0,7,2,1,0,0,2,0,0,0,0,0
080425,Cànoves i Samalús,Barcelona,2018,13,2,7,4,3,2,7,1,12,4,0,0,0,3,0,0,0,0,0
080425,Cànoves i Samalús,Barcelona,2019,20,9,6,5,1,1,18,0,20,4,0,0,2,12,0,0,0,0,0
080425,Cànoves i Samalús,Barcelona,2020,14,2,7,5,5,3,6,0,14,0,1,0,0,5,0,0,0,0,0
080425,Cànoves i Samalús,Barcelona,2021,15,1,9,5,1,4,7,3,12,0,3,0,0,4,0,0,0,0,0
080425,Cànoves i Samalús,Barcelona,2022,49,43,2,4,1,3,45,0,49,4,21,1,1,15,3,0,0,0,0
080425,Cànoves i Samalús,Barcelona,2023,77,30,37,10,9,5,63,0,77,5,12,1,3,39,3,0,0,0,0
080431,Canyelles,Barcelona,2011,28,8,8,12,9,6,11,2,26,1,0,0,0,8,2,0,0,0,0
080431,Canyelles,Barcelona,2012,21,4,11,6,4,10,7,0,21,2,0,0,0,3,2,0,0,0,0
080431,Canyelles,Barcelona,2013,15,1,5,9,5,3,7,0,15,1,1,0,0,4,1,0,0,0,0
080431,Canyelles,Barcelona,2014,10,0,4,6,3,2,5,0,10,2,1,0,0,2,0,0,0,0,0
080431,Canyelles,Barcelona,2015,14,1,4,9,5,3,3,3,11,1,0,0,0,2,0,0,0,0,0
080431,Canyelles,Barcelona,2016,10,1,0,9,5,2,2,1,9,1,0,0,0,1,0,0,0,0,0
080431,Canyelles,Barcelona,2017,13,2,3,8,8,2,3,0,13,0,0,0,0,3,0,0,0,0,0
080431,Canyelles,Barcelona,2018,12,0,5,7,5,3,4,0,12,1,0,0,0,3,0,0,0,0,0
080431,Canyelles,Barcelona,2019,12,1,4,7,4,1,7,0,12,3,1,0,0,3,0,0,0,0,0
080431,Canyelles,Barcelona,2020,12,4,4,4,3,0,7,2,10,0,1,2,0,4,0,0,0,0,0
080431,Canyelles,Barcelona,2021,14,2,5,7,9,0,3,2,12,0,0,0,0,3,0,0,0,0,0
080431,Canyelles,Barcelona,2022,11,3,3,5,6,0,5,0,11,0,2,0,0,3,0,0,0,0,0
080431,Canyelles,Barcelona,2023,17,3,7,7,8,0,9,0,17,2,1,1,0,5,0,0,0,0,0
080446,Capellades,Barcelona,2011,13,3,2,8,3,3,5,2,11,0,0,0,0,5,0,0,0,0,0
080446,Capellades,Barcelona,2012,14,0,6,8,1,6,6,1,13,0,2,0,0,4,0,0,0,0,0
080446,Capellades,Barcelona,2013,13,2,2,9,4,6,3,0,13,0,0,0,0,3,0,0,0,0,0
080446,Capellades,Barcelona,2014,7,1,2,4,2,4,1,0,7,0,0,0,0,1,0,0,0,0,0
080446,Capellades,Barcelona,2015,9,0,4,5,5,2,2,0,9,1,0,0,0,0,0,1,0,0,0
080446,Capellades,Barcelona,2016,9,3,2,4,2,3,4,0,9,0,0,2,1,0,0,1,0,0,0
080446,Capellades,Barcelona,2017,9,1,4,4,0,4,5,0,9,0,0,1,0,3,0,1,0,0,0
080446,Capellades,Barcelona,2018,3,1,1,1,1,0,2,0,3,0,0,0,0,2,0,0,0,0,0
080446,Capellades,Barcelona,2019,26,23,1,2,2,0,24,0,26,0,0,7,0,13,4,0,0,0,0
080446,Capellades,Barcelona,2020,15,1,12,2,2,0,12,1,14,0,0,3,0,8,1,0,0,0,0
080446,Capellades,Barcelona,2021,3,2,1,0,0,0,3,0,3,0,0,2,0,1,0,0,0,0,0
080446,Capellades,Barcelona,2022,23,19,3,1,2,1,20,0,23,0,0,3,0,17,0,0,0,0,0
080446,Capellades,Barcelona,2023,38,16,19,3,1,0,37,0,38,0,0,3,0,30,4,0,0,0,0
080459,Capolat,Barcelona,2011,1,0,0,1,1,0,0,0,1,0,0,0,0,0,0,0,0,0,0
080459,Capolat,Barcelona,2012,0,0,0,0,0,0,0,0,0,0,0,0,0,0,0,0,0,0,0
080459,Capolat,Barcelona,2013,0,0,0,0,0,0,0,0,0,0,0,0,0,0,0,0,0,0,0
080459,Capolat,Barcelona,2014,0,0,0,0,0,0,0,0,0,0,0,0,0,0,0,0,0,0,0
080459,Capolat,Barcelona,2015,0,0,0,0,0,0,0,0,0,0,0,0,0,0,0,0,0,0,0
080459,Capolat,Barcelona,2016,0,0,0,0,0,0,0,0,0,0,0,0,0,0,0,0,0,0,0
080459,Capolat,Barcelona,2017,0,0,0,0,0,0,0,0,0,0,0,0,0,0,0,0,0,0,0
080459,Capolat,Barcelona,2018,0,0,0,0,0,0,0,0,0,0,0,0,0,0,0,0,0,0,0
080459,Capolat,Barcelona,2019,0,0,0,0,0,0,0,0,0,0,0,0,0,0,0,0,0,0,0
080459,Capolat,Barcelona,2020,0,0,0,0,0,0,0,0,0,0,0,0,0,0,0,0,0,0,0
080459,Capolat,Barcelona,2021,0,0,0,0,0,0,0,0,0,0,0,0,0,0,0,0,0,0,0
080462,Cardedeu,Barcelona,2011,232,35,81,116,71,51,108,2,230,16,7,17,7,60,0,1,0,0,0
080462,Cardedeu,Barcelona,2012,206,24,101,81,42,49,114,1,205,14,6,22,4,68,0,0,0,0,0
080462,Cardedeu,Barcelona,2013,164,25,63,76,39,46,79,0,164,7,5,12,0,52,3,0,0,0,0
080462,Cardedeu,Barcelona,2014,169,28,60,81,40,36,93,0,169,11,5,14,3,56,4,0,0,0,0
080462,Cardedeu,Barcelona,2015,163,35,56,72,42,36,85,0,163,16,7,16,2,34,10,0,0,0,0
080462,Cardedeu,Barcelona,2016,184,16,97,71,44,36,104,0,184,15,4,31,7,40,6,1,0,0,0
080462,Cardedeu,Barcelona,2017,177,29,65,83,54,34,89,0,177,11,8,23,1,39,4,3,0,0,0
080462,Cardedeu,Barcelona,2018,143,36,44,63,32,24,87,0,143,12,6,23,0,37,6,3,0,0,0
080462,Cardedeu,Barcelona,2019,202,47,81,74,37,25,140,0,202,20,2,36,0,70,9,3,0,0,0
080462,Cardedeu,Barcelona,2020,126,32,59,35,12,15,93,6,120,23,4,16,2,46,1,1,0,0,0
080462,Cardedeu,Barcelona,2021,85,24,35,26,5,9,50,21,64,9,1,14,1,21,3,1,0,0,0
080462,Cardedeu,Barcelona,2022,165,72,63,30,14,18,130,3,162,8,4,25,0,87,6,0,0,0,0
080462,Cardedeu,Barcelona,2023,158,53,78,27,21,18,117,2,156,2,7,12,2,89,4,1,0,0,0
080478,Cardona,Barcelona,2011,3,0,0,3,3,0,0,0,3,0,0,0,0,0,0,0,0,0,0
080478,Cardona,Barcelona,2012,1,0,1,0,0,0,1,0,1,0,0,1,0,0,0,0,0,0,0
080478,Cardona,Barcelona,2013,1,0,1,0,0,0,1,0,1,1,0,0,0,0,0,0,0,0,0
080478,Cardona,Barcelona,2014,2,0,0,2,0,0,2,0,2,2,0,0,0,0,0,0,0,0,0
080478,Cardona,Barcelona,2015,2,0,0,2,1,0,1,0,2,1,0,0,0,0,0,0,0,0,0
080478,Cardona,Barcelona,2016,0,0,0,0,0,0,0,0,0,0,0,0,0,0,0,0,0,0,0
080478,Cardona,Barcelona,2017,0,0,0,0,0,0,0,0,0,0,0,0,0,0,0,0,0,0,0
080478,Cardona,Barcelona,2018,0,0,0,0,0,0,0,0,0,0,0,0,0,0,0,0,0,0,0
080478,Cardona,Barcelona,2019,1,1,0,0,0,0,1,0,1,0,0,1,0,0,0,0,0,0,0
080478,Cardona,Barcelona,2020,1,0,0,1,1,0,0,0,1,0,0,0,0,0,0,0,0,0,0
080478,Cardona,Barcelona,2021,6,6,0,0,0,0,3,3,3,1,0,0,0,2,0,0,0,0,0
080478,Cardona,Barcelona,2022,9,5,1,3,0,0,2,7,2,0,0,0,0,2,0,0,0,0,0
080478,Cardona,Barcelona,2023,2,0,2,0,0,0,0,2,0,0,0,0,0,0,0,0,0,0,0
080484,Carme,Barcelona,2011,7,0,0,7,6,1,0,0,7,0,0,0,0,0,0,0,0,0,0
080484,Carme,Barcelona,2012,5,0,0,5,4,1,0,0,5,0,0,0,0,0,0,0,0,0,0
080484,Carme,Barcelona,2013,4,1,1,2,0,3,1,0,4,0,0,1,0,0,0,0,0,0,0
080484,Carme,Barcelona,2014,4,0,2,2,1,1,2,0,4,0,0,2,0,0,0,0,0,0,0
080484,Carme,Barcelona,2015,1,0,1,0,0,0,1,0,1,1,0,0,0,0,0,0,0,0,0
080484,Carme,Barcelona,2016,3,0,1,2,0,2,1,0,3,1,0,0,0,0,0,0,0,0,0
080484,Carme,Barcelona,2017,2,0,0,2,0,2,0,0,2,0,0,0,0,0,0,0,0,0,0
080484,Carme,Barcelona,2018,1,0,0,1,0,1,0,0,1,0,0,0,0,0,0,0,0,0,0
080484,Carme,Barcelona,2019,0,0,0,0,0,0,0,0,0,0,0,0,0,0,0,0,0,0,0
080484,Carme,Barcelona,2020,1,1,0,0,0,0,0,1,0,0,0,0,0,0,0,0,0,0,0
080484,Carme,Barcelona,2021,1,1,0,0,0,0,0,1,0,0,0,0,0,0,0,0,0,0,0
080484,Carme,Barcelona,2022,1,0,0,1,1,0,0,0,1,0,0,0,0,0,0,0,0,0,0
080497,Casserres,Barcelona,2011,8,0,3,5,4,1,3,0,8,0,0,0,2,1,0,0,0,0,0
080497,Casserres,Barcelona,2012,4,1,0,3,2,1,1,0,4,0,0,0,1,0,0,0,0,0,0
080497,Casserres,Barcelona,2013,6,1,4,1,1,3,2,0,6,1,0,0,0,1,0,0,0,0,0
080497,Casserres,Barcelona,2014,3,1,1,1,0,1,2,0,3,0,0,0,0,2,0,0,0,0,0
080497,Casserres,Barcelona,2015,1,0,0,1,0,0,1,0,1,0,0,0,0,1,0,0,0,0,0
080497,Casserres,Barcelona,2016,0,0,0,0,0,0,0,0,0,0,0,0,0,0,0,0,0,0,0
080497,Casserres,Barcelona,2017,1,0,0,1,1,0,0,0,1,0,0,0,0,0,0,0,0,0,0
080497,Casserres,Barcelona,2018,0,0,0,0,0,0,0,0,0,0,0,0,0,0,0,0,0,0,0
080497,Casserres,Barcelona,2019,2,0,0,2,1,0,1,0,2,1,0,0,0,0,0,0,0,0,0
080497,Casserres,Barcelona,2020,0,0,0,0,0,0,0,0,0,0,0,0,0,0,0,0,0,0,0
080497,Casserres,Barcelona,2021,1,1,0,0,0,0,0,1,0,0,0,0,0,0,0,0,0,0,0
080497,Casserres,Barcelona,2022,5,4,1,0,0,0,4,1,4,0,0,0,0,4,0,0,0,0,0
080497,Casserres,Barcelona,2023,10,4,4,2,2,0,8,0,10,0,0,0,0,8,0,0,0,0,0
080500,Castellar del Riu,Barcelona,2011,2,0,0,2,2,0,0,0,2,0,0,0,0,0,0,0,0,0,0
080500,Castellar del Riu,Barcelona,2012,0,0,0,0,0,0,0,0,0,0,0,0,0,0,0,0,0,0,0
080500,Castellar del Riu,Barcelona,2013,0,0,0,0,0,0,0,0,0,0,0,0,0,0,0,0,0,0,0
080500,Castellar del Riu,Barcelona,2014,0,0,0,0,0,0,0,0,0,0,0,0,0,0,0,0,0,0,0
080500,Castellar del Riu,Barcelona,2015,0,0,0,0,0,0,0,0,0,0,0,0,0,0,0,0,0,0,0
080500,Castellar del Riu,Barcelona,2016,0,0,0,0,0,0,0,0,0,0,0,0,0,0,0,0,0,0,0
080500,Castellar del Riu,Barcelona,2017,0,0,0,0,0,0,0,0,0,0,0,0,0,0,0,0,0,0,0
080500,Castellar del Riu,Barcelona,2018,1,1,0,0,0,0,1,0,1,1,0,0,0,0,0,0,0,0,0
080500,Castellar del Riu,Barcelona,2019,0,0,0,0,0,0,0,0,0,0,0,0,0,0,0,0,0,0,0
080500,Castellar del Riu,Barcelona,2020,0,0,0,0,0,0,0,0,0,0,0,0,0,0,0,0,0,0,0
080500,Castellar del Riu,Barcelona,2021,0,0,0,0,0,0,0,0,0,0,0,0,0,0,0,0,0,0,0
080517,Castellar del Vallès,Barcelona,2011,183,40,57,86,68,38,77,0,183,4,0,7,1,62,3,0,0,0,0
080517,Castellar del Vallès,Barcelona,2012,166,46,50,70,54,35,76,1,165,7,3,10,0,53,3,0,0,0,0
080517,Castellar del Vallès,Barcelona,2013,91,17,28,46,39,24,28,0,91,1,1,4,0,19,3,0,0,0,0
080517,Castellar del Vallès,Barcelona,2014,103,15,34,54,39,21,43,0,103,6,1,6,0,30,0,0,0,0,0
080517,Castellar del Vallès,Barcelona,2015,86,16,7,63,35,12,37,2,84,9,2,0,0,26,0,0,0,0,0
080517,Castellar del Vallès,Barcelona,2016,112,26,16,70,53,12,47,0,112,14,0,4,1,25,3,0,0,0,0
080517,Castellar del Vallès,Barcelona,2017,112,45,18,49,34,19,59,0,112,8,0,4,0,40,7,0,0,0,0
080517,Castellar del Vallès,Barcelona,2018,133,54,13,66,37,23,73,0,133,3,0,5,5,53,7,0,0,0,0
080517,Castellar del Vallès,Barcelona,2019,107,61,0,46,24,8,75,0,107,3,0,9,2,56,5,0,0,0,0
080517,Castellar del Vallès,Barcelona,2020,78,37,3,38,26,6,43,3,75,1,0,1,2,33,6,0,0,0,0
080517,Castellar del Vallès,Barcelona,2021,123,74,16,33,17,7,55,44,79,1,0,6,0,46,2,0,0,0,0
080517,Castellar del Vallès,Barcelona,2022,154,76,41,37,7,2,66,79,75,1,2,5,1,54,3,0,0,0,0
080517,Castellar del Vallès,Barcelona,2023,159,83,32,44,22,17,96,24,135,2,1,1,0,92,0,0,0,0,0
080522,Castellar de n'Hug,Barcelona,2022,1,0,0,1,1,0,0,0,1,0,0,0,0,0,0,0,0,0,0
080522,Castellar de n'Hug,Barcelona,2023,7,5,1,1,1,0,6,0,7,0,0,0,0,6,0,0,0,0,0
080538,Castellbell i el Vilar,Barcelona,2011,20,3,11,6,7,3,10,0,20,1,1,3,2,3,0,0,0,0,0
080538,Castellbell i el Vilar,Barcelona,2012,14,1,8,5,4,4,6,0,14,0,0,2,1,3,0,0,0,0,0
080538,Castellbell i el Vilar,Barcelona,2013,9,2,4,3,1,4,4,0,9,0,0,1,0,3,0,0,0,0,0
080538,Castellbell i el Vilar,Barcelona,2014,7,1,0,6,2,5,0,0,7,0,0,0,0,0,0,0,0,0,0
080538,Castellbell i el Vilar,Barcelona,2015,7,1,3,3,3,2,2,0,7,0,0,0,0,1,0,1,0,0,0
080538,Castellbell i el Vilar,Barcelona,2016,10,3,3,4,1,2,7,0,10,0,0,0,4,3,0,0,0,0,0
080538,Castellbell i el Vilar,Barcelona,2017,8,3,2,3,2,0,6,0,8,0,0,1,1,4,0,0,0,0,0
080538,Castellbell i el Vilar,Barcelona,2018,3,1,1,1,1,0,2,0,3,0,0,1,0,1,0,0,0,0,0
080538,Castellbell i el Vilar,Barcelona,2019,7,3,1,3,3,0,4,0,7,0,0,2,1,1,0,0,0,0,0
080538,Castellbell i el Vilar,Barcelona,2020,6,4,1,1,1,0,5,0,6,0,0,3,1,0,1,0,0,0,0
080538,Castellbell i el Vilar,Barcelona,2021,9,4,4,1,1,0,3,5,4,0,0,3,0,0,0,0,0,0,0
080538,Castellbell i el Vilar,Barcelona,2022,24,14,7,3,1,0,12,11,13,0,0,5,3,3,0,1,0,0,0
080538,Castellbell i el Vilar,Barcelona,2023,14,1,4,9,6,0,5,3,11,0,0,0,1,2,2,0,0,0,0
080543,Castellbisbal,Barcelona,2011,143,25,32,86,67,39,37,0,143,2,2,3,1,28,1,0,0,0,0
080543,Castellbisbal,Barcelona,2012,123,10,37,76,48,34,41,0,123,4,1,4,1,28,3,0,0,0,0
080543,Castellbisbal,Barcelona,2013,111,10,25,76,48,27,36,0,111,4,2,0,1,23,5,1,0,0,0
080543,Castellbisbal,Barcelona,2014,81,10,32,39,40,21,20,0,81,4,2,0,2,12,0,0,0,0,0
080543,Castellbisbal,Barcelona,2015,89,15,35,39,30,30,29,0,89,5,1,0,2,19,0,2,0,0,0
080543,Castellbisbal,Barcelona,2016,86,5,34,47,29,28,29,0,86,5,0,2,3,18,1,0,0,0,0
080543,Castellbisbal,Barcelona,2017,85,14,21,50,27,22,34,2,83,3,0,0,0,27,4,0,0,0,0
080543,Castellbisbal,Barcelona,2018,75,23,6,46,35,10,30,0,75,3,0,1,2,22,2,0,0,0,0
080543,Castellbisbal,Barcelona,2019,128,42,45,41,43,16,68,1,127,9,1,5,4,40,9,0,0,0,0
080543,Castellbisbal,Barcelona,2020,108,36,58,14,15,17,73,3,105,8,2,12,1,40,10,0,0,0,0
080543,Castellbisbal,Barcelona,2021,100,19,59,22,8,12,60,20,80,6,0,14,5,28,7,0,0,0,0
080543,Castellbisbal,Barcelona,2022,117,49,48,20,8,10,89,10,107,6,3,20,5,50,5,0,0,0,0
080543,Castellbisbal,Barcelona,2023,126,29,83,14,19,15,91,1,125,2,7,20,1,58,3,0,0,0,0
080556,Castellcir,Barcelona,2011,0,0,0,0,0,0,0,0,0,0,0,0,0,0,0,0,0,0,0
080556,Castellcir,Barcelona,2012,2,0,0,2,2,0,0,0,2,0,0,0,0,0,0,0,0,0,0
080556,Castellcir,Barcelona,2013,0,0,0,0,0,0,0,0,0,0,0,0,0,0,0,0,0,0,0
080556,Castellcir,Barcelona,2014,0,0,0,0,0,0,0,0,0,0,0,0,0,0,0,0,0,0,0
080556,Castellcir,Barcelona,2015,0,0,0,0,0,0,0,0,0,0,0,0,0,0,0,0,0,0,0
080556,Castellcir,Barcelona,2016,1,1,0,0,0,0,1,0,1,0,0,0,0,1,0,0,0,0,0
080556,Castellcir,Barcelona,2017,0,0,0,0,0,0,0,0,0,0,0,0,0,0,0,0,0,0,0
080556,Castellcir,Barcelona,2018,1,0,0,1,1,0,0,0,1,0,0,0,0,0,0,0,0,0,0
080556,Castellcir,Barcelona,2019,2,2,0,0,0,0,2,0,2,0,0,0,0,2,0,0,0,0,0
080556,Castellcir,Barcelona,2020,0,0,0,0,0,0,0,0,0,0,0,0,0,0,0,0,0,0,0
080556,Castellcir,Barcelona,2021,3,3,0,0,0,0,1,2,1,0,0,1,0,0,0,0,0,0,0
080556,Castellcir,Barcelona,2022,11,4,1,6,3,0,3,5,6,0,0,2,0,1,0,0,0,0,0
080556,Castellcir,Barcelona,2023,13,5,2,6,5,3,4,1,12,0,1,0,0,3,0,0,0,0,0
080569,Castelldefels,Barcelona,2011,984,215,359,410,233,246,496,9,975,93,17,19,0,360,4,3,0,0,0
080569,Castelldefels,Barcelona,2012,1085,184,499,402,192,303,582,8,1077,120,24,17,2,410,7,2,0,0,0
080569,Castelldefels,Barcelona,2013,959,203,402,354,134,289,531,5,954,107,21,22,4,337,38,2,0,0,0
080569,Castelldefels,Barcelona,2014,692,110,279,303,106,227,359,0,692,94,20,6,3,203,31,2,0,0,0
080569,Castelldefels,Barcelona,2015,627,133,233,261,93,169,360,5,622,89,22,22,4,199,23,1,0,0,0
080569,Castelldefels,Barcelona,2016,696,124,295,277,111,173,406,6,690,80,40,20,3,241,21,1,0,0,0
080569,Castelldefels,Barcelona,2017,623,159,204,260,103,121,396,3,620,53,47,20,8,246,20,2,0,0,0
080569,Castelldefels,Barcelona,2018,641,151,272,218,101,116,420,4,637,40,38,29,12,270,31,0,0,0,0
080569,Castelldefels,Barcelona,2019,696,183,348,165,65,97,531,3,693,41,38,35,21,366,30,0,0,0,0
080569,Castelldefels,Barcelona,2020,376,140,117,119,43,39,230,64,312,24,11,15,6,158,16,0,0,0,0
080569,Castelldefels,Barcelona,2021,497,154,232,111,22,55,237,183,314,24,4,25,0,167,17,0,0,0,0
080569,Castelldefels,Barcelona,2022,488,241,186,61,20,41,366,61,427,29,20,25,0,268,23,1,0,0,0
080569,Castelldefels,Barcelona,2023,686,208,314,164,60,91,498,37,649,43,21,19,1,395,14,5,0,0,0
080581,Castellet i la Gornal,Barcelona,2011,11,0,4,7,7,1,3,0,11,1,0,0,0,2,0,0,0,0,0
080581,Castellet i la Gornal,Barcelona,2012,7,0,3,4,4,0,3,0,7,1,0,0,0,2,0,0,0,0,0
080581,Castellet i la Gornal,Barcelona,2013,8,1,5,2,3,3,2,0,8,0,0,0,0,2,0,0,0,0,0
080581,Castellet i la Gornal,Barcelona,2014,5,0,4,1,0,3,2,0,5,0,0,0,0,2,0,0,0,0,0
080581,Castellet i la Gornal,Barcelona,2015,6,1,3,2,0,1,5,0,6,0,0,0,0,5,0,0,0,0,0
080581,Castellet i la Gornal,Barcelona,2016,3,0,0,3,0,0,3,0,3,0,0,0,0,3,0,0,0,0,0
080581,Castellet i la Gornal,Barcelona,2017,3,0,0,3,1,0,2,0,3,0,0,0,0,2,0,0,0,0,0
080581,Castellet i la Gornal,Barcelona,2018,4,0,0,4,2,0,2,0,4,0,0,0,0,2,0,0,0,0,0
080581,Castellet i la Gornal,Barcelona,2019,1,1,0,0,0,0,1,0,1,0,0,0,0,1,0,0,0,0,0
080581,Castellet i la Gornal,Barcelona,2020,7,2,5,0,0,0,7,0,7,0,0,1,0,6,0,0,0,0,0
080581,Castellet i la Gornal,Barcelona,2021,7,1,4,2,0,0,7,0,7,0,0,1,0,6,0,0,0,0,0
080581,Castellet i la Gornal,Barcelona,2022,8,4,1,3,1,1,6,0,8,0,0,2,0,4,0,0,0,0,0
080581,Castellet i la Gornal,Barcelona,2023,31,14,14,3,0,4,27,0,31,2,3,4,1,17,0,0,0,0,0
080594,Castellfollit del Boix,Barcelona,2011,0,0,0,0,0,0,0,0,0,0,0,0,0,0,0,0,0,0,0
080594,Castellfollit del Boix,Barcelona,2012,0,0,0,0,0,0,0,0,0,0,0,0,0,0,0,0,0,0,0
080594,Castellfollit del Boix,Barcelona,2013,0,0,0,0,0,0,0,0,0,0,0,0,0,0,0,0,0,0,0
080594,Castellfollit del Boix,Barcelona,2014,0,0,0,0,0,0,0,0,0,0,0,0,0,0,0,0,0,0,0
080594,Castellfollit del Boix,Barcelona,2015,0,0,0,0,0,0,0,0,0,0,0,0,0,0,0,0,0,0,0
080594,Castellfollit del Boix,Barcelona,2016,0,0,0,0,0,0,0,0,0,0,0,0,0,0,0,0,0,0,0
080594,Castellfollit del Boix,Barcelona,2017,1,0,0,1,1,0,0,0,1,0,0,0,0,0,0,0,0,0,0
080594,Castellfollit del Boix,Barcelona,2018,2,1,0,1,1,0,1,0,2,1,0,0,0,0,0,0,0,0,0
080594,Castellfollit del Boix,Barcelona,2019,5,0,2,3,3,0,2,0,5,2,0,0,0,0,0,0,0,0,0
080594,Castellfollit del Boix,Barcelona,2020,0,0,0,0,0,0,0,0,0,0,0,0,0,0,0,0,0,0,0
080594,Castellfollit del Boix,Barcelona,2021,3,0,1,2,0,0,1,2,1,1,0,0,0,0,0,0,0,0,0
080594,Castellfollit del Boix,Barcelona,2022,9,0,1,8,2,0,0,7,2,0,0,0,0,0,0,0,0,0,0
080615,Castellgalí,Barcelona,2011,11,1,7,3,1,4,6,0,11,0,0,2,0,4,0,0,0,0,0
080615,Castellgalí,Barcelona,2012,7,2,0,5,1,2,4,0,7,0,0,2,0,2,0,0,0,0,0
080615,Castellgalí,Barcelona,2013,1,0,1,0,0,0,1,0,1,0,0,1,0,0,0,0,0,0,0
080615,Castellgalí,Barcelona,2014,5,2,2,1,1,0,4,0,5,1,0,1,0,2,0,0,0,0,0
080615,Castellgalí,Barcelona,2015,3,0,2,1,0,1,2,0,3,1,0,0,0,1,0,0,0,0,0
080615,Castellgalí,Barcelona,2016,7,3,2,2,1,3,3,0,7,2,0,0,0,1,0,0,0,0,0
080615,Castellgalí,Barcelona,2017,6,1,0,5,5,0,1,0,6,1,0,0,0,0,0,0,0,0,0
080615,Castellgalí,Barcelona,2018,5,2,1,2,2,0,3,0,5,1,0,2,0,0,0,0,0,0,0
080615,Castellgalí,Barcelona,2019,3,2,1,0,0,0,3,0,3,0,0,2,0,1,0,0,0,0,0
080615,Castellgalí,Barcelona,2020,1,0,0,1,0,1,0,0,1,0,0,0,0,0,0,0,0,0,0
080615,Castellgalí,Barcelona,2021,5,4,1,0,0,0,3,2,3,0,0,1,0,2,0,0,0,0,0
080615,Castellgalí,Barcelona,2022,4,0,4,0,0,0,4,0,4,0,0,1,0,3,0,0,0,0,0
080615,Castellgalí,Barcelona,2023,1,1,0,0,0,0,1,0,1,0,0,0,0,1,0,0,0,0,0
080620,Castellnou de Bages,Barcelona,2011,8,0,0,8,8,0,0,0,8,0,0,0,0,0,0,0,0,0,0
080620,Castellnou de Bages,Barcelona,2012,8,0,0,8,5,2,1,0,8,1,0,0,0,0,0,0,0,0,0
080620,Castellnou de Bages,Barcelona,2013,5,0,0,5,4,1,0,0,5,0,0,0,0,0,0,0,0,0,0
080620,Castellnou de Bages,Barcelona,2014,3,1,0,2,2,1,0,0,3,0,0,0,0,0,0,0,0,0,0
080620,Castellnou de Bages,Barcelona,2015,3,0,1,2,1,2,0,0,3,0,0,0,0,0,0,0,0,0,0
080620,Castellnou de Bages,Barcelona,2016,3,2,0,1,0,1,2,0,3,0,0,0,0,2,0,0,0,0,0
080620,Castellnou de Bages,Barcelona,2017,1,0,1,0,1,0,0,0,1,0,0,0,0,0,0,0,0,0,0
080620,Castellnou de Bages,Barcelona,2018,9,7,1,1,1,0,8,0,9,0,0,7,0,1,0,0,0,0,0
080620,Castellnou de Bages,Barcelona,2019,29,24,2,3,3,0,26,0,29,0,0,23,3,0,0,0,0,0,0
080620,Castellnou de Bages,Barcelona,2020,14,10,4,0,0,0,14,0,14,1,0,10,1,2,0,0,0,0,0
080620,Castellnou de Bages,Barcelona,2021,6,6,0,0,0,0,5,1,5,0,0,3,2,0,0,0,0,0,0
080620,Castellnou de Bages,Barcelona,2022,14,8,5,1,0,0,6,8,6,1,1,3,0,1,0,0,0,0,0
080620,Castellnou de Bages,Barcelona,2023,6,4,2,0,0,0,6,0,6,0,0,0,0,6,0,0,0,0,0
080636,Castellolí,Barcelona,2011,1,0,0,1,1,0,0,0,1,0,0,0,0,0,0,0,0,0,0
080636,Castellolí,Barcelona,2012,1,0,0,1,0,0,1,0,1,0,0,0,0,1,0,0,0,0,0
080636,Castellolí,Barcelona,2013,1,0,0,1,0,0,1,0,1,0,0,0,0,1,0,0,0,0,0
080636,Castellolí,Barcelona,2014,2,0,0,2,2,0,0,0,2,0,0,0,0,0,0,0,0,0,0
080636,Castellolí,Barcelona,2015,4,0,0,4,4,0,0,0,4,0,0,0,0,0,0,0,0,0,0
080636,Castellolí,Barcelona,2016,3,0,0,3,3,0,0,0,3,0,0,0,0,0,0,0,0,0,0
080636,Castellolí,Barcelona,2017,3,1,0,2,2,0,1,0,3,0,0,0,1,0,0,0,0,0,0
080636,Castellolí,Barcelona,2018,1,0,1,0,0,0,1,0,1,0,0,0,0,1,0,0,0,0,0
080636,Castellolí,Barcelona,2019,3,0,1,2,2,0,1,0,3,0,0,0,0,1,0,0,0,0,0
080636,Castellolí,Barcelona,2020,0,0,0,0,0,0,0,0,0,0,0,0,0,0,0,0,0,0,0
080636,Castellolí,Barcelona,2021,3,0,0,3,1,0,2,0,3,0,0,0,0,2,0,0,0,0,0
080636,Castellolí,Barcelona,2022,4,1,0,3,0,1,3,0,4,0,0,0,0,3,0,0,0,0,0
080636,Castellolí,Barcelona,2023,2,0,2,0,0,2,0,0,2,0,0,0,0,0,0,0,0,0,0
080641,Castellterçol,Barcelona,2011,10,0,5,5,4,1,5,0,10,0,2,0,0,3,0,0,0,0,0
080641,Castellterçol,Barcelona,2012,4,0,2,2,1,0,3,0,4,0,0,0,0,2,1,0,0,0,0
080641,Castellterçol,Barcelona,2013,4,0,1,3,1,0,2,1,3,0,0,0,0,2,0,0,0,0,0
080641,Castellterçol,Barcelona,2014,2,0,0,2,1,0,0,1,1,0,0,0,0,0,0,0,0,0,0
080641,Castellterçol,Barcelona,2015,2,0,1,1,1,1,0,0,2,0,0,0,0,0,0,0,0,0,0
080641,Castellterçol,Barcelona,2016,3,1,0,2,1,0,2,0,3,0,1,0,0,1,0,0,0,0,0
080641,Castellterçol,Barcelona,2017,3,0,0,3,1,0,2,0,3,0,2,0,0,0,0,0,0,0,0
080641,Castellterçol,Barcelona,2018,2,0,0,2,2,0,0,0,2,0,0,0,0,0,0,0,0,0,0
080641,Castellterçol,Barcelona,2019,9,5,0,4,3,1,5,0,9,0,0,3,1,1,0,0,0,0,0
080641,Castellterçol,Barcelona,2020,0,0,0,0,0,0,0,0,0,0,0,0,0,0,0,0,0,0,0
080641,Castellterçol,Barcelona,2021,0,0,0,0,0,0,0,0,0,0,0,0,0,0,0,0,0,0,0
080641,Castellterçol,Barcelona,2023,14,12,2,0,0,0,14,0,14,2,1,4,0,6,0,1,0,0,0
080654,Castellví de la Marca,Barcelona,2011,9,3,3,3,1,1,5,2,7,2,1,0,0,2,0,0,0,0,0
080654,Castellví de la Marca,Barcelona,2012,5,2,2,1,0,2,2,1,4,1,1,0,0,0,0,0,0,0,0
080654,Castellví de la Marca,Barcelona,2013,3,1,2,0,0,1,2,0,3,0,2,0,0,0,0,0,0,0,0
080654,Castellví de la Marca,Barcelona,2014,1,0,1,0,0,0,1,0,1,0,1,0,0,0,0,0,0,0,0
080654,Castellví de la Marca,Barcelona,2015,6,2,1,3,3,1,2,0,6,0,2,0,0,0,0,0,0,0,0
080654,Castellví de la Marca,Barcelona,2016,7,4,1,2,2,0,5,0,7,0,5,0,0,0,0,0,0,0,0
080654,Castellví de la Marca,Barcelona,2017,2,0,1,1,1,0,1,0,2,0,1,0,0,0,0,0,0,0,0
080654,Castellví de la Marca,Barcelona,2018,4,2,1,1,1,2,1,0,4,0,0,0,0,1,0,0,0,0,0
080654,Castellví de la Marca,Barcelona,2019,5,2,2,1,1,2,2,0,5,0,0,0,0,2,0,0,0,0,0
080654,Castellví de la Marca,Barcelona,2020,4,4,0,0,1,0,0,3,1,0,0,0,0,0,0,0,0,0,0
080654,Castellví de la Marca,Barcelona,2021,1,0,1,0,0,0,0,1,0,0,0,0,0,0,0,0,0,0,0
080654,Castellví de la Marca,Barcelona,2022,21,21,0,0,0,0,21,0,21,0,1,6,7,6,1,0,0,0,0
080654,Castellví de la Marca,Barcelona,2023,19,14,1,4,4,0,15,0,19,0,2,9,1,3,0,0,0,0,0
080667,Castellví de Rosanes,Barcelona,2011,16,6,6,4,2,8,3,3,13,0,0,0,0,3,0,0,0,0,0
080667,Castellví de Rosanes,Barcelona,2012,10,0,7,3,3,5,1,1,9,0,0,0,0,1,0,0,0,0,0
080667,Castellví de Rosanes,Barcelona,2013,6,1,3,2,2,4,0,0,6,0,0,0,0,0,0,0,0,0,0
080667,Castellví de Rosanes,Barcelona,2014,5,0,4,1,1,4,0,0,5,0,0,0,0,0,0,0,0,0,0
080667,Castellví de Rosanes,Barcelona,2015,2,0,1,1,0,2,0,0,2,0,0,0,0,0,0,0,0,0,0
080667,Castellví de Rosanes,Barcelona,2016,7,0,3,4,0,6,1,0,7,0,0,0,0,1,0,0,0,0,0
080667,Castellví de Rosanes,Barcelona,2017,7,2,1,4,1,4,2,0,7,0,0,0,0,2,0,0,0,0,0
080667,Castellví de Rosanes,Barcelona,2018,12,2,4,6,1,4,7,0,12,1,0,0,0,6,0,0,0,0,0
080667,Castellví de Rosanes,Barcelona,2019,4,0,2,2,0,1,3,0,4,0,0,0,0,3,0,0,0,0,0
080667,Castellví de Rosanes,Barcelona,2020,5,1,0,4,0,2,3,0,5,0,0,0,0,3,0,0,0,0,0
080667,Castellví de Rosanes,Barcelona,2021,4,1,3,0,0,0,3,1,3,0,0,0,0,3,0,0,0,0,0
080667,Castellví de Rosanes,Barcelona,2022,6,3,2,1,0,0,6,0,6,1,0,0,1,4,0,0,0,0,0
080667,Castellví de Rosanes,Barcelona,2023,6,1,2,3,0,0,6,0,6,1,0,0,1,4,0,0,0,0,0
080673,Centelles,Barcelona,2011,10,0,1,9,7,0,2,1,9,0,1,0,0,1,0,0,0,0,0
080673,Centelles,Barcelona,2012,5,0,0,5,3,0,0,2,3,0,0,0,0,0,0,0,0,0,0
080673,Centelles,Barcelona,2013,13,1,0,12,11,0,2,0,13,0,0,0,0,1,1,0,0,0,0
080673,Centelles,Barcelona,2014,13,2,4,7,5,0,8,0,13,0,1,0,0,7,0,0,0,0,0
080673,Centelles,Barcelona,2015,2,0,2,0,0,1,1,0,2,0,0,0,0,1,0,0,0,0,0
080673,Centelles,Barcelona,2016,3,1,1,1,0,3,0,0,3,0,0,0,0,0,0,0,0,0,0
080673,Centelles,Barcelona,2017,6,1,3,2,0,1,4,1,5,0,0,0,0,4,0,0,0,0,0
080673,Centelles,Barcelona,2018,8,0,4,4,3,1,4,0,8,0,0,0,0,4,0,0,0,0,0
080673,Centelles,Barcelona,2019,13,1,3,9,6,0,7,0,13,0,0,0,0,7,0,0,0,0,0
080673,Centelles,Barcelona,2020,9,1,0,8,4,0,2,3,6,0,0,0,0,1,1,0,0,0,0
080673,Centelles,Barcelona,2021,18,12,2,4,3,0,11,4,14,0,0,1,3,5,2,0,0,0,0
080673,Centelles,Barcelona,2022,29,24,3,2,1,0,27,1,28,0,0,6,5,12,2,2,0,0,0
080673,Centelles,Barcelona,2023,60,44,11,5,4,2,54,0,60,0,4,15,2,30,2,1,0,0,0
080689,Cervelló,Barcelona,2011,106,27,27,52,50,33,21,2,104,4,0,2,0,14,1,0,0,0,0
080689,Cervelló,Barcelona,2012,73,9,44,20,30,22,21,0,73,3,0,6,0,11,1,0,0,0,0
080689,Cervelló,Barcelona,2013,65,5,32,28,32,23,10,0,65,0,0,0,0,10,0,0,0,0,0
080689,Cervelló,Barcelona,2014,51,7,22,22,26,18,7,0,51,1,0,1,0,5,0,0,0,0,0
080689,Cervelló,Barcelona,2015,43,17,10,16,14,11,18,0,43,1,2,6,0,8,1,0,0,0,0
080689,Cervelló,Barcelona,2016,68,14,26,28,25,17,26,0,68,3,3,8,0,11,1,0,0,0,0
080689,Cervelló,Barcelona,2017,54,4,17,33,26,15,13,0,54,2,1,1,0,9,0,0,0,0,0
080689,Cervelló,Barcelona,2018,60,15,8,37,17,12,31,0,60,7,1,5,0,18,0,0,0,0,0
080689,Cervelló,Barcelona,2019,89,18,38,33,18,11,60,0,89,12,5,15,0,27,1,0,0,0,0
080689,Cervelló,Barcelona,2020,60,19,24,17,10,15,31,4,56,7,1,5,2,15,1,0,0,0,0
080689,Cervelló,Barcelona,2021,50,11,30,9,2,15,29,4,46,8,0,3,2,16,0,0,0,0,0
080689,Cervelló,Barcelona,2022,44,19,15,10,2,7,35,0,44,4,2,8,0,21,0,0,0,0,0
080689,Cervelló,Barcelona,2023,44,16,17,11,5,6,32,1,43,3,5,3,0,20,1,0,0,0,0
080692,Collbató,Barcelona,2011,19,1,6,12,10,2,7,0,19,0,0,0,0,7,0,0,0,0,0
080692,Collbató,Barcelona,2012,17,2,2,13,11,2,4,0,17,0,1,0,0,3,0,0,0,0,0
080692,Collbató,Barcelona,2013,18,1,4,13,11,4,3,0,18,1,0,0,0,2,0,0,0,0,0
080692,Collbató,Barcelona,2014,16,3,7,6,6,3,7,0,16,2,3,0,0,2,0,0,0,0,0
080692,Collbató,Barcelona,2015,22,2,10,10,6,4,12,0,22,5,2,0,0,5,0,0,0,0,0
080692,Collbató,Barcelona,2016,21,2,5,14,5,2,14,0,21,6,1,0,0,4,0,3,0,0,0
080692,Collbató,Barcelona,2017,26,5,7,14,7,5,14,0,26,5,2,0,0,6,1,0,0,0,0
080692,Collbató,Barcelona,2018,39,10,12,17,9,7,23,0,39,4,4,2,0,8,3,2,0,0,0
080692,Collbató,Barcelona,2019,38,9,15,14,7,5,26,0,38,6,4,6,0,8,2,0,0,0,0
080692,Collbató,Barcelona,2020,19,5,6,8,5,2,12,0,19,3,0,2,0,7,0,0,0,0,0
080692,Collbató,Barcelona,2021,21,4,11,6,1,1,17,2,19,3,0,3,0,11,0,0,0,0,0
080692,Collbató,Barcelona,2022,15,3,6,6,1,2,12,0,15,4,0,3,0,5,0,0,0,0,0
080692,Collbató,Barcelona,2023,17,4,6,7,5,1,11,0,17,1,0,4,0,6,0,0,0,0,0
080706,Collsuspina,Barcelona,2011,1,0,0,1,1,0,0,0,1,0,0,0,0,0,0,0,0,0,0
080706,Collsuspina,Barcelona,2012,1,0,0,1,1,0,0,0,1,0,0,0,0,0,0,0,0,0,0
080706,Collsuspina,Barcelona,2013,2,1,0,1,1,0,1,0,2,0,0,0,0,1,0,0,0,0,0
080706,Collsuspina,Barcelona,2014,0,0,0,0,0,0,0,0,0,0,0,0,0,0,0,0,0,0,0
080706,Collsuspina,Barcelona,2015,0,0,0,0,0,0,0,0,0,0,0,0,0,0,0,0,0,0,0
080706,Collsuspina,Barcelona,2016,0,0,0,0,0,0,0,0,0,0,0,0,0,0,0,0,0,0,0
080706,Collsuspina,Barcelona,2017,0,0,0,0,0,0,0,0,0,0,0,0,0,0,0,0,0,0,0
080706,Collsuspina,Barcelona,2018,0,0,0,0,0,0,0,0,0,0,0,0,0,0,0,0,0,0,0
080706,Collsuspina,Barcelona,2019,0,0,0,0,0,0,0,0,0,0,0,0,0,0,0,0,0,0,0
080706,Collsuspina,Barcelona,2020,0,0,0,0,0,0,0,0,0,0,0,0,0,0,0,0,0,0,0
080706,Collsuspina,Barcelona,2021,0,0,0,0,0,0,0,0,0,0,0,0,0,0,0,0,0,0,0
080713,Copons,Barcelona,2011,2,0,0,2,2,0,0,0,2,0,0,0,0,0,0,0,0,0,0
080713,Copons,Barcelona,2012,0,0,0,0,0,0,0,0,0,0,0,0,0,0,0,0,0,0,0
080713,Copons,Barcelona,2013,1,0,0,1,0,0,0,1,0,0,0,0,0,0,0,0,0,0,0
080713,Copons,Barcelona,2014,1,0,0,1,0,0,0,1,0,0,0,0,0,0,0,0,0,0,0
080713,Copons,Barcelona,2015,2,0,0,2,1,0,0,1,1,0,0,0,0,0,0,0,0,0,0
080713,Copons,Barcelona,2016,2,0,0,2,2,0,0,0,2,0,0,0,0,0,0,0,0,0,0
080713,Copons,Barcelona,2017,3,1,0,2,2,0,1,0,3,1,0,0,0,0,0,0,0,0,0
080713,Copons,Barcelona,2018,3,0,2,1,1,0,2,0,3,2,0,0,0,0,0,0,0,0,0
080713,Copons,Barcelona,2019,2,0,1,1,1,0,1,0,2,1,0,0,0,0,0,0,0,0,0
080713,Copons,Barcelona,2020,0,0,0,0,0,0,0,0,0,0,0,0,0,0,0,0,0,0,0
080713,Copons,Barcelona,2021,2,0,2,0,0,2,0,0,2,0,0,0,0,0,0,0,0,0,0
080713,Copons,Barcelona,2022,1,1,0,0,0,0,1,0,1,0,0,0,0,1,0,0,0,0,0
080713,Copons,Barcelona,2023,1,1,0,0,0,0,1,0,1,0,0,0,0,1,0,0,0,0,0
080728,Corbera de Llobregat,Barcelona,2011,193,46,61,86,57,32,102,2,191,3,5,14,3,69,8,0,0,0,0
080728,Corbera de Llobregat,Barcelona,2012,184,41,41,102,77,20,87,0,184,4,1,11,3,57,11,0,0,0,0
080728,Corbera de Llobregat,Barcelona,2013,139,10,42,87,59,31,48,1,138,3,1,2,1,37,3,1,0,0,0
080728,Corbera de Llobregat,Barcelona,2014,110,20,31,59,43,27,40,0,110,4,1,6,0,27,0,2,0,0,0
080728,Corbera de Llobregat,Barcelona,2015,132,32,23,77,52,28,52,0,132,2,1,20,1,25,1,2,0,0,0
080728,Corbera de Llobregat,Barcelona,2016,68,25,16,27,17,18,33,0,68,2,1,1,0,27,2,0,0,0,0
080728,Corbera de Llobregat,Barcelona,2017,134,28,43,63,42,33,59,0,134,6,0,3,0,49,1,0,0,0,0
080728,Corbera de Llobregat,Barcelona,2018,114,35,21,58,49,13,52,0,114,7,2,4,0,37,2,0,0,0,0
080728,Corbera de Llobregat,Barcelona,2019,135,44,53,38,37,6,92,0,135,2,2,17,1,70,0,0,0,0,0
080728,Corbera de Llobregat,Barcelona,2020,105,55,39,11,7,10,88,0,105,1,0,17,1,66,3,0,0,0,0
080728,Corbera de Llobregat,Barcelona,2021,84,21,48,15,6,18,60,0,84,3,0,1,0,54,2,0,0,0,0
080728,Corbera de Llobregat,Barcelona,2022,148,73,57,18,5,6,128,9,139,3,1,11,3,107,3,0,0,0,0
080728,Corbera de Llobregat,Barcelona,2023,211,81,92,38,14,20,169,8,203,7,5,24,3,129,1,0,0,0,0
080734,Cornellà de Llobregat,Barcelona,2011,1313,444,527,342,248,248,797,20,1293,51,49,94,9,555,37,2,0,0,0
080734,Cornellà de Llobregat,Barcelona,2012,1315,569,460,286,187,246,874,8,1307,58,45,95,21,585,69,1,0,0,0
080734,Cornellà de Llobregat,Barcelona,2013,1058,453,351,254,186,204,663,5,1053,27,33,97,17,398,89,2,0,0,0
080734,Cornellà de Llobregat,Barcelona,2014,809,350,242,217,161,189,454,5,804,24,25,73,16,275,41,0,0,0,0
080734,Cornellà de Llobregat,Barcelona,2015,782,328,280,174,144,160,475,3,779,24,27,54,16,315,38,1,0,0,0
080734,Cornellà de Llobregat,Barcelona,2016,779,303,292,184,122,139,517,1,778,16,29,57,8,374,32,1,0,0,0
080734,Cornellà de Llobregat,Barcelona,2017,877,400,325,152,98,136,638,5,872,31,38,52,3,464,47,3,0,0,0
080734,Cornellà de Llobregat,Barcelona,2018,1038,487,383,168,117,137,782,2,1036,26,25,143,4,533,49,2,0,0,0
080734,Cornellà de Llobregat,Barcelona,2019,1213,541,441,231,144,150,919,0,1213,25,52,131,11,631,68,1,0,0,0
080734,Cornellà de Llobregat,Barcelona,2020,661,272,273,116,69,69,455,68,593,14,22,61,2,324,32,0,0,0,0
080734,Cornellà de Llobregat,Barcelona,2021,773,305,354,114,57,62,347,307,466,13,21,28,1,269,15,0,0,0,0
080734,Cornellà de Llobregat,Barcelona,2022,785,429,243,113,62,57,574,92,693,10,33,51,4,461,15,0,0,0,0
080734,Cornellà de Llobregat,Barcelona,2023,1210,546,467,197,114,106,958,32,1178,11,38,57,6,807,37,2,0,0,0
080749,Cubelles,Barcelona,2011,119,24,42,53,40,36,40,3,116,5,1,0,1,31,0,2,0,0,0
080749,Cubelles,Barcelona,2012,118,44,24,50,37,28,53,0,118,9,0,2,0,42,0,0,0,0,0
080749,Cubelles,Barcelona,2013,91,17,32,42,33,20,37,1,90,4,1,1,1,29,1,0,0,0,0
080749,Cubelles,Barcelona,2014,73,18,19,36,27,18,27,1,72,4,1,3,1,17,1,0,0,0,0
080749,Cubelles,Barcelona,2015,79,40,18,21,14,19,45,1,78,3,9,7,2,22,1,1,0,0,0
080749,Cubelles,Barcelona,2016,90,35,33,22,14,15,61,0,90,2,13,16,3,27,0,0,0,0,0
080749,Cubelles,Barcelona,2017,99,37,36,26,20,14,65,0,99,5,13,8,10,29,0,0,0,0,0
080749,Cubelles,Barcelona,2018,103,37,32,34,21,14,68,0,103,5,11,13,3,33,3,0,0,0,0
080749,Cubelles,Barcelona,2019,127,47,56,24,14,20,93,0,127,1,13,14,7,57,1,0,0,0,0
080749,Cubelles,Barcelona,2020,55,9,33,13,8,12,32,3,52,0,2,5,1,24,0,0,0,0,0
080749,Cubelles,Barcelona,2021,64,23,26,15,5,13,25,21,43,1,2,1,4,16,1,0,0,0,0
080749,Cubelles,Barcelona,2022,103,51,33,19,7,16,71,9,94,3,4,9,7,48,0,0,0,0,0
080749,Cubelles,Barcelona,2023,132,50,52,30,18,15,97,2,130,7,6,10,11,61,2,0,0,0,0
080752,Dosrius,Barcelona,2011,9,1,2,6,5,2,2,0,9,0,0,0,0,2,0,0,0,0,0
080752,Dosrius,Barcelona,2012,12,7,4,1,3,7,1,1,11,0,0,0,0,1,0,0,0,0,0
080752,Dosrius,Barcelona,2013,8,1,7,0,2,2,4,0,8,0,0,0,0,4,0,0,0,0,0
080752,Dosrius,Barcelona,2014,2,1,1,0,0,0,2,0,2,0,0,0,0,2,0,0,0,0,0
080752,Dosrius,Barcelona,2015,14,3,6,5,2,3,9,0,14,0,0,0,0,9,0,0,0,0,0
080752,Dosrius,Barcelona,2016,14,2,6,6,2,4,8,0,14,0,0,0,0,8,0,0,0,0,0
080752,Dosrius,Barcelona,2017,11,3,4,4,2,4,5,0,11,0,0,2,0,3,0,0,0,0,0
080752,Dosrius,Barcelona,2018,22,2,6,14,8,7,7,0,22,0,0,2,0,4,1,0,0,0,0
080752,Dosrius,Barcelona,2019,49,33,7,9,0,3,46,0,49,0,0,28,6,12,0,0,0,0,0
080752,Dosrius,Barcelona,2020,14,6,6,2,0,1,13,0,14,0,0,8,3,2,0,0,0,0,0
080752,Dosrius,Barcelona,2021,21,8,10,3,1,0,12,8,13,0,0,6,4,2,0,0,0,0,0
080752,Dosrius,Barcelona,2022,6,0,4,2,0,1,3,2,4,0,0,1,1,1,0,0,0,0,0
080752,Dosrius,Barcelona,2023,10,2,1,7,5,2,3,0,10,0,0,0,0,3,0,0,0,0,0
080765,Esparreguera,Barcelona,2011,329,100,151,78,84,94,148,3,326,15,6,53,2,69,1,2,0,0,0
080765,Esparreguera,Barcelona,2012,257,80,107,70,59,77,120,1,256,19,8,32,0,54,6,1,0,0,0
080765,Esparreguera,Barcelona,2013,145,33,56,56,42,52,51,0,145,8,2,13,1,26,1,0,0,0,0
080765,Esparreguera,Barcelona,2014,127,27,60,40,32,36,58,1,126,7,1,10,0,37,3,0,0,0,0
080765,Esparreguera,Barcelona,2015,124,28,57,39,27,40,57,0,124,12,3,6,0,32,4,0,0,0,0
080765,Esparreguera,Barcelona,2016,190,54,77,59,30,74,86,0,190,14,0,31,0,38,3,0,0,0,0
080765,Esparreguera,Barcelona,2017,240,55,68,117,80,63,97,0,240,10,3,9,2,64,9,0,0,0,0
080765,Esparreguera,Barcelona,2018,264,66,78,120,80,65,118,1,263,11,8,27,1,61,10,0,0,0,0
080765,Esparreguera,Barcelona,2019,318,152,72,94,66,50,202,0,318,16,0,73,8,96,9,0,0,0,0
080765,Esparreguera,Barcelona,2020,221,95,79,47,32,30,158,1,220,13,0,51,3,87,4,0,0,0,0
080765,Esparreguera,Barcelona,2021,179,68,77,34,18,19,124,18,161,1,1,41,3,75,3,0,0,0,0
080765,Esparreguera,Barcelona,2022,210,101,77,32,24,20,161,5,205,6,9,55,5,82,4,0,0,0,0
080765,Esparreguera,Barcelona,2023,279,102,119,58,39,29,204,7,272,9,7,57,1,121,8,1,0,0,0
080771,Esplugues de Llobregat,Barcelona,2011,765,168,293,304,211,177,376,1,764,36,10,14,3,303,9,1,0,0,0
080771,Esplugues de Llobregat,Barcelona,2012,786,319,241,226,170,138,477,1,785,40,17,16,8,368,28,0,0,0,0
080771,Esplugues de Llobregat,Barcelona,2013,638,278,187,173,118,143,376,1,637,22,14,32,6,257,45,0,0,0,0
080771,Esplugues de Llobregat,Barcelona,2014,463,195,151,117,87,107,269,0,463,18,7,19,4,202,19,0,0,0,0
080771,Esplugues de Llobregat,Barcelona,2015,463,193,157,113,65,96,302,0,463,16,20,18,11,212,24,1,0,0,0
080771,Esplugues de Llobregat,Barcelona,2016,478,249,126,103,67,70,341,0,478,17,18,24,4,243,31,4,0,0,0
080771,Esplugues de Llobregat,Barcelona,2017,501,217,174,110,69,57,375,0,501,24,13,12,3,292,30,1,0,0,0
080771,Esplugues de Llobregat,Barcelona,2018,577,292,157,128,80,64,422,11,566,22,17,11,6,338,28,0,0,0,0
080771,Esplugues de Llobregat,Barcelona,2019,687,293,250,144,86,77,524,0,687,16,20,17,8,438,25,0,0,0,0
080771,Esplugues de Llobregat,Barcelona,2020,346,119,159,68,47,38,252,9,337,9,4,3,2,218,16,0,0,0,0
080771,Esplugues de Llobregat,Barcelona,2021,351,130,166,55,24,35,197,95,256,9,6,5,2,170,5,0,0,0,0
080771,Esplugues de Llobregat,Barcelona,2022,348,178,109,61,26,30,271,21,327,9,5,14,2,234,7,0,0,0,0
080771,Esplugues de Llobregat,Barcelona,2023,526,199,241,86,56,34,425,11,515,16,5,11,1,380,12,0,0,0,0
080787,L'Espunyola,Barcelona,2011,0,0,0,0,0,0,0,0,0,0,0,0,0,0,0,0,0,0,0
080787,L'Espunyola,Barcelona,2012,1,0,0,1,1,0,0,0,1,0,0,0,0,0,0,0,0,0,0
080787,L'Espunyola,Barcelona,2013,0,0,0,0,0,0,0,0,0,0,0,0,0,0,0,0,0,0,0
080787,L'Espunyola,Barcelona,2014,0,0,0,0,0,0,0,0,0,0,0,0,0,0,0,0,0,0,0
080787,L'Espunyola,Barcelona,2015,0,0,0,0,0,0,0,0,0,0,0,0,0,0,0,0,0,0,0
080787,L'Espunyola,Barcelona,2016,0,0,0,0,0,0,0,0,0,0,0,0,0,0,0,0,0,0,0
080787,L'Espunyola,Barcelona,2017,0,0,0,0,0,0,0,0,0,0,0,0,0,0,0,0,0,0,0
080787,L'Espunyola,Barcelona,2018,0,0,0,0,0,0,0,0,0,0,0,0,0,0,0,0,0,0,0
080787,L'Espunyola,Barcelona,2019,0,0,0,0,0,0,0,0,0,0,0,0,0,0,0,0,0,0,0
080787,L'Espunyola,Barcelona,2020,0,0,0,0,0,0,0,0,0,0,0,0,0,0,0,0,0,0,0
080787,L'Espunyola,Barcelona,2021,0,0,0,0,0,0,0,0,0,0,0,0,0,0,0,0,0,0,0
080790,L'Estany,Barcelona,2011,0,0,0,0,0,0,0,0,0,0,0,0,0,0,0,0,0,0,0
080790,L'Estany,Barcelona,2012,0,0,0,0,0,0,0,0,0,0,0,0,0,0,0,0,0,0,0
080790,L'Estany,Barcelona,2013,0,0,0,0,0,0,0,0,0,0,0,0,0,0,0,0,0,0,0
080790,L'Estany,Barcelona,2014,0,0,0,0,0,0,0,0,0,0,0,0,0,0,0,0,0,0,0
080790,L'Estany,Barcelona,2015,0,0,0,0,0,0,0,0,0,0,0,0,0,0,0,0,0,0,0
080790,L'Estany,Barcelona,2016,0,0,0,0,0,0,0,0,0,0,0,0,0,0,0,0,0,0,0
080790,L'Estany,Barcelona,2017,0,0,0,0,0,0,0,0,0,0,0,0,0,0,0,0,0,0,0
080790,L'Estany,Barcelona,2018,0,0,0,0,0,0,0,0,0,0,0,0,0,0,0,0,0,0,0
080790,L'Estany,Barcelona,2019,0,0,0,0,0,0,0,0,0,0,0,0,0,0,0,0,0,0,0
080790,L'Estany,Barcelona,2020,0,0,0,0,0,0,0,0,0,0,0,0,0,0,0,0,0,0,0
080790,L'Estany,Barcelona,2021,4,3,0,1,0,0,0,4,0,0,0,0,0,0,0,0,0,0,0
080790,L'Estany,Barcelona,2022,13,6,5,2,0,0,0,13,0,0,0,0,0,0,0,0,0,0,0
080790,L'Estany,Barcelona,2023,3,1,1,1,0,0,1,2,1,0,0,0,0,0,0,1,0,0,0
080804,Fígols,Barcelona,2022,1,0,1,0,0,0,1,0,1,0,0,0,1,0,0,0,0,0,0
080804,Fígols,Barcelona,2023,1,1,0,0,0,0,1,0,1,1,0,0,0,0,0,0,0,0,0
080811,Fogars de Montclús,Barcelona,2011,1,1,0,0,0,1,0,0,1,0,0,0,0,0,0,0,0,0,0
080811,Fogars de Montclús,Barcelona,2012,4,1,3,0,0,3,1,0,4,0,0,0,0,1,0,0,0,0,0
080811,Fogars de Montclús,Barcelona,2013,1,1,0,0,0,0,1,0,1,0,0,0,0,1,0,0,0,0,0
080811,Fogars de Montclús,Barcelona,2014,0,0,0,0,0,0,0,0,0,0,0,0,0,0,0,0,0,0,0
080811,Fogars de Montclús,Barcelona,2015,4,1,0,3,2,2,0,0,4,0,0,0,0,0,0,0,0,0,0
080811,Fogars de Montclús,Barcelona,2016,2,2,0,0,0,0,2,0,2,1,0,0,0,1,0,0,0,0,0
080811,Fogars de Montclús,Barcelona,2017,1,0,1,0,0,1,0,0,1,0,0,0,0,0,0,0,0,0,0
080811,Fogars de Montclús,Barcelona,2018,2,1,1,0,0,1,1,0,2,0,0,0,1,0,0,0,0,0,0
080811,Fogars de Montclús,Barcelona,2019,1,0,1,0,0,0,1,0,1,0,0,0,0,1,0,0,0,0,0
080811,Fogars de Montclús,Barcelona,2020,3,0,1,2,0,0,1,2,1,0,0,0,0,1,0,0,0,0,0
080811,Fogars de Montclús,Barcelona,2021,0,0,0,0,0,0,0,0,0,0,0,0,0,0,0,0,0,0,0
080811,Fogars de Montclús,Barcelona,2022,23,18,5,0,0,2,21,0,23,1,0,4,0,16,0,0,0,0,0
080811,Fogars de Montclús,Barcelona,2023,40,18,22,0,0,3,37,0,40,2,1,1,0,30,3,0,0,0,0
080826,Fogars de la Selva,Barcelona,2011,4,0,2,2,2,2,0,0,4,0,0,0,0,0,0,0,0,0,0
080826,Fogars de la Selva,Barcelona,2012,5,1,0,4,3,1,1,0,5,0,0,0,0,1,0,0,0,0,0
080826,Fogars de la Selva,Barcelona,2013,3,0,1,2,2,0,1,0,3,0,0,0,0,1,0,0,0,0,0
080826,Fogars de la Selva,Barcelona,2014,1,0,0,1,1,0,0,0,1,0,0,0,0,0,0,0,0,0,0
080826,Fogars de la Selva,Barcelona,2015,3,0,2,1,3,0,0,0,3,0,0,0,0,0,0,0,0,0,0
080826,Fogars de la Selva,Barcelona,2016,4,4,0,0,0,0,4,0,4,0,3,0,1,0,0,0,0,0,0
080826,Fogars de la Selva,Barcelona,2017,13,1,9,3,2,5,6,0,13,0,3,2,1,0,0,0,0,0,0
080826,Fogars de la Selva,Barcelona,2018,10,3,2,5,4,3,3,0,10,0,0,2,0,1,0,0,0,0,0
080826,Fogars de la Selva,Barcelona,2019,4,1,1,2,1,0,3,0,4,1,0,1,0,1,0,0,0,0,0
080826,Fogars de la Selva,Barcelona,2020,1,0,0,1,0,0,1,0,1,0,0,1,0,0,0,0,0,0,0
080826,Fogars de la Selva,Barcelona,2021,9,2,5,2,2,0,7,0,9,0,0,0,0,7,0,0,0,0,0
080826,Fogars de la Selva,Barcelona,2022,5,2,2,1,1,0,4,0,5,0,0,0,0,4,0,0,0,0,0
080826,Fogars de la Selva,Barcelona,2023,6,0,3,3,3,0,3,0,6,0,0,0,0,3,0,0,0,0,0
080832,Folgueroles,Barcelona,2011,14,3,1,10,9,2,3,0,14,1,0,0,0,2,0,0,0,0,0
080832,Folgueroles,Barcelona,2012,6,0,1,5,3,2,1,0,6,0,0,0,0,1,0,0,0,0,0
080832,Folgueroles,Barcelona,2013,6,0,1,5,4,2,0,0,6,0,0,0,0,0,0,0,0,0,0
080832,Folgueroles,Barcelona,2014,6,1,1,4,2,3,1,0,6,0,0,0,0,1,0,0,0,0,0
080832,Folgueroles,Barcelona,2015,2,1,0,1,2,0,0,0,2,0,0,0,0,0,0,0,0,0,0
080832,Folgueroles,Barcelona,2016,9,2,2,5,7,0,2,0,9,0,0,2,0,0,0,0,0,0,0
080832,Folgueroles,Barcelona,2017,4,0,4,0,3,0,1,0,4,0,0,1,0,0,0,0,0,0,0
080832,Folgueroles,Barcelona,2018,3,2,1,0,0,0,3,0,3,0,0,1,0,2,0,0,0,0,0
080832,Folgueroles,Barcelona,2019,6,1,4,1,1,0,4,1,5,0,0,0,0,4,0,0,0,0,0
080832,Folgueroles,Barcelona,2020,5,1,3,1,1,0,3,1,4,0,0,0,0,3,0,0,0,0,0
080832,Folgueroles,Barcelona,2021,4,0,2,2,2,0,2,0,4,0,0,0,0,2,0,0,0,0,0
080832,Folgueroles,Barcelona,2022,1,0,1,0,0,0,0,1,0,0,0,0,0,0,0,0,0,0,0
080832,Folgueroles,Barcelona,2023,3,1,2,0,0,0,3,0,3,0,0,0,0,3,0,0,0,0,0
080847,Fonollosa,Barcelona,2011,11,1,3,7,4,3,4,0,11,1,0,0,0,3,0,0,0,0,0
080847,Fonollosa,Barcelona,2012,10,0,2,8,8,1,1,0,10,1,0,0,0,0,0,0,0,0,0
080847,Fonollosa,Barcelona,2013,4,0,0,4,4,0,0,0,4,0,0,0,0,0,0,0,0,0,0
080847,Fonollosa,Barcelona,2014,0,0,0,0,0,0,0,0,0,0,0,0,0,0,0,0,0,0,0
080847,Fonollosa,Barcelona,2015,0,0,0,0,0,0,0,0,0,0,0,0,0,0,0,0,0,0,0
080847,Fonollosa,Barcelona,2016,0,0,0,0,0,0,0,0,0,0,0,0,0,0,0,0,0,0,0
080847,Fonollosa,Barcelona,2017,4,0,0,4,3,0,1,0,4,0,0,0,0,1,0,0,0,0,0
080847,Fonollosa,Barcelona,2018,2,0,0,2,0,0,2,0,2,0,0,0,0,2,0,0,0,0,0
080847,Fonollosa,Barcelona,2019,2,1,1,0,0,0,2,0,2,0,0,2,0,0,0,0,0,0,0
080847,Fonollosa,Barcelona,2020,1,0,1,0,0,0,1,0,1,0,0,1,0,0,0,0,0,0,0
080847,Fonollosa,Barcelona,2021,1,0,0,1,0,1,0,0,1,0,0,0,0,0,0,0,0,0,0
080850,Font-rubí,Barcelona,2011,6,0,0,6,4,0,1,1,5,0,1,0,0,0,0,0,0,0,0
080850,Font-rubí,Barcelona,2012,4,0,0,4,2,0,2,0,4,2,0,0,0,0,0,0,0,0,0
080850,Font-rubí,Barcelona,2013,6,3,1,2,0,0,6,0,6,4,1,0,1,0,0,0,0,0,0
080850,Font-rubí,Barcelona,2014,4,2,1,1,0,0,4,0,4,3,0,0,1,0,0,0,0,0,0
080850,Font-rubí,Barcelona,2015,3,2,1,0,0,0,3,0,3,0,0,1,2,0,0,0,0,0,0
080850,Font-rubí,Barcelona,2016,0,0,0,0,0,0,0,0,0,0,0,0,0,0,0,0,0,0,0
080850,Font-rubí,Barcelona,2017,1,0,1,0,0,0,1,0,1,0,0,1,0,0,0,0,0,0,0
080850,Font-rubí,Barcelona,2018,4,3,1,0,0,0,4,0,4,1,1,0,2,0,0,0,0,0,0
080850,Font-rubí,Barcelona,2019,32,28,4,0,0,0,32,0,32,4,0,19,7,0,2,0,0,0,0
080850,Font-rubí,Barcelona,2020,4,4,0,0,0,0,2,2,2,1,0,0,1,0,0,0,0,0,0
080850,Font-rubí,Barcelona,2021,8,0,8,0,0,0,3,5,3,3,0,0,0,0,0,0,0,0,0
080850,Font-rubí,Barcelona,2022,3,1,2,0,0,0,3,0,3,2,0,1,0,0,0,0,0,0,0
080850,Font-rubí,Barcelona,2023,9,6,3,0,0,0,9,0,9,3,0,6,0,0,0,0,0,0,0
080863,Les Franqueses del Vallès,Barcelona,2011,160,34,67,59,34,43,77,6,154,7,6,8,18,35,3,0,0,0,0
080863,Les Franqueses del Vallès,Barcelona,2012,124,32,50,42,21,30,73,0,124,10,6,12,20,23,2,0,0,0,0
080863,Les Franqueses del Vallès,Barcelona,2013,88,19,32,37,19,29,40,0,88,7,5,5,6,17,0,0,0,0,0
080863,Les Franqueses del Vallès,Barcelona,2014,79,14,39,26,14,25,40,0,79,7,4,5,5,19,0,0,0,0,0
080863,Les Franqueses del Vallès,Barcelona,2015,75,6,44,25,14,16,45,0,75,10,6,3,2,24,0,0,0,0,0
080863,Les Franqueses del Vallès,Barcelona,2016,78,16,27,35,15,24,38,1,77,3,1,7,1,25,1,0,0,0,0
080863,Les Franqueses del Vallès,Barcelona,2017,54,13,13,28,11,14,28,1,53,0,0,9,1,17,1,0,0,0,0
080863,Les Franqueses del Vallès,Barcelona,2018,60,25,13,22,12,17,31,0,60,0,4,8,9,10,0,0,0,0,0
080863,Les Franqueses del Vallès,Barcelona,2019,70,27,20,23,8,13,49,0,70,0,3,7,16,23,0,0,0,0,0
080863,Les Franqueses del Vallès,Barcelona,2020,37,9,12,16,6,3,26,2,35,0,2,1,7,16,0,0,0,0,0
080863,Les Franqueses del Vallès,Barcelona,2021,41,16,13,12,3,0,24,14,27,0,0,3,6,15,0,0,0,0,0
080863,Les Franqueses del Vallès,Barcelona,2022,25,10,7,8,4,1,18,2,23,2,1,2,7,6,0,0,0,0,0
080863,Les Franqueses del Vallès,Barcelona,2023,61,16,15,30,24,3,32,2,59,1,0,0,3,26,2,0,0,0,0
080879,Gallifa,Barcelona,2011,0,0,0,0,0,0,0,0,0,0,0,0,0,0,0,0,0,0,0
080879,Gallifa,Barcelona,2012,0,0,0,0,0,0,0,0,0,0,0,0,0,0,0,0,0,0,0
080879,Gallifa,Barcelona,2013,2,0,1,1,1,0,1,0,2,1,0,0,0,0,0,0,0,0,0
080879,Gallifa,Barcelona,2014,1,0,0,1,1,0,0,0,1,0,0,0,0,0,0,0,0,0,0
080879,Gallifa,Barcelona,2015,1,0,1,0,0,1,0,0,1,0,0,0,0,0,0,0,0,0,0
080879,Gallifa,Barcelona,2016,8,0,3,5,4,3,1,0,8,1,0,0,0,0,0,0,0,0,0
080879,Gallifa,Barcelona,2017,5,0,1,4,0,3,2,0,5,2,0,0,0,0,0,0,0,0,0
080879,Gallifa,Barcelona,2018,2,0,0,2,0,2,0,0,2,0,0,0,0,0,0,0,0,0,0
080879,Gallifa,Barcelona,2019,2,1,0,1,0,1,1,0,2,0,0,0,0,0,1,0,0,0,0
080879,Gallifa,Barcelona,2020,0,0,0,0,0,0,0,0,0,0,0,0,0,0,0,0,0,0,0
080879,Gallifa,Barcelona,2021,2,2,0,0,0,0,0,2,0,0,0,0,0,0,0,0,0,0,0
080879,Gallifa,Barcelona,2022,15,10,5,0,0,0,11,4,11,1,2,0,0,5,3,0,0,0,0
080879,Gallifa,Barcelona,2023,21,10,9,2,3,1,16,1,20,3,0,1,0,12,0,0,0,0,0
080885,la Garriga,Barcelona,2011,260,31,112,117,83,48,124,5,255,15,1,23,13,70,2,0,0,0,0
080885,la Garriga,Barcelona,2012,228,25,113,90,74,50,103,1,227,12,3,20,3,61,4,0,0,0,0
080885,la Garriga,Barcelona,2013,180,18,58,104,68,43,69,0,180,13,2,19,0,30,5,0,0,0,0
080885,la Garriga,Barcelona,2014,173,5,58,110,68,40,65,0,173,12,0,14,4,31,3,1,0,0,0
080885,la Garriga,Barcelona,2015,163,10,30,123,78,29,56,0,163,9,2,11,3,29,0,2,0,0,0
080885,la Garriga,Barcelona,2016,111,20,31,60,32,16,63,0,111,4,6,4,1,41,4,3,0,0,0
080885,la Garriga,Barcelona,2017,138,31,38,69,37,18,83,0,138,8,9,8,3,48,7,0,0,0,0
080885,la Garriga,Barcelona,2018,131,25,60,46,38,21,72,0,131,13,6,9,3,34,7,0,0,0,0
080885,la Garriga,Barcelona,2019,167,47,65,55,37,23,106,1,166,15,7,12,0,59,13,0,0,0,0
080885,la Garriga,Barcelona,2020,97,28,40,29,19,10,55,13,84,6,4,8,0,29,8,0,0,0,0
080885,la Garriga,Barcelona,2021,98,25,48,25,17,10,36,35,63,2,4,4,0,26,0,0,0,0,0
080885,la Garriga,Barcelona,2022,76,28,34,14,5,3,58,10,66,1,7,13,1,33,3,0,0,0,0
080885,la Garriga,Barcelona,2023,89,41,32,16,5,7,74,3,86,0,8,7,4,43,12,0,0,0,0
080898,Gavà,Barcelona,2011,422,76,150,196,120,116,176,10,412,25,8,6,3,130,4,0,0,0,0
080898,Gavà,Barcelona,2012,424,77,143,204,137,104,172,11,413,28,4,16,2,114,8,0,0,0,0
080898,Gavà,Barcelona,2013,349,78,130,141,100,66,183,0,349,23,0,22,3,118,15,2,0,0,0
080898,Gavà,Barcelona,2014,316,55,126,135,86,80,149,1,315,15,5,18,1,100,7,3,0,0,0
080898,Gavà,Barcelona,2015,258,61,79,118,65,62,128,3,255,11,2,15,0,88,12,0,0,0,0
080898,Gavà,Barcelona,2016,244,57,67,120,77,54,112,1,243,8,6,8,0,83,7,0,0,0,0
080898,Gavà,Barcelona,2017,232,58,54,120,78,50,104,0,232,7,3,8,3,74,8,1,0,0,0
080898,Gavà,Barcelona,2018,261,58,94,109,77,41,143,0,261,16,8,7,3,99,10,0,0,0,0
080898,Gavà,Barcelona,2019,326,74,127,125,98,40,188,0,326,19,13,17,0,127,12,0,0,0,0
080898,Gavà,Barcelona,2020,133,41,37,55,31,18,67,17,116,8,5,6,1,45,2,0,0,0,0
080898,Gavà,Barcelona,2021,168,57,61,50,18,17,66,67,101,5,3,5,5,44,4,0,0,0,0
080898,Gavà,Barcelona,2022,142,60,46,36,22,13,101,6,136,3,11,8,0,75,4,0,0,0,0
080898,Gavà,Barcelona,2023,266,87,89,90,51,31,159,25,241,8,17,4,5,122,3,0,0,0,0
080902,Gaià,Barcelona,2011,1,0,1,0,0,0,1,0,1,0,0,1,0,0,0,0,0,0,0
080902,Gaià,Barcelona,2012,0,0,0,0,0,0,0,0,0,0,0,0,0,0,0,0,0,0,0
080902,Gaià,Barcelona,2013,0,0,0,0,0,0,0,0,0,0,0,0,0,0,0,0,0,0,0
080902,Gaià,Barcelona,2014,0,0,0,0,0,0,0,0,0,0,0,0,0,0,0,0,0,0,0
080902,Gaià,Barcelona,2015,0,0,0,0,0,0,0,0,0,0,0,0,0,0,0,0,0,0,0
080902,Gaià,Barcelona,2016,0,0,0,0,0,0,0,0,0,0,0,0,0,0,0,0,0,0,0
080902,Gaià,Barcelona,2017,0,0,0,0,0,0,0,0,0,0,0,0,0,0,0,0,0,0,0
080902,Gaià,Barcelona,2018,0,0,0,0,0,0,0,0,0,0,0,0,0,0,0,0,0,0,0
080902,Gaià,Barcelona,2019,0,0,0,0,0,0,0,0,0,0,0,0,0,0,0,0,0,0,0
080902,Gaià,Barcelona,2020,1,1,0,0,0,0,0,1,0,0,0,0,0,0,0,0,0,0,0
080902,Gaià,Barcelona,2021,0,0,0,0,0,0,0,0,0,0,0,0,0,0,0,0,0,0,0
080919,Gelida,Barcelona,2011,41,8,19,14,5,6,22,8,33,2,1,6,0,13,0,0,0,0,0
080919,Gelida,Barcelona,2012,20,5,6,9,6,2,12,0,20,0,0,5,0,7,0,0,0,0,0
080919,Gelida,Barcelona,2013,20,5,10,5,3,3,14,0,20,0,1,4,0,9,0,0,0,0,0
080919,Gelida,Barcelona,2014,24,8,6,10,6,3,15,0,24,0,7,4,0,3,0,1,0,0,0
080919,Gelida,Barcelona,2015,27,5,12,10,6,5,15,1,26,0,5,1,0,9,0,0,0,0,0
080919,Gelida,Barcelona,2016,22,5,5,12,3,4,14,1,21,3,5,0,0,5,0,1,0,0,0
080919,Gelida,Barcelona,2017,35,8,10,17,8,3,24,0,35,2,3,4,0,12,3,0,0,0,0
080919,Gelida,Barcelona,2018,38,6,14,18,12,3,23,0,38,2,3,4,0,13,1,0,0,0,0
080919,Gelida,Barcelona,2019,35,12,11,12,9,2,24,0,35,0,1,2,1,13,7,0,0,0,0
080919,Gelida,Barcelona,2020,7,4,1,2,2,1,3,1,6,0,0,1,0,2,0,0,0,0,0
080919,Gelida,Barcelona,2021,31,14,12,5,1,3,20,7,24,1,0,5,1,13,0,0,0,0,0
080919,Gelida,Barcelona,2022,31,15,9,7,5,4,18,4,27,0,2,1,0,14,0,1,0,0,0
080919,Gelida,Barcelona,2023,70,26,27,17,8,19,41,2,68,0,4,2,1,34,0,0,0,0,0
080924,Gironella,Barcelona,2011,36,1,25,10,6,8,19,3,33,4,0,11,0,4,0,0,0,0,0
080924,Gironella,Barcelona,2012,8,1,1,6,4,1,2,1,7,1,0,0,0,1,0,0,0,0,0
080924,Gironella,Barcelona,2013,17,14,1,2,2,3,12,0,17,3,1,7,0,1,0,0,0,0,0
080924,Gironella,Barcelona,2014,7,0,5,2,2,0,5,0,7,3,2,0,0,0,0,0,0,0,0
080924,Gironella,Barcelona,2015,4,1,0,3,3,0,1,0,4,0,0,1,0,0,0,0,0,0,0
080924,Gironella,Barcelona,2016,5,1,2,2,2,0,3,0,5,0,0,1,0,2,0,0,0,0,0
080924,Gironella,Barcelona,2017,4,2,1,1,1,0,3,0,4,0,0,0,0,3,0,0,0,0,0
080924,Gironella,Barcelona,2018,7,3,2,2,1,1,5,0,7,0,1,1,0,3,0,0,0,0,0
080924,Gironella,Barcelona,2019,23,16,3,4,3,0,20,0,23,1,0,10,1,8,0,0,0,0,0
080924,Gironella,Barcelona,2020,8,4,3,1,0,1,6,1,7,0,0,6,0,0,0,0,0,0,0
080924,Gironella,Barcelona,2021,8,3,2,3,0,3,3,2,6,0,0,3,0,0,0,0,0,0,0
080924,Gironella,Barcelona,2022,6,3,1,2,0,2,4,0,6,0,0,2,0,2,0,0,0,0,0
080924,Gironella,Barcelona,2023,3,1,0,2,2,0,1,0,3,0,0,1,0,0,0,0,0,0,0
080945,la Granada,Barcelona,2011,16,0,6,10,6,2,5,3,13,0,0,1,1,3,0,0,0,0,0
080945,la Granada,Barcelona,2012,16,0,1,15,13,3,0,0,16,0,0,0,0,0,0,0,0,0,0
080945,la Granada,Barcelona,2013,19,1,3,15,11,2,6,0,19,2,0,0,0,4,0,0,0,0,0
080945,la Granada,Barcelona,2014,17,3,4,10,5,2,10,0,17,1,0,1,0,8,0,0,0,0,0
080945,la Granada,Barcelona,2015,13,3,6,4,1,1,11,0,13,0,2,5,0,4,0,0,0,0,0
080945,la Granada,Barcelona,2016,8,2,4,2,0,2,6,0,8,0,0,3,3,0,0,0,0,0,0
080945,la Granada,Barcelona,2017,3,3,0,0,0,0,3,0,3,2,0,1,0,0,0,0,0,0,0
080945,la Granada,Barcelona,2018,7,5,1,1,1,1,5,0,7,2,0,3,0,0,0,0,0,0,0
080945,la Granada,Barcelona,2019,10,5,5,0,2,0,8,0,10,2,0,6,0,0,0,0,0,0,0
080945,la Granada,Barcelona,2020,6,1,2,3,3,0,3,0,6,0,0,3,0,0,0,0,0,0,0
080945,la Granada,Barcelona,2021,7,1,6,0,0,0,6,1,6,0,0,3,0,0,3,0,0,0,0
080945,la Granada,Barcelona,2022,5,2,2,1,1,0,4,0,5,1,0,0,0,0,3,0,0,0,0
080945,la Granada,Barcelona,2023,9,2,4,3,0,0,9,0,9,2,0,0,2,2,3,0,0,0,0
080961,Granollers,Barcelona,2011,1142,475,377,290,148,138,822,34,1108,52,16,201,182,346,25,0,0,0,0
080961,Granollers,Barcelona,2012,932,265,393,274,146,137,631,18,914,47,10,125,107,323,18,1,0,0,0
080961,Granollers,Barcelona,2013,718,191,281,246,120,143,446,9,709,32,7,95,52,250,10,0,0,0,0
080961,Granollers,Barcelona,2014,608,181,238,189,102,119,387,0,608,27,8,69,40,232,11,0,0,0,0
080961,Granollers,Barcelona,2015,616,183,237,196,101,140,372,3,613,21,24,52,30,227,16,2,0,0,0
080961,Granollers,Barcelona,2016,562,150,236,176,107,99,355,1,561,29,14,52,46,195,17,2,0,0,0
080961,Granollers,Barcelona,2017,634,215,256,163,105,90,439,0,634,29,13,59,54,262,20,2,0,0,0
080961,Granollers,Barcelona,2018,665,306,238,121,63,92,510,0,665,28,3,97,96,249,33,4,0,0,0
080961,Granollers,Barcelona,2019,1013,524,320,169,93,96,823,1,1012,19,6,219,214,334,19,12,0,0,0
080961,Granollers,Barcelona,2020,517,201,207,109,53,53,363,48,469,16,6,100,60,163,11,7,0,0,0
080961,Granollers,Barcelona,2021,626,249,220,157,65,57,312,192,434,12,10,74,39,169,5,3,0,0,0
080961,Granollers,Barcelona,2022,655,365,214,76,35,38,526,56,599,8,25,122,81,276,9,5,0,0,0
080961,Granollers,Barcelona,2023,880,420,333,127,58,52,737,33,847,16,33,83,104,469,25,7,0,0,0
080977,Gualba,Barcelona,2011,2,0,2,0,0,0,2,0,2,0,0,0,0,2,0,0,0,0,0
080977,Gualba,Barcelona,2012,5,1,2,2,2,0,3,0,5,0,0,0,0,3,0,0,0,0,0
080977,Gualba,Barcelona,2013,4,1,2,1,1,0,3,0,4,1,0,1,0,1,0,0,0,0,0
080977,Gualba,Barcelona,2014,2,0,1,1,1,1,0,0,2,0,0,0,0,0,0,0,0,0,0
080977,Gualba,Barcelona,2015,6,0,0,6,4,2,0,0,6,0,0,0,0,0,0,0,0,0,0
080977,Gualba,Barcelona,2016,17,5,4,8,6,2,9,0,17,0,0,4,0,5,0,0,0,0,0
080977,Gualba,Barcelona,2017,9,1,5,3,3,0,6,0,9,0,0,4,0,2,0,0,0,0,0
080977,Gualba,Barcelona,2018,7,4,2,1,1,0,6,0,7,0,0,1,0,5,0,0,0,0,0
080977,Gualba,Barcelona,2019,66,25,36,5,3,0,63,0,66,2,0,33,20,8,0,0,0,0,0
080977,Gualba,Barcelona,2020,31,4,22,5,2,0,29,0,31,4,0,16,6,3,0,0,0,0,0
080977,Gualba,Barcelona,2021,41,15,20,6,1,0,31,9,32,2,0,23,4,2,0,0,0,0,0
080977,Gualba,Barcelona,2022,3,2,1,0,0,0,3,0,3,0,0,2,0,1,0,0,0,0,0
080977,Gualba,Barcelona,2023,1,1,0,0,0,0,1,0,1,0,0,1,0,0,0,0,0,0,0
080983,Sant Salvador de Guardiola,Barcelona,2011,17,1,3,13,8,2,5,2,15,0,0,2,0,3,0,0,0,0,0
080983,Sant Salvador de Guardiola,Barcelona,2012,13,1,3,9,8,0,5,0,13,2,0,0,0,3,0,0,0,0,0
080983,Sant Salvador de Guardiola,Barcelona,2013,9,0,4,5,0,2,7,0,9,3,0,1,0,3,0,0,0,0,0
080983,Sant Salvador de Guardiola,Barcelona,2014,8,1,2,5,3,0,5,0,8,2,0,3,0,0,0,0,0,0,0
080983,Sant Salvador de Guardiola,Barcelona,2015,6,0,0,6,5,0,1,0,6,1,0,0,0,0,0,0,0,0,0
080983,Sant Salvador de Guardiola,Barcelona,2016,6,2,0,4,4,0,2,0,6,0,0,2,0,0,0,0,0,0,0
080983,Sant Salvador de Guardiola,Barcelona,2017,5,3,0,2,2,0,3,0,5,0,0,2,0,1,0,0,0,0,0
080983,Sant Salvador de Guardiola,Barcelona,2018,12,8,0,4,1,1,9,1,11,0,0,3,1,5,0,0,0,0,0
080983,Sant Salvador de Guardiola,Barcelona,2019,20,12,2,6,5,1,14,0,20,0,1,5,4,4,0,0,0,0,0
080983,Sant Salvador de Guardiola,Barcelona,2020,2,0,0,2,0,2,0,0,2,0,0,0,0,0,0,0,0,0,0
080983,Sant Salvador de Guardiola,Barcelona,2021,6,4,1,1,1,0,5,0,6,0,0,1,3,1,0,0,0,0,0
080983,Sant Salvador de Guardiola,Barcelona,2022,12,9,3,0,0,1,11,0,12,0,0,2,8,1,0,0,0,0,0
080983,Sant Salvador de Guardiola,Barcelona,2023,20,12,7,1,1,0,19,0,20,0,0,2,7,10,0,0,0,0,0
080996,Guardiola de Berguedà,Barcelona,2011,3,0,0,3,2,0,1,0,3,0,0,0,0,1,0,0,0,0,0
080996,Guardiola de Berguedà,Barcelona,2012,2,1,0,1,0,0,2,0,2,0,0,0,0,2,0,0,0,0,0
080996,Guardiola de Berguedà,Barcelona,2013,0,0,0,0,0,0,0,0,0,0,0,0,0,0,0,0,0,0,0
080996,Guardiola de Berguedà,Barcelona,2014,0,0,0,0,0,0,0,0,0,0,0,0,0,0,0,0,0,0,0
080996,Guardiola de Berguedà,Barcelona,2015,2,0,0,2,1,0,1,0,2,0,0,0,0,1,0,0,0,0,0
080996,Guardiola de Berguedà,Barcelona,2016,0,0,0,0,0,0,0,0,0,0,0,0,0,0,0,0,0,0,0
080996,Guardiola de Berguedà,Barcelona,2017,1,1,0,0,0,0,1,0,1,0,0,0,0,1,0,0,0,0,0
080996,Guardiola de Berguedà,Barcelona,2018,3,0,2,1,0,1,2,0,3,0,0,0,0,2,0,0,0,0,0
080996,Guardiola de Berguedà,Barcelona,2019,0,0,0,0,0,0,0,0,0,0,0,0,0,0,0,0,0,0,0
080996,Guardiola de Berguedà,Barcelona,2020,2,1,0,1,0,0,2,0,2,0,0,0,0,2,0,0,0,0,0
080996,Guardiola de Berguedà,Barcelona,2021,5,4,0,1,0,0,5,0,5,0,0,0,0,5,0,0,0,0,0
080996,Guardiola de Berguedà,Barcelona,2022,5,2,1,2,2,0,3,0,5,0,0,0,0,3,0,0,0,0,0
080996,Guardiola de Berguedà,Barcelona,2023,5,2,2,1,1,0,4,0,5,0,0,0,0,4,0,0,0,0,0
081000,Gurb,Barcelona,2011,13,1,4,8,6,0,7,0,13,2,0,2,0,3,0,0,0,0,0
081000,Gurb,Barcelona,2012,21,3,7,11,10,4,7,0,21,2,1,2,0,2,0,0,0,0,0
081000,Gurb,Barcelona,2013,10,1,1,8,5,3,2,0,10,0,0,1,0,1,0,0,0,0,0
081000,Gurb,Barcelona,2014,4,0,0,4,1,3,0,0,4,0,0,0,0,0,0,0,0,0,0
081000,Gurb,Barcelona,2015,7,2,2,3,2,1,4,0,7,1,0,0,0,3,0,0,0,0,0
081000,Gurb,Barcelona,2016,9,3,4,2,1,1,7,0,9,1,0,1,0,3,2,0,0,0,0
081000,Gurb,Barcelona,2017,3,0,1,2,2,0,1,0,3,0,0,0,0,0,1,0,0,0,0
081000,Gurb,Barcelona,2018,3,0,1,2,2,0,1,0,3,0,0,0,0,1,0,0,0,0,0
081000,Gurb,Barcelona,2019,7,1,4,2,1,1,5,0,7,0,0,0,0,5,0,0,0,0,0
081000,Gurb,Barcelona,2020,1,0,0,1,0,0,1,0,1,0,0,0,0,1,0,0,0,0,0
081000,Gurb,Barcelona,2021,1,0,0,1,0,0,0,1,0,0,0,0,0,0,0,0,0,0,0
081000,Gurb,Barcelona,2022,3,2,1,0,0,0,3,0,3,0,0,0,0,3,0,0,0,0,0
081000,Gurb,Barcelona,2023,3,0,3,0,0,0,3,0,3,0,0,0,0,3,0,0,0,0,0
081017,l'Hospitalet de Llobregat,Barcelona,2011,4149,1537,1551,1061,681,679,2737,52,4097,136,50,101,55,2258,134,3,0,0,0
081017,l'Hospitalet de Llobregat,Barcelona,2012,4198,1996,1320,882,552,617,3009,20,4178,137,61,147,80,2281,298,5,0,0,0
081017,l'Hospitalet de Llobregat,Barcelona,2013,3649,1821,1187,641,468,517,2648,16,3633,109,77,162,100,1906,293,1,0,0,0
081017,l'Hospitalet de Llobregat,Barcelona,2014,2910,1572,860,478,338,437,2129,6,2904,75,58,175,78,1467,275,1,0,0,0
081017,l'Hospitalet de Llobregat,Barcelona,2015,2981,1619,878,484,318,379,2269,15,2966,70,56,152,93,1634,259,5,0,0,0
081017,l'Hospitalet de Llobregat,Barcelona,2016,3185,1669,1044,472,330,306,2535,14,3171,70,83,189,91,1716,380,6,0,0,0
081017,l'Hospitalet de Llobregat,Barcelona,2017,3367,1802,1157,408,274,280,2813,0,3367,71,90,166,69,1974,439,4,0,0,0
081017,l'Hospitalet de Llobregat,Barcelona,2018,3644,1879,1281,484,291,295,3053,5,3639,71,72,196,75,2184,445,10,0,0,0
081017,l'Hospitalet de Llobregat,Barcelona,2019,3938,2025,1428,485,283,261,3385,9,3929,78,70,183,47,2566,429,12,0,0,0
081017,l'Hospitalet de Llobregat,Barcelona,2020,2305,1164,816,325,139,153,1860,153,2152,51,43,98,43,1419,200,6,0,0,0
081017,l'Hospitalet de Llobregat,Barcelona,2021,2693,1231,1053,409,100,173,1474,946,1747,45,19,81,28,1186,114,1,0,0,0
081017,l'Hospitalet de Llobregat,Barcelona,2022,2884,1778,835,271,99,132,2278,375,2509,41,37,135,30,1859,175,1,0,0,0
081017,l'Hospitalet de Llobregat,Barcelona,2023,3943,2014,1481,448,225,218,3252,248,3695,55,44,89,79,2767,215,3,0,0,0
081022,Igualada,Barcelona,2011,674,228,209,237,146,65,443,20,654,41,18,198,9,166,11,0,0,0,0
081022,Igualada,Barcelona,2012,491,141,156,194,139,48,294,10,481,36,9,82,22,135,9,1,0,0,0
081022,Igualada,Barcelona,2013,388,146,114,128,94,46,247,1,387,24,5,83,15,98,20,2,0,0,0
081022,Igualada,Barcelona,2014,364,127,99,138,98,45,221,0,364,15,7,90,13,83,11,2,0,0,0
081022,Igualada,Barcelona,2015,349,100,101,148,105,40,204,0,349,15,12,82,11,71,13,0,0,0,0
081022,Igualada,Barcelona,2016,333,88,114,131,87,50,195,1,332,17,11,58,5,100,4,0,0,0,0
081022,Igualada,Barcelona,2017,336,129,92,115,68,35,233,0,336,12,14,70,8,119,8,2,0,0,0
081022,Igualada,Barcelona,2018,391,184,116,91,46,43,302,0,391,13,13,95,8,153,19,1,0,0,0
081022,Igualada,Barcelona,2019,507,225,182,100,54,38,415,0,507,12,14,118,7,245,16,3,0,0,0
081022,Igualada,Barcelona,2020,338,142,144,52,25,18,253,42,296,9,9,75,11,143,6,0,0,0,0
081022,Igualada,Barcelona,2021,428,178,195,55,17,14,291,106,322,5,16,94,21,148,7,0,0,0,0
081022,Igualada,Barcelona,2022,541,331,180,30,10,23,489,19,522,5,41,161,17,242,20,3,0,0,0
081022,Igualada,Barcelona,2023,699,346,302,51,31,32,623,13,686,10,42,179,18,348,20,6,0,0,0
081038,Jorba,Barcelona,2011,4,0,0,4,0,2,1,1,3,0,0,0,0,1,0,0,0,0,0
081038,Jorba,Barcelona,2012,1,0,1,0,0,0,1,0,1,1,0,0,0,0,0,0,0,0,0
081038,Jorba,Barcelona,2013,0,0,0,0,0,0,0,0,0,0,0,0,0,0,0,0,0,0,0
081038,Jorba,Barcelona,2014,0,0,0,0,0,0,0,0,0,0,0,0,0,0,0,0,0,0,0
081038,Jorba,Barcelona,2015,3,1,0,2,0,0,3,0,3,1,0,0,0,2,0,0,0,0,0
081038,Jorba,Barcelona,2016,2,0,0,2,1,0,1,0,2,0,0,0,0,1,0,0,0,0,0
081038,Jorba,Barcelona,2017,5,0,0,5,5,0,0,0,5,0,0,0,0,0,0,0,0,0,0
081038,Jorba,Barcelona,2018,3,0,0,3,3,0,0,0,3,0,0,0,0,0,0,0,0,0,0
081038,Jorba,Barcelona,2019,3,1,0,2,2,0,1,0,3,0,0,1,0,0,0,0,0,0,0
081038,Jorba,Barcelona,2020,2,0,1,1,1,0,1,0,2,0,0,1,0,0,0,0,0,0,0
081038,Jorba,Barcelona,2021,0,0,0,0,0,0,0,0,0,0,0,0,0,0,0,0,0,0,0
081038,Jorba,Barcelona,2022,2,2,0,0,0,0,2,0,2,2,0,0,0,0,0,0,0,0,0
081043,La Llacuna,Barcelona,2011,14,13,0,1,0,1,12,1,13,4,0,7,0,1,0,0,0,0,0
081043,La Llacuna,Barcelona,2012,0,0,0,0,0,0,0,0,0,0,0,0,0,0,0,0,0,0,0
081043,La Llacuna,Barcelona,2013,0,0,0,0,0,0,0,0,0,0,0,0,0,0,0,0,0,0,0
081043,La Llacuna,Barcelona,2014,0,0,0,0,0,0,0,0,0,0,0,0,0,0,0,0,0,0,0
081043,La Llacuna,Barcelona,2015,0,0,0,0,0,0,0,0,0,0,0,0,0,0,0,0,0,0,0
081043,La Llacuna,Barcelona,2016,2,0,0,2,2,0,0,0,2,0,0,0,0,0,0,0,0,0,0
081043,La Llacuna,Barcelona,2017,2,1,0,1,1,0,1,0,2,0,0,0,0,1,0,0,0,0,0
081043,La Llacuna,Barcelona,2018,0,0,0,0,0,0,0,0,0,0,0,0,0,0,0,0,0,0,0
081043,La Llacuna,Barcelona,2019,2,2,0,0,0,0,2,0,2,1,0,0,0,1,0,0,0,0,0
081043,La Llacuna,Barcelona,2020,0,0,0,0,0,0,0,0,0,0,0,0,0,0,0,0,0,0,0
081043,La Llacuna,Barcelona,2021,0,0,0,0,0,0,0,0,0,0,0,0,0,0,0,0,0,0,0
081043,La Llacuna,Barcelona,2022,1,1,0,0,0,0,1,0,1,0,0,0,0,1,0,0,0,0,0
081043,La Llacuna,Barcelona,2023,2,1,1,0,0,1,1,0,2,0,0,0,0,1,0,0,0,0,0
081056,la Llagosta,Barcelona,2011,167,22,79,66,55,44,68,0,167,10,3,2,0,52,1,0,0,0,0
081056,la Llagosta,Barcelona,2012,150,42,48,60,47,40,63,0,150,4,4,6,3,45,1,0,0,0,0
081056,la Llagosta,Barcelona,2013,96,17,39,40,27,26,43,0,96,6,0,4,1,32,0,0,0,0,0
081056,la Llagosta,Barcelona,2014,63,25,18,20,13,10,40,0,63,0,0,3,1,33,3,0,0,0,0
081056,la Llagosta,Barcelona,2015,68,26,30,12,16,11,41,0,68,3,1,2,1,32,2,0,0,0,0
081056,la Llagosta,Barcelona,2016,96,37,34,25,21,9,66,0,96,2,2,6,1,51,4,0,0,0,0
081056,la Llagosta,Barcelona,2017,99,24,44,31,25,11,63,0,99,3,2,4,3,46,2,3,0,0,0
081056,la Llagosta,Barcelona,2018,72,19,24,29,19,14,39,0,72,1,1,5,2,29,0,1,0,0,0
081056,la Llagosta,Barcelona,2019,71,18,27,26,26,14,31,0,71,1,0,2,0,24,4,0,0,0,0
081056,la Llagosta,Barcelona,2020,40,13,12,15,9,5,26,0,40,1,0,2,0,22,1,0,0,0,0
081056,la Llagosta,Barcelona,2021,41,17,12,12,5,4,26,6,35,0,0,0,0,26,0,0,0,0,0
081056,la Llagosta,Barcelona,2022,65,36,20,9,3,4,48,10,55,0,1,3,0,43,0,1,0,0,0
081056,la Llagosta,Barcelona,2023,108,44,53,11,16,6,84,2,106,1,1,6,1,75,0,0,0,0,0
081069,Llinars del Vallès,Barcelona,2011,119,27,41,51,33,15,71,0,119,8,2,16,7,37,1,0,0,0,0
081069,Llinars del Vallès,Barcelona,2012,121,24,56,41,37,18,65,1,120,2,2,14,5,40,2,0,0,0,0
081069,Llinars del Vallès,Barcelona,2013,74,5,39,30,25,19,29,1,73,2,0,2,1,24,0,0,0,0,0
081069,Llinars del Vallès,Barcelona,2014,90,17,48,25,22,19,49,0,90,4,0,8,5,31,1,0,0,0,0
081069,Llinars del Vallès,Barcelona,2015,90,24,16,50,29,14,47,0,90,6,0,5,0,29,6,1,0,0,0
081069,Llinars del Vallès,Barcelona,2016,46,10,15,21,17,10,19,0,46,7,1,1,0,8,2,0,0,0,0
081069,Llinars del Vallès,Barcelona,2017,56,12,17,27,20,11,25,0,56,8,2,0,0,12,3,0,0,0,0
081069,Llinars del Vallès,Barcelona,2018,100,56,19,25,18,6,76,0,100,7,4,30,2,29,4,0,0,0,0
081069,Llinars del Vallès,Barcelona,2019,117,65,24,28,20,10,87,0,117,5,1,33,4,37,7,0,0,0,0
081069,Llinars del Vallès,Barcelona,2020,60,16,34,10,5,9,44,2,58,2,1,3,3,31,4,0,0,0,0
081069,Llinars del Vallès,Barcelona,2021,52,22,22,8,3,5,33,11,41,2,3,4,2,21,1,0,0,0,0
081069,Llinars del Vallès,Barcelona,2022,63,35,17,11,6,7,50,0,63,3,0,2,4,39,2,0,0,0,0
081069,Llinars del Vallès,Barcelona,2023,94,34,41,19,8,11,75,0,94,7,0,3,2,59,3,1,0,0,0
081075,Lliçà d'Amunt,Barcelona,2011,104,12,37,55,48,17,36,3,101,5,0,1,0,29,1,0,0,0,0
081075,Lliçà d'Amunt,Barcelona,2012,53,7,15,31,22,13,18,0,53,4,0,2,1,11,0,0,0,0,0
081075,Lliçà d'Amunt,Barcelona,2013,37,3,14,20,17,11,9,0,37,4,0,0,0,5,0,0,0,0,0
081075,Lliçà d'Amunt,Barcelona,2014,46,13,13,20,21,14,11,0,46,4,0,0,0,7,0,0,0,0,0
081075,Lliçà d'Amunt,Barcelona,2015,64,7,29,28,32,14,18,0,64,3,4,0,0,11,0,0,0,0,0
081075,Lliçà d'Amunt,Barcelona,2016,52,5,23,24,24,7,21,0,52,2,4,0,0,15,0,0,0,0,0
081075,Lliçà d'Amunt,Barcelona,2017,42,4,16,22,14,7,21,0,42,3,4,0,0,14,0,0,0,0,0
081075,Lliçà d'Amunt,Barcelona,2018,36,4,11,21,11,9,16,0,36,1,5,0,0,10,0,0,0,0,0
081075,Lliçà d'Amunt,Barcelona,2019,22,3,8,11,5,7,10,0,22,0,2,0,0,8,0,0,0,0,0
081075,Lliçà d'Amunt,Barcelona,2020,13,4,5,4,3,1,8,1,12,0,0,1,0,7,0,0,0,0,0
081075,Lliçà d'Amunt,Barcelona,2021,10,3,4,3,0,2,5,3,7,0,0,0,0,4,1,0,0,0,0
081075,Lliçà d'Amunt,Barcelona,2022,21,9,2,10,7,3,10,1,20,0,2,0,1,6,1,0,0,0,0
081075,Lliçà d'Amunt,Barcelona,2023,30,6,13,11,10,5,15,0,30,1,1,0,0,13,0,0,0,0,0
081081,Lliçà de Vall,Barcelona,2011,22,2,12,8,13,3,4,2,20,0,0,0,0,4,0,0,0,0,0
081081,Lliçà de Vall,Barcelona,2012,21,2,6,13,13,3,4,1,20,2,0,0,0,2,0,0,0,0,0
081081,Lliçà de Vall,Barcelona,2013,24,2,8,14,9,5,9,1,23,1,1,0,0,7,0,0,0,0,0
081081,Lliçà de Vall,Barcelona,2014,19,3,5,11,7,1,10,1,18,0,0,2,0,8,0,0,0,0,0
081081,Lliçà de Vall,Barcelona,2015,18,4,6,8,3,2,12,1,17,1,0,5,0,5,1,0,0,0,0
081081,Lliçà de Vall,Barcelona,2016,10,0,5,5,4,3,3,0,10,2,0,0,0,1,0,0,0,0,0
081081,Lliçà de Vall,Barcelona,2017,19,7,3,9,7,1,10,1,18,2,0,6,0,1,1,0,0,0,0
081081,Lliçà de Vall,Barcelona,2018,17,4,4,9,6,3,8,0,17,1,0,3,0,4,0,0,0,0,0
081081,Lliçà de Vall,Barcelona,2019,21,2,5,14,6,5,10,0,21,4,0,0,0,6,0,0,0,0,0
081081,Lliçà de Vall,Barcelona,2020,11,0,0,11,6,4,1,0,11,1,0,0,0,0,0,0,0,0,0
081081,Lliçà de Vall,Barcelona,2021,1,0,1,0,0,0,1,0,1,0,0,0,0,1,0,0,0,0,0
081081,Lliçà de Vall,Barcelona,2022,7,3,2,2,1,0,6,0,7,0,0,0,0,6,0,0,0,0,0
081081,Lliçà de Vall,Barcelona,2023,18,6,5,7,5,0,13,0,18,2,0,2,0,9,0,0,0,0,0
081108,Malgrat de Mar,Barcelona,2011,95,27,27,41,29,20,44,2,93,7,0,8,5,21,3,0,0,0,0
081108,Malgrat de Mar,Barcelona,2012,56,7,15,34,21,13,22,0,56,4,0,1,2,15,0,0,0,0,0
081108,Malgrat de Mar,Barcelona,2013,49,9,17,23,15,6,28,0,49,9,0,1,0,14,4,0,0,0,0
081108,Malgrat de Mar,Barcelona,2014,50,15,16,19,7,9,34,0,50,8,2,3,2,14,5,0,0,0,0
081108,Malgrat de Mar,Barcelona,2015,42,6,16,20,12,6,24,0,42,8,1,2,0,9,4,0,0,0,0
081108,Malgrat de Mar,Barcelona,2016,32,3,12,17,9,6,17,0,32,5,2,1,0,6,3,0,0,0,0
081108,Malgrat de Mar,Barcelona,2017,37,5,14,18,8,6,23,0,37,10,0,0,2,9,2,0,0,0,0
081108,Malgrat de Mar,Barcelona,2018,34,4,10,20,9,7,18,0,34,5,1,1,0,9,2,0,0,0,0
081108,Malgrat de Mar,Barcelona,2019,31,3,17,11,7,8,16,0,31,9,0,0,0,7,0,0,0,0,0
081108,Malgrat de Mar,Barcelona,2020,15,1,5,9,5,7,2,1,14,0,0,0,0,1,1,0,0,0,0
081108,Malgrat de Mar,Barcelona,2021,38,13,16,9,2,5,11,20,18,4,0,0,0,6,1,0,0,0,0
081108,Malgrat de Mar,Barcelona,2022,35,21,9,5,2,3,29,1,34,0,0,10,1,17,1,0,0,0,0
081108,Malgrat de Mar,Barcelona,2023,89,38,33,18,13,4,72,0,89,4,2,3,1,59,3,0,0,0,0
081115,Malla,Barcelona,2011,0,0,0,0,0,0,0,0,0,0,0,0,0,0,0,0,0,0,0
081115,Malla,Barcelona,2012,0,0,0,0,0,0,0,0,0,0,0,0,0,0,0,0,0,0,0
081115,Malla,Barcelona,2013,0,0,0,0,0,0,0,0,0,0,0,0,0,0,0,0,0,0,0
081115,Malla,Barcelona,2014,0,0,0,0,0,0,0,0,0,0,0,0,0,0,0,0,0,0,0
081115,Malla,Barcelona,2015,0,0,0,0,0,0,0,0,0,0,0,0,0,0,0,0,0,0,0
081115,Malla,Barcelona,2016,0,0,0,0,0,0,0,0,0,0,0,0,0,0,0,0,0,0,0
081115,Malla,Barcelona,2017,1,0,1,0,0,0,1,0,1,0,0,0,0,1,0,0,0,0,0
081115,Malla,Barcelona,2018,3,2,1,0,0,0,3,0,3,0,0,0,1,1,1,0,0,0,0
081115,Malla,Barcelona,2019,3,1,2,0,0,0,3,0,3,0,0,0,1,0,2,0,0,0,0
081115,Malla,Barcelona,2020,1,1,0,0,0,0,1,0,1,0,0,0,1,0,0,0,0,0,0
081115,Malla,Barcelona,2021,0,0,0,0,0,0,0,0,0,0,0,0,0,0,0,0,0,0,0
081115,Malla,Barcelona,2022,2,0,1,1,1,0,1,0,2,0,0,0,0,0,1,0,0,0,0
081115,Malla,Barcelona,2023,4,2,1,1,1,0,3,0,4,1,0,1,0,0,1,0,0,0,0
081120,Manlleu,Barcelona,2011,517,190,258,69,28,14,421,54,463,28,7,290,41,50,5,0,0,0,0
081120,Manlleu,Barcelona,2012,426,183,188,55,33,16,354,23,403,16,7,258,33,34,3,3,0,0,0
081120,Manlleu,Barcelona,2013,354,197,114,43,26,19,299,10,344,14,1,203,20,37,24,0,0,0,0
081120,Manlleu,Barcelona,2014,177,83,72,22,11,8,151,7,170,4,0,103,19,23,1,1,0,0,0
081120,Manlleu,Barcelona,2015,251,122,111,18,9,2,236,4,247,9,3,173,27,14,5,5,0,0,0
081120,Manlleu,Barcelona,2016,305,148,131,26,17,12,273,3,302,9,1,217,9,31,6,0,0,0,0
081120,Manlleu,Barcelona,2017,292,177,100,15,7,7,277,1,291,5,2,189,27,47,7,0,0,0,0
081120,Manlleu,Barcelona,2018,366,219,132,15,7,6,353,0,366,3,3,233,40,64,10,0,0,0,0
081120,Manlleu,Barcelona,2019,453,293,149,11,8,2,442,1,452,9,6,286,49,81,11,0,0,0,0
081120,Manlleu,Barcelona,2020,213,116,93,4,3,6,202,2,211,6,1,105,16,73,1,0,0,0,0
081120,Manlleu,Barcelona,2021,217,112,77,28,22,6,163,26,191,5,0,81,20,55,2,0,0,0,0
081120,Manlleu,Barcelona,2022,254,164,85,5,3,3,244,4,250,3,7,128,22,81,3,0,0,0,0
081120,Manlleu,Barcelona,2023,235,97,127,11,5,3,225,2,233,9,5,106,22,79,4,0,0,0,0
081136,Manresa,Barcelona,2011,1262,377,531,354,196,85,971,10,1252,94,52,362,115,315,32,1,0,0,0
081136,Manresa,Barcelona,2012,1136,357,497,282,155,94,886,1,1135,70,57,413,82,240,23,1,0,0,0
081136,Manresa,Barcelona,2013,810,234,327,249,132,71,605,2,808,51,42,219,65,197,31,0,0,0,0
081136,Manresa,Barcelona,2014,749,283,225,241,138,68,543,0,749,47,36,218,58,141,40,3,0,0,0
081136,Manresa,Barcelona,2015,743,330,234,179,100,61,579,3,740,59,56,229,56,143,34,2,0,0,0
081136,Manresa,Barcelona,2016,868,435,247,186,102,60,706,0,868,62,43,303,42,219,37,0,0,0,0
081136,Manresa,Barcelona,2017,989,528,281,180,93,54,836,6,983,64,44,356,36,279,56,1,0,0,0
081136,Manresa,Barcelona,2018,1174,612,418,144,77,48,1037,12,1162,69,33,520,52,323,38,2,0,0,0
081136,Manresa,Barcelona,2019,1582,877,548,157,77,53,1432,20,1562,50,21,793,69,429,70,0,0,0,0
081136,Manresa,Barcelona,2020,823,393,355,75,29,14,673,107,716,23,18,275,29,304,22,2,0,0,0
081136,Manresa,Barcelona,2021,1327,718,467,142,46,36,800,445,882,23,15,275,46,386,49,6,0,0,0
081136,Manresa,Barcelona,2022,1393,882,417,94,29,39,1040,285,1108,19,52,361,72,479,55,2,0,0,0
081136,Manresa,Barcelona,2023,1565,821,621,123,41,62,1312,150,1415,20,32,427,69,722,42,0,0,0,0
081141,Martorell,Barcelona,2011,424,144,147,133,63,64,245,52,372,5,2,80,28,119,11,0,0,0,0
081141,Martorell,Barcelona,2012,356,88,178,90,72,46,224,14,342,4,1,83,35,94,6,1,0,0,0
081141,Martorell,Barcelona,2013,262,62,126,74,69,52,141,0,262,5,0,45,36,47,8,0,0,0,0
081141,Martorell,Barcelona,2014,169,42,85,42,35,45,89,0,169,3,1,37,13,29,5,1,0,0,0
081141,Martorell,Barcelona,2015,201,88,83,30,23,42,136,0,201,7,5,68,17,30,9,0,0,0,0
081141,Martorell,Barcelona,2016,286,101,89,96,58,57,169,2,284,4,7,60,22,71,5,0,0,0,0
081141,Martorell,Barcelona,2017,296,106,82,108,68,47,178,3,293,4,7,77,16,70,3,1,0,0,0
081141,Martorell,Barcelona,2018,366,118,133,115,74,44,247,1,365,4,5,121,22,86,9,0,0,0,0
081141,Martorell,Barcelona,2019,405,189,117,99,67,34,301,3,402,3,5,138,31,114,10,0,0,0,0
081141,Martorell,Barcelona,2020,308,178,85,45,32,24,249,3,305,3,2,109,24,95,16,0,0,0,0
081141,Martorell,Barcelona,2021,194,80,80,34,25,8,130,31,163,6,2,45,12,62,3,0,0,0,0
081141,Martorell,Barcelona,2022,320,201,90,29,14,13,281,12,308,4,10,101,15,135,16,0,0,0,0
081141,Martorell,Barcelona,2023,431,206,173,52,27,33,358,13,418,6,13,97,20,217,5,0,0,0,0
081154,Martorelles,Barcelona,2011,35,7,11,17,18,6,10,1,34,0,0,1,0,9,0,0,0,0,0
081154,Martorelles,Barcelona,2012,25,5,7,13,11,4,10,0,25,2,0,0,0,8,0,0,0,0,0
081154,Martorelles,Barcelona,2013,18,3,2,13,9,2,7,0,18,2,0,0,0,5,0,0,0,0,0
081154,Martorelles,Barcelona,2014,18,1,8,9,5,4,9,0,18,2,0,0,0,7,0,0,0,0,0
081154,Martorelles,Barcelona,2015,21,8,9,4,1,13,7,0,21,0,0,0,0,7,0,0,0,0,0
081154,Martorelles,Barcelona,2016,20,1,10,9,5,5,10,0,20,1,0,0,0,9,0,0,0,0,0
081154,Martorelles,Barcelona,2017,24,8,6,10,6,4,14,0,24,0,1,0,0,13,0,0,0,0,0
081154,Martorelles,Barcelona,2018,26,8,4,14,7,3,16,0,26,1,3,1,0,9,2,0,0,0,0
081154,Martorelles,Barcelona,2019,34,5,6,23,14,9,11,0,34,0,2,3,0,6,0,0,0,0,0
081154,Martorelles,Barcelona,2020,14,4,4,6,8,1,4,1,13,0,0,0,0,4,0,0,0,0,0
081154,Martorelles,Barcelona,2021,12,5,5,2,0,0,5,7,5,1,0,0,0,4,0,0,0,0,0
081154,Martorelles,Barcelona,2022,40,11,21,8,4,0,23,13,27,4,2,0,0,16,1,0,0,0,0
081154,Martorelles,Barcelona,2023,26,3,15,8,6,2,14,4,22,3,0,0,0,11,0,0,0,0,0
081167,les Masies de Roda,Barcelona,2011,1,0,1,0,0,1,0,0,1,0,0,0,0,0,0,0,0,0,0
081167,les Masies de Roda,Barcelona,2012,1,0,0,1,1,0,0,0,1,0,0,0,0,0,0,0,0,0,0
081167,les Masies de Roda,Barcelona,2013,2,0,1,1,1,0,1,0,2,0,0,0,0,0,1,0,0,0,0
081167,les Masies de Roda,Barcelona,2014,0,0,0,0,0,0,0,0,0,0,0,0,0,0,0,0,0,0,0
081167,les Masies de Roda,Barcelona,2015,0,0,0,0,0,0,0,0,0,0,0,0,0,0,0,0,0,0,0
081167,les Masies de Roda,Barcelona,2016,3,1,1,1,1,0,2,0,3,0,0,0,0,2,0,0,0,0,0
081167,les Masies de Roda,Barcelona,2017,2,0,0,2,2,0,0,0,2,0,0,0,0,0,0,0,0,0,0
081167,les Masies de Roda,Barcelona,2018,3,2,0,1,1,0,2,0,3,0,0,2,0,0,0,0,0,0,0
081167,les Masies de Roda,Barcelona,2019,2,1,1,0,0,0,2,0,2,0,0,0,0,2,0,0,0,0,0
081167,les Masies de Roda,Barcelona,2020,4,1,3,0,0,0,4,0,4,0,0,0,0,4,0,0,0,0,0
081167,les Masies de Roda,Barcelona,2021,1,0,1,0,0,0,1,0,1,0,0,0,0,1,0,0,0,0,0
081167,les Masies de Roda,Barcelona,2023,24,20,2,2,3,1,20,0,24,0,0,8,6,3,3,0,0,0,0
081173,Les Masies de Voltregà,Barcelona,2011,19,3,5,11,8,1,7,3,16,0,1,2,1,3,0,0,0,0,0
081173,Les Masies de Voltregà,Barcelona,2012,3,0,2,1,1,0,2,0,3,0,0,0,0,2,0,0,0,0,0
081173,Les Masies de Voltregà,Barcelona,2013,9,3,2,4,2,2,5,0,9,3,0,0,0,2,0,0,0,0,0
081173,Les Masies de Voltregà,Barcelona,2014,8,1,3,4,3,1,4,0,8,2,0,0,0,2,0,0,0,0,0
081173,Les Masies de Voltregà,Barcelona,2015,4,1,2,1,1,0,3,0,4,1,0,0,0,2,0,0,0,0,0
081173,Les Masies de Voltregà,Barcelona,2016,2,0,0,2,2,0,0,0,2,0,0,0,0,0,0,0,0,0,0
081173,Les Masies de Voltregà,Barcelona,2017,4,2,0,2,2,0,2,0,4,0,0,0,1,0,0,1,0,0,0
081173,Les Masies de Voltregà,Barcelona,2018,5,1,4,0,0,1,4,0,5,0,0,2,1,0,0,1,0,0,0
081173,Les Masies de Voltregà,Barcelona,2019,8,7,1,0,0,1,7,0,8,0,0,3,0,0,4,0,0,0,0
081173,Les Masies de Voltregà,Barcelona,2020,1,1,0,0,0,0,1,0,1,0,0,0,0,0,1,0,0,0,0
081173,Les Masies de Voltregà,Barcelona,2021,6,6,0,0,0,0,6,0,6,0,0,2,0,3,1,0,0,0,0
081173,Les Masies de Voltregà,Barcelona,2022,9,7,0,2,0,0,9,0,9,0,0,3,0,4,2,0,0,0,0
081173,Les Masies de Voltregà,Barcelona,2023,4,3,0,1,0,0,4,0,4,0,0,1,1,2,0,0,0,0,0
081189,el Masnou,Barcelona,2011,136,32,19,85,40,36,58,2,134,12,4,2,0,39,1,0,0,0,0
081189,el Masnou,Barcelona,2012,183,65,61,57,34,38,108,3,180,13,8,6,2,76,3,0,0,0,0
081189,el Masnou,Barcelona,2013,225,63,72,90,48,45,126,6,219,18,7,27,4,66,4,0,0,0,0
081189,el Masnou,Barcelona,2014,177,13,89,75,46,42,87,2,175,8,5,9,0,58,2,5,0,0,0
081189,el Masnou,Barcelona,2015,168,43,29,96,53,41,73,1,167,12,6,3,1,42,5,4,0,0,0
081189,el Masnou,Barcelona,2016,230,34,84,112,61,49,120,0,230,24,16,8,0,66,3,3,0,0,0
081189,el Masnou,Barcelona,2017,210,34,82,94,56,32,122,0,210,9,14,5,1,83,7,3,0,0,0
081189,el Masnou,Barcelona,2018,199,51,64,84,45,30,123,1,198,19,9,12,0,75,5,3,0,0,0
081189,el Masnou,Barcelona,2019,226,98,70,58,29,17,178,2,224,25,6,65,3,74,4,1,0,0,0
081189,el Masnou,Barcelona,2020,93,24,44,25,9,10,54,20,73,18,1,6,3,25,1,0,0,0,0
081189,el Masnou,Barcelona,2021,154,55,57,42,6,16,69,63,91,12,1,22,2,31,1,0,0,0,0
081189,el Masnou,Barcelona,2022,138,56,58,24,13,9,98,18,120,8,8,5,2,69,5,1,0,0,0
081189,el Masnou,Barcelona,2023,171,71,64,36,12,18,131,10,161,12,14,4,2,91,4,4,0,0,0
081192,Masquefa,Barcelona,2011,55,17,9,29,17,8,20,10,45,6,1,7,1,3,2,0,0,0,0
081192,Masquefa,Barcelona,2012,38,4,16,18,21,5,8,4,34,0,0,2,0,2,4,0,0,0,0
081192,Masquefa,Barcelona,2013,16,0,10,6,6,4,6,0,16,0,0,1,0,5,0,0,0,0,0
081192,Masquefa,Barcelona,2014,8,2,4,2,3,2,3,0,8,0,0,1,0,2,0,0,0,0,0
081192,Masquefa,Barcelona,2015,25,20,2,3,3,4,18,0,25,1,0,8,0,8,1,0,0,0,0
081192,Masquefa,Barcelona,2016,38,2,32,4,11,8,19,0,38,1,1,6,0,11,0,0,0,0,0
081192,Masquefa,Barcelona,2017,14,9,3,2,1,1,12,0,14,0,0,3,0,8,1,0,0,0,0
081192,Masquefa,Barcelona,2018,26,15,6,5,6,0,20,0,26,0,2,8,0,5,5,0,0,0,0
081192,Masquefa,Barcelona,2019,39,19,12,8,7,3,29,0,39,2,3,5,2,13,4,0,0,0,0
081192,Masquefa,Barcelona,2020,11,1,7,3,2,3,6,0,11,0,0,0,0,6,0,0,0,0,0
081192,Masquefa,Barcelona,2021,13,3,6,4,1,3,5,4,9,0,3,0,2,0,0,0,0,0,0
081192,Masquefa,Barcelona,2022,20,12,5,3,0,4,16,0,20,0,4,4,0,8,0,0,0,0,0
081192,Masquefa,Barcelona,2023,31,7,18,6,5,5,21,0,31,0,0,4,0,17,0,0,0,0,0
081206,Matadepera,Barcelona,2011,23,1,5,17,14,2,7,0,23,0,3,0,0,4,0,0,0,0,0
081206,Matadepera,Barcelona,2012,19,1,5,13,8,2,9,0,19,2,2,0,0,5,0,0,0,0,0
081206,Matadepera,Barcelona,2013,43,3,7,33,23,6,13,1,42,3,2,0,0,8,0,0,0,0,0
081206,Matadepera,Barcelona,2014,35,3,5,27,20,6,8,1,34,3,0,0,0,5,0,0,0,0,0
081206,Matadepera,Barcelona,2015,41,1,2,38,30,3,7,1,40,2,2,0,0,3,0,0,0,0,0
081206,Matadepera,Barcelona,2016,27,5,7,15,11,3,11,2,25,2,0,0,0,9,0,0,0,0,0
081206,Matadepera,Barcelona,2017,21,4,11,6,1,3,16,1,20,2,0,0,0,13,0,1,0,0,0
081206,Matadepera,Barcelona,2018,20,2,5,13,5,1,14,0,20,1,0,0,0,13,0,0,0,0,0
081206,Matadepera,Barcelona,2019,10,2,3,5,2,1,7,0,10,2,1,0,0,3,1,0,0,0,0
081206,Matadepera,Barcelona,2020,6,1,2,3,0,0,5,1,5,2,1,0,0,2,0,0,0,0,0
081206,Matadepera,Barcelona,2021,18,8,2,8,0,4,1,13,5,0,0,0,0,1,0,0,0,0,0
081206,Matadepera,Barcelona,2022,12,1,2,9,1,3,2,6,6,1,0,0,0,1,0,0,0,0,0
081206,Matadepera,Barcelona,2023,10,6,0,4,2,1,5,2,8,0,0,0,0,5,0,0,0,0,0
081213,Mataró,Barcelona,2011,1052,620,248,184,137,150,764,1,1051,29,23,251,60,346,49,6,0,0,0
081213,Mataró,Barcelona,2012,835,428,268,139,105,149,578,3,832,24,15,201,100,210,27,1,0,0,0
081213,Mataró,Barcelona,2013,813,248,235,330,201,178,431,3,810,34,15,124,37,210,11,0,0,0,0
081213,Mataró,Barcelona,2014,686,195,177,314,211,168,300,7,679,31,21,50,31,151,16,0,0,0,0
081213,Mataró,Barcelona,2015,694,207,198,289,180,167,342,5,689,35,6,47,22,205,26,1,0,0,0
081213,Mataró,Barcelona,2016,794,269,265,260,177,132,482,3,791,41,9,67,33,283,43,6,0,0,0
081213,Mataró,Barcelona,2017,890,350,263,277,196,140,552,2,888,42,34,118,43,272,40,3,0,0,0
081213,Mataró,Barcelona,2018,945,319,300,326,189,168,586,2,943,32,34,98,62,324,36,0,0,0,0
081213,Mataró,Barcelona,2019,1114,511,305,298,168,152,791,3,1111,34,26,240,69,378,41,3,0,0,0
081213,Mataró,Barcelona,2020,606,237,191,178,94,74,381,57,549,22,18,94,23,208,14,2,0,0,0
081213,Mataró,Barcelona,2021,819,356,279,184,68,72,318,361,458,29,21,63,35,154,13,3,0,0,0
081213,Mataró,Barcelona,2022,775,370,228,177,55,50,445,225,550,13,20,98,41,240,28,5,0,0,0
081213,Mataró,Barcelona,2023,1012,409,346,257,138,102,699,73,939,25,47,101,46,437,32,11,0,0,0
081228,Mediona,Barcelona,2011,13,2,3,8,7,0,6,0,13,3,0,0,0,3,0,0,0,0,0
081228,Mediona,Barcelona,2012,6,0,2,4,2,0,4,0,6,2,0,0,0,2,0,0,0,0,0
081228,Mediona,Barcelona,2013,3,0,1,2,1,0,2,0,3,1,0,0,0,1,0,0,0,0,0
081228,Mediona,Barcelona,2014,2,0,0,2,2,0,0,0,2,0,0,0,0,0,0,0,0,0,0
081228,Mediona,Barcelona,2015,5,0,0,5,1,2,2,0,5,0,0,0,0,0,2,0,0,0,0
081228,Mediona,Barcelona,2016,10,0,0,10,5,3,2,0,10,0,0,0,0,0,2,0,0,0,0
081228,Mediona,Barcelona,2017,6,0,0,6,6,0,0,0,6,0,0,0,0,0,0,0,0,0,0
081228,Mediona,Barcelona,2018,7,1,4,2,2,4,1,0,7,0,0,0,0,1,0,0,0,0,0
081228,Mediona,Barcelona,2019,7,3,0,4,0,4,3,0,7,0,0,1,0,1,0,1,0,0,0
081228,Mediona,Barcelona,2020,5,0,2,3,1,2,2,0,5,0,0,0,0,1,0,1,0,0,0
081228,Mediona,Barcelona,2021,3,0,0,3,0,3,0,0,3,0,0,0,0,0,0,0,0,0,0
081228,Mediona,Barcelona,2022,6,1,1,4,2,2,2,0,6,0,1,0,0,1,0,0,0,0,0
081228,Mediona,Barcelona,2023,9,3,3,3,2,3,4,0,9,0,0,1,0,3,0,0,0,0,0
081234,Molins de Rei,Barcelona,2011,334,89,124,121,85,73,169,7,327,10,5,27,1,117,9,0,0,0,0
081234,Molins de Rei,Barcelona,2012,354,112,138,104,85,67,200,2,352,10,7,47,5,122,8,1,0,0,0
081234,Molins de Rei,Barcelona,2013,274,119,88,67,56,44,173,1,273,7,3,60,7,89,7,0,0,0,0
081234,Molins de Rei,Barcelona,2014,310,170,77,63,54,59,197,0,310,3,1,97,2,85,9,0,0,0,0
081234,Molins de Rei,Barcelona,2015,284,109,102,73,61,67,156,0,284,4,2,62,1,80,6,1,0,0,0
081234,Molins de Rei,Barcelona,2016,309,105,78,126,92,41,176,0,309,3,2,41,4,120,4,2,0,0,0
081234,Molins de Rei,Barcelona,2017,248,58,71,119,78,36,134,0,248,4,5,14,8,96,7,0,0,0,0
081234,Molins de Rei,Barcelona,2018,262,82,58,122,82,32,148,0,262,12,2,18,6,107,3,0,0,0,0
081234,Molins de Rei,Barcelona,2019,330,153,95,82,50,34,239,7,323,9,4,76,16,115,19,0,0,0,0
081234,Molins de Rei,Barcelona,2020,316,158,72,86,59,38,203,16,300,9,1,61,19,102,9,2,0,0,0
081234,Molins de Rei,Barcelona,2021,297,72,150,75,39,35,167,56,241,11,1,39,12,95,9,0,0,0,0
081234,Molins de Rei,Barcelona,2022,246,132,64,50,20,28,186,12,234,8,5,30,12,120,11,0,0,0,0
081234,Molins de Rei,Barcelona,2023,261,125,87,49,27,26,203,5,256,8,6,27,11,141,10,0,0,0,0
081249,Mollet del Vallès,Barcelona,2011,665,183,248,234,161,148,347,9,656,17,32,79,30,180,9,0,0,0,0
081249,Mollet del Vallès,Barcelona,2012,599,171,246,182,127,127,339,6,593,29,15,80,31,174,10,0,0,0,0
081249,Mollet del Vallès,Barcelona,2013,430,118,179,133,103,88,237,2,428,25,20,38,14,136,4,0,0,0,0
081249,Mollet del Vallès,Barcelona,2014,312,53,146,113,77,67,165,3,309,20,17,18,8,98,4,0,0,0,0
081249,Mollet del Vallès,Barcelona,2015,358,116,130,112,86,83,188,1,357,11,9,38,9,110,11,0,0,0,0
081249,Mollet del Vallès,Barcelona,2016,379,92,175,112,77,94,205,3,376,7,19,28,7,140,4,0,0,0,0
081249,Mollet del Vallès,Barcelona,2017,344,90,138,116,74,71,196,3,341,7,13,20,14,139,3,0,0,0,0
081249,Mollet del Vallès,Barcelona,2018,305,95,103,107,61,57,186,1,304,5,14,20,6,130,11,0,0,0,0
081249,Mollet del Vallès,Barcelona,2019,402,137,147,118,71,70,261,0,402,8,11,34,14,179,15,0,0,0,0
081249,Mollet del Vallès,Barcelona,2020,234,77,91,66,36,43,138,17,217,3,7,12,5,106,5,0,0,0,0
081249,Mollet del Vallès,Barcelona,2021,268,118,105,45,22,25,123,98,170,8,8,29,0,76,2,0,0,0,0
081249,Mollet del Vallès,Barcelona,2022,293,162,78,53,21,22,224,26,267,6,8,36,5,162,7,0,0,0,0
081249,Mollet del Vallès,Barcelona,2023,468,179,200,89,49,50,358,11,457,15,11,47,6,265,14,0,0,0,0
081252,Montcada i Reixac,Barcelona,2011,289,85,132,72,46,60,174,9,280,4,6,21,0,117,26,0,0,0,0
081252,Montcada i Reixac,Barcelona,2012,350,198,104,48,41,70,239,0,350,11,5,42,13,134,34,0,0,0,0
081252,Montcada i Reixac,Barcelona,2013,309,163,86,60,41,69,198,1,308,5,6,42,19,93,32,1,0,0,0
081252,Montcada i Reixac,Barcelona,2014,238,140,69,29,27,22,189,0,238,6,5,50,15,84,29,0,0,0,0
081252,Montcada i Reixac,Barcelona,2015,302,139,90,73,64,25,213,0,302,9,4,61,20,92,27,0,0,0,0
081252,Montcada i Reixac,Barcelona,2016,314,143,98,73,61,32,221,0,314,13,11,49,21,101,26,0,0,0,0
081252,Montcada i Reixac,Barcelona,2017,382,156,147,79,71,51,260,0,382,17,6,46,9,155,27,0,0,0,0
081252,Montcada i Reixac,Barcelona,2018,433,217,119,97,57,49,326,1,432,17,5,73,16,175,40,0,0,0,0
081252,Montcada i Reixac,Barcelona,2019,496,313,111,72,46,37,413,0,496,6,4,97,29,207,70,0,0,0,0
081252,Montcada i Reixac,Barcelona,2020,198,75,89,34,19,26,148,5,193,2,4,15,6,105,16,0,0,0,0
081252,Montcada i Reixac,Barcelona,2021,202,94,81,27,11,16,119,56,146,5,4,25,5,73,7,0,0,0,0
081252,Montcada i Reixac,Barcelona,2022,312,183,96,33,22,22,247,21,291,8,2,34,6,174,21,2,0,0,0
081252,Montcada i Reixac,Barcelona,2023,366,156,143,67,32,29,296,9,357,14,1,18,9,245,5,4,0,0,0
081265,Montgat,Barcelona,2011,98,16,31,51,30,28,39,1,97,4,1,0,0,34,0,0,0,0,0
081265,Montgat,Barcelona,2012,90,9,31,50,27,28,35,0,90,9,0,0,1,24,1,0,0,0,0
081265,Montgat,Barcelona,2013,102,15,30,57,36,22,44,0,102,17,0,0,0,22,5,0,0,0,0
081265,Montgat,Barcelona,2014,55,11,22,22,20,7,28,0,55,4,0,0,0,14,9,1,0,0,0
081265,Montgat,Barcelona,2015,49,11,18,20,13,13,23,0,49,4,1,1,0,12,5,0,0,0,0
081265,Montgat,Barcelona,2016,43,11,13,19,12,13,18,0,43,3,4,1,1,5,4,0,0,0,0
081265,Montgat,Barcelona,2017,40,16,13,11,6,18,16,0,40,1,0,1,0,13,1,0,0,0,0
081265,Montgat,Barcelona,2018,35,12,12,11,6,9,20,0,35,5,2,0,0,13,0,0,0,0,0
081265,Montgat,Barcelona,2019,76,37,23,16,11,3,62,0,76,3,5,3,18,29,4,0,0,0,0
081265,Montgat,Barcelona,2020,45,12,15,18,8,6,25,6,39,0,1,1,1,20,2,0,0,0,0
081265,Montgat,Barcelona,2021,32,7,10,15,8,8,11,5,27,0,0,2,1,8,0,0,0,0,0
081265,Montgat,Barcelona,2022,26,5,10,11,7,9,8,2,24,2,0,0,1,5,0,0,0,0,0
081265,Montgat,Barcelona,2023,29,6,17,6,3,7,18,1,28,4,1,0,2,8,3,0,0,0,0
081271,Monistrol de Montserrat,Barcelona,2011,11,0,4,7,3,1,7,0,11,0,0,2,4,0,1,0,0,0,0
081271,Monistrol de Montserrat,Barcelona,2012,9,0,2,7,1,1,7,0,9,0,0,2,4,1,0,0,0,0,0
081271,Monistrol de Montserrat,Barcelona,2013,10,0,1,9,3,2,5,0,10,0,0,1,2,2,0,0,0,0,0
081271,Monistrol de Montserrat,Barcelona,2014,7,4,1,2,2,1,4,0,7,0,0,2,0,2,0,0,0,0,0
081271,Monistrol de Montserrat,Barcelona,2015,8,0,6,2,1,0,7,0,8,1,0,0,0,4,2,0,0,0,0
081271,Monistrol de Montserrat,Barcelona,2016,16,6,6,4,1,3,12,0,16,0,0,2,0,7,3,0,0,0,0
081271,Monistrol de Montserrat,Barcelona,2017,23,19,0,4,1,3,19,0,23,1,0,16,0,2,0,0,0,0,0
081271,Monistrol de Montserrat,Barcelona,2018,8,1,6,1,1,2,5,0,8,3,0,2,0,0,0,0,0,0,0
081271,Monistrol de Montserrat,Barcelona,2019,12,6,5,1,1,2,9,0,12,2,0,5,0,2,0,0,0,0,0
081271,Monistrol de Montserrat,Barcelona,2020,13,3,6,4,3,5,5,0,13,0,0,1,2,2,0,0,0,0,0
081271,Monistrol de Montserrat,Barcelona,2021,12,5,4,3,0,2,9,1,11,0,0,3,2,4,0,0,0,0,0
081271,Monistrol de Montserrat,Barcelona,2022,5,3,2,0,0,0,4,1,4,0,0,1,0,3,0,0,0,0,0
081271,Monistrol de Montserrat,Barcelona,2023,7,4,2,1,2,1,4,0,7,0,0,2,0,2,0,0,0,0,0
081287,Monistrol de Calders,Barcelona,2011,3,0,1,2,2,0,1,0,3,0,0,0,0,1,0,0,0,0,0
081287,Monistrol de Calders,Barcelona,2012,0,0,0,0,0,0,0,0,0,0,0,0,0,0,0,0,0,0,0
081287,Monistrol de Calders,Barcelona,2013,2,0,0,2,2,0,0,0,2,0,0,0,0,0,0,0,0,0,0
081287,Monistrol de Calders,Barcelona,2014,2,0,0,2,2,0,0,0,2,0,0,0,0,0,0,0,0,0,0
081287,Monistrol de Calders,Barcelona,2015,1,0,0,1,1,0,0,0,1,0,0,0,0,0,0,0,0,0,0
081287,Monistrol de Calders,Barcelona,2016,1,0,0,1,1,0,0,0,1,0,0,0,0,0,0,0,0,0,0
081287,Monistrol de Calders,Barcelona,2017,2,0,0,2,2,0,0,0,2,0,0,0,0,0,0,0,0,0,0
081287,Monistrol de Calders,Barcelona,2018,0,0,0,0,0,0,0,0,0,0,0,0,0,0,0,0,0,0,0
081287,Monistrol de Calders,Barcelona,2019,1,1,0,0,0,0,1,0,1,0,0,0,0,1,0,0,0,0,0
081287,Monistrol de Calders,Barcelona,2020,1,0,0,1,0,0,1,0,1,1,0,0,0,0,0,0,0,0,0
081287,Monistrol de Calders,Barcelona,2021,0,0,0,0,0,0,0,0,0,0,0,0,0,0,0,0,0,0,0
081290,Muntanyola,Barcelona,2011,3,0,2,1,1,0,2,0,3,0,0,0,0,2,0,0,0,0,0
081290,Muntanyola,Barcelona,2012,0,0,0,0,0,0,0,0,0,0,0,0,0,0,0,0,0,0,0
081290,Muntanyola,Barcelona,2013,1,0,1,0,0,0,1,0,1,0,0,0,0,1,0,0,0,0,0
081290,Muntanyola,Barcelona,2014,2,0,1,1,0,0,2,0,2,0,0,0,0,2,0,0,0,0,0
081290,Muntanyola,Barcelona,2015,0,0,0,0,0,0,0,0,0,0,0,0,0,0,0,0,0,0,0
081290,Muntanyola,Barcelona,2016,0,0,0,0,0,0,0,0,0,0,0,0,0,0,0,0,0,0,0
081290,Muntanyola,Barcelona,2017,1,0,0,1,1,0,0,0,1,0,0,0,0,0,0,0,0,0,0
081290,Muntanyola,Barcelona,2018,0,0,0,0,0,0,0,0,0,0,0,0,0,0,0,0,0,0,0
081290,Muntanyola,Barcelona,2019,0,0,0,0,0,0,0,0,0,0,0,0,0,0,0,0,0,0,0
081290,Muntanyola,Barcelona,2020,0,0,0,0,0,0,0,0,0,0,0,0,0,0,0,0,0,0,0
081290,Muntanyola,Barcelona,2021,0,0,0,0,0,0,0,0,0,0,0,0,0,0,0,0,0,0,0
081304,Montclar,Barcelona,2011,2,0,0,2,0,0,0,2,0,0,0,0,0,0,0,0,0,0,0
081304,Montclar,Barcelona,2012,0,0,0,0,0,0,0,0,0,0,0,0,0,0,0,0,0,0,0
081304,Montclar,Barcelona,2013,0,0,0,0,0,0,0,0,0,0,0,0,0,0,0,0,0,0,0
081304,Montclar,Barcelona,2014,0,0,0,0,0,0,0,0,0,0,0,0,0,0,0,0,0,0,0
081304,Montclar,Barcelona,2015,0,0,0,0,0,0,0,0,0,0,0,0,0,0,0,0,0,0,0
081304,Montclar,Barcelona,2016,0,0,0,0,0,0,0,0,0,0,0,0,0,0,0,0,0,0,0
081304,Montclar,Barcelona,2017,0,0,0,0,0,0,0,0,0,0,0,0,0,0,0,0,0,0,0
081304,Montclar,Barcelona,2018,0,0,0,0,0,0,0,0,0,0,0,0,0,0,0,0,0,0,0
081304,Montclar,Barcelona,2019,0,0,0,0,0,0,0,0,0,0,0,0,0,0,0,0,0,0,0
081304,Montclar,Barcelona,2020,0,0,0,0,0,0,0,0,0,0,0,0,0,0,0,0,0,0,0
081304,Montclar,Barcelona,2021,0,0,0,0,0,0,0,0,0,0,0,0,0,0,0,0,0,0,0
081311,Montesquiu,Barcelona,2011,1,0,1,0,0,0,1,0,1,0,0,0,0,1,0,0,0,0,0
081311,Montesquiu,Barcelona,2012,0,0,0,0,0,0,0,0,0,0,0,0,0,0,0,0,0,0,0
081311,Montesquiu,Barcelona,2013,1,0,0,1,1,0,0,0,1,0,0,0,0,0,0,0,0,0,0
081311,Montesquiu,Barcelona,2014,0,0,0,0,0,0,0,0,0,0,0,0,0,0,0,0,0,0,0
081311,Montesquiu,Barcelona,2015,0,0,0,0,0,0,0,0,0,0,0,0,0,0,0,0,0,0,0
081311,Montesquiu,Barcelona,2016,1,1,0,0,0,0,1,0,1,0,0,1,0,0,0,0,0,0,0
081311,Montesquiu,Barcelona,2017,0,0,0,0,0,0,0,0,0,0,0,0,0,0,0,0,0,0,0
081311,Montesquiu,Barcelona,2018,2,1,0,1,1,0,1,0,2,0,0,1,0,0,0,0,0,0,0
081311,Montesquiu,Barcelona,2019,4,3,0,1,1,0,3,0,4,0,0,3,0,0,0,0,0,0,0
081311,Montesquiu,Barcelona,2020,1,0,1,0,0,0,1,0,1,0,0,0,0,1,0,0,0,0,0
081311,Montesquiu,Barcelona,2021,2,0,0,2,0,0,2,0,2,0,0,0,0,2,0,0,0,0,0
081311,Montesquiu,Barcelona,2023,11,8,0,3,3,0,8,0,11,0,1,0,0,6,1,0,0,0,0
081326,Montmajor,Barcelona,2011,0,0,0,0,0,0,0,0,0,0,0,0,0,0,0,0,0,0,0
081326,Montmajor,Barcelona,2012,0,0,0,0,0,0,0,0,0,0,0,0,0,0,0,0,0,0,0
081326,Montmajor,Barcelona,2013,0,0,0,0,0,0,0,0,0,0,0,0,0,0,0,0,0,0,0
081326,Montmajor,Barcelona,2014,0,0,0,0,0,0,0,0,0,0,0,0,0,0,0,0,0,0,0
081326,Montmajor,Barcelona,2015,0,0,0,0,0,0,0,0,0,0,0,0,0,0,0,0,0,0,0
081326,Montmajor,Barcelona,2016,0,0,0,0,0,0,0,0,0,0,0,0,0,0,0,0,0,0,0
081326,Montmajor,Barcelona,2017,7,7,0,0,0,0,7,0,7,0,0,0,0,7,0,0,0,0,0
081326,Montmajor,Barcelona,2018,0,0,0,0,0,0,0,0,0,0,0,0,0,0,0,0,0,0,0
081326,Montmajor,Barcelona,2019,4,3,1,0,0,0,4,0,4,0,0,0,0,4,0,0,0,0,0
081326,Montmajor,Barcelona,2020,2,0,2,0,0,0,2,0,2,0,0,0,0,2,0,0,0,0,0
081326,Montmajor,Barcelona,2021,0,0,0,0,0,0,0,0,0,0,0,0,0,0,0,0,0,0,0
081326,Montmajor,Barcelona,2023,1,1,0,0,0,0,1,0,1,0,0,0,0,1,0,0,0,0,0
081332,Montmaneu,Barcelona,2011,0,0,0,0,0,0,0,0,0,0,0,0,0,0,0,0,0,0,0
081332,Montmaneu,Barcelona,2012,0,0,0,0,0,0,0,0,0,0,0,0,0,0,0,0,0,0,0
081332,Montmaneu,Barcelona,2013,0,0,0,0,0,0,0,0,0,0,0,0,0,0,0,0,0,0,0
081332,Montmaneu,Barcelona,2014,0,0,0,0,0,0,0,0,0,0,0,0,0,0,0,0,0,0,0
081332,Montmaneu,Barcelona,2015,0,0,0,0,0,0,0,0,0,0,0,0,0,0,0,0,0,0,0
081332,Montmaneu,Barcelona,2016,0,0,0,0,0,0,0,0,0,0,0,0,0,0,0,0,0,0,0
081332,Montmaneu,Barcelona,2017,1,0,0,1,1,0,0,0,1,0,0,0,0,0,0,0,0,0,0
081332,Montmaneu,Barcelona,2018,0,0,0,0,0,0,0,0,0,0,0,0,0,0,0,0,0,0,0
081332,Montmaneu,Barcelona,2019,0,0,0,0,0,0,0,0,0,0,0,0,0,0,0,0,0,0,0
081332,Montmaneu,Barcelona,2020,0,0,0,0,0,0,0,0,0,0,0,0,0,0,0,0,0,0,0
081332,Montmaneu,Barcelona,2021,0,0,0,0,0,0,0,0,0,0,0,0,0,0,0,0,0,0,0
081347,Figaró-Montmany,Barcelona,2011,10,0,6,4,3,2,5,0,10,0,0,1,1,3,0,0,0,0,0
081347,Figaró-Montmany,Barcelona,2012,9,0,5,4,4,0,5,0,9,0,1,1,1,2,0,0,0,0,0
081347,Figaró-Montmany,Barcelona,2013,2,0,2,0,0,0,2,0,2,1,1,0,0,0,0,0,0,0,0
081347,Figaró-Montmany,Barcelona,2014,3,0,1,2,1,1,1,0,3,0,1,0,0,0,0,0,0,0,0
081347,Figaró-Montmany,Barcelona,2015,5,0,1,4,2,2,1,0,5,0,1,0,0,0,0,0,0,0,0
081347,Figaró-Montmany,Barcelona,2016,4,0,1,3,2,0,2,0,4,0,2,0,0,0,0,0,0,0,0
081347,Figaró-Montmany,Barcelona,2017,5,1,1,3,1,0,4,0,5,0,2,2,0,0,0,0,0,0,0
081347,Figaró-Montmany,Barcelona,2018,10,3,4,3,1,0,9,0,10,0,2,3,0,4,0,0,0,0,0
081347,Figaró-Montmany,Barcelona,2019,9,5,3,1,0,0,9,0,9,0,0,4,1,4,0,0,0,0,0
081347,Figaró-Montmany,Barcelona,2020,3,2,1,0,0,0,3,0,3,0,0,2,0,1,0,0,0,0,0
081347,Figaró-Montmany,Barcelona,2021,0,0,0,0,0,0,0,0,0,0,0,0,0,0,0,0,0,0,0
081347,Figaró-Montmany,Barcelona,2022,4,4,0,0,0,0,4,0,4,0,2,1,0,1,0,0,0,0,0
081347,Figaró-Montmany,Barcelona,2023,12,3,7,2,2,0,10,0,12,0,4,1,0,5,0,0,0,0,0
081350,Montmeló,Barcelona,2011,116,57,21,38,32,20,62,2,114,1,1,34,4,21,1,0,0,0,0
081350,Montmeló,Barcelona,2012,101,33,36,32,22,14,65,0,101,1,1,28,6,29,0,0,0,0,0
081350,Montmeló,Barcelona,2013,68,11,33,24,19,16,33,0,68,3,0,6,6,18,0,0,0,0,0
081350,Montmeló,Barcelona,2014,64,9,38,17,20,15,29,0,64,6,1,8,2,12,0,0,0,0,0
081350,Montmeló,Barcelona,2015,65,12,27,26,12,29,23,1,64,4,2,4,0,10,3,0,0,0,0
081350,Montmeló,Barcelona,2016,58,15,16,27,20,12,26,0,58,0,1,9,9,7,0,0,0,0,0
081350,Montmeló,Barcelona,2017,48,6,27,15,15,9,24,0,48,0,1,4,6,10,3,0,0,0,0
081350,Montmeló,Barcelona,2018,47,17,15,15,9,11,27,0,47,0,0,9,2,14,2,0,0,0,0
081350,Montmeló,Barcelona,2019,100,53,30,17,24,34,42,0,100,0,1,9,7,24,1,0,0,0,0
081350,Montmeló,Barcelona,2020,49,13,24,12,8,11,24,6,43,0,0,1,2,21,0,0,0,0,0
081350,Montmeló,Barcelona,2021,47,10,18,19,8,14,10,15,32,1,0,2,2,5,0,0,0,0,0
081350,Montmeló,Barcelona,2022,105,42,48,15,14,31,51,9,96,0,0,11,5,34,1,0,0,0,0
081350,Montmeló,Barcelona,2023,139,36,76,27,17,38,80,4,135,0,0,18,6,53,3,0,0,0,0
081363,Montornès del Vallès,Barcelona,2011,225,74,66,85,56,54,111,4,221,21,3,38,16,28,3,2,0,0,0
081363,Montornès del Vallès,Barcelona,2012,157,32,44,81,44,48,65,0,157,14,2,18,4,23,2,2,0,0,0
081363,Montornès del Vallès,Barcelona,2013,114,22,43,49,38,31,45,0,114,8,5,9,2,18,2,1,0,0,0
081363,Montornès del Vallès,Barcelona,2014,113,16,50,47,25,22,66,0,113,4,5,19,2,34,2,0,0,0,0
081363,Montornès del Vallès,Barcelona,2015,88,18,39,31,16,22,50,0,88,9,0,12,2,25,2,0,0,0,0
081363,Montornès del Vallès,Barcelona,2016,95,12,44,39,24,23,48,0,95,8,1,11,1,27,0,0,0,0,0
081363,Montornès del Vallès,Barcelona,2017,90,22,39,29,16,21,53,0,90,9,3,11,5,21,4,0,0,0,0
081363,Montornès del Vallès,Barcelona,2018,79,37,20,22,17,10,52,0,79,4,0,27,2,19,0,0,0,0,0
081363,Montornès del Vallès,Barcelona,2019,120,36,47,37,38,20,62,0,120,5,0,16,3,38,0,0,0,0,0
081363,Montornès del Vallès,Barcelona,2020,72,18,35,19,13,7,51,1,71,4,0,20,2,23,2,0,0,0,0
081363,Montornès del Vallès,Barcelona,2021,79,29,26,24,10,6,44,19,60,3,0,15,1,25,0,0,0,0,0
081363,Montornès del Vallès,Barcelona,2022,149,87,38,24,10,15,120,4,145,4,2,39,5,69,1,0,0,0,0
081363,Montornès del Vallès,Barcelona,2023,144,49,71,24,23,16,104,1,143,4,0,21,5,74,0,0,0,0,0
081379,Montseny,Barcelona,2011,4,0,0,4,2,0,2,0,4,2,0,0,0,0,0,0,0,0,0
081379,Montseny,Barcelona,2012,4,0,0,4,2,0,2,0,4,2,0,0,0,0,0,0,0,0,0
081379,Montseny,Barcelona,2013,2,0,0,2,1,0,1,0,2,1,0,0,0,0,0,0,0,0,0
081379,Montseny,Barcelona,2014,0,0,0,0,0,0,0,0,0,0,0,0,0,0,0,0,0,0,0
081379,Montseny,Barcelona,2015,0,0,0,0,0,0,0,0,0,0,0,0,0,0,0,0,0,0,0
081379,Montseny,Barcelona,2016,0,0,0,0,0,0,0,0,0,0,0,0,0,0,0,0,0,0,0
081379,Montseny,Barcelona,2017,0,0,0,0,0,0,0,0,0,0,0,0,0,0,0,0,0,0,0
081379,Montseny,Barcelona,2018,0,0,0,0,0,0,0,0,0,0,0,0,0,0,0,0,0,0,0
081379,Montseny,Barcelona,2019,1,0,0,1,1,0,0,0,1,0,0,0,0,0,0,0,0,0,0
081379,Montseny,Barcelona,2020,0,0,0,0,0,0,0,0,0,0,0,0,0,0,0,0,0,0,0
081379,Montseny,Barcelona,2021,0,0,0,0,0,0,0,0,0,0,0,0,0,0,0,0,0,0,0
081385,Moià,Barcelona,2011,31,0,28,3,2,1,28,0,31,3,1,3,3,18,0,0,0,0,0
081385,Moià,Barcelona,2012,16,0,16,0,0,0,16,0,16,0,3,2,4,6,1,0,0,0,0
081385,Moià,Barcelona,2013,0,0,0,0,0,0,0,0,0,0,0,0,0,0,0,0,0,0,0
081385,Moià,Barcelona,2014,0,0,0,0,0,0,0,0,0,0,0,0,0,0,0,0,0,0,0
081385,Moià,Barcelona,2015,1,1,0,0,0,0,1,0,1,0,0,0,0,1,0,0,0,0,0
081385,Moià,Barcelona,2016,1,1,0,0,0,0,1,0,1,0,0,0,0,1,0,0,0,0,0
081385,Moià,Barcelona,2017,6,1,2,3,2,1,3,0,6,0,0,0,0,3,0,0,0,0,0
081385,Moià,Barcelona,2018,18,15,1,2,1,4,13,0,18,2,2,0,2,6,1,0,0,0,0
081385,Moià,Barcelona,2019,17,16,1,0,0,0,17,0,17,1,2,2,3,8,1,0,0,0,0
081385,Moià,Barcelona,2020,2,0,2,0,0,0,2,0,2,0,2,0,0,0,0,0,0,0,0
081385,Moià,Barcelona,2021,47,34,6,7,0,0,7,40,7,0,3,0,0,4,0,0,0,0,0
081385,Moià,Barcelona,2022,92,42,34,16,2,0,31,59,33,0,1,6,3,21,0,0,0,0,0
081385,Moià,Barcelona,2023,89,40,35,14,8,0,59,22,67,0,3,1,6,44,5,0,0,0,0
081398,Mura,Barcelona,2011,1,0,0,1,1,0,0,0,1,0,0,0,0,0,0,0,0,0,0
081398,Mura,Barcelona,2012,0,0,0,0,0,0,0,0,0,0,0,0,0,0,0,0,0,0,0
081398,Mura,Barcelona,2013,0,0,0,0,0,0,0,0,0,0,0,0,0,0,0,0,0,0,0
081398,Mura,Barcelona,2014,0,0,0,0,0,0,0,0,0,0,0,0,0,0,0,0,0,0,0
081398,Mura,Barcelona,2015,0,0,0,0,0,0,0,0,0,0,0,0,0,0,0,0,0,0,0
081398,Mura,Barcelona,2016,0,0,0,0,0,0,0,0,0,0,0,0,0,0,0,0,0,0,0
081398,Mura,Barcelona,2017,0,0,0,0,0,0,0,0,0,0,0,0,0,0,0,0,0,0,0
081398,Mura,Barcelona,2018,0,0,0,0,0,0,0,0,0,0,0,0,0,0,0,0,0,0,0
081398,Mura,Barcelona,2019,0,0,0,0,0,0,0,0,0,0,0,0,0,0,0,0,0,0,0
081398,Mura,Barcelona,2020,0,0,0,0,0,0,0,0,0,0,0,0,0,0,0,0,0,0,0
081398,Mura,Barcelona,2021,0,0,0,0,0,0,0,0,0,0,0,0,0,0,0,0,0,0,0
081402,Navarcles,Barcelona,2011,21,7,1,13,11,1,9,0,21,0,2,1,0,5,0,1,0,0,0
081402,Navarcles,Barcelona,2012,13,2,2,9,6,0,7,0,13,1,1,4,0,1,0,0,0,0,0
081402,Navarcles,Barcelona,2013,5,1,2,2,1,1,3,0,5,0,1,0,0,2,0,0,0,0,0
081402,Navarcles,Barcelona,2014,9,1,0,8,7,2,0,0,9,0,0,0,0,0,0,0,0,0,0
081402,Navarcles,Barcelona,2015,6,0,2,4,4,2,0,0,6,0,0,0,0,0,0,0,0,0,0
081402,Navarcles,Barcelona,2016,10,3,3,4,4,2,4,0,10,0,0,0,2,2,0,0,0,0,0
081402,Navarcles,Barcelona,2017,9,0,2,7,5,2,2,0,9,0,0,0,2,0,0,0,0,0,0
081402,Navarcles,Barcelona,2018,9,1,0,8,4,4,1,0,9,0,0,1,0,0,0,0,0,0,0
081402,Navarcles,Barcelona,2019,15,5,5,5,2,3,10,0,15,0,0,4,0,6,0,0,0,0,0
081402,Navarcles,Barcelona,2020,4,2,1,1,0,1,1,2,2,0,0,1,0,0,0,0,0,0,0
081402,Navarcles,Barcelona,2021,67,45,9,13,0,1,15,51,16,4,0,1,1,9,0,0,0,0,0
081402,Navarcles,Barcelona,2022,131,56,63,12,1,6,27,97,34,4,0,1,2,19,0,1,0,0,0
081402,Navarcles,Barcelona,2023,81,24,49,8,2,3,43,33,48,2,0,3,3,35,0,0,0,0,0
081419,Navàs,Barcelona,2011,38,10,18,10,7,3,28,0,38,13,1,5,1,8,0,0,0,0,0
081419,Navàs,Barcelona,2012,17,0,8,9,6,2,9,0,17,7,0,1,0,1,0,0,0,0,0
081419,Navàs,Barcelona,2013,9,0,2,7,6,0,3,0,9,3,0,0,0,0,0,0,0,0,0
081419,Navàs,Barcelona,2014,6,1,1,4,2,1,3,0,6,2,0,0,0,1,0,0,0,0,0
081419,Navàs,Barcelona,2015,9,0,2,7,4,1,4,0,9,2,0,0,0,2,0,0,0,0,0
081419,Navàs,Barcelona,2016,10,0,1,9,4,2,4,0,10,3,0,0,0,1,0,0,0,0,0
081419,Navàs,Barcelona,2017,3,1,0,2,2,0,1,0,3,0,0,0,0,1,0,0,0,0,0
081419,Navàs,Barcelona,2018,35,34,1,0,0,1,34,0,35,3,0,9,0,22,0,0,0,0,0
081419,Navàs,Barcelona,2019,5,5,0,0,0,0,5,0,5,0,0,0,0,5,0,0,0,0,0
081419,Navàs,Barcelona,2020,4,3,1,0,0,0,3,1,3,0,3,0,0,0,0,0,0,0,0
081419,Navàs,Barcelona,2021,24,13,7,4,0,0,20,4,20,4,0,4,1,11,0,0,0,0,0
081419,Navàs,Barcelona,2022,28,24,1,3,1,0,27,0,28,2,7,8,0,10,0,0,0,0,0
081419,Navàs,Barcelona,2023,29,26,1,2,2,0,27,0,29,1,3,7,0,15,1,0,0,0,0
081424,la Nou de Berguedà,Barcelona,2011,0,0,0,0,0,0,0,0,0,0,0,0,0,0,0,0,0,0,0
081424,la Nou de Berguedà,Barcelona,2012,0,0,0,0,0,0,0,0,0,0,0,0,0,0,0,0,0,0,0
081424,la Nou de Berguedà,Barcelona,2013,0,0,0,0,0,0,0,0,0,0,0,0,0,0,0,0,0,0,0
081424,la Nou de Berguedà,Barcelona,2014,0,0,0,0,0,0,0,0,0,0,0,0,0,0,0,0,0,0,0
081424,la Nou de Berguedà,Barcelona,2015,0,0,0,0,0,0,0,0,0,0,0,0,0,0,0,0,0,0,0
081424,la Nou de Berguedà,Barcelona,2016,0,0,0,0,0,0,0,0,0,0,0,0,0,0,0,0,0,0,0
081424,la Nou de Berguedà,Barcelona,2017,0,0,0,0,0,0,0,0,0,0,0,0,0,0,0,0,0,0,0
081424,la Nou de Berguedà,Barcelona,2018,0,0,0,0,0,0,0,0,0,0,0,0,0,0,0,0,0,0,0
081424,la Nou de Berguedà,Barcelona,2019,0,0,0,0,0,0,0,0,0,0,0,0,0,0,0,0,0,0,0
081424,la Nou de Berguedà,Barcelona,2020,0,0,0,0,0,0,0,0,0,0,0,0,0,0,0,0,0,0,0
081424,la Nou de Berguedà,Barcelona,2021,2,1,1,0,0,0,2,0,2,0,0,0,2,0,0,0,0,0,0
081430,Òdena,Barcelona,2011,24,4,5,15,10,1,12,1,23,0,0,2,0,10,0,0,0,0,0
081430,Òdena,Barcelona,2012,10,0,1,9,5,1,4,0,10,0,0,0,0,4,0,0,0,0,0
081430,Òdena,Barcelona,2013,5,2,0,3,1,0,4,0,5,0,0,0,0,4,0,0,0,0,0
081430,Òdena,Barcelona,2014,4,1,2,1,1,0,3,0,4,0,0,1,0,2,0,0,0,0,0
081430,Òdena,Barcelona,2015,7,1,3,3,2,1,4,0,7,0,0,0,0,4,0,0,0,0,0
081430,Òdena,Barcelona,2016,11,2,3,6,6,1,4,0,11,1,1,0,0,2,0,0,0,0,0
081430,Òdena,Barcelona,2017,14,2,1,11,11,0,3,0,14,0,0,0,0,2,1,0,0,0,0
081430,Òdena,Barcelona,2018,11,2,3,6,5,1,5,0,11,0,0,1,0,4,0,0,0,0,0
081430,Òdena,Barcelona,2019,33,26,4,3,4,0,29,0,33,0,2,18,4,3,2,0,0,0,0
081430,Òdena,Barcelona,2020,14,8,4,2,0,3,11,0,14,0,0,6,0,3,2,0,0,0,0
081430,Òdena,Barcelona,2021,7,4,3,0,0,4,3,0,7,0,0,3,0,0,0,0,0,0,0
081430,Òdena,Barcelona,2022,19,5,10,4,4,4,11,0,19,0,3,5,0,3,0,0,0,0,0
081430,Òdena,Barcelona,2023,37,18,12,7,3,5,29,0,37,0,5,12,1,9,2,0,0,0,0
081445,Olvan,Barcelona,2011,4,0,1,3,3,1,0,0,4,0,0,0,0,0,0,0,0,0,0
081445,Olvan,Barcelona,2012,5,2,0,3,2,0,2,1,4,1,1,0,0,0,0,0,0,0,0
081445,Olvan,Barcelona,2013,2,0,2,0,0,0,2,0,2,0,2,0,0,0,0,0,0,0,0
081445,Olvan,Barcelona,2014,1,0,1,0,0,0,1,0,1,0,1,0,0,0,0,0,0,0,0
081445,Olvan,Barcelona,2015,0,0,0,0,0,0,0,0,0,0,0,0,0,0,0,0,0,0,0
081445,Olvan,Barcelona,2016,1,0,0,1,1,0,0,0,1,0,0,0,0,0,0,0,0,0,0
081445,Olvan,Barcelona,2017,4,1,0,3,3,0,1,0,4,0,0,0,0,1,0,0,0,0,0
081445,Olvan,Barcelona,2018,5,1,1,3,3,0,2,0,5,0,0,0,0,2,0,0,0,0,0
081445,Olvan,Barcelona,2019,3,0,0,3,3,0,0,0,3,0,0,0,0,0,0,0,0,0,0
081445,Olvan,Barcelona,2020,1,0,0,1,1,0,0,0,1,0,0,0,0,0,0,0,0,0,0
081445,Olvan,Barcelona,2021,0,0,0,0,0,0,0,0,0,0,0,0,0,0,0,0,0,0,0
081445,Olvan,Barcelona,2023,2,0,1,1,1,0,1,0,2,0,0,0,0,1,0,0,0,0,0
081458,Olèrdola,Barcelona,2011,19,1,5,13,7,4,6,2,17,4,0,0,0,2,0,0,0,0,0
081458,Olèrdola,Barcelona,2012,22,1,7,14,7,6,8,1,21,4,0,1,0,3,0,0,0,0,0
081458,Olèrdola,Barcelona,2013,18,2,3,13,9,1,8,0,18,2,2,0,2,2,0,0,0,0,0
081458,Olèrdola,Barcelona,2014,10,0,2,8,6,0,4,0,10,2,1,0,1,0,0,0,0,0,0
081458,Olèrdola,Barcelona,2015,10,3,2,5,4,2,4,0,10,0,3,0,0,1,0,0,0,0,0
081458,Olèrdola,Barcelona,2016,24,1,12,11,9,2,13,0,24,0,6,4,0,3,0,0,0,0,0
081458,Olèrdola,Barcelona,2017,14,3,5,6,4,1,9,0,14,0,2,2,1,4,0,0,0,0,0
081458,Olèrdola,Barcelona,2018,17,5,3,9,7,2,8,0,17,0,3,1,0,4,0,0,0,0,0
081458,Olèrdola,Barcelona,2019,16,7,4,5,6,0,10,0,16,1,4,3,0,2,0,0,0,0,0
081458,Olèrdola,Barcelona,2020,18,2,6,10,6,0,12,0,18,0,1,4,0,7,0,0,0,0,0
081458,Olèrdola,Barcelona,2021,6,2,0,4,4,0,1,1,5,0,0,0,0,1,0,0,0,0,0
081458,Olèrdola,Barcelona,2022,10,3,3,4,3,0,7,0,10,1,0,1,0,5,0,0,0,0,0
081458,Olèrdola,Barcelona,2023,21,6,11,4,3,0,18,0,21,4,0,1,0,13,0,0,0,0,0
081461,Olesa de Bonesvalls,Barcelona,2011,16,2,0,14,5,8,0,3,13,0,0,0,0,0,0,0,0,0,0
081461,Olesa de Bonesvalls,Barcelona,2012,16,2,5,9,9,4,3,0,16,1,0,0,0,2,0,0,0,0,0
081461,Olesa de Bonesvalls,Barcelona,2013,13,1,1,11,6,4,2,1,12,1,0,0,0,1,0,0,0,0,0
081461,Olesa de Bonesvalls,Barcelona,2014,9,0,1,8,6,3,0,0,9,0,0,0,0,0,0,0,0,0,0
081461,Olesa de Bonesvalls,Barcelona,2015,4,0,0,4,3,1,0,0,4,0,0,0,0,0,0,0,0,0,0
081461,Olesa de Bonesvalls,Barcelona,2016,5,1,1,3,3,2,0,0,5,0,0,0,0,0,0,0,0,0,0
081461,Olesa de Bonesvalls,Barcelona,2017,4,0,0,4,2,2,0,0,4,0,0,0,0,0,0,0,0,0,0
081461,Olesa de Bonesvalls,Barcelona,2018,4,0,0,4,2,2,0,0,4,0,0,0,0,0,0,0,0,0,0
081461,Olesa de Bonesvalls,Barcelona,2019,2,0,0,2,1,1,0,0,2,0,0,0,0,0,0,0,0,0,0
081461,Olesa de Bonesvalls,Barcelona,2020,3,0,0,3,3,0,0,0,3,0,0,0,0,0,0,0,0,0,0
081461,Olesa de Bonesvalls,Barcelona,2021,2,0,0,2,2,0,0,0,2,0,0,0,0,0,0,0,0,0,0
081461,Olesa de Bonesvalls,Barcelona,2023,5,2,2,1,1,0,4,0,5,0,0,1,0,3,0,0,0,0,0
081477,Olesa de Montserrat,Barcelona,2011,284,103,118,63,46,64,159,15,269,18,2,60,7,62,10,0,0,0,0
081477,Olesa de Montserrat,Barcelona,2012,225,59,108,58,54,46,124,1,224,10,4,34,6,61,8,1,0,0,0
081477,Olesa de Montserrat,Barcelona,2013,217,52,114,51,47,46,124,0,217,13,1,33,4,66,6,1,0,0,0
081477,Olesa de Montserrat,Barcelona,2014,142,43,60,39,37,38,65,2,140,8,1,8,1,41,3,3,0,0,0
081477,Olesa de Montserrat,Barcelona,2015,124,46,44,34,26,30,67,1,123,6,1,16,2,39,3,0,0,0,0
081477,Olesa de Montserrat,Barcelona,2016,179,42,90,47,40,41,97,1,178,11,2,31,2,46,5,0,0,0,0
081477,Olesa de Montserrat,Barcelona,2017,221,60,96,65,48,62,110,1,220,9,1,51,3,42,4,0,0,0,0
081477,Olesa de Montserrat,Barcelona,2018,213,45,73,95,54,52,105,2,211,6,1,25,3,67,3,0,0,0,0
081477,Olesa de Montserrat,Barcelona,2019,239,87,79,73,47,42,150,0,239,4,2,34,4,97,9,0,0,0,0
081477,Olesa de Montserrat,Barcelona,2020,160,62,59,39,26,21,111,2,158,2,0,19,0,86,2,2,0,0,0
081477,Olesa de Montserrat,Barcelona,2021,129,40,63,26,2,9,74,44,85,5,0,13,0,51,2,3,0,0,0
081477,Olesa de Montserrat,Barcelona,2022,133,61,48,24,14,13,98,8,125,5,0,27,2,57,3,4,0,0,0
081477,Olesa de Montserrat,Barcelona,2023,227,86,86,55,41,32,151,3,224,7,0,29,2,109,0,4,0,0,0
081483,Olivella,Barcelona,2011,25,4,8,13,8,3,14,0,25,7,0,0,0,7,0,0,0,0,0
081483,Olivella,Barcelona,2012,20,4,5,11,6,5,9,0,20,5,0,0,0,4,0,0,0,0,0
081483,Olivella,Barcelona,2013,17,6,5,6,2,9,6,0,17,2,0,1,0,3,0,0,0,0,0
081483,Olivella,Barcelona,2014,15,10,3,2,0,4,11,0,15,6,0,0,0,5,0,0,0,0,0
081483,Olivella,Barcelona,2015,7,1,6,0,0,2,5,0,7,2,0,0,0,3,0,0,0,0,0
081483,Olivella,Barcelona,2016,6,0,3,3,1,2,3,0,6,0,0,0,0,3,0,0,0,0,0
081483,Olivella,Barcelona,2017,12,5,4,3,3,1,8,0,12,1,0,3,0,3,0,1,0,0,0
081483,Olivella,Barcelona,2018,15,3,5,7,5,3,7,0,15,3,0,1,0,3,0,0,0,0,0
081483,Olivella,Barcelona,2019,9,2,4,3,3,1,5,0,9,1,1,1,0,2,0,0,0,0,0
081483,Olivella,Barcelona,2020,7,1,3,3,2,0,3,2,5,2,0,0,0,0,0,1,0,0,0
081483,Olivella,Barcelona,2021,20,3,8,9,0,0,6,14,6,0,0,0,0,6,0,0,0,0,0
081483,Olivella,Barcelona,2022,15,1,10,4,3,0,2,10,5,1,0,0,0,1,0,0,0,0,0
081483,Olivella,Barcelona,2023,12,3,3,6,5,1,6,0,12,1,1,0,0,4,0,0,0,0,0
081496,Olost,Barcelona,2011,5,0,0,5,5,0,0,0,5,0,0,0,0,0,0,0,0,0,0
081496,Olost,Barcelona,2012,5,2,0,3,3,0,2,0,5,0,0,0,0,2,0,0,0,0,0
081496,Olost,Barcelona,2013,2,2,0,0,0,0,2,0,2,0,0,0,0,2,0,0,0,0,0
081496,Olost,Barcelona,2014,1,1,0,0,0,0,1,0,1,0,0,0,0,1,0,0,0,0,0
081496,Olost,Barcelona,2015,2,2,0,0,0,0,2,0,2,0,0,0,0,2,0,0,0,0,0
081496,Olost,Barcelona,2016,4,0,2,2,0,0,4,0,4,0,0,0,1,3,0,0,0,0,0
081496,Olost,Barcelona,2017,2,0,1,1,0,0,2,0,2,0,0,0,1,1,0,0,0,0,0
081496,Olost,Barcelona,2018,0,0,0,0,0,0,0,0,0,0,0,0,0,0,0,0,0,0,0
081496,Olost,Barcelona,2019,5,2,3,0,0,0,5,0,5,3,0,0,0,0,2,0,0,0,0
081496,Olost,Barcelona,2020,2,0,2,0,0,0,2,0,2,2,0,0,0,0,0,0,0,0,0
081496,Olost,Barcelona,2021,1,0,0,1,0,0,1,0,1,0,0,0,0,1,0,0,0,0,0
081496,Olost,Barcelona,2022,7,3,1,3,0,0,7,0,7,0,4,0,0,3,0,0,0,0,0
081496,Olost,Barcelona,2023,5,0,0,5,1,0,4,0,5,0,3,0,0,1,0,0,0,0,0
081509,Orís,Barcelona,2011,0,0,0,0,0,0,0,0,0,0,0,0,0,0,0,0,0,0,0
081509,Orís,Barcelona,2012,0,0,0,0,0,0,0,0,0,0,0,0,0,0,0,0,0,0,0
081509,Orís,Barcelona,2013,0,0,0,0,0,0,0,0,0,0,0,0,0,0,0,0,0,0,0
081509,Orís,Barcelona,2014,0,0,0,0,0,0,0,0,0,0,0,0,0,0,0,0,0,0,0
081509,Orís,Barcelona,2015,0,0,0,0,0,0,0,0,0,0,0,0,0,0,0,0,0,0,0
081509,Orís,Barcelona,2016,0,0,0,0,0,0,0,0,0,0,0,0,0,0,0,0,0,0,0
081509,Orís,Barcelona,2017,2,0,0,2,2,0,0,0,2,0,0,0,0,0,0,0,0,0,0
081509,Orís,Barcelona,2018,1,0,1,0,0,1,0,0,1,0,0,0,0,0,0,0,0,0,0
081509,Orís,Barcelona,2019,4,1,0,3,0,3,1,0,4,1,0,0,0,0,0,0,0,0,0
081509,Orís,Barcelona,2020,3,1,1,1,0,1,2,0,3,1,0,0,0,1,0,0,0,0,0
081509,Orís,Barcelona,2021,3,0,3,0,0,0,3,0,3,0,0,0,0,3,0,0,0,0,0
081509,Orís,Barcelona,2022,3,0,3,0,0,0,3,0,3,0,0,0,0,3,0,0,0,0,0
081509,Orís,Barcelona,2023,2,1,1,0,0,1,1,0,2,0,0,0,0,1,0,0,0,0,0
081516,Oristà,Barcelona,2011,1,0,0,1,0,0,1,0,1,0,0,1,0,0,0,0,0,0,0
081516,Oristà,Barcelona,2012,0,0,0,0,0,0,0,0,0,0,0,0,0,0,0,0,0,0,0
081516,Oristà,Barcelona,2013,1,0,0,1,1,0,0,0,1,0,0,0,0,0,0,0,0,0,0
081516,Oristà,Barcelona,2014,1,0,0,1,1,0,0,0,1,0,0,0,0,0,0,0,0,0,0
081516,Oristà,Barcelona,2015,1,0,0,1,1,0,0,0,1,0,0,0,0,0,0,0,0,0,0
081516,Oristà,Barcelona,2016,1,0,0,1,1,0,0,0,1,0,0,0,0,0,0,0,0,0,0
081516,Oristà,Barcelona,2017,1,0,1,0,0,0,1,0,1,0,0,0,0,1,0,0,0,0,0
081516,Oristà,Barcelona,2018,0,0,0,0,0,0,0,0,0,0,0,0,0,0,0,0,0,0,0
081516,Oristà,Barcelona,2019,4,1,2,1,0,0,4,0,4,3,0,0,0,1,0,0,0,0,0
081516,Oristà,Barcelona,2020,1,0,1,0,0,0,1,0,1,0,0,0,0,1,0,0,0,0,0
081516,Oristà,Barcelona,2021,3,2,1,0,0,0,1,2,1,0,0,1,0,0,0,0,0,0,0
081537,Òrrius,Barcelona,2011,1,0,0,1,0,1,0,0,1,0,0,0,0,0,0,0,0,0,0
081537,Òrrius,Barcelona,2012,4,1,2,1,0,1,3,0,4,0,0,0,0,3,0,0,0,0,0
081537,Òrrius,Barcelona,2013,4,1,2,1,0,1,3,0,4,0,0,0,0,3,0,0,0,0,0
081537,Òrrius,Barcelona,2014,2,0,0,2,0,0,2,0,2,0,0,0,0,2,0,0,0,0,0
081537,Òrrius,Barcelona,2015,7,1,0,6,3,0,4,0,7,0,0,0,0,4,0,0,0,0,0
081537,Òrrius,Barcelona,2016,3,0,0,3,1,0,2,0,3,0,0,0,0,2,0,0,0,0,0
081537,Òrrius,Barcelona,2017,0,0,0,0,0,0,0,0,0,0,0,0,0,0,0,0,0,0,0
081537,Òrrius,Barcelona,2018,2,1,0,1,0,0,2,0,2,1,0,0,0,1,0,0,0,0,0
081537,Òrrius,Barcelona,2019,4,0,3,1,1,0,3,0,4,3,0,0,0,0,0,0,0,0,0
081537,Òrrius,Barcelona,2020,1,1,0,0,0,0,0,1,0,0,0,0,0,0,0,0,0,0,0
081537,Òrrius,Barcelona,2021,5,0,2,3,3,0,0,2,3,0,0,0,0,0,0,0,0,0,0
081542,Pacs del Penedès,Barcelona,2011,4,3,1,0,0,0,4,0,4,0,0,1,0,3,0,0,0,0,0
081542,Pacs del Penedès,Barcelona,2012,1,0,1,0,0,0,1,0,1,0,0,0,0,1,0,0,0,0,0
081542,Pacs del Penedès,Barcelona,2013,2,1,1,0,0,0,2,0,2,0,0,0,0,2,0,0,0,0,0
081542,Pacs del Penedès,Barcelona,2014,5,0,1,4,2,2,1,0,5,0,0,0,0,1,0,0,0,0,0
081542,Pacs del Penedès,Barcelona,2015,4,0,0,4,3,1,0,0,4,0,0,0,0,0,0,0,0,0,0
081542,Pacs del Penedès,Barcelona,2016,1,0,0,1,1,0,0,0,1,0,0,0,0,0,0,0,0,0,0
081542,Pacs del Penedès,Barcelona,2017,3,1,2,0,0,0,3,0,3,0,0,0,0,3,0,0,0,0,0
081542,Pacs del Penedès,Barcelona,2018,1,0,1,0,0,0,1,0,1,0,0,0,0,1,0,0,0,0,0
081542,Pacs del Penedès,Barcelona,2019,4,1,1,2,0,1,3,0,4,1,0,0,0,0,0,2,0,0,0
081542,Pacs del Penedès,Barcelona,2020,1,1,0,0,0,0,1,0,1,0,0,0,0,1,0,0,0,0,0
081542,Pacs del Penedès,Barcelona,2021,0,0,0,0,0,0,0,0,0,0,0,0,0,0,0,0,0,0,0
081542,Pacs del Penedès,Barcelona,2023,4,0,3,1,0,3,1,0,4,0,0,0,0,1,0,0,0,0,0
081555,Palafolls,Barcelona,2011,45,2,7,36,26,9,8,2,43,0,1,0,2,5,0,0,0,0,0
081555,Palafolls,Barcelona,2012,42,5,6,31,20,13,9,0,42,1,0,0,2,6,0,0,0,0,0
081555,Palafolls,Barcelona,2013,23,1,5,17,6,7,10,0,23,1,0,0,1,8,0,0,0,0,0
081555,Palafolls,Barcelona,2014,11,1,2,8,4,1,6,0,11,2,1,0,0,3,0,0,0,0,0
081555,Palafolls,Barcelona,2015,10,1,6,3,2,2,6,0,10,2,2,0,0,2,0,0,0,0,0
081555,Palafolls,Barcelona,2016,15,0,6,9,8,1,6,0,15,2,1,0,0,3,0,0,0,0,0
081555,Palafolls,Barcelona,2017,10,2,4,4,4,2,4,0,10,1,2,0,0,1,0,0,0,0,0
081555,Palafolls,Barcelona,2018,19,3,9,7,2,6,11,0,19,4,3,0,0,4,0,0,0,0,0
081555,Palafolls,Barcelona,2019,39,3,13,23,10,10,19,0,39,8,4,1,0,6,0,0,0,0,0
081555,Palafolls,Barcelona,2020,25,3,4,18,4,7,12,2,23,6,4,1,0,1,0,0,0,0,0
081555,Palafolls,Barcelona,2021,23,5,8,10,1,3,10,9,14,1,3,4,0,2,0,0,0,0,0
081555,Palafolls,Barcelona,2022,13,3,2,8,2,4,3,4,9,0,0,1,1,1,0,0,0,0,0
081555,Palafolls,Barcelona,2023,14,2,6,6,1,3,9,1,13,2,0,0,2,5,0,0,0,0,0
081568,Palau-solità i Plegamans,Barcelona,2011,130,18,44,68,65,29,33,3,127,3,4,0,0,26,0,0,0,0,0
081568,Palau-solità i Plegamans,Barcelona,2012,122,23,34,65,52,31,35,4,118,3,6,0,1,25,0,0,0,0,0
081568,Palau-solità i Plegamans,Barcelona,2013,109,15,37,57,38,29,41,1,108,7,9,1,0,24,0,0,0,0,0
081568,Palau-solità i Plegamans,Barcelona,2014,81,13,35,33,23,25,32,1,80,2,1,2,0,27,0,0,0,0,0
081568,Palau-solità i Plegamans,Barcelona,2015,61,10,29,22,20,19,22,0,61,1,1,3,0,17,0,0,0,0,0
081568,Palau-solità i Plegamans,Barcelona,2016,68,25,25,18,18,12,36,2,66,4,7,3,0,20,0,2,0,0,0
081568,Palau-solità i Plegamans,Barcelona,2017,40,7,28,5,6,8,24,2,38,2,2,3,0,17,0,0,0,0,0
081568,Palau-solità i Plegamans,Barcelona,2018,72,23,35,14,14,7,51,0,72,10,0,4,1,35,1,0,0,0,0
081568,Palau-solità i Plegamans,Barcelona,2019,81,30,28,23,18,17,46,0,81,5,0,2,0,38,1,0,0,0,0
081568,Palau-solità i Plegamans,Barcelona,2020,75,20,35,20,15,14,39,7,68,2,0,4,0,32,1,0,0,0,0
081568,Palau-solità i Plegamans,Barcelona,2021,157,80,51,26,5,7,51,94,63,1,1,5,0,43,1,0,0,0,0
081568,Palau-solità i Plegamans,Barcelona,2022,198,92,67,39,11,10,61,116,82,1,2,5,0,51,2,0,0,0,0
081568,Palau-solità i Plegamans,Barcelona,2023,164,80,68,16,12,8,118,26,138,2,6,1,0,98,11,0,0,0,0
081574,Pallejà,Barcelona,2011,156,43,45,68,43,39,54,20,136,13,3,11,2,24,1,0,0,0,0
081574,Pallejà,Barcelona,2012,120,32,32,56,39,22,45,14,106,7,2,8,2,25,1,0,0,0,0
081574,Pallejà,Barcelona,2013,78,10,24,44,34,22,22,0,78,3,0,5,1,12,1,0,0,0,0
081574,Pallejà,Barcelona,2014,61,10,30,21,22,15,24,0,61,2,0,4,3,15,0,0,0,0,0
081574,Pallejà,Barcelona,2015,61,35,7,19,8,12,40,1,60,2,1,13,0,23,1,0,0,0,0
081574,Pallejà,Barcelona,2016,62,2,33,27,16,16,27,3,59,1,0,5,0,20,1,0,0,0,0
081574,Pallejà,Barcelona,2017,86,18,37,31,17,22,45,2,84,6,0,4,1,34,0,0,0,0,0
081574,Pallejà,Barcelona,2018,88,21,38,29,15,18,55,0,88,9,0,9,3,31,1,2,0,0,0
081574,Pallejà,Barcelona,2019,141,53,45,43,14,26,101,0,141,11,1,24,8,54,3,0,0,0,0
081574,Pallejà,Barcelona,2020,111,42,46,23,18,17,75,1,110,12,0,24,10,28,1,0,0,0,0
081574,Pallejà,Barcelona,2021,95,15,71,9,11,9,75,0,95,7,1,28,6,33,0,0,0,0,0
081574,Pallejà,Barcelona,2022,85,25,47,13,15,9,60,1,84,6,4,14,1,34,1,0,0,0,0
081574,Pallejà,Barcelona,2023,142,36,77,29,28,11,102,1,141,10,6,5,0,78,3,0,0,0,0
081580,el Papiol,Barcelona,2011,72,26,7,39,31,15,24,2,70,3,0,10,0,8,3,0,0,0,0
081580,el Papiol,Barcelona,2012,48,20,8,20,14,11,23,0,48,5,0,7,0,9,2,0,0,0,0
081580,el Papiol,Barcelona,2013,19,0,15,4,4,5,10,0,19,5,0,1,0,4,0,0,0,0,0
081580,el Papiol,Barcelona,2014,14,6,4,4,3,3,8,0,14,3,0,2,0,3,0,0,0,0,0
081580,el Papiol,Barcelona,2015,14,3,4,7,5,5,4,0,14,0,0,1,0,3,0,0,0,0,0
081580,el Papiol,Barcelona,2016,8,0,4,4,2,4,2,0,8,0,0,2,0,0,0,0,0,0,0
081580,el Papiol,Barcelona,2017,11,3,4,4,4,4,3,0,11,0,0,0,0,3,0,0,0,0,0
081580,el Papiol,Barcelona,2018,13,4,4,5,4,3,6,0,13,0,0,1,0,5,0,0,0,0,0
081580,el Papiol,Barcelona,2019,20,9,6,5,4,3,13,0,20,0,0,3,0,10,0,0,0,0,0
081580,el Papiol,Barcelona,2020,23,9,2,12,6,6,11,0,23,0,0,2,0,9,0,0,0,0,0
081580,el Papiol,Barcelona,2021,21,4,10,7,6,0,11,4,17,0,0,1,0,10,0,0,0,0,0
081580,el Papiol,Barcelona,2022,21,14,4,3,3,0,17,1,20,0,6,2,0,8,1,0,0,0,0
081580,el Papiol,Barcelona,2023,29,12,10,7,5,1,23,0,29,0,0,2,0,20,1,0,0,0,0
081593,Parets del Vallès,Barcelona,2011,275,93,87,95,76,44,151,4,271,20,1,11,55,62,2,0,0,0,0
081593,Parets del Vallès,Barcelona,2012,305,66,139,100,70,49,181,5,300,14,3,30,58,70,6,0,0,0,0
081593,Parets del Vallès,Barcelona,2013,200,29,74,97,68,50,78,4,196,9,0,13,9,44,3,0,0,0,0
081593,Parets del Vallès,Barcelona,2014,158,5,62,91,61,46,50,1,157,2,0,8,10,30,0,0,0,0,0
081593,Parets del Vallès,Barcelona,2015,137,32,54,51,44,37,56,0,137,11,1,2,13,28,1,0,0,0,0
081593,Parets del Vallès,Barcelona,2016,103,23,32,48,38,18,47,0,103,7,2,4,9,23,2,0,0,0,0
081593,Parets del Vallès,Barcelona,2017,88,7,28,53,31,20,37,0,88,6,2,2,3,19,4,1,0,0,0
081593,Parets del Vallès,Barcelona,2018,99,47,19,33,16,15,68,0,99,2,1,8,19,36,2,0,0,0,0
081593,Parets del Vallès,Barcelona,2019,115,28,47,40,19,20,76,0,115,5,0,10,21,35,5,0,0,0,0
081593,Parets del Vallès,Barcelona,2020,67,22,15,30,17,5,40,5,62,3,2,1,8,25,1,0,0,0,0
081593,Parets del Vallès,Barcelona,2021,63,21,27,15,7,7,39,10,53,0,5,6,5,20,3,0,0,0,0
081593,Parets del Vallès,Barcelona,2022,84,39,31,14,13,5,65,1,83,4,0,6,12,43,0,0,0,0,0
081593,Parets del Vallès,Barcelona,2023,120,52,40,28,27,6,87,0,120,3,5,6,11,61,1,0,0,0,0
081607,Perafita,Barcelona,2011,0,0,0,0,0,0,0,0,0,0,0,0,0,0,0,0,0,0,0
081607,Perafita,Barcelona,2012,0,0,0,0,0,0,0,0,0,0,0,0,0,0,0,0,0,0,0
081607,Perafita,Barcelona,2013,0,0,0,0,0,0,0,0,0,0,0,0,0,0,0,0,0,0,0
081607,Perafita,Barcelona,2014,0,0,0,0,0,0,0,0,0,0,0,0,0,0,0,0,0,0,0
081607,Perafita,Barcelona,2015,2,2,0,0,0,0,2,0,2,0,1,0,1,0,0,0,0,0,0
081607,Perafita,Barcelona,2016,1,0,0,1,1,0,0,0,1,0,0,0,0,0,0,0,0,0,0
081607,Perafita,Barcelona,2017,1,0,0,1,1,0,0,0,1,0,0,0,0,0,0,0,0,0,0
081607,Perafita,Barcelona,2018,0,0,0,0,0,0,0,0,0,0,0,0,0,0,0,0,0,0,0
081607,Perafita,Barcelona,2019,3,0,0,3,1,0,2,0,3,0,0,0,0,2,0,0,0,0,0
081607,Perafita,Barcelona,2020,0,0,0,0,0,0,0,0,0,0,0,0,0,0,0,0,0,0,0
081607,Perafita,Barcelona,2021,0,0,0,0,0,0,0,0,0,0,0,0,0,0,0,0,0,0,0
081614,Piera,Barcelona,2011,109,33,53,23,11,24,65,9,100,1,1,36,0,19,4,4,0,0,0
081614,Piera,Barcelona,2012,52,6,26,20,11,12,26,3,49,0,0,5,1,17,2,1,0,0,0
081614,Piera,Barcelona,2013,41,22,7,12,5,11,25,0,41,0,2,17,2,2,2,0,0,0,0
081614,Piera,Barcelona,2014,18,2,2,14,9,4,5,0,18,0,0,0,0,3,2,0,0,0,0
081614,Piera,Barcelona,2015,20,3,3,14,9,6,5,0,20,0,0,1,0,4,0,0,0,0,0
081614,Piera,Barcelona,2016,23,4,2,17,13,7,3,0,23,0,0,0,0,3,0,0,0,0,0
081614,Piera,Barcelona,2017,48,22,17,9,9,4,35,0,48,1,4,8,2,16,4,0,0,0,0
081614,Piera,Barcelona,2018,53,25,16,12,8,9,36,0,53,1,1,15,0,16,3,0,0,0,0
081614,Piera,Barcelona,2019,70,32,25,13,7,9,54,0,70,1,3,32,0,18,0,0,0,0,0
081614,Piera,Barcelona,2020,21,7,6,8,4,3,12,2,19,0,0,4,2,6,0,0,0,0,0
081614,Piera,Barcelona,2021,30,22,5,3,2,1,19,8,22,0,0,8,5,6,0,0,0,0,0
081614,Piera,Barcelona,2022,31,15,16,0,0,3,27,1,30,0,0,10,0,11,6,0,0,0,0
081614,Piera,Barcelona,2023,70,47,20,3,3,4,62,1,69,2,0,14,12,34,0,0,0,0,0
081629,els Hostalets de Pierola,Barcelona,2011,14,7,4,3,2,1,10,1,13,0,2,5,0,3,0,0,0,0,0
081629,els Hostalets de Pierola,Barcelona,2012,4,1,0,3,2,0,2,0,4,0,1,0,0,1,0,0,0,0,0
081629,els Hostalets de Pierola,Barcelona,2013,9,7,0,2,1,0,8,0,9,0,1,7,0,0,0,0,0,0,0
081629,els Hostalets de Pierola,Barcelona,2014,3,0,1,2,3,0,0,0,3,0,0,0,0,0,0,0,0,0,0
081629,els Hostalets de Pierola,Barcelona,2015,5,1,2,2,4,0,1,0,5,0,0,1,0,0,0,0,0,0,0
081629,els Hostalets de Pierola,Barcelona,2016,5,0,4,1,3,0,2,0,5,2,0,0,0,0,0,0,0,0,0
081629,els Hostalets de Pierola,Barcelona,2017,8,3,0,5,4,2,2,0,8,0,0,0,0,2,0,0,0,0,0
081629,els Hostalets de Pierola,Barcelona,2018,8,0,3,5,1,5,2,0,8,0,0,0,0,2,0,0,0,0,0
081629,els Hostalets de Pierola,Barcelona,2019,16,4,5,7,3,8,5,0,16,0,0,5,0,0,0,0,0,0,0
081629,els Hostalets de Pierola,Barcelona,2020,8,1,2,5,0,4,2,2,6,0,0,2,0,0,0,0,0,0,0
081629,els Hostalets de Pierola,Barcelona,2021,3,2,0,1,0,1,2,0,3,0,0,2,0,0,0,0,0,0,0
081629,els Hostalets de Pierola,Barcelona,2022,9,3,1,5,2,2,4,1,8,0,0,1,2,0,0,1,0,0,0
081629,els Hostalets de Pierola,Barcelona,2023,19,8,7,4,3,0,14,2,17,0,0,4,7,0,0,3,0,0,0
081635,Pineda de Mar,Barcelona,2011,137,39,53,45,41,14,81,1,136,9,6,11,3,51,0,1,0,0,0
081635,Pineda de Mar,Barcelona,2012,148,63,54,31,24,17,104,3,145,16,8,19,6,54,0,1,0,0,0
081635,Pineda de Mar,Barcelona,2013,146,57,42,47,30,21,95,0,146,11,7,22,10,42,2,1,0,0,0
081635,Pineda de Mar,Barcelona,2014,144,50,68,26,12,22,110,0,144,13,7,23,12,49,6,0,0,0,0
081635,Pineda de Mar,Barcelona,2015,191,60,90,41,21,37,133,0,191,9,13,34,10,63,4,0,0,0,0
081635,Pineda de Mar,Barcelona,2016,224,38,102,84,34,47,143,0,224,15,27,27,8,62,3,1,0,0,0
081635,Pineda de Mar,Barcelona,2017,212,73,61,78,34,37,141,0,212,28,18,22,3,66,2,2,0,0,0
081635,Pineda de Mar,Barcelona,2018,196,72,77,47,35,23,138,0,196,22,22,12,1,66,11,4,0,0,0
081635,Pineda de Mar,Barcelona,2019,194,69,101,24,14,19,161,0,194,31,13,25,6,71,8,7,0,0,0
081635,Pineda de Mar,Barcelona,2020,129,46,66,17,9,14,86,20,109,11,12,10,6,41,5,1,0,0,0
081635,Pineda de Mar,Barcelona,2021,178,74,85,19,10,11,84,73,105,16,7,10,7,36,6,2,0,0,0
081635,Pineda de Mar,Barcelona,2022,106,56,35,15,5,7,79,15,91,6,4,10,8,47,3,1,0,0,0
081635,Pineda de Mar,Barcelona,2023,220,116,73,31,18,8,186,8,212,9,25,14,8,121,7,2,0,0,0
081640,El Pla del Penedès,Barcelona,2011,1,0,0,1,0,0,1,0,1,1,0,0,0,0,0,0,0,0,0
081640,El Pla del Penedès,Barcelona,2012,2,0,0,2,2,0,0,0,2,0,0,0,0,0,0,0,0,0,0
081640,El Pla del Penedès,Barcelona,2013,10,4,0,6,6,1,3,0,10,0,0,1,0,2,0,0,0,0,0
081640,El Pla del Penedès,Barcelona,2014,7,3,1,3,3,2,2,0,7,0,0,0,1,1,0,0,0,0,0
081640,El Pla del Penedès,Barcelona,2015,3,1,2,0,0,3,0,0,3,0,0,0,0,0,0,0,0,0,0
081640,El Pla del Penedès,Barcelona,2016,2,0,1,1,0,2,0,0,2,0,0,0,0,0,0,0,0,0,0
081640,El Pla del Penedès,Barcelona,2017,3,0,0,3,1,2,0,0,3,0,0,0,0,0,0,0,0,0,0
081640,El Pla del Penedès,Barcelona,2018,2,1,0,1,0,1,1,0,2,0,0,1,0,0,0,0,0,0,0
081640,El Pla del Penedès,Barcelona,2019,2,0,0,2,0,2,0,0,2,0,0,0,0,0,0,0,0,0,0
081640,El Pla del Penedès,Barcelona,2020,0,0,0,0,0,0,0,0,0,0,0,0,0,0,0,0,0,0,0
081640,El Pla del Penedès,Barcelona,2021,3,3,0,0,0,0,0,3,0,0,0,0,0,0,0,0,0,0,0
081640,El Pla del Penedès,Barcelona,2022,6,2,3,1,0,1,4,1,5,0,0,3,0,1,0,0,0,0,0
081640,El Pla del Penedès,Barcelona,2023,8,2,4,2,0,2,6,0,8,0,0,4,0,2,0,0,0,0,0
081653,la Pobla de Claramunt,Barcelona,2011,15,2,6,7,8,0,7,0,15,1,1,0,1,4,0,0,0,0,0
081653,la Pobla de Claramunt,Barcelona,2012,2,0,1,1,1,0,1,0,2,0,0,0,0,1,0,0,0,0,0
081653,la Pobla de Claramunt,Barcelona,2013,2,0,1,1,0,0,2,0,2,0,0,0,0,2,0,0,0,0,0
081653,la Pobla de Claramunt,Barcelona,2014,2,1,0,1,1,0,1,0,2,0,1,0,0,0,0,0,0,0,0
081653,la Pobla de Claramunt,Barcelona,2015,5,2,1,2,2,0,3,0,5,0,0,0,0,3,0,0,0,0,0
081653,la Pobla de Claramunt,Barcelona,2016,10,2,4,4,0,2,8,0,10,3,0,0,0,5,0,0,0,0,0
081653,la Pobla de Claramunt,Barcelona,2017,16,1,6,9,3,4,9,0,16,1,0,1,0,7,0,0,0,0,0
081653,la Pobla de Claramunt,Barcelona,2018,9,3,2,4,0,1,8,0,9,0,1,2,0,5,0,0,0,0,0
081653,la Pobla de Claramunt,Barcelona,2019,6,2,2,2,0,3,3,0,6,0,0,0,0,3,0,0,0,0,0
081653,la Pobla de Claramunt,Barcelona,2020,7,1,3,3,0,0,7,0,7,0,0,0,0,7,0,0,0,0,0
081653,la Pobla de Claramunt,Barcelona,2021,7,0,7,0,0,0,7,0,7,0,0,0,0,7,0,0,0,0,0
081653,la Pobla de Claramunt,Barcelona,2022,5,1,3,1,0,0,5,0,5,0,0,0,0,5,0,0,0,0,0
081653,la Pobla de Claramunt,Barcelona,2023,7,1,3,3,0,0,7,0,7,0,0,0,0,7,0,0,0,0,0
081666,la Pobla de Lillet,Barcelona,2011,0,0,0,0,0,0,0,0,0,0,0,0,0,0,0,0,0,0,0
081666,la Pobla de Lillet,Barcelona,2012,0,0,0,0,0,0,0,0,0,0,0,0,0,0,0,0,0,0,0
081666,la Pobla de Lillet,Barcelona,2013,2,0,2,0,0,0,2,0,2,0,0,0,0,2,0,0,0,0,0
081666,la Pobla de Lillet,Barcelona,2014,3,0,3,0,0,0,3,0,3,0,0,0,0,3,0,0,0,0,0
081666,la Pobla de Lillet,Barcelona,2015,0,0,0,0,0,0,0,0,0,0,0,0,0,0,0,0,0,0,0
081666,la Pobla de Lillet,Barcelona,2016,0,0,0,0,0,0,0,0,0,0,0,0,0,0,0,0,0,0,0
081666,la Pobla de Lillet,Barcelona,2017,0,0,0,0,0,0,0,0,0,0,0,0,0,0,0,0,0,0,0
081666,la Pobla de Lillet,Barcelona,2018,1,1,0,0,0,1,0,0,1,0,0,0,0,0,0,0,0,0,0
081666,la Pobla de Lillet,Barcelona,2019,1,1,0,0,0,0,1,0,1,0,0,0,0,1,0,0,0,0,0
081666,la Pobla de Lillet,Barcelona,2020,3,3,0,0,0,0,3,0,3,0,0,0,0,3,0,0,0,0,0
081666,la Pobla de Lillet,Barcelona,2021,3,2,1,0,0,0,1,2,1,0,0,0,0,1,0,0,0,0,0
081666,la Pobla de Lillet,Barcelona,2023,4,0,4,0,0,2,2,0,4,0,0,0,0,2,0,0,0,0,0
081672,Polinyà,Barcelona,2011,68,27,15,26,24,16,28,0,68,2,0,0,13,13,0,0,0,0,0
081672,Polinyà,Barcelona,2012,74,37,30,7,15,19,38,2,72,2,0,1,17,16,2,0,0,0,0
081672,Polinyà,Barcelona,2013,41,0,35,6,13,13,15,0,41,0,0,1,1,13,0,0,0,0,0
081672,Polinyà,Barcelona,2014,41,1,37,3,14,13,14,0,41,1,0,0,0,13,0,0,0,0,0
081672,Polinyà,Barcelona,2015,38,2,3,33,19,12,7,0,38,1,1,0,0,5,0,0,0,0,0
081672,Polinyà,Barcelona,2016,21,0,3,18,8,9,4,0,21,1,0,0,0,3,0,0,0,0,0
081672,Polinyà,Barcelona,2017,28,2,0,26,15,9,3,1,27,0,0,0,0,3,0,0,0,0,0
081672,Polinyà,Barcelona,2018,51,16,15,20,13,12,26,0,51,0,2,0,6,18,0,0,0,0,0
081672,Polinyà,Barcelona,2019,37,9,14,14,10,7,19,1,36,2,0,0,2,13,2,0,0,0,0
081672,Polinyà,Barcelona,2020,26,9,7,10,3,4,17,2,24,3,0,0,0,14,0,0,0,0,0
081672,Polinyà,Barcelona,2021,40,22,9,9,3,4,28,5,35,3,2,0,5,16,2,0,0,0,0
081672,Polinyà,Barcelona,2022,60,30,19,11,2,6,41,11,49,1,2,0,2,33,3,0,0,0,0
081672,Polinyà,Barcelona,2023,52,18,26,8,2,7,43,0,52,0,1,4,1,35,2,0,0,0,0
081688,Pontons,Barcelona,2011,3,1,1,1,0,2,1,0,3,0,0,1,0,0,0,0,0,0,0
081688,Pontons,Barcelona,2012,4,2,0,2,0,2,2,0,4,0,0,2,0,0,0,0,0,0,0
081688,Pontons,Barcelona,2013,3,0,1,2,0,2,1,0,3,0,0,1,0,0,0,0,0,0,0
081688,Pontons,Barcelona,2014,2,0,0,2,0,2,0,0,2,0,0,0,0,0,0,0,0,0,0
081688,Pontons,Barcelona,2015,0,0,0,0,0,0,0,0,0,0,0,0,0,0,0,0,0,0,0
081688,Pontons,Barcelona,2016,0,0,0,0,0,0,0,0,0,0,0,0,0,0,0,0,0,0,0
081688,Pontons,Barcelona,2017,0,0,0,0,0,0,0,0,0,0,0,0,0,0,0,0,0,0,0
081688,Pontons,Barcelona,2018,4,4,0,0,0,0,4,0,4,0,1,2,0,1,0,0,0,0,0
081688,Pontons,Barcelona,2019,2,1,1,0,0,0,2,0,2,0,0,0,0,2,0,0,0,0,0
081688,Pontons,Barcelona,2020,0,0,0,0,0,0,0,0,0,0,0,0,0,0,0,0,0,0,0
081688,Pontons,Barcelona,2021,0,0,0,0,0,0,0,0,0,0,0,0,0,0,0,0,0,0,0
081688,Pontons,Barcelona,2023,2,2,0,0,0,0,2,0,2,0,1,1,0,0,0,0,0,0,0
081691,el Prat de Llobregat,Barcelona,2011,548,108,110,330,226,132,180,10,538,24,7,14,1,132,1,1,0,0,0
081691,el Prat de Llobregat,Barcelona,2012,547,135,137,275,178,152,215,2,545,17,10,39,2,137,9,1,0,0,0
081691,el Prat de Llobregat,Barcelona,2013,460,104,134,222,140,154,162,4,456,19,15,24,0,99,5,0,0,0,0
081691,el Prat de Llobregat,Barcelona,2014,406,45,157,204,113,162,130,1,405,20,6,15,2,79,8,0,0,0,0
081691,el Prat de Llobregat,Barcelona,2015,394,101,140,153,89,138,161,6,388,23,1,17,1,113,6,0,0,0,0
081691,el Prat de Llobregat,Barcelona,2016,445,111,168,166,98,130,215,2,443,29,6,26,4,141,9,0,0,0,0
081691,el Prat de Llobregat,Barcelona,2017,408,110,152,146,96,85,227,0,408,24,9,32,3,138,20,1,0,0,0
081691,el Prat de Llobregat,Barcelona,2018,522,166,192,164,120,92,310,0,522,22,15,50,4,199,20,0,0,0,0
081691,el Prat de Llobregat,Barcelona,2019,551,184,217,150,106,101,344,0,551,29,9,54,10,233,8,1,0,0,0
081691,el Prat de Llobregat,Barcelona,2020,376,121,149,106,59,65,242,10,366,26,9,25,3,165,11,3,0,0,0
081691,el Prat de Llobregat,Barcelona,2021,447,173,182,92,41,74,282,50,397,19,12,51,6,178,13,3,0,0,0
081691,el Prat de Llobregat,Barcelona,2022,360,147,124,89,35,58,258,9,351,17,6,30,4,191,10,0,0,0,0
081691,el Prat de Llobregat,Barcelona,2023,519,147,257,115,69,96,349,5,514,10,6,13,2,306,12,0,0,0,0
081705,Els Prats de Rei,Barcelona,2011,0,0,0,0,0,0,0,0,0,0,0,0,0,0,0,0,0,0,0
081705,Els Prats de Rei,Barcelona,2012,0,0,0,0,0,0,0,0,0,0,0,0,0,0,0,0,0,0,0
081705,Els Prats de Rei,Barcelona,2013,2,0,0,2,2,0,0,0,2,0,0,0,0,0,0,0,0,0,0
081705,Els Prats de Rei,Barcelona,2014,1,0,0,1,1,0,0,0,1,0,0,0,0,0,0,0,0,0,0
081705,Els Prats de Rei,Barcelona,2015,0,0,0,0,0,0,0,0,0,0,0,0,0,0,0,0,0,0,0
081705,Els Prats de Rei,Barcelona,2016,0,0,0,0,0,0,0,0,0,0,0,0,0,0,0,0,0,0,0
081705,Els Prats de Rei,Barcelona,2017,0,0,0,0,0,0,0,0,0,0,0,0,0,0,0,0,0,0,0
081705,Els Prats de Rei,Barcelona,2018,0,0,0,0,0,0,0,0,0,0,0,0,0,0,0,0,0,0,0
081705,Els Prats de Rei,Barcelona,2019,0,0,0,0,0,0,0,0,0,0,0,0,0,0,0,0,0,0,0
081705,Els Prats de Rei,Barcelona,2020,0,0,0,0,0,0,0,0,0,0,0,0,0,0,0,0,0,0,0
081705,Els Prats de Rei,Barcelona,2021,0,0,0,0,0,0,0,0,0,0,0,0,0,0,0,0,0,0,0
081712,Prats de Lluçanès,Barcelona,2011,4,0,0,4,4,0,0,0,4,0,0,0,0,0,0,0,0,0,0
081712,Prats de Lluçanès,Barcelona,2012,3,0,1,2,0,3,0,0,3,0,0,0,0,0,0,0,0,0,0
081712,Prats de Lluçanès,Barcelona,2013,1,1,0,0,0,0,1,0,1,0,0,0,0,1,0,0,0,0,0
081712,Prats de Lluçanès,Barcelona,2014,1,1,0,0,0,0,1,0,1,0,0,1,0,0,0,0,0,0,0
081712,Prats de Lluçanès,Barcelona,2015,5,2,3,0,0,1,4,0,5,0,0,0,0,4,0,0,0,0,0
081712,Prats de Lluçanès,Barcelona,2016,4,1,3,0,0,0,4,0,4,0,0,1,0,3,0,0,0,0,0
081712,Prats de Lluçanès,Barcelona,2017,0,0,0,0,0,0,0,0,0,0,0,0,0,0,0,0,0,0,0
081712,Prats de Lluçanès,Barcelona,2018,3,0,2,1,1,0,2,0,3,0,0,0,1,1,0,0,0,0,0
081712,Prats de Lluçanès,Barcelona,2019,5,0,3,2,2,0,3,0,5,0,0,0,3,0,0,0,0,0,0
081712,Prats de Lluçanès,Barcelona,2020,1,0,0,1,1,0,0,0,1,0,0,0,0,0,0,0,0,0,0
081712,Prats de Lluçanès,Barcelona,2021,1,1,0,0,0,0,0,1,0,0,0,0,0,0,0,0,0,0,0
081712,Prats de Lluçanès,Barcelona,2022,21,20,1,0,0,0,20,1,20,0,1,2,2,15,0,0,0,0,0
081712,Prats de Lluçanès,Barcelona,2023,20,16,4,0,0,0,19,1,19,0,1,1,1,16,0,0,0,0,0
081727,Premià de Mar,Barcelona,2011,163,58,56,49,25,34,99,5,158,15,0,6,2,72,4,0,0,0,0
081727,Premià de Mar,Barcelona,2012,197,105,50,42,35,20,140,2,195,7,3,17,16,87,10,0,0,0,0
081727,Premià de Mar,Barcelona,2013,199,57,68,74,57,38,101,3,196,6,2,13,4,76,0,0,0,0,0
081727,Premià de Mar,Barcelona,2014,167,52,54,61,55,34,78,0,167,4,4,11,5,52,1,1,0,0,0
081727,Premià de Mar,Barcelona,2015,201,88,57,56,47,39,113,2,199,6,6,20,5,68,5,3,0,0,0
081727,Premià de Mar,Barcelona,2016,271,69,143,59,43,52,176,0,271,12,10,25,3,116,9,1,0,0,0
081727,Premià de Mar,Barcelona,2017,309,59,148,102,62,57,188,2,307,7,13,18,10,133,5,2,0,0,0
081727,Premià de Mar,Barcelona,2018,301,113,84,104,60,24,216,1,300,9,8,23,8,158,6,4,0,0,0
081727,Premià de Mar,Barcelona,2019,266,92,81,93,60,27,178,1,265,12,5,33,6,110,9,3,0,0,0
081727,Premià de Mar,Barcelona,2020,190,68,70,52,29,14,130,17,173,7,0,10,8,96,7,2,0,0,0
081727,Premià de Mar,Barcelona,2021,194,75,75,44,18,14,99,63,131,8,1,9,6,72,3,0,0,0,0
081727,Premià de Mar,Barcelona,2022,203,102,63,38,7,20,154,22,181,13,3,24,3,109,2,0,0,0,0
081727,Premià de Mar,Barcelona,2023,288,115,98,75,30,30,220,8,280,22,7,23,14,151,3,0,0,0,0
081748,Puigdàlber,Barcelona,2011,0,0,0,0,0,0,0,0,0,0,0,0,0,0,0,0,0,0,0
081748,Puigdàlber,Barcelona,2012,0,0,0,0,0,0,0,0,0,0,0,0,0,0,0,0,0,0,0
081748,Puigdàlber,Barcelona,2013,0,0,0,0,0,0,0,0,0,0,0,0,0,0,0,0,0,0,0
081748,Puigdàlber,Barcelona,2014,0,0,0,0,0,0,0,0,0,0,0,0,0,0,0,0,0,0,0
081748,Puigdàlber,Barcelona,2015,0,0,0,0,0,0,0,0,0,0,0,0,0,0,0,0,0,0,0
081748,Puigdàlber,Barcelona,2016,1,1,0,0,0,1,0,0,1,0,0,0,0,0,0,0,0,0,0
081748,Puigdàlber,Barcelona,2017,0,0,0,0,0,0,0,0,0,0,0,0,0,0,0,0,0,0,0
081748,Puigdàlber,Barcelona,2018,3,1,1,1,1,0,2,0,3,0,0,0,0,2,0,0,0,0,0
081748,Puigdàlber,Barcelona,2019,6,2,2,2,2,0,4,0,6,0,0,0,0,4,0,0,0,0,0
081748,Puigdàlber,Barcelona,2020,0,0,0,0,0,0,0,0,0,0,0,0,0,0,0,0,0,0,0
081748,Puigdàlber,Barcelona,2021,0,0,0,0,0,0,0,0,0,0,0,0,0,0,0,0,0,0,0
081748,Puigdàlber,Barcelona,2022,3,1,2,0,0,0,3,0,3,0,0,0,0,3,0,0,0,0,0
081748,Puigdàlber,Barcelona,2023,1,1,0,0,0,0,1,0,1,0,0,1,0,0,0,0,0,0,0
081751,Puig-reig,Barcelona,2011,31,28,1,2,1,1,29,0,31,0,1,13,0,12,3,0,0,0,0
081751,Puig-reig,Barcelona,2012,16,0,16,0,0,0,16,0,16,0,2,6,0,6,2,0,0,0,0
081751,Puig-reig,Barcelona,2013,18,17,0,1,3,3,12,0,18,2,1,6,0,3,0,0,0,0,0
081751,Puig-reig,Barcelona,2014,17,13,1,3,2,3,12,0,17,2,0,4,0,6,0,0,0,0,0
081751,Puig-reig,Barcelona,2015,4,1,0,3,0,0,4,0,4,2,0,1,0,1,0,0,0,0,0
081751,Puig-reig,Barcelona,2016,2,1,1,0,0,0,2,0,2,1,0,1,0,0,0,0,0,0,0
081751,Puig-reig,Barcelona,2017,3,2,0,1,1,0,2,0,3,0,0,0,0,2,0,0,0,0,0
081751,Puig-reig,Barcelona,2018,7,0,2,5,3,0,4,0,7,1,0,0,0,3,0,0,0,0,0
081751,Puig-reig,Barcelona,2019,38,32,6,0,0,0,38,0,38,0,0,30,1,5,2,0,0,0,0
081751,Puig-reig,Barcelona,2020,16,5,11,0,0,0,16,0,16,0,0,9,0,7,0,0,0,0,0
081751,Puig-reig,Barcelona,2021,5,1,4,0,0,0,5,0,5,0,0,3,0,2,0,0,0,0,0
081751,Puig-reig,Barcelona,2022,3,2,1,0,0,0,3,0,3,0,1,1,1,0,0,0,0,0,0
081751,Puig-reig,Barcelona,2023,7,3,2,2,1,0,6,0,7,0,0,0,0,6,0,0,0,0,0
081786,Rajadell,Barcelona,2011,2,0,0,2,2,0,0,0,2,0,0,0,0,0,0,0,0,0,0
081786,Rajadell,Barcelona,2012,1,0,0,1,1,0,0,0,1,0,0,0,0,0,0,0,0,0,0
081786,Rajadell,Barcelona,2013,0,0,0,0,0,0,0,0,0,0,0,0,0,0,0,0,0,0,0
081786,Rajadell,Barcelona,2014,1,0,0,1,1,0,0,0,1,0,0,0,0,0,0,0,0,0,0
081786,Rajadell,Barcelona,2015,2,1,1,0,0,2,0,0,2,0,0,0,0,0,0,0,0,0,0
081786,Rajadell,Barcelona,2016,1,0,0,1,0,0,1,0,1,0,0,0,0,1,0,0,0,0,0
081786,Rajadell,Barcelona,2017,2,0,0,2,0,0,2,0,2,0,0,0,0,2,0,0,0,0,0
081786,Rajadell,Barcelona,2018,2,0,0,2,0,0,2,0,2,1,0,0,0,1,0,0,0,0,0
081786,Rajadell,Barcelona,2019,2,0,0,2,0,0,2,0,2,2,0,0,0,0,0,0,0,0,0
081786,Rajadell,Barcelona,2020,0,0,0,0,0,0,0,0,0,0,0,0,0,0,0,0,0,0,0
081786,Rajadell,Barcelona,2021,0,0,0,0,0,0,0,0,0,0,0,0,0,0,0,0,0,0,0
081799,Rellinars,Barcelona,2011,1,0,1,0,0,0,1,0,1,0,0,1,0,0,0,0,0,0,0
081799,Rellinars,Barcelona,2012,1,0,1,0,0,1,0,0,1,0,0,0,0,0,0,0,0,0,0
081799,Rellinars,Barcelona,2013,2,1,1,0,0,1,1,0,2,0,1,0,0,0,0,0,0,0,0
081799,Rellinars,Barcelona,2014,1,0,1,0,0,0,1,0,1,0,1,0,0,0,0,0,0,0,0
081799,Rellinars,Barcelona,2015,1,0,0,1,1,0,0,0,1,0,0,0,0,0,0,0,0,0,0
081799,Rellinars,Barcelona,2016,3,0,1,2,2,1,0,0,3,0,0,0,0,0,0,0,0,0,0
081799,Rellinars,Barcelona,2017,6,0,2,4,2,4,0,0,6,0,0,0,0,0,0,0,0,0,0
081799,Rellinars,Barcelona,2018,0,0,0,0,0,0,0,0,0,0,0,0,0,0,0,0,0,0,0
081799,Rellinars,Barcelona,2019,2,0,0,2,0,2,0,0,2,0,0,0,0,0,0,0,0,0,0
081799,Rellinars,Barcelona,2020,1,0,0,1,0,1,0,0,1,0,0,0,0,0,0,0,0,0,0
081799,Rellinars,Barcelona,2021,1,0,0,1,0,1,0,0,1,0,0,0,0,0,0,0,0,0,0
081799,Rellinars,Barcelona,2022,3,2,0,1,0,1,0,2,1,0,0,0,0,0,0,0,0,0,0
081799,Rellinars,Barcelona,2023,6,2,1,3,3,0,1,2,4,0,0,0,0,1,0,0,0,0,0
081803,Ripollet,Barcelona,2011,251,73,90,88,52,61,135,3,248,8,6,12,11,93,5,0,0,0,0
081803,Ripollet,Barcelona,2012,235,81,90,64,44,63,127,1,234,8,3,15,0,91,10,0,0,0,0
081803,Ripollet,Barcelona,2013,229,52,107,70,55,67,107,0,229,9,3,13,4,76,2,0,0,0,0
081803,Ripollet,Barcelona,2014,135,44,25,66,39,24,71,1,134,6,1,7,7,47,3,0,0,0,0
081803,Ripollet,Barcelona,2015,149,58,43,48,28,26,94,1,148,13,3,14,8,53,3,0,0,0,0
081803,Ripollet,Barcelona,2016,254,97,92,65,60,47,145,2,252,16,9,26,7,80,7,0,0,0,0
081803,Ripollet,Barcelona,2017,251,132,50,69,44,43,164,0,251,11,10,38,10,86,9,0,0,0,0
081803,Ripollet,Barcelona,2018,235,129,73,33,33,25,177,0,235,2,4,22,5,131,13,0,0,0,0
081803,Ripollet,Barcelona,2019,310,139,120,51,49,33,228,0,310,8,5,28,5,161,21,0,0,0,0
081803,Ripollet,Barcelona,2020,211,89,95,27,18,31,157,5,206,2,1,18,5,127,4,0,0,0,0
081803,Ripollet,Barcelona,2021,253,118,89,46,19,25,162,47,206,2,3,28,5,117,7,0,0,0,0
081803,Ripollet,Barcelona,2022,324,162,119,43,20,31,254,19,305,12,6,48,9,170,9,0,0,0,0
081803,Ripollet,Barcelona,2023,361,160,134,67,41,33,280,7,354,10,13,21,3,220,13,0,0,0,0
081810,la Roca del Vallès,Barcelona,2011,57,15,25,17,13,18,25,1,56,4,0,1,0,20,0,0,0,0,0
081810,la Roca del Vallès,Barcelona,2012,60,13,22,25,15,21,24,0,60,5,0,0,0,18,1,0,0,0,0
081810,la Roca del Vallès,Barcelona,2013,40,5,12,23,10,15,15,0,40,1,1,0,0,13,0,0,0,0,0
081810,la Roca del Vallès,Barcelona,2014,32,3,10,19,8,14,9,1,31,2,0,0,0,7,0,0,0,0,0
081810,la Roca del Vallès,Barcelona,2015,34,6,9,19,12,11,11,0,34,1,0,0,0,8,2,0,0,0,0
081810,la Roca del Vallès,Barcelona,2016,34,5,11,18,12,9,12,1,33,2,0,2,0,8,0,0,0,0,0
081810,la Roca del Vallès,Barcelona,2017,30,9,6,15,12,3,15,0,30,1,0,0,2,12,0,0,0,0,0
081810,la Roca del Vallès,Barcelona,2018,31,4,12,15,9,8,14,0,31,0,0,2,0,12,0,0,0,0,0
081810,la Roca del Vallès,Barcelona,2019,48,13,17,18,11,8,29,0,48,4,0,0,5,19,1,0,0,0,0
081810,la Roca del Vallès,Barcelona,2020,37,15,11,11,4,3,27,3,34,5,0,7,7,8,0,0,0,0,0
081810,la Roca del Vallès,Barcelona,2021,19,3,9,7,2,0,15,2,17,0,0,1,1,13,0,0,0,0,0
081810,la Roca del Vallès,Barcelona,2022,29,15,3,11,5,3,21,0,29,1,3,3,5,8,1,0,0,0,0
081810,la Roca del Vallès,Barcelona,2023,56,29,14,13,11,3,42,0,56,1,4,5,14,17,1,0,0,0,0
081825,el Pont de Vilomara i Rocafort,Barcelona,2011,4,0,2,2,1,1,2,0,4,1,0,0,0,1,0,0,0,0,0
081825,el Pont de Vilomara i Rocafort,Barcelona,2012,6,0,4,2,1,2,3,0,6,1,0,0,0,2,0,0,0,0,0
081825,el Pont de Vilomara i Rocafort,Barcelona,2013,7,0,2,5,1,3,3,0,7,0,0,0,0,3,0,0,0,0,0
081825,el Pont de Vilomara i Rocafort,Barcelona,2014,4,0,2,2,2,0,2,0,4,0,0,0,0,2,0,0,0,0,0
081825,el Pont de Vilomara i Rocafort,Barcelona,2015,1,0,0,1,0,0,1,0,1,0,0,0,0,1,0,0,0,0,0
081825,el Pont de Vilomara i Rocafort,Barcelona,2016,3,0,1,2,1,0,2,0,3,0,0,0,1,1,0,0,0,0,0
081825,el Pont de Vilomara i Rocafort,Barcelona,2017,4,1,0,3,2,0,2,0,4,0,0,0,0,2,0,0,0,0,0
081825,el Pont de Vilomara i Rocafort,Barcelona,2018,2,0,0,2,2,0,0,0,2,0,0,0,0,0,0,0,0,0,0
081825,el Pont de Vilomara i Rocafort,Barcelona,2019,10,1,3,6,5,0,5,0,10,2,0,0,0,3,0,0,0,0,0
081825,el Pont de Vilomara i Rocafort,Barcelona,2020,5,0,5,0,0,0,5,0,5,3,0,0,0,2,0,0,0,0,0
081825,el Pont de Vilomara i Rocafort,Barcelona,2021,1,0,1,0,0,0,1,0,1,1,0,0,0,0,0,0,0,0,0
081825,el Pont de Vilomara i Rocafort,Barcelona,2022,1,0,1,0,0,0,1,0,1,0,0,0,0,1,0,0,0,0,0
081825,el Pont de Vilomara i Rocafort,Barcelona,2023,4,2,2,0,0,2,2,0,4,0,0,0,0,2,0,0,0,0,0
081831,Roda de Ter,Barcelona,2011,29,4,12,13,7,2,20,0,29,1,0,12,0,6,1,0,0,0,0
081831,Roda de Ter,Barcelona,2012,16,1,4,11,6,3,7,0,16,0,0,3,0,4,0,0,0,0,0
081831,Roda de Ter,Barcelona,2013,7,3,0,4,4,0,3,0,7,0,0,2,0,0,1,0,0,0,0
081831,Roda de Ter,Barcelona,2014,9,3,1,5,5,0,4,0,9,0,0,1,0,1,2,0,0,0,0
081831,Roda de Ter,Barcelona,2015,9,4,1,4,4,1,4,0,9,0,0,1,0,1,2,0,0,0,0
081831,Roda de Ter,Barcelona,2016,8,4,3,1,1,0,7,0,8,0,0,6,0,1,0,0,0,0,0
081831,Roda de Ter,Barcelona,2017,14,6,5,3,0,1,13,0,14,1,0,8,0,4,0,0,0,0,0
081831,Roda de Ter,Barcelona,2018,12,2,7,3,0,0,12,0,12,1,0,5,0,6,0,0,0,0,0
081831,Roda de Ter,Barcelona,2019,31,18,10,3,1,0,30,0,31,1,1,9,1,14,4,0,0,0,0
081831,Roda de Ter,Barcelona,2020,9,4,5,0,0,1,8,0,9,0,0,0,0,5,3,0,0,0,0
081831,Roda de Ter,Barcelona,2021,27,19,6,2,0,0,21,6,21,0,0,5,0,6,10,0,0,0,0
081831,Roda de Ter,Barcelona,2022,29,23,2,4,1,2,25,1,28,0,4,5,0,11,5,0,0,0,0
081831,Roda de Ter,Barcelona,2023,27,10,12,5,2,3,22,0,27,0,5,7,2,7,1,0,0,0,0
081846,Rubí,Barcelona,2011,818,157,323,338,209,168,421,20,798,33,8,54,13,305,8,0,0,0,0
081846,Rubí,Barcelona,2012,971,223,392,356,226,177,566,2,969,42,12,79,19,400,13,1,0,0,0
081846,Rubí,Barcelona,2013,714,160,321,233,151,150,412,1,713,29,6,67,11,288,11,0,0,0,0
081846,Rubí,Barcelona,2014,594,143,282,169,119,141,334,0,594,28,10,52,14,218,12,0,0,0,0
081846,Rubí,Barcelona,2015,579,167,242,170,117,117,345,0,579,30,11,52,15,224,12,1,0,0,0
081846,Rubí,Barcelona,2016,571,161,270,140,87,103,380,1,570,25,11,63,6,262,12,1,0,0,0
081846,Rubí,Barcelona,2017,456,161,183,112,74,75,307,0,456,18,12,38,8,217,13,1,0,0,0
081846,Rubí,Barcelona,2018,878,262,362,254,171,117,589,1,877,36,19,78,9,409,37,1,0,0,0
081846,Rubí,Barcelona,2019,630,229,244,157,102,57,471,0,630,20,11,46,6,362,25,1,0,0,0
081846,Rubí,Barcelona,2020,454,214,169,71,39,37,360,18,436,17,10,37,4,275,17,0,0,0,0
081846,Rubí,Barcelona,2021,624,275,272,77,50,33,462,79,545,18,10,33,3,378,20,0,0,0,0
081846,Rubí,Barcelona,2022,784,411,286,87,48,28,586,122,662,10,5,87,14,458,11,1,0,0,0
081846,Rubí,Barcelona,2023,807,355,374,78,41,46,702,18,789,10,4,62,7,606,13,0,0,0,0
081859,Rubió,Barcelona,2011,1,0,1,0,0,0,1,0,1,0,0,0,0,1,0,0,0,0,0
081859,Rubió,Barcelona,2012,2,0,1,1,0,0,2,0,2,0,0,0,0,2,0,0,0,0,0
081859,Rubió,Barcelona,2013,0,0,0,0,0,0,0,0,0,0,0,0,0,0,0,0,0,0,0
081859,Rubió,Barcelona,2014,0,0,0,0,0,0,0,0,0,0,0,0,0,0,0,0,0,0,0
081859,Rubió,Barcelona,2015,2,0,0,2,2,0,0,0,2,0,0,0,0,0,0,0,0,0,0
081859,Rubió,Barcelona,2016,1,0,0,1,1,0,0,0,1,0,0,0,0,0,0,0,0,0,0
081859,Rubió,Barcelona,2017,0,0,0,0,0,0,0,0,0,0,0,0,0,0,0,0,0,0,0
081859,Rubió,Barcelona,2018,0,0,0,0,0,0,0,0,0,0,0,0,0,0,0,0,0,0,0
081859,Rubió,Barcelona,2019,0,0,0,0,0,0,0,0,0,0,0,0,0,0,0,0,0,0,0
081859,Rubió,Barcelona,2020,0,0,0,0,0,0,0,0,0,0,0,0,0,0,0,0,0,0,0
081859,Rubió,Barcelona,2021,1,1,0,0,0,0,0,1,0,0,0,0,0,0,0,0,0,0,0
081878,Sabadell,Barcelona,2011,1633,389,591,653,432,299,862,40,1593,63,23,76,98,582,17,3,0,0,0
081878,Sabadell,Barcelona,2012,1961,695,661,605,422,367,1156,16,1945,67,46,125,110,738,58,12,0,0,0
081878,Sabadell,Barcelona,2013,1621,512,601,508,355,286,967,13,1608,48,35,87,68,691,34,4,0,0,0
081878,Sabadell,Barcelona,2014,1278,460,392,426,293,197,776,12,1266,53,32,105,60,490,36,0,0,0,0
081878,Sabadell,Barcelona,2015,1212,424,409,379,243,172,789,8,1204,50,49,83,33,538,34,2,0,0,0
081878,Sabadell,Barcelona,2016,1294,507,397,390,265,183,831,15,1279,59,36,76,42,569,42,7,0,0,0
081878,Sabadell,Barcelona,2017,1367,526,454,387,251,190,913,13,1354,41,43,73,32,661,55,8,0,0,0
081878,Sabadell,Barcelona,2018,1837,693,672,472,290,230,1307,9,1827,61,35,176,59,926,42,8,0,1,0
081878,Sabadell,Barcelona,2019,1561,612,606,343,202,164,1194,1,1560,57,40,153,52,823,66,3,0,0,0
081878,Sabadell,Barcelona,2020,1250,509,421,320,177,137,818,118,1132,36,41,109,31,567,32,2,0,0,0
081878,Sabadell,Barcelona,2021,1698,810,550,338,144,109,847,598,1100,45,27,93,18,623,28,13,0,0,0
081878,Sabadell,Barcelona,2022,1953,1044,655,254,83,105,1233,532,1421,24,25,160,46,934,38,6,0,0,0
081878,Sabadell,Barcelona,2023,2267,1023,943,301,167,134,1801,165,2102,42,59,150,44,1453,47,6,0,0,0
081884,Sagàs,Barcelona,2011,1,0,0,1,1,0,0,0,1,0,0,0,0,0,0,0,0,0,0
081884,Sagàs,Barcelona,2012,0,0,0,0,0,0,0,0,0,0,0,0,0,0,0,0,0,0,0
081884,Sagàs,Barcelona,2013,0,0,0,0,0,0,0,0,0,0,0,0,0,0,0,0,0,0,0
081884,Sagàs,Barcelona,2014,0,0,0,0,0,0,0,0,0,0,0,0,0,0,0,0,0,0,0
081884,Sagàs,Barcelona,2015,0,0,0,0,0,0,0,0,0,0,0,0,0,0,0,0,0,0,0
081884,Sagàs,Barcelona,2016,0,0,0,0,0,0,0,0,0,0,0,0,0,0,0,0,0,0,0
081884,Sagàs,Barcelona,2017,0,0,0,0,0,0,0,0,0,0,0,0,0,0,0,0,0,0,0
081884,Sagàs,Barcelona,2018,0,0,0,0,0,0,0,0,0,0,0,0,0,0,0,0,0,0,0
081884,Sagàs,Barcelona,2019,0,0,0,0,0,0,0,0,0,0,0,0,0,0,0,0,0,0,0
081884,Sagàs,Barcelona,2020,0,0,0,0,0,0,0,0,0,0,0,0,0,0,0,0,0,0,0
081884,Sagàs,Barcelona,2021,0,0,0,0,0,0,0,0,0,0,0,0,0,0,0,0,0,0,0
081897,Sant Pere Sallavinera,Barcelona,2011,0,0,0,0,0,0,0,0,0,0,0,0,0,0,0,0,0,0,0
081897,Sant Pere Sallavinera,Barcelona,2012,1,0,0,1,1,0,0,0,1,0,0,0,0,0,0,0,0,0,0
081897,Sant Pere Sallavinera,Barcelona,2013,0,0,0,0,0,0,0,0,0,0,0,0,0,0,0,0,0,0,0
081897,Sant Pere Sallavinera,Barcelona,2014,1,0,0,1,1,0,0,0,1,0,0,0,0,0,0,0,0,0,0
081897,Sant Pere Sallavinera,Barcelona,2015,0,0,0,0,0,0,0,0,0,0,0,0,0,0,0,0,0,0,0
081897,Sant Pere Sallavinera,Barcelona,2016,0,0,0,0,0,0,0,0,0,0,0,0,0,0,0,0,0,0,0
081897,Sant Pere Sallavinera,Barcelona,2017,0,0,0,0,0,0,0,0,0,0,0,0,0,0,0,0,0,0,0
081897,Sant Pere Sallavinera,Barcelona,2018,0,0,0,0,0,0,0,0,0,0,0,0,0,0,0,0,0,0,0
081897,Sant Pere Sallavinera,Barcelona,2019,0,0,0,0,0,0,0,0,0,0,0,0,0,0,0,0,0,0,0
081897,Sant Pere Sallavinera,Barcelona,2020,0,0,0,0,0,0,0,0,0,0,0,0,0,0,0,0,0,0,0
081897,Sant Pere Sallavinera,Barcelona,2021,0,0,0,0,0,0,0,0,0,0,0,0,0,0,0,0,0,0,0
081901,Saldes,Barcelona,2011,0,0,0,0,0,0,0,0,0,0,0,0,0,0,0,0,0,0,0
081901,Saldes,Barcelona,2012,0,0,0,0,0,0,0,0,0,0,0,0,0,0,0,0,0,0,0
081901,Saldes,Barcelona,2013,0,0,0,0,0,0,0,0,0,0,0,0,0,0,0,0,0,0,0
081901,Saldes,Barcelona,2014,0,0,0,0,0,0,0,0,0,0,0,0,0,0,0,0,0,0,0
081901,Saldes,Barcelona,2015,0,0,0,0,0,0,0,0,0,0,0,0,0,0,0,0,0,0,0
081901,Saldes,Barcelona,2016,0,0,0,0,0,0,0,0,0,0,0,0,0,0,0,0,0,0,0
081901,Saldes,Barcelona,2017,0,0,0,0,0,0,0,0,0,0,0,0,0,0,0,0,0,0,0
081901,Saldes,Barcelona,2018,0,0,0,0,0,0,0,0,0,0,0,0,0,0,0,0,0,0,0
081901,Saldes,Barcelona,2019,1,1,0,0,0,0,1,0,1,0,0,0,0,1,0,0,0,0,0
081901,Saldes,Barcelona,2020,2,0,2,0,0,0,2,0,2,0,0,0,0,2,0,0,0,0,0
081901,Saldes,Barcelona,2021,0,0,0,0,0,0,0,0,0,0,0,0,0,0,0,0,0,0,0
081901,Saldes,Barcelona,2023,2,0,1,1,0,0,2,0,2,0,0,0,0,2,0,0,0,0,0
081918,Sallent,Barcelona,2011,22,1,5,16,10,3,8,1,21,3,1,0,0,4,0,0,0,0,0
081918,Sallent,Barcelona,2012,21,1,0,20,17,1,2,1,20,1,0,0,0,1,0,0,0,0,0
081918,Sallent,Barcelona,2013,12,2,0,10,7,1,4,0,12,0,0,0,2,2,0,0,0,0,0
081918,Sallent,Barcelona,2014,5,0,3,2,0,2,3,0,5,0,0,0,1,2,0,0,0,0,0
081918,Sallent,Barcelona,2015,4,2,1,1,0,1,3,0,4,0,0,0,0,2,1,0,0,0,0
081918,Sallent,Barcelona,2016,0,0,0,0,0,0,0,0,0,0,0,0,0,0,0,0,0,0,0
081918,Sallent,Barcelona,2017,2,1,1,0,0,0,2,0,2,0,1,1,0,0,0,0,0,0,0
081918,Sallent,Barcelona,2018,6,3,1,2,2,0,4,0,6,1,0,1,1,1,0,0,0,0,0
081918,Sallent,Barcelona,2019,46,23,22,1,0,0,44,2,44,2,3,22,2,8,7,0,0,0,0
081918,Sallent,Barcelona,2020,4,1,2,1,0,0,4,0,4,3,0,0,0,1,0,0,0,0,0
081918,Sallent,Barcelona,2021,13,6,4,3,0,0,9,4,9,2,0,4,0,3,0,0,0,0,0
081918,Sallent,Barcelona,2022,7,2,2,3,1,0,6,0,7,0,0,1,0,5,0,0,0,0,0
081918,Sallent,Barcelona,2023,16,2,6,8,8,0,8,0,16,0,0,1,0,5,2,0,0,0,0
081923,Santpedor,Barcelona,2011,34,2,2,30,20,4,10,0,34,2,0,4,0,4,0,0,0,0,0
081923,Santpedor,Barcelona,2012,27,2,2,23,15,0,12,0,27,7,0,2,0,3,0,0,0,0,0
081923,Santpedor,Barcelona,2013,19,3,7,9,5,0,13,1,18,6,0,1,1,5,0,0,0,0,0
081923,Santpedor,Barcelona,2014,11,1,1,9,6,0,5,0,11,0,0,0,4,1,0,0,0,0,0
081923,Santpedor,Barcelona,2015,3,1,1,1,1,1,1,0,3,0,1,0,0,0,0,0,0,0,0
081923,Santpedor,Barcelona,2016,8,0,2,6,4,0,4,0,8,0,1,0,2,0,1,0,0,0,0
081923,Santpedor,Barcelona,2017,3,0,1,2,2,0,1,0,3,1,0,0,0,0,0,0,0,0,0
081923,Santpedor,Barcelona,2018,5,3,1,1,0,0,5,0,5,0,0,3,0,1,0,1,0,0,0
081923,Santpedor,Barcelona,2019,27,13,10,4,2,0,25,0,27,0,0,10,0,15,0,0,0,0,0
081923,Santpedor,Barcelona,2020,3,0,3,0,0,0,3,0,3,0,0,1,1,1,0,0,0,0,0
081923,Santpedor,Barcelona,2021,5,0,4,1,0,0,5,0,5,0,0,1,3,1,0,0,0,0,0
081923,Santpedor,Barcelona,2022,1,0,1,0,0,0,1,0,1,0,0,0,1,0,0,0,0,0,0
081923,Santpedor,Barcelona,2023,4,0,1,3,3,0,1,0,4,0,0,0,0,1,0,0,0,0,0
081939,Sant Iscle de Vallalta,Barcelona,2011,2,0,2,0,0,0,2,0,2,0,0,0,0,2,0,0,0,0,0
081939,Sant Iscle de Vallalta,Barcelona,2012,0,0,0,0,0,0,0,0,0,0,0,0,0,0,0,0,0,0,0
081939,Sant Iscle de Vallalta,Barcelona,2013,0,0,0,0,0,0,0,0,0,0,0,0,0,0,0,0,0,0,0
081939,Sant Iscle de Vallalta,Barcelona,2014,1,0,1,0,1,0,0,0,1,0,0,0,0,0,0,0,0,0,0
081939,Sant Iscle de Vallalta,Barcelona,2015,2,0,0,2,2,0,0,0,2,0,0,0,0,0,0,0,0,0,0
081939,Sant Iscle de Vallalta,Barcelona,2016,4,0,0,4,4,0,0,0,4,0,0,0,0,0,0,0,0,0,0
081939,Sant Iscle de Vallalta,Barcelona,2017,1,0,0,1,1,0,0,0,1,0,0,0,0,0,0,0,0,0,0
081939,Sant Iscle de Vallalta,Barcelona,2018,3,1,0,2,2,0,1,0,3,0,0,0,0,1,0,0,0,0,0
081939,Sant Iscle de Vallalta,Barcelona,2019,5,0,4,1,1,0,4,0,5,0,0,2,0,2,0,0,0,0,0
081939,Sant Iscle de Vallalta,Barcelona,2020,11,7,1,3,2,0,9,0,11,0,0,2,0,0,6,1,0,0,0
081939,Sant Iscle de Vallalta,Barcelona,2021,2,1,1,0,0,0,1,1,1,0,0,1,0,0,0,0,0,0,0
081939,Sant Iscle de Vallalta,Barcelona,2022,2,1,1,0,0,0,2,0,2,2,0,0,0,0,0,0,0,0,0
081944,Sant Adrià de Besòs,Barcelona,2011,359,103,117,139,117,66,173,3,356,16,9,17,6,112,12,1,0,0,0
081944,Sant Adrià de Besòs,Barcelona,2012,400,147,111,142,97,74,228,1,399,6,4,26,7,134,51,0,0,0,0
081944,Sant Adrià de Besòs,Barcelona,2013,391,143,134,114,97,64,229,1,390,9,3,23,2,131,61,0,0,0,0
081944,Sant Adrià de Besòs,Barcelona,2014,269,96,91,82,80,46,142,1,268,5,1,15,4,96,21,0,0,0,0
081944,Sant Adrià de Besòs,Barcelona,2015,309,118,98,93,62,64,183,0,309,13,7,16,4,110,33,0,0,0,0
081944,Sant Adrià de Besòs,Barcelona,2016,306,106,133,67,51,63,191,1,305,20,13,15,2,99,42,0,0,0,0
081944,Sant Adrià de Besòs,Barcelona,2017,323,162,112,49,34,48,241,0,323,10,11,12,4,164,39,1,0,0,0
081944,Sant Adrià de Besòs,Barcelona,2018,357,170,140,47,41,30,286,0,357,5,17,26,8,181,49,0,0,0,0
081944,Sant Adrià de Besòs,Barcelona,2019,353,182,127,44,42,30,281,0,353,6,4,20,0,206,44,1,0,0,0
081944,Sant Adrià de Besòs,Barcelona,2020,190,94,58,38,20,18,143,9,181,2,9,9,3,100,19,1,0,0,0
081944,Sant Adrià de Besòs,Barcelona,2021,210,80,89,41,15,5,134,56,154,1,4,5,3,108,10,3,0,0,0
081944,Sant Adrià de Besòs,Barcelona,2022,248,129,71,48,20,13,197,18,230,2,4,11,4,153,19,4,0,0,0
081944,Sant Adrià de Besòs,Barcelona,2023,353,198,99,56,24,18,303,8,345,5,10,9,4,239,35,1,0,0,0
081957,Sant Agustí de Lluçanès,Barcelona,2011,0,0,0,0,0,0,0,0,0,0,0,0,0,0,0,0,0,0,0
081957,Sant Agustí de Lluçanès,Barcelona,2012,0,0,0,0,0,0,0,0,0,0,0,0,0,0,0,0,0,0,0
081957,Sant Agustí de Lluçanès,Barcelona,2013,0,0,0,0,0,0,0,0,0,0,0,0,0,0,0,0,0,0,0
081957,Sant Agustí de Lluçanès,Barcelona,2014,0,0,0,0,0,0,0,0,0,0,0,0,0,0,0,0,0,0,0
081957,Sant Agustí de Lluçanès,Barcelona,2015,1,1,0,0,0,0,1,0,1,0,0,0,0,1,0,0,0,0,0
081957,Sant Agustí de Lluçanès,Barcelona,2016,0,0,0,0,0,0,0,0,0,0,0,0,0,0,0,0,0,0,0
081957,Sant Agustí de Lluçanès,Barcelona,2017,0,0,0,0,0,0,0,0,0,0,0,0,0,0,0,0,0,0,0
081957,Sant Agustí de Lluçanès,Barcelona,2018,0,0,0,0,0,0,0,0,0,0,0,0,0,0,0,0,0,0,0
081957,Sant Agustí de Lluçanès,Barcelona,2019,0,0,0,0,0,0,0,0,0,0,0,0,0,0,0,0,0,0,0
081957,Sant Agustí de Lluçanès,Barcelona,2020,0,0,0,0,0,0,0,0,0,0,0,0,0,0,0,0,0,0,0
081957,Sant Agustí de Lluçanès,Barcelona,2021,0,0,0,0,0,0,0,0,0,0,0,0,0,0,0,0,0,0,0
081960,Sant Andreu de la Barca,Barcelona,2011,435,231,144,60,43,97,275,20,415,13,2,91,24,107,36,2,0,0,0
081960,Sant Andreu de la Barca,Barcelona,2012,316,155,128,33,50,69,192,5,311,17,1,49,16,90,19,0,0,0,0
081960,Sant Andreu de la Barca,Barcelona,2013,311,138,96,77,67,87,157,0,311,12,4,58,11,55,17,0,0,0,0
081960,Sant Andreu de la Barca,Barcelona,2014,270,125,121,24,23,83,163,1,269,10,3,60,18,57,15,0,0,0,0
081960,Sant Andreu de la Barca,Barcelona,2015,230,77,113,40,33,74,123,0,230,9,4,42,11,47,10,0,0,0,0
081960,Sant Andreu de la Barca,Barcelona,2016,300,101,125,74,44,96,160,0,300,10,1,56,30,60,3,0,0,0,0
081960,Sant Andreu de la Barca,Barcelona,2017,316,88,139,89,68,76,171,1,315,15,1,52,21,77,5,0,0,0,0
081960,Sant Andreu de la Barca,Barcelona,2018,260,62,95,103,87,64,109,0,260,5,1,23,8,63,9,0,0,0,0
081960,Sant Andreu de la Barca,Barcelona,2019,247,105,67,75,62,46,139,0,247,3,1,40,16,68,10,1,0,0,0
081960,Sant Andreu de la Barca,Barcelona,2020,148,65,53,30,25,32,87,4,144,3,0,30,4,48,2,0,0,0,0
081960,Sant Andreu de la Barca,Barcelona,2021,171,56,83,32,22,16,107,26,145,5,0,27,7,65,3,0,0,0,0
081960,Sant Andreu de la Barca,Barcelona,2022,237,106,80,51,37,20,168,12,225,5,2,33,16,106,6,0,0,0,0
081960,Sant Andreu de la Barca,Barcelona,2023,269,99,117,53,40,27,201,1,268,7,2,33,18,138,3,0,0,0,0
081976,Sant Andreu de Llavaneres,Barcelona,2011,29,3,11,15,6,10,13,0,29,0,3,0,0,10,0,0,0,0,0
081976,Sant Andreu de Llavaneres,Barcelona,2012,22,6,4,12,4,6,12,0,22,1,1,2,1,6,0,1,0,0,0
081976,Sant Andreu de Llavaneres,Barcelona,2013,29,5,10,14,5,8,16,0,29,5,0,1,3,5,0,2,0,0,0
081976,Sant Andreu de Llavaneres,Barcelona,2014,17,3,4,10,5,5,7,0,17,1,0,0,0,5,1,0,0,0,0
081976,Sant Andreu de Llavaneres,Barcelona,2015,25,7,2,16,12,4,9,0,25,1,1,0,0,7,0,0,0,0,0
081976,Sant Andreu de Llavaneres,Barcelona,2016,42,2,20,20,12,11,19,0,42,3,1,1,0,14,0,0,0,0,0
081976,Sant Andreu de Llavaneres,Barcelona,2017,38,15,13,10,5,5,28,0,38,0,2,1,0,25,0,0,0,0,0
081976,Sant Andreu de Llavaneres,Barcelona,2018,58,13,30,15,10,2,46,0,58,1,3,2,1,39,0,0,0,0,0
081976,Sant Andreu de Llavaneres,Barcelona,2019,72,28,27,17,9,1,62,0,72,5,3,10,2,41,1,0,0,0,0
081976,Sant Andreu de Llavaneres,Barcelona,2020,30,4,12,14,6,0,21,3,27,6,2,0,0,13,0,0,0,0,0
081976,Sant Andreu de Llavaneres,Barcelona,2021,34,10,10,14,5,3,14,12,22,3,4,0,0,7,0,0,0,0,0
081976,Sant Andreu de Llavaneres,Barcelona,2022,34,11,12,11,8,3,22,1,33,0,3,2,1,16,0,0,0,0,0
081976,Sant Andreu de Llavaneres,Barcelona,2023,42,12,13,17,17,1,24,0,42,1,2,1,1,19,0,0,0,0,0
081982,Sant Antoni de Vilamajor,Barcelona,2011,52,4,16,32,28,7,16,1,51,3,0,2,0,10,0,1,0,0,0
081982,Sant Antoni de Vilamajor,Barcelona,2012,51,2,12,37,29,9,13,0,51,2,0,1,0,7,0,3,0,0,0
081982,Sant Antoni de Vilamajor,Barcelona,2013,35,4,8,23,17,11,7,0,35,0,1,2,0,2,0,2,0,0,0
081982,Sant Antoni de Vilamajor,Barcelona,2014,28,2,12,14,8,8,12,0,28,3,2,3,1,2,0,1,0,0,0
081982,Sant Antoni de Vilamajor,Barcelona,2015,21,3,7,11,8,6,7,0,21,4,0,1,0,1,0,1,0,0,0
081982,Sant Antoni de Vilamajor,Barcelona,2016,21,2,6,13,8,5,8,0,21,4,0,1,1,1,0,1,0,0,0
081982,Sant Antoni de Vilamajor,Barcelona,2017,18,2,3,13,7,4,7,0,18,2,0,0,1,2,0,2,0,0,0
081982,Sant Antoni de Vilamajor,Barcelona,2018,18,8,5,5,4,1,13,0,18,2,0,3,0,8,0,0,0,0,0
081982,Sant Antoni de Vilamajor,Barcelona,2019,20,6,4,10,9,5,6,0,20,0,2,0,1,3,0,0,0,0,0
081982,Sant Antoni de Vilamajor,Barcelona,2020,11,0,6,5,4,4,3,0,11,0,2,0,1,0,0,0,0,0,0
081982,Sant Antoni de Vilamajor,Barcelona,2021,4,1,2,1,0,0,1,3,1,0,0,0,1,0,0,0,0,0,0
081982,Sant Antoni de Vilamajor,Barcelona,2022,21,10,6,5,3,2,13,3,18,0,0,3,1,9,0,0,0,0,0
081982,Sant Antoni de Vilamajor,Barcelona,2023,35,8,15,12,5,4,26,0,35,1,5,3,2,15,0,0,0,0,0
081995,Sant Bartomeu del Grau,Barcelona,2011,1,0,0,1,0,0,1,0,1,0,0,0,0,1,0,0,0,0,0
081995,Sant Bartomeu del Grau,Barcelona,2012,0,0,0,0,0,0,0,0,0,0,0,0,0,0,0,0,0,0,0
081995,Sant Bartomeu del Grau,Barcelona,2013,1,0,0,1,1,0,0,0,1,0,0,0,0,0,0,0,0,0,0
081995,Sant Bartomeu del Grau,Barcelona,2014,1,0,1,0,0,0,1,0,1,0,0,0,0,1,0,0,0,0,0
081995,Sant Bartomeu del Grau,Barcelona,2015,0,0,0,0,0,0,0,0,0,0,0,0,0,0,0,0,0,0,0
081995,Sant Bartomeu del Grau,Barcelona,2016,0,0,0,0,0,0,0,0,0,0,0,0,0,0,0,0,0,0,0
081995,Sant Bartomeu del Grau,Barcelona,2017,0,0,0,0,0,0,0,0,0,0,0,0,0,0,0,0,0,0,0
081995,Sant Bartomeu del Grau,Barcelona,2018,1,1,0,0,0,0,1,0,1,0,0,1,0,0,0,0,0,0,0
081995,Sant Bartomeu del Grau,Barcelona,2019,3,2,0,1,0,0,3,0,3,0,1,1,0,1,0,0,0,0,0
081995,Sant Bartomeu del Grau,Barcelona,2020,1,0,1,0,0,0,1,0,1,0,0,0,0,1,0,0,0,0,0
081995,Sant Bartomeu del Grau,Barcelona,2021,2,2,0,0,0,0,2,0,2,0,0,2,0,0,0,0,0,0,0
081995,Sant Bartomeu del Grau,Barcelona,2022,2,2,0,0,0,0,2,0,2,0,2,0,0,0,0,0,0,0,0
081995,Sant Bartomeu del Grau,Barcelona,2023,2,2,0,0,0,0,2,0,2,0,0,2,0,0,0,0,0,0,0
082009,Sant Boi de Llobregat,Barcelona,2011,937,145,317,475,302,233,343,59,878,31,14,36,5,250,7,0,0,0,0
082009,Sant Boi de Llobregat,Barcelona,2012,1145,217,445,483,339,309,465,32,1113,39,14,86,20,286,20,0,0,0,0
082009,Sant Boi de Llobregat,Barcelona,2013,989,252,381,356,280,255,447,7,982,42,3,91,17,267,25,2,0,0,0
082009,Sant Boi de Llobregat,Barcelona,2014,652,142,233,277,191,153,304,4,648,22,7,64,13,183,15,0,0,0,0
082009,Sant Boi de Llobregat,Barcelona,2015,679,216,229,234,154,166,351,8,671,18,12,53,13,231,22,2,0,0,0
082009,Sant Boi de Llobregat,Barcelona,2016,728,155,249,324,204,169,348,7,721,15,16,69,9,223,16,0,0,0,0
082009,Sant Boi de Llobregat,Barcelona,2017,789,238,242,309,192,168,426,3,786,9,19,69,10,285,34,0,0,0,0
082009,Sant Boi de Llobregat,Barcelona,2018,806,225,296,285,197,150,450,9,797,20,15,56,10,327,20,2,0,0,0
082009,Sant Boi de Llobregat,Barcelona,2019,818,282,288,248,123,128,559,8,810,23,18,86,13,384,35,0,0,0,0
082009,Sant Boi de Llobregat,Barcelona,2020,482,189,170,123,56,56,274,96,386,20,5,41,10,183,14,1,0,0,0
082009,Sant Boi de Llobregat,Barcelona,2021,629,236,260,133,44,41,240,304,325,12,4,42,5,153,23,1,0,0,0
082009,Sant Boi de Llobregat,Barcelona,2022,530,261,163,106,60,44,326,100,430,2,7,46,7,247,17,0,0,0,0
082009,Sant Boi de Llobregat,Barcelona,2023,873,346,356,171,136,73,573,91,782,5,14,45,9,483,16,1,0,0,0
082016,Sant Boi de Lluçanès,Barcelona,2011,0,0,0,0,0,0,0,0,0,0,0,0,0,0,0,0,0,0,0
082016,Sant Boi de Lluçanès,Barcelona,2012,0,0,0,0,0,0,0,0,0,0,0,0,0,0,0,0,0,0,0
082016,Sant Boi de Lluçanès,Barcelona,2013,0,0,0,0,0,0,0,0,0,0,0,0,0,0,0,0,0,0,0
082016,Sant Boi de Lluçanès,Barcelona,2014,0,0,0,0,0,0,0,0,0,0,0,0,0,0,0,0,0,0,0
082016,Sant Boi de Lluçanès,Barcelona,2015,0,0,0,0,0,0,0,0,0,0,0,0,0,0,0,0,0,0,0
082016,Sant Boi de Lluçanès,Barcelona,2016,1,1,0,0,0,0,1,0,1,1,0,0,0,0,0,0,0,0,0
082016,Sant Boi de Lluçanès,Barcelona,2017,0,0,0,0,0,0,0,0,0,0,0,0,0,0,0,0,0,0,0
082016,Sant Boi de Lluçanès,Barcelona,2018,0,0,0,0,0,0,0,0,0,0,0,0,0,0,0,0,0,0,0
082016,Sant Boi de Lluçanès,Barcelona,2019,0,0,0,0,0,0,0,0,0,0,0,0,0,0,0,0,0,0,0
082016,Sant Boi de Lluçanès,Barcelona,2020,0,0,0,0,0,0,0,0,0,0,0,0,0,0,0,0,0,0,0
082016,Sant Boi de Lluçanès,Barcelona,2021,1,1,0,0,0,0,1,0,1,1,0,0,0,0,0,0,0,0,0
082021,Sant Celoni,Barcelona,2011,266,60,116,90,61,41,161,3,263,16,13,44,7,72,7,2,0,0,0
082021,Sant Celoni,Barcelona,2012,205,28,98,79,51,29,123,2,203,8,6,35,8,60,6,0,0,0,0
082021,Sant Celoni,Barcelona,2013,193,53,52,88,54,32,106,1,192,8,7,28,5,48,10,0,0,0,0
082021,Sant Celoni,Barcelona,2014,188,31,80,77,52,30,106,0,188,4,11,27,2,53,8,1,0,0,0
082021,Sant Celoni,Barcelona,2015,158,31,74,53,34,24,100,0,158,8,8,24,5,48,7,0,0,0,0
082021,Sant Celoni,Barcelona,2016,151,47,63,41,26,22,103,0,151,13,9,20,3,53,5,0,0,0,0
082021,Sant Celoni,Barcelona,2017,175,56,81,38,22,19,134,0,175,17,9,25,3,68,12,0,0,0,0
082021,Sant Celoni,Barcelona,2018,120,41,55,24,19,15,86,0,120,9,9,19,4,44,1,0,0,0,0
082021,Sant Celoni,Barcelona,2019,195,63,78,54,23,12,160,0,195,12,8,46,6,86,2,0,0,0,0
082021,Sant Celoni,Barcelona,2020,107,28,52,27,14,4,79,10,97,8,4,21,1,43,2,0,0,0,0
082021,Sant Celoni,Barcelona,2021,87,28,40,19,8,2,48,29,58,3,4,2,0,39,0,0,0,0,0
082021,Sant Celoni,Barcelona,2022,79,42,24,13,2,2,66,9,70,4,9,15,2,33,3,0,0,0,0
082021,Sant Celoni,Barcelona,2023,137,70,57,10,3,4,123,7,130,4,7,11,5,96,0,0,0,0,0
082037,Sant Cebrià de Vallalta,Barcelona,2011,13,0,7,6,8,3,2,0,13,0,0,0,0,2,0,0,0,0,0
082037,Sant Cebrià de Vallalta,Barcelona,2012,7,1,1,5,4,1,2,0,7,1,0,0,0,1,0,0,0,0,0
082037,Sant Cebrià de Vallalta,Barcelona,2013,13,0,5,8,8,1,4,0,13,2,0,0,0,2,0,0,0,0,0
082037,Sant Cebrià de Vallalta,Barcelona,2014,13,2,3,8,8,2,3,0,13,1,1,0,0,1,0,0,0,0,0
082037,Sant Cebrià de Vallalta,Barcelona,2015,7,0,3,4,2,0,5,0,7,1,1,0,0,3,0,0,0,0,0
082037,Sant Cebrià de Vallalta,Barcelona,2016,10,0,3,7,3,1,6,0,10,0,3,0,0,3,0,0,0,0,0
082037,Sant Cebrià de Vallalta,Barcelona,2017,7,0,0,7,4,0,3,0,7,0,1,0,0,2,0,0,0,0,0
082037,Sant Cebrià de Vallalta,Barcelona,2018,9,3,2,4,2,4,3,0,9,2,1,0,0,0,0,0,0,0,0
082037,Sant Cebrià de Vallalta,Barcelona,2019,9,0,4,5,2,3,4,0,9,2,0,0,0,2,0,0,0,0,0
082037,Sant Cebrià de Vallalta,Barcelona,2020,9,1,3,5,4,1,4,0,9,0,0,1,0,3,0,0,0,0,0
082037,Sant Cebrià de Vallalta,Barcelona,2021,5,1,1,3,0,1,2,2,3,0,2,0,0,0,0,0,0,0,0
082037,Sant Cebrià de Vallalta,Barcelona,2022,7,0,0,7,1,3,3,0,7,0,3,0,0,0,0,0,0,0,0
082037,Sant Cebrià de Vallalta,Barcelona,2023,7,0,2,5,1,4,2,0,7,0,2,0,0,0,0,0,0,0,0
082042,Sant Climent de Llobregat,Barcelona,2011,29,2,9,18,14,6,8,1,28,4,0,2,2,0,0,0,0,0,0
082042,Sant Climent de Llobregat,Barcelona,2012,35,4,10,21,19,9,7,0,35,2,0,2,3,0,0,0,0,0,0
082042,Sant Climent de Llobregat,Barcelona,2013,17,0,4,13,8,6,3,0,17,0,0,0,3,0,0,0,0,0,0
082042,Sant Climent de Llobregat,Barcelona,2014,16,2,1,13,7,4,5,0,16,0,0,0,3,2,0,0,0,0,0
082042,Sant Climent de Llobregat,Barcelona,2015,16,1,2,13,7,4,5,0,16,0,0,1,1,3,0,0,0,0,0
082042,Sant Climent de Llobregat,Barcelona,2016,18,1,2,15,8,8,2,0,18,0,0,0,0,2,0,0,0,0,0
082042,Sant Climent de Llobregat,Barcelona,2017,16,0,1,15,12,4,0,0,16,0,0,0,0,0,0,0,0,0,0
082042,Sant Climent de Llobregat,Barcelona,2018,14,5,3,6,4,4,6,0,14,0,0,0,0,6,0,0,0,0,0
082042,Sant Climent de Llobregat,Barcelona,2019,15,3,5,7,5,2,8,0,15,0,0,0,0,8,0,0,0,0,0
082042,Sant Climent de Llobregat,Barcelona,2020,9,1,0,8,2,2,5,0,9,0,0,0,0,5,0,0,0,0,0
082042,Sant Climent de Llobregat,Barcelona,2021,11,1,1,9,0,4,6,1,10,0,0,0,0,6,0,0,0,0,0
082042,Sant Climent de Llobregat,Barcelona,2022,7,4,0,3,0,1,5,1,6,0,0,0,0,5,0,0,0,0,0
082055,Sant Cugat del Vallès,Barcelona,2011,785,250,357,178,82,144,538,21,764,73,26,21,8,375,28,7,0,0,0
082055,Sant Cugat del Vallès,Barcelona,2012,703,216,307,180,70,134,488,11,692,81,14,25,8,321,27,12,0,0,0
082055,Sant Cugat del Vallès,Barcelona,2013,577,164,265,148,61,108,408,0,577,70,25,13,8,258,32,2,0,0,0
082055,Sant Cugat del Vallès,Barcelona,2014,593,280,167,146,65,120,405,3,590,52,20,32,4,264,21,12,0,0,0
082055,Sant Cugat del Vallès,Barcelona,2015,620,205,251,164,79,127,406,8,612,52,19,22,9,279,18,7,0,0,0
082055,Sant Cugat del Vallès,Barcelona,2016,527,228,165,134,54,85,380,8,519,49,28,15,6,263,16,3,0,0,0
082055,Sant Cugat del Vallès,Barcelona,2017,485,167,212,106,47,90,346,2,483,38,13,14,2,257,16,6,0,0,0
082055,Sant Cugat del Vallès,Barcelona,2018,595,236,238,121,55,96,440,4,591,80,13,7,6,318,11,5,0,0,0
082055,Sant Cugat del Vallès,Barcelona,2019,506,208,178,120,54,70,380,2,504,50,11,7,5,293,6,8,0,0,0
082055,Sant Cugat del Vallès,Barcelona,2020,320,70,181,69,20,39,244,17,303,36,3,10,1,179,10,5,0,0,0
082055,Sant Cugat del Vallès,Barcelona,2021,580,181,239,160,49,58,333,140,440,57,4,25,1,231,15,0,0,0,0
082055,Sant Cugat del Vallès,Barcelona,2022,748,303,278,167,47,49,498,154,594,52,10,29,7,369,28,3,0,0,0
082055,Sant Cugat del Vallès,Barcelona,2023,856,282,402,172,65,72,675,44,812,54,34,36,5,510,29,7,0,0,0
082068,Sant Cugat Sesgarrigues,Barcelona,2011,7,2,4,1,0,4,3,0,7,1,0,1,0,1,0,0,0,0,0
082068,Sant Cugat Sesgarrigues,Barcelona,2012,7,1,3,3,0,4,3,0,7,2,0,0,0,1,0,0,0,0,0
082068,Sant Cugat Sesgarrigues,Barcelona,2013,6,0,0,6,4,2,0,0,6,0,0,0,0,0,0,0,0,0,0
082068,Sant Cugat Sesgarrigues,Barcelona,2014,3,1,0,2,2,0,1,0,3,0,0,1,0,0,0,0,0,0,0
082068,Sant Cugat Sesgarrigues,Barcelona,2015,2,1,1,0,0,0,2,0,2,0,0,1,0,1,0,0,0,0,0
082068,Sant Cugat Sesgarrigues,Barcelona,2016,3,1,1,1,1,0,2,0,3,2,0,0,0,0,0,0,0,0,0
082068,Sant Cugat Sesgarrigues,Barcelona,2017,3,0,0,3,3,0,0,0,3,0,0,0,0,0,0,0,0,0,0
082068,Sant Cugat Sesgarrigues,Barcelona,2018,5,2,1,2,2,0,3,0,5,0,2,1,0,0,0,0,0,0,0
082068,Sant Cugat Sesgarrigues,Barcelona,2019,1,0,1,0,0,0,1,0,1,0,0,1,0,0,0,0,0,0,0
082068,Sant Cugat Sesgarrigues,Barcelona,2020,2,2,0,0,0,0,1,1,1,0,1,0,0,0,0,0,0,0,0
082068,Sant Cugat Sesgarrigues,Barcelona,2021,2,0,2,0,0,0,1,1,1,0,0,1,0,0,0,0,0,0,0
082068,Sant Cugat Sesgarrigues,Barcelona,2022,10,2,6,2,1,3,6,0,10,0,0,1,0,5,0,0,0,0,0
082068,Sant Cugat Sesgarrigues,Barcelona,2023,11,2,5,4,0,4,7,0,11,0,0,3,0,4,0,0,0,0,0
082074,Sant Esteve de Palautordera,Barcelona,2011,1,0,1,0,0,0,1,0,1,0,0,0,1,0,0,0,0,0,0
082074,Sant Esteve de Palautordera,Barcelona,2012,5,0,4,1,1,0,4,0,5,1,0,0,3,0,0,0,0,0,0
082074,Sant Esteve de Palautordera,Barcelona,2013,5,0,2,3,2,1,2,0,5,0,0,0,2,0,0,0,0,0,0
082074,Sant Esteve de Palautordera,Barcelona,2014,8,0,2,6,4,2,2,0,8,0,0,0,0,2,0,0,0,0,0
082074,Sant Esteve de Palautordera,Barcelona,2015,8,2,3,3,3,0,5,0,8,0,1,2,0,2,0,0,0,0,0
082074,Sant Esteve de Palautordera,Barcelona,2016,9,2,2,5,5,0,4,0,9,0,0,0,0,4,0,0,0,0,0
082074,Sant Esteve de Palautordera,Barcelona,2017,9,1,1,7,6,0,3,0,9,3,0,0,0,0,0,0,0,0,0
082074,Sant Esteve de Palautordera,Barcelona,2018,12,2,0,10,7,0,5,0,12,4,0,0,0,0,1,0,0,0,0
082074,Sant Esteve de Palautordera,Barcelona,2019,21,5,2,14,11,1,9,0,21,5,0,1,0,2,1,0,0,0,0
082074,Sant Esteve de Palautordera,Barcelona,2020,15,0,7,8,8,0,7,0,15,1,0,5,0,1,0,0,0,0,0
082074,Sant Esteve de Palautordera,Barcelona,2021,6,1,3,2,2,0,4,0,6,1,0,0,0,3,0,0,0,0,0
082074,Sant Esteve de Palautordera,Barcelona,2022,11,5,4,2,2,0,9,0,11,2,0,0,0,7,0,0,0,0,0
082074,Sant Esteve de Palautordera,Barcelona,2023,19,5,10,4,3,1,15,0,19,2,0,0,0,12,0,1,0,0,0
082080,Sant Esteve Sesrovires,Barcelona,2011,25,2,9,14,10,5,8,2,23,1,0,0,0,7,0,0,0,0,0
082080,Sant Esteve Sesrovires,Barcelona,2012,43,2,19,22,22,9,12,0,43,0,0,2,1,9,0,0,0,0,0
082080,Sant Esteve Sesrovires,Barcelona,2013,13,4,4,5,2,3,7,1,12,0,0,0,1,6,0,0,0,0,0
082080,Sant Esteve Sesrovires,Barcelona,2014,16,1,6,9,7,2,7,0,16,0,0,0,2,4,1,0,0,0,0
082080,Sant Esteve Sesrovires,Barcelona,2015,13,2,3,8,5,2,6,0,13,0,0,2,0,3,1,0,0,0,0
082080,Sant Esteve Sesrovires,Barcelona,2016,20,5,2,13,11,1,8,0,20,0,0,2,0,5,0,1,0,0,0
082080,Sant Esteve Sesrovires,Barcelona,2017,18,3,2,13,11,4,3,0,18,0,0,0,0,3,0,0,0,0,0
082080,Sant Esteve Sesrovires,Barcelona,2018,25,8,3,14,11,2,12,0,25,0,0,0,1,11,0,0,0,0,0
082080,Sant Esteve Sesrovires,Barcelona,2019,27,3,11,13,8,4,15,0,27,0,0,0,3,11,1,0,0,0,0
082080,Sant Esteve Sesrovires,Barcelona,2020,13,2,3,8,7,0,6,0,13,0,1,0,0,5,0,0,0,0,0
082080,Sant Esteve Sesrovires,Barcelona,2021,9,3,4,2,2,0,4,3,6,0,0,1,0,3,0,0,0,0,0
082080,Sant Esteve Sesrovires,Barcelona,2022,10,6,1,3,0,3,6,1,9,0,0,0,0,6,0,0,0,0,0
082080,Sant Esteve Sesrovires,Barcelona,2023,19,8,5,6,3,4,11,1,18,0,0,0,0,10,1,0,0,0,0
082093,Sant Fost de Campsentelles,Barcelona,2011,76,9,29,38,22,20,34,0,76,6,0,4,0,24,0,0,0,0,0
082093,Sant Fost de Campsentelles,Barcelona,2012,53,5,15,33,18,14,21,0,53,6,0,1,0,13,1,0,0,0,0
082093,Sant Fost de Campsentelles,Barcelona,2013,44,5,11,28,16,16,12,0,44,2,1,0,0,8,1,0,0,0,0
082093,Sant Fost de Campsentelles,Barcelona,2014,29,3,9,17,11,10,8,0,29,3,0,0,0,5,0,0,0,0,0
082093,Sant Fost de Campsentelles,Barcelona,2015,22,1,11,10,6,7,9,0,22,6,0,0,0,3,0,0,0,0,0
082093,Sant Fost de Campsentelles,Barcelona,2016,23,4,7,12,5,10,8,0,23,3,0,0,1,4,0,0,0,0,0
082093,Sant Fost de Campsentelles,Barcelona,2017,25,7,6,12,4,7,13,1,24,1,2,0,0,10,0,0,0,0,0
082093,Sant Fost de Campsentelles,Barcelona,2018,25,6,12,7,4,9,12,0,25,2,0,0,0,10,0,0,0,0,0
082093,Sant Fost de Campsentelles,Barcelona,2019,32,6,15,11,5,12,15,0,32,3,1,1,0,10,0,0,0,0,0
082093,Sant Fost de Campsentelles,Barcelona,2020,30,5,14,11,2,6,21,1,29,0,3,1,0,17,0,0,0,0,0
082093,Sant Fost de Campsentelles,Barcelona,2021,23,2,6,15,0,7,8,8,15,2,0,0,0,6,0,0,0,0,0
082093,Sant Fost de Campsentelles,Barcelona,2022,15,6,4,5,0,2,8,5,10,0,0,1,0,7,0,0,0,0,0
082093,Sant Fost de Campsentelles,Barcelona,2023,36,8,8,20,7,7,17,5,31,3,3,1,0,8,2,0,0,0,0
082107,Sant Feliu de Codines,Barcelona,2011,62,9,25,28,13,12,31,6,56,4,1,0,4,17,5,0,0,0,0
082107,Sant Feliu de Codines,Barcelona,2012,96,29,40,27,14,14,65,3,93,3,0,3,13,22,24,0,0,0,0
082107,Sant Feliu de Codines,Barcelona,2013,41,15,19,7,6,6,29,0,41,4,0,4,7,9,5,0,0,0,0
082107,Sant Feliu de Codines,Barcelona,2014,20,4,6,10,8,6,6,0,20,2,0,0,2,2,0,0,0,0,0
082107,Sant Feliu de Codines,Barcelona,2015,15,1,7,7,3,4,8,0,15,4,0,0,1,3,0,0,0,0,0
082107,Sant Feliu de Codines,Barcelona,2016,44,19,16,9,3,7,34,0,44,5,2,3,6,14,4,0,0,0,0
082107,Sant Feliu de Codines,Barcelona,2017,19,3,7,9,6,3,10,0,19,0,0,1,2,7,0,0,0,0,0
082107,Sant Feliu de Codines,Barcelona,2018,17,11,4,2,2,5,10,0,17,1,0,2,0,6,0,1,0,0,0
082107,Sant Feliu de Codines,Barcelona,2019,8,3,2,3,2,0,6,0,8,0,0,0,0,5,0,1,0,0,0
082107,Sant Feliu de Codines,Barcelona,2020,32,22,7,3,3,3,26,0,32,0,1,1,0,20,4,0,0,0,0
082107,Sant Feliu de Codines,Barcelona,2021,31,11,15,5,0,1,19,11,20,0,1,1,0,14,3,0,0,0,0
082107,Sant Feliu de Codines,Barcelona,2022,53,36,15,2,0,0,53,0,53,0,4,12,1,23,13,0,0,0,0
082107,Sant Feliu de Codines,Barcelona,2023,31,8,20,3,1,1,29,0,31,1,0,4,0,22,2,0,0,0,0
082114,Sant Feliu de Llobregat,Barcelona,2011,620,130,190,300,176,163,280,1,619,35,12,29,11,179,12,2,0,0,0
082114,Sant Feliu de Llobregat,Barcelona,2012,538,183,169,186,129,113,289,7,531,24,15,59,13,165,10,3,0,0,0
082114,Sant Feliu de Llobregat,Barcelona,2013,524,139,175,210,151,116,253,4,520,17,15,53,16,135,17,0,0,0,0
082114,Sant Feliu de Llobregat,Barcelona,2014,359,67,138,154,103,94,159,3,356,11,9,24,13,91,11,0,0,0,0
082114,Sant Feliu de Llobregat,Barcelona,2015,374,89,135,150,110,76,184,4,370,16,17,8,24,103,16,0,0,0,0
082114,Sant Feliu de Llobregat,Barcelona,2016,440,97,178,165,108,93,237,2,438,28,14,14,8,156,17,0,0,0,0
082114,Sant Feliu de Llobregat,Barcelona,2017,432,119,119,194,113,98,220,1,431,20,15,24,11,144,6,0,0,0,0
082114,Sant Feliu de Llobregat,Barcelona,2018,429,154,122,153,101,98,229,1,428,15,3,33,11,158,9,0,0,0,0
082114,Sant Feliu de Llobregat,Barcelona,2019,473,149,174,150,82,102,284,5,468,13,7,39,12,201,12,0,0,0,0
082114,Sant Feliu de Llobregat,Barcelona,2020,432,178,153,101,57,57,284,34,398,10,8,37,9,201,17,2,0,0,0
082114,Sant Feliu de Llobregat,Barcelona,2021,364,103,164,97,46,33,192,93,271,7,2,22,11,135,13,2,0,0,0
082114,Sant Feliu de Llobregat,Barcelona,2022,414,197,117,100,55,41,271,47,367,5,12,18,4,213,18,1,0,0,0
082129,Sant Feliu Sasserra,Barcelona,2011,0,0,0,0,0,0,0,0,0,0,0,0,0,0,0,0,0,0,0
082129,Sant Feliu Sasserra,Barcelona,2012,2,1,1,0,0,0,2,0,2,0,0,0,2,0,0,0,0,0,0
082129,Sant Feliu Sasserra,Barcelona,2013,0,0,0,0,0,0,0,0,0,0,0,0,0,0,0,0,0,0,0
082129,Sant Feliu Sasserra,Barcelona,2014,1,0,1,0,0,1,0,0,1,0,0,0,0,0,0,0,0,0,0
082129,Sant Feliu Sasserra,Barcelona,2015,1,0,1,0,0,1,0,0,1,0,0,0,0,0,0,0,0,0,0
082129,Sant Feliu Sasserra,Barcelona,2016,2,0,1,1,1,0,1,0,2,0,0,0,1,0,0,0,0,0,0
082129,Sant Feliu Sasserra,Barcelona,2017,0,0,0,0,0,0,0,0,0,0,0,0,0,0,0,0,0,0,0
082129,Sant Feliu Sasserra,Barcelona,2018,0,0,0,0,0,0,0,0,0,0,0,0,0,0,0,0,0,0,0
082129,Sant Feliu Sasserra,Barcelona,2019,0,0,0,0,0,0,0,0,0,0,0,0,0,0,0,0,0,0,0
082129,Sant Feliu Sasserra,Barcelona,2020,0,0,0,0,0,0,0,0,0,0,0,0,0,0,0,0,0,0,0
082129,Sant Feliu Sasserra,Barcelona,2021,0,0,0,0,0,0,0,0,0,0,0,0,0,0,0,0,0,0,0
082135,Sant Fruitós de Bages,Barcelona,2011,67,6,19,42,29,10,27,1,66,2,5,6,0,12,2,0,0,0,0
082135,Sant Fruitós de Bages,Barcelona,2012,61,15,13,33,18,16,27,0,61,2,3,8,0,14,0,0,0,0,0
082135,Sant Fruitós de Bages,Barcelona,2013,58,0,20,38,26,14,18,0,58,1,2,4,0,10,1,0,0,0,0
082135,Sant Fruitós de Bages,Barcelona,2014,37,13,7,17,8,3,26,0,37,1,5,5,0,11,4,0,0,0,0
082135,Sant Fruitós de Bages,Barcelona,2015,25,2,3,20,8,2,15,0,25,0,5,1,0,9,0,0,0,0,0
082135,Sant Fruitós de Bages,Barcelona,2016,24,6,4,14,6,5,13,0,24,0,1,2,0,8,2,0,0,0,0
082135,Sant Fruitós de Bages,Barcelona,2017,9,2,3,4,0,3,6,0,9,0,1,1,0,2,2,0,0,0,0
082135,Sant Fruitós de Bages,Barcelona,2018,34,23,5,6,5,3,26,0,34,2,2,8,1,12,1,0,0,0,0
082135,Sant Fruitós de Bages,Barcelona,2019,22,6,5,11,6,4,12,0,22,0,1,0,0,11,0,0,0,0,0
082135,Sant Fruitós de Bages,Barcelona,2020,10,0,6,4,1,3,6,0,10,0,1,0,0,4,1,0,0,0,0
082135,Sant Fruitós de Bages,Barcelona,2021,25,15,5,5,0,0,18,7,18,3,0,2,1,10,1,1,0,0,0
082135,Sant Fruitós de Bages,Barcelona,2022,15,4,11,0,0,0,12,3,12,0,0,4,0,7,0,1,0,0,0
082135,Sant Fruitós de Bages,Barcelona,2023,23,5,16,2,2,1,20,0,23,0,0,6,0,14,0,0,0,0,0
082140,Vilassar de Dalt,Barcelona,2011,57,20,24,13,8,4,44,1,56,0,2,17,0,23,2,0,0,0,0
082140,Vilassar de Dalt,Barcelona,2012,54,24,20,10,11,5,38,0,54,1,0,16,0,19,2,0,0,0,0
082140,Vilassar de Dalt,Barcelona,2013,57,19,17,21,16,9,31,1,56,0,1,13,2,13,1,1,0,0,0
082140,Vilassar de Dalt,Barcelona,2014,48,16,19,13,9,12,27,0,48,1,1,10,1,12,2,0,0,0,0
082140,Vilassar de Dalt,Barcelona,2015,58,15,32,11,10,12,36,0,58,7,2,10,0,13,4,0,0,0,0
082140,Vilassar de Dalt,Barcelona,2016,65,12,28,25,13,6,46,0,65,10,3,12,0,17,4,0,0,0,0
082140,Vilassar de Dalt,Barcelona,2017,79,22,22,35,28,3,48,0,79,4,4,11,1,24,4,0,0,0,0
082140,Vilassar de Dalt,Barcelona,2018,49,10,19,20,20,4,25,0,49,1,3,0,0,20,1,0,0,0,0
082140,Vilassar de Dalt,Barcelona,2019,74,34,16,24,15,7,52,0,74,3,6,4,0,26,13,0,0,0,0
082140,Vilassar de Dalt,Barcelona,2020,37,4,12,21,13,3,20,1,36,3,1,5,1,9,1,0,0,0,0
082140,Vilassar de Dalt,Barcelona,2021,22,8,9,5,2,1,15,4,18,3,2,1,0,9,0,0,0,0,0
082140,Vilassar de Dalt,Barcelona,2022,34,16,10,8,4,3,25,2,32,2,4,4,4,7,4,0,0,0,0
082140,Vilassar de Dalt,Barcelona,2023,42,9,20,13,7,0,35,0,42,5,12,0,2,13,3,0,0,0,0
082153,Sant Hipòlit de Voltregà,Barcelona,2011,10,4,0,6,3,2,5,0,10,0,1,1,1,0,2,0,0,0,0
082153,Sant Hipòlit de Voltregà,Barcelona,2012,7,1,0,6,2,2,3,0,7,0,2,0,0,1,0,0,0,0,0
082153,Sant Hipòlit de Voltregà,Barcelona,2013,13,1,5,7,4,2,7,0,13,0,4,0,0,3,0,0,0,0,0
082153,Sant Hipòlit de Voltregà,Barcelona,2014,7,1,2,4,1,2,4,0,7,0,2,1,0,1,0,0,0,0,0
082153,Sant Hipòlit de Voltregà,Barcelona,2015,9,4,3,2,1,0,8,0,9,1,2,2,0,2,1,0,0,0,0
082153,Sant Hipòlit de Voltregà,Barcelona,2016,7,3,2,2,1,1,5,0,7,1,1,1,0,2,0,0,0,0,0
082153,Sant Hipòlit de Voltregà,Barcelona,2017,7,2,4,1,1,1,5,0,7,0,0,2,0,3,0,0,0,0,0
082153,Sant Hipòlit de Voltregà,Barcelona,2018,6,4,1,1,1,0,5,0,6,0,0,0,0,2,3,0,0,0,0
082153,Sant Hipòlit de Voltregà,Barcelona,2019,21,18,3,0,0,0,21,0,21,0,0,4,6,4,7,0,0,0,0
082153,Sant Hipòlit de Voltregà,Barcelona,2020,5,2,1,2,1,1,3,0,5,0,1,1,0,1,0,0,0,0,0
082153,Sant Hipòlit de Voltregà,Barcelona,2021,18,15,2,1,0,0,15,3,15,0,2,2,6,4,1,0,0,0,0
082153,Sant Hipòlit de Voltregà,Barcelona,2022,25,19,5,1,1,0,21,3,22,0,4,4,6,6,1,0,0,0,0
082153,Sant Hipòlit de Voltregà,Barcelona,2023,22,16,5,1,1,0,21,0,22,0,2,6,9,3,1,0,0,0,0
082166,Sant Jaume de Frontanyà,Barcelona,2011,0,0,0,0,0,0,0,0,0,0,0,0,0,0,0,0,0,0,0
082166,Sant Jaume de Frontanyà,Barcelona,2012,0,0,0,0,0,0,0,0,0,0,0,0,0,0,0,0,0,0,0
082166,Sant Jaume de Frontanyà,Barcelona,2013,0,0,0,0,0,0,0,0,0,0,0,0,0,0,0,0,0,0,0
082166,Sant Jaume de Frontanyà,Barcelona,2014,0,0,0,0,0,0,0,0,0,0,0,0,0,0,0,0,0,0,0
082166,Sant Jaume de Frontanyà,Barcelona,2015,1,1,0,0,0,0,1,0,1,1,0,0,0,0,0,0,0,0,0
082166,Sant Jaume de Frontanyà,Barcelona,2016,0,0,0,0,0,0,0,0,0,0,0,0,0,0,0,0,0,0,0
082166,Sant Jaume de Frontanyà,Barcelona,2017,0,0,0,0,0,0,0,0,0,0,0,0,0,0,0,0,0,0,0
082166,Sant Jaume de Frontanyà,Barcelona,2018,0,0,0,0,0,0,0,0,0,0,0,0,0,0,0,0,0,0,0
082166,Sant Jaume de Frontanyà,Barcelona,2019,0,0,0,0,0,0,0,0,0,0,0,0,0,0,0,0,0,0,0
082166,Sant Jaume de Frontanyà,Barcelona,2020,0,0,0,0,0,0,0,0,0,0,0,0,0,0,0,0,0,0,0
082166,Sant Jaume de Frontanyà,Barcelona,2021,0,0,0,0,0,0,0,0,0,0,0,0,0,0,0,0,0,0,0
082172,Sant Joan Despí,Barcelona,2011,438,93,163,182,118,134,182,4,434,20,1,8,5,147,0,1,0,0,0
082172,Sant Joan Despí,Barcelona,2012,384,89,132,163,121,107,154,2,382,10,3,10,5,120,3,3,0,0,0
082172,Sant Joan Despí,Barcelona,2013,279,69,94,116,82,81,115,1,278,10,7,17,2,72,6,1,0,0,0
082172,Sant Joan Despí,Barcelona,2014,210,58,56,96,58,64,85,3,207,9,5,18,0,48,5,0,0,0,0
082172,Sant Joan Despí,Barcelona,2015,178,33,59,86,57,50,69,2,176,11,2,3,0,48,5,0,0,0,0
082172,Sant Joan Despí,Barcelona,2016,238,57,82,99,65,49,124,0,238,11,0,13,0,92,8,0,0,0,0
082172,Sant Joan Despí,Barcelona,2017,293,126,82,85,37,64,190,2,291,14,8,29,2,129,8,0,0,0,0
082172,Sant Joan Despí,Barcelona,2018,253,82,74,97,59,52,142,0,253,11,2,21,4,102,2,0,0,0,0
082172,Sant Joan Despí,Barcelona,2019,282,69,114,99,58,50,174,0,282,16,1,9,3,139,6,0,0,0,0
082172,Sant Joan Despí,Barcelona,2020,136,16,68,52,29,25,74,8,128,11,0,4,0,57,2,0,0,0,0
082172,Sant Joan Despí,Barcelona,2021,120,33,61,26,8,7,59,46,74,4,0,2,0,52,1,0,0,0,0
082172,Sant Joan Despí,Barcelona,2022,151,56,58,37,12,25,89,25,126,4,0,2,0,83,0,0,0,0,0
082172,Sant Joan Despí,Barcelona,2023,199,77,74,48,18,24,148,9,190,3,4,3,0,134,1,3,0,0,0
082188,Sant Joan de Vilatorrada,Barcelona,2011,33,2,7,24,20,3,10,0,33,1,1,4,0,3,1,0,0,0,0
082188,Sant Joan de Vilatorrada,Barcelona,2012,34,6,13,15,11,4,19,0,34,3,7,2,0,7,0,0,0,0,0
082188,Sant Joan de Vilatorrada,Barcelona,2013,26,3,12,11,6,2,18,0,26,2,11,1,0,4,0,0,0,0,0
082188,Sant Joan de Vilatorrada,Barcelona,2014,37,0,11,26,11,8,18,0,37,5,9,0,0,4,0,0,0,0,0
082188,Sant Joan de Vilatorrada,Barcelona,2015,29,1,6,22,11,3,15,0,29,4,7,1,0,2,1,0,0,0,0
082188,Sant Joan de Vilatorrada,Barcelona,2016,35,7,11,17,7,2,26,0,35,5,10,5,0,4,2,0,0,0,0
082188,Sant Joan de Vilatorrada,Barcelona,2017,27,2,11,14,8,2,17,0,27,3,3,4,2,4,1,0,0,0,0
082188,Sant Joan de Vilatorrada,Barcelona,2018,19,8,6,5,3,0,16,0,19,1,3,4,2,5,1,0,0,0,0
082188,Sant Joan de Vilatorrada,Barcelona,2019,21,10,6,5,5,0,16,0,21,0,2,5,1,5,3,0,0,0,0
082188,Sant Joan de Vilatorrada,Barcelona,2020,19,2,10,7,3,1,15,0,19,0,4,1,0,6,4,0,0,0,0
082188,Sant Joan de Vilatorrada,Barcelona,2021,22,6,11,5,1,3,16,2,20,0,0,0,2,13,1,0,0,0,0
082188,Sant Joan de Vilatorrada,Barcelona,2022,21,9,9,3,2,0,10,9,12,0,0,2,3,5,0,0,0,0,0
082188,Sant Joan de Vilatorrada,Barcelona,2023,25,9,15,1,1,1,21,2,23,0,4,4,3,10,0,0,0,0,0
082191,Vilassar de Mar,Barcelona,2011,158,38,70,50,33,31,91,3,155,22,7,6,2,50,3,1,0,0,0
082191,Vilassar de Mar,Barcelona,2012,156,37,47,72,43,33,78,2,154,14,11,2,3,40,5,3,0,0,0
082191,Vilassar de Mar,Barcelona,2013,190,8,44,138,93,48,46,3,187,7,2,5,0,28,3,1,0,0,0
082191,Vilassar de Mar,Barcelona,2014,144,10,45,89,52,47,41,4,140,3,2,7,0,27,2,0,0,0,0
082191,Vilassar de Mar,Barcelona,2015,149,29,40,80,52,43,53,1,148,3,1,5,1,41,2,0,0,0,0
082191,Vilassar de Mar,Barcelona,2016,140,12,51,77,59,15,65,1,139,10,2,5,3,43,2,0,0,0,0
082191,Vilassar de Mar,Barcelona,2017,107,28,32,47,37,14,55,1,106,11,3,4,0,34,3,0,0,0,0
082191,Vilassar de Mar,Barcelona,2018,145,26,58,61,54,16,75,0,145,7,10,2,2,49,5,0,0,0,0
082191,Vilassar de Mar,Barcelona,2019,118,28,47,43,22,11,85,0,118,14,9,7,3,50,2,0,0,0,0
082191,Vilassar de Mar,Barcelona,2020,71,6,25,40,17,11,42,1,70,8,5,2,0,26,1,0,0,0,0
082191,Vilassar de Mar,Barcelona,2021,58,15,18,25,4,14,34,6,52,5,2,3,0,23,1,0,0,0,0
082191,Vilassar de Mar,Barcelona,2022,69,24,17,28,11,13,42,3,66,6,3,3,0,25,3,2,0,0,0
082191,Vilassar de Mar,Barcelona,2023,95,37,38,20,14,9,69,3,92,2,4,8,7,41,4,3,0,0,0
082205,Sant Julià de Vilatorta,Barcelona,2011,21,3,7,11,9,1,10,1,20,1,0,2,0,5,2,0,0,0,0
082205,Sant Julià de Vilatorta,Barcelona,2012,16,2,6,8,8,1,7,0,16,1,0,3,0,0,3,0,0,0,0
082205,Sant Julià de Vilatorta,Barcelona,2013,17,0,5,12,11,2,4,0,17,2,0,1,0,0,1,0,0,0,0
082205,Sant Julià de Vilatorta,Barcelona,2014,5,2,1,2,2,0,3,0,5,0,0,2,0,0,0,1,0,0,0
082205,Sant Julià de Vilatorta,Barcelona,2015,9,3,4,2,2,1,6,0,9,1,0,2,2,0,0,1,0,0,0
082205,Sant Julià de Vilatorta,Barcelona,2016,16,4,6,6,6,2,8,0,16,0,0,6,0,1,1,0,0,0,0
082205,Sant Julià de Vilatorta,Barcelona,2017,14,3,6,5,4,2,8,0,14,0,0,4,0,1,3,0,0,0,0
082205,Sant Julià de Vilatorta,Barcelona,2018,6,3,2,1,0,0,6,0,6,0,0,0,1,1,4,0,0,0,0
082205,Sant Julià de Vilatorta,Barcelona,2019,21,12,6,3,3,2,16,0,21,1,0,7,0,6,2,0,0,0,0
082205,Sant Julià de Vilatorta,Barcelona,2020,10,5,3,2,2,0,8,0,10,2,0,2,0,3,1,0,0,0,0
082205,Sant Julià de Vilatorta,Barcelona,2021,2,0,2,0,0,0,2,0,2,0,0,0,0,2,0,0,0,0,0
082205,Sant Julià de Vilatorta,Barcelona,2022,9,7,2,0,0,0,9,0,9,0,7,0,0,0,1,1,0,0,0
082205,Sant Julià de Vilatorta,Barcelona,2023,12,1,6,5,1,0,11,0,12,3,3,0,0,2,0,3,0,0,0
082212,Sant Just Desvern,Barcelona,2011,230,42,97,91,56,34,140,0,230,17,15,3,0,96,4,5,0,0,0
082212,Sant Just Desvern,Barcelona,2012,222,56,54,112,73,32,117,0,222,20,9,5,0,75,6,2,0,0,0
082212,Sant Just Desvern,Barcelona,2013,200,39,52,109,66,34,100,0,200,14,10,7,1,64,2,2,0,0,0
082212,Sant Just Desvern,Barcelona,2014,185,27,52,106,69,30,86,0,185,13,5,3,3,55,6,1,0,0,0
082212,Sant Just Desvern,Barcelona,2015,176,31,45,100,72,31,72,1,175,13,4,5,2,42,2,4,0,0,0
082212,Sant Just Desvern,Barcelona,2016,168,27,34,107,79,29,60,0,168,11,2,7,0,39,1,0,0,0,0
082212,Sant Just Desvern,Barcelona,2017,170,38,42,90,53,36,81,0,170,13,9,1,0,52,5,1,0,0,0
082212,Sant Just Desvern,Barcelona,2018,185,47,55,83,42,27,114,2,183,22,8,5,10,63,6,0,0,0,0
082212,Sant Just Desvern,Barcelona,2019,352,128,134,90,50,20,280,2,350,23,8,9,102,130,8,0,0,0,0
082212,Sant Just Desvern,Barcelona,2020,166,36,85,45,26,20,115,5,161,10,5,4,20,73,3,0,0,0,0
082212,Sant Just Desvern,Barcelona,2021,184,46,108,30,18,6,122,38,146,25,4,4,3,85,1,0,0,0,0
082212,Sant Just Desvern,Barcelona,2022,133,35,65,33,13,5,104,11,122,22,1,4,1,73,2,1,0,0,0
082212,Sant Just Desvern,Barcelona,2023,173,36,76,61,16,22,129,6,167,25,4,0,5,90,4,1,0,0,0
082227,Sant Llorenç d'Hortons,Barcelona,2011,8,0,1,7,3,0,0,5,3,0,0,0,0,0,0,0,0,0,0
082227,Sant Llorenç d'Hortons,Barcelona,2012,6,0,1,5,4,0,0,2,4,0,0,0,0,0,0,0,0,0,0
082227,Sant Llorenç d'Hortons,Barcelona,2013,3,0,1,2,2,1,0,0,3,0,0,0,0,0,0,0,0,0,0
082227,Sant Llorenç d'Hortons,Barcelona,2014,3,1,1,1,1,1,1,0,3,0,0,0,0,1,0,0,0,0,0
082227,Sant Llorenç d'Hortons,Barcelona,2015,2,1,0,1,1,0,1,0,2,0,0,0,0,1,0,0,0,0,0
082227,Sant Llorenç d'Hortons,Barcelona,2016,11,1,5,5,4,3,4,0,11,0,0,1,0,3,0,0,0,0,0
082227,Sant Llorenç d'Hortons,Barcelona,2017,7,1,1,5,4,2,1,0,7,0,0,0,0,1,0,0,0,0,0
082227,Sant Llorenç d'Hortons,Barcelona,2018,7,1,3,3,1,3,3,0,7,0,0,0,0,3,0,0,0,0,0
082227,Sant Llorenç d'Hortons,Barcelona,2019,4,0,0,4,1,2,1,0,4,0,0,0,0,1,0,0,0,0,0
082227,Sant Llorenç d'Hortons,Barcelona,2020,2,1,0,1,0,0,2,0,2,0,0,0,0,2,0,0,0,0,0
082227,Sant Llorenç d'Hortons,Barcelona,2021,0,0,0,0,0,0,0,0,0,0,0,0,0,0,0,0,0,0,0
082227,Sant Llorenç d'Hortons,Barcelona,2022,2,0,0,2,2,0,0,0,2,0,0,0,0,0,0,0,0,0,0
082227,Sant Llorenç d'Hortons,Barcelona,2023,6,2,1,3,1,0,5,0,6,0,0,0,0,5,0,0,0,0,0
082233,Sant Llorenç Savall,Barcelona,2011,21,5,4,12,9,1,11,0,21,0,0,0,0,11,0,0,0,0,0
082233,Sant Llorenç Savall,Barcelona,2012,10,0,1,9,5,0,5,0,10,0,0,0,0,5,0,0,0,0,0
082233,Sant Llorenç Savall,Barcelona,2013,11,0,3,8,5,1,5,0,11,0,0,0,0,5,0,0,0,0,0
082233,Sant Llorenç Savall,Barcelona,2014,11,1,2,8,5,1,5,0,11,0,1,0,0,4,0,0,0,0,0
082233,Sant Llorenç Savall,Barcelona,2015,6,0,0,6,3,0,3,0,6,0,0,0,0,3,0,0,0,0,0
082233,Sant Llorenç Savall,Barcelona,2016,7,0,0,7,5,0,2,0,7,0,0,0,0,2,0,0,0,0,0
082233,Sant Llorenç Savall,Barcelona,2017,9,1,1,7,5,0,4,0,9,0,0,0,0,4,0,0,0,0,0
082233,Sant Llorenç Savall,Barcelona,2018,9,1,7,1,1,1,7,0,9,0,0,0,0,7,0,0,0,0,0
082233,Sant Llorenç Savall,Barcelona,2019,6,0,3,3,2,0,4,0,6,0,0,0,0,4,0,0,0,0,0
082233,Sant Llorenç Savall,Barcelona,2020,7,1,2,4,4,0,2,1,6,1,0,0,0,1,0,0,0,0,0
082233,Sant Llorenç Savall,Barcelona,2021,1,0,0,1,0,0,0,1,0,0,0,0,0,0,0,0,0,0,0
082233,Sant Llorenç Savall,Barcelona,2022,4,2,0,2,2,0,2,0,4,0,0,0,0,2,0,0,0,0,0
082233,Sant Llorenç Savall,Barcelona,2023,9,3,2,4,4,2,3,0,9,1,0,0,0,2,0,0,0,0,0
082248,Sant Martí de Centelles,Barcelona,2011,4,1,2,1,1,0,3,0,4,0,0,1,0,0,2,0,0,0,0
082248,Sant Martí de Centelles,Barcelona,2012,1,0,1,0,0,1,0,0,1,0,0,0,0,0,0,0,0,0,0
082248,Sant Martí de Centelles,Barcelona,2013,2,0,2,0,0,2,0,0,2,0,0,0,0,0,0,0,0,0,0
082248,Sant Martí de Centelles,Barcelona,2014,1,0,0,1,0,1,0,0,1,0,0,0,0,0,0,0,0,0,0
082248,Sant Martí de Centelles,Barcelona,2015,2,0,0,2,0,2,0,0,2,0,0,0,0,0,0,0,0,0,0
082248,Sant Martí de Centelles,Barcelona,2016,2,1,0,1,0,1,1,0,2,0,0,0,0,1,0,0,0,0,0
082248,Sant Martí de Centelles,Barcelona,2017,0,0,0,0,0,0,0,0,0,0,0,0,0,0,0,0,0,0,0
082248,Sant Martí de Centelles,Barcelona,2018,2,2,0,0,0,0,2,0,2,0,0,0,1,1,0,0,0,0,0
082248,Sant Martí de Centelles,Barcelona,2019,5,5,0,0,0,0,5,0,5,0,0,2,1,2,0,0,0,0,0
082248,Sant Martí de Centelles,Barcelona,2020,6,1,2,3,0,0,2,4,2,0,0,0,0,2,0,0,0,0,0
082248,Sant Martí de Centelles,Barcelona,2021,3,1,2,0,0,0,3,0,3,0,0,0,0,3,0,0,0,0,0
082248,Sant Martí de Centelles,Barcelona,2022,1,0,1,0,0,0,1,0,1,0,0,0,0,1,0,0,0,0,0
082248,Sant Martí de Centelles,Barcelona,2023,11,8,1,2,2,0,9,0,11,0,0,4,0,5,0,0,0,0,0
082251,Sant Martí d'Albars,Barcelona,2011,0,0,0,0,0,0,0,0,0,0,0,0,0,0,0,0,0,0,0
082251,Sant Martí d'Albars,Barcelona,2012,0,0,0,0,0,0,0,0,0,0,0,0,0,0,0,0,0,0,0
082251,Sant Martí d'Albars,Barcelona,2013,0,0,0,0,0,0,0,0,0,0,0,0,0,0,0,0,0,0,0
082251,Sant Martí d'Albars,Barcelona,2014,0,0,0,0,0,0,0,0,0,0,0,0,0,0,0,0,0,0,0
082251,Sant Martí d'Albars,Barcelona,2015,0,0,0,0,0,0,0,0,0,0,0,0,0,0,0,0,0,0,0
082251,Sant Martí d'Albars,Barcelona,2016,0,0,0,0,0,0,0,0,0,0,0,0,0,0,0,0,0,0,0
082251,Sant Martí d'Albars,Barcelona,2017,0,0,0,0,0,0,0,0,0,0,0,0,0,0,0,0,0,0,0
082251,Sant Martí d'Albars,Barcelona,2018,2,0,0,2,0,0,2,0,2,0,0,0,0,2,0,0,0,0,0
082251,Sant Martí d'Albars,Barcelona,2019,0,0,0,0,0,0,0,0,0,0,0,0,0,0,0,0,0,0,0
082251,Sant Martí d'Albars,Barcelona,2020,0,0,0,0,0,0,0,0,0,0,0,0,0,0,0,0,0,0,0
082251,Sant Martí d'Albars,Barcelona,2021,1,0,0,1,0,0,1,0,1,0,0,0,0,1,0,0,0,0,0
082251,Sant Martí d'Albars,Barcelona,2022,1,0,0,1,0,0,1,0,1,0,0,0,0,1,0,0,0,0,0
082264,Sant Martí de Tous,Barcelona,2011,4,1,0,3,3,0,1,0,4,0,0,1,0,0,0,0,0,0,0
082264,Sant Martí de Tous,Barcelona,2012,4,0,2,2,0,3,1,0,4,0,0,0,0,1,0,0,0,0,0
082264,Sant Martí de Tous,Barcelona,2013,5,0,3,2,0,3,2,0,5,0,0,0,0,2,0,0,0,0,0
082264,Sant Martí de Tous,Barcelona,2014,3,0,1,2,0,2,1,0,3,0,0,0,0,1,0,0,0,0,0
082264,Sant Martí de Tous,Barcelona,2015,1,0,0,1,0,1,0,0,1,0,0,0,0,0,0,0,0,0,0
082264,Sant Martí de Tous,Barcelona,2016,1,0,0,1,1,0,0,0,1,0,0,0,0,0,0,0,0,0,0
082264,Sant Martí de Tous,Barcelona,2017,1,0,0,1,0,1,0,0,1,0,0,0,0,0,0,0,0,0,0
082264,Sant Martí de Tous,Barcelona,2018,4,1,0,3,1,2,1,0,4,0,0,1,0,0,0,0,0,0,0
082264,Sant Martí de Tous,Barcelona,2019,4,1,0,3,0,3,1,0,4,0,0,0,0,1,0,0,0,0,0
082264,Sant Martí de Tous,Barcelona,2020,0,0,0,0,0,0,0,0,0,0,0,0,0,0,0,0,0,0,0
082264,Sant Martí de Tous,Barcelona,2021,1,0,0,1,0,0,1,0,1,1,0,0,0,0,0,0,0,0,0
082264,Sant Martí de Tous,Barcelona,2022,4,1,1,2,2,0,2,0,4,0,2,0,0,0,0,0,0,0,0
082264,Sant Martí de Tous,Barcelona,2023,12,7,2,3,1,0,11,0,12,0,11,0,0,0,0,0,0,0,0
082270,Sant Martí Sarroca,Barcelona,2011,11,1,2,8,4,0,5,2,9,0,0,3,0,2,0,0,0,0,0
082270,Sant Martí Sarroca,Barcelona,2012,11,1,4,6,4,1,6,0,11,0,0,1,0,5,0,0,0,0,0
082270,Sant Martí Sarroca,Barcelona,2013,7,0,0,7,3,2,2,0,7,0,0,0,0,2,0,0,0,0,0
082270,Sant Martí Sarroca,Barcelona,2014,8,1,1,6,4,1,3,0,8,1,0,0,0,2,0,0,0,0,0
082270,Sant Martí Sarroca,Barcelona,2015,4,0,0,4,4,0,0,0,4,0,0,0,0,0,0,0,0,0,0
082270,Sant Martí Sarroca,Barcelona,2016,1,0,1,0,0,0,1,0,1,1,0,0,0,0,0,0,0,0,0
082270,Sant Martí Sarroca,Barcelona,2017,10,4,2,4,4,2,4,0,10,0,1,2,0,1,0,0,0,0,0
082270,Sant Martí Sarroca,Barcelona,2018,15,0,5,10,8,2,5,0,15,1,0,0,0,4,0,0,0,0,0
082270,Sant Martí Sarroca,Barcelona,2019,16,1,2,13,7,0,9,0,16,0,0,0,0,9,0,0,0,0,0
082270,Sant Martí Sarroca,Barcelona,2020,2,2,0,0,0,1,1,0,2,0,0,0,0,1,0,0,0,0,0
082270,Sant Martí Sarroca,Barcelona,2021,9,0,5,4,3,2,4,0,9,0,0,0,0,4,0,0,0,0,0
082270,Sant Martí Sarroca,Barcelona,2022,10,2,3,5,1,3,6,0,10,0,0,0,0,6,0,0,0,0,0
082270,Sant Martí Sarroca,Barcelona,2023,14,3,9,2,3,2,9,0,14,3,0,0,0,6,0,0,0,0,0
082286,Sant Martí Sesgueioles,Barcelona,2011,1,0,1,0,1,0,0,0,1,0,0,0,0,0,0,0,0,0,0
082286,Sant Martí Sesgueioles,Barcelona,2012,4,0,0,4,4,0,0,0,4,0,0,0,0,0,0,0,0,0,0
082286,Sant Martí Sesgueioles,Barcelona,2013,0,0,0,0,0,0,0,0,0,0,0,0,0,0,0,0,0,0,0
082286,Sant Martí Sesgueioles,Barcelona,2014,1,0,0,1,0,0,1,0,1,1,0,0,0,0,0,0,0,0,0
082286,Sant Martí Sesgueioles,Barcelona,2015,0,0,0,0,0,0,0,0,0,0,0,0,0,0,0,0,0,0,0
082286,Sant Martí Sesgueioles,Barcelona,2016,2,0,0,2,1,1,0,0,2,0,0,0,0,0,0,0,0,0,0
082286,Sant Martí Sesgueioles,Barcelona,2017,0,0,0,0,0,0,0,0,0,0,0,0,0,0,0,0,0,0,0
082286,Sant Martí Sesgueioles,Barcelona,2018,0,0,0,0,0,0,0,0,0,0,0,0,0,0,0,0,0,0,0
082286,Sant Martí Sesgueioles,Barcelona,2019,0,0,0,0,0,0,0,0,0,0,0,0,0,0,0,0,0,0,0
082286,Sant Martí Sesgueioles,Barcelona,2020,0,0,0,0,0,0,0,0,0,0,0,0,0,0,0,0,0,0,0
082286,Sant Martí Sesgueioles,Barcelona,2021,0,0,0,0,0,0,0,0,0,0,0,0,0,0,0,0,0,0,0
082299,Sant Mateu de Bages,Barcelona,2011,3,0,0,3,2,0,1,0,3,0,1,0,0,0,0,0,0,0,0
082299,Sant Mateu de Bages,Barcelona,2012,0,0,0,0,0,0,0,0,0,0,0,0,0,0,0,0,0,0,0
082299,Sant Mateu de Bages,Barcelona,2013,0,0,0,0,0,0,0,0,0,0,0,0,0,0,0,0,0,0,0
082299,Sant Mateu de Bages,Barcelona,2014,2,1,1,0,0,0,2,0,2,0,0,0,0,2,0,0,0,0,0
082299,Sant Mateu de Bages,Barcelona,2015,1,0,1,0,0,0,1,0,1,0,0,0,0,1,0,0,0,0,0
082299,Sant Mateu de Bages,Barcelona,2016,2,1,0,1,0,0,2,0,2,1,1,0,0,0,0,0,0,0,0
082299,Sant Mateu de Bages,Barcelona,2017,1,0,0,1,0,0,1,0,1,0,1,0,0,0,0,0,0,0,0
082299,Sant Mateu de Bages,Barcelona,2018,0,0,0,0,0,0,0,0,0,0,0,0,0,0,0,0,0,0,0
082299,Sant Mateu de Bages,Barcelona,2019,0,0,0,0,0,0,0,0,0,0,0,0,0,0,0,0,0,0,0
082299,Sant Mateu de Bages,Barcelona,2020,0,0,0,0,0,0,0,0,0,0,0,0,0,0,0,0,0,0,0
082299,Sant Mateu de Bages,Barcelona,2021,40,29,4,7,1,0,1,38,2,0,0,0,0,1,0,0,0,0,0
082299,Sant Mateu de Bages,Barcelona,2022,72,33,29,10,4,0,8,60,12,0,0,0,2,6,0,0,0,0,0
082299,Sant Mateu de Bages,Barcelona,2023,19,1,12,6,2,0,0,17,2,0,0,0,0,0,0,0,0,0,0
082303,Premià de Dalt,Barcelona,2011,32,8,5,19,11,8,11,2,30,0,1,0,0,8,0,2,0,0,0
082303,Premià de Dalt,Barcelona,2012,57,23,14,20,17,10,30,0,57,3,2,9,1,15,0,0,0,0,0
082303,Premià de Dalt,Barcelona,2013,80,21,18,41,23,23,33,1,79,3,2,5,0,23,0,0,0,0,0
082303,Premià de Dalt,Barcelona,2014,87,31,32,24,16,25,46,0,87,6,1,23,1,12,3,0,0,0,0
082303,Premià de Dalt,Barcelona,2015,82,28,13,41,19,29,34,0,82,6,2,12,0,14,0,0,0,0,0
082303,Premià de Dalt,Barcelona,2016,90,16,34,40,27,33,30,0,90,3,1,9,0,16,1,0,0,0,0
082303,Premià de Dalt,Barcelona,2017,77,17,30,30,16,21,40,0,77,2,6,7,1,24,0,0,0,0,0
082303,Premià de Dalt,Barcelona,2018,73,19,27,27,12,16,45,0,73,2,7,6,0,28,2,0,0,0,0
082303,Premià de Dalt,Barcelona,2019,49,16,9,24,12,4,33,0,49,5,2,3,2,18,3,0,0,0,0
082303,Premià de Dalt,Barcelona,2020,37,20,5,12,5,5,24,3,34,3,0,9,0,11,0,1,0,0,0
082303,Premià de Dalt,Barcelona,2021,61,20,35,6,0,6,32,23,38,2,2,8,0,17,0,3,0,0,0
082303,Premià de Dalt,Barcelona,2022,66,34,27,5,3,5,53,5,61,2,4,23,0,20,2,2,0,0,0
082303,Premià de Dalt,Barcelona,2023,80,34,32,14,6,5,67,2,78,4,6,15,2,30,7,3,0,0,0
082310,Sant Pere de Ribes,Barcelona,2011,347,76,78,193,139,57,148,3,344,23,1,8,1,110,0,5,0,0,0
082310,Sant Pere de Ribes,Barcelona,2012,289,76,87,126,88,50,150,1,288,17,0,14,3,110,3,3,0,0,0
082310,Sant Pere de Ribes,Barcelona,2013,226,63,63,100,58,41,126,1,225,17,4,10,2,79,9,5,0,0,0
082310,Sant Pere de Ribes,Barcelona,2014,243,88,68,87,60,37,146,0,243,35,2,27,0,72,8,2,0,0,0
082310,Sant Pere de Ribes,Barcelona,2015,216,87,63,66,49,28,139,0,216,18,12,43,1,61,3,1,0,0,0
082310,Sant Pere de Ribes,Barcelona,2016,251,101,58,92,56,37,157,1,250,13,11,57,3,66,6,1,0,0,0
082310,Sant Pere de Ribes,Barcelona,2017,262,117,90,55,37,31,194,0,262,26,6,80,2,65,14,1,0,0,0
082310,Sant Pere de Ribes,Barcelona,2018,258,99,78,81,51,24,183,0,258,23,6,53,2,90,7,2,0,0,0
082310,Sant Pere de Ribes,Barcelona,2019,285,104,121,60,40,23,221,1,284,27,6,53,5,118,7,5,0,0,0
082310,Sant Pere de Ribes,Barcelona,2020,228,86,80,62,26,16,156,30,198,18,7,19,1,103,5,3,0,0,0
082310,Sant Pere de Ribes,Barcelona,2021,237,70,100,67,29,14,120,74,163,7,3,13,1,90,6,0,0,0,0
082310,Sant Pere de Ribes,Barcelona,2022,240,114,71,55,36,16,174,14,226,8,14,20,2,128,2,0,0,0,0
082310,Sant Pere de Ribes,Barcelona,2023,276,98,112,66,49,25,200,2,274,11,10,27,1,147,4,0,0,0,0
082325,Sant Pere de Riudebitlles,Barcelona,2011,3,1,1,1,1,0,2,0,3,0,0,0,0,2,0,0,0,0,0
082325,Sant Pere de Riudebitlles,Barcelona,2012,5,3,0,2,2,0,3,0,5,0,0,0,0,3,0,0,0,0,0
082325,Sant Pere de Riudebitlles,Barcelona,2013,7,3,0,4,4,0,3,0,7,0,1,0,0,2,0,0,0,0,0
082325,Sant Pere de Riudebitlles,Barcelona,2014,6,0,2,4,4,0,2,0,6,0,0,0,0,2,0,0,0,0,0
082325,Sant Pere de Riudebitlles,Barcelona,2015,4,0,3,1,2,0,2,0,4,0,0,0,0,2,0,0,0,0,0
082325,Sant Pere de Riudebitlles,Barcelona,2016,1,0,0,1,1,0,0,0,1,0,0,0,0,0,0,0,0,0,0
082325,Sant Pere de Riudebitlles,Barcelona,2017,5,2,1,2,1,1,3,0,5,2,0,1,0,0,0,0,0,0,0
082325,Sant Pere de Riudebitlles,Barcelona,2018,9,2,1,6,4,2,3,0,9,1,0,2,0,0,0,0,0,0,0
082325,Sant Pere de Riudebitlles,Barcelona,2019,8,1,0,7,7,1,0,0,8,0,0,0,0,0,0,0,0,0,0
082325,Sant Pere de Riudebitlles,Barcelona,2020,4,0,0,4,4,0,0,0,4,0,0,0,0,0,0,0,0,0,0
082325,Sant Pere de Riudebitlles,Barcelona,2021,1,0,0,1,1,0,0,0,1,0,0,0,0,0,0,0,0,0,0
082325,Sant Pere de Riudebitlles,Barcelona,2022,9,9,0,0,0,0,9,0,9,0,0,6,1,2,0,0,0,0,0
082325,Sant Pere de Riudebitlles,Barcelona,2023,4,0,4,0,1,0,3,0,4,0,0,0,0,3,0,0,0,0,0
082331,Sant Pere de Torelló,Barcelona,2011,22,4,8,10,7,4,9,2,20,2,0,2,0,3,2,0,0,0,0
082331,Sant Pere de Torelló,Barcelona,2012,14,0,9,5,5,2,7,0,14,3,1,0,0,2,1,0,0,0,0
082331,Sant Pere de Torelló,Barcelona,2013,6,0,2,4,2,0,4,0,6,1,0,0,0,2,1,0,0,0,0
082331,Sant Pere de Torelló,Barcelona,2014,6,1,1,4,2,1,3,0,6,1,0,0,0,2,0,0,0,0,0
082331,Sant Pere de Torelló,Barcelona,2015,9,0,6,3,2,3,4,0,9,1,0,0,1,2,0,0,0,0,0
082331,Sant Pere de Torelló,Barcelona,2016,13,1,6,6,6,3,4,0,13,1,0,1,1,0,1,0,0,0,0
082331,Sant Pere de Torelló,Barcelona,2017,3,0,2,1,1,2,0,0,3,0,0,0,0,0,0,0,0,0,0
082331,Sant Pere de Torelló,Barcelona,2018,3,1,1,1,0,2,1,0,3,1,0,0,0,0,0,0,0,0,0
082331,Sant Pere de Torelló,Barcelona,2019,6,1,3,2,0,1,5,0,6,3,0,1,0,1,0,0,0,0,0
082331,Sant Pere de Torelló,Barcelona,2020,1,0,1,0,0,0,1,0,1,1,0,0,0,0,0,0,0,0,0
082331,Sant Pere de Torelló,Barcelona,2021,2,0,0,2,1,1,0,0,2,0,0,0,0,0,0,0,0,0,0
082331,Sant Pere de Torelló,Barcelona,2022,15,13,1,1,1,1,13,0,15,0,3,3,1,6,0,0,0,0,0
082331,Sant Pere de Torelló,Barcelona,2023,38,24,7,7,7,1,30,0,38,0,8,11,3,8,0,0,0,0,0
082346,Sant Pere de Vilamajor,Barcelona,2011,54,2,5,47,38,9,6,1,53,0,1,2,0,3,0,0,0,0,0
082346,Sant Pere de Vilamajor,Barcelona,2012,39,2,11,26,18,7,13,1,38,2,1,5,0,4,0,1,0,0,0
082346,Sant Pere de Vilamajor,Barcelona,2013,23,1,8,14,7,6,10,0,23,2,0,3,0,3,0,2,0,0,0
082346,Sant Pere de Vilamajor,Barcelona,2014,14,3,2,9,5,4,5,0,14,0,0,3,0,0,0,2,0,0,0
082346,Sant Pere de Vilamajor,Barcelona,2015,8,0,2,6,5,2,1,0,8,0,0,0,0,0,0,1,0,0,0
082346,Sant Pere de Vilamajor,Barcelona,2016,16,4,2,10,9,3,4,0,16,0,1,0,0,1,2,0,0,0,0
082346,Sant Pere de Vilamajor,Barcelona,2017,20,4,5,11,7,4,9,0,20,1,2,2,0,4,0,0,0,0,0
082346,Sant Pere de Vilamajor,Barcelona,2018,16,1,1,14,10,2,4,0,16,0,0,0,0,4,0,0,0,0,0
082346,Sant Pere de Vilamajor,Barcelona,2019,30,18,5,7,5,2,23,0,30,0,1,13,0,9,0,0,0,0,0
082346,Sant Pere de Vilamajor,Barcelona,2020,21,18,1,2,2,0,18,1,20,1,1,12,1,3,0,0,0,0,0
082346,Sant Pere de Vilamajor,Barcelona,2021,15,4,8,3,0,2,8,5,10,1,0,3,1,3,0,0,0,0,0
082346,Sant Pere de Vilamajor,Barcelona,2022,11,4,4,3,1,2,8,0,11,0,2,1,1,4,0,0,0,0,0
082346,Sant Pere de Vilamajor,Barcelona,2023,21,1,7,13,6,5,10,0,21,2,3,1,2,2,0,0,0,0,0
082359,Sant Pol de Mar,Barcelona,2011,27,5,13,9,3,4,20,0,27,3,0,2,0,14,1,0,0,0,0
082359,Sant Pol de Mar,Barcelona,2012,25,2,14,9,1,8,16,0,25,8,0,0,0,8,0,0,0,0,0
082359,Sant Pol de Mar,Barcelona,2013,27,4,10,13,4,3,20,0,27,6,0,0,0,13,0,1,0,0,0
082359,Sant Pol de Mar,Barcelona,2014,16,2,6,8,4,2,10,0,16,2,0,0,0,8,0,0,0,0,0
082359,Sant Pol de Mar,Barcelona,2015,27,2,13,12,7,2,18,0,27,3,0,0,0,15,0,0,0,0,0
082359,Sant Pol de Mar,Barcelona,2016,17,3,5,9,6,1,10,0,17,2,1,0,0,6,0,1,0,0,0
082359,Sant Pol de Mar,Barcelona,2017,13,3,3,7,2,3,8,0,13,2,4,0,0,2,0,0,0,0,0
082359,Sant Pol de Mar,Barcelona,2018,20,5,9,6,3,4,13,0,20,0,5,2,0,4,2,0,0,0,0
082359,Sant Pol de Mar,Barcelona,2019,24,3,12,9,6,1,17,0,24,1,7,1,0,8,0,0,0,0,0
082359,Sant Pol de Mar,Barcelona,2020,10,0,8,2,0,4,6,0,10,2,3,0,0,1,0,0,0,0,0
082359,Sant Pol de Mar,Barcelona,2021,6,1,3,2,0,2,0,4,2,0,0,0,0,0,0,0,0,0,0
082359,Sant Pol de Mar,Barcelona,2022,19,12,3,4,0,1,17,1,18,3,1,1,0,10,0,2,0,0,0
082359,Sant Pol de Mar,Barcelona,2023,46,20,12,14,2,4,39,1,45,4,3,2,0,29,0,1,0,0,0
082362,Sant Quintí de Mediona,Barcelona,2011,10,3,3,4,4,4,2,0,10,0,0,2,0,0,0,0,0,0,0
082362,Sant Quintí de Mediona,Barcelona,2012,10,1,4,5,5,3,2,0,10,0,0,2,0,0,0,0,0,0,0
082362,Sant Quintí de Mediona,Barcelona,2013,5,1,2,2,1,1,3,0,5,0,0,3,0,0,0,0,0,0,0
082362,Sant Quintí de Mediona,Barcelona,2014,2,2,0,0,0,0,2,0,2,0,0,2,0,0,0,0,0,0,0
082362,Sant Quintí de Mediona,Barcelona,2015,0,0,0,0,0,0,0,0,0,0,0,0,0,0,0,0,0,0,0
082362,Sant Quintí de Mediona,Barcelona,2016,6,3,1,2,2,0,4,0,6,1,0,0,0,3,0,0,0,0,0
082362,Sant Quintí de Mediona,Barcelona,2017,4,2,2,0,0,0,4,0,4,2,0,2,0,0,0,0,0,0,0
082362,Sant Quintí de Mediona,Barcelona,2018,8,7,1,0,0,0,8,0,8,0,0,7,0,1,0,0,0,0,0
082362,Sant Quintí de Mediona,Barcelona,2019,14,5,8,1,0,0,14,0,14,0,0,8,0,6,0,0,0,0,0
082362,Sant Quintí de Mediona,Barcelona,2020,8,3,3,2,0,0,7,1,7,0,0,4,0,3,0,0,0,0,0
082362,Sant Quintí de Mediona,Barcelona,2021,13,6,4,3,0,0,3,10,3,0,0,0,0,3,0,0,0,0,0
082362,Sant Quintí de Mediona,Barcelona,2022,5,2,1,2,0,0,2,3,2,0,0,0,0,2,0,0,0,0,0
082362,Sant Quintí de Mediona,Barcelona,2023,2,1,1,0,0,0,1,1,1,0,0,1,0,0,0,0,0,0,0
082378,Sant Quirze de Besora,Barcelona,2011,8,1,3,4,0,3,3,2,6,0,0,0,0,3,0,0,0,0,0
082378,Sant Quirze de Besora,Barcelona,2012,4,2,1,1,0,1,3,0,4,0,0,0,0,1,2,0,0,0,0
082378,Sant Quirze de Besora,Barcelona,2013,2,0,1,1,1,0,1,0,2,0,0,0,0,0,1,0,0,0,0
082378,Sant Quirze de Besora,Barcelona,2014,0,0,0,0,0,0,0,0,0,0,0,0,0,0,0,0,0,0,0
082378,Sant Quirze de Besora,Barcelona,2015,0,0,0,0,0,0,0,0,0,0,0,0,0,0,0,0,0,0,0
082378,Sant Quirze de Besora,Barcelona,2016,0,0,0,0,0,0,0,0,0,0,0,0,0,0,0,0,0,0,0
082378,Sant Quirze de Besora,Barcelona,2017,1,0,0,1,1,0,0,0,1,0,0,0,0,0,0,0,0,0,0
082378,Sant Quirze de Besora,Barcelona,2018,2,0,0,2,2,0,0,0,2,0,0,0,0,0,0,0,0,0,0
082378,Sant Quirze de Besora,Barcelona,2019,2,0,1,1,0,1,1,0,2,1,0,0,0,0,0,0,0,0,0
082378,Sant Quirze de Besora,Barcelona,2020,12,4,6,2,0,2,8,2,10,5,0,0,0,3,0,0,0,0,0
082378,Sant Quirze de Besora,Barcelona,2021,17,16,1,0,0,0,16,1,16,0,0,0,2,11,3,0,0,0,0
082378,Sant Quirze de Besora,Barcelona,2022,21,20,1,0,0,1,19,1,20,0,0,1,5,10,3,0,0,0,0
082378,Sant Quirze de Besora,Barcelona,2023,9,7,2,0,0,2,7,0,9,0,0,1,2,4,0,0,0,0,0
082384,Sant Quirze del Vallès,Barcelona,2011,196,24,90,82,67,47,75,7,189,16,1,1,2,55,0,0,0,0,0
082384,Sant Quirze del Vallès,Barcelona,2012,163,22,50,91,58,48,54,3,160,8,2,2,1,39,2,0,0,0,0
082384,Sant Quirze del Vallès,Barcelona,2013,112,8,15,89,55,28,29,0,112,9,1,3,0,16,0,0,0,0,0
082384,Sant Quirze del Vallès,Barcelona,2014,95,13,17,65,48,17,29,1,94,5,2,4,0,14,4,0,0,0,0
082384,Sant Quirze del Vallès,Barcelona,2015,72,7,21,44,34,10,28,0,72,0,2,2,0,20,4,0,0,0,0
082384,Sant Quirze del Vallès,Barcelona,2016,74,21,29,24,14,15,44,1,73,4,0,3,0,34,3,0,0,0,0
082384,Sant Quirze del Vallès,Barcelona,2017,89,5,45,39,30,15,44,0,89,8,0,1,0,33,0,2,0,0,0
082384,Sant Quirze del Vallès,Barcelona,2018,94,13,29,52,30,15,49,0,94,0,3,5,0,40,1,0,0,0,0
082384,Sant Quirze del Vallès,Barcelona,2019,58,15,11,32,17,8,33,0,58,1,1,7,1,19,4,0,0,0,0
082384,Sant Quirze del Vallès,Barcelona,2020,54,9,12,33,19,6,25,4,50,1,0,3,0,16,5,0,0,0,0
082384,Sant Quirze del Vallès,Barcelona,2021,75,28,18,29,10,5,22,38,37,4,0,1,0,12,2,3,0,0,0
082384,Sant Quirze del Vallès,Barcelona,2022,116,48,42,26,9,4,21,82,34,6,0,1,0,13,0,1,0,0,0
082384,Sant Quirze del Vallès,Barcelona,2023,75,14,43,18,7,5,41,22,53,7,5,2,5,18,1,3,0,0,0
082397,Sant Quirze Safaja,Barcelona,2011,0,0,0,0,0,0,0,0,0,0,0,0,0,0,0,0,0,0,0
082397,Sant Quirze Safaja,Barcelona,2012,0,0,0,0,0,0,0,0,0,0,0,0,0,0,0,0,0,0,0
082397,Sant Quirze Safaja,Barcelona,2013,0,0,0,0,0,0,0,0,0,0,0,0,0,0,0,0,0,0,0
082397,Sant Quirze Safaja,Barcelona,2014,0,0,0,0,0,0,0,0,0,0,0,0,0,0,0,0,0,0,0
082397,Sant Quirze Safaja,Barcelona,2015,0,0,0,0,0,0,0,0,0,0,0,0,0,0,0,0,0,0,0
082397,Sant Quirze Safaja,Barcelona,2016,0,0,0,0,0,0,0,0,0,0,0,0,0,0,0,0,0,0,0
082397,Sant Quirze Safaja,Barcelona,2017,0,0,0,0,0,0,0,0,0,0,0,0,0,0,0,0,0,0,0
082397,Sant Quirze Safaja,Barcelona,2018,0,0,0,0,0,0,0,0,0,0,0,0,0,0,0,0,0,0,0
082397,Sant Quirze Safaja,Barcelona,2019,2,0,1,1,1,1,0,0,2,0,0,0,0,0,0,0,0,0,0
082397,Sant Quirze Safaja,Barcelona,2020,0,0,0,0,0,0,0,0,0,0,0,0,0,0,0,0,0,0,0
082397,Sant Quirze Safaja,Barcelona,2021,1,0,1,0,0,0,1,0,1,0,0,0,0,1,0,0,0,0,0
082401,Sant Sadurní d'Anoia,Barcelona,2011,99,29,34,36,17,25,48,9,90,5,1,15,1,22,3,1,0,0,0
082401,Sant Sadurní d'Anoia,Barcelona,2012,133,44,53,36,28,20,83,2,131,2,2,19,2,40,18,0,0,0,0
082401,Sant Sadurní d'Anoia,Barcelona,2013,124,23,56,45,40,14,68,2,122,4,0,23,2,24,15,0,0,0,0
082401,Sant Sadurní d'Anoia,Barcelona,2014,83,22,37,24,25,7,50,1,82,7,2,12,1,20,7,1,0,0,0
082401,Sant Sadurní d'Anoia,Barcelona,2015,106,32,43,31,15,10,81,0,106,0,3,32,3,26,17,0,0,0,0
082401,Sant Sadurní d'Anoia,Barcelona,2016,75,13,46,16,11,9,55,0,75,0,0,24,0,24,6,1,0,0,0
082401,Sant Sadurní d'Anoia,Barcelona,2017,66,34,24,8,6,7,53,0,66,5,2,21,1,17,6,1,0,0,0
082401,Sant Sadurní d'Anoia,Barcelona,2018,105,54,42,9,5,6,94,0,105,7,0,47,4,18,18,0,0,0,0
082401,Sant Sadurní d'Anoia,Barcelona,2019,97,43,47,7,4,8,85,0,97,5,2,35,2,23,18,0,0,0,0
082401,Sant Sadurní d'Anoia,Barcelona,2020,83,35,33,15,8,9,58,8,75,7,0,19,4,19,9,0,0,0,0
082401,Sant Sadurní d'Anoia,Barcelona,2021,60,22,24,14,7,6,29,18,42,7,0,9,2,6,5,0,0,0,0
082401,Sant Sadurní d'Anoia,Barcelona,2022,60,40,14,6,4,2,52,2,58,2,3,23,1,17,6,0,0,0,0
082401,Sant Sadurní d'Anoia,Barcelona,2023,117,46,54,17,12,9,96,0,117,1,1,25,3,64,2,0,0,0,0
082423,Marganell,Barcelona,2011,3,0,1,2,2,1,0,0,3,0,0,0,0,0,0,0,0,0,0
082423,Marganell,Barcelona,2012,4,0,2,2,2,2,0,0,4,0,0,0,0,0,0,0,0,0,0
082423,Marganell,Barcelona,2013,4,0,2,2,1,0,3,0,4,0,0,2,1,0,0,0,0,0,0
082423,Marganell,Barcelona,2014,4,0,3,1,0,3,1,0,4,0,0,0,1,0,0,0,0,0,0
082423,Marganell,Barcelona,2015,1,0,0,1,1,0,0,0,1,0,0,0,0,0,0,0,0,0,0
082423,Marganell,Barcelona,2016,0,0,0,0,0,0,0,0,0,0,0,0,0,0,0,0,0,0,0
082423,Marganell,Barcelona,2017,0,0,0,0,0,0,0,0,0,0,0,0,0,0,0,0,0,0,0
082423,Marganell,Barcelona,2018,1,0,0,1,1,0,0,0,1,0,0,0,0,0,0,0,0,0,0
082423,Marganell,Barcelona,2019,2,0,0,2,2,0,0,0,2,0,0,0,0,0,0,0,0,0,0
082423,Marganell,Barcelona,2020,0,0,0,0,0,0,0,0,0,0,0,0,0,0,0,0,0,0,0
082423,Marganell,Barcelona,2021,67,59,5,3,1,0,19,47,20,0,1,5,4,4,5,0,0,0,0
082423,Marganell,Barcelona,2022,196,109,77,10,4,0,43,149,47,0,4,12,6,13,8,0,0,0,0
082423,Marganell,Barcelona,2023,24,6,15,3,1,0,8,15,9,0,1,5,1,0,1,0,0,0,0
082439,Santa Cecília de Voltregà,Barcelona,2011,0,0,0,0,0,0,0,0,0,0,0,0,0,0,0,0,0,0,0
082439,Santa Cecília de Voltregà,Barcelona,2012,0,0,0,0,0,0,0,0,0,0,0,0,0,0,0,0,0,0,0
082439,Santa Cecília de Voltregà,Barcelona,2013,0,0,0,0,0,0,0,0,0,0,0,0,0,0,0,0,0,0,0
082439,Santa Cecília de Voltregà,Barcelona,2014,0,0,0,0,0,0,0,0,0,0,0,0,0,0,0,0,0,0,0
082439,Santa Cecília de Voltregà,Barcelona,2015,0,0,0,0,0,0,0,0,0,0,0,0,0,0,0,0,0,0,0
082439,Santa Cecília de Voltregà,Barcelona,2016,0,0,0,0,0,0,0,0,0,0,0,0,0,0,0,0,0,0,0
082439,Santa Cecília de Voltregà,Barcelona,2017,1,1,0,0,0,0,1,0,1,0,0,0,0,0,1,0,0,0,0
082439,Santa Cecília de Voltregà,Barcelona,2018,0,0,0,0,0,0,0,0,0,0,0,0,0,0,0,0,0,0,0
082439,Santa Cecília de Voltregà,Barcelona,2019,0,0,0,0,0,0,0,0,0,0,0,0,0,0,0,0,0,0,0
082439,Santa Cecília de Voltregà,Barcelona,2020,0,0,0,0,0,0,0,0,0,0,0,0,0,0,0,0,0,0,0
082439,Santa Cecília de Voltregà,Barcelona,2021,0,0,0,0,0,0,0,0,0,0,0,0,0,0,0,0,0,0,0
082444,Santa Coloma de Cervelló,Barcelona,2011,47,2,9,36,22,10,12,3,44,3,1,0,1,6,0,1,0,0,0
082444,Santa Coloma de Cervelló,Barcelona,2012,51,2,14,35,23,9,19,0,51,3,3,0,0,13,0,0,0,0,0
082444,Santa Coloma de Cervelló,Barcelona,2013,46,8,7,31,19,11,15,1,45,2,2,1,0,9,1,0,0,0,0
082444,Santa Coloma de Cervelló,Barcelona,2014,33,2,10,21,22,5,6,0,33,1,0,1,0,4,0,0,0,0,0
082444,Santa Coloma de Cervelló,Barcelona,2015,26,4,5,17,12,5,8,1,25,0,1,1,0,6,0,0,0,0,0
082444,Santa Coloma de Cervelló,Barcelona,2016,26,4,8,14,5,11,9,1,25,1,0,0,0,8,0,0,0,0,0
082444,Santa Coloma de Cervelló,Barcelona,2017,26,3,10,13,7,7,12,0,26,5,1,0,0,5,0,1,0,0,0
082444,Santa Coloma de Cervelló,Barcelona,2018,45,7,15,23,13,9,23,0,45,9,0,0,0,13,0,1,0,0,0
082444,Santa Coloma de Cervelló,Barcelona,2019,45,10,14,21,7,12,26,0,45,6,0,0,0,20,0,0,0,0,0
082444,Santa Coloma de Cervelló,Barcelona,2020,14,0,3,11,6,5,3,0,14,2,0,0,0,1,0,0,0,0,0
082444,Santa Coloma de Cervelló,Barcelona,2021,13,2,3,8,5,3,2,3,10,1,0,0,0,1,0,0,0,0,0
082444,Santa Coloma de Cervelló,Barcelona,2022,18,9,5,4,2,3,11,2,16,1,0,1,0,9,0,0,0,0,0
082444,Santa Coloma de Cervelló,Barcelona,2023,46,7,20,19,15,15,16,0,46,1,0,0,0,15,0,0,0,0,0
082457,Santa Coloma de Gramenet,Barcelona,2011,1573,723,526,324,302,274,972,25,1548,45,26,85,33,575,207,1,0,0,0
082457,Santa Coloma de Gramenet,Barcelona,2012,1957,1145,606,206,265,245,1443,4,1953,41,41,151,55,741,414,0,0,0,0
082457,Santa Coloma de Gramenet,Barcelona,2013,1617,1005,461,151,174,228,1213,2,1615,21,29,191,81,486,404,1,0,0,0
082457,Santa Coloma de Gramenet,Barcelona,2014,1418,933,344,141,155,182,1079,2,1416,24,37,198,62,402,354,2,0,0,0
082457,Santa Coloma de Gramenet,Barcelona,2015,1500,973,385,142,141,181,1175,3,1497,24,25,232,64,496,334,0,0,0,0
082457,Santa Coloma de Gramenet,Barcelona,2016,1441,885,428,128,154,173,1091,23,1418,28,28,188,54,511,280,2,0,0,0
082457,Santa Coloma de Gramenet,Barcelona,2017,1639,1095,424,120,115,122,1396,6,1633,37,25,251,65,609,402,7,0,0,0
082457,Santa Coloma de Gramenet,Barcelona,2018,1634,1015,491,128,100,129,1405,0,1634,29,34,199,31,738,372,2,0,0,0
082457,Santa Coloma de Gramenet,Barcelona,2019,1842,1122,591,129,119,118,1602,3,1839,25,45,217,56,847,409,3,0,0,0
082457,Santa Coloma de Gramenet,Barcelona,2020,955,551,333,71,64,51,788,52,903,11,9,101,21,440,206,0,0,0,0
082457,Santa Coloma de Gramenet,Barcelona,2021,1172,581,433,158,85,68,712,307,865,21,10,80,22,403,173,3,0,0,0
082457,Santa Coloma de Gramenet,Barcelona,2022,1452,943,384,125,74,51,1269,58,1394,11,24,131,41,747,314,1,0,0,0
082457,Santa Coloma de Gramenet,Barcelona,2023,1911,1049,657,205,126,76,1690,19,1892,15,41,136,34,1125,333,6,0,0,0
082460,Santa Eugènia de Berga,Barcelona,2011,21,7,5,9,9,0,12,0,21,1,0,1,6,3,1,0,0,0,0
082460,Santa Eugènia de Berga,Barcelona,2012,12,5,4,3,3,0,9,0,12,0,0,1,4,1,2,1,0,0,0
082460,Santa Eugènia de Berga,Barcelona,2013,5,1,1,3,2,0,3,0,5,1,0,0,1,1,0,0,0,0,0
082460,Santa Eugènia de Berga,Barcelona,2014,6,3,1,2,0,0,6,0,6,2,0,0,3,1,0,0,0,0,0
082460,Santa Eugènia de Berga,Barcelona,2015,8,6,1,1,0,0,8,0,8,3,0,0,4,0,1,0,0,0,0
082460,Santa Eugènia de Berga,Barcelona,2016,4,2,0,2,1,0,3,0,4,0,1,0,1,0,1,0,0,0,0
082460,Santa Eugènia de Berga,Barcelona,2017,3,1,0,2,1,0,2,0,3,0,1,0,0,1,0,0,0,0,0
082460,Santa Eugènia de Berga,Barcelona,2018,4,2,2,0,0,0,4,0,4,0,0,1,2,1,0,0,0,0,0
082460,Santa Eugènia de Berga,Barcelona,2019,10,4,6,0,0,1,9,0,10,0,0,2,4,3,0,0,0,0,0
082460,Santa Eugènia de Berga,Barcelona,2020,3,1,2,0,0,0,3,0,3,0,0,0,3,0,0,0,0,0,0
082460,Santa Eugènia de Berga,Barcelona,2021,4,0,4,0,0,0,2,2,2,0,0,0,2,0,0,0,0,0,0
082460,Santa Eugènia de Berga,Barcelona,2022,8,1,3,4,0,0,8,0,8,0,0,0,6,1,0,1,0,0,0
082460,Santa Eugènia de Berga,Barcelona,2023,9,3,2,4,0,0,9,0,9,0,0,0,4,4,0,1,0,0,0
082476,Santa Eulàlia de Riuprimer,Barcelona,2011,5,0,3,2,1,1,3,0,5,0,1,0,0,2,0,0,0,0,0
082476,Santa Eulàlia de Riuprimer,Barcelona,2012,2,1,1,0,0,0,2,0,2,1,0,0,0,1,0,0,0,0,0
082476,Santa Eulàlia de Riuprimer,Barcelona,2013,5,2,1,2,2,0,3,0,5,1,1,1,0,0,0,0,0,0,0
082476,Santa Eulàlia de Riuprimer,Barcelona,2014,5,0,2,3,3,0,2,0,5,2,0,0,0,0,0,0,0,0,0
082476,Santa Eulàlia de Riuprimer,Barcelona,2015,6,0,2,4,3,0,3,0,6,2,0,0,0,0,0,1,0,0,0
082476,Santa Eulàlia de Riuprimer,Barcelona,2016,12,4,3,5,2,0,9,1,11,3,0,0,0,5,0,1,0,0,0
082476,Santa Eulàlia de Riuprimer,Barcelona,2017,8,2,3,3,2,0,6,0,8,2,0,0,0,3,0,1,0,0,0
082476,Santa Eulàlia de Riuprimer,Barcelona,2018,12,8,4,0,0,0,12,0,12,3,1,0,2,2,4,0,0,0,0
082476,Santa Eulàlia de Riuprimer,Barcelona,2019,11,9,1,1,0,0,11,0,11,1,1,0,2,3,4,0,0,0,0
082476,Santa Eulàlia de Riuprimer,Barcelona,2020,5,1,4,0,1,0,4,0,5,0,0,0,0,4,0,0,0,0,0
082476,Santa Eulàlia de Riuprimer,Barcelona,2021,9,3,6,0,1,0,5,3,6,0,0,0,0,5,0,0,0,0,0
082476,Santa Eulàlia de Riuprimer,Barcelona,2022,4,0,4,0,0,0,1,3,1,0,0,0,0,1,0,0,0,0,0
082482,Santa Eulàlia de Ronçana,Barcelona,2011,23,4,7,12,12,2,9,0,23,0,2,4,0,3,0,0,0,0,0
082482,Santa Eulàlia de Ronçana,Barcelona,2012,16,1,3,12,10,2,4,0,16,0,3,0,0,1,0,0,0,0,0
082482,Santa Eulàlia de Ronçana,Barcelona,2013,12,0,4,8,7,1,4,0,12,1,3,0,0,0,0,0,0,0,0
082482,Santa Eulàlia de Ronçana,Barcelona,2014,10,2,3,5,4,3,3,0,10,0,0,0,0,2,1,0,0,0,0
082482,Santa Eulàlia de Ronçana,Barcelona,2015,13,3,3,7,4,4,5,0,13,0,0,2,0,0,3,0,0,0,0
082482,Santa Eulàlia de Ronçana,Barcelona,2016,12,2,3,7,5,4,3,0,12,0,0,0,0,2,1,0,0,0,0
082482,Santa Eulàlia de Ronçana,Barcelona,2017,29,7,10,12,9,7,13,0,29,0,4,2,0,3,4,0,0,0,0
082482,Santa Eulàlia de Ronçana,Barcelona,2018,15,1,4,10,6,5,4,0,15,0,1,1,0,2,0,0,0,0,0
082482,Santa Eulàlia de Ronçana,Barcelona,2019,27,6,7,14,10,4,13,0,27,0,0,0,0,13,0,0,0,0,0
082482,Santa Eulàlia de Ronçana,Barcelona,2020,12,5,4,3,2,2,4,4,8,0,0,0,0,4,0,0,0,0,0
082482,Santa Eulàlia de Ronçana,Barcelona,2021,177,113,22,42,3,1,10,163,14,0,0,2,2,6,0,0,0,0,0
082482,Santa Eulàlia de Ronçana,Barcelona,2022,375,147,133,95,0,2,27,346,29,1,1,2,1,22,0,0,0,0,0
082482,Santa Eulàlia de Ronçana,Barcelona,2023,98,17,46,35,4,2,24,68,30,0,0,3,0,20,1,0,0,0,0
082495,Santa Fe del Penedès,Barcelona,2011,1,0,0,1,0,1,0,0,1,0,0,0,0,0,0,0,0,0,0
082495,Santa Fe del Penedès,Barcelona,2012,4,0,0,4,2,2,0,0,4,0,0,0,0,0,0,0,0,0,0
082495,Santa Fe del Penedès,Barcelona,2013,1,1,0,0,0,0,1,0,1,0,0,1,0,0,0,0,0,0,0
082495,Santa Fe del Penedès,Barcelona,2014,0,0,0,0,0,0,0,0,0,0,0,0,0,0,0,0,0,0,0
082495,Santa Fe del Penedès,Barcelona,2015,1,0,0,1,1,0,0,0,1,0,0,0,0,0,0,0,0,0,0
082495,Santa Fe del Penedès,Barcelona,2016,0,0,0,0,0,0,0,0,0,0,0,0,0,0,0,0,0,0,0
082495,Santa Fe del Penedès,Barcelona,2017,1,0,1,0,0,0,1,0,1,0,0,1,0,0,0,0,0,0,0
082495,Santa Fe del Penedès,Barcelona,2018,1,1,0,0,0,0,1,0,1,0,0,1,0,0,0,0,0,0,0
082495,Santa Fe del Penedès,Barcelona,2019,2,1,1,0,0,0,2,0,2,0,0,2,0,0,0,0,0,0,0
082495,Santa Fe del Penedès,Barcelona,2020,0,0,0,0,0,0,0,0,0,0,0,0,0,0,0,0,0,0,0
082495,Santa Fe del Penedès,Barcelona,2021,0,0,0,0,0,0,0,0,0,0,0,0,0,0,0,0,0,0,0
082508,Santa Margarida de Montbui,Barcelona,2011,88,26,15,47,26,16,41,5,83,2,0,30,0,9,0,0,0,0,0
082508,Santa Margarida de Montbui,Barcelona,2012,40,10,7,23,13,10,16,1,39,1,1,9,0,4,1,0,0,0,0
082508,Santa Margarida de Montbui,Barcelona,2013,35,13,13,9,6,8,21,0,35,3,1,10,2,4,1,0,0,0,0
082508,Santa Margarida de Montbui,Barcelona,2014,73,58,6,9,5,7,60,1,72,1,0,44,6,8,1,0,0,0,0
082508,Santa Margarida de Montbui,Barcelona,2015,36,10,13,13,6,6,24,0,36,0,0,15,0,9,0,0,0,0,0
082508,Santa Margarida de Montbui,Barcelona,2016,31,12,5,14,8,4,19,0,31,3,1,10,1,3,1,0,0,0,0
082508,Santa Margarida de Montbui,Barcelona,2017,29,17,7,5,5,2,22,0,29,4,1,10,3,4,0,0,0,0,0
082508,Santa Margarida de Montbui,Barcelona,2018,50,28,18,4,5,0,45,0,50,1,1,24,4,14,1,0,0,0,0
082508,Santa Margarida de Montbui,Barcelona,2019,100,56,36,8,11,1,88,0,100,0,0,61,8,19,0,0,0,0,0
082508,Santa Margarida de Montbui,Barcelona,2020,44,18,25,1,2,1,39,2,42,1,0,28,3,7,0,0,0,0,0
082508,Santa Margarida de Montbui,Barcelona,2021,31,15,11,5,2,6,13,10,21,3,0,3,0,7,0,0,0,0,0
082508,Santa Margarida de Montbui,Barcelona,2022,67,45,19,3,2,4,56,5,62,1,4,36,3,12,0,0,0,0,0
082508,Santa Margarida de Montbui,Barcelona,2023,94,63,24,7,1,7,86,0,94,0,11,44,7,20,4,0,0,0,0
082515,Santa Margarida i els Monjos,Barcelona,2011,30,9,9,12,6,6,17,1,29,2,1,3,0,11,0,0,0,0,0
082515,Santa Margarida i els Monjos,Barcelona,2012,15,3,6,6,3,3,8,1,14,1,2,1,1,3,0,0,0,0,0
082515,Santa Margarida i els Monjos,Barcelona,2013,14,3,7,4,4,1,9,0,14,0,1,5,0,2,1,0,0,0,0
082515,Santa Margarida i els Monjos,Barcelona,2014,11,4,4,3,3,0,8,0,11,1,0,5,0,2,0,0,0,0,0
082515,Santa Margarida i els Monjos,Barcelona,2015,10,3,4,3,2,0,8,0,10,0,1,3,0,4,0,0,0,0,0
082515,Santa Margarida i els Monjos,Barcelona,2016,18,11,3,4,1,0,17,0,18,1,4,1,0,11,0,0,0,0,0
082515,Santa Margarida i els Monjos,Barcelona,2017,24,14,3,7,6,0,18,0,24,0,1,14,0,3,0,0,0,0,0
082515,Santa Margarida i els Monjos,Barcelona,2018,39,28,4,7,5,0,34,0,39,0,0,26,0,7,1,0,0,0,0
082515,Santa Margarida i els Monjos,Barcelona,2019,55,40,5,10,6,1,48,0,55,1,0,37,0,10,0,0,0,0,0
082515,Santa Margarida i els Monjos,Barcelona,2020,14,3,6,5,1,1,11,1,13,0,0,1,0,10,0,0,0,0,0
082515,Santa Margarida i els Monjos,Barcelona,2021,15,2,8,5,4,0,5,6,9,0,0,0,0,5,0,0,0,0,0
082515,Santa Margarida i els Monjos,Barcelona,2022,21,13,0,8,4,1,16,0,21,0,0,10,0,6,0,0,0,0,0
082515,Santa Margarida i els Monjos,Barcelona,2023,25,5,8,12,5,4,16,0,25,0,0,0,0,16,0,0,0,0,0
082520,Barberà del Vallès,Barcelona,2011,355,103,147,105,74,91,188,2,353,18,4,12,13,133,6,2,0,0,0
082520,Barberà del Vallès,Barcelona,2012,283,103,110,70,49,84,150,0,283,10,6,8,8,106,12,0,0,0,0
082520,Barberà del Vallès,Barcelona,2013,295,121,120,54,69,90,135,1,294,13,11,12,9,77,12,1,0,0,0
082520,Barberà del Vallès,Barcelona,2014,330,119,139,72,78,106,144,2,328,12,4,12,7,87,22,0,0,0,0
082520,Barberà del Vallès,Barcelona,2015,337,149,112,76,63,88,182,4,333,8,3,35,14,89,33,0,0,0,0
082520,Barberà del Vallès,Barcelona,2016,284,115,88,81,60,62,162,0,284,16,8,32,6,70,30,0,0,0,0
082520,Barberà del Vallès,Barcelona,2017,312,105,116,91,66,78,167,1,311,13,15,34,4,70,30,1,0,0,0
082520,Barberà del Vallès,Barcelona,2018,316,122,113,81,44,68,202,2,314,16,11,33,5,112,25,0,0,0,0
082520,Barberà del Vallès,Barcelona,2019,338,171,88,79,49,54,235,0,338,8,6,56,16,125,23,1,0,0,0
082520,Barberà del Vallès,Barcelona,2020,232,124,60,48,26,30,172,4,228,7,4,40,11,94,15,1,0,0,0
082520,Barberà del Vallès,Barcelona,2021,232,94,71,67,34,29,127,42,190,9,6,19,7,77,9,0,0,0,0
082520,Barberà del Vallès,Barcelona,2022,273,156,74,43,26,13,205,29,244,4,31,36,8,120,6,0,0,0,0
082520,Barberà del Vallès,Barcelona,2023,347,149,131,67,44,21,237,45,302,7,9,21,14,173,13,0,0,0,0
082541,L'Esquirol,Barcelona,2011,11,0,3,8,4,1,5,1,10,0,0,0,2,3,0,0,0,0,0
082541,L'Esquirol,Barcelona,2012,7,2,1,4,2,0,5,0,7,0,0,0,1,3,0,1,0,0,0
082541,L'Esquirol,Barcelona,2013,11,1,5,5,4,0,7,0,11,0,0,0,0,3,0,4,0,0,0
082541,L'Esquirol,Barcelona,2014,6,0,1,5,3,0,3,0,6,0,0,0,1,1,0,1,0,0,0
082541,L'Esquirol,Barcelona,2015,5,0,3,2,1,0,4,0,5,0,0,0,0,2,0,2,0,0,0
082541,L'Esquirol,Barcelona,2016,6,1,0,5,2,0,4,0,6,1,0,0,0,2,0,1,0,0,0
082541,L'Esquirol,Barcelona,2017,14,2,3,9,6,1,7,0,14,2,0,1,0,2,0,2,0,0,0
082541,L'Esquirol,Barcelona,2018,8,3,4,1,1,0,7,0,8,1,0,1,0,3,2,0,0,0,0
082541,L'Esquirol,Barcelona,2019,6,0,3,3,2,0,3,1,5,0,0,0,2,1,0,0,0,0,0
082541,L'Esquirol,Barcelona,2020,2,1,0,1,0,0,1,1,1,0,1,0,0,0,0,0,0,0,0
082541,L'Esquirol,Barcelona,2021,1,0,0,1,1,0,0,0,1,0,0,0,0,0,0,0,0,0,0
082541,L'Esquirol,Barcelona,2022,21,19,2,0,0,2,19,0,21,1,0,6,1,11,0,0,0,0,0
082541,L'Esquirol,Barcelona,2023,7,3,2,2,1,3,3,0,7,1,0,0,2,0,0,0,0,0,0
082567,Santa Maria de Martorelles,Barcelona,2011,2,0,0,2,2,0,0,0,2,0,0,0,0,0,0,0,0,0,0
082567,Santa Maria de Martorelles,Barcelona,2012,1,0,0,1,1,0,0,0,1,0,0,0,0,0,0,0,0,0,0
082567,Santa Maria de Martorelles,Barcelona,2013,5,1,1,3,3,1,1,0,5,0,0,0,0,1,0,0,0,0,0
082567,Santa Maria de Martorelles,Barcelona,2014,2,0,2,0,0,0,2,0,2,0,0,0,0,2,0,0,0,0,0
082567,Santa Maria de Martorelles,Barcelona,2015,3,1,2,0,0,0,3,0,3,0,0,0,0,3,0,0,0,0,0
082567,Santa Maria de Martorelles,Barcelona,2016,3,0,2,1,0,2,1,0,3,0,0,0,0,1,0,0,0,0,0
082567,Santa Maria de Martorelles,Barcelona,2017,6,1,2,3,1,4,1,0,6,1,0,0,0,0,0,0,0,0,0
082567,Santa Maria de Martorelles,Barcelona,2018,8,0,0,8,3,4,1,0,8,0,0,0,0,1,0,0,0,0,0
082567,Santa Maria de Martorelles,Barcelona,2019,4,0,1,3,2,1,1,0,4,0,0,0,0,1,0,0,0,0,0
082567,Santa Maria de Martorelles,Barcelona,2020,2,1,1,0,1,0,1,0,2,0,0,0,0,1,0,0,0,0,0
082567,Santa Maria de Martorelles,Barcelona,2021,14,11,0,3,0,0,3,11,3,0,0,0,0,1,2,0,0,0,0
082567,Santa Maria de Martorelles,Barcelona,2022,18,8,5,5,0,0,3,15,3,0,0,0,0,1,2,0,0,0,0
082567,Santa Maria de Martorelles,Barcelona,2023,4,1,2,1,0,1,2,1,3,0,0,0,0,2,0,0,0,0,0
082573,Santa Maria de Miralles,Barcelona,2011,1,1,0,0,0,0,1,0,1,1,0,0,0,0,0,0,0,0,0
082573,Santa Maria de Miralles,Barcelona,2012,0,0,0,0,0,0,0,0,0,0,0,0,0,0,0,0,0,0,0
082573,Santa Maria de Miralles,Barcelona,2013,0,0,0,0,0,0,0,0,0,0,0,0,0,0,0,0,0,0,0
082573,Santa Maria de Miralles,Barcelona,2014,0,0,0,0,0,0,0,0,0,0,0,0,0,0,0,0,0,0,0
082573,Santa Maria de Miralles,Barcelona,2015,0,0,0,0,0,0,0,0,0,0,0,0,0,0,0,0,0,0,0
082573,Santa Maria de Miralles,Barcelona,2016,0,0,0,0,0,0,0,0,0,0,0,0,0,0,0,0,0,0,0
082573,Santa Maria de Miralles,Barcelona,2017,0,0,0,0,0,0,0,0,0,0,0,0,0,0,0,0,0,0,0
082573,Santa Maria de Miralles,Barcelona,2018,0,0,0,0,0,0,0,0,0,0,0,0,0,0,0,0,0,0,0
082573,Santa Maria de Miralles,Barcelona,2019,0,0,0,0,0,0,0,0,0,0,0,0,0,0,0,0,0,0,0
082573,Santa Maria de Miralles,Barcelona,2020,0,0,0,0,0,0,0,0,0,0,0,0,0,0,0,0,0,0,0
082573,Santa Maria de Miralles,Barcelona,2021,0,0,0,0,0,0,0,0,0,0,0,0,0,0,0,0,0,0,0
082589,Santa Maria d'Oló,Barcelona,2011,6,1,3,2,0,0,6,0,6,2,0,0,0,4,0,0,0,0,0
082589,Santa Maria d'Oló,Barcelona,2012,2,0,1,1,0,0,2,0,2,1,0,0,0,1,0,0,0,0,0
082589,Santa Maria d'Oló,Barcelona,2013,1,0,1,0,0,0,1,0,1,0,0,0,0,1,0,0,0,0,0
082589,Santa Maria d'Oló,Barcelona,2014,1,0,0,1,1,0,0,0,1,0,0,0,0,0,0,0,0,0,0
082589,Santa Maria d'Oló,Barcelona,2015,1,0,0,1,1,0,0,0,1,0,0,0,0,0,0,0,0,0,0
082589,Santa Maria d'Oló,Barcelona,2016,2,2,0,0,0,0,2,0,2,2,0,0,0,0,0,0,0,0,0
082589,Santa Maria d'Oló,Barcelona,2017,4,0,4,0,0,0,4,0,4,4,0,0,0,0,0,0,0,0,0
082589,Santa Maria d'Oló,Barcelona,2018,8,0,8,0,0,5,3,0,8,3,0,0,0,0,0,0,0,0,0
082589,Santa Maria d'Oló,Barcelona,2019,4,0,3,1,0,3,1,0,4,1,0,0,0,0,0,0,0,0,0
082589,Santa Maria d'Oló,Barcelona,2020,1,0,1,0,0,0,1,0,1,1,0,0,0,0,0,0,0,0,0
082589,Santa Maria d'Oló,Barcelona,2021,2,0,2,0,0,0,2,0,2,0,0,0,0,2,0,0,0,0,0
082589,Santa Maria d'Oló,Barcelona,2022,3,2,1,0,0,0,2,1,2,1,0,0,0,1,0,0,0,0,0
082589,Santa Maria d'Oló,Barcelona,2023,5,4,1,0,0,0,5,0,5,1,0,0,0,4,0,0,0,0,0
082592,Santa Maria de Palautordera,Barcelona,2011,35,3,14,18,16,1,18,0,35,5,3,1,3,4,2,0,0,0,0
082592,Santa Maria de Palautordera,Barcelona,2012,43,6,16,21,16,4,23,0,43,2,7,1,0,11,2,0,0,0,0
082592,Santa Maria de Palautordera,Barcelona,2013,31,1,6,24,18,2,11,0,31,0,3,0,2,5,1,0,0,0,0
082592,Santa Maria de Palautordera,Barcelona,2014,35,1,9,25,18,8,9,0,35,1,3,0,2,3,0,0,0,0,0
082592,Santa Maria de Palautordera,Barcelona,2015,27,2,11,14,11,8,8,0,27,2,1,0,2,3,0,0,0,0,0
082592,Santa Maria de Palautordera,Barcelona,2016,32,5,11,16,11,7,13,1,31,4,1,0,1,5,2,0,0,0,0
082592,Santa Maria de Palautordera,Barcelona,2017,28,6,10,12,7,4,16,1,27,4,1,1,1,9,0,0,0,0,0
082592,Santa Maria de Palautordera,Barcelona,2018,20,8,4,8,2,7,11,0,20,1,0,4,0,5,1,0,0,0,0
082592,Santa Maria de Palautordera,Barcelona,2019,23,4,11,8,2,6,15,0,23,0,0,5,1,8,1,0,0,0,0
082592,Santa Maria de Palautordera,Barcelona,2020,12,0,6,6,2,5,5,0,12,1,0,0,0,3,1,0,0,0,0
082592,Santa Maria de Palautordera,Barcelona,2021,15,0,6,9,2,8,3,2,13,2,0,0,0,1,0,0,0,0,0
082592,Santa Maria de Palautordera,Barcelona,2022,9,3,2,4,0,3,6,0,9,0,0,0,0,6,0,0,0,0,0
082592,Santa Maria de Palautordera,Barcelona,2023,11,2,7,2,1,1,9,0,11,1,0,0,0,6,0,2,0,0,0
082606,Santa Perpètua de Mogoda,Barcelona,2011,218,49,64,105,76,38,102,2,216,4,4,21,14,59,0,0,0,0,0
082606,Santa Perpètua de Mogoda,Barcelona,2012,228,85,84,59,52,39,137,0,228,7,1,35,40,47,7,0,0,0,0
082606,Santa Perpètua de Mogoda,Barcelona,2013,129,47,55,27,29,34,66,0,129,1,4,11,8,36,6,0,0,0,0
082606,Santa Perpètua de Mogoda,Barcelona,2014,134,31,66,37,30,33,70,1,133,5,0,9,10,37,9,0,0,0,0
082606,Santa Perpètua de Mogoda,Barcelona,2015,96,24,21,51,32,21,43,0,96,5,4,4,5,24,1,0,0,0,0
082606,Santa Perpètua de Mogoda,Barcelona,2016,123,39,17,67,44,26,52,1,122,2,3,10,6,30,1,0,0,0,0
082606,Santa Perpètua de Mogoda,Barcelona,2017,86,27,19,40,29,17,40,0,86,0,0,18,2,19,1,0,0,0,0
082606,Santa Perpètua de Mogoda,Barcelona,2018,145,81,20,44,37,17,91,0,145,2,1,28,6,50,4,0,0,0,0
082606,Santa Perpètua de Mogoda,Barcelona,2019,119,53,30,36,28,14,77,0,119,3,2,18,6,47,1,0,0,0,0
082606,Santa Perpètua de Mogoda,Barcelona,2020,122,43,44,35,22,12,84,4,118,8,0,18,6,51,1,0,0,0,0
082606,Santa Perpètua de Mogoda,Barcelona,2021,155,97,28,30,13,8,118,16,139,7,1,33,22,50,5,0,0,0,0
082606,Santa Perpètua de Mogoda,Barcelona,2022,156,91,35,30,10,14,126,6,150,3,4,37,20,59,3,0,0,0,0
082606,Santa Perpètua de Mogoda,Barcelona,2023,207,99,78,30,21,16,168,2,205,1,3,24,18,119,3,0,0,0,0
082613,Santa Susanna,Barcelona,2011,19,2,9,8,5,2,12,0,19,2,4,0,0,6,0,0,0,0,0
082613,Santa Susanna,Barcelona,2012,15,3,5,7,3,2,10,0,15,0,7,0,0,3,0,0,0,0,0
082613,Santa Susanna,Barcelona,2013,14,0,8,6,6,2,6,0,14,2,4,0,0,0,0,0,0,0,0
082613,Santa Susanna,Barcelona,2014,13,2,2,9,4,0,9,0,13,2,6,0,0,1,0,0,0,0,0
082613,Santa Susanna,Barcelona,2015,9,1,4,4,3,0,6,0,9,0,3,0,0,1,0,2,0,0,0
082613,Santa Susanna,Barcelona,2016,4,0,1,3,3,0,1,0,4,0,1,0,0,0,0,0,0,0,0
082613,Santa Susanna,Barcelona,2017,2,1,1,0,0,1,1,0,2,0,0,0,0,1,0,0,0,0,0
082613,Santa Susanna,Barcelona,2018,7,2,1,4,4,0,3,0,7,0,2,1,0,0,0,0,0,0,0
082613,Santa Susanna,Barcelona,2019,16,4,5,7,6,5,5,0,16,0,3,1,0,1,0,0,0,0,0
082613,Santa Susanna,Barcelona,2020,8,0,6,2,1,5,2,0,8,0,1,0,0,1,0,0,0,0,0
082613,Santa Susanna,Barcelona,2021,10,2,6,2,0,4,0,6,4,0,0,0,0,0,0,0,0,0,0
082613,Santa Susanna,Barcelona,2022,5,2,1,2,2,0,2,1,4,0,0,0,0,2,0,0,0,0,0
082613,Santa Susanna,Barcelona,2023,21,6,5,10,6,2,10,3,18,0,0,0,0,10,0,0,0,0,0
082628,Sant Vicenç de Castellet,Barcelona,2011,59,19,29,11,8,1,50,0,59,3,0,24,14,9,0,0,0,0,0
082628,Sant Vicenç de Castellet,Barcelona,2012,51,10,33,8,5,7,39,0,51,6,0,6,15,8,4,0,0,0,0
082628,Sant Vicenç de Castellet,Barcelona,2013,26,6,10,10,6,8,12,0,26,4,0,1,0,5,2,0,0,0,0
082628,Sant Vicenç de Castellet,Barcelona,2014,30,7,10,13,6,9,15,0,30,0,0,4,2,7,2,0,0,0,0
082628,Sant Vicenç de Castellet,Barcelona,2015,33,7,10,16,11,6,16,0,33,0,0,6,1,8,1,0,0,0,0
082628,Sant Vicenç de Castellet,Barcelona,2016,22,6,6,10,10,2,10,0,22,0,0,6,1,2,1,0,0,0,0
082628,Sant Vicenç de Castellet,Barcelona,2017,67,54,8,5,5,2,60,0,67,0,1,40,4,4,11,0,0,0,0
082628,Sant Vicenç de Castellet,Barcelona,2018,60,29,18,13,7,4,49,0,60,4,2,28,8,5,1,1,0,0,0
082628,Sant Vicenç de Castellet,Barcelona,2019,60,39,11,10,7,3,50,0,60,1,1,23,5,19,1,0,0,0,0
082628,Sant Vicenç de Castellet,Barcelona,2020,18,7,11,0,0,0,18,0,18,0,3,10,3,2,0,0,0,0,0
082628,Sant Vicenç de Castellet,Barcelona,2021,27,17,8,2,0,0,13,14,13,2,0,3,0,6,2,0,0,0,0
082628,Sant Vicenç de Castellet,Barcelona,2022,70,30,32,8,1,2,30,37,33,1,0,8,0,18,3,0,0,0,0
082628,Sant Vicenç de Castellet,Barcelona,2023,123,61,42,20,16,3,91,13,110,2,1,33,4,48,3,0,0,0,0
082634,Sant Vicenç dels Horts,Barcelona,2011,397,111,147,139,130,101,110,56,341,7,3,26,2,71,1,0,0,0,0
082634,Sant Vicenç dels Horts,Barcelona,2012,310,122,103,85,104,78,118,10,300,6,3,39,4,59,7,0,0,0,0
082634,Sant Vicenç dels Horts,Barcelona,2013,264,55,140,69,85,75,101,3,261,9,2,40,4,39,6,1,0,0,0
082634,Sant Vicenç dels Horts,Barcelona,2014,198,58,84,56,52,54,91,1,197,4,1,29,4,46,7,0,0,0,0
082634,Sant Vicenç dels Horts,Barcelona,2015,189,59,67,63,63,50,76,0,189,1,2,30,13,26,4,0,0,0,0
082634,Sant Vicenç dels Horts,Barcelona,2016,201,36,86,79,86,45,70,0,201,6,2,27,2,29,4,0,0,0,0
082634,Sant Vicenç dels Horts,Barcelona,2017,176,51,55,70,78,26,72,0,176,2,2,22,1,37,7,1,0,0,0
082634,Sant Vicenç dels Horts,Barcelona,2018,217,58,49,110,94,28,95,0,217,8,2,23,3,52,4,3,0,0,0
082634,Sant Vicenç dels Horts,Barcelona,2019,275,110,98,67,68,32,175,0,275,10,13,54,8,76,11,3,0,0,0
082634,Sant Vicenç dels Horts,Barcelona,2020,194,72,75,47,44,21,126,3,191,13,10,46,6,49,2,0,0,0,0
082634,Sant Vicenç dels Horts,Barcelona,2021,183,71,88,24,23,17,122,21,162,11,2,39,6,58,6,0,0,0,0
082634,Sant Vicenç dels Horts,Barcelona,2022,236,114,90,32,49,21,161,5,231,4,1,40,9,100,7,0,0,0,0
082634,Sant Vicenç dels Horts,Barcelona,2023,320,112,159,49,77,38,201,4,316,5,1,55,3,128,7,2,0,0,0
082649,Sant Vicenç de Montalt,Barcelona,2011,37,9,16,12,9,6,22,0,37,0,0,0,0,18,4,0,0,0,0
082649,Sant Vicenç de Montalt,Barcelona,2012,16,4,8,4,2,3,11,0,16,1,0,0,2,5,3,0,0,0,0
082649,Sant Vicenç de Montalt,Barcelona,2013,23,1,14,8,5,5,13,0,23,4,1,0,1,6,1,0,0,0,0
082649,Sant Vicenç de Montalt,Barcelona,2014,23,5,7,11,2,5,15,1,22,2,3,0,0,9,1,0,0,0,0
082649,Sant Vicenç de Montalt,Barcelona,2015,28,2,5,21,5,6,17,0,28,3,2,0,0,12,0,0,0,0,0
082649,Sant Vicenç de Montalt,Barcelona,2016,13,2,4,7,6,1,6,0,13,0,0,1,0,5,0,0,0,0,0
082649,Sant Vicenç de Montalt,Barcelona,2017,13,1,3,9,8,3,2,0,13,0,0,0,0,2,0,0,0,0,0
082649,Sant Vicenç de Montalt,Barcelona,2018,19,4,7,8,6,3,10,0,19,1,0,0,0,9,0,0,0,0,0
082649,Sant Vicenç de Montalt,Barcelona,2019,16,7,3,6,3,1,12,0,16,0,0,0,0,11,1,0,0,0,0
082649,Sant Vicenç de Montalt,Barcelona,2020,11,1,7,3,0,1,9,1,10,1,0,0,0,6,2,0,0,0,0
082649,Sant Vicenç de Montalt,Barcelona,2021,24,6,12,6,1,0,7,16,8,0,0,0,0,5,2,0,0,0,0
082649,Sant Vicenç de Montalt,Barcelona,2022,5,1,1,3,1,0,1,3,2,0,0,0,0,1,0,0,0,0,0
082649,Sant Vicenç de Montalt,Barcelona,2023,15,5,3,7,6,1,7,1,14,0,1,0,0,5,0,1,0,0,0
082652,Sant Vicenç de Torelló,Barcelona,2011,16,5,4,7,3,2,11,0,16,1,0,2,2,6,0,0,0,0,0
082652,Sant Vicenç de Torelló,Barcelona,2012,12,1,4,7,6,1,5,0,12,1,0,2,0,2,0,0,0,0,0
082652,Sant Vicenç de Torelló,Barcelona,2013,13,3,4,6,7,1,5,0,13,3,0,2,0,0,0,0,0,0,0
082652,Sant Vicenç de Torelló,Barcelona,2014,15,0,9,6,7,2,6,0,15,5,0,1,0,0,0,0,0,0,0
082652,Sant Vicenç de Torelló,Barcelona,2015,7,0,4,3,3,2,2,0,7,1,0,0,0,1,0,0,0,0,0
082652,Sant Vicenç de Torelló,Barcelona,2016,12,1,5,6,3,0,9,0,12,2,0,1,0,6,0,0,0,0,0
082652,Sant Vicenç de Torelló,Barcelona,2017,11,1,5,5,3,0,8,0,11,0,0,0,0,7,1,0,0,0,0
082652,Sant Vicenç de Torelló,Barcelona,2018,6,2,0,4,3,0,3,0,6,1,0,0,0,2,0,0,0,0,0
082652,Sant Vicenç de Torelló,Barcelona,2019,9,3,5,1,1,3,5,0,9,2,0,1,2,0,0,0,0,0,0
082652,Sant Vicenç de Torelló,Barcelona,2020,4,0,4,0,0,0,4,0,4,2,0,0,2,0,0,0,0,0,0
082652,Sant Vicenç de Torelló,Barcelona,2021,2,1,1,0,0,0,2,0,2,0,0,0,0,2,0,0,0,0,0
082652,Sant Vicenç de Torelló,Barcelona,2022,7,4,3,0,2,0,5,0,7,0,0,0,0,5,0,0,0,0,0
082652,Sant Vicenç de Torelló,Barcelona,2023,20,2,10,8,8,1,11,0,20,0,0,0,0,11,0,0,0,0,0
082665,Cerdanyola del Vallès,Barcelona,2011,740,250,290,200,129,138,445,28,712,42,25,55,18,293,11,1,0,0,0
082665,Cerdanyola del Vallès,Barcelona,2012,696,193,313,190,122,138,419,17,679,49,17,33,14,282,19,5,0,0,0
082665,Cerdanyola del Vallès,Barcelona,2013,520,181,212,127,94,123,301,2,518,27,16,18,6,208,25,1,0,0,0
082665,Cerdanyola del Vallès,Barcelona,2014,403,128,163,112,79,128,194,2,401,16,13,7,5,148,5,0,0,0,0
082665,Cerdanyola del Vallès,Barcelona,2015,370,115,151,104,85,94,190,1,369,21,11,11,3,133,10,1,0,0,0
082665,Cerdanyola del Vallès,Barcelona,2016,535,246,173,116,90,85,354,6,529,33,11,69,4,218,16,3,0,0,0
082665,Cerdanyola del Vallès,Barcelona,2017,461,197,172,92,61,77,321,2,459,29,14,29,5,224,18,2,0,0,0
082665,Cerdanyola del Vallès,Barcelona,2018,576,243,234,99,70,92,411,3,573,31,11,34,2,311,19,3,0,0,0
082665,Cerdanyola del Vallès,Barcelona,2019,559,226,235,98,65,74,418,2,557,15,12,35,10,325,17,4,0,0,0
082665,Cerdanyola del Vallès,Barcelona,2020,367,156,146,65,34,56,257,20,347,17,5,17,1,202,15,0,0,0,0
082665,Cerdanyola del Vallès,Barcelona,2021,516,164,204,148,54,70,278,114,402,35,2,15,9,199,16,2,0,0,0
082665,Cerdanyola del Vallès,Barcelona,2022,554,242,206,106,56,56,404,38,516,25,11,49,14,286,17,2,0,0,0
082665,Cerdanyola del Vallès,Barcelona,2023,726,315,271,140,56,91,560,19,707,29,32,39,8,414,36,2,0,0,0
082671,Sentmenat,Barcelona,2011,31,2,5,24,18,2,9,2,29,2,0,0,1,6,0,0,0,0,0
082671,Sentmenat,Barcelona,2012,30,3,7,20,16,4,10,0,30,1,0,0,0,9,0,0,0,0,0
082671,Sentmenat,Barcelona,2013,22,3,8,11,8,3,11,0,22,0,4,0,0,7,0,0,0,0,0
082671,Sentmenat,Barcelona,2014,16,0,7,9,7,2,7,0,16,1,1,1,0,4,0,0,0,0,0
082671,Sentmenat,Barcelona,2015,23,4,4,15,12,4,7,0,23,2,3,2,0,0,0,0,0,0,0
082671,Sentmenat,Barcelona,2016,17,5,2,10,9,1,7,0,17,0,3,0,1,3,0,0,0,0,0
082671,Sentmenat,Barcelona,2017,22,3,13,6,4,3,15,0,22,0,4,0,1,9,0,1,0,0,0
082671,Sentmenat,Barcelona,2018,21,5,4,12,10,0,11,0,21,0,4,0,1,6,0,0,0,0,0
082671,Sentmenat,Barcelona,2019,21,6,3,12,6,3,11,1,20,0,0,0,0,9,2,0,0,0,0
082671,Sentmenat,Barcelona,2020,8,1,3,4,1,2,5,0,8,0,0,0,0,5,0,0,0,0,0
082671,Sentmenat,Barcelona,2021,10,2,2,6,2,1,0,7,3,0,0,0,0,0,0,0,0,0,0
082671,Sentmenat,Barcelona,2022,23,7,9,7,2,2,8,11,12,0,0,0,0,8,0,0,0,0,0
082671,Sentmenat,Barcelona,2023,22,5,13,4,3,2,12,5,17,0,0,2,0,10,0,0,0,0,0
082687,Cercs,Barcelona,2011,4,0,0,4,4,0,0,0,4,0,0,0,0,0,0,0,0,0,0
082687,Cercs,Barcelona,2012,0,0,0,0,0,0,0,0,0,0,0,0,0,0,0,0,0,0,0
082687,Cercs,Barcelona,2013,1,0,1,0,1,0,0,0,1,0,0,0,0,0,0,0,0,0,0
082687,Cercs,Barcelona,2014,0,0,0,0,0,0,0,0,0,0,0,0,0,0,0,0,0,0,0
082687,Cercs,Barcelona,2015,0,0,0,0,0,0,0,0,0,0,0,0,0,0,0,0,0,0,0
082687,Cercs,Barcelona,2016,1,0,1,0,0,0,1,0,1,0,1,0,0,0,0,0,0,0,0
082687,Cercs,Barcelona,2017,2,1,1,0,1,0,1,0,2,0,0,0,0,1,0,0,0,0,0
082687,Cercs,Barcelona,2018,0,0,0,0,0,0,0,0,0,0,0,0,0,0,0,0,0,0,0
082687,Cercs,Barcelona,2019,3,2,1,0,0,0,3,0,3,0,0,0,0,3,0,0,0,0,0
082687,Cercs,Barcelona,2020,1,0,1,0,0,0,1,0,1,0,0,0,0,1,0,0,0,0,0
082687,Cercs,Barcelona,2021,2,1,1,0,0,0,2,0,2,0,0,2,0,0,0,0,0,0,0
082687,Cercs,Barcelona,2023,6,1,0,5,5,0,1,0,6,0,0,1,0,0,0,0,0,0,0
082690,Seva,Barcelona,2011,17,0,6,11,11,1,5,0,17,0,0,0,0,5,0,0,0,0,0
082690,Seva,Barcelona,2012,9,1,2,6,3,3,3,0,9,1,0,0,0,2,0,0,0,0,0
082690,Seva,Barcelona,2013,3,0,0,3,0,1,2,0,3,0,0,0,0,2,0,0,0,0,0
082690,Seva,Barcelona,2014,7,2,2,3,2,0,5,0,7,0,0,0,0,5,0,0,0,0,0
082690,Seva,Barcelona,2015,9,2,2,5,6,0,3,0,9,1,0,0,0,2,0,0,0,0,0
082690,Seva,Barcelona,2016,7,2,4,1,1,0,6,0,7,3,0,0,0,3,0,0,0,0,0
082690,Seva,Barcelona,2017,8,0,3,5,3,0,5,0,8,3,0,0,0,2,0,0,0,0,0
082690,Seva,Barcelona,2018,5,2,2,1,0,0,5,0,5,1,1,2,0,1,0,0,0,0,0
082690,Seva,Barcelona,2019,9,4,4,1,0,0,9,0,9,2,0,4,2,1,0,0,0,0,0
082690,Seva,Barcelona,2020,3,0,0,3,0,0,3,0,3,2,0,0,0,1,0,0,0,0,0
082690,Seva,Barcelona,2021,2,0,0,2,1,0,1,0,2,0,0,0,0,1,0,0,0,0,0
082690,Seva,Barcelona,2022,12,11,0,1,1,0,11,0,12,0,0,3,1,6,1,0,0,0,0
082690,Seva,Barcelona,2023,8,2,6,0,0,0,8,0,8,0,0,0,0,8,0,0,0,0,0
082704,Sitges,Barcelona,2011,232,88,73,71,40,34,152,6,226,30,1,2,1,108,10,0,0,0,0
082704,Sitges,Barcelona,2012,223,89,71,63,44,38,141,0,223,22,3,4,4,92,15,1,0,0,0
082704,Sitges,Barcelona,2013,221,124,45,52,34,28,158,1,220,29,6,7,3,96,16,1,0,0,0
082704,Sitges,Barcelona,2014,187,102,23,62,37,33,117,0,187,18,10,2,3,63,18,3,0,0,0
082704,Sitges,Barcelona,2015,164,71,54,39,27,24,112,1,163,22,10,4,1,58,12,5,0,0,0
082704,Sitges,Barcelona,2016,186,82,47,57,35,29,121,1,185,32,5,1,2,65,13,3,0,0,0
082704,Sitges,Barcelona,2017,181,74,54,53,23,25,133,0,181,26,8,3,1,73,13,9,0,0,0
082704,Sitges,Barcelona,2018,186,62,68,56,30,30,126,0,186,35,5,5,0,67,9,5,0,0,0
082704,Sitges,Barcelona,2019,213,42,113,58,28,28,157,0,213,44,5,2,0,89,7,10,0,0,0
082704,Sitges,Barcelona,2020,155,64,52,39,12,16,117,10,145,18,1,1,0,88,6,3,0,0,0
082704,Sitges,Barcelona,2021,222,77,109,36,16,13,108,85,137,19,1,2,0,82,4,0,0,0,0
082704,Sitges,Barcelona,2022,242,100,99,43,27,27,165,23,219,21,14,3,0,118,5,4,0,0,0
082704,Sitges,Barcelona,2023,297,98,151,48,25,29,232,11,286,29,18,1,0,175,0,9,0,0,0
082726,Sora,Barcelona,2011,2,0,0,2,2,0,0,0,2,0,0,0,0,0,0,0,0,0,0
082726,Sora,Barcelona,2012,1,0,1,0,0,0,1,0,1,0,0,0,0,1,0,0,0,0,0
082726,Sora,Barcelona,2013,2,0,1,1,0,0,2,0,2,1,0,0,0,1,0,0,0,0,0
082726,Sora,Barcelona,2014,2,0,1,1,1,0,1,0,2,1,0,0,0,0,0,0,0,0,0
082726,Sora,Barcelona,2015,0,0,0,0,0,0,0,0,0,0,0,0,0,0,0,0,0,0,0
082726,Sora,Barcelona,2016,0,0,0,0,0,0,0,0,0,0,0,0,0,0,0,0,0,0,0
082726,Sora,Barcelona,2017,0,0,0,0,0,0,0,0,0,0,0,0,0,0,0,0,0,0,0
082726,Sora,Barcelona,2018,0,0,0,0,0,0,0,0,0,0,0,0,0,0,0,0,0,0,0
082726,Sora,Barcelona,2019,0,0,0,0,0,0,0,0,0,0,0,0,0,0,0,0,0,0,0
082726,Sora,Barcelona,2020,0,0,0,0,0,0,0,0,0,0,0,0,0,0,0,0,0,0,0
082726,Sora,Barcelona,2021,3,0,0,3,1,0,0,2,1,0,0,0,0,0,0,0,0,0,0
082726,Sora,Barcelona,2023,2,2,0,0,0,0,2,0,2,2,0,0,0,0,0,0,0,0,0
082732,Subirats,Barcelona,2011,15,0,1,14,7,0,5,3,12,0,2,3,0,0,0,0,0,0,0
082732,Subirats,Barcelona,2012,15,4,5,6,2,5,7,1,14,2,1,4,0,0,0,0,0,0,0
082732,Subirats,Barcelona,2013,9,2,6,1,2,4,3,0,9,1,1,1,0,0,0,0,0,0,0
082732,Subirats,Barcelona,2014,4,0,1,3,2,0,2,0,4,0,2,0,0,0,0,0,0,0,0
082732,Subirats,Barcelona,2015,9,4,2,3,2,0,7,0,9,2,1,0,0,1,3,0,0,0,0
082732,Subirats,Barcelona,2016,7,4,3,0,1,0,6,0,7,0,0,0,2,4,0,0,0,0,0
082732,Subirats,Barcelona,2017,7,1,1,5,4,0,3,0,7,1,0,0,0,2,0,0,0,0,0
082732,Subirats,Barcelona,2018,11,2,0,9,7,0,4,0,11,0,0,2,0,2,0,0,0,0,0
082732,Subirats,Barcelona,2019,8,5,0,3,1,0,7,0,8,0,0,5,0,2,0,0,0,0,0
082732,Subirats,Barcelona,2020,0,0,0,0,0,0,0,0,0,0,0,0,0,0,0,0,0,0,0
082732,Subirats,Barcelona,2021,1,1,0,0,0,0,1,0,1,0,0,1,0,0,0,0,0,0,0
082732,Subirats,Barcelona,2022,4,2,2,0,0,0,2,2,2,0,0,0,0,2,0,0,0,0,0
082747,Súria,Barcelona,2011,11,0,4,7,7,0,4,0,11,0,2,0,0,2,0,0,0,0,0
082747,Súria,Barcelona,2012,8,0,0,8,5,0,3,0,8,0,2,0,0,1,0,0,0,0,0
082747,Súria,Barcelona,2013,14,0,2,12,10,0,4,0,14,0,2,0,0,2,0,0,0,0,0
082747,Súria,Barcelona,2014,10,2,1,7,4,1,5,0,10,0,2,0,0,3,0,0,0,0,0
082747,Súria,Barcelona,2015,5,2,0,3,2,0,3,0,5,0,0,0,0,3,0,0,0,0,0
082747,Súria,Barcelona,2016,10,6,1,3,3,0,7,0,10,0,1,1,0,5,0,0,0,0,0
082747,Súria,Barcelona,2017,10,6,0,4,2,2,6,0,10,0,0,0,0,5,1,0,0,0,0
082747,Súria,Barcelona,2018,14,9,3,2,2,0,12,0,14,0,0,1,0,11,0,0,0,0,0
082747,Súria,Barcelona,2019,23,12,7,4,4,0,19,0,23,0,0,5,0,14,0,0,0,0,0
082747,Súria,Barcelona,2020,5,4,1,0,0,0,4,1,4,0,0,0,0,4,0,0,0,0,0
082747,Súria,Barcelona,2021,13,9,2,2,0,0,3,10,3,0,0,1,0,2,0,0,0,0,0
082747,Súria,Barcelona,2022,26,11,4,11,1,0,11,14,12,0,0,1,0,10,0,0,0,0,0
082747,Súria,Barcelona,2023,19,7,2,10,1,0,11,7,12,0,0,0,0,11,0,0,0,0,0
082763,Tagamanent,Barcelona,2011,5,1,2,2,2,3,0,0,5,0,0,0,0,0,0,0,0,0,0
082763,Tagamanent,Barcelona,2012,2,0,1,1,2,0,0,0,2,0,0,0,0,0,0,0,0,0,0
082763,Tagamanent,Barcelona,2013,1,0,0,1,1,0,0,0,1,0,0,0,0,0,0,0,0,0,0
082763,Tagamanent,Barcelona,2014,2,0,1,1,0,0,2,0,2,0,0,0,0,2,0,0,0,0,0
082763,Tagamanent,Barcelona,2015,1,0,0,1,0,1,0,0,1,0,0,0,0,0,0,0,0,0,0
082763,Tagamanent,Barcelona,2016,0,0,0,0,0,0,0,0,0,0,0,0,0,0,0,0,0,0,0
082763,Tagamanent,Barcelona,2017,2,0,0,2,0,2,0,0,2,0,0,0,0,0,0,0,0,0,0
082763,Tagamanent,Barcelona,2018,3,1,0,2,1,1,1,0,3,0,0,0,1,0,0,0,0,0,0
082763,Tagamanent,Barcelona,2019,6,0,0,6,4,2,0,0,6,0,0,0,0,0,0,0,0,0,0
082763,Tagamanent,Barcelona,2020,2,0,0,2,2,0,0,0,2,0,0,0,0,0,0,0,0,0,0
082763,Tagamanent,Barcelona,2021,0,0,0,0,0,0,0,0,0,0,0,0,0,0,0,0,0,0,0
082785,Taradell,Barcelona,2011,43,6,15,22,13,2,28,0,43,3,0,6,0,15,4,0,0,0,0
082785,Taradell,Barcelona,2012,36,8,10,18,9,3,24,0,36,4,0,2,0,9,9,0,0,0,0
082785,Taradell,Barcelona,2013,27,7,6,14,7,3,17,0,27,1,0,0,0,5,11,0,0,0,0
082785,Taradell,Barcelona,2014,25,4,6,15,9,1,15,0,25,3,0,0,0,7,5,0,0,0,0
082785,Taradell,Barcelona,2015,16,2,6,8,6,0,10,0,16,1,0,0,0,3,6,0,0,0,0
082785,Taradell,Barcelona,2016,22,9,12,1,0,2,20,0,22,1,4,3,0,8,4,0,0,0,0
082785,Taradell,Barcelona,2017,20,9,8,3,2,2,16,0,20,0,1,6,0,3,5,1,0,0,0
082785,Taradell,Barcelona,2018,23,7,13,3,3,1,19,0,23,1,1,2,1,4,9,1,0,0,0
082785,Taradell,Barcelona,2019,20,7,11,2,2,0,17,1,19,0,0,1,1,2,13,0,0,0,0
082785,Taradell,Barcelona,2020,10,5,4,1,0,0,9,1,9,1,0,0,2,1,5,0,0,0,0
082785,Taradell,Barcelona,2021,11,5,5,1,0,0,7,4,7,0,0,0,1,1,5,0,0,0,0
082785,Taradell,Barcelona,2022,22,12,9,1,0,0,20,2,20,0,5,1,3,4,6,1,0,0,0
082785,Taradell,Barcelona,2023,14,2,8,4,4,1,9,0,14,0,5,0,1,1,1,1,0,0,0
082798,Terrassa,Barcelona,2011,2892,958,964,970,631,399,1804,58,2834,114,37,596,146,874,32,5,0,0,0
082798,Terrassa,Barcelona,2012,2141,591,771,779,472,314,1324,31,2110,91,31,435,97,648,15,7,0,0,0
082798,Terrassa,Barcelona,2013,1773,677,518,578,371,290,1101,11,1762,69,27,344,102,527,27,5,0,0,0
082798,Terrassa,Barcelona,2014,1333,423,416,494,326,254,744,9,1324,52,28,197,42,406,17,2,0,0,0
082798,Terrassa,Barcelona,2015,1170,376,374,420,275,201,685,9,1161,40,29,168,41,389,15,3,0,0,0
082798,Terrassa,Barcelona,2016,1248,465,405,378,249,195,798,6,1242,65,32,184,38,450,24,5,0,0,0
082798,Terrassa,Barcelona,2017,1294,557,383,354,233,158,899,4,1290,46,20,210,44,542,33,4,0,0,0
082798,Terrassa,Barcelona,2018,1763,622,616,525,319,195,1238,11,1752,45,18,249,55,826,42,3,0,0,0
082798,Terrassa,Barcelona,2019,1427,561,518,348,185,149,1087,6,1421,41,11,228,24,750,28,5,0,0,0
082798,Terrassa,Barcelona,2020,1287,538,441,308,120,128,924,115,1172,43,16,251,23,568,20,3,0,0,0
082798,Terrassa,Barcelona,2021,1912,822,751,339,84,142,1264,422,1490,45,17,405,45,739,13,0,0,0,0
082798,Terrassa,Barcelona,2022,1471,714,513,244,72,116,1132,151,1320,39,30,329,29,681,24,0,0,0,0
082798,Terrassa,Barcelona,2023,2027,799,865,363,126,174,1654,73,1954,49,29,217,34,1279,40,6,0,0,0
082802,Tavertet,Barcelona,2022,1,1,0,0,0,0,1,0,1,1,0,0,0,0,0,0,0,0,0
082802,Tavertet,Barcelona,2023,1,1,0,0,0,0,1,0,1,1,0,0,0,0,0,0,0,0,0
082819,Teià,Barcelona,2011,23,3,1,19,13,4,6,0,23,1,1,0,1,3,0,0,0,0,0
082819,Teià,Barcelona,2012,17,4,2,11,8,2,7,0,17,0,0,0,1,6,0,0,0,0,0
082819,Teià,Barcelona,2013,56,28,3,25,21,3,32,0,56,4,2,0,19,6,0,1,0,0,0
082819,Teià,Barcelona,2014,49,19,4,26,21,3,25,0,49,1,2,1,16,4,0,1,0,0,0
082819,Teià,Barcelona,2015,29,8,2,19,12,3,14,0,29,0,3,0,1,7,0,3,0,0,0
082819,Teià,Barcelona,2016,31,5,11,15,11,3,16,1,30,0,1,1,0,10,0,4,0,0,0
082819,Teià,Barcelona,2017,38,7,9,22,17,3,16,2,36,2,0,0,2,11,0,1,0,0,0
082819,Teià,Barcelona,2018,38,3,6,29,21,5,12,0,38,2,0,1,2,6,1,0,0,0,0
082819,Teià,Barcelona,2019,39,22,2,15,13,0,26,0,39,4,0,6,0,15,1,0,0,0,0
082819,Teià,Barcelona,2020,14,3,11,0,0,1,13,0,14,3,2,1,0,7,0,0,0,0,0
082819,Teià,Barcelona,2021,34,11,10,13,4,1,18,11,23,4,2,0,4,8,0,0,0,0,0
082819,Teià,Barcelona,2022,46,25,6,15,5,1,33,7,39,11,2,3,1,14,2,0,0,0,0
082819,Teià,Barcelona,2023,26,10,8,8,5,3,13,5,21,1,4,0,0,6,2,0,0,0,0
082824,Tiana,Barcelona,2011,51,4,11,36,20,17,10,4,47,0,3,0,0,7,0,0,0,0,0
082824,Tiana,Barcelona,2012,39,8,9,22,15,12,11,1,38,2,2,0,0,5,0,2,0,0,0
082824,Tiana,Barcelona,2013,32,4,3,25,13,14,5,0,32,0,0,1,0,2,0,2,0,0,0
082824,Tiana,Barcelona,2014,21,5,5,11,9,1,11,0,21,4,0,0,0,4,3,0,0,0,0
082824,Tiana,Barcelona,2015,26,6,6,14,11,5,10,0,26,1,0,2,0,5,2,0,0,0,0
082824,Tiana,Barcelona,2016,27,3,9,15,15,6,6,0,27,1,0,0,0,5,0,0,0,0,0
082824,Tiana,Barcelona,2017,23,3,6,14,11,1,11,0,23,5,0,0,0,5,1,0,0,0,0
082824,Tiana,Barcelona,2018,27,2,9,16,4,7,15,1,26,7,0,0,0,8,0,0,0,0,0
082824,Tiana,Barcelona,2019,15,3,5,7,3,3,9,0,15,3,0,0,0,6,0,0,0,0,0
082824,Tiana,Barcelona,2020,5,1,2,2,2,0,3,0,5,2,0,0,0,1,0,0,0,0,0
082824,Tiana,Barcelona,2021,8,1,4,3,2,0,3,3,5,1,0,1,0,1,0,0,0,0,0
082824,Tiana,Barcelona,2022,8,3,4,1,1,2,5,0,8,0,0,0,0,5,0,0,0,0,0
082824,Tiana,Barcelona,2023,19,4,7,8,5,2,11,1,18,1,0,0,0,10,0,0,0,0,0
082830,Tona,Barcelona,2011,13,1,5,7,5,0,6,2,11,0,1,0,1,4,0,0,0,0,0
082830,Tona,Barcelona,2012,15,2,3,10,6,0,9,0,15,0,1,0,2,6,0,0,0,0,0
082830,Tona,Barcelona,2013,10,1,2,7,4,0,6,0,10,0,0,0,1,5,0,0,0,0,0
082830,Tona,Barcelona,2014,9,2,3,4,2,0,7,0,9,2,0,0,0,5,0,0,0,0,0
082830,Tona,Barcelona,2015,15,7,6,2,2,0,13,0,15,2,0,0,0,9,0,2,0,0,0
082830,Tona,Barcelona,2016,12,2,7,3,3,1,8,0,12,0,0,0,0,8,0,0,0,0,0
082830,Tona,Barcelona,2017,13,3,8,2,1,2,10,0,13,4,1,1,0,4,0,0,0,0,0
082830,Tona,Barcelona,2018,19,3,9,7,4,2,12,1,18,5,4,2,0,1,0,0,0,0,0
082830,Tona,Barcelona,2019,25,2,9,14,4,4,17,0,25,6,8,0,0,3,0,0,0,0,0
082830,Tona,Barcelona,2020,17,9,2,6,0,0,10,7,10,4,1,0,0,5,0,0,0,0,0
082830,Tona,Barcelona,2021,6,2,1,3,0,0,2,4,2,2,0,0,0,0,0,0,0,0,0
082830,Tona,Barcelona,2022,14,8,4,2,0,2,11,1,13,0,0,0,2,9,0,0,0,0,0
082830,Tona,Barcelona,2023,13,2,7,4,2,1,10,0,13,0,2,1,3,4,0,0,0,0,0
082845,Tordera,Barcelona,2011,82,11,33,38,27,13,42,0,82,11,4,5,6,16,0,0,0,0,0
082845,Tordera,Barcelona,2012,48,10,11,27,19,8,21,0,48,7,1,2,3,8,0,0,0,0,0
082845,Tordera,Barcelona,2013,79,24,27,28,22,26,31,0,79,11,3,0,1,16,0,0,0,0,0
082845,Tordera,Barcelona,2014,41,4,24,13,8,15,18,0,41,4,3,1,0,9,0,1,0,0,0
082845,Tordera,Barcelona,2015,57,23,24,10,9,13,35,0,57,7,4,1,0,22,1,0,0,0,0
082845,Tordera,Barcelona,2016,110,29,45,36,21,25,64,0,110,12,5,5,5,37,0,0,0,0,0
082845,Tordera,Barcelona,2017,112,16,56,40,30,22,60,0,112,10,6,10,6,25,3,0,0,0,0
082845,Tordera,Barcelona,2018,90,32,18,40,29,11,50,0,90,2,12,7,4,24,1,0,0,0,0
082845,Tordera,Barcelona,2019,150,76,35,39,25,13,112,0,150,14,14,34,5,43,2,0,0,0,0
082845,Tordera,Barcelona,2020,76,23,37,16,13,7,54,2,74,3,3,11,2,35,0,0,0,0,0
082845,Tordera,Barcelona,2021,94,29,51,14,5,9,61,19,75,3,5,7,3,42,0,1,0,0,0
082845,Tordera,Barcelona,2022,108,66,29,13,5,5,96,2,106,4,6,26,3,55,2,0,0,0,0
082845,Tordera,Barcelona,2023,133,59,52,22,14,10,108,1,132,1,6,17,3,79,2,0,0,0,0
082858,Torelló,Barcelona,2011,203,63,74,66,40,23,129,11,192,16,3,41,16,45,8,0,0,0,0
082858,Torelló,Barcelona,2012,155,20,91,44,35,15,104,1,154,5,5,44,14,28,8,0,0,0,0
082858,Torelló,Barcelona,2013,125,42,48,35,19,13,93,0,125,6,3,48,10,21,5,0,0,0,0
082858,Torelló,Barcelona,2014,80,0,57,23,18,12,50,0,80,4,0,23,2,21,0,0,0,0,0
082858,Torelló,Barcelona,2015,84,16,57,11,8,11,65,0,84,6,2,22,7,26,2,0,0,0,0
082858,Torelló,Barcelona,2016,120,43,50,27,18,11,91,0,120,5,5,31,15,30,3,2,0,0,0
082858,Torelló,Barcelona,2017,131,28,81,22,15,16,100,0,131,5,0,44,14,31,6,0,0,0,0
082858,Torelló,Barcelona,2018,108,50,40,18,13,12,83,0,108,2,10,19,14,34,4,0,0,0,0
082858,Torelló,Barcelona,2019,134,60,51,23,11,5,117,1,133,2,18,20,25,45,7,0,0,0,0
082858,Torelló,Barcelona,2020,67,20,38,9,2,0,63,2,65,2,7,6,10,35,3,0,0,0,0
082858,Torelló,Barcelona,2021,81,23,41,17,6,3,59,13,68,5,7,7,13,26,1,0,0,0,0
082858,Torelló,Barcelona,2022,129,66,53,10,7,4,116,2,127,4,10,15,28,54,5,0,0,0,0
082858,Torelló,Barcelona,2023,113,30,79,4,4,1,108,0,113,3,11,30,18,43,3,0,0,0,0
082861,la Torre de Claramunt,Barcelona,2011,6,0,4,2,0,2,4,0,6,1,2,0,0,1,0,0,0,0,0
082861,la Torre de Claramunt,Barcelona,2012,8,0,3,5,3,1,4,0,8,0,2,0,0,2,0,0,0,0,0
082861,la Torre de Claramunt,Barcelona,2013,12,0,1,11,5,4,3,0,12,1,1,0,0,1,0,0,0,0,0
082861,la Torre de Claramunt,Barcelona,2014,5,0,0,5,3,0,2,0,5,0,1,0,0,1,0,0,0,0,0
082861,la Torre de Claramunt,Barcelona,2015,3,0,2,1,1,2,0,0,3,0,0,0,0,0,0,0,0,0,0
082861,la Torre de Claramunt,Barcelona,2016,8,0,1,7,6,1,1,0,8,0,1,0,0,0,0,0,0,0,0
082861,la Torre de Claramunt,Barcelona,2017,8,1,4,3,2,0,6,0,8,0,3,0,0,3,0,0,0,0,0
082861,la Torre de Claramunt,Barcelona,2018,7,2,3,2,4,0,3,0,7,0,0,0,0,3,0,0,0,0,0
082861,la Torre de Claramunt,Barcelona,2019,6,2,4,0,0,0,6,0,6,1,0,0,0,2,3,0,0,0,0
082861,la Torre de Claramunt,Barcelona,2020,5,0,1,4,4,0,1,0,5,1,0,0,0,0,0,0,0,0,0
082861,la Torre de Claramunt,Barcelona,2021,0,0,0,0,0,0,0,0,0,0,0,0,0,0,0,0,0,0,0
082861,la Torre de Claramunt,Barcelona,2022,1,1,0,0,0,0,1,0,1,0,0,1,0,0,0,0,0,0,0
082861,la Torre de Claramunt,Barcelona,2023,2,2,0,0,0,0,2,0,2,0,0,0,0,2,0,0,0,0,0
082877,Torrelavit,Barcelona,2011,1,0,0,1,1,0,0,0,1,0,0,0,0,0,0,0,0,0,0
082877,Torrelavit,Barcelona,2012,3,1,0,2,2,0,1,0,3,0,0,1,0,0,0,0,0,0,0
082877,Torrelavit,Barcelona,2013,3,0,1,2,2,0,1,0,3,0,0,1,0,0,0,0,0,0,0
082877,Torrelavit,Barcelona,2014,3,1,1,1,1,1,1,0,3,1,0,0,0,0,0,0,0,0,0
082877,Torrelavit,Barcelona,2015,3,0,2,1,0,2,1,0,3,1,0,0,0,0,0,0,0,0,0
082877,Torrelavit,Barcelona,2016,7,1,2,4,0,3,4,0,7,1,1,0,0,2,0,0,0,0,0
082877,Torrelavit,Barcelona,2017,8,1,1,6,0,3,5,0,8,2,2,0,0,0,1,0,0,0,0
082877,Torrelavit,Barcelona,2018,4,0,3,1,0,1,3,0,4,0,0,0,0,1,2,0,0,0,0
082877,Torrelavit,Barcelona,2019,5,0,3,2,2,0,3,0,5,0,0,0,1,2,0,0,0,0,0
082877,Torrelavit,Barcelona,2020,2,0,0,2,2,0,0,0,2,0,0,0,0,0,0,0,0,0,0
082877,Torrelavit,Barcelona,2021,1,1,0,0,0,0,0,1,0,0,0,0,0,0,0,0,0,0,0
082877,Torrelavit,Barcelona,2022,8,6,1,1,1,0,6,1,7,0,4,2,0,0,0,0,0,0,0
082877,Torrelavit,Barcelona,2023,6,2,1,3,2,1,3,0,6,0,2,0,0,1,0,0,0,0,0
082883,Torrelles de Foix,Barcelona,2011,16,1,4,11,10,2,4,0,16,1,0,1,0,2,0,0,0,0,0
082883,Torrelles de Foix,Barcelona,2012,11,6,1,4,4,1,6,0,11,1,0,3,0,2,0,0,0,0,0
082883,Torrelles de Foix,Barcelona,2013,7,3,2,2,1,0,6,0,7,0,0,4,0,2,0,0,0,0,0
082883,Torrelles de Foix,Barcelona,2014,3,2,0,1,0,0,3,0,3,0,1,1,0,1,0,0,0,0,0
082883,Torrelles de Foix,Barcelona,2015,11,7,1,3,7,1,3,0,11,0,0,1,0,2,0,0,0,0,0
082883,Torrelles de Foix,Barcelona,2016,10,4,3,3,3,0,7,0,10,0,0,5,0,2,0,0,0,0,0
082883,Torrelles de Foix,Barcelona,2017,14,3,7,4,1,2,11,0,14,4,2,3,0,2,0,0,0,0,0
082883,Torrelles de Foix,Barcelona,2018,11,2,5,4,2,2,7,0,11,4,0,2,0,1,0,0,0,0,0
082883,Torrelles de Foix,Barcelona,2019,0,0,0,0,0,0,0,0,0,0,0,0,0,0,0,0,0,0,0
082883,Torrelles de Foix,Barcelona,2020,7,5,2,0,1,0,6,0,7,0,0,4,0,2,0,0,0,0,0
082883,Torrelles de Foix,Barcelona,2021,5,2,2,1,1,0,3,1,4,0,0,2,0,1,0,0,0,0,0
082883,Torrelles de Foix,Barcelona,2022,23,10,10,3,5,0,18,0,23,2,0,16,0,0,0,0,0,0,0
082883,Torrelles de Foix,Barcelona,2023,28,9,17,2,5,2,21,0,28,4,2,12,0,3,0,0,0,0,0
082896,Torrelles de Llobregat,Barcelona,2011,32,1,7,24,11,6,5,10,22,2,0,0,0,3,0,0,0,0,0
082896,Torrelles de Llobregat,Barcelona,2012,25,1,5,19,12,9,3,1,24,1,0,0,0,2,0,0,0,0,0
082896,Torrelles de Llobregat,Barcelona,2013,23,2,7,14,12,3,8,0,23,3,1,0,0,4,0,0,0,0,0
082896,Torrelles de Llobregat,Barcelona,2014,10,1,6,3,3,1,6,0,10,0,2,2,0,2,0,0,0,0,0
082896,Torrelles de Llobregat,Barcelona,2015,22,0,5,17,15,3,4,0,22,2,0,1,0,1,0,0,0,0,0
082896,Torrelles de Llobregat,Barcelona,2016,35,8,5,22,16,4,14,1,34,3,0,0,2,9,0,0,0,0,0
082896,Torrelles de Llobregat,Barcelona,2017,24,3,8,13,12,1,11,0,24,3,0,0,1,7,0,0,0,0,0
082896,Torrelles de Llobregat,Barcelona,2018,26,2,8,16,15,3,8,0,26,0,0,0,0,8,0,0,0,0,0
082896,Torrelles de Llobregat,Barcelona,2019,23,4,4,15,10,4,8,1,22,0,0,0,0,8,0,0,0,0,0
082896,Torrelles de Llobregat,Barcelona,2020,17,4,9,4,4,3,10,0,17,1,0,0,0,9,0,0,0,0,0
082896,Torrelles de Llobregat,Barcelona,2021,18,5,9,4,4,0,11,3,15,0,0,0,0,11,0,0,0,0,0
082896,Torrelles de Llobregat,Barcelona,2022,43,23,12,8,2,9,29,3,40,2,1,0,0,25,0,1,0,0,0
082896,Torrelles de Llobregat,Barcelona,2023,43,5,29,9,5,6,30,2,41,3,0,0,0,25,1,1,0,0,0
082900,Ullastrell,Barcelona,2011,13,0,5,8,7,2,4,0,13,3,0,0,0,0,0,1,0,0,0
082900,Ullastrell,Barcelona,2012,11,0,4,7,6,2,3,0,11,1,0,0,0,1,0,1,0,0,0
082900,Ullastrell,Barcelona,2013,6,0,3,3,2,2,2,0,6,0,0,0,0,2,0,0,0,0,0
082900,Ullastrell,Barcelona,2014,2,0,0,2,2,0,0,0,2,0,0,0,0,0,0,0,0,0,0
082900,Ullastrell,Barcelona,2015,2,0,0,2,2,0,0,0,2,0,0,0,0,0,0,0,0,0,0
082900,Ullastrell,Barcelona,2016,4,1,1,2,2,0,2,0,4,0,0,0,0,2,0,0,0,0,0
082900,Ullastrell,Barcelona,2017,5,2,1,2,1,2,2,0,5,0,2,0,0,0,0,0,0,0,0
082900,Ullastrell,Barcelona,2018,5,0,3,2,1,2,2,0,5,0,2,0,0,0,0,0,0,0,0
082900,Ullastrell,Barcelona,2019,0,0,0,0,0,0,0,0,0,0,0,0,0,0,0,0,0,0,0
082900,Ullastrell,Barcelona,2020,1,1,0,0,0,0,0,1,0,0,0,0,0,0,0,0,0,0,0
082900,Ullastrell,Barcelona,2021,32,17,8,7,0,3,3,26,6,0,2,0,0,1,0,0,0,0,0
082917,Vacarisses,Barcelona,2011,33,8,5,20,16,9,7,1,32,0,0,1,0,6,0,0,0,0,0
082917,Vacarisses,Barcelona,2012,23,3,14,6,6,7,10,0,23,2,0,1,0,6,1,0,0,0,0
082917,Vacarisses,Barcelona,2013,10,1,3,6,3,2,5,0,10,0,0,0,0,3,2,0,0,0,0
082917,Vacarisses,Barcelona,2014,8,0,2,6,4,0,4,0,8,0,0,0,0,2,2,0,0,0,0
082917,Vacarisses,Barcelona,2015,8,4,1,3,0,0,8,0,8,0,0,0,0,4,3,1,0,0,0
082917,Vacarisses,Barcelona,2016,13,2,1,10,11,1,1,0,13,0,0,0,0,1,0,0,0,0,0
082917,Vacarisses,Barcelona,2017,10,1,2,7,6,2,1,1,9,0,0,0,0,1,0,0,0,0,0
082917,Vacarisses,Barcelona,2018,26,17,8,1,1,1,24,0,26,1,0,0,0,23,0,0,0,0,0
082917,Vacarisses,Barcelona,2019,33,3,27,3,4,1,28,0,33,0,0,1,0,27,0,0,0,0,0
082917,Vacarisses,Barcelona,2020,11,1,5,5,4,1,6,0,11,0,0,1,0,5,0,0,0,0,0
082917,Vacarisses,Barcelona,2021,6,1,1,4,0,3,0,3,3,0,0,0,0,0,0,0,0,0,0
082917,Vacarisses,Barcelona,2022,27,8,16,3,1,3,22,1,26,2,0,2,0,17,1,0,0,0,0
082917,Vacarisses,Barcelona,2023,24,2,19,3,5,2,17,0,24,2,0,1,0,13,1,0,0,0,0
082922,Vallbona d'Anoia,Barcelona,2011,2,1,0,1,1,0,1,0,2,0,0,0,0,1,0,0,0,0,0
082922,Vallbona d'Anoia,Barcelona,2012,4,1,1,2,2,0,2,0,4,0,0,0,0,1,1,0,0,0,0
082922,Vallbona d'Anoia,Barcelona,2013,1,0,0,1,1,0,0,0,1,0,0,0,0,0,0,0,0,0,0
082922,Vallbona d'Anoia,Barcelona,2014,4,0,0,4,2,2,0,0,4,0,0,0,0,0,0,0,0,0,0
082922,Vallbona d'Anoia,Barcelona,2015,5,2,1,2,1,1,3,0,5,0,0,0,0,0,3,0,0,0,0
082922,Vallbona d'Anoia,Barcelona,2016,3,0,1,2,0,2,1,0,3,0,0,0,0,0,1,0,0,0,0
082922,Vallbona d'Anoia,Barcelona,2017,1,0,0,1,0,1,0,0,1,0,0,0,0,0,0,0,0,0,0
082922,Vallbona d'Anoia,Barcelona,2018,3,2,0,1,0,1,2,0,3,0,0,2,0,0,0,0,0,0,0
082922,Vallbona d'Anoia,Barcelona,2019,4,3,0,1,1,0,3,0,4,0,0,1,0,2,0,0,0,0,0
082922,Vallbona d'Anoia,Barcelona,2020,2,1,1,0,0,0,2,0,2,0,0,1,0,1,0,0,0,0,0
082922,Vallbona d'Anoia,Barcelona,2021,3,1,2,0,0,0,3,0,3,2,0,0,0,1,0,0,0,0,0
082922,Vallbona d'Anoia,Barcelona,2022,6,3,3,0,1,0,5,0,6,0,0,5,0,0,0,0,0,0,0
082922,Vallbona d'Anoia,Barcelona,2023,2,1,1,0,0,0,2,0,2,0,1,1,0,0,0,0,0,0,0
082938,Vallcebre,Barcelona,2011,1,0,0,1,1,0,0,0,1,0,0,0,0,0,0,0,0,0,0
082938,Vallcebre,Barcelona,2012,2,0,0,2,2,0,0,0,2,0,0,0,0,0,0,0,0,0,0
082938,Vallcebre,Barcelona,2013,1,0,0,1,1,0,0,0,1,0,0,0,0,0,0,0,0,0,0
082938,Vallcebre,Barcelona,2014,0,0,0,0,0,0,0,0,0,0,0,0,0,0,0,0,0,0,0
082938,Vallcebre,Barcelona,2015,0,0,0,0,0,0,0,0,0,0,0,0,0,0,0,0,0,0,0
082938,Vallcebre,Barcelona,2016,0,0,0,0,0,0,0,0,0,0,0,0,0,0,0,0,0,0,0
082938,Vallcebre,Barcelona,2017,0,0,0,0,0,0,0,0,0,0,0,0,0,0,0,0,0,0,0
082938,Vallcebre,Barcelona,2018,0,0,0,0,0,0,0,0,0,0,0,0,0,0,0,0,0,0,0
082938,Vallcebre,Barcelona,2019,0,0,0,0,0,0,0,0,0,0,0,0,0,0,0,0,0,0,0
082938,Vallcebre,Barcelona,2020,0,0,0,0,0,0,0,0,0,0,0,0,0,0,0,0,0,0,0
082938,Vallcebre,Barcelona,2021,0,0,0,0,0,0,0,0,0,0,0,0,0,0,0,0,0,0,0
082943,Vallgorguina,Barcelona,2011,35,0,4,31,27,3,5,0,35,3,0,0,0,2,0,0,0,0,0
082943,Vallgorguina,Barcelona,2012,17,3,7,7,6,4,6,1,16,6,0,0,0,0,0,0,0,0,0
082943,Vallgorguina,Barcelona,2013,13,1,3,9,6,3,4,0,13,2,0,0,0,2,0,0,0,0,0
082943,Vallgorguina,Barcelona,2014,19,3,4,12,9,1,9,0,19,8,0,0,0,1,0,0,0,0,0
082943,Vallgorguina,Barcelona,2015,12,0,6,6,6,0,6,0,12,4,0,0,0,2,0,0,0,0,0
082943,Vallgorguina,Barcelona,2016,16,0,7,9,7,0,9,0,16,3,0,0,0,6,0,0,0,0,0
082943,Vallgorguina,Barcelona,2017,15,0,5,10,6,0,9,0,15,1,0,0,0,8,0,0,0,0,0
082943,Vallgorguina,Barcelona,2018,13,2,2,9,2,5,6,0,13,0,0,0,0,6,0,0,0,0,0
082943,Vallgorguina,Barcelona,2019,16,1,0,15,6,5,5,0,16,1,0,0,0,4,0,0,0,0,0
082943,Vallgorguina,Barcelona,2020,6,1,0,5,2,2,1,1,5,0,0,0,0,1,0,0,0,0,0
082943,Vallgorguina,Barcelona,2021,16,2,4,10,0,5,4,7,9,0,0,0,0,4,0,0,0,0,0
082943,Vallgorguina,Barcelona,2022,3,1,1,1,0,1,2,0,3,1,0,0,0,1,0,0,0,0,0
082943,Vallgorguina,Barcelona,2023,5,3,2,0,0,1,4,0,5,1,0,0,0,1,1,1,0,0,0
082956,Vallirana,Barcelona,2011,230,34,56,140,95,46,64,25,205,9,2,8,0,45,0,0,0,0,0
082956,Vallirana,Barcelona,2012,115,5,59,51,35,17,62,1,114,1,2,14,0,44,1,0,0,0,0
082956,Vallirana,Barcelona,2013,118,31,22,65,44,27,46,1,117,5,1,4,1,32,3,0,0,0,0
082956,Vallirana,Barcelona,2014,77,7,28,42,34,18,25,0,77,4,2,0,0,16,3,0,0,0,0
082956,Vallirana,Barcelona,2015,70,12,40,18,29,16,24,1,69,3,3,1,0,16,1,0,0,0,0
082956,Vallirana,Barcelona,2016,121,1,55,65,49,14,58,0,121,7,6,11,0,34,0,0,0,0,0
082956,Vallirana,Barcelona,2017,105,31,24,50,35,13,56,1,104,3,4,12,1,32,4,0,0,0,0
082956,Vallirana,Barcelona,2018,120,21,43,56,32,19,68,1,119,3,1,8,3,48,5,0,0,0,0
082956,Vallirana,Barcelona,2019,147,41,73,33,37,22,87,1,146,3,1,18,4,61,0,0,0,0,0
082956,Vallirana,Barcelona,2020,106,43,45,18,18,12,73,3,103,4,3,11,4,51,0,0,0,0,0
082956,Vallirana,Barcelona,2021,83,3,67,13,11,10,52,10,73,0,3,2,4,43,0,0,0,0,0
082956,Vallirana,Barcelona,2022,70,26,26,18,15,6,43,6,64,3,0,4,0,36,0,0,0,0,0
082956,Vallirana,Barcelona,2023,103,35,46,22,21,8,68,6,97,0,2,8,1,57,0,0,0,0,0
082969,Vallromanes,Barcelona,2011,16,4,3,9,6,3,7,0,16,4,0,1,0,2,0,0,0,0,0
082969,Vallromanes,Barcelona,2012,14,1,8,5,3,4,7,0,14,1,0,1,0,4,1,0,0,0,0
082969,Vallromanes,Barcelona,2013,3,1,1,1,3,0,0,0,3,0,0,0,0,0,0,0,0,0,0
082969,Vallromanes,Barcelona,2014,5,1,0,4,3,1,1,0,5,0,0,0,0,1,0,0,0,0,0
082969,Vallromanes,Barcelona,2015,9,4,2,3,3,5,1,0,9,0,0,0,0,1,0,0,0,0,0
082969,Vallromanes,Barcelona,2016,14,1,5,8,6,7,1,0,14,0,0,0,0,1,0,0,0,0,0
082969,Vallromanes,Barcelona,2017,9,0,1,8,4,5,0,0,9,0,0,0,0,0,0,0,0,0,0
082969,Vallromanes,Barcelona,2018,9,2,1,6,2,4,3,0,9,1,0,0,0,2,0,0,0,0,0
082969,Vallromanes,Barcelona,2019,16,3,6,7,7,0,9,0,16,0,0,2,0,7,0,0,0,0,0
082969,Vallromanes,Barcelona,2020,3,1,2,0,0,0,3,0,3,0,0,1,0,2,0,0,0,0,0
082969,Vallromanes,Barcelona,2021,2,0,0,2,2,0,0,0,2,0,0,0,0,0,0,0,0,0,0
082969,Vallromanes,Barcelona,2022,7,3,3,1,1,0,6,0,7,1,0,1,0,4,0,0,0,0,0
082969,Vallromanes,Barcelona,2023,4,1,2,1,1,0,2,1,3,0,0,0,0,2,0,0,0,0,0
082975,Veciana,Barcelona,2011,0,0,0,0,0,0,0,0,0,0,0,0,0,0,0,0,0,0,0
082975,Veciana,Barcelona,2012,2,0,0,2,0,2,0,0,2,0,0,0,0,0,0,0,0,0,0
082975,Veciana,Barcelona,2013,1,0,0,1,0,1,0,0,1,0,0,0,0,0,0,0,0,0,0
082975,Veciana,Barcelona,2014,0,0,0,0,0,0,0,0,0,0,0,0,0,0,0,0,0,0,0
082975,Veciana,Barcelona,2015,0,0,0,0,0,0,0,0,0,0,0,0,0,0,0,0,0,0,0
082975,Veciana,Barcelona,2016,0,0,0,0,0,0,0,0,0,0,0,0,0,0,0,0,0,0,0
082975,Veciana,Barcelona,2017,0,0,0,0,0,0,0,0,0,0,0,0,0,0,0,0,0,0,0
082975,Veciana,Barcelona,2018,0,0,0,0,0,0,0,0,0,0,0,0,0,0,0,0,0,0,0
082975,Veciana,Barcelona,2019,0,0,0,0,0,0,0,0,0,0,0,0,0,0,0,0,0,0,0
082975,Veciana,Barcelona,2020,1,0,0,1,0,1,0,0,1,0,0,0,0,0,0,0,0,0,0
082975,Veciana,Barcelona,2021,2,0,0,2,0,2,0,0,2,0,0,0,0,0,0,0,0,0,0
082981,Vic,Barcelona,2011,1744,865,660,219,120,79,1540,5,1739,100,22,479,336,394,206,3,0,0,0
082981,Vic,Barcelona,2012,1400,684,519,197,97,63,1234,6,1394,87,24,347,271,312,186,7,0,0,0
082981,Vic,Barcelona,2013,1146,571,411,164,77,67,1002,0,1146,69,33,210,266,232,190,2,0,0,0
082981,Vic,Barcelona,2014,929,456,352,121,47,49,833,0,929,79,31,169,204,192,155,3,0,0,0
082981,Vic,Barcelona,2015,887,470,318,99,48,34,803,2,885,99,34,194,140,145,183,8,0,0,0
082981,Vic,Barcelona,2016,878,551,240,87,37,36,805,0,878,66,24,232,143,168,162,10,0,0,0
082981,Vic,Barcelona,2017,930,536,329,65,30,32,868,0,930,48,27,194,182,202,206,9,0,0,0
082981,Vic,Barcelona,2018,961,542,368,51,24,25,912,0,961,39,16,194,190,262,201,10,0,0,0
082981,Vic,Barcelona,2019,1379,857,432,90,24,30,1325,0,1379,35,17,305,307,366,291,4,0,0,0
082981,Vic,Barcelona,2020,791,458,266,67,29,22,709,31,760,13,13,147,117,270,149,0,0,0,0
082981,Vic,Barcelona,2021,1079,680,338,61,21,14,862,182,897,21,24,164,182,289,180,2,0,0,0
082981,Vic,Barcelona,2022,1274,811,399,64,17,26,1179,52,1222,33,75,240,219,470,141,1,0,0,0
082981,Vic,Barcelona,2023,1799,1040,653,106,35,39,1708,17,1782,29,57,355,233,851,182,1,0,0,0
082994,Vilada,Barcelona,2011,1,1,0,0,0,0,1,0,1,1,0,0,0,0,0,0,0,0,0
082994,Vilada,Barcelona,2012,1,0,0,1,1,0,0,0,1,0,0,0,0,0,0,0,0,0,0
082994,Vilada,Barcelona,2013,0,0,0,0,0,0,0,0,0,0,0,0,0,0,0,0,0,0,0
082994,Vilada,Barcelona,2014,1,0,0,1,0,0,1,0,1,1,0,0,0,0,0,0,0,0,0
082994,Vilada,Barcelona,2015,0,0,0,0,0,0,0,0,0,0,0,0,0,0,0,0,0,0,0
082994,Vilada,Barcelona,2016,2,0,0,2,1,0,1,0,2,1,0,0,0,0,0,0,0,0,0
082994,Vilada,Barcelona,2017,1,0,0,1,0,0,1,0,1,1,0,0,0,0,0,0,0,0,0
082994,Vilada,Barcelona,2018,0,0,0,0,0,0,0,0,0,0,0,0,0,0,0,0,0,0,0
082994,Vilada,Barcelona,2019,0,0,0,0,0,0,0,0,0,0,0,0,0,0,0,0,0,0,0
082994,Vilada,Barcelona,2020,0,0,0,0,0,0,0,0,0,0,0,0,0,0,0,0,0,0,0
082994,Vilada,Barcelona,2021,1,0,0,1,0,0,1,0,1,1,0,0,0,0,0,0,0,0,0
082994,Vilada,Barcelona,2022,1,0,0,1,0,0,1,0,1,1,0,0,0,0,0,0,0,0,0
083008,Viladecavalls,Barcelona,2011,29,3,5,21,15,2,10,2,27,0,0,0,0,10,0,0,0,0,0
083008,Viladecavalls,Barcelona,2012,25,3,6,16,13,2,10,0,25,0,0,0,0,10,0,0,0,0,0
083008,Viladecavalls,Barcelona,2013,17,0,6,11,10,3,4,0,17,0,0,0,0,4,0,0,0,0,0
083008,Viladecavalls,Barcelona,2014,13,3,5,5,6,4,3,0,13,1,0,0,0,2,0,0,0,0,0
083008,Viladecavalls,Barcelona,2015,21,1,8,12,10,6,5,0,21,1,0,0,0,4,0,0,0,0,0
083008,Viladecavalls,Barcelona,2016,32,2,10,20,17,5,10,0,32,2,0,0,0,8,0,0,0,0,0
083008,Viladecavalls,Barcelona,2017,22,1,7,14,13,1,8,0,22,1,1,0,0,6,0,0,0,0,0
083008,Viladecavalls,Barcelona,2018,9,2,3,4,3,2,4,0,9,0,0,1,0,3,0,0,0,0,0
083008,Viladecavalls,Barcelona,2019,10,1,4,5,6,0,3,1,9,0,0,0,0,3,0,0,0,0,0
083008,Viladecavalls,Barcelona,2020,14,3,5,6,4,1,8,1,13,0,2,0,0,3,0,3,0,0,0
083008,Viladecavalls,Barcelona,2021,13,3,5,5,0,0,8,5,8,0,3,0,0,3,0,2,0,0,0
083008,Viladecavalls,Barcelona,2022,10,6,3,1,1,1,5,3,7,0,0,2,0,3,0,0,0,0,0
083008,Viladecavalls,Barcelona,2023,13,4,4,5,4,0,9,0,13,0,0,0,0,9,0,0,0,0,0
083015,Viladecans,Barcelona,2011,580,68,226,286,179,217,159,25,555,20,3,11,1,120,4,0,0,0,0
083015,Viladecans,Barcelona,2012,741,113,295,333,229,270,230,12,729,35,2,22,3,153,15,0,0,0,0
083015,Viladecans,Barcelona,2013,680,122,241,317,209,249,213,9,671,18,7,27,5,140,16,0,0,0,0
083015,Viladecans,Barcelona,2014,522,57,206,259,174,196,147,5,517,11,8,11,3,104,10,0,0,0,0
083015,Viladecans,Barcelona,2015,431,73,155,203,145,146,137,3,428,10,10,16,1,93,7,0,0,0,0
083015,Viladecans,Barcelona,2016,426,81,132,213,116,137,170,3,423,18,9,9,6,113,15,0,0,0,0
083015,Viladecans,Barcelona,2017,410,75,133,202,109,115,177,9,401,17,4,14,3,127,12,0,0,0,0
083015,Viladecans,Barcelona,2018,401,78,170,153,109,100,182,10,391,14,3,15,6,132,12,0,0,0,0
083015,Viladecans,Barcelona,2019,488,153,178,157,133,87,264,4,484,15,5,28,4,176,36,0,0,0,0
083015,Viladecans,Barcelona,2020,269,82,80,107,64,53,143,9,260,8,4,20,2,99,10,0,0,0,0
083015,Viladecans,Barcelona,2021,178,44,85,49,16,26,82,54,124,3,2,9,1,62,5,0,0,0,0
083015,Viladecans,Barcelona,2022,204,90,63,51,26,24,114,40,164,4,0,6,0,100,4,0,0,0,0
083015,Viladecans,Barcelona,2023,408,160,136,112,70,43,281,14,394,3,5,19,0,249,5,0,0,0,0
083020,Vilanova del Camí,Barcelona,2011,89,15,34,40,27,7,49,6,83,2,2,19,1,24,0,1,0,0,0
083020,Vilanova del Camí,Barcelona,2012,61,21,11,29,22,7,31,1,60,2,1,19,2,7,0,0,0,0,0
083020,Vilanova del Camí,Barcelona,2013,45,22,6,17,12,3,29,1,44,2,1,14,2,10,0,0,0,0,0
083020,Vilanova del Camí,Barcelona,2014,42,16,11,15,9,6,26,1,41,1,2,12,2,9,0,0,0,0,0
083020,Vilanova del Camí,Barcelona,2015,38,25,6,7,4,6,28,0,38,1,1,9,0,15,2,0,0,0,0
083020,Vilanova del Camí,Barcelona,2016,29,10,7,12,10,3,16,0,29,0,2,5,0,9,0,0,0,0,0
083020,Vilanova del Camí,Barcelona,2017,38,12,12,14,15,2,21,0,38,1,0,9,1,10,0,0,0,0,0
083020,Vilanova del Camí,Barcelona,2018,58,32,14,12,8,8,42,0,58,0,2,20,1,18,1,0,0,0,0
083020,Vilanova del Camí,Barcelona,2019,74,22,33,19,11,12,49,2,72,0,3,10,0,35,1,0,0,0,0
083020,Vilanova del Camí,Barcelona,2020,37,9,22,6,3,4,28,2,35,0,2,6,2,18,0,0,0,0,0
083020,Vilanova del Camí,Barcelona,2021,42,11,26,5,1,2,35,4,38,0,0,5,0,30,0,0,0,0,0
083020,Vilanova del Camí,Barcelona,2022,60,33,18,9,1,0,53,6,54,1,6,18,2,24,1,1,0,0,0
083020,Vilanova del Camí,Barcelona,2023,65,20,39,6,3,1,61,0,65,2,5,17,9,27,1,0,0,0,0
083036,Vilanova de Sau,Barcelona,2011,0,0,0,0,0,0,0,0,0,0,0,0,0,0,0,0,0,0,0
083036,Vilanova de Sau,Barcelona,2012,0,0,0,0,0,0,0,0,0,0,0,0,0,0,0,0,0,0,0
083036,Vilanova de Sau,Barcelona,2013,0,0,0,0,0,0,0,0,0,0,0,0,0,0,0,0,0,0,0
083036,Vilanova de Sau,Barcelona,2014,0,0,0,0,0,0,0,0,0,0,0,0,0,0,0,0,0,0,0
083036,Vilanova de Sau,Barcelona,2015,0,0,0,0,0,0,0,0,0,0,0,0,0,0,0,0,0,0,0
083036,Vilanova de Sau,Barcelona,2016,0,0,0,0,0,0,0,0,0,0,0,0,0,0,0,0,0,0,0
083036,Vilanova de Sau,Barcelona,2017,1,0,0,1,1,0,0,0,1,0,0,0,0,0,0,0,0,0,0
083036,Vilanova de Sau,Barcelona,2018,1,0,0,1,1,0,0,0,1,0,0,0,0,0,0,0,0,0,0
083036,Vilanova de Sau,Barcelona,2019,0,0,0,0,0,0,0,0,0,0,0,0,0,0,0,0,0,0,0
083036,Vilanova de Sau,Barcelona,2020,0,0,0,0,0,0,0,0,0,0,0,0,0,0,0,0,0,0,0
083036,Vilanova de Sau,Barcelona,2021,0,0,0,0,0,0,0,0,0,0,0,0,0,0,0,0,0,0,0
083041,Vilobí del Penedès,Barcelona,2011,7,0,2,5,3,0,4,0,7,0,1,2,0,1,0,0,0,0,0
083041,Vilobí del Penedès,Barcelona,2012,3,1,0,2,2,0,1,0,3,1,0,0,0,0,0,0,0,0,0
083041,Vilobí del Penedès,Barcelona,2013,2,1,0,1,1,0,1,0,2,0,0,0,0,0,1,0,0,0,0
083041,Vilobí del Penedès,Barcelona,2014,0,0,0,0,0,0,0,0,0,0,0,0,0,0,0,0,0,0,0
083041,Vilobí del Penedès,Barcelona,2015,4,1,1,2,1,0,3,0,4,0,0,1,0,1,1,0,0,0,0
083041,Vilobí del Penedès,Barcelona,2016,0,0,0,0,0,0,0,0,0,0,0,0,0,0,0,0,0,0,0
083041,Vilobí del Penedès,Barcelona,2017,0,0,0,0,0,0,0,0,0,0,0,0,0,0,0,0,0,0,0
083041,Vilobí del Penedès,Barcelona,2018,1,0,1,0,0,1,0,0,1,0,0,0,0,0,0,0,0,0,0
083041,Vilobí del Penedès,Barcelona,2019,4,1,1,2,0,2,2,0,4,2,0,0,0,0,0,0,0,0,0
083041,Vilobí del Penedès,Barcelona,2020,5,1,0,4,0,1,4,0,5,4,0,0,0,0,0,0,0,0,0
083041,Vilobí del Penedès,Barcelona,2021,0,0,0,0,0,0,0,0,0,0,0,0,0,0,0,0,0,0,0
083041,Vilobí del Penedès,Barcelona,2022,1,1,0,0,0,0,1,0,1,1,0,0,0,0,0,0,0,0,0
083054,Vilafranca del Penedès,Barcelona,2011,734,272,254,208,85,74,523,52,682,34,31,146,45,259,6,2,0,0,0
083054,Vilafranca del Penedès,Barcelona,2012,632,283,199,150,90,50,483,9,623,30,32,167,33,202,18,1,0,0,0
083054,Vilafranca del Penedès,Barcelona,2013,499,163,185,151,94,54,350,1,498,22,26,135,21,133,13,0,0,0,0
083054,Vilafranca del Penedès,Barcelona,2014,458,174,177,107,63,42,353,0,458,26,18,148,19,132,10,0,0,0,0
083054,Vilafranca del Penedès,Barcelona,2015,465,169,164,132,79,59,327,0,465,16,28,121,18,132,12,0,0,0,0
083054,Vilafranca del Penedès,Barcelona,2016,475,189,167,119,69,52,354,0,475,20,22,131,18,150,11,2,0,0,0
083054,Vilafranca del Penedès,Barcelona,2017,497,286,124,87,56,36,405,0,497,18,11,202,17,128,24,5,0,0,0
083054,Vilafranca del Penedès,Barcelona,2018,588,303,183,102,65,44,479,0,588,20,14,225,10,190,20,0,0,0,0
083054,Vilafranca del Penedès,Barcelona,2019,657,321,254,82,41,38,577,1,656,16,14,259,7,251,27,3,0,0,0
083054,Vilafranca del Penedès,Barcelona,2020,452,215,167,70,36,29,346,41,411,12,10,117,7,177,18,5,0,0,0
083054,Vilafranca del Penedès,Barcelona,2021,641,301,234,106,47,21,440,133,508,14,15,199,10,186,16,0,0,0,0
083054,Vilafranca del Penedès,Barcelona,2022,641,417,162,62,24,18,575,24,617,9,25,251,12,260,17,1,0,0,0
083054,Vilafranca del Penedès,Barcelona,2023,703,364,237,102,60,30,605,8,695,14,18,157,14,370,32,0,0,0,0
083067,Vilalba Sasserra,Barcelona,2011,8,1,4,3,0,2,6,0,8,0,0,0,0,6,0,0,0,0,0
083067,Vilalba Sasserra,Barcelona,2012,6,0,1,5,2,1,3,0,6,0,0,0,1,2,0,0,0,0,0
083067,Vilalba Sasserra,Barcelona,2013,9,0,0,9,2,1,6,0,9,0,0,0,3,3,0,0,0,0,0
083067,Vilalba Sasserra,Barcelona,2014,4,0,0,4,0,2,2,0,4,0,0,0,1,1,0,0,0,0,0
083067,Vilalba Sasserra,Barcelona,2015,4,0,2,2,2,1,1,0,4,0,1,0,0,0,0,0,0,0,0
083067,Vilalba Sasserra,Barcelona,2016,2,1,1,0,0,0,2,0,2,0,1,0,0,1,0,0,0,0,0
083067,Vilalba Sasserra,Barcelona,2017,3,0,3,0,0,0,3,0,3,0,1,0,0,2,0,0,0,0,0
083067,Vilalba Sasserra,Barcelona,2018,5,1,3,1,0,1,4,0,5,0,1,0,0,3,0,0,0,0,0
083067,Vilalba Sasserra,Barcelona,2019,8,5,3,0,0,1,7,0,8,0,0,1,0,6,0,0,0,0,0
083067,Vilalba Sasserra,Barcelona,2020,7,0,7,0,0,3,4,0,7,0,0,1,0,3,0,0,0,0,0
083067,Vilalba Sasserra,Barcelona,2021,9,0,6,3,0,3,6,0,9,2,1,1,0,2,0,0,0,0,0
083067,Vilalba Sasserra,Barcelona,2022,4,2,1,1,0,1,3,0,4,0,0,3,0,0,0,0,0,0,0
083067,Vilalba Sasserra,Barcelona,2023,3,1,1,1,0,0,3,0,3,0,1,2,0,0,0,0,0,0,0
083073,Vilanova i la Geltrú,Barcelona,2011,681,139,184,358,202,156,295,28,653,60,10,38,3,177,2,5,0,0,0
083073,Vilanova i la Geltrú,Barcelona,2012,667,207,187,273,143,154,360,10,657,54,7,64,6,217,10,2,0,0,0
083073,Vilanova i la Geltrú,Barcelona,2013,538,163,152,223,123,122,289,4,534,66,11,43,1,155,11,2,0,0,0
083073,Vilanova i la Geltrú,Barcelona,2014,484,123,145,216,118,111,254,1,483,50,21,45,14,115,7,2,0,0,0
083073,Vilanova i la Geltrú,Barcelona,2015,454,134,136,184,105,110,238,1,453,39,19,31,11,127,9,2,0,0,0
083073,Vilanova i la Geltrú,Barcelona,2016,464,136,142,186,116,98,249,1,463,36,14,58,7,120,11,3,0,0,0
083073,Vilanova i la Geltrú,Barcelona,2017,432,139,108,185,121,81,229,1,431,24,14,36,13,125,15,2,0,0,0
083073,Vilanova i la Geltrú,Barcelona,2018,489,142,159,188,117,79,293,0,489,34,15,39,16,180,8,1,0,0,0
083073,Vilanova i la Geltrú,Barcelona,2019,623,214,247,162,88,96,436,3,620,39,8,113,15,240,19,2,0,0,0
083073,Vilanova i la Geltrú,Barcelona,2020,436,121,165,150,65,60,282,29,407,26,5,63,10,168,9,1,0,0,0
083073,Vilanova i la Geltrú,Barcelona,2021,536,200,210,126,42,74,313,107,429,28,13,62,27,175,7,1,0,0,0
083073,Vilanova i la Geltrú,Barcelona,2022,542,210,226,106,43,72,402,25,517,25,42,75,13,235,9,3,0,0,0
083073,Vilanova i la Geltrú,Barcelona,2023,801,280,306,215,119,101,572,9,792,51,35,69,24,362,27,4,0,0,0
083089,Viver i Serrateix,Barcelona,2011,0,0,0,0,0,0,0,0,0,0,0,0,0,0,0,0,0,0,0
083089,Viver i Serrateix,Barcelona,2012,0,0,0,0,0,0,0,0,0,0,0,0,0,0,0,0,0,0,0
083089,Viver i Serrateix,Barcelona,2013,0,0,0,0,0,0,0,0,0,0,0,0,0,0,0,0,0,0,0
083089,Viver i Serrateix,Barcelona,2014,0,0,0,0,0,0,0,0,0,0,0,0,0,0,0,0,0,0,0
083089,Viver i Serrateix,Barcelona,2015,1,0,0,1,1,0,0,0,1,0,0,0,0,0,0,0,0,0,0
083089,Viver i Serrateix,Barcelona,2016,1,0,0,1,1,0,0,0,1,0,0,0,0,0,0,0,0,0,0
083089,Viver i Serrateix,Barcelona,2017,0,0,0,0,0,0,0,0,0,0,0,0,0,0,0,0,0,0,0
083089,Viver i Serrateix,Barcelona,2018,0,0,0,0,0,0,0,0,0,0,0,0,0,0,0,0,0,0,0
083089,Viver i Serrateix,Barcelona,2019,0,0,0,0,0,0,0,0,0,0,0,0,0,0,0,0,0,0,0
083089,Viver i Serrateix,Barcelona,2020,0,0,0,0,0,0,0,0,0,0,0,0,0,0,0,0,0,0,0
083089,Viver i Serrateix,Barcelona,2021,0,0,0,0,0,0,0,0,0,0,0,0,0,0,0,0,0,0,0
089019,Rupit i Pruit,Barcelona,2011,1,0,0,1,0,0,1,0,1,0,0,1,0,0,0,0,0,0,0
089019,Rupit i Pruit,Barcelona,2012,1,0,0,1,0,0,1,0,1,0,0,1,0,0,0,0,0,0,0
089019,Rupit i Pruit,Barcelona,2013,0,0,0,0,0,0,0,0,0,0,0,0,0,0,0,0,0,0,0
089019,Rupit i Pruit,Barcelona,2014,0,0,0,0,0,0,0,0,0,0,0,0,0,0,0,0,0,0,0
089019,Rupit i Pruit,Barcelona,2015,0,0,0,0,0,0,0,0,0,0,0,0,0,0,0,0,0,0,0
089019,Rupit i Pruit,Barcelona,2016,1,1,0,0,0,0,1,0,1,1,0,0,0,0,0,0,0,0,0
089019,Rupit i Pruit,Barcelona,2017,0,0,0,0,0,0,0,0,0,0,0,0,0,0,0,0,0,0,0
089019,Rupit i Pruit,Barcelona,2018,0,0,0,0,0,0,0,0,0,0,0,0,0,0,0,0,0,0,0
089019,Rupit i Pruit,Barcelona,2019,0,0,0,0,0,0,0,0,0,0,0,0,0,0,0,0,0,0,0
089019,Rupit i Pruit,Barcelona,2020,0,0,0,0,0,0,0,0,0,0,0,0,0,0,0,0,0,0,0
089019,Rupit i Pruit,Barcelona,2021,6,2,4,0,0,0,0,6,0,0,0,0,0,0,0,0,0,0,0
089024,Vilanova del Vallès,Barcelona,2011,61,22,9,30,25,17,16,3,58,2,0,0,1,7,6,0,0,0,0
089024,Vilanova del Vallès,Barcelona,2012,32,2,12,18,16,8,8,0,32,2,0,0,0,4,2,0,0,0,0
089024,Vilanova del Vallès,Barcelona,2013,31,1,12,18,13,7,9,2,29,3,1,0,0,3,2,0,0,0,0
089024,Vilanova del Vallès,Barcelona,2014,22,1,9,12,10,7,5,0,22,2,0,0,0,2,1,0,0,0,0
089024,Vilanova del Vallès,Barcelona,2015,14,2,5,7,4,5,5,0,14,0,0,0,0,5,0,0,0,0,0
089024,Vilanova del Vallès,Barcelona,2016,18,1,4,13,8,5,5,0,18,0,0,0,0,5,0,0,0,0,0
089024,Vilanova del Vallès,Barcelona,2017,12,2,1,9,4,1,7,0,12,0,1,1,0,3,2,0,0,0,0
089024,Vilanova del Vallès,Barcelona,2018,9,4,1,4,1,1,7,0,9,0,0,1,0,6,0,0,0,0,0
089024,Vilanova del Vallès,Barcelona,2019,43,22,12,9,3,4,36,0,43,0,2,16,4,14,0,0,0,0,0
089024,Vilanova del Vallès,Barcelona,2020,14,2,4,8,1,3,8,2,12,0,1,1,0,6,0,0,0,0,0
089024,Vilanova del Vallès,Barcelona,2021,19,7,5,7,1,5,4,9,10,0,0,3,0,1,0,0,0,0,0
089024,Vilanova del Vallès,Barcelona,2022,7,0,7,0,0,1,1,5,2,0,0,0,0,1,0,0,0,0,0
089024,Vilanova del Vallès,Barcelona,2023,9,1,3,5,4,3,2,0,9,0,0,0,1,1,0,0,0,0,0
089045,Badia del Vallès,Barcelona,2011,131,46,42,43,41,23,62,5,126,2,6,28,5,20,1,0,0,0,0
089045,Badia del Vallès,Barcelona,2012,133,49,58,26,35,31,67,0,133,5,6,21,7,26,2,0,0,0,0
089045,Badia del Vallès,Barcelona,2013,112,30,63,19,20,40,52,0,112,6,8,7,3,27,1,0,0,0,0
089045,Badia del Vallès,Barcelona,2014,104,20,49,35,34,40,30,0,104,2,2,2,2,20,2,0,0,0,0
089045,Badia del Vallès,Barcelona,2015,158,65,39,54,55,52,50,1,157,1,2,20,3,22,2,0,0,0,0
089045,Badia del Vallès,Barcelona,2016,152,44,47,61,47,29,75,1,151,3,4,28,7,33,0,0,0,0,0
089045,Badia del Vallès,Barcelona,2017,99,12,28,59,42,27,30,0,99,3,1,8,4,14,0,0,0,0,0
089045,Badia del Vallès,Barcelona,2018,115,41,18,56,36,19,60,0,115,4,2,22,5,27,0,0,0,0,0
089045,Badia del Vallès,Barcelona,2019,119,59,18,42,32,19,66,2,117,7,0,21,4,32,2,0,0,0,0
089045,Badia del Vallès,Barcelona,2020,63,20,23,20,17,2,43,1,62,4,0,14,3,19,3,0,0,0,0
089045,Badia del Vallès,Barcelona,2021,42,14,21,7,6,3,29,4,38,0,1,7,2,15,4,0,0,0,0
089045,Badia del Vallès,Barcelona,2022,81,34,26,21,15,12,45,9,72,0,1,4,3,34,3,0,0,0,0
089045,Badia del Vallès,Barcelona,2023,124,35,63,26,33,21,66,4,120,0,1,6,1,56,2,0,0,0,0
089058,la Palma de Cervelló,Barcelona,2011,43,6,2,35,28,5,9,1,42,1,0,0,0,8,0,0,0,0,0
089058,la Palma de Cervelló,Barcelona,2012,50,18,2,30,18,15,17,0,50,1,0,6,0,10,0,0,0,0,0
089058,la Palma de Cervelló,Barcelona,2013,47,22,21,4,2,18,27,0,47,3,0,3,1,18,2,0,0,0,0
089058,la Palma de Cervelló,Barcelona,2014,28,4,18,6,5,11,12,0,28,3,0,0,1,7,1,0,0,0,0
089058,la Palma de Cervelló,Barcelona,2015,36,7,18,11,13,9,14,0,36,4,3,0,0,6,1,0,0,0,0
089058,la Palma de Cervelló,Barcelona,2016,27,4,9,14,10,3,14,0,27,4,1,0,1,6,2,0,0,0,0
089058,la Palma de Cervelló,Barcelona,2017,41,10,4,27,15,8,18,0,41,5,0,2,0,11,0,0,0,0,0
089058,la Palma de Cervelló,Barcelona,2018,34,1,4,29,11,10,13,0,34,6,0,0,0,5,0,2,0,0,0
089058,la Palma de Cervelló,Barcelona,2019,37,13,2,22,16,3,18,0,37,7,0,4,1,6,0,0,0,0,0
089058,la Palma de Cervelló,Barcelona,2020,40,1,27,12,10,4,26,0,40,8,0,8,2,8,0,0,0,0,0
089058,la Palma de Cervelló,Barcelona,2021,24,8,13,3,7,4,13,0,24,1,0,2,0,10,0,0,0,0,0
089058,la Palma de Cervelló,Barcelona,2022,31,14,15,2,2,1,28,0,31,0,0,6,0,21,1,0,0,0,0
089058,la Palma de Cervelló,Barcelona,2023,54,16,29,9,11,2,41,0,54,3,1,8,0,28,1,0,0,0,0
170010,Agullana,Girona,2011,10,0,7,3,1,2,6,1,9,2,0,3,0,1,0,0,0,0,0
170010,Agullana,Girona,2012,3,2,1,0,0,0,3,0,3,0,1,1,1,0,0,0,0,0,0
170010,Agullana,Girona,2013,3,3,0,0,1,0,2,0,3,1,0,0,1,0,0,0,0,0,0
170010,Agullana,Girona,2014,0,0,0,0,0,0,0,0,0,0,0,0,0,0,0,0,0,0,0
170010,Agullana,Girona,2015,0,0,0,0,0,0,0,0,0,0,0,0,0,0,0,0,0,0,0
170010,Agullana,Girona,2016,2,1,1,0,0,2,0,0,2,0,0,0,0,0,0,0,0,0,0
170010,Agullana,Girona,2017,6,4,0,2,0,3,3,0,6,0,0,0,1,1,1,0,0,0,0
170010,Agullana,Girona,2018,6,4,0,2,0,3,3,0,6,0,0,0,1,1,1,0,0,0,0
170010,Agullana,Girona,2019,3,0,1,2,0,3,0,0,3,0,0,0,0,0,0,0,0,0,0
170010,Agullana,Girona,2020,3,0,2,1,0,3,0,0,3,0,0,0,0,0,0,0,0,0,0
170010,Agullana,Girona,2021,10,5,2,3,0,5,2,3,7,0,0,0,0,2,0,0,0,0,0
170010,Agullana,Girona,2022,5,0,1,4,0,5,0,0,5,0,0,0,0,0,0,0,0,0,0
170010,Agullana,Girona,2023,3,0,0,3,0,3,0,0,3,0,0,0,0,0,0,0,0,0,0
170025,Aiguaviva,Girona,2011,2,0,0,2,0,2,0,0,2,0,0,0,0,0,0,0,0,0,0
170025,Aiguaviva,Girona,2012,1,0,1,0,0,0,1,0,1,0,0,0,0,1,0,0,0,0,0
170025,Aiguaviva,Girona,2013,2,0,1,1,0,1,1,0,2,0,0,0,0,1,0,0,0,0,0
170025,Aiguaviva,Girona,2014,0,0,0,0,0,0,0,0,0,0,0,0,0,0,0,0,0,0,0
170025,Aiguaviva,Girona,2015,0,0,0,0,0,0,0,0,0,0,0,0,0,0,0,0,0,0,0
170025,Aiguaviva,Girona,2016,2,0,0,2,2,0,0,0,2,0,0,0,0,0,0,0,0,0,0
170025,Aiguaviva,Girona,2017,1,0,0,1,1,0,0,0,1,0,0,0,0,0,0,0,0,0,0
170025,Aiguaviva,Girona,2018,0,0,0,0,0,0,0,0,0,0,0,0,0,0,0,0,0,0,0
170025,Aiguaviva,Girona,2019,2,2,0,0,0,0,2,0,2,0,0,0,0,2,0,0,0,0,0
170025,Aiguaviva,Girona,2020,0,0,0,0,0,0,0,0,0,0,0,0,0,0,0,0,0,0,0
170025,Aiguaviva,Girona,2021,6,5,0,1,0,0,0,6,0,0,0,0,0,0,0,0,0,0,0
170025,Aiguaviva,Girona,2022,1,0,1,0,0,0,1,0,1,0,0,0,0,1,0,0,0,0,0
170025,Aiguaviva,Girona,2023,1,0,1,0,0,0,1,0,1,0,0,0,0,1,0,0,0,0,0
170031,Albanyà,Girona,2011,0,0,0,0,0,0,0,0,0,0,0,0,0,0,0,0,0,0,0
170031,Albanyà,Girona,2012,0,0,0,0,0,0,0,0,0,0,0,0,0,0,0,0,0,0,0
170031,Albanyà,Girona,2013,0,0,0,0,0,0,0,0,0,0,0,0,0,0,0,0,0,0,0
170031,Albanyà,Girona,2014,0,0,0,0,0,0,0,0,0,0,0,0,0,0,0,0,0,0,0
170031,Albanyà,Girona,2015,0,0,0,0,0,0,0,0,0,0,0,0,0,0,0,0,0,0,0
170031,Albanyà,Girona,2016,1,0,0,1,1,0,0,0,1,0,0,0,0,0,0,0,0,0,0
170031,Albanyà,Girona,2017,0,0,0,0,0,0,0,0,0,0,0,0,0,0,0,0,0,0,0
170031,Albanyà,Girona,2018,0,0,0,0,0,0,0,0,0,0,0,0,0,0,0,0,0,0,0
170031,Albanyà,Girona,2019,0,0,0,0,0,0,0,0,0,0,0,0,0,0,0,0,0,0,0
170031,Albanyà,Girona,2020,1,0,1,0,0,0,1,0,1,1,0,0,0,0,0,0,0,0,0
170031,Albanyà,Girona,2021,0,0,0,0,0,0,0,0,0,0,0,0,0,0,0,0,0,0,0
170031,Albanyà,Girona,2022,1,1,0,0,0,0,1,0,1,1,0,0,0,0,0,0,0,0,0
170046,Albons,Girona,2011,7,1,2,4,2,1,3,1,6,3,0,0,0,0,0,0,0,0,0
170046,Albons,Girona,2012,4,0,1,3,1,2,1,0,4,1,0,0,0,0,0,0,0,0,0
170046,Albons,Girona,2013,2,2,0,0,0,0,2,0,2,0,2,0,0,0,0,0,0,0,0
170046,Albons,Girona,2014,5,2,2,1,1,0,4,0,5,0,2,0,0,2,0,0,0,0,0
170046,Albons,Girona,2015,5,0,2,3,3,0,2,0,5,1,0,0,0,0,1,0,0,0,0
170046,Albons,Girona,2016,5,2,3,0,0,0,5,0,5,4,0,0,0,1,0,0,0,0,0
170046,Albons,Girona,2017,8,5,1,2,0,0,8,0,8,5,0,0,1,2,0,0,0,0,0
170046,Albons,Girona,2018,2,0,1,1,0,0,2,0,2,1,0,0,0,1,0,0,0,0,0
170046,Albons,Girona,2019,1,0,0,1,0,0,0,1,0,0,0,0,0,0,0,0,0,0,0
170046,Albons,Girona,2020,3,1,0,2,0,0,0,3,0,0,0,0,0,0,0,0,0,0,0
170046,Albons,Girona,2021,4,0,0,4,0,3,0,1,3,0,0,0,0,0,0,0,0,0,0
170046,Albons,Girona,2022,2,0,0,2,1,0,0,1,1,0,0,0,0,0,0,0,0,0,0
170046,Albons,Girona,2023,3,2,0,1,0,1,2,0,3,1,0,0,0,1,0,0,0,0,0
170059,el Far d'Empordà,Girona,2011,7,1,4,2,2,1,4,0,7,0,0,2,0,2,0,0,0,0,0
170059,el Far d'Empordà,Girona,2012,9,1,4,4,3,4,2,0,9,0,0,0,0,2,0,0,0,0,0
170059,el Far d'Empordà,Girona,2013,2,0,2,0,0,1,1,0,2,0,0,0,0,1,0,0,0,0,0
170059,el Far d'Empordà,Girona,2014,0,0,0,0,0,0,0,0,0,0,0,0,0,0,0,0,0,0,0
170059,el Far d'Empordà,Girona,2015,1,1,0,0,0,0,1,0,1,0,0,0,0,0,1,0,0,0,0
170059,el Far d'Empordà,Girona,2016,0,0,0,0,0,0,0,0,0,0,0,0,0,0,0,0,0,0,0
170059,el Far d'Empordà,Girona,2017,2,1,1,0,1,0,1,0,2,0,0,0,0,1,0,0,0,0,0
170059,el Far d'Empordà,Girona,2018,0,0,0,0,0,0,0,0,0,0,0,0,0,0,0,0,0,0,0
170059,el Far d'Empordà,Girona,2019,1,0,1,0,0,0,1,0,1,0,0,0,0,1,0,0,0,0,0
170059,el Far d'Empordà,Girona,2020,15,15,0,0,0,0,15,0,15,0,0,1,1,9,4,0,0,0,0
170059,el Far d'Empordà,Girona,2021,2,0,2,0,0,0,2,0,2,0,0,0,1,0,1,0,0,0,0
170059,el Far d'Empordà,Girona,2022,4,2,0,2,1,0,2,1,3,0,0,0,0,0,0,2,0,0,0
170059,el Far d'Empordà,Girona,2023,5,4,0,1,1,1,3,0,5,0,0,0,0,2,1,0,0,0,0
170062,Alp,Girona,2011,13,2,5,6,1,2,10,0,13,1,1,0,0,8,0,0,0,0,0
170062,Alp,Girona,2012,9,1,4,4,3,2,4,0,9,0,0,0,0,4,0,0,0,0,0
170062,Alp,Girona,2013,5,0,2,3,0,1,4,0,5,0,0,0,0,4,0,0,0,0,0
170062,Alp,Girona,2014,3,1,2,0,0,0,3,0,3,0,0,0,0,3,0,0,0,0,0
170062,Alp,Girona,2015,4,0,1,3,1,1,2,0,4,1,0,0,0,1,0,0,0,0,0
170062,Alp,Girona,2016,1,0,0,1,1,0,0,0,1,0,0,0,0,0,0,0,0,0,0
170062,Alp,Girona,2017,5,0,1,4,1,1,3,0,5,0,0,0,0,3,0,0,0,0,0
170062,Alp,Girona,2018,3,0,0,3,0,3,0,0,3,0,0,0,0,0,0,0,0,0,0
170062,Alp,Girona,2019,5,4,0,1,0,1,4,0,5,0,0,0,0,4,0,0,0,0,0
170062,Alp,Girona,2020,7,1,6,0,0,0,6,1,6,0,0,0,0,6,0,0,0,0,0
170062,Alp,Girona,2021,8,5,3,0,0,0,7,1,7,0,0,0,0,7,0,0,0,0,0
170062,Alp,Girona,2022,8,4,4,0,0,0,8,0,8,0,0,0,0,8,0,0,0,0,0
170062,Alp,Girona,2023,7,3,2,2,2,1,4,0,7,0,0,0,0,4,0,0,0,0,0
170078,Amer,Girona,2011,31,4,25,2,1,1,27,2,29,2,2,7,0,14,2,0,0,0,0
170078,Amer,Girona,2012,4,0,4,0,0,0,4,0,4,1,3,0,0,0,0,0,0,0,0
170078,Amer,Girona,2013,1,1,0,0,0,0,1,0,1,0,0,0,0,1,0,0,0,0,0
170078,Amer,Girona,2014,1,0,1,0,0,0,1,0,1,0,0,0,0,1,0,0,0,0,0
170078,Amer,Girona,2015,6,1,2,3,1,1,4,0,6,1,0,0,0,1,2,0,0,0,0
170078,Amer,Girona,2016,15,3,0,12,11,1,2,1,14,1,1,0,0,0,0,0,0,0,0
170078,Amer,Girona,2017,15,1,4,10,9,3,1,2,13,0,1,0,0,0,0,0,0,0,0
170078,Amer,Girona,2018,5,1,3,1,1,2,1,1,4,0,1,0,0,0,0,0,0,0,0
170078,Amer,Girona,2019,11,8,3,0,0,1,10,0,11,0,2,2,0,2,4,0,0,0,0
170078,Amer,Girona,2020,7,0,7,0,0,0,7,0,7,0,0,3,0,2,2,0,0,0,0
170078,Amer,Girona,2021,5,1,3,1,0,0,3,2,3,0,0,0,0,2,1,0,0,0,0
170078,Amer,Girona,2022,2,2,0,0,0,0,2,0,2,0,0,0,0,1,1,0,0,0,0
170078,Amer,Girona,2023,8,2,4,2,2,0,6,0,8,0,0,0,0,5,1,0,0,0,0
170084,Anglès,Girona,2011,60,39,10,11,7,2,50,1,59,1,0,29,1,8,11,0,0,0,0
170084,Anglès,Girona,2012,75,28,39,8,3,2,68,2,73,1,0,36,0,5,26,0,0,0,0
170084,Anglès,Girona,2013,33,20,4,9,4,3,24,2,31,1,0,17,0,2,4,0,0,0,0
170084,Anglès,Girona,2014,25,19,4,2,3,0,21,1,24,0,7,5,0,0,9,0,0,0,0
170084,Anglès,Girona,2015,53,23,26,4,2,1,50,0,53,0,9,10,0,8,23,0,0,0,0
170084,Anglès,Girona,2016,62,22,38,2,3,1,58,0,62,4,12,10,0,15,17,0,0,0,0
170084,Anglès,Girona,2017,64,31,29,4,5,0,59,0,64,0,14,14,0,11,20,0,0,0,0
170084,Anglès,Girona,2018,70,31,36,3,2,0,68,0,70,0,22,16,0,16,14,0,0,0,0
170084,Anglès,Girona,2019,92,43,46,3,2,1,89,0,92,0,13,35,0,22,19,0,0,0,0
170084,Anglès,Girona,2020,26,7,16,3,2,1,20,3,23,0,6,5,0,5,4,0,0,0,0
170084,Anglès,Girona,2021,60,26,25,9,0,3,30,27,33,0,2,11,1,13,3,0,0,0,0
170084,Anglès,Girona,2022,43,18,18,7,1,1,26,15,28,0,1,13,0,11,1,0,0,0,0
170084,Anglès,Girona,2023,37,12,23,2,1,2,31,3,34,0,3,8,0,11,9,0,0,0,0
170097,Arbúcies,Girona,2011,135,43,70,22,10,3,121,1,134,18,2,53,14,16,18,0,0,0,0
170097,Arbúcies,Girona,2012,163,50,76,37,18,9,136,0,163,14,5,65,19,9,24,0,0,0,0
170097,Arbúcies,Girona,2013,142,89,53,0,5,2,135,0,142,4,0,86,14,10,20,1,0,0,0
170097,Arbúcies,Girona,2014,178,92,57,29,12,2,164,0,178,9,3,104,14,17,16,1,0,0,0
170097,Arbúcies,Girona,2015,116,51,57,8,4,4,108,0,116,7,3,61,7,8,22,0,0,0,0
170097,Arbúcies,Girona,2016,114,50,62,2,1,1,111,1,113,5,3,73,1,1,28,0,0,0,0
170097,Arbúcies,Girona,2017,131,89,39,3,2,3,126,0,131,3,4,87,3,2,26,1,0,0,0
170097,Arbúcies,Girona,2018,165,61,104,0,0,8,157,0,165,9,3,95,7,15,27,1,0,0,0
170097,Arbúcies,Girona,2019,123,67,51,5,5,6,112,0,123,5,1,71,7,18,10,0,0,0,0
170097,Arbúcies,Girona,2020,102,18,79,5,3,0,99,0,102,5,0,65,2,16,10,1,0,0,0
170097,Arbúcies,Girona,2021,141,59,77,5,4,0,129,8,133,6,4,89,3,9,18,0,0,0,0
170097,Arbúcies,Girona,2022,167,87,80,0,0,1,162,4,163,5,3,113,7,23,11,0,0,0,0
170097,Arbúcies,Girona,2023,195,103,91,1,1,3,190,1,194,1,9,139,3,26,12,0,0,0,0
170101,Argelaguer,Girona,2011,2,0,0,2,1,1,0,0,2,0,0,0,0,0,0,0,0,0,0
170101,Argelaguer,Girona,2012,4,0,0,4,1,2,0,1,3,0,0,0,0,0,0,0,0,0,0
170101,Argelaguer,Girona,2013,1,0,0,1,0,1,0,0,1,0,0,0,0,0,0,0,0,0,0
170101,Argelaguer,Girona,2014,0,0,0,0,0,0,0,0,0,0,0,0,0,0,0,0,0,0,0
170101,Argelaguer,Girona,2015,0,0,0,0,0,0,0,0,0,0,0,0,0,0,0,0,0,0,0
170101,Argelaguer,Girona,2016,0,0,0,0,0,0,0,0,0,0,0,0,0,0,0,0,0,0,0
170101,Argelaguer,Girona,2017,3,2,1,0,0,0,3,0,3,0,1,0,0,2,0,0,0,0,0
170101,Argelaguer,Girona,2018,3,0,3,0,0,0,3,0,3,0,1,0,0,2,0,0,0,0,0
170101,Argelaguer,Girona,2019,3,0,1,2,1,0,2,0,3,1,0,0,0,1,0,0,0,0,0
170101,Argelaguer,Girona,2020,6,0,0,6,5,0,1,0,6,1,0,0,0,0,0,0,0,0,0
170101,Argelaguer,Girona,2021,0,0,0,0,0,0,0,0,0,0,0,0,0,0,0,0,0,0,0
170118,l'Armentera,Girona,2011,3,1,1,1,1,0,2,0,3,1,0,1,0,0,0,0,0,0,0
170118,l'Armentera,Girona,2012,3,0,3,0,0,0,3,0,3,2,0,1,0,0,0,0,0,0,0
170118,l'Armentera,Girona,2013,1,1,0,0,0,0,1,0,1,1,0,0,0,0,0,0,0,0,0
170118,l'Armentera,Girona,2014,1,0,1,0,0,0,1,0,1,1,0,0,0,0,0,0,0,0,0
170118,l'Armentera,Girona,2015,5,5,0,0,0,0,5,0,5,2,0,1,1,1,0,0,0,0,0
170118,l'Armentera,Girona,2016,1,1,0,0,0,0,1,0,1,0,0,1,0,0,0,0,0,0,0
170118,l'Armentera,Girona,2017,9,9,0,0,0,0,9,0,9,0,0,8,0,1,0,0,0,0,0
170118,l'Armentera,Girona,2018,0,0,0,0,0,0,0,0,0,0,0,0,0,0,0,0,0,0,0
170118,l'Armentera,Girona,2019,3,3,0,0,0,0,3,0,3,0,0,2,1,0,0,0,0,0,0
170118,l'Armentera,Girona,2020,2,2,0,0,0,0,2,0,2,0,0,0,2,0,0,0,0,0,0
170118,l'Armentera,Girona,2021,2,0,1,1,0,0,1,1,1,0,0,0,1,0,0,0,0,0,0
170118,l'Armentera,Girona,2022,6,2,0,4,1,2,1,2,4,0,0,1,0,0,0,0,0,0,0
170118,l'Armentera,Girona,2023,3,0,2,1,1,2,0,0,3,0,0,0,0,0,0,0,0,0,0
170123,Avinyonet de Puigventós,Girona,2011,5,2,1,2,2,0,3,0,5,0,2,0,0,1,0,0,0,0,0
170123,Avinyonet de Puigventós,Girona,2012,8,1,4,3,3,2,3,0,8,0,3,0,0,0,0,0,0,0,0
170123,Avinyonet de Puigventós,Girona,2013,6,0,1,5,4,0,2,0,6,0,2,0,0,0,0,0,0,0,0
170123,Avinyonet de Puigventós,Girona,2014,5,1,0,4,3,1,1,0,5,0,1,0,0,0,0,0,0,0,0
170123,Avinyonet de Puigventós,Girona,2015,2,0,0,2,1,0,1,0,2,0,0,0,0,1,0,0,0,0,0
170123,Avinyonet de Puigventós,Girona,2016,5,2,0,3,2,0,3,0,5,0,0,0,0,3,0,0,0,0,0
170123,Avinyonet de Puigventós,Girona,2017,2,0,0,2,2,0,0,0,2,0,0,0,0,0,0,0,0,0,0
170123,Avinyonet de Puigventós,Girona,2018,4,1,1,2,2,0,2,0,4,0,0,0,0,2,0,0,0,0,0
170123,Avinyonet de Puigventós,Girona,2019,4,0,1,3,2,0,2,0,4,0,0,0,0,2,0,0,0,0,0
170123,Avinyonet de Puigventós,Girona,2020,2,0,0,2,2,0,0,0,2,0,0,0,0,0,0,0,0,0,0
170123,Avinyonet de Puigventós,Girona,2021,0,0,0,0,0,0,0,0,0,0,0,0,0,0,0,0,0,0,0
170123,Avinyonet de Puigventós,Girona,2022,1,1,0,0,0,0,1,0,1,0,0,0,0,1,0,0,0,0,0
170123,Avinyonet de Puigventós,Girona,2023,2,0,1,1,0,1,1,0,2,0,0,0,0,1,0,0,0,0,0
170139,Begur,Girona,2011,30,5,7,18,3,5,21,1,29,9,0,0,0,11,1,0,0,0,0
170139,Begur,Girona,2012,23,4,8,11,2,0,21,0,23,10,2,1,0,5,1,2,0,0,0
170139,Begur,Girona,2013,7,0,3,4,0,0,7,0,7,5,0,0,0,1,0,1,0,0,0
170139,Begur,Girona,2014,9,1,3,5,0,0,8,1,8,5,0,1,0,2,0,0,0,0,0
170139,Begur,Girona,2015,12,5,2,5,0,0,12,0,12,6,1,2,0,3,0,0,0,0,0
170139,Begur,Girona,2016,16,4,6,6,0,0,16,0,16,9,2,1,0,4,0,0,0,0,0
170139,Begur,Girona,2017,33,15,8,10,1,0,30,2,31,11,2,0,0,17,0,0,0,0,0
170139,Begur,Girona,2018,24,11,7,6,0,2,20,2,22,8,3,0,0,9,0,0,0,0,0
170139,Begur,Girona,2019,35,13,14,8,2,1,30,2,33,12,3,2,0,13,0,0,0,0,0
170139,Begur,Girona,2020,15,3,11,1,0,1,13,1,14,7,1,4,0,1,0,0,0,0,0
170139,Begur,Girona,2021,14,8,2,4,1,0,7,6,8,1,0,0,0,6,0,0,0,0,0
170139,Begur,Girona,2022,20,5,7,8,0,3,6,11,9,2,0,0,0,4,0,0,0,0,0
170139,Begur,Girona,2023,21,4,9,8,4,0,14,3,18,5,0,0,0,6,0,3,0,0,0
170157,Banyoles,Girona,2011,204,54,74,76,27,24,151,2,202,14,9,32,30,62,1,3,0,0,0
170157,Banyoles,Girona,2012,81,25,17,39,17,8,56,0,81,4,2,23,7,19,1,0,0,0,0
170157,Banyoles,Girona,2013,19,0,1,18,9,3,7,0,19,0,0,0,0,7,0,0,0,0,0
170157,Banyoles,Girona,2014,53,40,0,13,7,5,41,0,53,1,1,19,15,4,1,0,0,0,0
170157,Banyoles,Girona,2015,56,43,3,10,2,6,48,0,56,1,0,13,14,18,2,0,0,0,0
170157,Banyoles,Girona,2016,78,33,26,19,10,9,59,0,78,1,2,13,12,28,3,0,0,0,0
170157,Banyoles,Girona,2017,73,20,37,16,10,4,59,0,73,2,1,17,4,31,4,0,0,0,0
170157,Banyoles,Girona,2018,77,31,26,20,9,11,57,0,77,3,0,19,5,28,2,0,0,0,0
170157,Banyoles,Girona,2019,142,67,44,31,17,13,112,0,142,5,0,18,11,77,1,0,0,0,0
170157,Banyoles,Girona,2020,65,13,42,10,7,6,52,0,65,1,0,10,1,39,1,0,0,0,0
170157,Banyoles,Girona,2021,106,37,45,24,17,5,61,23,83,0,0,6,3,51,1,0,0,0,0
170157,Banyoles,Girona,2022,129,75,35,19,8,9,103,9,120,3,11,13,2,73,1,0,0,0,0
170157,Banyoles,Girona,2023,145,48,66,31,8,18,112,7,138,6,5,16,5,77,3,0,0,0,0
170160,Bàscara,Girona,2011,5,0,3,2,1,0,4,0,5,4,0,0,0,0,0,0,0,0,0
170160,Bàscara,Girona,2012,4,1,0,3,0,0,4,0,4,3,0,0,0,1,0,0,0,0,0
170160,Bàscara,Girona,2013,3,0,1,2,0,0,3,0,3,2,0,0,0,1,0,0,0,0,0
170160,Bàscara,Girona,2014,1,0,0,1,0,0,1,0,1,1,0,0,0,0,0,0,0,0,0
170160,Bàscara,Girona,2015,0,0,0,0,0,0,0,0,0,0,0,0,0,0,0,0,0,0,0
170160,Bàscara,Girona,2016,1,1,0,0,0,1,0,0,1,0,0,0,0,0,0,0,0,0,0
170160,Bàscara,Girona,2017,1,1,0,0,0,0,1,0,1,0,0,0,0,1,0,0,0,0,0
170160,Bàscara,Girona,2018,1,1,0,0,0,0,1,0,1,1,0,0,0,0,0,0,0,0,0
170160,Bàscara,Girona,2019,4,0,4,0,0,0,4,0,4,3,0,0,0,0,1,0,0,0,0
170160,Bàscara,Girona,2020,2,1,1,0,0,0,2,0,2,2,0,0,0,0,0,0,0,0,0
170160,Bàscara,Girona,2021,2,1,1,0,0,0,0,2,0,0,0,0,0,0,0,0,0,0,0
170160,Bàscara,Girona,2022,8,5,3,0,0,0,5,3,5,0,3,0,0,2,0,0,0,0,0
170160,Bàscara,Girona,2023,9,0,8,1,1,1,6,1,8,1,3,0,0,2,0,0,0,0,0
170182,Bellcaire d'Empordà,Girona,2011,4,0,1,3,3,0,1,0,4,0,0,0,0,0,0,1,0,0,0
170182,Bellcaire d'Empordà,Girona,2012,4,0,0,4,4,0,0,0,4,0,0,0,0,0,0,0,0,0,0
170182,Bellcaire d'Empordà,Girona,2013,3,0,1,2,2,0,1,0,3,1,0,0,0,0,0,0,0,0,0
170182,Bellcaire d'Empordà,Girona,2014,6,3,3,0,0,0,6,0,6,1,2,0,0,2,1,0,0,0,0
170182,Bellcaire d'Empordà,Girona,2015,2,0,2,0,0,0,2,0,2,0,1,0,0,1,0,0,0,0,0
170182,Bellcaire d'Empordà,Girona,2016,4,2,2,0,1,1,2,0,4,0,0,0,0,2,0,0,0,0,0
170182,Bellcaire d'Empordà,Girona,2017,4,1,3,0,1,1,2,0,4,0,0,1,0,1,0,0,0,0,0
170182,Bellcaire d'Empordà,Girona,2018,2,0,1,1,1,1,0,0,2,0,0,0,0,0,0,0,0,0,0
170182,Bellcaire d'Empordà,Girona,2019,9,0,2,7,7,2,0,0,9,0,0,0,0,0,0,0,0,0,0
170182,Bellcaire d'Empordà,Girona,2020,1,1,0,0,0,0,1,0,1,0,0,1,0,0,0,0,0,0,0
170182,Bellcaire d'Empordà,Girona,2021,1,1,0,0,0,0,0,1,0,0,0,0,0,0,0,0,0,0,0
170182,Bellcaire d'Empordà,Girona,2022,1,1,0,0,0,0,0,1,0,0,0,0,0,0,0,0,0,0,0
170182,Bellcaire d'Empordà,Girona,2023,4,2,2,0,0,2,2,0,4,0,0,1,1,0,0,0,0,0,0
170195,Besalú,Girona,2011,6,1,2,3,2,0,4,0,6,1,0,2,0,1,0,0,0,0,0
170195,Besalú,Girona,2012,4,0,1,3,1,0,3,0,4,0,0,1,0,2,0,0,0,0,0
170195,Besalú,Girona,2013,5,1,1,3,2,0,3,0,5,1,0,0,0,2,0,0,0,0,0
170195,Besalú,Girona,2014,5,1,1,3,2,0,3,0,5,1,0,0,0,2,0,0,0,0,0
170195,Besalú,Girona,2015,3,0,2,1,0,0,3,0,3,1,0,0,0,2,0,0,0,0,0
170195,Besalú,Girona,2016,1,0,1,0,0,0,1,0,1,1,0,0,0,0,0,0,0,0,0
170195,Besalú,Girona,2017,1,1,0,0,0,0,1,0,1,0,0,1,0,0,0,0,0,0,0
170195,Besalú,Girona,2018,5,0,4,1,1,0,4,0,5,2,0,2,0,0,0,0,0,0,0
170195,Besalú,Girona,2019,31,15,12,4,1,0,30,0,31,6,0,3,1,20,0,0,0,0,0
170195,Besalú,Girona,2020,18,0,17,1,0,0,18,0,18,4,0,2,0,12,0,0,0,0,0
170195,Besalú,Girona,2021,11,6,2,3,3,0,0,8,3,0,0,0,0,0,0,0,0,0,0
170195,Besalú,Girona,2022,13,7,6,0,0,0,9,4,9,0,3,2,0,4,0,0,0,0,0
170195,Besalú,Girona,2023,6,1,3,2,1,0,5,0,6,0,3,0,0,2,0,0,0,0,0
170209,Bescanó,Girona,2011,29,1,10,18,10,5,14,0,29,0,3,2,0,9,0,0,0,0,0
170209,Bescanó,Girona,2012,14,1,4,9,8,1,5,0,14,0,1,0,0,4,0,0,0,0,0
170209,Bescanó,Girona,2013,10,0,2,8,5,2,3,0,10,0,0,0,0,3,0,0,0,0,0
170209,Bescanó,Girona,2014,4,0,0,4,2,2,0,0,4,0,0,0,0,0,0,0,0,0,0
170209,Bescanó,Girona,2015,6,1,3,2,3,0,3,0,6,3,0,0,0,0,0,0,0,0,0
170209,Bescanó,Girona,2016,10,1,2,7,7,1,2,0,10,0,0,2,0,0,0,0,0,0,0
170209,Bescanó,Girona,2017,13,1,3,9,9,0,4,0,13,0,0,0,2,2,0,0,0,0,0
170209,Bescanó,Girona,2018,17,5,8,4,2,1,14,0,17,1,0,2,2,9,0,0,0,0,0
170209,Bescanó,Girona,2019,20,2,8,10,5,2,13,0,20,2,0,0,5,6,0,0,0,0,0
170209,Bescanó,Girona,2020,12,0,2,10,8,0,4,0,12,1,0,0,1,2,0,0,0,0,0
170209,Bescanó,Girona,2021,13,2,2,9,6,1,0,6,7,0,0,0,0,0,0,0,0,0,0
170209,Bescanó,Girona,2022,21,4,12,5,4,1,5,11,10,0,0,0,1,4,0,0,0,0,0
170209,Bescanó,Girona,2023,16,1,9,6,5,0,3,8,8,0,2,0,0,1,0,0,0,0,0
170216,Beuda,Girona,2011,0,0,0,0,0,0,0,0,0,0,0,0,0,0,0,0,0,0,0
170216,Beuda,Girona,2012,1,1,0,0,0,0,1,0,1,0,0,0,0,0,1,0,0,0,0
170216,Beuda,Girona,2013,0,0,0,0,0,0,0,0,0,0,0,0,0,0,0,0,0,0,0
170216,Beuda,Girona,2014,0,0,0,0,0,0,0,0,0,0,0,0,0,0,0,0,0,0,0
170216,Beuda,Girona,2015,0,0,0,0,0,0,0,0,0,0,0,0,0,0,0,0,0,0,0
170216,Beuda,Girona,2016,0,0,0,0,0,0,0,0,0,0,0,0,0,0,0,0,0,0,0
170216,Beuda,Girona,2017,0,0,0,0,0,0,0,0,0,0,0,0,0,0,0,0,0,0,0
170216,Beuda,Girona,2018,0,0,0,0,0,0,0,0,0,0,0,0,0,0,0,0,0,0,0
170216,Beuda,Girona,2019,0,0,0,0,0,0,0,0,0,0,0,0,0,0,0,0,0,0,0
170216,Beuda,Girona,2020,0,0,0,0,0,0,0,0,0,0,0,0,0,0,0,0,0,0,0
170216,Beuda,Girona,2021,0,0,0,0,0,0,0,0,0,0,0,0,0,0,0,0,0,0,0
170221,la Bisbal d'Empordà,Girona,2011,390,102,211,77,42,20,317,11,379,35,7,179,21,69,6,0,0,0,0
170221,la Bisbal d'Empordà,Girona,2012,324,114,169,41,29,24,267,4,320,23,8,150,22,55,9,0,0,0,0
170221,la Bisbal d'Empordà,Girona,2013,299,92,149,58,32,14,253,0,299,18,1,143,20,63,7,1,0,0,0
170221,la Bisbal d'Empordà,Girona,2014,240,82,111,47,15,9,216,0,240,16,2,118,13,59,7,1,0,0,0
170221,la Bisbal d'Empordà,Girona,2015,197,99,86,12,7,10,180,0,197,6,3,112,9,40,8,2,0,0,0
170221,la Bisbal d'Empordà,Girona,2016,202,92,97,13,8,8,186,0,202,7,4,110,16,40,8,1,0,0,0
170221,la Bisbal d'Empordà,Girona,2017,210,96,86,28,13,13,180,4,206,7,6,87,16,58,6,0,0,0,0
170221,la Bisbal d'Empordà,Girona,2018,216,104,105,7,4,8,204,0,216,10,7,79,12,89,6,1,0,0,0
170221,la Bisbal d'Empordà,Girona,2019,299,118,159,22,9,13,277,0,299,22,7,98,12,129,8,1,0,0,0
170221,la Bisbal d'Empordà,Girona,2020,191,77,92,22,9,7,174,1,190,9,3,69,4,86,3,0,0,0,0
170221,la Bisbal d'Empordà,Girona,2021,230,92,90,48,19,11,177,23,207,13,8,36,3,112,5,0,0,0,0
170221,la Bisbal d'Empordà,Girona,2022,395,260,103,32,11,11,352,21,374,5,86,112,16,114,18,1,0,0,0
170221,la Bisbal d'Empordà,Girona,2023,541,320,201,20,9,12,514,6,535,12,56,168,33,233,12,0,0,0,0
170237,Blanes,Girona,2011,857,261,341,255,155,168,532,2,855,75,47,43,110,242,14,1,0,0,0
170237,Blanes,Girona,2012,768,269,303,196,124,126,517,1,767,64,55,62,122,192,21,1,0,0,0
170237,Blanes,Girona,2013,729,291,299,139,84,110,532,3,726,68,33,70,138,191,32,0,0,0,0
170237,Blanes,Girona,2014,566,189,230,147,87,96,383,0,566,36,34,46,86,166,13,2,0,0,0
170237,Blanes,Girona,2015,516,209,204,103,62,70,384,0,516,43,34,45,63,183,14,2,0,0,0
170237,Blanes,Girona,2016,461,189,177,95,52,73,336,0,461,35,41,43,37,171,9,0,0,0,0
170237,Blanes,Girona,2017,457,170,219,68,40,69,345,3,454,39,38,38,27,190,12,1,0,0,0
170237,Blanes,Girona,2018,480,173,216,91,61,63,356,0,480,35,42,25,23,214,13,4,0,0,0
170237,Blanes,Girona,2019,686,275,314,97,64,62,557,3,683,41,36,58,60,349,11,2,0,0,0
170237,Blanes,Girona,2020,510,167,250,93,41,44,418,7,503,34,37,49,33,258,7,0,0,0,0
170237,Blanes,Girona,2021,569,155,308,106,39,46,388,96,473,29,41,59,31,221,7,0,0,0,0
170237,Blanes,Girona,2022,590,282,202,106,38,51,390,111,479,21,79,38,27,211,14,0,0,0,0
170237,Blanes,Girona,2023,728,281,353,94,48,46,600,34,694,41,128,51,28,338,14,0,0,0,0
170242,Bolvir,Girona,2011,1,0,1,0,0,0,1,0,1,0,0,1,0,0,0,0,0,0,0
170242,Bolvir,Girona,2012,1,1,0,0,0,0,1,0,1,0,0,0,0,1,0,0,0,0,0
170242,Bolvir,Girona,2013,1,0,0,1,0,0,1,0,1,1,0,0,0,0,0,0,0,0,0
170242,Bolvir,Girona,2014,0,0,0,0,0,0,0,0,0,0,0,0,0,0,0,0,0,0,0
170242,Bolvir,Girona,2015,1,1,0,0,0,0,1,0,1,0,0,0,0,1,0,0,0,0,0
170242,Bolvir,Girona,2016,2,2,0,0,0,0,2,0,2,0,0,0,0,1,1,0,0,0,0
170242,Bolvir,Girona,2017,1,0,1,0,0,0,1,0,1,0,0,0,0,0,1,0,0,0,0
170242,Bolvir,Girona,2018,0,0,0,0,0,0,0,0,0,0,0,0,0,0,0,0,0,0,0
170242,Bolvir,Girona,2019,2,1,1,0,0,0,2,0,2,0,0,0,0,2,0,0,0,0,0
170242,Bolvir,Girona,2020,1,0,1,0,0,0,1,0,1,0,0,0,0,1,0,0,0,0,0
170242,Bolvir,Girona,2021,4,0,1,3,2,0,2,0,4,0,1,0,0,1,0,0,0,0,0
170242,Bolvir,Girona,2023,9,3,2,4,5,1,3,0,9,0,0,0,0,3,0,0,0,0,0
170255,Bordils,Girona,2011,21,15,2,4,1,1,19,0,21,3,0,4,10,2,0,0,0,0,0
170255,Bordils,Girona,2012,17,11,0,6,4,2,11,0,17,0,0,3,8,0,0,0,0,0,0
170255,Bordils,Girona,2013,4,1,1,2,2,0,2,0,4,0,0,0,1,0,0,1,0,0,0
170255,Bordils,Girona,2014,2,0,1,1,1,0,1,0,2,0,0,0,0,1,0,0,0,0,0
170255,Bordils,Girona,2015,5,2,1,2,2,0,3,0,5,0,0,2,0,1,0,0,0,0,0
170255,Bordils,Girona,2016,5,0,1,4,4,0,1,0,5,0,0,1,0,0,0,0,0,0,0
170255,Bordils,Girona,2017,5,1,2,2,2,0,3,0,5,0,0,2,1,0,0,0,0,0,0
170255,Bordils,Girona,2018,1,0,0,1,1,0,0,0,1,0,0,0,0,0,0,0,0,0,0
170255,Bordils,Girona,2019,12,7,0,5,5,0,7,0,12,0,0,3,2,2,0,0,0,0,0
170255,Bordils,Girona,2020,6,4,1,1,1,0,5,0,6,2,0,0,0,3,0,0,0,0,0
170255,Bordils,Girona,2021,6,3,3,0,0,0,4,2,4,0,0,1,1,2,0,0,0,0,0
170255,Bordils,Girona,2022,63,22,30,11,0,1,4,58,5,0,0,0,1,3,0,0,0,0,0
170255,Bordils,Girona,2023,34,9,20,5,0,7,12,15,19,3,3,2,0,4,0,0,0,0,0
170268,Borrassà,Girona,2011,5,0,4,1,0,4,1,0,5,0,0,0,0,1,0,0,0,0,0
170268,Borrassà,Girona,2012,0,0,0,0,0,0,0,0,0,0,0,0,0,0,0,0,0,0,0
170268,Borrassà,Girona,2013,0,0,0,0,0,0,0,0,0,0,0,0,0,0,0,0,0,0,0
170268,Borrassà,Girona,2014,0,0,0,0,0,0,0,0,0,0,0,0,0,0,0,0,0,0,0
170268,Borrassà,Girona,2015,1,1,0,0,0,1,0,0,1,0,0,0,0,0,0,0,0,0,0
170268,Borrassà,Girona,2016,2,0,2,0,0,1,1,0,2,0,0,0,0,1,0,0,0,0,0
170268,Borrassà,Girona,2017,4,1,3,0,0,0,4,0,4,0,0,0,0,4,0,0,0,0,0
170268,Borrassà,Girona,2018,3,0,2,1,0,0,3,0,3,0,0,0,0,3,0,0,0,0,0
170268,Borrassà,Girona,2019,2,0,1,1,0,0,2,0,2,0,0,0,0,2,0,0,0,0,0
170268,Borrassà,Girona,2020,1,0,1,0,0,0,1,0,1,1,0,0,0,0,0,0,0,0,0
170268,Borrassà,Girona,2021,0,0,0,0,0,0,0,0,0,0,0,0,0,0,0,0,0,0,0
170274,Breda,Girona,2011,66,0,42,24,21,2,42,1,65,0,0,3,26,11,2,0,0,0,0
170274,Breda,Girona,2012,9,2,0,7,5,0,4,0,9,0,0,1,1,2,0,0,0,0,0
170274,Breda,Girona,2013,7,0,2,5,4,0,3,0,7,0,0,1,0,2,0,0,0,0,0
170274,Breda,Girona,2014,11,5,2,4,2,1,8,0,11,1,0,0,0,7,0,0,0,0,0
170274,Breda,Girona,2015,12,2,5,5,2,1,9,0,12,2,0,0,1,5,1,0,0,0,0
170274,Breda,Girona,2016,12,9,1,2,1,2,9,0,12,0,0,0,1,8,0,0,0,0,0
170274,Breda,Girona,2017,4,1,0,3,3,1,0,0,4,0,0,0,0,0,0,0,0,0,0
170274,Breda,Girona,2018,35,15,18,2,3,7,25,0,35,0,0,11,3,8,3,0,0,0,0
170274,Breda,Girona,2019,32,8,20,4,4,2,26,0,32,0,0,7,9,9,1,0,0,0,0
170274,Breda,Girona,2020,6,0,6,0,0,0,6,0,6,0,0,1,4,1,0,0,0,0,0
170274,Breda,Girona,2021,7,6,1,0,0,0,3,4,3,0,0,0,0,3,0,0,0,0,0
170274,Breda,Girona,2022,14,6,6,2,1,2,8,3,11,1,0,2,2,3,0,0,0,0,0
170274,Breda,Girona,2023,11,6,5,0,0,2,6,3,8,1,0,0,0,5,0,0,0,0,0
170280,Brunyola i Sant Martí Sapresa,Girona,2011,2,0,0,2,0,1,0,1,1,0,0,0,0,0,0,0,0,0,0
170280,Brunyola i Sant Martí Sapresa,Girona,2012,1,0,0,1,0,1,0,0,1,0,0,0,0,0,0,0,0,0,0
170280,Brunyola i Sant Martí Sapresa,Girona,2013,0,0,0,0,0,0,0,0,0,0,0,0,0,0,0,0,0,0,0
170280,Brunyola i Sant Martí Sapresa,Girona,2014,0,0,0,0,0,0,0,0,0,0,0,0,0,0,0,0,0,0,0
170280,Brunyola i Sant Martí Sapresa,Girona,2015,0,0,0,0,0,0,0,0,0,0,0,0,0,0,0,0,0,0,0
170280,Brunyola i Sant Martí Sapresa,Girona,2016,0,0,0,0,0,0,0,0,0,0,0,0,0,0,0,0,0,0,0
170280,Brunyola i Sant Martí Sapresa,Girona,2017,0,0,0,0,0,0,0,0,0,0,0,0,0,0,0,0,0,0,0
170280,Brunyola i Sant Martí Sapresa,Girona,2018,0,0,0,0,0,0,0,0,0,0,0,0,0,0,0,0,0,0,0
170280,Brunyola i Sant Martí Sapresa,Girona,2019,0,0,0,0,0,0,0,0,0,0,0,0,0,0,0,0,0,0,0
170280,Brunyola i Sant Martí Sapresa,Girona,2020,0,0,0,0,0,0,0,0,0,0,0,0,0,0,0,0,0,0,0
170280,Brunyola i Sant Martí Sapresa,Girona,2021,5,4,1,0,0,0,5,0,5,0,0,5,0,0,0,0,0,0,0
170280,Brunyola i Sant Martí Sapresa,Girona,2022,2,0,2,0,0,0,2,0,2,0,0,2,0,0,0,0,0,0,0
170280,Brunyola i Sant Martí Sapresa,Girona,2023,2,0,1,1,1,0,1,0,2,0,0,1,0,0,0,0,0,0,0
170293,Boadella i les Escaules,Girona,2011,4,1,3,0,0,0,4,0,4,1,0,0,0,3,0,0,0,0,0
170293,Boadella i les Escaules,Girona,2012,5,1,4,0,0,0,5,0,5,1,0,0,0,4,0,0,0,0,0
170293,Boadella i les Escaules,Girona,2013,1,0,1,0,0,0,1,0,1,0,1,0,0,0,0,0,0,0,0
170293,Boadella i les Escaules,Girona,2014,2,0,2,0,0,0,2,0,2,0,2,0,0,0,0,0,0,0,0
170293,Boadella i les Escaules,Girona,2015,1,0,1,0,0,0,1,0,1,0,1,0,0,0,0,0,0,0,0
170293,Boadella i les Escaules,Girona,2016,0,0,0,0,0,0,0,0,0,0,0,0,0,0,0,0,0,0,0
170293,Boadella i les Escaules,Girona,2017,1,0,0,1,0,0,1,0,1,0,0,1,0,0,0,0,0,0,0
170293,Boadella i les Escaules,Girona,2018,0,0,0,0,0,0,0,0,0,0,0,0,0,0,0,0,0,0,0
170293,Boadella i les Escaules,Girona,2019,2,2,0,0,0,0,2,0,2,0,0,0,0,2,0,0,0,0,0
170293,Boadella i les Escaules,Girona,2020,1,0,1,0,0,0,1,0,1,0,0,0,0,1,0,0,0,0,0
170293,Boadella i les Escaules,Girona,2021,0,0,0,0,0,0,0,0,0,0,0,0,0,0,0,0,0,0,0
170307,Cabanes,Girona,2011,4,1,1,2,0,0,4,0,4,0,0,1,1,2,0,0,0,0,0
170307,Cabanes,Girona,2012,3,1,1,1,0,0,3,0,3,1,0,0,0,2,0,0,0,0,0
170307,Cabanes,Girona,2013,4,0,2,2,2,0,2,0,4,1,0,0,0,1,0,0,0,0,0
170307,Cabanes,Girona,2014,1,0,0,1,1,0,0,0,1,0,0,0,0,0,0,0,0,0,0
170307,Cabanes,Girona,2015,1,1,0,0,0,0,1,0,1,0,0,1,0,0,0,0,0,0,0
170307,Cabanes,Girona,2016,3,0,2,1,1,0,2,0,3,2,0,0,0,0,0,0,0,0,0
170307,Cabanes,Girona,2017,6,1,3,2,2,0,4,0,6,4,0,0,0,0,0,0,0,0,0
170307,Cabanes,Girona,2018,3,1,2,0,0,0,3,0,3,2,0,1,0,0,0,0,0,0,0
170307,Cabanes,Girona,2019,17,17,0,0,0,0,17,0,17,0,0,14,0,3,0,0,0,0,0
170307,Cabanes,Girona,2020,2,1,1,0,0,0,2,0,2,0,0,1,0,1,0,0,0,0,0
170307,Cabanes,Girona,2021,3,1,2,0,0,0,2,1,2,0,0,2,0,0,0,0,0,0,0
170307,Cabanes,Girona,2022,2,1,1,0,0,0,2,0,2,0,0,0,0,2,0,0,0,0,0
170307,Cabanes,Girona,2023,1,0,1,0,0,0,1,0,1,0,0,0,0,1,0,0,0,0,0
170314,Cabanelles,Girona,2011,0,0,0,0,0,0,0,0,0,0,0,0,0,0,0,0,0,0,0
170314,Cabanelles,Girona,2012,0,0,0,0,0,0,0,0,0,0,0,0,0,0,0,0,0,0,0
170314,Cabanelles,Girona,2013,1,1,0,0,0,0,1,0,1,0,0,0,0,1,0,0,0,0,0
170314,Cabanelles,Girona,2014,2,0,2,0,0,0,2,0,2,0,0,0,0,2,0,0,0,0,0
170314,Cabanelles,Girona,2015,2,0,1,1,1,0,1,0,2,0,0,0,0,1,0,0,0,0,0
170314,Cabanelles,Girona,2016,1,0,0,1,1,0,0,0,1,0,0,0,0,0,0,0,0,0,0
170314,Cabanelles,Girona,2017,0,0,0,0,0,0,0,0,0,0,0,0,0,0,0,0,0,0,0
170314,Cabanelles,Girona,2018,2,1,1,0,0,0,2,0,2,0,0,0,0,2,0,0,0,0,0
170314,Cabanelles,Girona,2019,2,1,1,0,0,0,2,0,2,0,0,0,0,2,0,0,0,0,0
170314,Cabanelles,Girona,2020,3,1,2,0,0,0,2,1,2,0,0,0,0,2,0,0,0,0,0
170314,Cabanelles,Girona,2021,3,2,1,0,0,0,1,2,1,0,0,0,0,1,0,0,0,0,0
170314,Cabanelles,Girona,2022,2,0,2,0,0,0,2,0,2,0,0,0,0,2,0,0,0,0,0
170314,Cabanelles,Girona,2023,2,1,1,0,0,0,2,0,2,1,0,0,0,1,0,0,0,0,0
170329,Cadaqués,Girona,2011,8,3,0,5,3,0,5,0,8,3,1,0,0,1,0,0,0,0,0
170329,Cadaqués,Girona,2012,10,0,6,4,2,0,8,0,10,6,2,0,0,0,0,0,0,0,0
170329,Cadaqués,Girona,2013,11,0,9,2,0,0,11,0,11,9,0,0,0,2,0,0,0,0,0
170329,Cadaqués,Girona,2014,7,2,3,2,0,0,7,0,7,5,0,0,0,2,0,0,0,0,0
170329,Cadaqués,Girona,2015,4,0,1,3,1,0,3,0,4,2,0,0,0,1,0,0,0,0,0
170329,Cadaqués,Girona,2016,1,1,0,0,0,0,1,0,1,0,0,0,0,1,0,0,0,0,0
170329,Cadaqués,Girona,2017,27,23,2,2,1,0,25,1,26,7,0,11,0,7,0,0,0,0,0
170329,Cadaqués,Girona,2018,35,15,16,4,3,0,32,0,35,7,1,19,0,5,0,0,0,0,0
170329,Cadaqués,Girona,2019,18,17,1,0,0,1,17,0,18,7,0,3,0,7,0,0,0,0,0
170329,Cadaqués,Girona,2020,10,0,10,0,0,2,8,0,10,5,0,0,0,3,0,0,0,0,0
170329,Cadaqués,Girona,2021,16,5,7,4,0,3,3,10,6,0,0,0,0,3,0,0,0,0,0
170329,Cadaqués,Girona,2022,10,2,5,3,1,1,6,2,8,0,0,3,0,3,0,0,0,0,0
170329,Cadaqués,Girona,2023,39,7,24,8,16,6,17,0,39,2,2,2,0,10,0,1,0,0,0
170335,Caldes de Malavella,Girona,2011,57,18,17,22,11,7,38,1,56,6,5,3,0,24,0,0,0,0,0
170335,Caldes de Malavella,Girona,2012,39,3,23,13,3,4,32,0,39,5,8,3,0,16,0,0,0,0,0
170335,Caldes de Malavella,Girona,2013,39,24,4,11,4,5,29,1,38,9,0,1,0,17,2,0,0,0,0
170335,Caldes de Malavella,Girona,2014,31,3,23,5,4,10,14,3,28,2,2,1,0,8,1,0,0,0,0
170335,Caldes de Malavella,Girona,2015,20,5,9,6,4,4,11,1,19,7,0,0,0,3,1,0,0,0,0
170335,Caldes de Malavella,Girona,2016,28,13,10,5,0,6,21,1,27,5,0,2,2,9,3,0,0,0,0
170335,Caldes de Malavella,Girona,2017,24,2,17,5,0,3,21,0,24,5,0,3,0,11,2,0,0,0,0
170335,Caldes de Malavella,Girona,2018,22,3,13,6,0,1,21,0,22,5,0,3,0,11,2,0,0,0,0
170335,Caldes de Malavella,Girona,2019,64,15,34,15,7,6,50,1,63,8,4,5,1,30,2,0,0,0,0
170335,Caldes de Malavella,Girona,2020,27,2,17,8,2,3,19,3,24,2,3,2,1,10,1,0,0,0,0
170335,Caldes de Malavella,Girona,2021,17,0,8,9,0,3,12,2,15,0,4,0,0,8,0,0,0,0,0
170335,Caldes de Malavella,Girona,2022,15,4,5,6,2,1,12,0,15,1,2,0,0,9,0,0,0,0,0
170335,Caldes de Malavella,Girona,2023,30,10,13,7,0,5,25,0,30,1,1,4,0,18,1,0,0,0,0
170340,Calonge i Sant Antoni,Girona,2011,176,57,77,42,28,19,128,1,175,30,13,27,1,55,1,1,0,0,0
170340,Calonge i Sant Antoni,Girona,2012,189,62,80,47,24,22,143,0,189,37,11,27,1,61,5,1,0,0,0
170340,Calonge i Sant Antoni,Girona,2013,174,48,90,36,18,19,137,0,174,32,10,30,1,59,5,0,0,0,0
170340,Calonge i Sant Antoni,Girona,2014,144,49,77,18,8,12,124,0,144,33,8,32,2,44,4,1,0,0,0
170340,Calonge i Sant Antoni,Girona,2015,122,53,58,11,7,12,103,0,122,30,19,27,3,22,1,1,0,0,0
170340,Calonge i Sant Antoni,Girona,2016,113,26,73,14,7,7,99,0,113,24,17,26,2,28,2,0,0,0,0
170340,Calonge i Sant Antoni,Girona,2017,75,25,38,12,7,2,66,0,75,13,10,16,0,27,0,0,0,0,0
170340,Calonge i Sant Antoni,Girona,2018,105,45,42,18,12,7,86,0,105,14,12,26,0,34,0,0,0,0,0
170340,Calonge i Sant Antoni,Girona,2019,186,84,69,33,15,19,152,0,186,19,19,39,0,69,5,1,0,0,0
170340,Calonge i Sant Antoni,Girona,2020,124,51,54,19,6,8,109,1,123,18,22,23,0,44,2,0,0,0,0
170340,Calonge i Sant Antoni,Girona,2021,94,21,62,11,1,1,83,9,85,19,15,12,0,33,3,1,0,0,0
170340,Calonge i Sant Antoni,Girona,2022,129,75,39,15,3,6,112,8,121,12,37,16,0,32,14,1,0,0,0
170340,Calonge i Sant Antoni,Girona,2023,173,63,103,7,3,5,161,4,169,11,54,22,2,62,6,4,0,0,0
170353,Camós,Girona,2011,2,0,0,2,2,0,0,0,2,0,0,0,0,0,0,0,0,0,0
170353,Camós,Girona,2012,1,0,0,1,0,0,1,0,1,0,0,0,0,0,0,1,0,0,0
170353,Camós,Girona,2013,1,0,0,1,0,0,1,0,1,0,0,0,0,0,0,1,0,0,0
170353,Camós,Girona,2014,1,0,0,1,0,0,1,0,1,0,0,0,0,0,0,1,0,0,0
170353,Camós,Girona,2015,0,0,0,0,0,0,0,0,0,0,0,0,0,0,0,0,0,0,0
170353,Camós,Girona,2016,0,0,0,0,0,0,0,0,0,0,0,0,0,0,0,0,0,0,0
170353,Camós,Girona,2017,0,0,0,0,0,0,0,0,0,0,0,0,0,0,0,0,0,0,0
170353,Camós,Girona,2018,2,1,1,0,0,0,2,0,2,0,0,0,0,2,0,0,0,0,0
170353,Camós,Girona,2019,1,0,1,0,0,0,1,0,1,0,0,0,0,1,0,0,0,0,0
170353,Camós,Girona,2020,0,0,0,0,0,0,0,0,0,0,0,0,0,0,0,0,0,0,0
170353,Camós,Girona,2021,0,0,0,0,0,0,0,0,0,0,0,0,0,0,0,0,0,0,0
170366,Campdevànol,Girona,2011,1,0,0,1,1,0,0,0,1,0,0,0,0,0,0,0,0,0,0
170366,Campdevànol,Girona,2012,2,0,0,2,1,0,1,0,2,0,0,0,0,1,0,0,0,0,0
170366,Campdevànol,Girona,2013,1,0,0,1,1,0,0,0,1,0,0,0,0,0,0,0,0,0,0
170366,Campdevànol,Girona,2014,0,0,0,0,0,0,0,0,0,0,0,0,0,0,0,0,0,0,0
170366,Campdevànol,Girona,2015,0,0,0,0,0,0,0,0,0,0,0,0,0,0,0,0,0,0,0
170366,Campdevànol,Girona,2016,2,0,0,2,0,1,1,0,2,0,0,0,0,1,0,0,0,0,0
170366,Campdevànol,Girona,2017,5,1,0,4,1,1,3,0,5,0,0,0,0,3,0,0,0,0,0
170366,Campdevànol,Girona,2018,6,2,0,4,2,1,3,0,6,0,0,1,0,2,0,0,0,0,0
170366,Campdevànol,Girona,2019,3,0,3,0,0,1,2,0,3,0,0,2,0,0,0,0,0,0,0
170366,Campdevànol,Girona,2020,2,1,1,0,0,0,2,0,2,0,0,0,0,2,0,0,0,0,0
170366,Campdevànol,Girona,2021,4,1,3,0,0,0,2,2,2,0,0,0,0,2,0,0,0,0,0
170366,Campdevànol,Girona,2022,10,5,4,1,1,0,8,1,9,0,1,4,0,3,0,0,0,0,0
170366,Campdevànol,Girona,2023,9,2,5,2,1,0,8,0,9,0,0,4,0,4,0,0,0,0,0
170372,Campelles,Girona,2011,0,0,0,0,0,0,0,0,0,0,0,0,0,0,0,0,0,0,0
170372,Campelles,Girona,2012,0,0,0,0,0,0,0,0,0,0,0,0,0,0,0,0,0,0,0
170372,Campelles,Girona,2013,0,0,0,0,0,0,0,0,0,0,0,0,0,0,0,0,0,0,0
170372,Campelles,Girona,2014,0,0,0,0,0,0,0,0,0,0,0,0,0,0,0,0,0,0,0
170372,Campelles,Girona,2015,0,0,0,0,0,0,0,0,0,0,0,0,0,0,0,0,0,0,0
170372,Campelles,Girona,2016,0,0,0,0,0,0,0,0,0,0,0,0,0,0,0,0,0,0,0
170372,Campelles,Girona,2017,0,0,0,0,0,0,0,0,0,0,0,0,0,0,0,0,0,0,0
170372,Campelles,Girona,2018,0,0,0,0,0,0,0,0,0,0,0,0,0,0,0,0,0,0,0
170372,Campelles,Girona,2019,0,0,0,0,0,0,0,0,0,0,0,0,0,0,0,0,0,0,0
170372,Campelles,Girona,2020,0,0,0,0,0,0,0,0,0,0,0,0,0,0,0,0,0,0,0
170372,Campelles,Girona,2021,2,2,0,0,0,0,1,1,1,0,0,0,0,1,0,0,0,0,0
170388,Campllong,Girona,2011,2,0,0,2,0,0,2,0,2,0,0,0,0,2,0,0,0,0,0
170388,Campllong,Girona,2012,3,1,0,2,0,1,2,0,3,0,0,0,0,2,0,0,0,0,0
170388,Campllong,Girona,2013,0,0,0,0,0,0,0,0,0,0,0,0,0,0,0,0,0,0,0
170388,Campllong,Girona,2014,1,0,0,1,1,0,0,0,1,0,0,0,0,0,0,0,0,0,0
170388,Campllong,Girona,2015,2,1,0,1,1,0,1,0,2,0,0,0,0,1,0,0,0,0,0
170388,Campllong,Girona,2016,2,1,0,1,0,0,2,0,2,1,1,0,0,0,0,0,0,0,0
170388,Campllong,Girona,2017,2,0,1,1,0,0,2,0,2,1,1,0,0,0,0,0,0,0,0
170388,Campllong,Girona,2018,3,2,1,0,0,0,3,0,3,0,0,0,0,2,1,0,0,0,0
170388,Campllong,Girona,2019,2,1,1,0,0,0,2,0,2,0,0,0,0,2,0,0,0,0,0
170388,Campllong,Girona,2020,1,0,1,0,0,0,1,0,1,0,1,0,0,0,0,0,0,0,0
170388,Campllong,Girona,2021,0,0,0,0,0,0,0,0,0,0,0,0,0,0,0,0,0,0,0
170388,Campllong,Girona,2022,2,1,0,1,1,0,1,0,2,0,0,0,0,1,0,0,0,0,0
170388,Campllong,Girona,2023,2,1,1,0,0,1,1,0,2,0,0,0,0,1,0,0,0,0,0
170391,Camprodon,Girona,2011,2,0,1,1,1,0,1,0,2,0,0,0,0,1,0,0,0,0,0
170391,Camprodon,Girona,2012,7,3,2,2,2,0,2,3,4,2,0,0,0,0,0,0,0,0,0
170391,Camprodon,Girona,2013,5,0,2,3,2,1,1,1,4,1,0,0,0,0,0,0,0,0,0
170391,Camprodon,Girona,2014,2,1,0,1,1,0,0,1,1,0,0,0,0,0,0,0,0,0,0
170391,Camprodon,Girona,2015,2,0,1,1,1,0,1,0,2,1,0,0,0,0,0,0,0,0,0
170391,Camprodon,Girona,2016,0,0,0,0,0,0,0,0,0,0,0,0,0,0,0,0,0,0,0
170391,Camprodon,Girona,2017,3,0,0,3,3,0,0,0,3,0,0,0,0,0,0,0,0,0,0
170391,Camprodon,Girona,2018,23,15,5,3,1,1,21,0,23,1,0,2,0,18,0,0,0,0,0
170391,Camprodon,Girona,2019,31,29,0,2,1,0,30,0,31,0,0,3,0,27,0,0,0,0,0
170391,Camprodon,Girona,2020,26,12,9,5,5,0,21,0,26,1,0,2,0,18,0,0,0,0,0
170391,Camprodon,Girona,2021,27,3,22,2,0,0,27,0,27,3,0,0,0,24,0,0,0,0,0
170391,Camprodon,Girona,2022,56,47,5,4,1,0,54,1,55,0,2,4,0,48,0,0,0,0,0
170391,Camprodon,Girona,2023,26,18,6,2,0,0,26,0,26,0,0,5,0,21,0,0,0,0,0
170405,Canet d'Adri,Girona,2011,3,0,0,3,1,0,2,0,3,0,0,0,0,0,0,2,0,0,0
170405,Canet d'Adri,Girona,2012,1,0,0,1,1,0,0,0,1,0,0,0,0,0,0,0,0,0,0
170405,Canet d'Adri,Girona,2013,3,2,0,1,0,1,2,0,3,1,0,0,0,0,0,1,0,0,0
170405,Canet d'Adri,Girona,2014,7,2,4,1,1,2,4,0,7,2,0,0,0,0,0,2,0,0,0
170405,Canet d'Adri,Girona,2015,6,0,4,2,0,2,4,0,6,3,0,0,0,1,0,0,0,0,0
170405,Canet d'Adri,Girona,2016,4,0,0,4,0,2,2,0,4,0,0,0,0,2,0,0,0,0,0
170405,Canet d'Adri,Girona,2017,3,1,2,0,0,0,3,0,3,1,0,1,0,1,0,0,0,0,0
170405,Canet d'Adri,Girona,2018,3,0,2,1,0,1,2,0,3,2,0,0,0,0,0,0,0,0,0
170405,Canet d'Adri,Girona,2019,32,14,14,4,1,1,30,0,32,3,0,22,3,2,0,0,0,0,0
170405,Canet d'Adri,Girona,2020,7,0,3,4,3,0,4,0,7,1,0,2,0,1,0,0,0,0,0
170405,Canet d'Adri,Girona,2021,32,24,4,4,0,0,0,32,0,0,0,0,0,0,0,0,0,0,0
170405,Canet d'Adri,Girona,2022,62,12,42,8,1,0,2,59,3,0,0,1,0,1,0,0,0,0,0
170405,Canet d'Adri,Girona,2023,23,6,11,6,1,0,9,13,10,2,2,1,0,4,0,0,0,0,0
170412,Cantallops,Girona,2011,0,0,0,0,0,0,0,0,0,0,0,0,0,0,0,0,0,0,0
170412,Cantallops,Girona,2012,5,3,1,1,1,0,4,0,5,4,0,0,0,0,0,0,0,0,0
170412,Cantallops,Girona,2013,3,1,1,1,1,0,2,0,3,1,0,0,0,1,0,0,0,0,0
170412,Cantallops,Girona,2014,0,0,0,0,0,0,0,0,0,0,0,0,0,0,0,0,0,0,0
170412,Cantallops,Girona,2015,0,0,0,0,0,0,0,0,0,0,0,0,0,0,0,0,0,0,0
170412,Cantallops,Girona,2016,0,0,0,0,0,0,0,0,0,0,0,0,0,0,0,0,0,0,0
170412,Cantallops,Girona,2017,0,0,0,0,0,0,0,0,0,0,0,0,0,0,0,0,0,0,0
170412,Cantallops,Girona,2018,0,0,0,0,0,0,0,0,0,0,0,0,0,0,0,0,0,0,0
170412,Cantallops,Girona,2019,2,0,0,2,0,0,2,0,2,2,0,0,0,0,0,0,0,0,0
170412,Cantallops,Girona,2020,0,0,0,0,0,0,0,0,0,0,0,0,0,0,0,0,0,0,0
170412,Cantallops,Girona,2021,2,2,0,0,0,0,0,2,0,0,0,0,0,0,0,0,0,0,0
170412,Cantallops,Girona,2023,1,1,0,0,0,0,1,0,1,0,0,0,0,1,0,0,0,0,0
170427,Capmany,Girona,2011,4,0,1,3,3,0,0,1,3,0,0,0,0,0,0,0,0,0,0
170427,Capmany,Girona,2012,7,3,3,1,0,2,5,0,7,4,0,0,0,1,0,0,0,0,0
170427,Capmany,Girona,2013,5,1,1,3,0,4,1,0,5,0,0,0,0,1,0,0,0,0,0
170427,Capmany,Girona,2014,4,0,1,3,0,4,0,0,4,0,0,0,0,0,0,0,0,0,0
170427,Capmany,Girona,2015,4,0,1,3,0,3,1,0,4,0,0,0,0,1,0,0,0,0,0
170427,Capmany,Girona,2016,2,0,2,0,0,0,2,0,2,0,0,0,0,2,0,0,0,0,0
170427,Capmany,Girona,2017,0,0,0,0,0,0,0,0,0,0,0,0,0,0,0,0,0,0,0
170427,Capmany,Girona,2018,1,1,0,0,0,0,1,0,1,0,0,1,0,0,0,0,0,0,0
170427,Capmany,Girona,2019,0,0,0,0,0,0,0,0,0,0,0,0,0,0,0,0,0,0,0
170427,Capmany,Girona,2020,0,0,0,0,0,0,0,0,0,0,0,0,0,0,0,0,0,0,0
170427,Capmany,Girona,2021,0,0,0,0,0,0,0,0,0,0,0,0,0,0,0,0,0,0,0
170433,Queralbs,Girona,2011,0,0,0,0,0,0,0,0,0,0,0,0,0,0,0,0,0,0,0
170433,Queralbs,Girona,2012,0,0,0,0,0,0,0,0,0,0,0,0,0,0,0,0,0,0,0
170433,Queralbs,Girona,2013,0,0,0,0,0,0,0,0,0,0,0,0,0,0,0,0,0,0,0
170433,Queralbs,Girona,2014,0,0,0,0,0,0,0,0,0,0,0,0,0,0,0,0,0,0,0
170433,Queralbs,Girona,2015,0,0,0,0,0,0,0,0,0,0,0,0,0,0,0,0,0,0,0
170433,Queralbs,Girona,2016,1,0,0,1,1,0,0,0,1,0,0,0,0,0,0,0,0,0,0
170433,Queralbs,Girona,2017,0,0,0,0,0,0,0,0,0,0,0,0,0,0,0,0,0,0,0
170433,Queralbs,Girona,2018,1,0,1,0,0,0,1,0,1,0,0,0,0,1,0,0,0,0,0
170433,Queralbs,Girona,2019,2,0,2,0,0,0,2,0,2,0,0,0,0,2,0,0,0,0,0
170433,Queralbs,Girona,2020,0,0,0,0,0,0,0,0,0,0,0,0,0,0,0,0,0,0,0
170433,Queralbs,Girona,2021,0,0,0,0,0,0,0,0,0,0,0,0,0,0,0,0,0,0,0
170448,Cassà de la Selva,Girona,2011,294,163,95,36,26,14,252,2,292,20,14,47,113,55,3,0,0,0,0
170448,Cassà de la Selva,Girona,2012,171,105,52,14,10,6,154,1,170,23,3,39,57,22,10,0,0,0,0
170448,Cassà de la Selva,Girona,2013,94,56,29,9,7,4,83,0,94,12,3,19,22,19,8,0,0,0,0
170448,Cassà de la Selva,Girona,2014,88,53,24,11,7,3,78,0,88,7,2,11,31,23,4,0,0,0,0
170448,Cassà de la Selva,Girona,2015,89,45,33,11,5,4,78,2,87,13,0,16,25,21,2,1,0,0,0
170448,Cassà de la Selva,Girona,2016,89,42,36,11,8,6,74,1,88,10,4,8,15,36,0,1,0,0,0
170448,Cassà de la Selva,Girona,2017,80,31,29,20,12,6,61,1,79,5,0,8,19,26,3,0,0,0,0
170448,Cassà de la Selva,Girona,2018,88,39,43,6,3,3,81,1,87,5,1,20,12,39,4,0,0,0,0
170448,Cassà de la Selva,Girona,2019,76,38,24,14,10,2,64,0,76,7,3,14,4,33,3,0,0,0,0
170448,Cassà de la Selva,Girona,2020,38,17,17,4,1,7,30,0,38,2,1,6,1,16,4,0,0,0,0
170448,Cassà de la Selva,Girona,2021,61,27,27,7,1,4,37,19,42,5,0,0,5,26,1,0,0,0,0
170448,Cassà de la Selva,Girona,2022,56,30,23,3,1,3,48,4,52,7,3,9,0,28,1,0,0,0,0
170448,Cassà de la Selva,Girona,2023,101,35,60,6,3,2,92,4,97,16,6,13,1,56,0,0,0,0,0
170464,Castellfollit de la Roca,Girona,2011,4,0,1,3,2,0,2,0,4,0,0,0,0,1,1,0,0,0,0
170464,Castellfollit de la Roca,Girona,2012,1,0,0,1,0,0,1,0,1,0,0,0,0,0,1,0,0,0,0
170464,Castellfollit de la Roca,Girona,2013,4,2,2,0,0,0,4,0,4,0,0,0,0,1,3,0,0,0,0
170464,Castellfollit de la Roca,Girona,2014,2,0,2,0,0,0,2,0,2,0,0,0,0,2,0,0,0,0,0
170464,Castellfollit de la Roca,Girona,2015,6,2,4,0,0,0,6,0,6,3,0,0,0,2,0,1,0,0,0
170464,Castellfollit de la Roca,Girona,2016,4,2,1,1,0,0,4,0,4,2,0,0,0,0,1,1,0,0,0
170464,Castellfollit de la Roca,Girona,2017,8,2,6,0,0,0,8,0,8,3,0,0,0,4,1,0,0,0,0
170464,Castellfollit de la Roca,Girona,2018,8,0,5,3,3,0,5,0,8,0,0,0,0,3,2,0,0,0,0
170464,Castellfollit de la Roca,Girona,2019,6,3,2,1,1,0,5,0,6,0,0,0,0,5,0,0,0,0,0
170464,Castellfollit de la Roca,Girona,2020,3,0,3,0,0,0,3,0,3,0,0,0,0,3,0,0,0,0,0
170464,Castellfollit de la Roca,Girona,2021,4,2,2,0,0,0,2,2,2,0,0,0,0,2,0,0,0,0,0
170464,Castellfollit de la Roca,Girona,2022,5,1,3,1,1,0,4,0,5,0,3,0,0,1,0,0,0,0,0
170464,Castellfollit de la Roca,Girona,2023,16,4,10,2,0,0,16,0,16,2,6,0,0,8,0,0,0,0,0
170470,Castelló d'Empúries,Girona,2011,243,108,91,44,19,18,194,12,231,45,22,78,14,34,1,0,0,0,0
170470,Castelló d'Empúries,Girona,2012,230,104,84,42,25,16,185,4,226,30,18,75,16,43,3,0,0,0,0
170470,Castelló d'Empúries,Girona,2013,115,43,50,22,14,9,91,1,114,13,13,41,2,17,5,0,0,0,0
170470,Castelló d'Empúries,Girona,2014,140,80,43,17,8,11,119,2,138,20,12,53,5,16,13,0,0,0,0
170470,Castelló d'Empúries,Girona,2015,113,86,12,15,5,4,103,1,112,20,6,50,8,15,4,0,0,0,0
170470,Castelló d'Empúries,Girona,2016,94,52,26,16,4,6,83,1,93,15,9,43,1,14,1,0,0,0,0
170470,Castelló d'Empúries,Girona,2017,156,121,24,11,4,3,149,0,156,16,7,93,2,22,9,0,0,0,0
170470,Castelló d'Empúries,Girona,2018,103,62,29,12,7,1,95,0,103,9,10,53,8,14,1,0,0,0,0
170470,Castelló d'Empúries,Girona,2019,149,103,32,14,3,4,142,0,149,21,6,88,7,10,10,0,0,0,0
170470,Castelló d'Empúries,Girona,2020,114,59,44,11,5,6,103,0,114,10,8,47,7,17,14,0,0,0,0
170470,Castelló d'Empúries,Girona,2021,79,38,30,11,3,1,59,16,63,7,1,30,2,16,3,0,0,0,0
170470,Castelló d'Empúries,Girona,2022,70,30,27,13,5,5,51,9,61,3,11,24,0,13,0,0,0,0,0
170470,Castelló d'Empúries,Girona,2023,83,37,34,12,5,5,68,5,78,8,15,10,0,34,1,0,0,0,0
170486,"Castell d'Aro, Platja d'Aro i s'Agaró",Girona,2011,261,95,142,24,10,36,212,3,258,26,45,54,4,77,6,0,0,0,0
170486,"Castell d'Aro, Platja d'Aro i s'Agaró",Girona,2012,242,93,117,32,14,27,200,1,241,22,64,52,3,54,4,1,0,0,0
170486,"Castell d'Aro, Platja d'Aro i s'Agaró",Girona,2013,181,71,81,29,9,19,151,2,179,17,39,40,5,39,11,0,0,0,0
170486,"Castell d'Aro, Platja d'Aro i s'Agaró",Girona,2014,180,93,47,40,16,12,151,1,179,13,32,56,5,35,10,0,0,0,0
170486,"Castell d'Aro, Platja d'Aro i s'Agaró",Girona,2015,166,93,54,19,6,9,151,0,166,13,33,63,5,31,6,0,0,0,0
170486,"Castell d'Aro, Platja d'Aro i s'Agaró",Girona,2016,161,94,51,16,7,10,144,0,161,12,24,53,10,40,5,0,0,0,0
170486,"Castell d'Aro, Platja d'Aro i s'Agaró",Girona,2017,154,88,55,11,4,12,138,0,154,15,30,25,5,55,7,1,0,0,0
170486,"Castell d'Aro, Platja d'Aro i s'Agaró",Girona,2018,184,103,74,7,3,15,165,1,183,13,21,37,8,75,11,0,0,0,0
170486,"Castell d'Aro, Platja d'Aro i s'Agaró",Girona,2019,262,106,130,26,16,18,228,0,262,18,24,43,20,116,7,0,0,0,0
170486,"Castell d'Aro, Platja d'Aro i s'Agaró",Girona,2020,184,60,106,18,6,15,162,1,183,10,29,22,4,86,11,0,0,0,0
170486,"Castell d'Aro, Platja d'Aro i s'Agaró",Girona,2021,91,19,66,6,0,3,83,5,86,2,7,12,0,62,0,0,0,0,0
170486,"Castell d'Aro, Platja d'Aro i s'Agaró",Girona,2022,111,65,30,16,6,5,98,2,109,9,16,19,1,49,4,0,0,0,0
170486,"Castell d'Aro, Platja d'Aro i s'Agaró",Girona,2023,142,36,82,24,13,12,117,0,142,19,21,10,1,65,1,0,0,0,0
170499,Celrà,Girona,2011,31,2,11,18,8,5,16,2,29,6,2,2,0,4,0,2,0,0,0
170499,Celrà,Girona,2012,17,0,2,15,5,4,7,1,16,4,2,0,0,1,0,0,0,0,0
170499,Celrà,Girona,2013,10,0,0,10,3,3,4,0,10,4,0,0,0,0,0,0,0,0,0
170499,Celrà,Girona,2014,10,0,0,10,3,4,3,0,10,3,0,0,0,0,0,0,0,0,0
170499,Celrà,Girona,2015,8,2,0,6,3,2,3,0,8,2,0,0,1,0,0,0,0,0,0
170499,Celrà,Girona,2016,4,0,0,4,4,0,0,0,4,0,0,0,0,0,0,0,0,0,0
170499,Celrà,Girona,2017,5,1,0,4,1,3,1,0,5,1,0,0,0,0,0,0,0,0,0
170499,Celrà,Girona,2018,8,3,0,5,1,4,3,0,8,0,0,0,3,0,0,0,0,0,0
170499,Celrà,Girona,2019,15,3,3,9,3,3,9,0,15,1,1,3,0,3,1,0,0,0,0
170499,Celrà,Girona,2020,10,2,5,3,1,1,7,1,9,2,2,2,0,1,0,0,0,0,0
170499,Celrà,Girona,2021,12,3,6,3,1,0,5,6,6,0,0,1,0,4,0,0,0,0,0
170499,Celrà,Girona,2022,8,2,0,6,0,0,6,2,6,0,1,2,0,3,0,0,0,0,0
170499,Celrà,Girona,2023,17,7,3,7,2,0,14,1,16,3,1,2,2,6,0,0,0,0,0
170502,Cervià de Ter,Girona,2011,8,0,2,6,4,1,2,1,7,2,0,0,0,0,0,0,0,0,0
170502,Cervià de Ter,Girona,2012,12,7,2,3,1,2,9,0,12,4,0,1,2,2,0,0,0,0,0
170502,Cervià de Ter,Girona,2013,5,1,0,4,1,1,3,0,5,2,0,0,0,1,0,0,0,0,0
170502,Cervià de Ter,Girona,2014,8,3,3,2,1,0,7,0,8,1,0,0,0,6,0,0,0,0,0
170502,Cervià de Ter,Girona,2015,4,0,3,1,0,0,4,0,4,1,0,0,0,3,0,0,0,0,0
170502,Cervià de Ter,Girona,2016,8,3,3,2,0,0,8,0,8,2,1,0,0,5,0,0,0,0,0
170502,Cervià de Ter,Girona,2017,2,0,1,1,0,0,2,0,2,0,0,0,0,2,0,0,0,0,0
170502,Cervià de Ter,Girona,2018,3,1,1,1,1,0,2,0,3,0,1,1,0,0,0,0,0,0,0
170502,Cervià de Ter,Girona,2019,8,1,5,2,0,2,6,0,8,0,4,0,0,2,0,0,0,0,0
170502,Cervià de Ter,Girona,2020,8,3,1,4,0,2,6,0,8,0,2,0,0,4,0,0,0,0,0
170502,Cervià de Ter,Girona,2021,3,1,1,1,0,1,0,2,1,0,0,0,0,0,0,0,0,0,0
170502,Cervià de Ter,Girona,2022,3,2,1,0,0,0,2,1,2,0,0,0,0,2,0,0,0,0,0
170502,Cervià de Ter,Girona,2023,8,2,0,6,2,0,6,0,8,0,2,0,0,4,0,0,0,0,0
170519,Cistella,Girona,2011,4,0,3,1,1,1,2,0,4,0,0,0,0,2,0,0,0,0,0
170519,Cistella,Girona,2012,1,0,1,0,0,0,1,0,1,0,0,0,0,1,0,0,0,0,0
170519,Cistella,Girona,2013,2,1,1,0,0,0,2,0,2,2,0,0,0,0,0,0,0,0,0
170519,Cistella,Girona,2014,0,0,0,0,0,0,0,0,0,0,0,0,0,0,0,0,0,0,0
170519,Cistella,Girona,2015,0,0,0,0,0,0,0,0,0,0,0,0,0,0,0,0,0,0,0
170519,Cistella,Girona,2016,1,1,0,0,0,0,1,0,1,0,0,0,0,1,0,0,0,0,0
170519,Cistella,Girona,2017,0,0,0,0,0,0,0,0,0,0,0,0,0,0,0,0,0,0,0
170519,Cistella,Girona,2018,2,0,1,1,2,0,0,0,2,0,0,0,0,0,0,0,0,0,0
170519,Cistella,Girona,2019,3,0,0,3,3,0,0,0,3,0,0,0,0,0,0,0,0,0,0
170519,Cistella,Girona,2020,0,0,0,0,0,0,0,0,0,0,0,0,0,0,0,0,0,0,0
170519,Cistella,Girona,2021,0,0,0,0,0,0,0,0,0,0,0,0,0,0,0,0,0,0,0
170524,Siurana,Girona,2011,1,1,0,0,0,0,1,0,1,1,0,0,0,0,0,0,0,0,0
170524,Siurana,Girona,2012,1,0,0,1,0,0,1,0,1,0,0,0,0,1,0,0,0,0,0
170524,Siurana,Girona,2013,1,0,1,0,0,1,0,0,1,0,0,0,0,0,0,0,0,0,0
170524,Siurana,Girona,2014,0,0,0,0,0,0,0,0,0,0,0,0,0,0,0,0,0,0,0
170524,Siurana,Girona,2015,1,0,0,1,1,0,0,0,1,0,0,0,0,0,0,0,0,0,0
170524,Siurana,Girona,2016,1,0,0,1,1,0,0,0,1,0,0,0,0,0,0,0,0,0,0
170524,Siurana,Girona,2017,0,0,0,0,0,0,0,0,0,0,0,0,0,0,0,0,0,0,0
170524,Siurana,Girona,2018,0,0,0,0,0,0,0,0,0,0,0,0,0,0,0,0,0,0,0
170524,Siurana,Girona,2019,3,0,0,3,3,0,0,0,3,0,0,0,0,0,0,0,0,0,0
170524,Siurana,Girona,2020,0,0,0,0,0,0,0,0,0,0,0,0,0,0,0,0,0,0,0
170524,Siurana,Girona,2021,0,0,0,0,0,0,0,0,0,0,0,0,0,0,0,0,0,0,0
170524,Siurana,Girona,2022,3,2,1,0,1,0,2,0,3,2,0,0,0,0,0,0,0,0,0
170524,Siurana,Girona,2023,4,1,2,1,0,2,2,0,4,0,2,0,0,0,0,0,0,0,0
170545,Colera,Girona,2011,10,4,1,5,5,0,5,0,10,0,0,2,0,3,0,0,0,0,0
170545,Colera,Girona,2012,1,0,0,1,1,0,0,0,1,0,0,0,0,0,0,0,0,0,0
170545,Colera,Girona,2013,1,0,0,1,0,0,0,1,0,0,0,0,0,0,0,0,0,0,0
170545,Colera,Girona,2014,0,0,0,0,0,0,0,0,0,0,0,0,0,0,0,0,0,0,0
170545,Colera,Girona,2015,1,0,0,1,0,0,1,0,1,1,0,0,0,0,0,0,0,0,0
170545,Colera,Girona,2016,2,0,0,2,0,0,1,1,1,1,0,0,0,0,0,0,0,0,0
170545,Colera,Girona,2017,1,0,0,1,1,0,0,0,1,0,0,0,0,0,0,0,0,0,0
170545,Colera,Girona,2018,1,0,0,1,0,0,1,0,1,1,0,0,0,0,0,0,0,0,0
170545,Colera,Girona,2019,0,0,0,0,0,0,0,0,0,0,0,0,0,0,0,0,0,0,0
170545,Colera,Girona,2020,0,0,0,0,0,0,0,0,0,0,0,0,0,0,0,0,0,0,0
170545,Colera,Girona,2021,0,0,0,0,0,0,0,0,0,0,0,0,0,0,0,0,0,0,0
170558,Colomers,Girona,2011,0,0,0,0,0,0,0,0,0,0,0,0,0,0,0,0,0,0,0
170558,Colomers,Girona,2012,1,1,0,0,0,0,1,0,1,0,0,0,0,1,0,0,0,0,0
170558,Colomers,Girona,2013,2,0,2,0,0,0,2,0,2,0,0,0,0,2,0,0,0,0,0
170558,Colomers,Girona,2014,0,0,0,0,0,0,0,0,0,0,0,0,0,0,0,0,0,0,0
170558,Colomers,Girona,2015,0,0,0,0,0,0,0,0,0,0,0,0,0,0,0,0,0,0,0
170558,Colomers,Girona,2016,0,0,0,0,0,0,0,0,0,0,0,0,0,0,0,0,0,0,0
170558,Colomers,Girona,2017,0,0,0,0,0,0,0,0,0,0,0,0,0,0,0,0,0,0,0
170558,Colomers,Girona,2018,0,0,0,0,0,0,0,0,0,0,0,0,0,0,0,0,0,0,0
170558,Colomers,Girona,2019,2,2,0,0,0,0,2,0,2,0,0,0,0,2,0,0,0,0,0
170558,Colomers,Girona,2020,1,0,1,0,0,0,1,0,1,0,0,0,0,1,0,0,0,0,0
170558,Colomers,Girona,2021,1,0,1,0,0,0,0,1,0,0,0,0,0,0,0,0,0,0,0
170558,Colomers,Girona,2022,6,2,4,0,0,0,6,0,6,0,0,0,0,6,0,0,0,0,0
170558,Colomers,Girona,2023,3,1,2,0,0,0,3,0,3,0,0,0,0,3,0,0,0,0,0
170561,Cornellà del Terri,Girona,2011,9,2,4,3,3,0,6,0,9,0,0,0,0,6,0,0,0,0,0
170561,Cornellà del Terri,Girona,2012,10,2,3,5,5,0,5,0,10,2,0,0,0,3,0,0,0,0,0
170561,Cornellà del Terri,Girona,2013,8,2,2,4,3,0,5,0,8,3,0,1,0,1,0,0,0,0,0
170561,Cornellà del Terri,Girona,2014,7,1,1,5,3,0,4,0,7,1,0,2,0,1,0,0,0,0,0
170561,Cornellà del Terri,Girona,2015,4,1,1,2,1,0,3,0,4,0,0,1,0,2,0,0,0,0,0
170561,Cornellà del Terri,Girona,2016,2,1,0,1,1,0,1,0,2,0,0,0,0,1,0,0,0,0,0
170561,Cornellà del Terri,Girona,2017,4,1,2,1,1,0,3,0,4,0,0,2,0,1,0,0,0,0,0
170561,Cornellà del Terri,Girona,2018,3,1,1,1,1,1,1,0,3,0,0,0,0,1,0,0,0,0,0
170561,Cornellà del Terri,Girona,2019,6,0,1,5,1,3,2,0,6,1,0,0,0,1,0,0,0,0,0
170561,Cornellà del Terri,Girona,2020,3,0,0,3,1,1,1,0,3,0,0,0,0,1,0,0,0,0,0
170561,Cornellà del Terri,Girona,2021,4,1,3,0,0,0,4,0,4,0,0,0,0,4,0,0,0,0,0
170561,Cornellà del Terri,Girona,2022,9,3,2,4,2,0,7,0,9,0,1,0,0,6,0,0,0,0,0
170561,Cornellà del Terri,Girona,2023,12,2,3,7,2,1,9,0,12,4,1,0,0,4,0,0,0,0,0
170577,Corçà,Girona,2011,8,0,3,5,2,1,5,0,8,2,1,0,0,2,0,0,0,0,0
170577,Corçà,Girona,2012,3,0,1,2,1,0,2,0,3,2,0,0,0,0,0,0,0,0,0
170577,Corçà,Girona,2013,4,0,0,4,1,0,3,0,4,2,0,0,0,1,0,0,0,0,0
170577,Corçà,Girona,2014,7,3,0,4,0,0,7,0,7,2,0,0,0,2,3,0,0,0,0
170577,Corçà,Girona,2015,3,0,0,3,1,0,2,0,3,1,0,0,0,1,0,0,0,0,0
170577,Corçà,Girona,2016,4,1,0,3,3,0,1,0,4,0,0,0,0,1,0,0,0,0,0
170577,Corçà,Girona,2017,6,4,1,1,1,0,5,0,6,2,0,0,0,3,0,0,0,0,0
170577,Corçà,Girona,2018,4,0,3,1,1,0,3,0,4,1,0,0,0,2,0,0,0,0,0
170577,Corçà,Girona,2019,0,0,0,0,0,0,0,0,0,0,0,0,0,0,0,0,0,0,0
170577,Corçà,Girona,2020,3,3,0,0,0,0,3,0,3,1,0,0,0,2,0,0,0,0,0
170577,Corçà,Girona,2021,36,27,5,4,0,0,6,30,6,1,0,0,0,5,0,0,0,0,0
170577,Corçà,Girona,2022,4,0,3,1,0,0,0,4,0,0,0,0,0,0,0,0,0,0,0
170577,Corçà,Girona,2023,4,1,1,2,2,0,2,0,4,0,0,0,0,2,0,0,0,0,0
170583,Crespià,Girona,2011,1,0,0,1,1,0,0,0,1,0,0,0,0,0,0,0,0,0,0
170583,Crespià,Girona,2012,0,0,0,0,0,0,0,0,0,0,0,0,0,0,0,0,0,0,0
170583,Crespià,Girona,2013,0,0,0,0,0,0,0,0,0,0,0,0,0,0,0,0,0,0,0
170583,Crespià,Girona,2014,3,2,0,1,1,0,2,0,3,0,0,0,0,2,0,0,0,0,0
170583,Crespià,Girona,2015,0,0,0,0,0,0,0,0,0,0,0,0,0,0,0,0,0,0,0
170583,Crespià,Girona,2016,0,0,0,0,0,0,0,0,0,0,0,0,0,0,0,0,0,0,0
170583,Crespià,Girona,2017,1,0,0,1,1,0,0,0,1,0,0,0,0,0,0,0,0,0,0
170583,Crespià,Girona,2018,0,0,0,0,0,0,0,0,0,0,0,0,0,0,0,0,0,0,0
170583,Crespià,Girona,2019,1,0,0,1,1,0,0,0,1,0,0,0,0,0,0,0,0,0,0
170583,Crespià,Girona,2020,0,0,0,0,0,0,0,0,0,0,0,0,0,0,0,0,0,0,0
170583,Crespià,Girona,2021,0,0,0,0,0,0,0,0,0,0,0,0,0,0,0,0,0,0,0
170583,Crespià,Girona,2023,3,2,0,1,1,0,2,0,3,0,2,0,0,0,0,0,0,0,0
170600,Darnius,Girona,2011,1,0,1,0,0,0,1,0,1,0,0,0,0,1,0,0,0,0,0
170600,Darnius,Girona,2012,5,0,0,5,4,0,1,0,5,0,0,0,0,1,0,0,0,0,0
170600,Darnius,Girona,2013,7,0,0,7,5,0,2,0,7,0,0,0,0,2,0,0,0,0,0
170600,Darnius,Girona,2014,4,0,0,4,3,0,1,0,4,0,0,0,0,1,0,0,0,0,0
170600,Darnius,Girona,2015,2,0,0,2,2,0,0,0,2,0,0,0,0,0,0,0,0,0,0
170600,Darnius,Girona,2016,1,0,0,1,1,0,0,0,1,0,0,0,0,0,0,0,0,0,0
170600,Darnius,Girona,2017,1,0,0,1,1,0,0,0,1,0,0,0,0,0,0,0,0,0,0
170600,Darnius,Girona,2018,0,0,0,0,0,0,0,0,0,0,0,0,0,0,0,0,0,0,0
170600,Darnius,Girona,2019,3,1,2,0,0,2,1,0,3,1,0,0,0,0,0,0,0,0,0
170600,Darnius,Girona,2020,3,0,3,0,0,2,1,0,3,1,0,0,0,0,0,0,0,0,0
170600,Darnius,Girona,2021,1,0,1,0,0,0,1,0,1,1,0,0,0,0,0,0,0,0,0
170600,Darnius,Girona,2022,2,0,2,0,0,0,2,0,2,2,0,0,0,0,0,0,0,0,0
170617,Das,Girona,2011,0,0,0,0,0,0,0,0,0,0,0,0,0,0,0,0,0,0,0
170617,Das,Girona,2012,0,0,0,0,0,0,0,0,0,0,0,0,0,0,0,0,0,0,0
170617,Das,Girona,2013,1,0,0,1,1,0,0,0,1,0,0,0,0,0,0,0,0,0,0
170617,Das,Girona,2014,1,0,0,1,1,0,0,0,1,0,0,0,0,0,0,0,0,0,0
170617,Das,Girona,2015,2,0,0,2,2,0,0,0,2,0,0,0,0,0,0,0,0,0,0
170617,Das,Girona,2016,1,0,0,1,1,0,0,0,1,0,0,0,0,0,0,0,0,0,0
170617,Das,Girona,2017,0,0,0,0,0,0,0,0,0,0,0,0,0,0,0,0,0,0,0
170617,Das,Girona,2018,0,0,0,0,0,0,0,0,0,0,0,0,0,0,0,0,0,0,0
170617,Das,Girona,2019,0,0,0,0,0,0,0,0,0,0,0,0,0,0,0,0,0,0,0
170617,Das,Girona,2020,0,0,0,0,0,0,0,0,0,0,0,0,0,0,0,0,0,0,0
170617,Das,Girona,2021,0,0,0,0,0,0,0,0,0,0,0,0,0,0,0,0,0,0,0
170622,l'Escala,Girona,2011,235,115,99,21,8,11,212,4,231,47,18,59,1,82,2,3,0,0,0
170622,l'Escala,Girona,2012,190,89,81,20,9,14,166,1,189,36,12,60,4,51,3,0,0,0,0
170622,l'Escala,Girona,2013,91,19,51,21,10,11,70,0,91,20,5,21,0,23,1,0,0,0,0
170622,l'Escala,Girona,2014,66,26,29,11,1,2,59,4,62,18,7,25,2,5,1,1,0,0,0
170622,l'Escala,Girona,2015,70,37,25,8,1,5,61,3,67,15,4,23,5,14,0,0,0,0,0
170622,l'Escala,Girona,2016,102,76,19,7,1,3,97,1,101,16,3,36,4,37,1,0,0,0,0
170622,l'Escala,Girona,2017,131,76,45,10,5,12,114,0,131,27,5,35,6,40,1,0,0,0,0
170622,l'Escala,Girona,2018,116,61,47,8,4,10,100,2,114,25,2,42,3,27,1,0,0,0,0
170622,l'Escala,Girona,2019,145,82,37,26,5,7,131,2,143,31,6,38,12,44,0,0,0,0,0
170622,l'Escala,Girona,2020,48,26,16,6,2,0,43,3,45,17,4,8,2,11,1,0,0,0,0
170622,l'Escala,Girona,2021,51,15,27,9,0,1,38,12,39,12,1,3,1,21,0,0,0,0,0
170622,l'Escala,Girona,2022,49,19,24,6,0,3,38,8,41,7,11,4,4,11,1,0,0,0,0
170622,l'Escala,Girona,2023,76,25,45,6,4,2,65,5,71,15,10,7,6,27,0,0,0,0,0
170638,Espinelves,Girona,2011,1,0,0,1,1,0,0,0,1,0,0,0,0,0,0,0,0,0,0
170638,Espinelves,Girona,2012,0,0,0,0,0,0,0,0,0,0,0,0,0,0,0,0,0,0,0
170638,Espinelves,Girona,2013,1,0,1,0,0,0,1,0,1,0,1,0,0,0,0,0,0,0,0
170638,Espinelves,Girona,2014,1,0,1,0,0,0,1,0,1,0,1,0,0,0,0,0,0,0,0
170638,Espinelves,Girona,2015,1,0,1,0,0,1,0,0,1,0,0,0,0,0,0,0,0,0,0
170638,Espinelves,Girona,2016,0,0,0,0,0,0,0,0,0,0,0,0,0,0,0,0,0,0,0
170638,Espinelves,Girona,2017,1,1,0,0,0,0,1,0,1,0,0,0,0,1,0,0,0,0,0
170638,Espinelves,Girona,2018,0,0,0,0,0,0,0,0,0,0,0,0,0,0,0,0,0,0,0
170638,Espinelves,Girona,2019,0,0,0,0,0,0,0,0,0,0,0,0,0,0,0,0,0,0,0
170638,Espinelves,Girona,2020,0,0,0,0,0,0,0,0,0,0,0,0,0,0,0,0,0,0,0
170638,Espinelves,Girona,2021,0,0,0,0,0,0,0,0,0,0,0,0,0,0,0,0,0,0,0
170638,Espinelves,Girona,2022,1,1,0,0,0,0,1,0,1,0,0,0,0,1,0,0,0,0,0
170643,Espolla,Girona,2011,2,0,0,2,2,0,0,0,2,0,0,0,0,0,0,0,0,0,0
170643,Espolla,Girona,2012,3,0,1,2,1,0,2,0,3,0,0,0,0,0,0,2,0,0,0
170643,Espolla,Girona,2013,1,0,0,1,0,0,1,0,1,0,0,0,0,0,0,1,0,0,0
170643,Espolla,Girona,2014,1,1,0,0,0,0,1,0,1,1,0,0,0,0,0,0,0,0,0
170643,Espolla,Girona,2015,1,1,0,0,0,0,1,0,1,1,0,0,0,0,0,0,0,0,0
170643,Espolla,Girona,2016,2,0,0,2,0,1,1,0,2,0,0,0,0,0,0,1,0,0,0
170643,Espolla,Girona,2017,1,1,0,0,0,0,1,0,1,1,0,0,0,0,0,0,0,0,0
170643,Espolla,Girona,2018,0,0,0,0,0,0,0,0,0,0,0,0,0,0,0,0,0,0,0
170643,Espolla,Girona,2019,0,0,0,0,0,0,0,0,0,0,0,0,0,0,0,0,0,0,0
170643,Espolla,Girona,2020,0,0,0,0,0,0,0,0,0,0,0,0,0,0,0,0,0,0,0
170643,Espolla,Girona,2021,0,0,0,0,0,0,0,0,0,0,0,0,0,0,0,0,0,0,0
170656,Esponellà,Girona,2011,1,1,0,0,0,0,1,0,1,0,0,0,0,1,0,0,0,0,0
170656,Esponellà,Girona,2012,0,0,0,0,0,0,0,0,0,0,0,0,0,0,0,0,0,0,0
170656,Esponellà,Girona,2013,0,0,0,0,0,0,0,0,0,0,0,0,0,0,0,0,0,0,0
170656,Esponellà,Girona,2014,0,0,0,0,0,0,0,0,0,0,0,0,0,0,0,0,0,0,0
170656,Esponellà,Girona,2015,0,0,0,0,0,0,0,0,0,0,0,0,0,0,0,0,0,0,0
170656,Esponellà,Girona,2016,0,0,0,0,0,0,0,0,0,0,0,0,0,0,0,0,0,0,0
170656,Esponellà,Girona,2017,2,1,1,0,0,0,2,0,2,2,0,0,0,0,0,0,0,0,0
170656,Esponellà,Girona,2018,1,1,0,0,0,0,1,0,1,0,0,0,0,1,0,0,0,0,0
170656,Esponellà,Girona,2019,0,0,0,0,0,0,0,0,0,0,0,0,0,0,0,0,0,0,0
170656,Esponellà,Girona,2020,1,0,1,0,0,0,1,0,1,1,0,0,0,0,0,0,0,0,0
170656,Esponellà,Girona,2021,0,0,0,0,0,0,0,0,0,0,0,0,0,0,0,0,0,0,0
170669,Figueres,Girona,2011,841,375,283,183,69,91,659,22,819,74,25,178,90,283,9,0,0,0,0
170669,Figueres,Girona,2012,1086,564,356,166,75,92,905,14,1072,89,34,239,123,390,29,1,0,0,0
170669,Figueres,Girona,2013,776,351,309,116,70,94,598,14,762,56,24,140,90,269,17,2,0,0,0
170669,Figueres,Girona,2014,573,261,218,94,50,73,446,4,569,49,16,86,50,235,10,0,0,0,0
170669,Figueres,Girona,2015,613,313,199,101,71,66,474,2,611,62,22,102,36,232,20,0,0,0,0
170669,Figueres,Girona,2016,625,318,211,96,58,53,508,6,619,70,26,128,30,234,19,1,0,0,0
170669,Figueres,Girona,2017,558,236,223,99,56,52,448,2,556,53,21,106,31,219,18,0,0,0,0
170669,Figueres,Girona,2018,745,360,290,95,58,55,631,1,744,59,35,140,22,363,12,0,0,0,0
170669,Figueres,Girona,2019,912,435,343,134,63,46,792,11,901,77,33,211,39,412,20,0,0,0,0
170669,Figueres,Girona,2020,484,209,207,68,34,24,374,52,432,48,10,110,18,177,11,0,0,0,0
170669,Figueres,Girona,2021,533,249,214,70,32,23,311,167,366,33,10,91,13,155,9,0,0,0,0
170669,Figueres,Girona,2022,568,388,147,33,19,25,469,55,513,28,53,118,32,226,12,0,0,0,0
170669,Figueres,Girona,2023,1141,683,398,60,22,51,1050,18,1123,56,99,233,56,580,24,2,0,0,0
170675,Flaçà,Girona,2011,26,25,0,1,2,0,24,0,26,5,0,4,10,3,2,0,0,0,0
170675,Flaçà,Girona,2012,11,11,0,0,0,0,11,0,11,0,0,5,6,0,0,0,0,0,0
170675,Flaçà,Girona,2013,3,2,0,1,1,0,2,0,3,0,0,0,0,1,1,0,0,0,0
170675,Flaçà,Girona,2014,0,0,0,0,0,0,0,0,0,0,0,0,0,0,0,0,0,0,0
170675,Flaçà,Girona,2015,0,0,0,0,0,0,0,0,0,0,0,0,0,0,0,0,0,0,0
170675,Flaçà,Girona,2016,4,3,1,0,0,0,4,0,4,0,0,0,1,3,0,0,0,0,0
170675,Flaçà,Girona,2017,1,0,1,0,0,0,1,0,1,0,0,0,0,1,0,0,0,0,0
170675,Flaçà,Girona,2018,1,1,0,0,0,0,1,0,1,0,0,0,1,0,0,0,0,0,0
170675,Flaçà,Girona,2019,18,12,6,0,0,0,18,0,18,0,1,1,4,12,0,0,0,0,0
170675,Flaçà,Girona,2020,7,6,1,0,0,0,7,0,7,0,0,1,0,6,0,0,0,0,0
170675,Flaçà,Girona,2021,6,1,5,0,0,0,6,0,6,0,0,1,0,5,0,0,0,0,0
170675,Flaçà,Girona,2023,5,5,0,0,0,0,5,0,5,0,0,0,1,4,0,0,0,0,0
170681,Foixà,Girona,2011,0,0,0,0,0,0,0,0,0,0,0,0,0,0,0,0,0,0,0
170681,Foixà,Girona,2012,0,0,0,0,0,0,0,0,0,0,0,0,0,0,0,0,0,0,0
170681,Foixà,Girona,2013,1,1,0,0,0,0,1,0,1,0,0,0,0,0,0,1,0,0,0
170681,Foixà,Girona,2014,0,0,0,0,0,0,0,0,0,0,0,0,0,0,0,0,0,0,0
170681,Foixà,Girona,2015,1,1,0,0,0,1,0,0,1,0,0,0,0,0,0,0,0,0,0
170681,Foixà,Girona,2016,0,0,0,0,0,0,0,0,0,0,0,0,0,0,0,0,0,0,0
170681,Foixà,Girona,2017,0,0,0,0,0,0,0,0,0,0,0,0,0,0,0,0,0,0,0
170681,Foixà,Girona,2018,0,0,0,0,0,0,0,0,0,0,0,0,0,0,0,0,0,0,0
170681,Foixà,Girona,2019,2,0,0,2,2,0,0,0,2,0,0,0,0,0,0,0,0,0,0
170681,Foixà,Girona,2020,2,0,0,2,2,0,0,0,2,0,0,0,0,0,0,0,0,0,0
170681,Foixà,Girona,2021,2,0,0,2,1,0,0,1,1,0,0,0,0,0,0,0,0,0,0
170681,Foixà,Girona,2022,11,10,1,0,0,0,3,8,3,1,0,0,1,1,0,0,0,0,0
170681,Foixà,Girona,2023,16,4,9,3,0,0,13,3,13,2,0,0,3,8,0,0,0,0,0
170694,Fontanals de Cerdanya,Girona,2011,3,0,2,1,1,1,1,0,3,0,0,0,0,1,0,0,0,0,0
170694,Fontanals de Cerdanya,Girona,2012,2,0,1,1,0,0,2,0,2,0,0,0,0,2,0,0,0,0,0
170694,Fontanals de Cerdanya,Girona,2013,4,0,0,4,0,2,2,0,4,0,0,0,0,2,0,0,0,0,0
170694,Fontanals de Cerdanya,Girona,2014,3,0,0,3,0,2,1,0,3,0,0,0,0,1,0,0,0,0,0
170694,Fontanals de Cerdanya,Girona,2015,1,0,0,1,0,1,0,0,1,0,0,0,0,0,0,0,0,0,0
170694,Fontanals de Cerdanya,Girona,2016,0,0,0,0,0,0,0,0,0,0,0,0,0,0,0,0,0,0,0
170694,Fontanals de Cerdanya,Girona,2017,1,0,0,1,1,0,0,0,1,0,0,0,0,0,0,0,0,0,0
170694,Fontanals de Cerdanya,Girona,2018,2,0,1,1,2,0,0,0,2,0,0,0,0,0,0,0,0,0,0
170694,Fontanals de Cerdanya,Girona,2019,0,0,0,0,0,0,0,0,0,0,0,0,0,0,0,0,0,0,0
170694,Fontanals de Cerdanya,Girona,2020,1,1,0,0,0,0,1,0,1,0,0,0,0,0,1,0,0,0,0
170694,Fontanals de Cerdanya,Girona,2021,2,2,0,0,0,0,2,0,2,0,0,0,0,2,0,0,0,0,0
170694,Fontanals de Cerdanya,Girona,2022,3,1,2,0,0,0,3,0,3,0,0,0,0,3,0,0,0,0,0
170694,Fontanals de Cerdanya,Girona,2023,1,0,1,0,0,0,1,0,1,0,0,0,0,1,0,0,0,0,0
170708,Fontanilles,Girona,2011,1,0,1,0,0,0,1,0,1,1,0,0,0,0,0,0,0,0,0
170708,Fontanilles,Girona,2012,1,0,1,0,0,0,1,0,1,1,0,0,0,0,0,0,0,0,0
170708,Fontanilles,Girona,2013,1,0,1,0,0,0,1,0,1,1,0,0,0,0,0,0,0,0,0
170708,Fontanilles,Girona,2014,3,0,3,0,0,0,3,0,3,3,0,0,0,0,0,0,0,0,0
170708,Fontanilles,Girona,2015,0,0,0,0,0,0,0,0,0,0,0,0,0,0,0,0,0,0,0
170708,Fontanilles,Girona,2016,0,0,0,0,0,0,0,0,0,0,0,0,0,0,0,0,0,0,0
170708,Fontanilles,Girona,2017,0,0,0,0,0,0,0,0,0,0,0,0,0,0,0,0,0,0,0
170708,Fontanilles,Girona,2018,0,0,0,0,0,0,0,0,0,0,0,0,0,0,0,0,0,0,0
170708,Fontanilles,Girona,2019,0,0,0,0,0,0,0,0,0,0,0,0,0,0,0,0,0,0,0
170708,Fontanilles,Girona,2020,0,0,0,0,0,0,0,0,0,0,0,0,0,0,0,0,0,0,0
170708,Fontanilles,Girona,2021,0,0,0,0,0,0,0,0,0,0,0,0,0,0,0,0,0,0,0
170708,Fontanilles,Girona,2022,13,9,3,1,1,2,10,0,13,1,1,0,1,7,0,0,0,0,0
170708,Fontanilles,Girona,2023,21,7,12,2,1,4,16,0,21,0,1,0,0,15,0,0,0,0,0
170715,Fontcoberta,Girona,2011,5,0,4,1,1,0,4,0,5,4,0,0,0,0,0,0,0,0,0
170715,Fontcoberta,Girona,2012,1,0,0,1,0,0,1,0,1,1,0,0,0,0,0,0,0,0,0
170715,Fontcoberta,Girona,2013,0,0,0,0,0,0,0,0,0,0,0,0,0,0,0,0,0,0,0
170715,Fontcoberta,Girona,2014,0,0,0,0,0,0,0,0,0,0,0,0,0,0,0,0,0,0,0
170715,Fontcoberta,Girona,2015,0,0,0,0,0,0,0,0,0,0,0,0,0,0,0,0,0,0,0
170715,Fontcoberta,Girona,2016,0,0,0,0,0,0,0,0,0,0,0,0,0,0,0,0,0,0,0
170715,Fontcoberta,Girona,2017,1,1,0,0,0,0,1,0,1,0,0,0,0,1,0,0,0,0,0
170715,Fontcoberta,Girona,2018,0,0,0,0,0,0,0,0,0,0,0,0,0,0,0,0,0,0,0
170715,Fontcoberta,Girona,2019,0,0,0,0,0,0,0,0,0,0,0,0,0,0,0,0,0,0,0
170715,Fontcoberta,Girona,2020,0,0,0,0,0,0,0,0,0,0,0,0,0,0,0,0,0,0,0
170715,Fontcoberta,Girona,2021,3,0,0,3,1,0,0,2,1,0,0,0,0,0,0,0,0,0,0
170715,Fontcoberta,Girona,2022,1,1,0,0,0,0,1,0,1,0,0,1,0,0,0,0,0,0,0
170715,Fontcoberta,Girona,2023,2,1,0,1,1,0,1,0,2,1,0,0,0,0,0,0,0,0,0
170736,Fornells de la Selva,Girona,2011,23,2,6,15,5,5,12,1,22,0,2,1,0,9,0,0,0,0,0
170736,Fornells de la Selva,Girona,2012,11,0,3,8,2,5,4,0,11,0,0,0,0,4,0,0,0,0,0
170736,Fornells de la Selva,Girona,2013,8,0,0,8,3,3,2,0,8,0,0,0,0,2,0,0,0,0,0
170736,Fornells de la Selva,Girona,2014,4,0,0,4,3,0,1,0,4,0,0,0,0,1,0,0,0,0,0
170736,Fornells de la Selva,Girona,2015,6,2,1,3,3,0,3,0,6,2,0,0,0,0,0,1,0,0,0
170736,Fornells de la Selva,Girona,2016,2,1,1,0,0,0,2,0,2,0,0,0,0,2,0,0,0,0,0
170736,Fornells de la Selva,Girona,2017,5,1,0,4,2,2,1,0,5,0,0,0,0,1,0,0,0,0,0
170736,Fornells de la Selva,Girona,2018,4,0,0,4,3,0,0,1,3,0,0,0,0,0,0,0,0,0,0
170736,Fornells de la Selva,Girona,2019,6,0,0,6,4,0,0,2,4,0,0,0,0,0,0,0,0,0,0
170736,Fornells de la Selva,Girona,2020,3,0,0,3,1,0,1,1,2,1,0,0,0,0,0,0,0,0,0
170736,Fornells de la Selva,Girona,2021,2,1,1,0,0,0,0,2,0,0,0,0,0,0,0,0,0,0,0
170736,Fornells de la Selva,Girona,2022,3,1,1,1,1,0,1,1,2,0,0,0,0,1,0,0,0,0,0
170736,Fornells de la Selva,Girona,2023,11,2,7,2,2,0,9,0,11,0,0,0,0,9,0,0,0,0,0
170741,Fortià,Girona,2011,2,0,1,1,0,1,1,0,2,1,0,0,0,0,0,0,0,0,0
170741,Fortià,Girona,2012,2,0,2,0,1,0,1,0,2,1,0,0,0,0,0,0,0,0,0
170741,Fortià,Girona,2013,0,0,0,0,0,0,0,0,0,0,0,0,0,0,0,0,0,0,0
170741,Fortià,Girona,2014,0,0,0,0,0,0,0,0,0,0,0,0,0,0,0,0,0,0,0
170741,Fortià,Girona,2015,0,0,0,0,0,0,0,0,0,0,0,0,0,0,0,0,0,0,0
170741,Fortià,Girona,2016,4,1,0,3,3,0,1,0,4,0,0,1,0,0,0,0,0,0,0
170741,Fortià,Girona,2017,0,0,0,0,0,0,0,0,0,0,0,0,0,0,0,0,0,0,0
170741,Fortià,Girona,2018,3,3,0,0,0,0,3,0,3,0,0,3,0,0,0,0,0,0,0
170741,Fortià,Girona,2019,5,5,0,0,0,0,5,0,5,0,0,4,0,1,0,0,0,0,0
170741,Fortià,Girona,2020,2,0,2,0,0,0,2,0,2,0,0,2,0,0,0,0,0,0,0
170741,Fortià,Girona,2021,0,0,0,0,0,0,0,0,0,0,0,0,0,0,0,0,0,0,0
170754,Garrigàs,Girona,2011,1,0,0,1,1,0,0,0,1,0,0,0,0,0,0,0,0,0,0
170754,Garrigàs,Girona,2012,1,0,0,1,0,1,0,0,1,0,0,0,0,0,0,0,0,0,0
170754,Garrigàs,Girona,2013,3,2,0,1,0,1,2,0,3,0,0,0,0,2,0,0,0,0,0
170754,Garrigàs,Girona,2014,1,1,0,0,0,0,1,0,1,0,0,0,0,1,0,0,0,0,0
170754,Garrigàs,Girona,2015,0,0,0,0,0,0,0,0,0,0,0,0,0,0,0,0,0,0,0
170754,Garrigàs,Girona,2016,0,0,0,0,0,0,0,0,0,0,0,0,0,0,0,0,0,0,0
170754,Garrigàs,Girona,2017,1,0,0,1,1,0,0,0,1,0,0,0,0,0,0,0,0,0,0
170754,Garrigàs,Girona,2018,0,0,0,0,0,0,0,0,0,0,0,0,0,0,0,0,0,0,0
170754,Garrigàs,Girona,2019,2,0,0,2,0,0,2,0,2,2,0,0,0,0,0,0,0,0,0
170754,Garrigàs,Girona,2020,3,0,0,3,0,0,3,0,3,3,0,0,0,0,0,0,0,0,0
170754,Garrigàs,Girona,2021,1,0,0,1,0,0,1,0,1,1,0,0,0,0,0,0,0,0,0
170754,Garrigàs,Girona,2022,3,1,1,1,1,0,2,0,3,0,0,0,0,0,2,0,0,0,0
170754,Garrigàs,Girona,2023,2,0,1,1,1,0,1,0,2,0,0,0,0,0,1,0,0,0,0
170767,Garrigoles,Girona,2011,6,0,0,6,2,3,1,0,6,1,0,0,0,0,0,0,0,0,0
170767,Garrigoles,Girona,2012,5,0,0,5,1,3,1,0,5,1,0,0,0,0,0,0,0,0,0
170767,Garrigoles,Girona,2013,4,0,0,4,0,2,2,0,4,2,0,0,0,0,0,0,0,0,0
170767,Garrigoles,Girona,2014,0,0,0,0,0,0,0,0,0,0,0,0,0,0,0,0,0,0,0
170767,Garrigoles,Girona,2015,1,1,0,0,0,0,1,0,1,1,0,0,0,0,0,0,0,0,0
170767,Garrigoles,Girona,2016,1,0,0,1,1,0,0,0,1,0,0,0,0,0,0,0,0,0,0
170767,Garrigoles,Girona,2017,2,2,0,0,0,0,2,0,2,2,0,0,0,0,0,0,0,0,0
170767,Garrigoles,Girona,2018,2,1,0,1,1,0,1,0,2,1,0,0,0,0,0,0,0,0,0
170767,Garrigoles,Girona,2019,5,1,1,3,3,1,1,0,5,0,0,0,1,0,0,0,0,0,0
170767,Garrigoles,Girona,2020,6,4,0,2,2,0,4,0,6,3,0,0,1,0,0,0,0,0,0
170767,Garrigoles,Girona,2021,9,1,4,4,2,3,4,0,9,3,0,0,1,0,0,0,0,0,0
170767,Garrigoles,Girona,2022,1,1,0,0,0,0,1,0,1,1,0,0,0,0,0,0,0,0,0
170767,Garrigoles,Girona,2023,3,1,2,0,0,0,3,0,3,0,0,0,0,3,0,0,0,0,0
170773,Garriguella,Girona,2011,7,1,0,6,0,0,7,0,7,3,0,0,0,4,0,0,0,0,0
170773,Garriguella,Girona,2012,3,0,0,3,1,0,2,0,3,0,0,0,0,2,0,0,0,0,0
170773,Garriguella,Girona,2013,2,1,0,1,1,1,0,0,2,0,0,0,0,0,0,0,0,0,0
170773,Garriguella,Girona,2014,0,0,0,0,0,0,0,0,0,0,0,0,0,0,0,0,0,0,0
170773,Garriguella,Girona,2015,2,1,0,1,1,0,1,0,2,1,0,0,0,0,0,0,0,0,0
170773,Garriguella,Girona,2016,6,1,3,2,1,0,4,1,5,2,1,0,0,1,0,0,0,0,0
170773,Garriguella,Girona,2017,15,10,3,2,0,0,14,1,14,1,1,8,0,4,0,0,0,0,0
170773,Garriguella,Girona,2018,1,1,0,0,0,0,1,0,1,0,0,0,0,1,0,0,0,0,0
170773,Garriguella,Girona,2019,3,0,1,2,0,0,3,0,3,2,0,0,0,1,0,0,0,0,0
170773,Garriguella,Girona,2020,7,1,0,6,0,0,6,1,6,3,0,0,0,3,0,0,0,0,0
170773,Garriguella,Girona,2021,4,0,0,4,0,0,2,2,2,0,0,0,0,2,0,0,0,0,0
170773,Garriguella,Girona,2022,2,1,0,1,0,1,0,1,1,0,0,0,0,0,0,0,0,0,0
170773,Garriguella,Girona,2023,4,0,1,3,3,1,0,0,4,0,0,0,0,0,0,0,0,0,0
170789,Ger,Girona,2011,5,0,4,1,1,0,4,0,5,0,3,1,0,0,0,0,0,0,0
170789,Ger,Girona,2012,2,0,1,1,0,0,2,0,2,0,2,0,0,0,0,0,0,0,0
170789,Ger,Girona,2013,4,0,1,3,0,1,3,0,4,0,3,0,0,0,0,0,0,0,0
170789,Ger,Girona,2014,1,0,1,0,0,1,0,0,1,0,0,0,0,0,0,0,0,0,0
170789,Ger,Girona,2015,4,3,1,0,1,3,0,0,4,0,0,0,0,0,0,0,0,0,0
170789,Ger,Girona,2016,0,0,0,0,0,0,0,0,0,0,0,0,0,0,0,0,0,0,0
170789,Ger,Girona,2017,3,1,1,1,0,1,2,0,3,0,0,0,0,2,0,0,0,0,0
170789,Ger,Girona,2018,2,0,2,0,1,0,1,0,2,0,0,0,0,1,0,0,0,0,0
170789,Ger,Girona,2019,0,0,0,0,0,0,0,0,0,0,0,0,0,0,0,0,0,0,0
170789,Ger,Girona,2020,1,0,0,1,1,0,0,0,1,0,0,0,0,0,0,0,0,0,0
170789,Ger,Girona,2021,0,0,0,0,0,0,0,0,0,0,0,0,0,0,0,0,0,0,0
170792,Girona,Girona,2011,1692,392,685,615,304,250,1114,24,1668,145,58,191,60,601,46,13,0,0,0
170792,Girona,Girona,2012,1754,583,650,521,240,227,1266,21,1733,152,63,215,96,664,59,17,0,0,0
170792,Girona,Girona,2013,1245,415,487,343,138,177,919,11,1234,104,49,157,65,494,39,11,0,0,0
170792,Girona,Girona,2014,1165,415,420,330,144,162,844,15,1150,125,59,136,38,429,47,10,0,0,0
170792,Girona,Girona,2015,1206,361,510,335,144,172,877,13,1193,107,60,79,53,510,55,13,0,0,0
170792,Girona,Girona,2016,1403,509,545,349,147,176,1075,5,1398,130,85,143,63,606,36,12,0,0,0
170792,Girona,Girona,2017,1349,543,507,299,128,160,1052,9,1340,99,59,168,62,601,51,12,0,0,0
170792,Girona,Girona,2018,1801,604,793,404,157,182,1444,18,1783,122,76,255,68,859,55,9,0,0,0
170792,Girona,Girona,2019,2093,732,954,407,138,185,1761,9,2084,97,77,338,103,1045,90,11,0,0,0
170792,Girona,Girona,2020,1672,659,681,332,97,147,1305,123,1549,79,59,214,49,848,41,15,0,0,0
170792,Girona,Girona,2021,1904,702,864,338,99,101,1155,549,1355,73,52,132,57,788,46,7,0,0,0
170792,Girona,Girona,2022,1841,933,651,257,54,108,1494,185,1656,85,212,240,79,824,44,10,0,0,0
170792,Girona,Girona,2023,2328,958,1012,358,113,141,1991,83,2245,126,212,308,93,1144,69,39,0,0,0
170806,Gombrèn,Girona,2011,2,0,0,2,0,0,2,0,2,2,0,0,0,0,0,0,0,0,0
170806,Gombrèn,Girona,2012,0,0,0,0,0,0,0,0,0,0,0,0,0,0,0,0,0,0,0
170806,Gombrèn,Girona,2013,0,0,0,0,0,0,0,0,0,0,0,0,0,0,0,0,0,0,0
170806,Gombrèn,Girona,2014,0,0,0,0,0,0,0,0,0,0,0,0,0,0,0,0,0,0,0
170806,Gombrèn,Girona,2015,0,0,0,0,0,0,0,0,0,0,0,0,0,0,0,0,0,0,0
170806,Gombrèn,Girona,2016,0,0,0,0,0,0,0,0,0,0,0,0,0,0,0,0,0,0,0
170806,Gombrèn,Girona,2017,0,0,0,0,0,0,0,0,0,0,0,0,0,0,0,0,0,0,0
170806,Gombrèn,Girona,2018,0,0,0,0,0,0,0,0,0,0,0,0,0,0,0,0,0,0,0
170806,Gombrèn,Girona,2019,2,0,2,0,0,1,1,0,2,0,1,0,0,0,0,0,0,0,0
170806,Gombrèn,Girona,2020,0,0,0,0,0,0,0,0,0,0,0,0,0,0,0,0,0,0,0
170806,Gombrèn,Girona,2021,0,0,0,0,0,0,0,0,0,0,0,0,0,0,0,0,0,0,0
170806,Gombrèn,Girona,2023,3,0,3,0,0,0,3,0,3,0,3,0,0,0,0,0,0,0,0
170813,Gualta,Girona,2011,3,1,1,1,1,0,2,0,3,0,0,1,0,1,0,0,0,0,0
170813,Gualta,Girona,2012,3,0,2,1,0,0,2,1,2,0,0,0,0,2,0,0,0,0,0
170813,Gualta,Girona,2013,7,2,2,3,0,0,5,2,5,1,0,0,0,3,0,1,0,0,0
170813,Gualta,Girona,2014,6,1,3,2,0,0,6,0,6,2,0,2,0,2,0,0,0,0,0
170813,Gualta,Girona,2015,5,1,3,1,0,0,5,0,5,1,0,2,0,2,0,0,0,0,0
170813,Gualta,Girona,2016,3,2,1,0,0,0,3,0,3,0,0,0,0,3,0,0,0,0,0
170813,Gualta,Girona,2017,3,0,3,0,0,0,3,0,3,0,0,0,0,3,0,0,0,0,0
170813,Gualta,Girona,2018,3,2,1,0,0,0,3,0,3,0,0,0,0,3,0,0,0,0,0
170813,Gualta,Girona,2019,0,0,0,0,0,0,0,0,0,0,0,0,0,0,0,0,0,0,0
170813,Gualta,Girona,2020,0,0,0,0,0,0,0,0,0,0,0,0,0,0,0,0,0,0,0
170813,Gualta,Girona,2021,0,0,0,0,0,0,0,0,0,0,0,0,0,0,0,0,0,0,0
170813,Gualta,Girona,2022,2,2,0,0,0,0,2,0,2,0,2,0,0,0,0,0,0,0,0
170828,Guils de Cerdanya,Girona,2011,1,0,0,1,0,0,1,0,1,0,0,0,0,1,0,0,0,0,0
170828,Guils de Cerdanya,Girona,2012,1,0,0,1,1,0,0,0,1,0,0,0,0,0,0,0,0,0,0
170828,Guils de Cerdanya,Girona,2013,0,0,0,0,0,0,0,0,0,0,0,0,0,0,0,0,0,0,0
170828,Guils de Cerdanya,Girona,2014,0,0,0,0,0,0,0,0,0,0,0,0,0,0,0,0,0,0,0
170828,Guils de Cerdanya,Girona,2015,4,1,1,2,0,0,4,0,4,0,0,0,0,4,0,0,0,0,0
170828,Guils de Cerdanya,Girona,2016,1,0,1,0,0,0,1,0,1,0,0,0,0,1,0,0,0,0,0
170828,Guils de Cerdanya,Girona,2017,0,0,0,0,0,0,0,0,0,0,0,0,0,0,0,0,0,0,0
170828,Guils de Cerdanya,Girona,2018,0,0,0,0,0,0,0,0,0,0,0,0,0,0,0,0,0,0,0
170828,Guils de Cerdanya,Girona,2019,0,0,0,0,0,0,0,0,0,0,0,0,0,0,0,0,0,0,0
170828,Guils de Cerdanya,Girona,2020,0,0,0,0,0,0,0,0,0,0,0,0,0,0,0,0,0,0,0
170828,Guils de Cerdanya,Girona,2021,0,0,0,0,0,0,0,0,0,0,0,0,0,0,0,0,0,0,0
170828,Guils de Cerdanya,Girona,2022,1,1,0,0,0,0,1,0,1,0,0,1,0,0,0,0,0,0,0
170828,Guils de Cerdanya,Girona,2023,4,2,1,1,0,0,4,0,4,0,0,1,0,3,0,0,0,0,0
170834,Hostalric,Girona,2011,49,0,42,7,6,5,37,1,48,5,1,24,4,3,0,0,0,0,0
170834,Hostalric,Girona,2012,33,26,5,2,3,5,24,1,32,0,1,2,7,12,1,1,0,0,0
170834,Hostalric,Girona,2013,22,1,17,4,5,2,15,0,22,2,1,0,6,5,1,0,0,0,0
170834,Hostalric,Girona,2014,25,19,4,2,5,0,20,0,25,3,1,7,2,6,1,0,0,0,0
170834,Hostalric,Girona,2015,13,0,11,2,2,0,11,0,13,3,0,5,1,1,1,0,0,0,0
170834,Hostalric,Girona,2016,8,2,3,3,1,2,5,0,8,0,2,0,0,3,0,0,0,0,0
170834,Hostalric,Girona,2017,45,9,28,8,3,2,40,0,45,0,2,13,6,18,1,0,0,0,0
170834,Hostalric,Girona,2018,49,25,22,2,0,0,49,0,49,2,1,24,6,15,1,0,0,0,0
170834,Hostalric,Girona,2019,49,46,3,0,0,0,49,0,49,0,0,25,9,13,2,0,0,0,0
170834,Hostalric,Girona,2020,10,3,6,1,0,1,8,1,9,0,0,1,1,5,1,0,0,0,0
170834,Hostalric,Girona,2021,25,11,12,2,2,0,12,11,14,0,0,2,0,10,0,0,0,0,0
170834,Hostalric,Girona,2022,21,7,9,5,5,0,14,2,19,0,0,12,1,1,0,0,0,0,0
170834,Hostalric,Girona,2023,18,5,9,4,5,0,12,1,17,1,0,7,1,3,0,0,0,0,0
170849,Isòvol,Girona,2011,0,0,0,0,0,0,0,0,0,0,0,0,0,0,0,0,0,0,0
170849,Isòvol,Girona,2012,0,0,0,0,0,0,0,0,0,0,0,0,0,0,0,0,0,0,0
170849,Isòvol,Girona,2013,0,0,0,0,0,0,0,0,0,0,0,0,0,0,0,0,0,0,0
170849,Isòvol,Girona,2014,1,1,0,0,0,0,1,0,1,0,0,0,0,1,0,0,0,0,0
170849,Isòvol,Girona,2015,2,0,2,0,0,0,2,0,2,0,0,0,0,2,0,0,0,0,0
170849,Isòvol,Girona,2016,3,1,2,0,0,0,3,0,3,1,0,0,0,2,0,0,0,0,0
170849,Isòvol,Girona,2017,0,0,0,0,0,0,0,0,0,0,0,0,0,0,0,0,0,0,0
170849,Isòvol,Girona,2018,0,0,0,0,0,0,0,0,0,0,0,0,0,0,0,0,0,0,0
170849,Isòvol,Girona,2019,0,0,0,0,0,0,0,0,0,0,0,0,0,0,0,0,0,0,0
170849,Isòvol,Girona,2020,0,0,0,0,0,0,0,0,0,0,0,0,0,0,0,0,0,0,0
170849,Isòvol,Girona,2021,1,1,0,0,0,0,0,1,0,0,0,0,0,0,0,0,0,0,0
170849,Isòvol,Girona,2022,1,0,1,0,0,0,1,0,1,0,1,0,0,0,0,0,0,0,0
170849,Isòvol,Girona,2023,1,0,1,0,0,0,1,0,1,0,1,0,0,0,0,0,0,0,0
170852,Jafre,Girona,2011,2,0,0,2,2,0,0,0,2,0,0,0,0,0,0,0,0,0,0
170852,Jafre,Girona,2012,2,0,2,0,0,0,2,0,2,0,0,0,2,0,0,0,0,0,0
170852,Jafre,Girona,2013,1,0,0,1,1,0,0,0,1,0,0,0,0,0,0,0,0,0,0
170852,Jafre,Girona,2014,0,0,0,0,0,0,0,0,0,0,0,0,0,0,0,0,0,0,0
170852,Jafre,Girona,2015,3,2,1,0,0,0,3,0,3,0,0,1,0,2,0,0,0,0,0
170852,Jafre,Girona,2016,1,0,1,0,0,0,1,0,1,0,0,0,0,0,1,0,0,0,0
170852,Jafre,Girona,2017,0,0,0,0,0,0,0,0,0,0,0,0,0,0,0,0,0,0,0
170852,Jafre,Girona,2018,0,0,0,0,0,0,0,0,0,0,0,0,0,0,0,0,0,0,0
170852,Jafre,Girona,2019,0,0,0,0,0,0,0,0,0,0,0,0,0,0,0,0,0,0,0
170852,Jafre,Girona,2020,0,0,0,0,0,0,0,0,0,0,0,0,0,0,0,0,0,0,0
170852,Jafre,Girona,2021,0,0,0,0,0,0,0,0,0,0,0,0,0,0,0,0,0,0,0
170865,la Jonquera,Girona,2011,39,10,28,1,0,6,31,2,37,3,0,25,0,3,0,0,0,0,0
170865,la Jonquera,Girona,2012,42,39,3,0,1,2,27,12,30,2,0,14,1,10,0,0,0,0,0
170865,la Jonquera,Girona,2013,24,7,16,1,0,1,22,1,23,1,0,9,4,7,1,0,0,0,0
170865,la Jonquera,Girona,2014,3,2,1,0,0,0,3,0,3,0,0,1,0,2,0,0,0,0,0
170865,la Jonquera,Girona,2015,16,15,1,0,0,4,12,0,16,2,0,7,0,3,0,0,0,0,0
170865,la Jonquera,Girona,2016,24,21,2,1,1,4,19,0,24,2,0,10,2,5,0,0,0,0,0
170865,la Jonquera,Girona,2017,21,19,2,0,0,3,18,0,21,1,0,10,0,7,0,0,0,0,0
170865,la Jonquera,Girona,2018,14,12,2,0,0,2,12,0,14,0,0,7,0,5,0,0,0,0,0
170865,la Jonquera,Girona,2019,33,31,0,2,2,0,31,0,33,1,0,12,0,18,0,0,0,0,0
170865,la Jonquera,Girona,2020,23,22,1,0,0,0,23,0,23,1,0,7,0,15,0,0,0,0,0
170865,la Jonquera,Girona,2021,13,11,2,0,0,0,6,7,6,0,0,5,0,1,0,0,0,0,0
170865,la Jonquera,Girona,2022,4,2,2,0,0,0,4,0,4,0,0,4,0,0,0,0,0,0,0
170865,la Jonquera,Girona,2023,31,28,3,0,0,0,31,0,31,1,5,4,2,18,1,0,0,0,0
170871,Juià,Girona,2011,0,0,0,0,0,0,0,0,0,0,0,0,0,0,0,0,0,0,0
170871,Juià,Girona,2012,5,3,1,1,0,0,5,0,5,1,0,0,4,0,0,0,0,0,0
170871,Juià,Girona,2013,0,0,0,0,0,0,0,0,0,0,0,0,0,0,0,0,0,0,0
170871,Juià,Girona,2014,0,0,0,0,0,0,0,0,0,0,0,0,0,0,0,0,0,0,0
170871,Juià,Girona,2015,0,0,0,0,0,0,0,0,0,0,0,0,0,0,0,0,0,0,0
170871,Juià,Girona,2016,1,0,1,0,0,0,1,0,1,1,0,0,0,0,0,0,0,0,0
170871,Juià,Girona,2017,3,2,0,1,0,0,3,0,3,1,0,2,0,0,0,0,0,0,0
170871,Juià,Girona,2018,0,0,0,0,0,0,0,0,0,0,0,0,0,0,0,0,0,0,0
170871,Juià,Girona,2019,0,0,0,0,0,0,0,0,0,0,0,0,0,0,0,0,0,0,0
170871,Juià,Girona,2020,0,0,0,0,0,0,0,0,0,0,0,0,0,0,0,0,0,0,0
170871,Juià,Girona,2021,0,0,0,0,0,0,0,0,0,0,0,0,0,0,0,0,0,0,0
170887,Lladó,Girona,2011,0,0,0,0,0,0,0,0,0,0,0,0,0,0,0,0,0,0,0
170887,Lladó,Girona,2012,0,0,0,0,0,0,0,0,0,0,0,0,0,0,0,0,0,0,0
170887,Lladó,Girona,2013,1,0,0,1,1,0,0,0,1,0,0,0,0,0,0,0,0,0,0
170887,Lladó,Girona,2014,2,2,0,0,0,1,1,0,2,0,0,0,0,1,0,0,0,0,0
170887,Lladó,Girona,2015,3,1,2,0,0,1,2,0,3,0,0,0,0,2,0,0,0,0,0
170887,Lladó,Girona,2016,0,0,0,0,0,0,0,0,0,0,0,0,0,0,0,0,0,0,0
170887,Lladó,Girona,2017,3,1,0,2,2,0,1,0,3,0,0,0,0,1,0,0,0,0,0
170887,Lladó,Girona,2018,2,0,1,1,1,0,1,0,2,0,0,0,0,1,0,0,0,0,0
170887,Lladó,Girona,2019,7,2,4,1,1,0,6,0,7,3,1,0,0,2,0,0,0,0,0
170887,Lladó,Girona,2020,4,1,3,0,0,0,4,0,4,2,1,1,0,0,0,0,0,0,0
170887,Lladó,Girona,2021,2,1,1,0,0,0,0,2,0,0,0,0,0,0,0,0,0,0,0
170887,Lladó,Girona,2023,3,3,0,0,0,0,3,0,3,0,0,1,0,2,0,0,0,0,0
170890,Llagostera,Girona,2011,261,159,77,25,22,9,228,2,259,9,6,133,42,31,7,0,0,0,0
170890,Llagostera,Girona,2012,171,94,61,16,16,12,141,2,169,8,3,80,28,21,1,0,0,0,0
170890,Llagostera,Girona,2013,87,31,51,5,4,9,74,0,87,13,6,34,13,8,0,0,0,0,0
170890,Llagostera,Girona,2014,83,64,17,2,2,6,75,0,83,5,2,41,12,8,7,0,0,0,0
170890,Llagostera,Girona,2015,102,81,19,2,2,5,94,1,101,6,3,59,9,14,3,0,0,0,0
170890,Llagostera,Girona,2016,78,42,30,6,1,5,69,3,75,4,2,42,5,13,3,0,0,0,0
170890,Llagostera,Girona,2017,100,50,36,14,4,9,84,3,97,5,3,44,9,21,2,0,0,0,0
170890,Llagostera,Girona,2018,103,44,47,12,8,5,90,0,103,5,8,47,9,16,5,0,0,0,0
170890,Llagostera,Girona,2019,144,63,66,15,9,3,132,0,144,12,5,48,13,52,1,1,0,0,0
170890,Llagostera,Girona,2020,101,32,59,10,6,6,87,2,99,1,7,47,1,28,0,3,0,0,0
170890,Llagostera,Girona,2021,141,59,76,6,2,2,128,9,132,9,8,45,7,57,2,0,0,0,0
170890,Llagostera,Girona,2022,75,36,38,1,0,2,72,1,74,5,0,40,7,19,1,0,0,0,0
170890,Llagostera,Girona,2023,96,44,36,16,8,12,76,0,96,5,2,31,3,33,0,2,0,0,0
170904,Llambilles,Girona,2011,1,0,1,0,0,1,0,0,1,0,0,0,0,0,0,0,0,0,0
170904,Llambilles,Girona,2012,9,1,2,6,3,2,4,0,9,0,1,0,0,3,0,0,0,0,0
170904,Llambilles,Girona,2013,4,0,0,4,1,1,2,0,4,0,2,0,0,0,0,0,0,0,0
170904,Llambilles,Girona,2014,2,0,0,2,0,0,2,0,2,0,2,0,0,0,0,0,0,0,0
170904,Llambilles,Girona,2015,3,0,0,3,2,0,1,0,3,0,1,0,0,0,0,0,0,0,0
170904,Llambilles,Girona,2016,1,0,0,1,1,0,0,0,1,0,0,0,0,0,0,0,0,0,0
170904,Llambilles,Girona,2017,0,0,0,0,0,0,0,0,0,0,0,0,0,0,0,0,0,0,0
170904,Llambilles,Girona,2018,2,2,0,0,0,0,2,0,2,2,0,0,0,0,0,0,0,0,0
170904,Llambilles,Girona,2019,2,1,1,0,0,0,2,0,2,0,0,0,0,2,0,0,0,0,0
170904,Llambilles,Girona,2020,1,0,0,1,1,0,0,0,1,0,0,0,0,0,0,0,0,0,0
170904,Llambilles,Girona,2021,2,1,1,0,0,0,2,0,2,0,0,0,0,2,0,0,0,0,0
170904,Llambilles,Girona,2023,1,1,0,0,0,0,1,0,1,1,0,0,0,0,0,0,0,0,0
170911,Llanars,Girona,2011,0,0,0,0,0,0,0,0,0,0,0,0,0,0,0,0,0,0,0
170911,Llanars,Girona,2012,0,0,0,0,0,0,0,0,0,0,0,0,0,0,0,0,0,0,0
170911,Llanars,Girona,2013,0,0,0,0,0,0,0,0,0,0,0,0,0,0,0,0,0,0,0
170911,Llanars,Girona,2014,0,0,0,0,0,0,0,0,0,0,0,0,0,0,0,0,0,0,0
170911,Llanars,Girona,2015,0,0,0,0,0,0,0,0,0,0,0,0,0,0,0,0,0,0,0
170911,Llanars,Girona,2016,0,0,0,0,0,0,0,0,0,0,0,0,0,0,0,0,0,0,0
170911,Llanars,Girona,2017,0,0,0,0,0,0,0,0,0,0,0,0,0,0,0,0,0,0,0
170911,Llanars,Girona,2018,4,2,2,0,0,0,4,0,4,0,0,0,0,4,0,0,0,0,0
170911,Llanars,Girona,2019,2,1,1,0,0,0,2,0,2,0,0,0,0,2,0,0,0,0,0
170911,Llanars,Girona,2020,4,1,1,2,2,0,2,0,4,0,0,0,0,2,0,0,0,0,0
170911,Llanars,Girona,2021,2,0,1,1,1,0,1,0,2,0,0,0,0,1,0,0,0,0,0
170911,Llanars,Girona,2022,2,2,0,0,0,0,2,0,2,0,0,0,0,2,0,0,0,0,0
170911,Llanars,Girona,2023,2,1,1,0,0,0,2,0,2,0,0,0,0,2,0,0,0,0,0
170926,Llançà,Girona,2011,80,50,23,7,6,7,66,1,79,30,2,16,0,18,0,0,0,0,0
170926,Llançà,Girona,2012,59,25,30,4,4,10,44,1,58,22,2,12,0,7,0,1,0,0,0
170926,Llançà,Girona,2013,43,19,21,3,2,3,36,2,41,12,2,16,0,6,0,0,0,0,0
170926,Llançà,Girona,2014,37,32,1,4,4,3,30,0,37,12,4,7,1,6,0,0,0,0,0
170926,Llançà,Girona,2015,21,15,4,2,3,1,17,0,21,10,1,2,1,3,0,0,0,0,0
170926,Llançà,Girona,2016,7,1,3,3,3,0,4,0,7,2,0,1,0,1,0,0,0,0,0
170926,Llançà,Girona,2017,7,2,2,3,3,0,4,0,7,0,0,2,1,1,0,0,0,0,0
170926,Llançà,Girona,2018,3,0,0,3,2,1,0,0,3,0,0,0,0,0,0,0,0,0,0
170926,Llançà,Girona,2019,29,20,5,4,3,2,24,0,29,9,2,4,1,8,0,0,0,0,0
170926,Llançà,Girona,2020,22,10,12,0,0,0,20,2,20,8,3,4,0,5,0,0,0,0,0
170926,Llançà,Girona,2021,21,6,13,2,2,1,7,11,10,1,3,0,0,3,0,0,0,0,0
170926,Llançà,Girona,2022,18,10,5,3,0,1,15,2,16,4,4,0,0,7,0,0,0,0,0
170926,Llançà,Girona,2023,31,11,15,5,0,1,29,1,30,14,1,0,0,14,0,0,0,0,0
170932,Llers,Girona,2011,4,0,2,2,2,0,2,0,4,0,0,0,0,2,0,0,0,0,0
170932,Llers,Girona,2012,4,1,2,1,1,0,3,0,4,0,0,1,0,2,0,0,0,0,0
170932,Llers,Girona,2013,4,0,2,2,2,0,2,0,4,0,0,1,0,1,0,0,0,0,0
170932,Llers,Girona,2014,0,0,0,0,0,0,0,0,0,0,0,0,0,0,0,0,0,0,0
170932,Llers,Girona,2015,2,0,1,1,0,0,2,0,2,0,0,0,0,2,0,0,0,0,0
170932,Llers,Girona,2016,2,0,1,1,0,1,1,0,2,0,0,0,0,1,0,0,0,0,0
170932,Llers,Girona,2017,3,1,1,1,1,1,1,0,3,1,0,0,0,0,0,0,0,0,0
170932,Llers,Girona,2018,7,2,3,2,2,1,4,0,7,3,0,1,0,0,0,0,0,0,0
170932,Llers,Girona,2019,7,3,3,1,1,0,6,0,7,0,0,2,0,4,0,0,0,0,0
170932,Llers,Girona,2020,1,1,0,0,0,0,1,0,1,0,0,1,0,0,0,0,0,0,0
170932,Llers,Girona,2021,1,0,1,0,0,0,1,0,1,0,0,0,0,1,0,0,0,0,0
170932,Llers,Girona,2023,5,0,0,5,4,1,0,0,5,0,0,0,0,0,0,0,0,0,0
170947,Llívia,Girona,2011,12,4,1,7,3,2,7,0,12,0,1,0,0,6,0,0,0,0,0
170947,Llívia,Girona,2012,9,2,3,4,2,0,7,0,9,2,0,0,0,5,0,0,0,0,0
170947,Llívia,Girona,2013,4,0,2,2,1,0,3,0,4,2,0,0,0,1,0,0,0,0,0
170947,Llívia,Girona,2014,1,0,1,0,0,0,1,0,1,1,0,0,0,0,0,0,0,0,0
170947,Llívia,Girona,2015,0,0,0,0,0,0,0,0,0,0,0,0,0,0,0,0,0,0,0
170947,Llívia,Girona,2016,4,1,2,1,0,2,2,0,4,0,1,0,0,1,0,0,0,0,0
170947,Llívia,Girona,2017,3,2,1,0,0,0,3,0,3,0,0,2,0,1,0,0,0,0,0
170947,Llívia,Girona,2018,5,1,4,0,1,0,4,0,5,0,0,1,0,3,0,0,0,0,0
170947,Llívia,Girona,2019,3,1,1,1,1,1,1,0,3,0,0,0,1,0,0,0,0,0,0
170947,Llívia,Girona,2020,4,2,2,0,0,0,3,1,3,0,0,1,0,2,0,0,0,0,0
170947,Llívia,Girona,2021,7,3,4,0,0,0,3,4,3,0,0,1,0,2,0,0,0,0,0
170947,Llívia,Girona,2022,6,2,4,0,0,0,3,3,3,0,1,1,0,1,0,0,0,0,0
170947,Llívia,Girona,2023,5,3,1,1,0,1,2,2,3,0,0,0,0,2,0,0,0,0,0
170950,Lloret de Mar,Girona,2011,1099,445,446,208,92,115,887,5,1094,179,134,93,78,243,160,0,0,0,0
170950,Lloret de Mar,Girona,2012,924,394,376,154,60,90,774,0,924,151,142,60,42,197,182,0,0,0,0
170950,Lloret de Mar,Girona,2013,704,283,305,116,48,80,576,0,704,107,129,46,25,155,114,0,0,0,0
170950,Lloret de Mar,Girona,2014,613,243,239,131,61,58,493,1,612,73,125,38,36,141,80,0,0,0,0
170950,Lloret de Mar,Girona,2015,614,270,231,113,40,55,518,1,613,71,128,73,14,117,113,2,0,0,0
170950,Lloret de Mar,Girona,2016,569,280,206,83,29,52,488,0,569,53,141,67,17,110,100,0,0,0,0
170950,Lloret de Mar,Girona,2017,588,318,205,65,26,51,511,0,588,77,158,28,17,120,110,1,0,0,0
170950,Lloret de Mar,Girona,2018,659,317,265,77,20,40,596,3,656,76,163,48,15,173,119,2,0,0,0
170950,Lloret de Mar,Girona,2019,765,414,288,63,20,42,702,1,764,76,190,65,15,212,143,1,0,0,0
170950,Lloret de Mar,Girona,2020,511,258,209,44,14,22,465,10,501,41,106,59,5,184,70,0,0,0,0
170950,Lloret de Mar,Girona,2021,519,193,260,66,16,25,293,185,334,44,66,31,5,119,28,0,0,0,0
170950,Lloret de Mar,Girona,2022,668,411,190,67,12,15,548,93,575,40,262,54,7,150,34,1,0,0,0
170950,Lloret de Mar,Girona,2023,702,374,261,67,18,35,638,11,691,37,255,46,8,227,64,1,0,0,0
170963,Les Llosses,Girona,2011,1,0,0,1,0,0,1,0,1,0,0,0,0,1,0,0,0,0,0
170963,Les Llosses,Girona,2012,2,0,0,2,0,0,2,0,2,0,0,0,0,2,0,0,0,0,0
170963,Les Llosses,Girona,2013,0,0,0,0,0,0,0,0,0,0,0,0,0,0,0,0,0,0,0
170963,Les Llosses,Girona,2014,0,0,0,0,0,0,0,0,0,0,0,0,0,0,0,0,0,0,0
170963,Les Llosses,Girona,2015,0,0,0,0,0,0,0,0,0,0,0,0,0,0,0,0,0,0,0
170963,Les Llosses,Girona,2016,0,0,0,0,0,0,0,0,0,0,0,0,0,0,0,0,0,0,0
170963,Les Llosses,Girona,2017,1,0,0,1,1,0,0,0,1,0,0,0,0,0,0,0,0,0,0
170963,Les Llosses,Girona,2018,0,0,0,0,0,0,0,0,0,0,0,0,0,0,0,0,0,0,0
170963,Les Llosses,Girona,2019,0,0,0,0,0,0,0,0,0,0,0,0,0,0,0,0,0,0,0
170963,Les Llosses,Girona,2020,0,0,0,0,0,0,0,0,0,0,0,0,0,0,0,0,0,0,0
170963,Les Llosses,Girona,2021,0,0,0,0,0,0,0,0,0,0,0,0,0,0,0,0,0,0,0
170963,Les Llosses,Girona,2022,1,1,0,0,0,1,0,0,1,0,0,0,0,0,0,0,0,0,0
170963,Les Llosses,Girona,2023,1,0,1,0,0,1,0,0,1,0,0,0,0,0,0,0,0,0,0
170979,Madremanya,Girona,2011,3,1,2,0,0,0,3,0,3,3,0,0,0,0,0,0,0,0,0
170979,Madremanya,Girona,2012,2,0,2,0,0,0,2,0,2,2,0,0,0,0,0,0,0,0,0
170979,Madremanya,Girona,2013,1,0,1,0,0,0,1,0,1,1,0,0,0,0,0,0,0,0,0
170979,Madremanya,Girona,2014,2,1,1,0,0,0,2,0,2,2,0,0,0,0,0,0,0,0,0
170979,Madremanya,Girona,2015,0,0,0,0,0,0,0,0,0,0,0,0,0,0,0,0,0,0,0
170979,Madremanya,Girona,2016,1,0,0,1,1,0,0,0,1,0,0,0,0,0,0,0,0,0,0
170979,Madremanya,Girona,2017,2,0,0,2,2,0,0,0,2,0,0,0,0,0,0,0,0,0,0
170979,Madremanya,Girona,2018,2,0,0,2,2,0,0,0,2,0,0,0,0,0,0,0,0,0,0
170979,Madremanya,Girona,2019,2,1,0,1,1,0,1,0,2,0,0,0,0,1,0,0,0,0,0
170979,Madremanya,Girona,2020,0,0,0,0,0,0,0,0,0,0,0,0,0,0,0,0,0,0,0
170979,Madremanya,Girona,2021,0,0,0,0,0,0,0,0,0,0,0,0,0,0,0,0,0,0,0
170979,Madremanya,Girona,2022,1,1,0,0,0,0,1,0,1,0,1,0,0,0,0,0,0,0,0
170985,Maià de Montcal,Girona,2011,2,0,2,0,0,0,2,0,2,2,0,0,0,0,0,0,0,0,0
170985,Maià de Montcal,Girona,2012,0,0,0,0,0,0,0,0,0,0,0,0,0,0,0,0,0,0,0
170985,Maià de Montcal,Girona,2013,0,0,0,0,0,0,0,0,0,0,0,0,0,0,0,0,0,0,0
170985,Maià de Montcal,Girona,2014,1,1,0,0,0,1,0,0,1,0,0,0,0,0,0,0,0,0,0
170985,Maià de Montcal,Girona,2015,3,1,0,2,0,3,0,0,3,0,0,0,0,0,0,0,0,0,0
170985,Maià de Montcal,Girona,2016,2,0,2,0,0,2,0,0,2,0,0,0,0,0,0,0,0,0,0
170985,Maià de Montcal,Girona,2017,0,0,0,0,0,0,0,0,0,0,0,0,0,0,0,0,0,0,0
170985,Maià de Montcal,Girona,2018,0,0,0,0,0,0,0,0,0,0,0,0,0,0,0,0,0,0,0
170985,Maià de Montcal,Girona,2019,1,1,0,0,0,0,1,0,1,0,0,0,1,0,0,0,0,0,0
170985,Maià de Montcal,Girona,2020,3,2,1,0,0,0,3,0,3,0,0,2,1,0,0,0,0,0,0
170985,Maià de Montcal,Girona,2021,0,0,0,0,0,0,0,0,0,0,0,0,0,0,0,0,0,0,0
171002,Masarac i Vilarnadal,Girona,2011,1,0,1,0,0,0,1,0,1,1,0,0,0,0,0,0,0,0,0
171002,Masarac i Vilarnadal,Girona,2012,2,0,1,1,0,0,2,0,2,2,0,0,0,0,0,0,0,0,0
171002,Masarac i Vilarnadal,Girona,2013,5,3,1,1,0,0,5,0,5,1,0,0,4,0,0,0,0,0,0
171002,Masarac i Vilarnadal,Girona,2014,3,1,2,0,0,0,3,0,3,2,0,0,1,0,0,0,0,0,0
171002,Masarac i Vilarnadal,Girona,2015,4,0,4,0,0,0,4,0,4,4,0,0,0,0,0,0,0,0,0
171002,Masarac i Vilarnadal,Girona,2016,5,0,3,2,0,1,4,0,5,4,0,0,0,0,0,0,0,0,0
171002,Masarac i Vilarnadal,Girona,2017,4,0,0,4,0,1,3,0,4,3,0,0,0,0,0,0,0,0,0
171002,Masarac i Vilarnadal,Girona,2018,1,1,0,0,0,0,1,0,1,0,0,0,1,0,0,0,0,0,0
171002,Masarac i Vilarnadal,Girona,2019,4,1,0,3,0,2,2,0,4,1,0,0,1,0,0,0,0,0,0
171002,Masarac i Vilarnadal,Girona,2020,8,2,0,6,0,3,3,2,6,3,0,0,0,0,0,0,0,0,0
171002,Masarac i Vilarnadal,Girona,2021,6,0,0,6,0,3,3,0,6,3,0,0,0,0,0,0,0,0,0
171002,Masarac i Vilarnadal,Girona,2023,4,3,0,1,1,0,3,0,4,1,0,0,2,0,0,0,0,0,0
171019,Massanes,Girona,2011,3,0,2,1,1,0,2,0,3,0,0,0,0,2,0,0,0,0,0
171019,Massanes,Girona,2012,1,0,1,0,0,1,0,0,1,0,0,0,0,0,0,0,0,0,0
171019,Massanes,Girona,2013,0,0,0,0,0,0,0,0,0,0,0,0,0,0,0,0,0,0,0
171019,Massanes,Girona,2014,1,0,0,1,0,1,0,0,1,0,0,0,0,0,0,0,0,0,0
171019,Massanes,Girona,2015,4,1,1,2,1,2,1,0,4,1,0,0,0,0,0,0,0,0,0
171019,Massanes,Girona,2016,2,0,1,1,1,0,1,0,2,1,0,0,0,0,0,0,0,0,0
171019,Massanes,Girona,2017,1,0,1,0,0,0,1,0,1,1,0,0,0,0,0,0,0,0,0
171019,Massanes,Girona,2018,3,0,1,2,0,0,3,0,3,3,0,0,0,0,0,0,0,0,0
171019,Massanes,Girona,2019,1,0,0,1,0,0,1,0,1,1,0,0,0,0,0,0,0,0,0
171019,Massanes,Girona,2020,0,0,0,0,0,0,0,0,0,0,0,0,0,0,0,0,0,0,0
171019,Massanes,Girona,2021,0,0,0,0,0,0,0,0,0,0,0,0,0,0,0,0,0,0,0
171019,Massanes,Girona,2023,1,1,0,0,0,0,1,0,1,0,1,0,0,0,0,0,0,0,0
171024,Maçanet de Cabrenys,Girona,2011,2,0,0,2,0,0,2,0,2,0,0,0,0,2,0,0,0,0,0
171024,Maçanet de Cabrenys,Girona,2012,3,2,0,1,1,0,2,0,3,0,2,0,0,0,0,0,0,0,0
171024,Maçanet de Cabrenys,Girona,2013,3,0,3,0,0,0,3,0,3,0,3,0,0,0,0,0,0,0,0
171024,Maçanet de Cabrenys,Girona,2014,1,0,0,1,0,0,0,1,0,0,0,0,0,0,0,0,0,0,0
171024,Maçanet de Cabrenys,Girona,2015,0,0,0,0,0,0,0,0,0,0,0,0,0,0,0,0,0,0,0
171024,Maçanet de Cabrenys,Girona,2016,0,0,0,0,0,0,0,0,0,0,0,0,0,0,0,0,0,0,0
171024,Maçanet de Cabrenys,Girona,2017,0,0,0,0,0,0,0,0,0,0,0,0,0,0,0,0,0,0,0
171024,Maçanet de Cabrenys,Girona,2018,0,0,0,0,0,0,0,0,0,0,0,0,0,0,0,0,0,0,0
171024,Maçanet de Cabrenys,Girona,2019,2,1,1,0,0,0,2,0,2,0,0,0,0,2,0,0,0,0,0
171024,Maçanet de Cabrenys,Girona,2020,0,0,0,0,0,0,0,0,0,0,0,0,0,0,0,0,0,0,0
171024,Maçanet de Cabrenys,Girona,2021,1,0,0,1,0,0,0,1,0,0,0,0,0,0,0,0,0,0,0
171024,Maçanet de Cabrenys,Girona,2022,5,2,0,3,0,0,2,3,2,0,0,0,0,2,0,0,0,0,0
171024,Maçanet de Cabrenys,Girona,2023,2,2,0,0,0,0,2,0,2,0,0,0,0,2,0,0,0,0,0
171030,Maçanet de la Selva,Girona,2011,66,16,41,9,7,12,41,6,60,12,1,1,10,16,1,0,0,0,0
171030,Maçanet de la Selva,Girona,2012,29,2,22,5,4,4,20,1,28,4,0,0,4,9,3,0,0,0,0
171030,Maçanet de la Selva,Girona,2013,7,2,0,5,2,3,2,0,7,0,0,0,0,2,0,0,0,0,0
171030,Maçanet de la Selva,Girona,2014,2,1,0,1,1,0,1,0,2,0,0,0,1,0,0,0,0,0,0
171030,Maçanet de la Selva,Girona,2015,0,0,0,0,0,0,0,0,0,0,0,0,0,0,0,0,0,0,0
171030,Maçanet de la Selva,Girona,2016,1,0,0,1,1,0,0,0,1,0,0,0,0,0,0,0,0,0,0
171030,Maçanet de la Selva,Girona,2017,5,0,1,4,2,0,3,0,5,1,0,0,0,2,0,0,0,0,0
171030,Maçanet de la Selva,Girona,2018,5,0,1,4,1,0,4,0,5,0,0,0,0,4,0,0,0,0,0
171030,Maçanet de la Selva,Girona,2019,10,1,1,8,5,0,5,0,10,0,0,2,0,3,0,0,0,0,0
171030,Maçanet de la Selva,Girona,2020,4,1,0,3,2,0,1,1,3,0,0,0,0,1,0,0,0,0,0
171030,Maçanet de la Selva,Girona,2021,4,1,3,0,0,0,0,4,0,0,0,0,0,0,0,0,0,0,0
171030,Maçanet de la Selva,Girona,2022,5,1,3,1,1,0,1,3,2,0,0,0,0,1,0,0,0,0,0
171030,Maçanet de la Selva,Girona,2023,8,1,5,2,1,0,7,0,8,3,0,0,0,4,0,0,0,0,0
171058,Mieres,Girona,2011,0,0,0,0,0,0,0,0,0,0,0,0,0,0,0,0,0,0,0
171058,Mieres,Girona,2012,0,0,0,0,0,0,0,0,0,0,0,0,0,0,0,0,0,0,0
171058,Mieres,Girona,2013,0,0,0,0,0,0,0,0,0,0,0,0,0,0,0,0,0,0,0
171058,Mieres,Girona,2014,0,0,0,0,0,0,0,0,0,0,0,0,0,0,0,0,0,0,0
171058,Mieres,Girona,2015,0,0,0,0,0,0,0,0,0,0,0,0,0,0,0,0,0,0,0
171058,Mieres,Girona,2016,1,0,1,0,0,0,1,0,1,0,0,0,0,1,0,0,0,0,0
171058,Mieres,Girona,2017,1,0,1,0,0,0,1,0,1,0,0,0,0,1,0,0,0,0,0
171058,Mieres,Girona,2018,3,2,0,1,1,0,2,0,3,2,0,0,0,0,0,0,0,0,0
171058,Mieres,Girona,2019,0,0,0,0,0,0,0,0,0,0,0,0,0,0,0,0,0,0,0
171058,Mieres,Girona,2020,0,0,0,0,0,0,0,0,0,0,0,0,0,0,0,0,0,0,0
171058,Mieres,Girona,2021,0,0,0,0,0,0,0,0,0,0,0,0,0,0,0,0,0,0,0
171058,Mieres,Girona,2022,1,1,0,0,0,0,1,0,1,0,1,0,0,0,0,0,0,0,0
171058,Mieres,Girona,2023,2,0,2,0,0,0,2,0,2,0,2,0,0,0,0,0,0,0,0
171061,Mollet de Peralada,Girona,2011,0,0,0,0,0,0,0,0,0,0,0,0,0,0,0,0,0,0,0
171061,Mollet de Peralada,Girona,2012,0,0,0,0,0,0,0,0,0,0,0,0,0,0,0,0,0,0,0
171061,Mollet de Peralada,Girona,2013,0,0,0,0,0,0,0,0,0,0,0,0,0,0,0,0,0,0,0
171061,Mollet de Peralada,Girona,2014,0,0,0,0,0,0,0,0,0,0,0,0,0,0,0,0,0,0,0
171061,Mollet de Peralada,Girona,2015,0,0,0,0,0,0,0,0,0,0,0,0,0,0,0,0,0,0,0
171061,Mollet de Peralada,Girona,2016,0,0,0,0,0,0,0,0,0,0,0,0,0,0,0,0,0,0,0
171061,Mollet de Peralada,Girona,2017,0,0,0,0,0,0,0,0,0,0,0,0,0,0,0,0,0,0,0
171061,Mollet de Peralada,Girona,2018,0,0,0,0,0,0,0,0,0,0,0,0,0,0,0,0,0,0,0
171061,Mollet de Peralada,Girona,2019,2,2,0,0,0,0,2,0,2,0,0,2,0,0,0,0,0,0,0
171061,Mollet de Peralada,Girona,2020,0,0,0,0,0,0,0,0,0,0,0,0,0,0,0,0,0,0,0
171061,Mollet de Peralada,Girona,2021,0,0,0,0,0,0,0,0,0,0,0,0,0,0,0,0,0,0,0
171061,Mollet de Peralada,Girona,2023,7,2,5,0,0,0,7,0,7,1,0,0,0,6,0,0,0,0,0
171077,Molló,Girona,2011,0,0,0,0,0,0,0,0,0,0,0,0,0,0,0,0,0,0,0
171077,Molló,Girona,2012,0,0,0,0,0,0,0,0,0,0,0,0,0,0,0,0,0,0,0
171077,Molló,Girona,2013,0,0,0,0,0,0,0,0,0,0,0,0,0,0,0,0,0,0,0
171077,Molló,Girona,2014,0,0,0,0,0,0,0,0,0,0,0,0,0,0,0,0,0,0,0
171077,Molló,Girona,2015,0,0,0,0,0,0,0,0,0,0,0,0,0,0,0,0,0,0,0
171077,Molló,Girona,2016,0,0,0,0,0,0,0,0,0,0,0,0,0,0,0,0,0,0,0
171077,Molló,Girona,2017,0,0,0,0,0,0,0,0,0,0,0,0,0,0,0,0,0,0,0
171077,Molló,Girona,2018,1,1,0,0,0,0,1,0,1,0,0,0,0,1,0,0,0,0,0
171077,Molló,Girona,2019,2,2,0,0,0,0,2,0,2,2,0,0,0,0,0,0,0,0,0
171077,Molló,Girona,2020,4,1,3,0,0,0,4,0,4,3,0,0,0,1,0,0,0,0,0
171077,Molló,Girona,2021,0,0,0,0,0,0,0,0,0,0,0,0,0,0,0,0,0,0,0
171077,Molló,Girona,2022,2,2,0,0,0,0,2,0,2,0,2,0,0,0,0,0,0,0,0
171077,Molló,Girona,2023,1,1,0,0,0,0,1,0,1,0,0,0,0,1,0,0,0,0,0
171096,Montagut i Oix,Girona,2011,4,0,0,4,2,2,0,0,4,0,0,0,0,0,0,0,0,0,0
171096,Montagut i Oix,Girona,2012,6,0,2,4,2,2,2,0,6,1,0,0,0,1,0,0,0,0,0
171096,Montagut i Oix,Girona,2013,9,2,3,4,2,1,5,1,8,3,0,0,0,2,0,0,0,0,0
171096,Montagut i Oix,Girona,2014,4,1,3,0,0,0,4,0,4,1,0,0,0,3,0,0,0,0,0
171096,Montagut i Oix,Girona,2015,2,0,2,0,0,0,2,0,2,0,0,0,0,2,0,0,0,0,0
171096,Montagut i Oix,Girona,2016,1,0,1,0,0,0,1,0,1,0,0,0,0,1,0,0,0,0,0
171096,Montagut i Oix,Girona,2017,0,0,0,0,0,0,0,0,0,0,0,0,0,0,0,0,0,0,0
171096,Montagut i Oix,Girona,2018,1,0,0,1,0,0,1,0,1,1,0,0,0,0,0,0,0,0,0
171096,Montagut i Oix,Girona,2019,9,2,4,3,3,0,6,0,9,3,0,0,0,3,0,0,0,0,0
171096,Montagut i Oix,Girona,2020,3,1,2,0,0,0,3,0,3,2,0,0,0,1,0,0,0,0,0
171096,Montagut i Oix,Girona,2021,1,0,0,1,0,0,0,1,0,0,0,0,0,0,0,0,0,0,0
171096,Montagut i Oix,Girona,2022,4,0,4,0,0,0,4,0,4,4,0,0,0,0,0,0,0,0,0
171096,Montagut i Oix,Girona,2023,12,2,10,0,0,0,12,0,12,12,0,0,0,0,0,0,0,0,0
171100,Mont-ras,Girona,2011,35,18,2,15,6,3,26,0,35,1,6,17,0,2,0,0,0,0,0
171100,Mont-ras,Girona,2012,11,0,4,7,3,2,6,0,11,1,1,2,0,2,0,0,0,0,0
171100,Mont-ras,Girona,2013,8,3,5,0,0,0,8,0,8,2,1,3,0,2,0,0,0,0,0
171100,Mont-ras,Girona,2014,8,1,7,0,0,1,7,0,8,1,0,0,0,6,0,0,0,0,0
171100,Mont-ras,Girona,2015,10,4,3,3,2,2,6,0,10,3,0,2,0,1,0,0,0,0,0
171100,Mont-ras,Girona,2016,10,1,3,6,2,4,4,0,10,3,0,0,0,0,1,0,0,0,0
171100,Mont-ras,Girona,2017,8,0,2,6,2,2,4,0,8,3,0,0,0,1,0,0,0,0,0
171100,Mont-ras,Girona,2018,10,2,3,5,1,1,8,0,10,2,1,0,0,5,0,0,0,0,0
171100,Mont-ras,Girona,2019,15,7,3,5,3,2,10,0,15,0,1,0,0,9,0,0,0,0,0
171100,Mont-ras,Girona,2020,5,1,4,0,0,0,5,0,5,0,0,0,0,5,0,0,0,0,0
171100,Mont-ras,Girona,2021,1,0,1,0,0,0,1,0,1,0,0,0,0,1,0,0,0,0,0
171100,Mont-ras,Girona,2022,1,0,1,0,0,0,0,1,0,0,0,0,0,0,0,0,0,0,0
171100,Mont-ras,Girona,2023,5,2,2,1,1,0,4,0,5,0,0,3,0,1,0,0,0,0,0
171117,Navata,Girona,2011,9,5,1,3,1,4,4,0,9,3,1,0,0,0,0,0,0,0,0
171117,Navata,Girona,2012,6,2,3,1,0,1,5,0,6,1,0,0,0,4,0,0,0,0,0
171117,Navata,Girona,2013,3,1,1,1,0,0,3,0,3,2,0,0,0,1,0,0,0,0,0
171117,Navata,Girona,2014,3,3,0,0,0,0,3,0,3,0,0,0,0,3,0,0,0,0,0
171117,Navata,Girona,2015,2,1,0,1,1,0,1,0,2,0,0,0,1,0,0,0,0,0,0
171117,Navata,Girona,2016,3,0,0,3,1,1,1,0,3,0,0,0,0,1,0,0,0,0,0
171117,Navata,Girona,2017,4,2,0,2,0,1,3,0,4,0,0,0,0,3,0,0,0,0,0
171117,Navata,Girona,2018,3,0,1,2,1,0,2,0,3,0,0,0,0,2,0,0,0,0,0
171117,Navata,Girona,2019,8,6,1,1,0,0,8,0,8,3,2,0,0,3,0,0,0,0,0
171117,Navata,Girona,2020,5,1,4,0,0,0,5,0,5,1,0,0,0,4,0,0,0,0,0
171117,Navata,Girona,2021,1,0,1,0,0,0,1,0,1,0,0,0,0,1,0,0,0,0,0
171117,Navata,Girona,2022,6,4,2,0,0,0,3,3,3,0,0,2,0,1,0,0,0,0,0
171117,Navata,Girona,2023,10,5,3,2,2,0,7,1,9,0,0,2,0,5,0,0,0,0,0
171122,Ogassa,Girona,2022,2,1,1,0,0,0,0,2,0,0,0,0,0,0,0,0,0,0,0
171143,Olot,Girona,2011,616,170,323,123,86,34,484,12,604,51,54,72,27,134,144,2,0,0,0
171143,Olot,Girona,2012,642,206,329,107,81,37,521,3,639,52,42,65,33,192,137,0,0,0,0
171143,Olot,Girona,2013,488,131,258,99,68,28,392,0,488,42,24,65,23,124,111,3,0,0,0
171143,Olot,Girona,2014,407,151,136,120,66,35,306,0,407,35,22,61,13,107,68,0,0,0,0
171143,Olot,Girona,2015,362,128,144,90,42,39,279,2,360,25,22,32,16,126,57,1,0,0,0
171143,Olot,Girona,2016,431,156,202,73,35,24,369,3,428,37,37,46,19,184,46,0,0,0,0
171143,Olot,Girona,2017,397,159,177,61,37,24,335,1,396,25,17,37,25,188,43,0,0,0,0
171143,Olot,Girona,2018,424,143,231,50,25,19,369,11,413,32,11,38,22,218,48,0,0,0,0
171143,Olot,Girona,2019,606,241,287,78,25,30,548,3,603,33,33,67,26,340,46,3,0,0,0
171143,Olot,Girona,2020,370,128,194,48,19,21,310,20,350,14,7,40,11,207,30,1,0,0,0
171143,Olot,Girona,2021,388,153,198,37,20,15,237,116,272,11,6,34,19,155,12,0,0,0,0
171143,Olot,Girona,2022,366,205,144,17,4,10,317,35,331,9,27,37,6,226,12,0,0,0,0
171143,Olot,Girona,2023,629,296,316,17,4,12,605,8,621,10,22,50,22,469,32,0,0,0,0
171156,Ordis,Girona,2011,1,0,0,1,1,0,0,0,1,0,0,0,0,0,0,0,0,0,0
171156,Ordis,Girona,2012,0,0,0,0,0,0,0,0,0,0,0,0,0,0,0,0,0,0,0
171156,Ordis,Girona,2013,2,2,0,0,0,0,2,0,2,2,0,0,0,0,0,0,0,0,0
171156,Ordis,Girona,2014,0,0,0,0,0,0,0,0,0,0,0,0,0,0,0,0,0,0,0
171156,Ordis,Girona,2015,2,2,0,0,0,0,2,0,2,1,0,0,0,1,0,0,0,0,0
171156,Ordis,Girona,2016,2,0,2,0,0,0,2,0,2,1,0,0,0,1,0,0,0,0,0
171156,Ordis,Girona,2017,0,0,0,0,0,0,0,0,0,0,0,0,0,0,0,0,0,0,0
171156,Ordis,Girona,2018,1,0,1,0,0,0,1,0,1,1,0,0,0,0,0,0,0,0,0
171156,Ordis,Girona,2019,2,0,2,0,0,0,2,0,2,2,0,0,0,0,0,0,0,0,0
171156,Ordis,Girona,2020,2,2,0,0,0,0,2,0,2,0,2,0,0,0,0,0,0,0,0
171156,Ordis,Girona,2021,0,0,0,0,0,0,0,0,0,0,0,0,0,0,0,0,0,0,0
171169,Osor,Girona,2011,1,0,0,1,1,0,0,0,1,0,0,0,0,0,0,0,0,0,0
171169,Osor,Girona,2012,3,2,0,1,1,1,1,0,3,0,0,0,0,1,0,0,0,0,0
171169,Osor,Girona,2013,1,1,0,0,0,0,1,0,1,0,0,0,0,1,0,0,0,0,0
171169,Osor,Girona,2014,0,0,0,0,0,0,0,0,0,0,0,0,0,0,0,0,0,0,0
171169,Osor,Girona,2015,1,0,0,1,1,0,0,0,1,0,0,0,0,0,0,0,0,0,0
171169,Osor,Girona,2016,2,0,0,2,2,0,0,0,2,0,0,0,0,0,0,0,0,0,0
171169,Osor,Girona,2017,1,0,0,1,1,0,0,0,1,0,0,0,0,0,0,0,0,0,0
171169,Osor,Girona,2018,0,0,0,0,0,0,0,0,0,0,0,0,0,0,0,0,0,0,0
171169,Osor,Girona,2019,2,2,0,0,0,0,2,0,2,0,0,0,0,2,0,0,0,0,0
171169,Osor,Girona,2020,0,0,0,0,0,0,0,0,0,0,0,0,0,0,0,0,0,0,0
171169,Osor,Girona,2021,4,0,4,0,0,0,3,1,3,0,0,0,0,3,0,0,0,0,0
171169,Osor,Girona,2022,2,0,0,2,0,0,0,2,0,0,0,0,0,0,0,0,0,0,0
171169,Osor,Girona,2023,2,0,0,2,0,0,0,2,0,0,0,0,0,0,0,0,0,0,0
171175,Palafrugell,Girona,2011,488,155,256,77,40,53,394,1,487,65,13,189,14,112,1,0,0,0,0
171175,Palafrugell,Girona,2012,402,150,179,73,34,35,329,4,398,56,16,138,8,107,3,1,0,0,0
171175,Palafrugell,Girona,2013,382,120,221,41,27,36,318,1,381,43,13,146,8,107,1,0,0,0,0
171175,Palafrugell,Girona,2014,390,140,216,34,21,38,330,1,389,36,7,181,6,92,5,3,0,0,0
171175,Palafrugell,Girona,2015,331,103,180,48,17,39,274,1,330,35,6,126,1,96,9,1,0,0,0
171175,Palafrugell,Girona,2016,326,115,160,51,25,26,274,1,325,21,8,127,1,108,8,1,0,0,0
171175,Palafrugell,Girona,2017,385,186,135,64,36,31,317,1,384,21,21,109,7,151,8,0,0,0,0
171175,Palafrugell,Girona,2018,347,113,178,56,33,22,291,1,346,16,17,115,7,126,9,1,0,0,0
171175,Palafrugell,Girona,2019,303,101,142,60,31,16,256,0,303,18,7,84,5,131,10,1,0,0,0
171175,Palafrugell,Girona,2020,177,57,92,28,18,8,130,21,156,11,7,28,3,80,1,0,0,0,0
171175,Palafrugell,Girona,2021,249,96,129,24,10,5,163,71,178,11,4,50,1,97,0,0,0,0,0
171175,Palafrugell,Girona,2022,273,114,148,11,4,8,231,30,243,20,4,99,6,102,0,0,0,0,0
171175,Palafrugell,Girona,2023,275,125,130,20,13,13,241,8,267,18,6,63,17,130,6,1,0,0,0
171181,Palamós,Girona,2011,471,144,209,118,79,41,349,2,469,53,17,100,5,161,9,4,0,0,0
171181,Palamós,Girona,2012,460,131,228,101,58,33,368,1,459,57,13,93,6,185,9,5,0,0,0
171181,Palamós,Girona,2013,392,107,189,96,53,36,303,0,392,33,6,82,9,164,9,0,0,0,0
171181,Palamós,Girona,2014,281,98,129,54,36,36,208,1,280,24,7,46,8,118,5,0,0,0,0
171181,Palamós,Girona,2015,224,121,74,29,20,17,187,0,224,11,7,69,15,77,7,1,0,0,0
171181,Palamós,Girona,2016,269,128,96,45,27,23,219,0,269,23,16,63,14,96,7,0,0,0,0
171181,Palamós,Girona,2017,322,149,144,29,22,29,271,0,322,25,26,75,24,107,13,1,0,0,0
171181,Palamós,Girona,2018,286,87,159,40,31,23,232,0,286,20,18,33,15,135,11,0,0,0,0
171181,Palamós,Girona,2019,295,99,132,64,25,25,245,0,295,19,13,37,10,157,9,0,0,0,0
171181,Palamós,Girona,2020,208,85,86,37,13,14,181,0,208,10,5,39,6,110,11,0,0,0,0
171181,Palamós,Girona,2021,199,42,141,16,4,5,164,26,173,11,4,27,2,115,5,0,0,0,0
171181,Palamós,Girona,2022,130,78,43,9,3,7,105,15,115,2,3,16,4,77,3,0,0,0,0
171181,Palamós,Girona,2023,225,99,110,16,9,6,203,7,218,6,9,35,7,145,1,0,0,0,0
171208,Palau-saverdera,Girona,2011,15,6,2,7,5,2,8,0,15,2,2,1,0,3,0,0,0,0,0
171208,Palau-saverdera,Girona,2012,13,4,9,0,0,0,13,0,13,1,2,4,0,4,2,0,0,0,0
171208,Palau-saverdera,Girona,2013,13,3,9,1,0,1,12,0,13,2,2,4,0,3,1,0,0,0,0
171208,Palau-saverdera,Girona,2014,12,2,7,3,0,1,11,0,12,4,2,2,0,3,0,0,0,0,0
171208,Palau-saverdera,Girona,2015,10,2,3,5,1,0,9,0,10,2,3,1,0,3,0,0,0,0,0
171208,Palau-saverdera,Girona,2016,10,1,4,5,1,1,8,0,10,4,2,0,0,1,1,0,0,0,0
171208,Palau-saverdera,Girona,2017,8,3,4,1,0,0,8,0,8,3,1,2,0,1,0,1,0,0,0
171208,Palau-saverdera,Girona,2018,9,1,5,3,1,0,8,0,9,2,0,2,1,3,0,0,0,0,0
171208,Palau-saverdera,Girona,2019,9,4,2,3,1,0,8,0,9,4,0,0,0,2,2,0,0,0,0
171208,Palau-saverdera,Girona,2020,2,0,1,1,0,0,2,0,2,1,0,0,0,1,0,0,0,0,0
171208,Palau-saverdera,Girona,2021,3,1,2,0,0,0,2,1,2,0,0,0,0,2,0,0,0,0,0
171208,Palau-saverdera,Girona,2023,1,0,0,1,1,0,0,0,1,0,0,0,0,0,0,0,0,0,0
171215,Palau-sator,Girona,2011,1,0,0,1,1,0,0,0,1,0,0,0,0,0,0,0,0,0,0
171215,Palau-sator,Girona,2012,0,0,0,0,0,0,0,0,0,0,0,0,0,0,0,0,0,0,0
171215,Palau-sator,Girona,2013,0,0,0,0,0,0,0,0,0,0,0,0,0,0,0,0,0,0,0
171215,Palau-sator,Girona,2014,1,1,0,0,0,0,1,0,1,0,0,0,0,1,0,0,0,0,0
171215,Palau-sator,Girona,2015,0,0,0,0,0,0,0,0,0,0,0,0,0,0,0,0,0,0,0
171215,Palau-sator,Girona,2016,0,0,0,0,0,0,0,0,0,0,0,0,0,0,0,0,0,0,0
171215,Palau-sator,Girona,2017,1,1,0,0,0,0,1,0,1,0,0,0,1,0,0,0,0,0,0
171215,Palau-sator,Girona,2018,0,0,0,0,0,0,0,0,0,0,0,0,0,0,0,0,0,0,0
171215,Palau-sator,Girona,2019,6,2,4,0,0,6,0,0,6,0,0,0,0,0,0,0,0,0,0
171215,Palau-sator,Girona,2020,0,0,0,0,0,0,0,0,0,0,0,0,0,0,0,0,0,0,0
171215,Palau-sator,Girona,2021,0,0,0,0,0,0,0,0,0,0,0,0,0,0,0,0,0,0,0
171215,Palau-sator,Girona,2022,1,0,0,1,1,0,0,0,1,0,0,0,0,0,0,0,0,0,0
171215,Palau-sator,Girona,2023,4,1,1,2,2,0,2,0,4,0,0,0,0,2,0,0,0,0,0
171236,Palol de Revardit,Girona,2011,4,1,2,1,1,1,2,0,4,0,0,0,0,2,0,0,0,0,0
171236,Palol de Revardit,Girona,2012,6,1,2,3,2,2,2,0,6,1,0,0,0,1,0,0,0,0,0
171236,Palol de Revardit,Girona,2013,3,0,1,2,1,1,1,0,3,0,0,0,0,1,0,0,0,0,0
171236,Palol de Revardit,Girona,2014,2,0,0,2,2,0,0,0,2,0,0,0,0,0,0,0,0,0,0
171236,Palol de Revardit,Girona,2015,1,0,0,1,1,0,0,0,1,0,0,0,0,0,0,0,0,0,0
171236,Palol de Revardit,Girona,2016,1,1,0,0,0,0,1,0,1,1,0,0,0,0,0,0,0,0,0
171236,Palol de Revardit,Girona,2017,0,0,0,0,0,0,0,0,0,0,0,0,0,0,0,0,0,0,0
171236,Palol de Revardit,Girona,2018,2,2,0,0,0,0,2,0,2,0,0,0,0,2,0,0,0,0,0
171236,Palol de Revardit,Girona,2019,3,0,0,3,3,0,0,0,3,0,0,0,0,0,0,0,0,0,0
171236,Palol de Revardit,Girona,2020,2,0,0,2,2,0,0,0,2,0,0,0,0,0,0,0,0,0,0
171236,Palol de Revardit,Girona,2021,0,0,0,0,0,0,0,0,0,0,0,0,0,0,0,0,0,0,0
171236,Palol de Revardit,Girona,2022,2,0,1,1,0,0,2,0,2,0,1,0,0,1,0,0,0,0,0
171241,Pals,Girona,2011,19,7,5,7,2,0,17,0,19,7,0,3,0,7,0,0,0,0,0
171241,Pals,Girona,2012,22,7,8,7,1,1,20,0,22,6,0,1,0,13,0,0,0,0,0
171241,Pals,Girona,2013,15,2,8,5,0,2,13,0,15,6,1,0,0,6,0,0,0,0,0
171241,Pals,Girona,2014,13,6,5,2,0,0,13,0,13,2,2,1,0,8,0,0,0,0,0
171241,Pals,Girona,2015,14,5,7,2,1,0,13,0,14,3,0,0,0,10,0,0,0,0,0
171241,Pals,Girona,2016,39,23,13,3,2,1,36,0,39,7,0,1,2,26,0,0,0,0,0
171241,Pals,Girona,2017,12,0,9,3,0,3,9,0,12,3,1,0,0,5,0,0,0,0,0
171241,Pals,Girona,2018,14,3,9,2,0,3,11,0,14,1,1,0,0,9,0,0,0,0,0
171241,Pals,Girona,2019,19,4,5,10,0,3,15,1,18,2,0,0,0,13,0,0,0,0,0
171241,Pals,Girona,2020,12,1,8,3,0,2,10,0,12,1,0,0,0,9,0,0,0,0,0
171241,Pals,Girona,2021,11,4,7,0,0,0,9,2,9,0,0,0,0,9,0,0,0,0,0
171241,Pals,Girona,2022,5,2,0,3,0,0,5,0,5,2,0,0,0,3,0,0,0,0,0
171241,Pals,Girona,2023,6,1,5,0,0,0,6,0,6,4,0,0,0,2,0,0,0,0,0
171254,Pardines,Girona,2011,0,0,0,0,0,0,0,0,0,0,0,0,0,0,0,0,0,0,0
171254,Pardines,Girona,2012,0,0,0,0,0,0,0,0,0,0,0,0,0,0,0,0,0,0,0
171254,Pardines,Girona,2013,0,0,0,0,0,0,0,0,0,0,0,0,0,0,0,0,0,0,0
171254,Pardines,Girona,2014,0,0,0,0,0,0,0,0,0,0,0,0,0,0,0,0,0,0,0
171254,Pardines,Girona,2015,0,0,0,0,0,0,0,0,0,0,0,0,0,0,0,0,0,0,0
171254,Pardines,Girona,2016,0,0,0,0,0,0,0,0,0,0,0,0,0,0,0,0,0,0,0
171254,Pardines,Girona,2017,1,1,0,0,0,0,1,0,1,0,0,0,0,1,0,0,0,0,0
171254,Pardines,Girona,2018,1,0,1,0,0,0,1,0,1,0,0,0,0,1,0,0,0,0,0
171254,Pardines,Girona,2019,0,0,0,0,0,0,0,0,0,0,0,0,0,0,0,0,0,0,0
171254,Pardines,Girona,2020,0,0,0,0,0,0,0,0,0,0,0,0,0,0,0,0,0,0,0
171254,Pardines,Girona,2021,0,0,0,0,0,0,0,0,0,0,0,0,0,0,0,0,0,0,0
171267,Parlavà,Girona,2011,8,0,1,7,3,2,1,2,6,0,0,0,1,0,0,0,0,0,0
171267,Parlavà,Girona,2012,3,0,0,3,1,1,0,1,2,0,0,0,0,0,0,0,0,0,0
171267,Parlavà,Girona,2013,1,0,0,1,1,0,0,0,1,0,0,0,0,0,0,0,0,0,0
171267,Parlavà,Girona,2014,6,1,1,4,1,3,2,0,6,1,1,0,0,0,0,0,0,0,0
171267,Parlavà,Girona,2015,4,0,2,2,1,1,2,0,4,1,1,0,0,0,0,0,0,0,0
171267,Parlavà,Girona,2016,1,0,0,1,0,1,0,0,1,0,0,0,0,0,0,0,0,0,0
171267,Parlavà,Girona,2017,1,0,0,1,0,1,0,0,1,0,0,0,0,0,0,0,0,0,0
171267,Parlavà,Girona,2018,6,2,2,2,1,0,4,1,5,4,0,0,0,0,0,0,0,0,0
171267,Parlavà,Girona,2019,3,2,0,1,0,1,2,0,3,2,0,0,0,0,0,0,0,0,0
171267,Parlavà,Girona,2020,2,0,2,0,0,0,2,0,2,2,0,0,0,0,0,0,0,0,0
171267,Parlavà,Girona,2021,0,0,0,0,0,0,0,0,0,0,0,0,0,0,0,0,0,0,0
171289,Pau,Girona,2011,2,0,2,0,0,0,2,0,2,2,0,0,0,0,0,0,0,0,0
171289,Pau,Girona,2012,3,1,2,0,0,0,3,0,3,2,0,1,0,0,0,0,0,0,0
171289,Pau,Girona,2013,3,2,1,0,0,0,2,1,2,1,0,1,0,0,0,0,0,0,0
171289,Pau,Girona,2014,1,1,0,0,0,0,0,1,0,0,0,0,0,0,0,0,0,0,0
171289,Pau,Girona,2015,1,1,0,0,0,0,1,0,1,0,0,0,0,1,0,0,0,0,0
171289,Pau,Girona,2016,0,0,0,0,0,0,0,0,0,0,0,0,0,0,0,0,0,0,0
171289,Pau,Girona,2017,1,1,0,0,0,0,1,0,1,1,0,0,0,0,0,0,0,0,0
171289,Pau,Girona,2018,0,0,0,0,0,0,0,0,0,0,0,0,0,0,0,0,0,0,0
171289,Pau,Girona,2019,2,1,1,0,0,0,2,0,2,2,0,0,0,0,0,0,0,0,0
171289,Pau,Girona,2020,3,1,2,0,0,0,3,0,3,3,0,0,0,0,0,0,0,0,0
171289,Pau,Girona,2021,2,0,2,0,0,0,2,0,2,2,0,0,0,0,0,0,0,0,0
171289,Pau,Girona,2023,7,4,3,0,0,0,7,0,7,0,3,1,0,3,0,0,0,0,0
171292,Pedret i Marzà,Girona,2011,1,0,0,1,1,0,0,0,1,0,0,0,0,0,0,0,0,0,0
171292,Pedret i Marzà,Girona,2012,2,0,0,2,2,0,0,0,2,0,0,0,0,0,0,0,0,0,0
171292,Pedret i Marzà,Girona,2013,3,0,0,3,3,0,0,0,3,0,0,0,0,0,0,0,0,0,0
171292,Pedret i Marzà,Girona,2014,0,0,0,0,0,0,0,0,0,0,0,0,0,0,0,0,0,0,0
171292,Pedret i Marzà,Girona,2015,0,0,0,0,0,0,0,0,0,0,0,0,0,0,0,0,0,0,0
171292,Pedret i Marzà,Girona,2016,0,0,0,0,0,0,0,0,0,0,0,0,0,0,0,0,0,0,0
171292,Pedret i Marzà,Girona,2017,0,0,0,0,0,0,0,0,0,0,0,0,0,0,0,0,0,0,0
171292,Pedret i Marzà,Girona,2018,3,2,1,0,0,0,3,0,3,3,0,0,0,0,0,0,0,0,0
171292,Pedret i Marzà,Girona,2019,0,0,0,0,0,0,0,0,0,0,0,0,0,0,0,0,0,0,0
171292,Pedret i Marzà,Girona,2020,0,0,0,0,0,0,0,0,0,0,0,0,0,0,0,0,0,0,0
171292,Pedret i Marzà,Girona,2021,0,0,0,0,0,0,0,0,0,0,0,0,0,0,0,0,0,0,0
171292,Pedret i Marzà,Girona,2023,7,0,6,1,1,0,6,0,7,0,6,0,0,0,0,0,0,0,0
171306,la Pera,Girona,2011,1,0,0,1,0,0,1,0,1,1,0,0,0,0,0,0,0,0,0
171306,la Pera,Girona,2012,0,0,0,0,0,0,0,0,0,0,0,0,0,0,0,0,0,0,0
171306,la Pera,Girona,2013,2,1,0,1,1,1,0,0,2,0,0,0,0,0,0,0,0,0,0
171306,la Pera,Girona,2014,2,0,0,2,2,0,0,0,2,0,0,0,0,0,0,0,0,0,0
171306,la Pera,Girona,2015,0,0,0,0,0,0,0,0,0,0,0,0,0,0,0,0,0,0,0
171306,la Pera,Girona,2016,4,1,3,0,0,0,4,0,4,0,2,0,1,0,0,1,0,0,0
171306,la Pera,Girona,2017,7,0,7,0,0,0,7,0,7,0,3,0,2,0,0,2,0,0,0
171306,la Pera,Girona,2018,3,0,2,1,0,0,3,0,3,0,1,0,1,0,0,1,0,0,0
171306,la Pera,Girona,2019,5,2,3,0,0,0,5,0,5,0,0,0,1,4,0,0,0,0,0
171306,la Pera,Girona,2020,2,0,2,0,0,0,2,0,2,0,0,0,2,0,0,0,0,0,0
171306,la Pera,Girona,2021,3,0,2,1,0,0,3,0,3,0,0,0,1,2,0,0,0,0,0
171306,la Pera,Girona,2023,2,1,0,1,1,0,1,0,2,0,0,0,0,1,0,0,0,0,0
171328,Peralada,Girona,2011,19,8,6,5,5,3,11,0,19,3,1,1,0,6,0,0,0,0,0
171328,Peralada,Girona,2012,12,4,6,2,2,1,9,0,12,1,0,0,3,5,0,0,0,0,0
171328,Peralada,Girona,2013,6,3,3,0,0,2,4,0,6,2,0,2,0,0,0,0,0,0,0
171328,Peralada,Girona,2014,4,3,1,0,0,0,4,0,4,2,0,1,0,1,0,0,0,0,0
171328,Peralada,Girona,2015,3,0,3,0,0,0,3,0,3,1,0,0,0,2,0,0,0,0,0
171328,Peralada,Girona,2016,10,4,3,3,1,5,4,0,10,2,0,0,0,2,0,0,0,0,0
171328,Peralada,Girona,2017,4,0,2,2,0,1,3,0,4,1,0,0,0,2,0,0,0,0,0
171328,Peralada,Girona,2018,2,0,1,1,0,0,2,0,2,0,0,0,0,2,0,0,0,0,0
171328,Peralada,Girona,2019,8,4,4,0,0,3,4,1,7,4,0,0,0,0,0,0,0,0,0
171328,Peralada,Girona,2020,2,1,1,0,0,1,0,1,1,0,0,0,0,0,0,0,0,0,0
171328,Peralada,Girona,2021,4,0,3,1,1,0,0,3,1,0,0,0,0,0,0,0,0,0,0
171328,Peralada,Girona,2022,1,0,1,0,0,1,0,0,1,0,0,0,0,0,0,0,0,0,0
171328,Peralada,Girona,2023,3,3,0,0,0,0,3,0,3,0,2,0,0,1,0,0,0,0,0
171334,Les Planes d'Hostoles,Girona,2011,4,0,1,3,2,0,1,1,3,0,0,0,1,0,0,0,0,0,0
171334,Les Planes d'Hostoles,Girona,2012,4,0,1,3,3,0,1,0,4,0,0,0,1,0,0,0,0,0,0
171334,Les Planes d'Hostoles,Girona,2013,0,0,0,0,0,0,0,0,0,0,0,0,0,0,0,0,0,0,0
171334,Les Planes d'Hostoles,Girona,2014,1,0,1,0,0,0,1,0,1,0,0,0,0,1,0,0,0,0,0
171334,Les Planes d'Hostoles,Girona,2015,8,1,2,5,4,1,3,0,8,2,0,0,0,1,0,0,0,0,0
171334,Les Planes d'Hostoles,Girona,2016,11,1,3,7,5,2,4,0,11,1,0,0,0,3,0,0,0,0,0
171334,Les Planes d'Hostoles,Girona,2017,8,1,3,4,2,2,4,0,8,1,0,0,0,3,0,0,0,0,0
171334,Les Planes d'Hostoles,Girona,2018,0,0,0,0,0,0,0,0,0,0,0,0,0,0,0,0,0,0,0
171334,Les Planes d'Hostoles,Girona,2019,3,1,0,2,2,0,1,0,3,0,0,0,0,1,0,0,0,0,0
171334,Les Planes d'Hostoles,Girona,2020,4,2,0,2,2,0,0,2,2,0,0,0,0,0,0,0,0,0,0
171334,Les Planes d'Hostoles,Girona,2021,7,0,7,0,0,0,1,6,1,0,0,0,0,1,0,0,0,0,0
171334,Les Planes d'Hostoles,Girona,2022,10,5,4,1,0,0,4,6,4,0,1,0,0,3,0,0,0,0,0
171334,Les Planes d'Hostoles,Girona,2023,6,0,6,0,0,0,6,0,6,0,3,0,0,3,0,0,0,0,0
171349,Planoles,Girona,2011,0,0,0,0,0,0,0,0,0,0,0,0,0,0,0,0,0,0,0
171349,Planoles,Girona,2012,0,0,0,0,0,0,0,0,0,0,0,0,0,0,0,0,0,0,0
171349,Planoles,Girona,2013,0,0,0,0,0,0,0,0,0,0,0,0,0,0,0,0,0,0,0
171349,Planoles,Girona,2014,0,0,0,0,0,0,0,0,0,0,0,0,0,0,0,0,0,0,0
171349,Planoles,Girona,2015,0,0,0,0,0,0,0,0,0,0,0,0,0,0,0,0,0,0,0
171349,Planoles,Girona,2016,0,0,0,0,0,0,0,0,0,0,0,0,0,0,0,0,0,0,0
171349,Planoles,Girona,2017,0,0,0,0,0,0,0,0,0,0,0,0,0,0,0,0,0,0,0
171349,Planoles,Girona,2018,2,2,0,0,0,0,2,0,2,0,2,0,0,0,0,0,0,0,0
171349,Planoles,Girona,2019,6,0,6,0,0,0,6,0,6,0,6,0,0,0,0,0,0,0,0
171349,Planoles,Girona,2020,3,0,2,1,0,1,2,0,3,0,0,0,0,2,0,0,0,0,0
171349,Planoles,Girona,2021,3,1,2,0,0,0,3,0,3,0,0,0,0,3,0,0,0,0,0
171349,Planoles,Girona,2022,2,1,1,0,0,0,2,0,2,0,0,0,0,2,0,0,0,0,0
171349,Planoles,Girona,2023,1,0,1,0,0,0,1,0,1,0,0,0,0,1,0,0,0,0,0
171352,Pont de Molins,Girona,2011,11,3,5,3,0,0,10,1,10,4,0,2,0,4,0,0,0,0,0
171352,Pont de Molins,Girona,2012,9,0,6,3,2,0,6,1,8,4,0,0,0,2,0,0,0,0,0
171352,Pont de Molins,Girona,2013,4,0,2,2,2,0,2,0,4,2,0,0,0,0,0,0,0,0,0
171352,Pont de Molins,Girona,2014,1,1,0,0,0,0,1,0,1,0,0,0,0,1,0,0,0,0,0
171352,Pont de Molins,Girona,2015,1,0,1,0,0,0,1,0,1,0,0,0,0,1,0,0,0,0,0
171352,Pont de Molins,Girona,2016,0,0,0,0,0,0,0,0,0,0,0,0,0,0,0,0,0,0,0
171352,Pont de Molins,Girona,2017,0,0,0,0,0,0,0,0,0,0,0,0,0,0,0,0,0,0,0
171352,Pont de Molins,Girona,2018,0,0,0,0,0,0,0,0,0,0,0,0,0,0,0,0,0,0,0
171352,Pont de Molins,Girona,2019,1,1,0,0,0,0,1,0,1,0,0,0,0,1,0,0,0,0,0
171352,Pont de Molins,Girona,2020,1,0,1,0,0,0,1,0,1,0,0,0,0,1,0,0,0,0,0
171352,Pont de Molins,Girona,2021,0,0,0,0,0,0,0,0,0,0,0,0,0,0,0,0,0,0,0
171352,Pont de Molins,Girona,2022,2,1,1,0,0,0,2,0,2,0,0,0,0,2,0,0,0,0,0
171352,Pont de Molins,Girona,2023,5,0,4,1,0,0,4,1,4,0,0,0,0,4,0,0,0,0,0
171365,Pontós,Girona,2011,2,0,0,2,0,0,2,0,2,0,0,0,0,2,0,0,0,0,0
171365,Pontós,Girona,2012,0,0,0,0,0,0,0,0,0,0,0,0,0,0,0,0,0,0,0
171365,Pontós,Girona,2013,1,1,0,0,0,1,0,0,1,0,0,0,0,0,0,0,0,0,0
171365,Pontós,Girona,2014,2,1,1,0,0,2,0,0,2,0,0,0,0,0,0,0,0,0,0
171365,Pontós,Girona,2015,1,0,1,0,0,1,0,0,1,0,0,0,0,0,0,0,0,0,0
171365,Pontós,Girona,2016,1,0,1,0,0,1,0,0,1,0,0,0,0,0,0,0,0,0,0
171365,Pontós,Girona,2017,1,0,0,1,1,0,0,0,1,0,0,0,0,0,0,0,0,0,0
171365,Pontós,Girona,2018,2,1,1,0,0,0,2,0,2,0,0,0,0,2,0,0,0,0,0
171365,Pontós,Girona,2019,4,2,2,0,0,0,4,0,4,0,0,0,0,4,0,0,0,0,0
171365,Pontós,Girona,2020,2,1,1,0,0,1,1,0,2,0,0,0,0,1,0,0,0,0,0
171365,Pontós,Girona,2021,2,0,2,0,0,2,0,0,2,0,0,0,0,0,0,0,0,0,0
171365,Pontós,Girona,2022,2,1,0,1,1,0,1,0,2,0,1,0,0,0,0,0,0,0,0
171371,Porqueres,Girona,2011,11,1,6,4,3,1,7,0,11,0,0,1,0,6,0,0,0,0,0
171371,Porqueres,Girona,2012,15,2,3,10,7,0,8,0,15,1,0,1,0,6,0,0,0,0,0
171371,Porqueres,Girona,2013,18,0,6,12,8,0,10,0,18,0,1,0,0,9,0,0,0,0,0
171371,Porqueres,Girona,2014,7,0,2,5,0,0,7,0,7,0,1,0,0,6,0,0,0,0,0
171371,Porqueres,Girona,2015,2,0,1,1,0,0,2,0,2,0,0,0,0,1,1,0,0,0,0
171371,Porqueres,Girona,2016,12,7,2,3,0,4,8,0,12,1,1,0,0,5,0,1,0,0,0
171371,Porqueres,Girona,2017,7,0,5,2,0,3,4,0,7,0,0,0,0,3,0,1,0,0,0
171371,Porqueres,Girona,2018,6,2,1,3,0,3,3,0,6,0,0,2,0,1,0,0,0,0,0
171371,Porqueres,Girona,2019,12,3,2,7,3,2,7,0,12,2,0,3,0,2,0,0,0,0,0
171371,Porqueres,Girona,2020,9,0,3,6,3,1,5,0,9,2,0,1,0,2,0,0,0,0,0
171371,Porqueres,Girona,2021,5,0,4,1,1,0,4,0,5,0,0,0,0,4,0,0,0,0,0
171371,Porqueres,Girona,2022,5,3,1,1,0,0,3,2,3,0,0,0,0,3,0,0,0,0,0
171371,Porqueres,Girona,2023,11,5,3,3,3,0,8,0,11,4,0,2,0,2,0,0,0,0,0
171387,Portbou,Girona,2011,6,3,0,3,3,2,1,0,6,0,0,0,0,1,0,0,0,0,0
171387,Portbou,Girona,2012,4,1,3,0,0,0,3,1,3,0,0,0,0,3,0,0,0,0,0
171387,Portbou,Girona,2013,2,1,1,0,0,0,1,1,1,0,0,0,0,1,0,0,0,0,0
171387,Portbou,Girona,2014,2,2,0,0,0,0,2,0,2,0,0,1,0,1,0,0,0,0,0
171387,Portbou,Girona,2015,1,1,0,0,0,0,1,0,1,0,0,1,0,0,0,0,0,0,0
171387,Portbou,Girona,2016,0,0,0,0,0,0,0,0,0,0,0,0,0,0,0,0,0,0,0
171387,Portbou,Girona,2017,2,1,0,1,1,0,0,1,1,0,0,0,0,0,0,0,0,0,0
171387,Portbou,Girona,2018,2,1,0,1,1,0,1,0,2,0,0,0,0,1,0,0,0,0,0
171387,Portbou,Girona,2019,4,0,2,2,1,1,2,0,4,2,0,0,0,0,0,0,0,0,0
171387,Portbou,Girona,2020,4,1,0,3,0,0,4,0,4,3,0,1,0,0,0,0,0,0,0
171387,Portbou,Girona,2021,2,1,1,0,0,0,0,2,0,0,0,0,0,0,0,0,0,0,0
171387,Portbou,Girona,2022,2,2,0,0,0,0,2,0,2,1,0,0,0,1,0,0,0,0,0
171387,Portbou,Girona,2023,5,1,4,0,0,0,5,0,5,3,0,0,0,2,0,0,0,0,0
171390,Les Preses,Girona,2011,10,2,5,3,1,4,5,0,10,0,0,0,1,3,1,0,0,0,0
171390,Les Preses,Girona,2012,8,1,5,2,1,2,5,0,8,0,0,0,0,5,0,0,0,0,0
171390,Les Preses,Girona,2013,11,1,9,1,0,1,10,0,11,0,2,2,0,6,0,0,0,0,0
171390,Les Preses,Girona,2014,6,1,2,3,0,1,4,1,5,0,1,0,0,3,0,0,0,0,0
171390,Les Preses,Girona,2015,7,1,2,4,1,0,5,1,6,0,2,0,0,3,0,0,0,0,0
171390,Les Preses,Girona,2016,4,1,3,0,0,0,4,0,4,0,2,1,0,1,0,0,0,0,0
171390,Les Preses,Girona,2017,4,1,3,0,0,0,4,0,4,0,0,1,1,2,0,0,0,0,0
171390,Les Preses,Girona,2018,2,0,2,0,0,0,2,0,2,0,0,0,0,2,0,0,0,0,0
171390,Les Preses,Girona,2019,8,4,0,4,0,0,8,0,8,0,3,1,0,3,1,0,0,0,0
171390,Les Preses,Girona,2020,9,0,6,3,3,0,6,0,9,0,0,0,0,6,0,0,0,0,0
171390,Les Preses,Girona,2021,9,3,4,2,2,0,5,2,7,1,0,0,0,4,0,0,0,0,0
171390,Les Preses,Girona,2022,8,7,1,0,0,0,5,3,5,1,0,0,0,4,0,0,0,0,0
171390,Les Preses,Girona,2023,17,5,8,4,2,2,13,0,17,0,0,0,0,13,0,0,0,0,0
171404,el Port de la Selva,Girona,2011,13,11,2,0,0,1,12,0,13,0,0,7,1,4,0,0,0,0,0
171404,el Port de la Selva,Girona,2012,20,1,19,0,0,0,20,0,20,2,1,15,2,0,0,0,0,0,0
171404,el Port de la Selva,Girona,2013,9,1,8,0,0,0,9,0,9,0,1,6,1,1,0,0,0,0,0
171404,el Port de la Selva,Girona,2014,2,2,0,0,0,0,2,0,2,0,0,1,0,1,0,0,0,0,0
171404,el Port de la Selva,Girona,2015,2,2,0,0,0,0,2,0,2,1,0,0,1,0,0,0,0,0,0
171404,el Port de la Selva,Girona,2016,1,0,1,0,0,0,1,0,1,0,1,0,0,0,0,0,0,0,0
171404,el Port de la Selva,Girona,2017,0,0,0,0,0,0,0,0,0,0,0,0,0,0,0,0,0,0,0
171404,el Port de la Selva,Girona,2018,1,0,0,1,1,0,0,0,1,0,0,0,0,0,0,0,0,0,0
171404,el Port de la Selva,Girona,2019,4,1,0,3,3,1,0,0,4,0,0,0,0,0,0,0,0,0,0
171404,el Port de la Selva,Girona,2020,2,1,0,1,1,1,0,0,2,0,0,0,0,0,0,0,0,0,0
171404,el Port de la Selva,Girona,2021,6,4,2,0,0,0,0,6,0,0,0,0,0,0,0,0,0,0,0
171404,el Port de la Selva,Girona,2022,12,11,0,1,1,0,11,0,12,1,2,0,1,7,0,0,0,0,0
171404,el Port de la Selva,Girona,2023,14,5,9,0,0,0,14,0,14,4,6,0,0,4,0,0,0,0,0
171411,Puigcerdà,Girona,2011,115,42,43,30,18,12,85,0,115,12,3,4,5,58,3,0,0,0,0
171411,Puigcerdà,Girona,2012,115,61,35,19,5,21,89,0,115,7,4,9,2,62,5,0,0,0,0
171411,Puigcerdà,Girona,2013,75,10,54,11,2,12,59,2,73,6,6,4,4,39,0,0,0,0,0
171411,Puigcerdà,Girona,2014,48,16,24,8,6,4,38,0,48,2,4,5,2,24,1,0,0,0,0
171411,Puigcerdà,Girona,2015,56,28,21,7,4,13,39,0,56,2,1,4,4,26,2,0,0,0,0
171411,Puigcerdà,Girona,2016,52,22,26,4,5,1,46,0,52,6,2,7,5,25,1,0,0,0,0
171411,Puigcerdà,Girona,2017,62,35,18,9,9,3,50,0,62,4,4,2,3,32,5,0,0,0,0
171411,Puigcerdà,Girona,2018,112,55,39,18,23,7,82,0,112,5,5,12,2,55,3,0,0,0,0
171411,Puigcerdà,Girona,2019,118,54,49,15,9,9,100,0,118,7,3,9,0,80,1,0,0,0,0
171411,Puigcerdà,Girona,2020,72,48,21,3,2,2,66,2,70,2,0,2,0,61,1,0,0,0,0
171411,Puigcerdà,Girona,2021,144,82,52,10,3,8,123,10,134,1,1,8,0,112,1,0,0,0,0
171411,Puigcerdà,Girona,2022,131,70,49,12,4,11,116,0,131,0,0,5,2,105,4,0,0,0,0
171411,Puigcerdà,Girona,2023,159,80,63,16,8,13,138,0,159,0,4,3,7,122,1,1,0,0,0
171426,Quart,Girona,2011,21,2,1,18,14,0,7,0,21,3,0,1,0,3,0,0,0,0,0
171426,Quart,Girona,2012,13,3,3,7,6,3,4,0,13,0,0,0,2,2,0,0,0,0,0
171426,Quart,Girona,2013,12,3,1,8,5,3,4,0,12,0,0,1,1,2,0,0,0,0,0
171426,Quart,Girona,2014,11,3,2,6,5,5,1,0,11,0,0,1,0,0,0,0,0,0,0
171426,Quart,Girona,2015,8,1,2,5,4,2,2,0,8,1,0,0,1,0,0,0,0,0,0
171426,Quart,Girona,2016,6,1,0,5,3,0,3,0,6,1,0,0,1,1,0,0,0,0,0
171426,Quart,Girona,2017,10,1,1,8,5,1,4,0,10,1,1,0,1,1,0,0,0,0,0
171426,Quart,Girona,2018,6,0,3,3,1,0,5,0,6,1,1,1,0,2,0,0,0,0,0
171426,Quart,Girona,2019,16,1,5,10,4,0,12,0,16,3,0,2,0,7,0,0,0,0,0
171426,Quart,Girona,2020,7,0,2,5,0,0,7,0,7,3,0,0,0,4,0,0,0,0,0
171426,Quart,Girona,2021,9,1,1,7,0,0,5,4,5,3,0,0,0,2,0,0,0,0,0
171426,Quart,Girona,2022,4,0,0,4,1,0,3,0,4,0,3,0,0,0,0,0,0,0,0
171426,Quart,Girona,2023,12,5,1,6,1,3,8,0,12,2,0,0,0,5,1,0,0,0,0
171432,Rabós,Girona,2011,0,0,0,0,0,0,0,0,0,0,0,0,0,0,0,0,0,0,0
171432,Rabós,Girona,2012,0,0,0,0,0,0,0,0,0,0,0,0,0,0,0,0,0,0,0
171432,Rabós,Girona,2013,0,0,0,0,0,0,0,0,0,0,0,0,0,0,0,0,0,0,0
171432,Rabós,Girona,2014,0,0,0,0,0,0,0,0,0,0,0,0,0,0,0,0,0,0,0
171432,Rabós,Girona,2015,0,0,0,0,0,0,0,0,0,0,0,0,0,0,0,0,0,0,0
171432,Rabós,Girona,2016,0,0,0,0,0,0,0,0,0,0,0,0,0,0,0,0,0,0,0
171432,Rabós,Girona,2017,1,0,0,1,0,0,1,0,1,0,0,0,0,1,0,0,0,0,0
171432,Rabós,Girona,2018,0,0,0,0,0,0,0,0,0,0,0,0,0,0,0,0,0,0,0
171432,Rabós,Girona,2019,2,0,2,0,0,0,2,0,2,2,0,0,0,0,0,0,0,0,0
171432,Rabós,Girona,2020,1,0,0,1,0,0,1,0,1,0,0,0,0,1,0,0,0,0,0
171432,Rabós,Girona,2021,0,0,0,0,0,0,0,0,0,0,0,0,0,0,0,0,0,0,0
171447,Regencós,Girona,2011,1,0,0,1,1,0,0,0,1,0,0,0,0,0,0,0,0,0,0
171447,Regencós,Girona,2012,0,0,0,0,0,0,0,0,0,0,0,0,0,0,0,0,0,0,0
171447,Regencós,Girona,2013,1,0,0,1,0,1,0,0,1,0,0,0,0,0,0,0,0,0,0
171447,Regencós,Girona,2014,2,0,0,2,0,2,0,0,2,0,0,0,0,0,0,0,0,0,0
171447,Regencós,Girona,2015,1,0,1,0,0,0,1,0,1,0,1,0,0,0,0,0,0,0,0
171447,Regencós,Girona,2016,1,0,0,1,0,1,0,0,1,0,0,0,0,0,0,0,0,0,0
171447,Regencós,Girona,2017,0,0,0,0,0,0,0,0,0,0,0,0,0,0,0,0,0,0,0
171447,Regencós,Girona,2018,0,0,0,0,0,0,0,0,0,0,0,0,0,0,0,0,0,0,0
171447,Regencós,Girona,2019,0,0,0,0,0,0,0,0,0,0,0,0,0,0,0,0,0,0,0
171447,Regencós,Girona,2020,0,0,0,0,0,0,0,0,0,0,0,0,0,0,0,0,0,0,0
171447,Regencós,Girona,2021,0,0,0,0,0,0,0,0,0,0,0,0,0,0,0,0,0,0,0
171447,Regencós,Girona,2023,3,3,0,0,0,0,3,0,3,0,0,0,0,3,0,0,0,0,0
171450,Ribes de Freser,Girona,2011,2,0,0,2,0,2,0,0,2,0,0,0,0,0,0,0,0,0,0
171450,Ribes de Freser,Girona,2012,1,1,0,0,0,0,1,0,1,0,0,0,0,1,0,0,0,0,0
171450,Ribes de Freser,Girona,2013,0,0,0,0,0,0,0,0,0,0,0,0,0,0,0,0,0,0,0
171450,Ribes de Freser,Girona,2014,0,0,0,0,0,0,0,0,0,0,0,0,0,0,0,0,0,0,0
171450,Ribes de Freser,Girona,2015,1,0,1,0,0,0,1,0,1,1,0,0,0,0,0,0,0,0,0
171450,Ribes de Freser,Girona,2016,3,1,1,1,1,0,2,0,3,2,0,0,0,0,0,0,0,0,0
171450,Ribes de Freser,Girona,2017,5,0,3,2,2,0,3,0,5,2,0,0,0,1,0,0,0,0,0
171450,Ribes de Freser,Girona,2018,3,1,1,1,1,0,2,0,3,2,0,0,0,0,0,0,0,0,0
171450,Ribes de Freser,Girona,2019,2,1,1,0,0,0,1,1,1,0,0,0,0,1,0,0,0,0,0
171450,Ribes de Freser,Girona,2020,7,1,6,0,0,0,7,0,7,0,0,1,0,6,0,0,0,0,0
171450,Ribes de Freser,Girona,2021,23,7,14,2,1,0,20,2,21,0,0,3,0,17,0,0,0,0,0
171450,Ribes de Freser,Girona,2022,20,5,14,1,1,1,18,0,20,0,0,2,3,13,0,0,0,0,0
171450,Ribes de Freser,Girona,2023,23,3,13,7,3,3,17,0,23,0,1,0,6,6,1,3,0,0,0
171463,Riells i Viabrea,Girona,2011,41,3,14,24,17,9,13,2,39,2,3,0,3,5,0,0,0,0,0
171463,Riells i Viabrea,Girona,2012,23,5,10,8,2,7,13,1,22,4,2,0,2,5,0,0,0,0,0
171463,Riells i Viabrea,Girona,2013,23,6,8,9,4,10,9,0,23,0,1,0,1,5,2,0,0,0,0
171463,Riells i Viabrea,Girona,2014,25,3,13,9,6,7,12,0,25,0,2,0,0,8,1,1,0,0,0
171463,Riells i Viabrea,Girona,2015,11,0,2,9,4,4,2,1,10,0,1,0,0,1,0,0,0,0,0
171463,Riells i Viabrea,Girona,2016,10,4,1,5,3,6,1,0,10,0,0,0,0,1,0,0,0,0,0
171463,Riells i Viabrea,Girona,2017,14,1,4,9,6,7,1,0,14,1,0,0,0,0,0,0,0,0,0
171463,Riells i Viabrea,Girona,2018,8,3,1,4,3,2,3,0,8,0,0,0,0,3,0,0,0,0,0
171463,Riells i Viabrea,Girona,2019,16,3,2,11,8,3,5,0,16,0,0,0,0,3,0,2,0,0,0
171463,Riells i Viabrea,Girona,2020,6,0,3,3,1,3,2,0,6,0,1,0,0,1,0,0,0,0,0
171463,Riells i Viabrea,Girona,2021,8,4,3,1,0,1,5,2,6,0,0,0,0,5,0,0,0,0,0
171463,Riells i Viabrea,Girona,2022,8,5,2,1,1,0,7,0,8,0,0,0,0,7,0,0,0,0,0
171463,Riells i Viabrea,Girona,2023,3,1,0,2,0,1,2,0,3,0,0,0,0,2,0,0,0,0,0
171479,Ripoll,Girona,2011,16,2,0,14,9,2,2,3,13,0,0,1,0,1,0,0,0,0,0
171479,Ripoll,Girona,2012,26,15,2,9,8,4,14,0,26,1,0,4,0,9,0,0,0,0,0
171479,Ripoll,Girona,2013,8,0,3,5,5,0,3,0,8,0,0,1,0,2,0,0,0,0,0
171479,Ripoll,Girona,2014,8,1,1,6,4,1,3,0,8,0,0,1,0,2,0,0,0,0,0
171479,Ripoll,Girona,2015,12,0,2,10,7,3,2,0,12,0,0,1,0,1,0,0,0,0,0
171479,Ripoll,Girona,2016,50,38,2,10,4,5,41,0,50,1,1,28,0,9,2,0,0,0,0
171479,Ripoll,Girona,2017,62,27,20,15,8,13,41,0,62,6,2,14,0,15,4,0,0,0,0
171479,Ripoll,Girona,2018,73,36,22,15,10,11,52,0,73,2,1,18,0,28,3,0,0,0,0
171479,Ripoll,Girona,2019,115,41,70,4,3,4,108,0,115,1,3,29,3,61,11,0,0,0,0
171479,Ripoll,Girona,2020,80,32,36,12,2,5,73,0,80,3,3,9,0,56,2,0,0,0,0
171479,Ripoll,Girona,2021,103,30,59,14,6,3,77,17,86,1,3,9,0,60,4,0,0,0,0
171479,Ripoll,Girona,2022,88,47,38,3,1,5,80,2,86,1,4,24,3,45,3,0,0,0,0
171479,Ripoll,Girona,2023,103,36,64,3,1,8,94,0,103,3,2,35,0,51,3,0,0,0,0
171485,Riudarenes,Girona,2011,4,3,1,0,0,0,4,0,4,2,0,1,0,1,0,0,0,0,0
171485,Riudarenes,Girona,2012,8,2,5,1,0,2,6,0,8,2,0,2,0,2,0,0,0,0,0
171485,Riudarenes,Girona,2013,8,6,2,0,0,5,3,0,8,0,2,0,0,1,0,0,0,0,0
171485,Riudarenes,Girona,2014,3,2,1,0,0,1,2,0,3,0,2,0,0,0,0,0,0,0,0
171485,Riudarenes,Girona,2015,3,0,2,1,1,0,2,0,3,0,2,0,0,0,0,0,0,0,0
171485,Riudarenes,Girona,2016,6,5,1,0,0,0,6,0,6,2,0,0,0,4,0,0,0,0,0
171485,Riudarenes,Girona,2017,8,2,6,0,0,0,8,0,8,3,0,0,0,5,0,0,0,0,0
171485,Riudarenes,Girona,2018,10,5,5,0,0,3,7,0,10,0,0,0,0,7,0,0,0,0,0
171485,Riudarenes,Girona,2019,12,3,8,1,2,2,8,0,12,0,0,0,0,8,0,0,0,0,0
171485,Riudarenes,Girona,2020,5,0,2,3,1,1,3,0,5,0,0,0,0,3,0,0,0,0,0
171485,Riudarenes,Girona,2021,6,3,2,1,0,0,4,2,4,0,0,1,0,3,0,0,0,0,0
171485,Riudarenes,Girona,2022,6,2,0,4,0,0,4,2,4,0,0,0,0,4,0,0,0,0,0
171485,Riudarenes,Girona,2023,5,1,3,1,0,0,5,0,5,0,0,0,0,5,0,0,0,0,0
171498,Riudaura,Girona,2011,0,0,0,0,0,0,0,0,0,0,0,0,0,0,0,0,0,0,0
171498,Riudaura,Girona,2012,2,0,0,2,2,0,0,0,2,0,0,0,0,0,0,0,0,0,0
171498,Riudaura,Girona,2013,3,0,0,3,2,0,1,0,3,0,0,1,0,0,0,0,0,0,0
171498,Riudaura,Girona,2014,3,1,0,2,2,0,1,0,3,1,0,0,0,0,0,0,0,0,0
171498,Riudaura,Girona,2015,0,0,0,0,0,0,0,0,0,0,0,0,0,0,0,0,0,0,0
171498,Riudaura,Girona,2016,0,0,0,0,0,0,0,0,0,0,0,0,0,0,0,0,0,0,0
171498,Riudaura,Girona,2017,1,0,0,1,1,0,0,0,1,0,0,0,0,0,0,0,0,0,0
171498,Riudaura,Girona,2018,1,0,0,1,1,0,0,0,1,0,0,0,0,0,0,0,0,0,0
171498,Riudaura,Girona,2019,0,0,0,0,0,0,0,0,0,0,0,0,0,0,0,0,0,0,0
171498,Riudaura,Girona,2020,1,0,0,1,0,0,1,0,1,0,0,1,0,0,0,0,0,0,0
171498,Riudaura,Girona,2021,0,0,0,0,0,0,0,0,0,0,0,0,0,0,0,0,0,0,0
171501,Riudellots de la Selva,Girona,2011,26,16,8,2,2,1,22,1,25,9,5,0,1,7,0,0,0,0,0
171501,Riudellots de la Selva,Girona,2012,15,0,14,1,1,2,12,0,15,3,2,0,1,6,0,0,0,0,0
171501,Riudellots de la Selva,Girona,2013,2,1,0,1,0,1,1,0,2,0,0,0,0,1,0,0,0,0,0
171501,Riudellots de la Selva,Girona,2014,3,0,1,2,1,1,1,0,3,0,0,0,1,0,0,0,0,0,0
171501,Riudellots de la Selva,Girona,2015,4,4,0,0,0,0,4,0,4,1,0,0,0,3,0,0,0,0,0
171501,Riudellots de la Selva,Girona,2016,15,13,1,1,1,0,14,0,15,4,0,1,1,5,3,0,0,0,0
171501,Riudellots de la Selva,Girona,2017,19,0,17,2,2,1,16,0,19,2,1,1,2,10,0,0,0,0,0
171501,Riudellots de la Selva,Girona,2018,16,11,2,3,3,0,13,0,16,1,4,1,0,7,0,0,0,0,0
171501,Riudellots de la Selva,Girona,2019,34,8,23,3,2,1,31,0,34,4,6,3,1,17,0,0,0,0,0
171501,Riudellots de la Selva,Girona,2020,13,0,8,5,2,2,9,0,13,0,3,1,0,5,0,0,0,0,0
171501,Riudellots de la Selva,Girona,2021,10,0,8,2,0,0,7,3,7,3,2,0,0,2,0,0,0,0,0
171501,Riudellots de la Selva,Girona,2022,8,3,5,0,0,0,7,1,7,1,1,1,0,4,0,0,0,0,0
171501,Riudellots de la Selva,Girona,2023,2,0,1,1,0,0,2,0,2,0,0,1,0,1,0,0,0,0,0
171518,Riumors,Girona,2011,2,1,1,0,0,0,1,1,1,0,0,1,0,0,0,0,0,0,0
171518,Riumors,Girona,2012,0,0,0,0,0,0,0,0,0,0,0,0,0,0,0,0,0,0,0
171518,Riumors,Girona,2013,0,0,0,0,0,0,0,0,0,0,0,0,0,0,0,0,0,0,0
171518,Riumors,Girona,2014,0,0,0,0,0,0,0,0,0,0,0,0,0,0,0,0,0,0,0
171518,Riumors,Girona,2015,1,1,0,0,1,0,0,0,1,0,0,0,0,0,0,0,0,0,0
171518,Riumors,Girona,2016,1,1,0,0,1,0,0,0,1,0,0,0,0,0,0,0,0,0,0
171518,Riumors,Girona,2017,0,0,0,0,0,0,0,0,0,0,0,0,0,0,0,0,0,0,0
171518,Riumors,Girona,2018,1,1,0,0,0,0,1,0,1,1,0,0,0,0,0,0,0,0,0
171518,Riumors,Girona,2019,1,1,0,0,0,0,1,0,1,0,0,0,0,1,0,0,0,0,0
171518,Riumors,Girona,2020,1,0,1,0,0,0,1,0,1,0,0,0,0,1,0,0,0,0,0
171518,Riumors,Girona,2021,0,0,0,0,0,0,0,0,0,0,0,0,0,0,0,0,0,0,0
171523,Roses,Girona,2011,510,262,158,90,49,59,385,17,493,60,13,217,11,70,6,8,0,0,0
171523,Roses,Girona,2012,448,228,162,58,26,52,366,4,444,59,19,197,5,68,14,4,0,0,0
171523,Roses,Girona,2013,346,165,152,29,11,62,268,5,341,50,19,136,5,43,13,2,0,0,0
171523,Roses,Girona,2014,279,133,94,52,15,26,234,4,275,46,9,128,5,28,13,5,0,0,0
171523,Roses,Girona,2015,221,133,56,32,14,19,188,0,221,39,10,107,5,21,4,2,0,0,0
171523,Roses,Girona,2016,270,159,66,45,22,31,217,0,270,45,5,140,2,22,1,2,0,0,0
171523,Roses,Girona,2017,280,170,87,23,25,9,246,0,280,45,19,134,2,38,7,1,0,0,0
171523,Roses,Girona,2018,303,122,123,58,34,15,254,0,303,48,20,121,1,60,4,0,0,0,0
171523,Roses,Girona,2019,346,161,156,29,12,17,317,0,346,72,19,132,3,81,10,0,0,0,0
171523,Roses,Girona,2020,208,59,121,28,5,9,180,14,194,46,13,70,0,47,4,0,0,0,0
171523,Roses,Girona,2021,169,58,83,28,9,11,93,56,113,19,6,30,0,37,1,0,0,0,0
171523,Roses,Girona,2022,210,117,73,20,10,10,178,12,198,18,49,49,4,50,7,1,0,0,0
171523,Roses,Girona,2023,312,164,116,32,7,14,289,2,310,41,56,62,3,108,15,4,0,0,0
171539,Rupià,Girona,2011,5,2,1,2,0,0,5,0,5,4,0,0,0,0,1,0,0,0,0
171539,Rupià,Girona,2012,5,0,2,3,2,0,3,0,5,3,0,0,0,0,0,0,0,0,0
171539,Rupià,Girona,2013,1,1,0,0,0,0,1,0,1,1,0,0,0,0,0,0,0,0,0
171539,Rupià,Girona,2014,3,0,1,2,2,0,1,0,3,1,0,0,0,0,0,0,0,0,0
171539,Rupià,Girona,2015,2,0,0,2,2,0,0,0,2,0,0,0,0,0,0,0,0,0,0
171539,Rupià,Girona,2016,1,0,0,1,1,0,0,0,1,0,0,0,0,0,0,0,0,0,0
171539,Rupià,Girona,2017,0,0,0,0,0,0,0,0,0,0,0,0,0,0,0,0,0,0,0
171539,Rupià,Girona,2018,3,0,0,3,1,2,0,0,3,0,0,0,0,0,0,0,0,0,0
171539,Rupià,Girona,2019,6,1,1,4,0,4,2,0,6,0,2,0,0,0,0,0,0,0,0
171539,Rupià,Girona,2020,3,0,1,2,0,2,1,0,3,0,1,0,0,0,0,0,0,0,0
171539,Rupià,Girona,2021,0,0,0,0,0,0,0,0,0,0,0,0,0,0,0,0,0,0,0
171544,Sales de Llierca,Girona,2011,2,1,0,1,0,0,2,0,2,2,0,0,0,0,0,0,0,0,0
171544,Sales de Llierca,Girona,2012,0,0,0,0,0,0,0,0,0,0,0,0,0,0,0,0,0,0,0
171544,Sales de Llierca,Girona,2013,0,0,0,0,0,0,0,0,0,0,0,0,0,0,0,0,0,0,0
171544,Sales de Llierca,Girona,2014,1,0,1,0,0,0,1,0,1,1,0,0,0,0,0,0,0,0,0
171544,Sales de Llierca,Girona,2015,2,0,2,0,0,0,2,0,2,1,0,0,1,0,0,0,0,0,0
171544,Sales de Llierca,Girona,2016,1,0,1,0,0,0,1,0,1,1,0,0,0,0,0,0,0,0,0
171544,Sales de Llierca,Girona,2017,0,0,0,0,0,0,0,0,0,0,0,0,0,0,0,0,0,0,0
171544,Sales de Llierca,Girona,2018,0,0,0,0,0,0,0,0,0,0,0,0,0,0,0,0,0,0,0
171544,Sales de Llierca,Girona,2019,3,0,3,0,0,0,3,0,3,2,0,0,0,1,0,0,0,0,0
171544,Sales de Llierca,Girona,2020,2,0,2,0,0,0,2,0,2,2,0,0,0,0,0,0,0,0,0
171544,Sales de Llierca,Girona,2021,0,0,0,0,0,0,0,0,0,0,0,0,0,0,0,0,0,0,0
171557,Salt,Girona,2011,774,262,376,136,69,49,651,5,769,36,10,188,184,194,39,0,0,0,0
171557,Salt,Girona,2012,950,448,357,145,63,55,832,0,950,52,7,193,276,226,78,0,0,0,0
171557,Salt,Girona,2013,741,263,342,136,68,52,621,0,741,44,15,121,165,242,34,0,0,0,0
171557,Salt,Girona,2014,576,236,226,114,57,32,487,0,576,38,12,123,108,176,30,0,0,0,0
171557,Salt,Girona,2015,537,233,214,90,30,15,492,0,537,29,15,145,95,168,40,0,0,0,0
171557,Salt,Girona,2016,481,194,223,64,19,15,447,0,481,18,12,139,106,148,24,0,0,0,0
171557,Salt,Girona,2017,505,190,258,57,19,14,472,0,505,11,13,92,96,214,46,0,0,0,0
171557,Salt,Girona,2018,570,214,303,53,19,15,536,0,570,23,22,137,109,213,32,0,0,0,0
171557,Salt,Girona,2019,652,270,313,69,26,18,607,1,651,24,17,184,102,244,36,0,0,0,0
171557,Salt,Girona,2020,334,104,190,40,21,9,288,16,318,9,8,74,56,132,9,0,0,0,0
171557,Salt,Girona,2021,365,140,201,24,10,8,269,78,287,11,6,58,53,126,13,2,0,0,0
171557,Salt,Girona,2022,311,136,141,34,13,8,269,21,290,3,10,54,56,132,12,2,0,0,0
171557,Salt,Girona,2023,528,224,249,55,24,14,485,5,523,2,6,142,74,221,33,7,0,0,0
171576,Sant Andreu Salou,Girona,2011,0,0,0,0,0,0,0,0,0,0,0,0,0,0,0,0,0,0,0
171576,Sant Andreu Salou,Girona,2012,0,0,0,0,0,0,0,0,0,0,0,0,0,0,0,0,0,0,0
171576,Sant Andreu Salou,Girona,2013,0,0,0,0,0,0,0,0,0,0,0,0,0,0,0,0,0,0,0
171576,Sant Andreu Salou,Girona,2014,0,0,0,0,0,0,0,0,0,0,0,0,0,0,0,0,0,0,0
171576,Sant Andreu Salou,Girona,2015,0,0,0,0,0,0,0,0,0,0,0,0,0,0,0,0,0,0,0
171576,Sant Andreu Salou,Girona,2016,2,0,0,2,2,0,0,0,2,0,0,0,0,0,0,0,0,0,0
171576,Sant Andreu Salou,Girona,2017,4,0,0,4,4,0,0,0,4,0,0,0,0,0,0,0,0,0,0
171576,Sant Andreu Salou,Girona,2018,0,0,0,0,0,0,0,0,0,0,0,0,0,0,0,0,0,0,0
171576,Sant Andreu Salou,Girona,2019,0,0,0,0,0,0,0,0,0,0,0,0,0,0,0,0,0,0,0
171576,Sant Andreu Salou,Girona,2020,0,0,0,0,0,0,0,0,0,0,0,0,0,0,0,0,0,0,0
171576,Sant Andreu Salou,Girona,2021,0,0,0,0,0,0,0,0,0,0,0,0,0,0,0,0,0,0,0
171582,Sant Climent Sescebes,Girona,2011,5,1,2,2,2,0,3,0,5,0,0,0,0,2,0,1,0,0,0
171582,Sant Climent Sescebes,Girona,2012,7,1,5,1,1,1,5,0,7,0,0,0,0,2,0,3,0,0,0
171582,Sant Climent Sescebes,Girona,2013,0,0,0,0,0,0,0,0,0,0,0,0,0,0,0,0,0,0,0
171582,Sant Climent Sescebes,Girona,2014,2,0,0,2,0,1,1,0,2,1,0,0,0,0,0,0,0,0,0
171582,Sant Climent Sescebes,Girona,2015,3,1,0,2,0,1,2,0,3,2,0,0,0,0,0,0,0,0,0
171582,Sant Climent Sescebes,Girona,2016,5,0,3,2,0,1,4,0,5,4,0,0,0,0,0,0,0,0,0
171582,Sant Climent Sescebes,Girona,2017,2,0,1,1,0,0,2,0,2,2,0,0,0,0,0,0,0,0,0
171582,Sant Climent Sescebes,Girona,2018,1,0,1,0,0,1,0,0,1,0,0,0,0,0,0,0,0,0,0
171582,Sant Climent Sescebes,Girona,2019,2,1,1,0,0,1,1,0,2,0,0,0,0,1,0,0,0,0,0
171582,Sant Climent Sescebes,Girona,2020,2,1,1,0,0,1,1,0,2,0,0,0,0,1,0,0,0,0,0
171582,Sant Climent Sescebes,Girona,2021,3,0,2,1,0,0,3,0,3,0,0,0,0,3,0,0,0,0,0
171582,Sant Climent Sescebes,Girona,2022,6,3,1,2,2,2,2,0,6,2,0,0,0,0,0,0,0,0,0
171582,Sant Climent Sescebes,Girona,2023,14,5,4,5,4,3,7,0,14,3,1,1,0,2,0,0,0,0,0
171595,Sant Feliu de Buixalleu,Girona,2011,7,0,2,5,3,1,3,0,7,0,1,0,0,2,0,0,0,0,0
171595,Sant Feliu de Buixalleu,Girona,2012,4,1,0,3,2,0,2,0,4,1,0,0,0,1,0,0,0,0,0
171595,Sant Feliu de Buixalleu,Girona,2013,5,1,2,2,2,0,3,0,5,2,0,0,0,1,0,0,0,0,0
171595,Sant Feliu de Buixalleu,Girona,2014,3,1,1,1,1,1,1,0,3,1,0,0,0,0,0,0,0,0,0
171595,Sant Feliu de Buixalleu,Girona,2015,1,0,1,0,0,1,0,0,1,0,0,0,0,0,0,0,0,0,0
171595,Sant Feliu de Buixalleu,Girona,2016,0,0,0,0,0,0,0,0,0,0,0,0,0,0,0,0,0,0,0
171595,Sant Feliu de Buixalleu,Girona,2017,1,0,1,0,0,0,1,0,1,0,0,1,0,0,0,0,0,0,0
171595,Sant Feliu de Buixalleu,Girona,2018,3,0,3,0,0,0,3,0,3,0,0,2,0,1,0,0,0,0,0
171595,Sant Feliu de Buixalleu,Girona,2019,1,0,0,1,1,0,0,0,1,0,0,0,0,0,0,0,0,0,0
171595,Sant Feliu de Buixalleu,Girona,2020,1,0,0,1,1,0,0,0,1,0,0,0,0,0,0,0,0,0,0
171595,Sant Feliu de Buixalleu,Girona,2021,2,1,1,0,0,0,2,0,2,0,0,0,0,2,0,0,0,0,0
171595,Sant Feliu de Buixalleu,Girona,2023,1,0,1,0,0,0,1,0,1,0,0,0,0,1,0,0,0,0,0
171609,Sant Feliu de Guíxols,Girona,2011,54,13,15,26,14,14,25,1,53,6,2,1,1,14,0,1,0,0,0
171609,Sant Feliu de Guíxols,Girona,2012,32,6,7,19,7,12,10,3,29,2,2,1,1,3,1,0,0,0,0
171609,Sant Feliu de Guíxols,Girona,2013,42,6,15,21,15,10,16,1,41,2,5,2,3,2,2,0,0,0,0
171609,Sant Feliu de Guíxols,Girona,2014,39,18,4,17,12,2,24,1,38,4,5,2,6,4,3,0,0,0,0
171609,Sant Feliu de Guíxols,Girona,2015,25,16,6,3,2,0,23,0,25,2,3,5,4,6,3,0,0,0,0
171609,Sant Feliu de Guíxols,Girona,2016,41,22,12,7,4,3,34,0,41,5,12,5,2,10,0,0,0,0,0
171609,Sant Feliu de Guíxols,Girona,2017,47,18,19,10,6,3,38,0,47,6,8,7,1,14,2,0,0,0,0
171609,Sant Feliu de Guíxols,Girona,2018,62,26,29,7,2,6,54,0,62,9,6,22,3,9,5,0,0,0,0
171609,Sant Feliu de Guíxols,Girona,2019,97,41,44,12,10,4,83,0,97,7,6,34,7,28,1,0,0,0,0
171609,Sant Feliu de Guíxols,Girona,2020,51,4,20,27,13,6,31,1,50,1,7,2,0,19,2,0,0,0,0
171609,Sant Feliu de Guíxols,Girona,2021,19,0,8,11,4,0,15,0,19,0,2,1,0,9,3,0,0,0,0
171609,Sant Feliu de Guíxols,Girona,2022,25,8,8,9,4,1,11,9,16,1,0,3,0,7,0,0,0,0,0
171609,Sant Feliu de Guíxols,Girona,2023,38,9,12,17,10,1,22,5,33,1,2,5,0,12,0,2,0,0,0
171616,Sant Feliu de Pallerols,Girona,2011,7,1,4,2,2,3,2,0,7,0,0,2,0,0,0,0,0,0,0
171616,Sant Feliu de Pallerols,Girona,2012,4,0,2,2,2,0,2,0,4,0,0,2,0,0,0,0,0,0,0
171616,Sant Feliu de Pallerols,Girona,2013,2,0,0,2,2,0,0,0,2,0,0,0,0,0,0,0,0,0,0
171616,Sant Feliu de Pallerols,Girona,2014,2,0,0,2,2,0,0,0,2,0,0,0,0,0,0,0,0,0,0
171616,Sant Feliu de Pallerols,Girona,2015,2,1,0,1,1,0,1,0,2,1,0,0,0,0,0,0,0,0,0
171616,Sant Feliu de Pallerols,Girona,2016,3,0,3,0,0,0,3,0,3,3,0,0,0,0,0,0,0,0,0
171616,Sant Feliu de Pallerols,Girona,2017,3,0,1,2,0,0,3,0,3,3,0,0,0,0,0,0,0,0,0
171616,Sant Feliu de Pallerols,Girona,2018,2,0,0,2,0,0,2,0,2,2,0,0,0,0,0,0,0,0,0
171616,Sant Feliu de Pallerols,Girona,2019,7,3,0,4,3,0,4,0,7,1,0,1,0,2,0,0,0,0,0
171616,Sant Feliu de Pallerols,Girona,2020,2,1,0,1,1,0,1,0,2,0,0,1,0,0,0,0,0,0,0
171616,Sant Feliu de Pallerols,Girona,2021,2,0,1,1,0,0,1,1,1,0,0,1,0,0,0,0,0,0,0
171616,Sant Feliu de Pallerols,Girona,2022,27,19,7,1,0,4,17,6,21,0,0,0,1,14,2,0,0,0,0
171616,Sant Feliu de Pallerols,Girona,2023,599,232,265,102,63,70,418,48,551,10,18,21,8,343,17,1,0,0,0
171621,Sant Ferriol,Girona,2011,0,0,0,0,0,0,0,0,0,0,0,0,0,0,0,0,0,0,0
171621,Sant Ferriol,Girona,2012,0,0,0,0,0,0,0,0,0,0,0,0,0,0,0,0,0,0,0
171621,Sant Ferriol,Girona,2013,0,0,0,0,0,0,0,0,0,0,0,0,0,0,0,0,0,0,0
171621,Sant Ferriol,Girona,2014,1,1,0,0,0,0,1,0,1,1,0,0,0,0,0,0,0,0,0
171621,Sant Ferriol,Girona,2015,0,0,0,0,0,0,0,0,0,0,0,0,0,0,0,0,0,0,0
171621,Sant Ferriol,Girona,2016,0,0,0,0,0,0,0,0,0,0,0,0,0,0,0,0,0,0,0
171621,Sant Ferriol,Girona,2017,0,0,0,0,0,0,0,0,0,0,0,0,0,0,0,0,0,0,0
171621,Sant Ferriol,Girona,2018,0,0,0,0,0,0,0,0,0,0,0,0,0,0,0,0,0,0,0
171621,Sant Ferriol,Girona,2019,0,0,0,0,0,0,0,0,0,0,0,0,0,0,0,0,0,0,0
171621,Sant Ferriol,Girona,2020,0,0,0,0,0,0,0,0,0,0,0,0,0,0,0,0,0,0,0
171621,Sant Ferriol,Girona,2021,0,0,0,0,0,0,0,0,0,0,0,0,0,0,0,0,0,0,0
171637,Sant Gregori,Girona,2011,16,0,5,11,8,2,5,1,15,0,0,2,0,3,0,0,0,0,0
171637,Sant Gregori,Girona,2012,9,3,1,5,4,1,4,0,9,0,0,1,0,3,0,0,0,0,0
171637,Sant Gregori,Girona,2013,12,5,3,4,4,0,8,0,12,5,0,0,0,3,0,0,0,0,0
171637,Sant Gregori,Girona,2014,9,1,5,3,4,0,5,0,9,0,2,0,0,3,0,0,0,0,0
171637,Sant Gregori,Girona,2015,6,0,2,4,4,0,2,0,6,0,0,0,0,2,0,0,0,0,0
171637,Sant Gregori,Girona,2016,9,3,0,6,4,0,5,0,9,0,0,1,0,4,0,0,0,0,0
171637,Sant Gregori,Girona,2017,8,0,4,4,2,0,6,0,8,0,0,0,0,5,0,1,0,0,0
171637,Sant Gregori,Girona,2018,9,1,1,7,1,4,4,0,9,0,0,0,0,2,0,2,0,0,0
171637,Sant Gregori,Girona,2019,11,2,3,6,1,4,6,0,11,0,0,3,0,2,0,1,0,0,0
171637,Sant Gregori,Girona,2020,3,1,1,1,0,1,2,0,3,0,0,1,0,1,0,0,0,0,0
171637,Sant Gregori,Girona,2021,1,0,0,1,0,1,0,0,1,0,0,0,0,0,0,0,0,0,0
171637,Sant Gregori,Girona,2022,2,1,1,0,0,0,2,0,2,0,0,2,0,0,0,0,0,0,0
171642,Sant Hilari Sacalm,Girona,2011,11,0,10,1,1,0,10,0,11,0,0,7,0,3,0,0,0,0,0
171642,Sant Hilari Sacalm,Girona,2012,3,0,1,2,0,0,1,2,1,0,0,0,0,1,0,0,0,0,0
171642,Sant Hilari Sacalm,Girona,2013,0,0,0,0,0,0,0,0,0,0,0,0,0,0,0,0,0,0,0
171642,Sant Hilari Sacalm,Girona,2014,0,0,0,0,0,0,0,0,0,0,0,0,0,0,0,0,0,0,0
171642,Sant Hilari Sacalm,Girona,2015,0,0,0,0,0,0,0,0,0,0,0,0,0,0,0,0,0,0,0
171642,Sant Hilari Sacalm,Girona,2016,0,0,0,0,0,0,0,0,0,0,0,0,0,0,0,0,0,0,0
171642,Sant Hilari Sacalm,Girona,2017,1,0,1,0,0,0,1,0,1,0,0,0,0,0,1,0,0,0,0
171642,Sant Hilari Sacalm,Girona,2018,7,6,1,0,0,1,6,0,7,1,0,2,1,1,1,0,0,0,0
171642,Sant Hilari Sacalm,Girona,2019,0,0,0,0,0,0,0,0,0,0,0,0,0,0,0,0,0,0,0
171642,Sant Hilari Sacalm,Girona,2020,1,0,1,0,0,0,1,0,1,0,0,1,0,0,0,0,0,0,0
171642,Sant Hilari Sacalm,Girona,2021,1,0,1,0,0,1,0,0,1,0,0,0,0,0,0,0,0,0,0
171642,Sant Hilari Sacalm,Girona,2023,5,1,3,1,1,0,4,0,5,3,0,0,0,1,0,0,0,0,0
171655,Sant Jaume de Llierca,Girona,2011,4,0,1,3,1,0,3,0,4,2,1,0,0,0,0,0,0,0,0
171655,Sant Jaume de Llierca,Girona,2012,1,0,1,0,0,0,1,0,1,0,0,0,0,1,0,0,0,0,0
171655,Sant Jaume de Llierca,Girona,2013,3,0,3,0,0,1,2,0,3,0,0,0,0,2,0,0,0,0,0
171655,Sant Jaume de Llierca,Girona,2014,0,0,0,0,0,0,0,0,0,0,0,0,0,0,0,0,0,0,0
171655,Sant Jaume de Llierca,Girona,2015,4,3,1,0,0,0,4,0,4,0,0,1,0,3,0,0,0,0,0
171655,Sant Jaume de Llierca,Girona,2016,7,1,6,0,0,0,7,0,7,2,0,0,0,5,0,0,0,0,0
171655,Sant Jaume de Llierca,Girona,2017,8,2,6,0,0,0,8,0,8,0,0,0,0,8,0,0,0,0,0
171655,Sant Jaume de Llierca,Girona,2018,6,0,5,1,1,0,5,0,6,0,0,0,0,5,0,0,0,0,0
171655,Sant Jaume de Llierca,Girona,2019,6,3,3,0,0,0,6,0,6,0,0,0,0,6,0,0,0,0,0
171655,Sant Jaume de Llierca,Girona,2020,2,0,2,0,0,0,2,0,2,0,0,0,0,2,0,0,0,0,0
171655,Sant Jaume de Llierca,Girona,2021,2,1,1,0,0,0,0,2,0,0,0,0,0,0,0,0,0,0,0
171655,Sant Jaume de Llierca,Girona,2022,4,0,4,0,0,0,2,2,2,0,0,0,0,2,0,0,0,0,0
171655,Sant Jaume de Llierca,Girona,2023,3,2,1,0,0,0,3,0,3,0,0,0,0,3,0,0,0,0,0
171668,Sant Jordi Desvalls,Girona,2011,3,1,1,1,0,0,3,0,3,2,0,0,1,0,0,0,0,0,0
171668,Sant Jordi Desvalls,Girona,2012,5,2,1,2,0,0,5,0,5,2,0,2,1,0,0,0,0,0,0
171668,Sant Jordi Desvalls,Girona,2013,3,1,0,2,0,0,3,0,3,2,0,1,0,0,0,0,0,0,0
171668,Sant Jordi Desvalls,Girona,2014,16,15,0,1,0,0,15,1,15,0,1,8,0,6,0,0,0,0,0
171668,Sant Jordi Desvalls,Girona,2015,0,0,0,0,0,0,0,0,0,0,0,0,0,0,0,0,0,0,0
171668,Sant Jordi Desvalls,Girona,2016,2,0,2,0,0,0,2,0,2,0,0,0,0,2,0,0,0,0,0
171668,Sant Jordi Desvalls,Girona,2017,4,1,3,0,0,0,4,0,4,1,0,0,0,3,0,0,0,0,0
171668,Sant Jordi Desvalls,Girona,2018,2,1,0,1,0,0,2,0,2,0,0,0,0,2,0,0,0,0,0
171668,Sant Jordi Desvalls,Girona,2019,2,2,0,0,0,0,2,0,2,0,0,0,0,2,0,0,0,0,0
171668,Sant Jordi Desvalls,Girona,2020,5,3,1,1,1,0,4,0,5,0,0,0,1,3,0,0,0,0,0
171668,Sant Jordi Desvalls,Girona,2021,2,1,1,0,0,0,2,0,2,0,0,2,0,0,0,0,0,0,0
171674,Sant Joan de les Abadesses,Girona,2011,3,2,0,1,0,1,2,0,3,0,0,2,0,0,0,0,0,0,0
171674,Sant Joan de les Abadesses,Girona,2012,1,1,0,0,0,0,1,0,1,0,0,0,0,1,0,0,0,0,0
171674,Sant Joan de les Abadesses,Girona,2013,2,0,0,2,2,0,0,0,2,0,0,0,0,0,0,0,0,0,0
171674,Sant Joan de les Abadesses,Girona,2014,4,1,0,3,3,0,1,0,4,0,0,1,0,0,0,0,0,0,0
171674,Sant Joan de les Abadesses,Girona,2015,2,0,0,2,2,0,0,0,2,0,0,0,0,0,0,0,0,0,0
171674,Sant Joan de les Abadesses,Girona,2016,2,0,0,2,2,0,0,0,2,0,0,0,0,0,0,0,0,0,0
171674,Sant Joan de les Abadesses,Girona,2017,2,0,0,2,2,0,0,0,2,0,0,0,0,0,0,0,0,0,0
171674,Sant Joan de les Abadesses,Girona,2018,6,3,1,2,2,0,4,0,6,0,0,0,1,1,2,0,0,0,0
171674,Sant Joan de les Abadesses,Girona,2019,4,0,4,0,0,0,4,0,4,0,0,1,3,0,0,0,0,0,0
171674,Sant Joan de les Abadesses,Girona,2020,7,3,1,3,0,0,7,0,7,0,0,0,0,7,0,0,0,0,0
171674,Sant Joan de les Abadesses,Girona,2021,11,1,4,6,3,0,7,1,10,0,0,0,1,6,0,0,0,0,0
171674,Sant Joan de les Abadesses,Girona,2022,17,11,3,3,1,0,16,0,17,0,2,3,1,9,1,0,0,0,0
171674,Sant Joan de les Abadesses,Girona,2023,17,7,4,6,0,1,16,0,17,0,1,5,2,7,1,0,0,0,0
171680,Sant Joan de Mollet,Girona,2011,1,1,0,0,0,0,1,0,1,1,0,0,0,0,0,0,0,0,0
171680,Sant Joan de Mollet,Girona,2012,1,0,0,1,1,0,0,0,1,0,0,0,0,0,0,0,0,0,0
171680,Sant Joan de Mollet,Girona,2013,0,0,0,0,0,0,0,0,0,0,0,0,0,0,0,0,0,0,0
171680,Sant Joan de Mollet,Girona,2014,0,0,0,0,0,0,0,0,0,0,0,0,0,0,0,0,0,0,0
171680,Sant Joan de Mollet,Girona,2015,0,0,0,0,0,0,0,0,0,0,0,0,0,0,0,0,0,0,0
171680,Sant Joan de Mollet,Girona,2016,0,0,0,0,0,0,0,0,0,0,0,0,0,0,0,0,0,0,0
171680,Sant Joan de Mollet,Girona,2017,0,0,0,0,0,0,0,0,0,0,0,0,0,0,0,0,0,0,0
171680,Sant Joan de Mollet,Girona,2018,0,0,0,0,0,0,0,0,0,0,0,0,0,0,0,0,0,0,0
171680,Sant Joan de Mollet,Girona,2019,3,0,0,3,0,0,3,0,3,3,0,0,0,0,0,0,0,0,0
171680,Sant Joan de Mollet,Girona,2020,2,0,0,2,0,0,2,0,2,2,0,0,0,0,0,0,0,0,0
171680,Sant Joan de Mollet,Girona,2021,0,0,0,0,0,0,0,0,0,0,0,0,0,0,0,0,0,0,0
171693,Sant Julià de Ramis,Girona,2011,11,1,9,1,2,1,8,0,11,0,0,2,0,6,0,0,0,0,0
171693,Sant Julià de Ramis,Girona,2012,4,2,2,0,0,2,2,0,4,0,0,1,0,1,0,0,0,0,0
171693,Sant Julià de Ramis,Girona,2013,5,0,3,2,2,2,1,0,5,0,0,0,0,1,0,0,0,0,0
171693,Sant Julià de Ramis,Girona,2014,7,0,3,4,3,2,2,0,7,2,0,0,0,0,0,0,0,0,0
171693,Sant Julià de Ramis,Girona,2015,6,0,1,5,4,1,1,0,6,1,0,0,0,0,0,0,0,0,0
171693,Sant Julià de Ramis,Girona,2016,9,2,3,4,2,3,4,0,9,0,0,3,0,1,0,0,0,0,0
171693,Sant Julià de Ramis,Girona,2017,8,2,3,3,2,1,5,0,8,0,0,0,2,3,0,0,0,0,0
171693,Sant Julià de Ramis,Girona,2018,9,1,3,5,1,1,7,0,9,0,0,0,0,7,0,0,0,0,0
171693,Sant Julià de Ramis,Girona,2019,11,4,3,4,3,0,8,0,11,0,0,1,0,7,0,0,0,0,0
171693,Sant Julià de Ramis,Girona,2020,7,3,2,2,2,0,5,0,7,0,0,1,0,4,0,0,0,0,0
171693,Sant Julià de Ramis,Girona,2021,12,1,9,2,4,1,5,2,10,0,0,0,0,5,0,0,0,0,0
171693,Sant Julià de Ramis,Girona,2022,16,8,6,2,2,1,13,0,16,0,2,3,0,6,2,0,0,0,0
171693,Sant Julià de Ramis,Girona,2023,16,5,8,3,3,3,10,0,16,0,1,2,0,5,2,0,0,0,0
171707,Vallfogona de Ripollès,Girona,2011,0,0,0,0,0,0,0,0,0,0,0,0,0,0,0,0,0,0,0
171707,Vallfogona de Ripollès,Girona,2012,0,0,0,0,0,0,0,0,0,0,0,0,0,0,0,0,0,0,0
171707,Vallfogona de Ripollès,Girona,2013,0,0,0,0,0,0,0,0,0,0,0,0,0,0,0,0,0,0,0
171707,Vallfogona de Ripollès,Girona,2014,0,0,0,0,0,0,0,0,0,0,0,0,0,0,0,0,0,0,0
171707,Vallfogona de Ripollès,Girona,2015,0,0,0,0,0,0,0,0,0,0,0,0,0,0,0,0,0,0,0
171707,Vallfogona de Ripollès,Girona,2016,0,0,0,0,0,0,0,0,0,0,0,0,0,0,0,0,0,0,0
171707,Vallfogona de Ripollès,Girona,2017,1,1,0,0,0,0,1,0,1,0,0,0,1,0,0,0,0,0,0
171707,Vallfogona de Ripollès,Girona,2018,0,0,0,0,0,0,0,0,0,0,0,0,0,0,0,0,0,0,0
171707,Vallfogona de Ripollès,Girona,2019,0,0,0,0,0,0,0,0,0,0,0,0,0,0,0,0,0,0,0
171707,Vallfogona de Ripollès,Girona,2020,2,1,1,0,0,0,2,0,2,0,0,0,0,2,0,0,0,0,0
171707,Vallfogona de Ripollès,Girona,2021,4,1,3,0,0,0,4,0,4,0,0,0,0,4,0,0,0,0,0
171707,Vallfogona de Ripollès,Girona,2022,3,0,3,0,0,0,3,0,3,0,0,0,0,3,0,0,0,0,0
171707,Vallfogona de Ripollès,Girona,2023,2,0,0,2,0,0,2,0,2,0,0,0,0,2,0,0,0,0,0
171714,Sant Llorenç de la Muga,Girona,2011,1,1,0,0,0,0,1,0,1,0,0,0,1,0,0,0,0,0,0
171714,Sant Llorenç de la Muga,Girona,2012,0,0,0,0,0,0,0,0,0,0,0,0,0,0,0,0,0,0,0
171714,Sant Llorenç de la Muga,Girona,2013,0,0,0,0,0,0,0,0,0,0,0,0,0,0,0,0,0,0,0
171714,Sant Llorenç de la Muga,Girona,2014,0,0,0,0,0,0,0,0,0,0,0,0,0,0,0,0,0,0,0
171714,Sant Llorenç de la Muga,Girona,2015,0,0,0,0,0,0,0,0,0,0,0,0,0,0,0,0,0,0,0
171714,Sant Llorenç de la Muga,Girona,2016,3,0,3,0,0,0,3,0,3,2,0,0,0,1,0,0,0,0,0
171714,Sant Llorenç de la Muga,Girona,2017,2,1,1,0,0,1,1,0,2,1,0,0,0,0,0,0,0,0,0
171714,Sant Llorenç de la Muga,Girona,2018,1,0,1,0,0,0,1,0,1,1,0,0,0,0,0,0,0,0,0
171714,Sant Llorenç de la Muga,Girona,2019,1,0,0,1,1,0,0,0,1,0,0,0,0,0,0,0,0,0,0
171714,Sant Llorenç de la Muga,Girona,2020,1,0,0,1,1,0,0,0,1,0,0,0,0,0,0,0,0,0,0
171714,Sant Llorenç de la Muga,Girona,2021,0,0,0,0,0,0,0,0,0,0,0,0,0,0,0,0,0,0,0
171714,Sant Llorenç de la Muga,Girona,2022,17,15,2,0,0,0,16,1,16,6,4,1,0,4,0,1,0,0,0
171714,Sant Llorenç de la Muga,Girona,2023,6,0,6,0,0,0,6,0,6,0,3,0,0,3,0,0,0,0,0
171729,Sant Martí de Llèmena,Girona,2011,7,1,2,4,2,2,3,0,7,0,0,2,0,1,0,0,0,0,0
171729,Sant Martí de Llèmena,Girona,2012,3,0,2,1,1,0,2,0,3,0,0,2,0,0,0,0,0,0,0
171729,Sant Martí de Llèmena,Girona,2013,1,0,1,0,0,0,1,0,1,0,0,1,0,0,0,0,0,0,0
171729,Sant Martí de Llèmena,Girona,2014,2,0,2,0,0,0,2,0,2,0,0,2,0,0,0,0,0,0,0
171729,Sant Martí de Llèmena,Girona,2015,3,0,2,1,0,0,3,0,3,0,0,2,0,1,0,0,0,0,0
171729,Sant Martí de Llèmena,Girona,2016,0,0,0,0,0,0,0,0,0,0,0,0,0,0,0,0,0,0,0
171729,Sant Martí de Llèmena,Girona,2017,2,0,0,2,1,0,1,0,2,0,0,0,0,1,0,0,0,0,0
171729,Sant Martí de Llèmena,Girona,2018,0,0,0,0,0,0,0,0,0,0,0,0,0,0,0,0,0,0,0
171729,Sant Martí de Llèmena,Girona,2019,2,0,2,0,0,2,0,0,2,0,0,0,0,0,0,0,0,0,0
171729,Sant Martí de Llèmena,Girona,2020,0,0,0,0,0,0,0,0,0,0,0,0,0,0,0,0,0,0,0
171729,Sant Martí de Llèmena,Girona,2021,44,39,2,3,0,0,6,38,6,1,0,1,0,4,0,0,0,0,0
171729,Sant Martí de Llèmena,Girona,2022,102,48,48,6,0,1,9,92,10,1,0,6,0,2,0,0,0,0,0
171729,Sant Martí de Llèmena,Girona,2023,19,3,11,5,0,0,3,16,3,0,0,3,0,0,0,0,0,0,0
171735,Sant Martí Vell,Girona,2011,2,2,0,0,0,0,2,0,2,0,0,0,2,0,0,0,0,0,0
171735,Sant Martí Vell,Girona,2012,3,2,1,0,0,1,2,0,3,0,0,0,2,0,0,0,0,0,0
171735,Sant Martí Vell,Girona,2013,1,0,0,1,0,1,0,0,1,0,0,0,0,0,0,0,0,0,0
171735,Sant Martí Vell,Girona,2014,0,0,0,0,0,0,0,0,0,0,0,0,0,0,0,0,0,0,0
171735,Sant Martí Vell,Girona,2015,0,0,0,0,0,0,0,0,0,0,0,0,0,0,0,0,0,0,0
171735,Sant Martí Vell,Girona,2016,0,0,0,0,0,0,0,0,0,0,0,0,0,0,0,0,0,0,0
171735,Sant Martí Vell,Girona,2017,0,0,0,0,0,0,0,0,0,0,0,0,0,0,0,0,0,0,0
171735,Sant Martí Vell,Girona,2018,0,0,0,0,0,0,0,0,0,0,0,0,0,0,0,0,0,0,0
171735,Sant Martí Vell,Girona,2019,2,2,0,0,0,0,2,0,2,0,0,0,2,0,0,0,0,0,0
171735,Sant Martí Vell,Girona,2020,0,0,0,0,0,0,0,0,0,0,0,0,0,0,0,0,0,0,0
171735,Sant Martí Vell,Girona,2021,2,2,0,0,0,0,1,1,1,0,0,0,1,0,0,0,0,0,0
171735,Sant Martí Vell,Girona,2022,1,1,0,0,0,0,1,0,1,0,0,0,1,0,0,0,0,0,0
171740,Sant Miquel de Campmajor,Girona,2011,0,0,0,0,0,0,0,0,0,0,0,0,0,0,0,0,0,0,0
171740,Sant Miquel de Campmajor,Girona,2012,0,0,0,0,0,0,0,0,0,0,0,0,0,0,0,0,0,0,0
171740,Sant Miquel de Campmajor,Girona,2013,0,0,0,0,0,0,0,0,0,0,0,0,0,0,0,0,0,0,0
171740,Sant Miquel de Campmajor,Girona,2014,0,0,0,0,0,0,0,0,0,0,0,0,0,0,0,0,0,0,0
171740,Sant Miquel de Campmajor,Girona,2015,0,0,0,0,0,0,0,0,0,0,0,0,0,0,0,0,0,0,0
171740,Sant Miquel de Campmajor,Girona,2016,2,0,0,2,1,1,0,0,2,0,0,0,0,0,0,0,0,0,0
171740,Sant Miquel de Campmajor,Girona,2017,1,0,0,1,0,1,0,0,1,0,0,0,0,0,0,0,0,0,0
171740,Sant Miquel de Campmajor,Girona,2018,0,0,0,0,0,0,0,0,0,0,0,0,0,0,0,0,0,0,0
171740,Sant Miquel de Campmajor,Girona,2019,0,0,0,0,0,0,0,0,0,0,0,0,0,0,0,0,0,0,0
171740,Sant Miquel de Campmajor,Girona,2020,1,1,0,0,0,0,1,0,1,0,0,0,0,1,0,0,0,0,0
171740,Sant Miquel de Campmajor,Girona,2021,1,0,1,0,0,0,1,0,1,0,0,0,0,1,0,0,0,0,0
171753,Sant Miquel de Fluvià,Girona,2011,4,2,2,0,1,2,1,0,4,0,0,1,0,0,0,0,0,0,0
171753,Sant Miquel de Fluvià,Girona,2012,1,0,0,1,1,0,0,0,1,0,0,0,0,0,0,0,0,0,0
171753,Sant Miquel de Fluvià,Girona,2013,0,0,0,0,0,0,0,0,0,0,0,0,0,0,0,0,0,0,0
171753,Sant Miquel de Fluvià,Girona,2014,2,1,1,0,0,2,0,0,2,0,0,0,0,0,0,0,0,0,0
171753,Sant Miquel de Fluvià,Girona,2015,3,2,1,0,0,1,2,0,3,0,0,1,0,0,1,0,0,0,0
171753,Sant Miquel de Fluvià,Girona,2016,1,0,1,0,0,1,0,0,1,0,0,0,0,0,0,0,0,0,0
171753,Sant Miquel de Fluvià,Girona,2017,2,0,2,0,0,0,2,0,2,0,0,0,0,2,0,0,0,0,0
171753,Sant Miquel de Fluvià,Girona,2018,3,0,1,2,0,2,1,0,3,0,0,0,0,1,0,0,0,0,0
171753,Sant Miquel de Fluvià,Girona,2019,3,1,2,0,0,1,2,0,3,0,0,0,0,2,0,0,0,0,0
171753,Sant Miquel de Fluvià,Girona,2020,3,0,2,1,0,2,1,0,3,0,0,0,0,1,0,0,0,0,0
171753,Sant Miquel de Fluvià,Girona,2021,1,0,0,1,0,1,0,0,1,0,0,0,0,0,0,0,0,0,0
171753,Sant Miquel de Fluvià,Girona,2022,2,1,0,1,0,1,1,0,2,0,0,0,0,1,0,0,0,0,0
171753,Sant Miquel de Fluvià,Girona,2023,12,3,6,3,0,4,8,0,12,6,0,0,0,2,0,0,0,0,0
171766,Sant Mori,Girona,2011,0,0,0,0,0,0,0,0,0,0,0,0,0,0,0,0,0,0,0
171766,Sant Mori,Girona,2012,0,0,0,0,0,0,0,0,0,0,0,0,0,0,0,0,0,0,0
171766,Sant Mori,Girona,2013,0,0,0,0,0,0,0,0,0,0,0,0,0,0,0,0,0,0,0
171766,Sant Mori,Girona,2014,0,0,0,0,0,0,0,0,0,0,0,0,0,0,0,0,0,0,0
171766,Sant Mori,Girona,2015,0,0,0,0,0,0,0,0,0,0,0,0,0,0,0,0,0,0,0
171766,Sant Mori,Girona,2016,0,0,0,0,0,0,0,0,0,0,0,0,0,0,0,0,0,0,0
171766,Sant Mori,Girona,2017,1,0,1,0,0,0,1,0,1,1,0,0,0,0,0,0,0,0,0
171766,Sant Mori,Girona,2018,0,0,0,0,0,0,0,0,0,0,0,0,0,0,0,0,0,0,0
171766,Sant Mori,Girona,2019,1,0,1,0,0,0,1,0,1,0,0,0,0,1,0,0,0,0,0
171766,Sant Mori,Girona,2020,0,0,0,0,0,0,0,0,0,0,0,0,0,0,0,0,0,0,0
171766,Sant Mori,Girona,2021,3,1,2,0,0,0,1,2,1,0,0,0,0,1,0,0,0,0,0
171766,Sant Mori,Girona,2023,4,2,2,0,0,0,4,0,4,0,0,0,0,4,0,0,0,0,0
171772,Sant Pau de Segúries,Girona,2011,0,0,0,0,0,0,0,0,0,0,0,0,0,0,0,0,0,0,0
171772,Sant Pau de Segúries,Girona,2012,0,0,0,0,0,0,0,0,0,0,0,0,0,0,0,0,0,0,0
171772,Sant Pau de Segúries,Girona,2013,1,0,1,0,0,0,1,0,1,0,0,0,0,1,0,0,0,0,0
171772,Sant Pau de Segúries,Girona,2014,1,0,0,1,0,0,1,0,1,0,0,0,0,1,0,0,0,0,0
171772,Sant Pau de Segúries,Girona,2015,0,0,0,0,0,0,0,0,0,0,0,0,0,0,0,0,0,0,0
171772,Sant Pau de Segúries,Girona,2016,0,0,0,0,0,0,0,0,0,0,0,0,0,0,0,0,0,0,0
171772,Sant Pau de Segúries,Girona,2017,0,0,0,0,0,0,0,0,0,0,0,0,0,0,0,0,0,0,0
171772,Sant Pau de Segúries,Girona,2018,0,0,0,0,0,0,0,0,0,0,0,0,0,0,0,0,0,0,0
171772,Sant Pau de Segúries,Girona,2019,1,1,0,0,0,0,1,0,1,0,0,1,0,0,0,0,0,0,0
171772,Sant Pau de Segúries,Girona,2020,1,0,0,1,0,0,1,0,1,0,0,0,0,1,0,0,0,0,0
171772,Sant Pau de Segúries,Girona,2021,1,0,0,1,0,0,1,0,1,0,0,0,0,1,0,0,0,0,0
171772,Sant Pau de Segúries,Girona,2022,7,3,3,1,0,2,4,1,6,0,0,0,0,4,0,0,0,0,0
171772,Sant Pau de Segúries,Girona,2023,4,1,2,1,0,1,3,0,4,0,0,1,0,2,0,0,0,0,0
171788,Sant Pere Pescador,Girona,2011,96,68,24,4,2,2,87,5,91,12,1,13,61,0,0,0,0,0,0
171788,Sant Pere Pescador,Girona,2012,81,27,50,4,1,3,75,2,79,12,1,7,51,4,0,0,0,0,0
171788,Sant Pere Pescador,Girona,2013,67,46,19,2,0,2,65,0,67,8,0,20,31,6,0,0,0,0,0
171788,Sant Pere Pescador,Girona,2014,20,20,0,0,0,1,19,0,20,5,0,3,10,1,0,0,0,0,0
171788,Sant Pere Pescador,Girona,2015,15,13,2,0,0,2,12,1,14,1,0,4,7,0,0,0,0,0,0
171788,Sant Pere Pescador,Girona,2016,15,14,1,0,0,1,14,0,15,1,0,5,7,1,0,0,0,0,0
171788,Sant Pere Pescador,Girona,2017,5,2,3,0,0,0,5,0,5,2,0,1,1,1,0,0,0,0,0
171788,Sant Pere Pescador,Girona,2018,1,0,0,1,0,1,0,0,1,0,0,0,0,0,0,0,0,0,0
171788,Sant Pere Pescador,Girona,2019,35,29,4,2,0,2,33,0,35,4,0,22,7,0,0,0,0,0,0
171788,Sant Pere Pescador,Girona,2020,22,19,1,2,0,2,20,0,22,5,0,11,3,1,0,0,0,0,0
171788,Sant Pere Pescador,Girona,2021,2,0,2,0,0,0,2,0,2,0,0,2,0,0,0,0,0,0,0
171788,Sant Pere Pescador,Girona,2022,3,3,0,0,0,0,3,0,3,0,0,3,0,0,0,0,0,0,0
171788,Sant Pere Pescador,Girona,2023,2,2,0,0,0,0,2,0,2,0,0,2,0,0,0,0,0,0,0
171805,Santa Coloma de Farners,Girona,2011,255,105,101,49,31,17,196,11,244,37,7,54,41,36,21,0,0,0,0
171805,Santa Coloma de Farners,Girona,2012,221,92,96,33,24,13,178,6,215,27,4,50,38,37,22,0,0,0,0
171805,Santa Coloma de Farners,Girona,2013,188,101,56,31,21,22,143,2,186,17,2,30,35,25,34,0,0,0,0
171805,Santa Coloma de Farners,Girona,2014,162,95,55,12,11,16,133,2,160,16,3,21,30,24,39,0,0,0,0
171805,Santa Coloma de Farners,Girona,2015,209,101,74,34,30,6,173,0,209,12,4,32,35,37,52,1,0,0,0
171805,Santa Coloma de Farners,Girona,2016,142,76,61,5,3,2,137,0,142,13,2,21,16,32,53,0,0,0,0
171805,Santa Coloma de Farners,Girona,2017,150,66,69,15,7,5,137,1,149,18,2,16,21,38,40,2,0,0,0
171805,Santa Coloma de Farners,Girona,2018,200,111,81,8,6,4,190,0,200,16,6,55,20,53,40,0,0,0,0
171805,Santa Coloma de Farners,Girona,2019,334,181,146,7,7,9,318,0,334,26,9,84,18,97,84,0,0,0,0
171805,Santa Coloma de Farners,Girona,2020,267,108,150,9,8,8,250,1,266,14,4,83,23,81,44,1,0,0,0
171805,Santa Coloma de Farners,Girona,2021,261,99,146,16,5,9,205,42,219,13,4,53,12,66,57,0,0,0,0
171805,Santa Coloma de Farners,Girona,2022,418,283,125,10,3,4,379,32,386,16,46,88,28,130,68,3,0,0,0
171805,Santa Coloma de Farners,Girona,2023,517,285,221,11,4,4,502,7,510,27,32,112,51,158,120,2,0,0,0
171812,Santa Cristina d'Aro,Girona,2011,49,5,25,19,13,5,31,0,49,12,2,12,1,4,0,0,0,0,0
171812,Santa Cristina d'Aro,Girona,2012,33,5,14,14,7,2,24,0,33,9,4,6,0,5,0,0,0,0,0
171812,Santa Cristina d'Aro,Girona,2013,31,4,11,16,10,2,18,1,30,9,0,2,0,7,0,0,0,0,0
171812,Santa Cristina d'Aro,Girona,2014,20,4,8,8,3,3,14,0,20,9,1,2,0,2,0,0,0,0,0
171812,Santa Cristina d'Aro,Girona,2015,14,3,7,4,1,3,9,1,13,2,5,1,0,1,0,0,0,0,0
171812,Santa Cristina d'Aro,Girona,2016,28,21,3,4,3,2,22,1,27,0,3,9,2,8,0,0,0,0,0
171812,Santa Cristina d'Aro,Girona,2017,26,6,19,1,1,1,24,0,26,3,0,12,1,8,0,0,0,0,0
171812,Santa Cristina d'Aro,Girona,2018,43,30,9,4,2,3,38,0,43,4,1,11,9,13,0,0,0,0,0
171812,Santa Cristina d'Aro,Girona,2019,51,18,24,9,5,3,43,0,51,5,3,11,3,20,1,0,0,0,0
171812,Santa Cristina d'Aro,Girona,2020,22,3,12,7,3,1,15,3,19,2,2,2,0,9,0,0,0,0,0
171812,Santa Cristina d'Aro,Girona,2021,25,11,9,5,0,3,21,1,24,0,6,5,3,6,1,0,0,0,0
171812,Santa Cristina d'Aro,Girona,2022,19,8,7,4,1,1,14,3,16,1,4,2,3,4,0,0,0,0,0
171812,Santa Cristina d'Aro,Girona,2023,35,16,14,5,0,3,31,1,34,0,5,4,8,14,0,0,0,0,0
171827,Santa Llogaia d'Àlguema,Girona,2011,1,0,0,1,1,0,0,0,1,0,0,0,0,0,0,0,0,0,0
171827,Santa Llogaia d'Àlguema,Girona,2012,0,0,0,0,0,0,0,0,0,0,0,0,0,0,0,0,0,0,0
171827,Santa Llogaia d'Àlguema,Girona,2013,0,0,0,0,0,0,0,0,0,0,0,0,0,0,0,0,0,0,0
171827,Santa Llogaia d'Àlguema,Girona,2014,2,2,0,0,0,0,2,0,2,0,0,2,0,0,0,0,0,0,0
171827,Santa Llogaia d'Àlguema,Girona,2015,2,0,2,0,0,1,1,0,2,0,0,1,0,0,0,0,0,0,0
171827,Santa Llogaia d'Àlguema,Girona,2016,3,1,0,2,1,1,1,0,3,0,0,0,0,1,0,0,0,0,0
171827,Santa Llogaia d'Àlguema,Girona,2017,2,0,0,2,2,0,0,0,2,0,0,0,0,0,0,0,0,0,0
171827,Santa Llogaia d'Àlguema,Girona,2018,2,0,1,1,1,1,0,0,2,0,0,0,0,0,0,0,0,0,0
171827,Santa Llogaia d'Àlguema,Girona,2019,0,0,0,0,0,0,0,0,0,0,0,0,0,0,0,0,0,0,0
171827,Santa Llogaia d'Àlguema,Girona,2020,0,0,0,0,0,0,0,0,0,0,0,0,0,0,0,0,0,0,0
171827,Santa Llogaia d'Àlguema,Girona,2021,0,0,0,0,0,0,0,0,0,0,0,0,0,0,0,0,0,0,0
171827,Santa Llogaia d'Àlguema,Girona,2022,2,2,0,0,0,0,2,0,2,0,0,0,0,2,0,0,0,0,0
171827,Santa Llogaia d'Àlguema,Girona,2023,4,1,3,0,0,0,4,0,4,0,0,0,0,4,0,0,0,0,0
171833,Sant Aniol de Finestres,Girona,2011,0,0,0,0,0,0,0,0,0,0,0,0,0,0,0,0,0,0,0
171833,Sant Aniol de Finestres,Girona,2012,0,0,0,0,0,0,0,0,0,0,0,0,0,0,0,0,0,0,0
171833,Sant Aniol de Finestres,Girona,2013,0,0,0,0,0,0,0,0,0,0,0,0,0,0,0,0,0,0,0
171833,Sant Aniol de Finestres,Girona,2014,0,0,0,0,0,0,0,0,0,0,0,0,0,0,0,0,0,0,0
171833,Sant Aniol de Finestres,Girona,2015,1,0,1,0,0,0,1,0,1,0,0,0,0,1,0,0,0,0,0
171833,Sant Aniol de Finestres,Girona,2016,0,0,0,0,0,0,0,0,0,0,0,0,0,0,0,0,0,0,0
171833,Sant Aniol de Finestres,Girona,2017,1,0,0,1,1,0,0,0,1,0,0,0,0,0,0,0,0,0,0
171833,Sant Aniol de Finestres,Girona,2018,1,0,0,1,0,1,0,0,1,0,0,0,0,0,0,0,0,0,0
171833,Sant Aniol de Finestres,Girona,2019,5,2,0,3,0,3,2,0,5,2,0,0,0,0,0,0,0,0,0
171833,Sant Aniol de Finestres,Girona,2020,4,2,0,2,0,2,1,1,3,0,0,0,1,0,0,0,0,0,0
171833,Sant Aniol de Finestres,Girona,2021,2,0,2,0,0,0,0,2,0,0,0,0,0,0,0,0,0,0,0
171833,Sant Aniol de Finestres,Girona,2022,1,0,0,1,0,0,0,1,0,0,0,0,0,0,0,0,0,0,0
171833,Sant Aniol de Finestres,Girona,2023,2,1,1,0,0,0,2,0,2,0,2,0,0,0,0,0,0,0,0
171848,Santa Pau,Girona,2011,8,1,1,6,6,1,1,0,8,0,0,0,0,1,0,0,0,0,0
171848,Santa Pau,Girona,2012,12,2,4,6,6,2,4,0,12,0,0,0,0,4,0,0,0,0,0
171848,Santa Pau,Girona,2013,9,1,1,7,7,1,1,0,9,0,0,0,0,1,0,0,0,0,0
171848,Santa Pau,Girona,2014,7,0,2,5,5,0,2,0,7,0,0,0,0,2,0,0,0,0,0
171848,Santa Pau,Girona,2015,4,0,0,4,3,1,0,0,4,0,0,0,0,0,0,0,0,0,0
171848,Santa Pau,Girona,2016,3,0,0,3,3,0,0,0,3,0,0,0,0,0,0,0,0,0,0
171848,Santa Pau,Girona,2017,1,0,1,0,0,1,0,0,1,0,0,0,0,0,0,0,0,0,0
171848,Santa Pau,Girona,2018,3,0,2,1,1,2,0,0,3,0,0,0,0,0,0,0,0,0,0
171848,Santa Pau,Girona,2019,3,0,2,1,0,3,0,0,3,0,0,0,0,0,0,0,0,0,0
171848,Santa Pau,Girona,2020,2,0,1,1,0,1,0,1,1,0,0,0,0,0,0,0,0,0,0
171848,Santa Pau,Girona,2021,0,0,0,0,0,0,0,0,0,0,0,0,0,0,0,0,0,0,0
171848,Santa Pau,Girona,2022,7,5,2,0,0,0,7,0,7,0,1,0,0,6,0,0,0,0,0
171848,Santa Pau,Girona,2023,5,3,2,0,0,0,5,0,5,0,0,0,0,5,0,0,0,0,0
171851,Sant Joan les Fonts,Girona,2011,20,2,11,7,5,1,14,0,20,1,2,2,0,5,4,0,0,0,0
171851,Sant Joan les Fonts,Girona,2012,17,1,12,4,2,1,14,0,17,3,0,2,0,6,3,0,0,0,0
171851,Sant Joan les Fonts,Girona,2013,15,2,7,6,5,2,8,0,15,1,0,1,0,5,1,0,0,0,0
171851,Sant Joan les Fonts,Girona,2014,19,2,4,13,10,3,6,0,19,3,0,0,0,2,1,0,0,0,0
171851,Sant Joan les Fonts,Girona,2015,12,2,5,5,4,6,2,0,12,0,0,0,0,2,0,0,0,0,0
171851,Sant Joan les Fonts,Girona,2016,8,1,5,2,2,1,5,0,8,0,0,0,0,4,1,0,0,0,0
171851,Sant Joan les Fonts,Girona,2017,8,2,5,1,2,0,6,0,8,0,0,2,0,3,1,0,0,0,0
171851,Sant Joan les Fonts,Girona,2018,3,1,2,0,0,0,3,0,3,0,0,0,0,3,0,0,0,0,0
171851,Sant Joan les Fonts,Girona,2019,15,8,3,4,3,2,10,0,15,0,0,3,1,3,3,0,0,0,0
171851,Sant Joan les Fonts,Girona,2020,11,1,3,7,6,1,4,0,11,0,0,1,0,3,0,0,0,0,0
171851,Sant Joan les Fonts,Girona,2021,6,2,1,3,0,1,3,2,4,2,0,0,0,1,0,0,0,0,0
171851,Sant Joan les Fonts,Girona,2022,10,2,4,4,2,1,4,3,7,1,0,0,0,3,0,0,0,0,0
171851,Sant Joan les Fonts,Girona,2023,12,2,6,4,4,0,5,3,9,0,0,0,0,3,0,2,0,0,0
171864,Sarrià de Ter,Girona,2011,33,3,11,19,9,7,17,0,33,2,1,1,2,11,0,0,0,0,0
171864,Sarrià de Ter,Girona,2012,28,4,9,15,6,6,15,1,27,1,4,1,2,7,0,0,0,0,0
171864,Sarrià de Ter,Girona,2013,13,0,5,8,3,4,6,0,13,3,0,0,1,2,0,0,0,0,0
171864,Sarrià de Ter,Girona,2014,17,4,4,9,5,1,11,0,17,1,2,1,0,7,0,0,0,0,0
171864,Sarrià de Ter,Girona,2015,10,0,5,5,3,1,6,0,10,0,2,0,1,3,0,0,0,0,0
171864,Sarrià de Ter,Girona,2016,10,0,8,2,0,1,9,0,10,0,4,0,2,3,0,0,0,0,0
171864,Sarrià de Ter,Girona,2017,8,2,4,2,0,4,4,0,8,0,2,0,0,2,0,0,0,0,0
171864,Sarrià de Ter,Girona,2018,14,3,8,3,1,2,11,0,14,0,0,0,0,11,0,0,0,0,0
171864,Sarrià de Ter,Girona,2019,34,7,13,14,4,6,24,0,34,0,0,0,0,24,0,0,0,0,0
171864,Sarrià de Ter,Girona,2020,20,2,9,9,4,2,14,0,20,0,0,0,0,14,0,0,0,0,0
171864,Sarrià de Ter,Girona,2021,27,9,12,6,2,2,10,13,14,0,0,0,0,10,0,0,0,0,0
171864,Sarrià de Ter,Girona,2022,15,1,11,3,1,0,6,8,7,0,0,0,1,5,0,0,0,0,0
171864,Sarrià de Ter,Girona,2023,26,13,9,4,3,2,21,0,26,5,1,3,0,12,0,0,0,0,0
171870,"Saus, Camallera i Llampaies",Girona,2011,0,0,0,0,0,0,0,0,0,0,0,0,0,0,0,0,0,0,0
171870,"Saus, Camallera i Llampaies",Girona,2012,0,0,0,0,0,0,0,0,0,0,0,0,0,0,0,0,0,0,0
171870,"Saus, Camallera i Llampaies",Girona,2013,0,0,0,0,0,0,0,0,0,0,0,0,0,0,0,0,0,0,0
171870,"Saus, Camallera i Llampaies",Girona,2014,0,0,0,0,0,0,0,0,0,0,0,0,0,0,0,0,0,0,0
171870,"Saus, Camallera i Llampaies",Girona,2015,0,0,0,0,0,0,0,0,0,0,0,0,0,0,0,0,0,0,0
171870,"Saus, Camallera i Llampaies",Girona,2016,0,0,0,0,0,0,0,0,0,0,0,0,0,0,0,0,0,0,0
171870,"Saus, Camallera i Llampaies",Girona,2017,0,0,0,0,0,0,0,0,0,0,0,0,0,0,0,0,0,0,0
171870,"Saus, Camallera i Llampaies",Girona,2018,2,0,1,1,0,0,1,1,1,0,0,0,0,1,0,0,0,0,0
171870,"Saus, Camallera i Llampaies",Girona,2019,6,3,3,0,0,0,6,0,6,3,1,0,0,2,0,0,0,0,0
171870,"Saus, Camallera i Llampaies",Girona,2020,1,1,0,0,0,0,0,1,0,0,0,0,0,0,0,0,0,0,0
171870,"Saus, Camallera i Llampaies",Girona,2021,3,0,2,1,1,0,0,2,1,0,0,0,0,0,0,0,0,0,0
171886,La Selva de Mar,Girona,2011,2,1,1,0,0,0,2,0,2,0,0,2,0,0,0,0,0,0,0
171886,La Selva de Mar,Girona,2012,2,0,0,2,1,0,0,1,1,0,0,0,0,0,0,0,0,0,0
171886,La Selva de Mar,Girona,2013,3,2,0,1,1,0,2,0,3,0,0,2,0,0,0,0,0,0,0
171886,La Selva de Mar,Girona,2014,1,0,0,1,1,0,0,0,1,0,0,0,0,0,0,0,0,0,0
171886,La Selva de Mar,Girona,2015,2,0,0,2,2,0,0,0,2,0,0,0,0,0,0,0,0,0,0
171886,La Selva de Mar,Girona,2016,0,0,0,0,0,0,0,0,0,0,0,0,0,0,0,0,0,0,0
171886,La Selva de Mar,Girona,2017,1,0,0,1,1,0,0,0,1,0,0,0,0,0,0,0,0,0,0
171886,La Selva de Mar,Girona,2018,0,0,0,0,0,0,0,0,0,0,0,0,0,0,0,0,0,0,0
171886,La Selva de Mar,Girona,2019,0,0,0,0,0,0,0,0,0,0,0,0,0,0,0,0,0,0,0
171886,La Selva de Mar,Girona,2020,0,0,0,0,0,0,0,0,0,0,0,0,0,0,0,0,0,0,0
171886,La Selva de Mar,Girona,2021,1,1,0,0,0,0,0,1,0,0,0,0,0,0,0,0,0,0,0
171899,la Cellera de Ter,Girona,2011,22,21,0,1,1,0,21,0,22,0,0,17,0,0,4,0,0,0,0
171899,la Cellera de Ter,Girona,2012,38,16,21,1,1,0,37,0,38,0,0,33,0,0,4,0,0,0,0
171899,la Cellera de Ter,Girona,2013,6,4,0,2,2,0,4,0,6,0,0,2,0,1,1,0,0,0,0
171899,la Cellera de Ter,Girona,2014,2,1,0,1,1,1,0,0,2,0,0,0,0,0,0,0,0,0,0
171899,la Cellera de Ter,Girona,2015,1,0,0,1,1,0,0,0,1,0,0,0,0,0,0,0,0,0,0
171899,la Cellera de Ter,Girona,2016,3,1,1,1,0,2,1,0,3,0,0,0,0,1,0,0,0,0,0
171899,la Cellera de Ter,Girona,2017,5,2,2,1,0,2,3,0,5,0,0,0,0,1,2,0,0,0,0
171899,la Cellera de Ter,Girona,2018,2,1,0,1,1,0,1,0,2,0,0,1,0,0,0,0,0,0,0
171899,la Cellera de Ter,Girona,2019,6,2,1,3,2,1,3,0,6,0,0,3,0,0,0,0,0,0,0
171899,la Cellera de Ter,Girona,2020,3,2,1,0,0,0,2,1,2,0,0,1,0,1,0,0,0,0,0
171899,la Cellera de Ter,Girona,2021,9,5,4,0,0,0,1,8,1,0,1,0,0,0,0,0,0,0,0
171899,la Cellera de Ter,Girona,2022,11,2,8,1,0,0,3,8,3,0,1,1,0,1,0,0,0,0,0
171899,la Cellera de Ter,Girona,2023,7,1,3,3,0,0,4,3,4,0,0,0,0,4,0,0,0,0,0
171903,Serinyà,Girona,2011,4,0,0,4,3,0,1,0,4,1,0,0,0,0,0,0,0,0,0
171903,Serinyà,Girona,2012,6,1,2,3,1,0,5,0,6,5,0,0,0,0,0,0,0,0,0
171903,Serinyà,Girona,2013,1,0,1,0,0,0,1,0,1,1,0,0,0,0,0,0,0,0,0
171903,Serinyà,Girona,2014,2,1,1,0,0,1,1,0,2,0,0,0,0,1,0,0,0,0,0
171903,Serinyà,Girona,2015,4,0,2,2,2,2,0,0,4,0,0,0,0,0,0,0,0,0,0
171903,Serinyà,Girona,2016,4,0,3,1,0,2,2,0,4,1,0,0,0,1,0,0,0,0,0
171903,Serinyà,Girona,2017,3,0,0,3,0,2,1,0,3,0,0,0,0,1,0,0,0,0,0
171903,Serinyà,Girona,2018,1,0,0,1,0,1,0,0,1,0,0,0,0,0,0,0,0,0,0
171903,Serinyà,Girona,2019,0,0,0,0,0,0,0,0,0,0,0,0,0,0,0,0,0,0,0
171903,Serinyà,Girona,2020,3,1,0,2,1,1,1,0,3,0,0,0,0,1,0,0,0,0,0
171903,Serinyà,Girona,2021,2,0,2,0,0,0,2,0,2,0,0,0,0,2,0,0,0,0,0
171903,Serinyà,Girona,2023,1,1,0,0,0,0,1,0,1,0,0,0,0,1,0,0,0,0,0
171910,Serra de Daró,Girona,2011,0,0,0,0,0,0,0,0,0,0,0,0,0,0,0,0,0,0,0
171910,Serra de Daró,Girona,2012,4,1,1,2,0,0,4,0,4,1,0,0,1,2,0,0,0,0,0
171910,Serra de Daró,Girona,2013,3,0,1,2,0,0,3,0,3,1,0,0,0,2,0,0,0,0,0
171910,Serra de Daró,Girona,2014,1,0,1,0,0,0,1,0,1,0,0,0,0,1,0,0,0,0,0
171910,Serra de Daró,Girona,2015,0,0,0,0,0,0,0,0,0,0,0,0,0,0,0,0,0,0,0
171910,Serra de Daró,Girona,2016,0,0,0,0,0,0,0,0,0,0,0,0,0,0,0,0,0,0,0
171910,Serra de Daró,Girona,2017,0,0,0,0,0,0,0,0,0,0,0,0,0,0,0,0,0,0,0
171910,Serra de Daró,Girona,2018,0,0,0,0,0,0,0,0,0,0,0,0,0,0,0,0,0,0,0
171910,Serra de Daró,Girona,2019,0,0,0,0,0,0,0,0,0,0,0,0,0,0,0,0,0,0,0
171910,Serra de Daró,Girona,2020,0,0,0,0,0,0,0,0,0,0,0,0,0,0,0,0,0,0,0
171910,Serra de Daró,Girona,2021,1,0,0,1,0,0,1,0,1,0,1,0,0,0,0,0,0,0,0
171925,Setcases,Girona,2011,0,0,0,0,0,0,0,0,0,0,0,0,0,0,0,0,0,0,0
171925,Setcases,Girona,2012,0,0,0,0,0,0,0,0,0,0,0,0,0,0,0,0,0,0,0
171925,Setcases,Girona,2013,0,0,0,0,0,0,0,0,0,0,0,0,0,0,0,0,0,0,0
171925,Setcases,Girona,2014,0,0,0,0,0,0,0,0,0,0,0,0,0,0,0,0,0,0,0
171925,Setcases,Girona,2015,0,0,0,0,0,0,0,0,0,0,0,0,0,0,0,0,0,0,0
171925,Setcases,Girona,2016,0,0,0,0,0,0,0,0,0,0,0,0,0,0,0,0,0,0,0
171925,Setcases,Girona,2017,0,0,0,0,0,0,0,0,0,0,0,0,0,0,0,0,0,0,0
171925,Setcases,Girona,2018,5,2,3,0,0,0,5,0,5,2,2,0,0,1,0,0,0,0,0
171925,Setcases,Girona,2019,2,0,2,0,0,0,2,0,2,1,1,0,0,0,0,0,0,0,0
171925,Setcases,Girona,2020,0,0,0,0,0,0,0,0,0,0,0,0,0,0,0,0,0,0,0
171925,Setcases,Girona,2021,2,1,1,0,0,0,0,2,0,0,0,0,0,0,0,0,0,0,0
171925,Setcases,Girona,2022,1,0,1,0,0,0,1,0,1,0,0,0,0,1,0,0,0,0,0
171931,Sils,Girona,2011,77,57,8,12,9,9,55,4,73,4,1,3,35,7,5,0,0,0,0
171931,Sils,Girona,2012,48,6,37,5,2,8,38,0,48,3,3,2,19,7,4,0,0,0,0
171931,Sils,Girona,2013,8,2,3,3,1,3,4,0,8,1,0,0,0,3,0,0,0,0,0
171931,Sils,Girona,2014,29,14,11,4,3,2,24,0,29,4,0,4,9,2,5,0,0,0,0
171931,Sils,Girona,2015,9,5,2,2,2,1,6,0,9,1,2,1,1,0,1,0,0,0,0
171931,Sils,Girona,2016,11,4,6,1,0,2,9,0,11,2,0,0,2,5,0,0,0,0,0
171931,Sils,Girona,2017,46,27,17,2,2,3,41,0,46,1,2,2,12,18,6,0,0,0,0
171931,Sils,Girona,2018,17,0,14,3,1,3,13,0,17,1,1,0,4,7,0,0,0,0,0
171931,Sils,Girona,2019,36,19,11,6,2,4,30,0,36,3,1,3,8,15,0,0,0,0,0
171931,Sils,Girona,2020,22,9,7,6,3,2,15,2,20,2,0,1,6,6,0,0,0,0,0
171931,Sils,Girona,2021,5,1,3,1,0,1,1,3,2,0,0,0,0,1,0,0,0,0,0
171931,Sils,Girona,2022,21,19,0,2,1,1,19,0,21,0,1,3,9,6,0,0,0,0,0
171931,Sils,Girona,2023,24,3,12,9,5,2,16,1,23,0,0,2,4,8,2,0,0,0,0
171946,Susqueda,Girona,2011,2,0,0,2,2,0,0,0,2,0,0,0,0,0,0,0,0,0,0
171946,Susqueda,Girona,2012,0,0,0,0,0,0,0,0,0,0,0,0,0,0,0,0,0,0,0
171946,Susqueda,Girona,2013,0,0,0,0,0,0,0,0,0,0,0,0,0,0,0,0,0,0,0
171946,Susqueda,Girona,2014,0,0,0,0,0,0,0,0,0,0,0,0,0,0,0,0,0,0,0
171946,Susqueda,Girona,2015,0,0,0,0,0,0,0,0,0,0,0,0,0,0,0,0,0,0,0
171946,Susqueda,Girona,2016,0,0,0,0,0,0,0,0,0,0,0,0,0,0,0,0,0,0,0
171946,Susqueda,Girona,2017,0,0,0,0,0,0,0,0,0,0,0,0,0,0,0,0,0,0,0
171946,Susqueda,Girona,2018,0,0,0,0,0,0,0,0,0,0,0,0,0,0,0,0,0,0,0
171946,Susqueda,Girona,2019,0,0,0,0,0,0,0,0,0,0,0,0,0,0,0,0,0,0,0
171946,Susqueda,Girona,2020,0,0,0,0,0,0,0,0,0,0,0,0,0,0,0,0,0,0,0
171946,Susqueda,Girona,2021,0,0,0,0,0,0,0,0,0,0,0,0,0,0,0,0,0,0,0
171959,La Tallada d'Empordà,Girona,2011,10,1,4,5,0,1,9,0,10,7,1,1,0,0,0,0,0,0,0
171959,La Tallada d'Empordà,Girona,2012,10,1,3,6,1,0,9,0,10,7,0,1,0,1,0,0,0,0,0
171959,La Tallada d'Empordà,Girona,2013,5,0,1,4,1,0,4,0,5,3,0,0,0,1,0,0,0,0,0
171959,La Tallada d'Empordà,Girona,2014,4,0,1,3,1,1,2,0,4,2,0,0,0,0,0,0,0,0,0
171959,La Tallada d'Empordà,Girona,2015,3,0,0,3,1,1,1,0,3,1,0,0,0,0,0,0,0,0,0
171959,La Tallada d'Empordà,Girona,2016,2,0,1,1,0,1,1,0,2,1,0,0,0,0,0,0,0,0,0
171959,La Tallada d'Empordà,Girona,2017,4,2,0,2,0,0,4,0,4,2,0,0,0,2,0,0,0,0,0
171959,La Tallada d'Empordà,Girona,2018,1,0,0,1,0,0,1,0,1,1,0,0,0,0,0,0,0,0,0
171959,La Tallada d'Empordà,Girona,2019,0,0,0,0,0,0,0,0,0,0,0,0,0,0,0,0,0,0,0
171959,La Tallada d'Empordà,Girona,2020,0,0,0,0,0,0,0,0,0,0,0,0,0,0,0,0,0,0,0
171959,La Tallada d'Empordà,Girona,2021,1,0,0,1,0,0,0,1,0,0,0,0,0,0,0,0,0,0,0
171962,Terrades,Girona,2011,0,0,0,0,0,0,0,0,0,0,0,0,0,0,0,0,0,0,0
171962,Terrades,Girona,2012,2,0,0,2,2,0,0,0,2,0,0,0,0,0,0,0,0,0,0
171962,Terrades,Girona,2013,0,0,0,0,0,0,0,0,0,0,0,0,0,0,0,0,0,0,0
171962,Terrades,Girona,2014,0,0,0,0,0,0,0,0,0,0,0,0,0,0,0,0,0,0,0
171962,Terrades,Girona,2015,0,0,0,0,0,0,0,0,0,0,0,0,0,0,0,0,0,0,0
171962,Terrades,Girona,2016,0,0,0,0,0,0,0,0,0,0,0,0,0,0,0,0,0,0,0
171962,Terrades,Girona,2017,1,0,0,1,1,0,0,0,1,0,0,0,0,0,0,0,0,0,0
171962,Terrades,Girona,2018,2,0,0,2,2,0,0,0,2,0,0,0,0,0,0,0,0,0,0
171962,Terrades,Girona,2019,1,0,0,1,1,0,0,0,1,0,0,0,0,0,0,0,0,0,0
171962,Terrades,Girona,2020,2,0,0,2,2,0,0,0,2,0,0,0,0,0,0,0,0,0,0
171962,Terrades,Girona,2021,1,0,1,0,0,0,0,1,0,0,0,0,0,0,0,0,0,0,0
171962,Terrades,Girona,2023,1,1,0,0,0,1,0,0,1,0,0,0,0,0,0,0,0,0,0
171978,Torrent,Girona,2011,2,0,0,2,0,2,0,0,2,0,0,0,0,0,0,0,0,0,0
171978,Torrent,Girona,2012,0,0,0,0,0,0,0,0,0,0,0,0,0,0,0,0,0,0,0
171978,Torrent,Girona,2013,0,0,0,0,0,0,0,0,0,0,0,0,0,0,0,0,0,0,0
171978,Torrent,Girona,2014,0,0,0,0,0,0,0,0,0,0,0,0,0,0,0,0,0,0,0
171978,Torrent,Girona,2015,0,0,0,0,0,0,0,0,0,0,0,0,0,0,0,0,0,0,0
171978,Torrent,Girona,2016,0,0,0,0,0,0,0,0,0,0,0,0,0,0,0,0,0,0,0
171978,Torrent,Girona,2017,0,0,0,0,0,0,0,0,0,0,0,0,0,0,0,0,0,0,0
171978,Torrent,Girona,2018,1,1,0,0,0,0,1,0,1,0,0,0,0,1,0,0,0,0,0
171978,Torrent,Girona,2019,2,0,2,0,0,0,2,0,2,0,0,0,0,2,0,0,0,0,0
171978,Torrent,Girona,2020,0,0,0,0,0,0,0,0,0,0,0,0,0,0,0,0,0,0,0
171978,Torrent,Girona,2021,0,0,0,0,0,0,0,0,0,0,0,0,0,0,0,0,0,0,0
171978,Torrent,Girona,2023,3,1,2,0,0,0,3,0,3,0,0,1,0,2,0,0,0,0,0
171984,Torroella de Fluvià,Girona,2011,9,3,6,0,0,0,9,0,9,2,0,0,1,6,0,0,0,0,0
171984,Torroella de Fluvià,Girona,2012,8,2,3,3,1,1,6,0,8,1,0,1,1,3,0,0,0,0,0
171984,Torroella de Fluvià,Girona,2013,14,4,6,4,1,2,11,0,14,5,0,2,0,4,0,0,0,0,0
171984,Torroella de Fluvià,Girona,2014,7,1,2,4,0,2,5,0,7,3,0,0,0,2,0,0,0,0,0
171984,Torroella de Fluvià,Girona,2015,3,1,2,0,0,1,2,0,3,1,0,0,0,1,0,0,0,0,0
171984,Torroella de Fluvià,Girona,2016,4,0,2,2,1,3,0,0,4,0,0,0,0,0,0,0,0,0,0
171984,Torroella de Fluvià,Girona,2017,6,1,0,5,3,2,1,0,6,0,0,0,0,1,0,0,0,0,0
171984,Torroella de Fluvià,Girona,2018,3,0,0,3,2,1,0,0,3,0,0,0,0,0,0,0,0,0,0
171984,Torroella de Fluvià,Girona,2019,0,0,0,0,0,0,0,0,0,0,0,0,0,0,0,0,0,0,0
171984,Torroella de Fluvià,Girona,2020,0,0,0,0,0,0,0,0,0,0,0,0,0,0,0,0,0,0,0
171984,Torroella de Fluvià,Girona,2021,0,0,0,0,0,0,0,0,0,0,0,0,0,0,0,0,0,0,0
171997,Torroella de Montgrí,Girona,2011,309,134,111,64,39,23,242,5,304,36,3,78,44,78,2,1,0,0,0
171997,Torroella de Montgrí,Girona,2012,283,79,164,40,22,37,222,2,281,42,4,73,24,75,0,4,0,0,0
171997,Torroella de Montgrí,Girona,2013,232,57,129,46,32,26,173,1,231,36,1,40,19,71,1,5,0,0,0
171997,Torroella de Montgrí,Girona,2014,206,73,83,50,25,13,168,0,206,32,5,28,16,85,2,0,0,0,0
171997,Torroella de Montgrí,Girona,2015,196,64,92,40,19,12,162,3,193,41,7,26,14,73,1,0,0,0,0
171997,Torroella de Montgrí,Girona,2016,162,46,76,40,21,12,124,5,157,32,8,13,9,60,1,1,0,0,0
171997,Torroella de Montgrí,Girona,2017,148,48,52,48,16,11,111,10,138,15,5,23,8,58,1,1,0,0,0
171997,Torroella de Montgrí,Girona,2018,156,75,57,24,10,11,131,4,152,12,2,15,10,88,2,2,0,0,0
171997,Torroella de Montgrí,Girona,2019,231,86,97,48,18,9,200,4,227,13,1,26,16,140,2,2,0,0,0
171997,Torroella de Montgrí,Girona,2020,143,64,63,16,11,4,125,3,140,7,2,31,4,81,0,0,0,0,0
171997,Torroella de Montgrí,Girona,2021,112,31,66,15,4,5,66,37,75,8,1,8,1,48,0,0,0,0,0
171997,Torroella de Montgrí,Girona,2022,199,117,65,17,4,2,177,16,183,17,23,46,2,85,3,1,0,0,0
171997,Torroella de Montgrí,Girona,2023,285,143,126,16,4,8,263,10,275,32,48,26,10,146,1,0,0,0,0
172001,Tortellà,Girona,2011,3,0,0,3,3,0,0,0,3,0,0,0,0,0,0,0,0,0,0
172001,Tortellà,Girona,2012,1,0,1,0,0,0,1,0,1,1,0,0,0,0,0,0,0,0,0
172001,Tortellà,Girona,2013,2,0,1,1,1,0,1,0,2,1,0,0,0,0,0,0,0,0,0
172001,Tortellà,Girona,2014,3,0,2,1,1,0,2,0,3,0,0,0,0,2,0,0,0,0,0
172001,Tortellà,Girona,2015,2,0,1,1,1,0,1,0,2,0,0,0,0,1,0,0,0,0,0
172001,Tortellà,Girona,2016,0,0,0,0,0,0,0,0,0,0,0,0,0,0,0,0,0,0,0
172001,Tortellà,Girona,2017,0,0,0,0,0,0,0,0,0,0,0,0,0,0,0,0,0,0,0
172001,Tortellà,Girona,2018,0,0,0,0,0,0,0,0,0,0,0,0,0,0,0,0,0,0,0
172001,Tortellà,Girona,2019,0,0,0,0,0,0,0,0,0,0,0,0,0,0,0,0,0,0,0
172001,Tortellà,Girona,2020,0,0,0,0,0,0,0,0,0,0,0,0,0,0,0,0,0,0,0
172001,Tortellà,Girona,2021,0,0,0,0,0,0,0,0,0,0,0,0,0,0,0,0,0,0,0
172001,Tortellà,Girona,2022,2,1,1,0,0,0,2,0,2,0,0,0,0,2,0,0,0,0,0
172001,Tortellà,Girona,2023,1,0,1,0,0,0,1,0,1,0,0,0,0,1,0,0,0,0,0
172023,Tossa de Mar,Girona,2011,16,1,6,9,5,5,6,0,16,3,0,0,0,3,0,0,0,0,0
172023,Tossa de Mar,Girona,2012,19,0,9,10,5,5,9,0,19,2,0,0,0,6,1,0,0,0,0
172023,Tossa de Mar,Girona,2013,8,1,6,1,0,1,7,0,8,0,0,0,0,7,0,0,0,0,0
172023,Tossa de Mar,Girona,2014,2,1,0,1,0,0,2,0,2,0,0,0,0,2,0,0,0,0,0
172023,Tossa de Mar,Girona,2015,1,0,1,0,0,0,1,0,1,0,0,0,0,1,0,0,0,0,0
172023,Tossa de Mar,Girona,2016,8,3,2,3,1,0,7,0,8,0,1,0,0,4,2,0,0,0,0
172023,Tossa de Mar,Girona,2017,12,2,6,4,0,1,11,0,12,2,4,0,0,3,2,0,0,0,0
172023,Tossa de Mar,Girona,2018,10,4,4,2,1,1,8,0,10,0,0,0,0,8,0,0,0,0,0
172023,Tossa de Mar,Girona,2019,3,1,1,1,1,0,2,0,3,0,1,0,0,1,0,0,0,0,0
172023,Tossa de Mar,Girona,2020,3,0,3,0,0,0,3,0,3,0,1,0,1,1,0,0,0,0,0
172023,Tossa de Mar,Girona,2021,6,3,1,2,0,1,1,4,2,0,0,0,0,1,0,0,0,0,0
172023,Tossa de Mar,Girona,2022,7,4,1,2,0,0,7,0,7,1,2,1,0,3,0,0,0,0,0
172023,Tossa de Mar,Girona,2023,4,0,0,4,1,0,3,0,4,0,0,0,0,3,0,0,0,0,0
172044,Ullà,Girona,2011,26,5,10,11,8,4,14,0,26,1,0,6,4,1,2,0,0,0,0
172044,Ullà,Girona,2012,40,26,12,2,2,4,34,0,40,2,0,24,3,1,4,0,0,0,0
172044,Ullà,Girona,2013,14,2,10,2,3,1,10,0,14,1,0,9,0,0,0,0,0,0,0
172044,Ullà,Girona,2014,10,2,5,3,3,0,7,0,10,1,0,6,0,0,0,0,0,0,0
172044,Ullà,Girona,2015,10,1,6,3,2,0,8,0,10,1,0,5,0,2,0,0,0,0,0
172044,Ullà,Girona,2016,5,2,2,1,1,0,4,0,5,0,0,1,1,2,0,0,0,0,0
172044,Ullà,Girona,2017,27,20,7,0,0,0,27,0,27,0,0,19,2,6,0,0,0,0,0
172044,Ullà,Girona,2018,9,4,5,0,0,0,9,0,9,0,0,4,2,3,0,0,0,0,0
172044,Ullà,Girona,2019,32,25,6,1,0,0,32,0,32,0,0,16,0,16,0,0,0,0,0
172044,Ullà,Girona,2020,14,9,5,0,0,0,14,0,14,0,0,9,1,4,0,0,0,0,0
172044,Ullà,Girona,2021,10,9,1,0,0,0,8,2,8,0,0,7,1,0,0,0,0,0,0
172044,Ullà,Girona,2022,17,17,0,0,0,0,17,0,17,0,0,15,1,1,0,0,0,0,0
172044,Ullà,Girona,2023,7,7,0,0,0,0,7,0,7,0,0,7,0,0,0,0,0,0,0
172057,Ullastret,Girona,2011,6,1,5,0,0,0,6,0,6,2,4,0,0,0,0,0,0,0,0
172057,Ullastret,Girona,2012,4,0,3,1,0,0,4,0,4,2,2,0,0,0,0,0,0,0,0
172057,Ullastret,Girona,2013,0,0,0,0,0,0,0,0,0,0,0,0,0,0,0,0,0,0,0
172057,Ullastret,Girona,2014,1,1,0,0,0,0,1,0,1,1,0,0,0,0,0,0,0,0,0
172057,Ullastret,Girona,2015,1,0,0,1,0,1,0,0,1,0,0,0,0,0,0,0,0,0,0
172057,Ullastret,Girona,2016,1,0,0,1,0,1,0,0,1,0,0,0,0,0,0,0,0,0,0
172057,Ullastret,Girona,2017,3,1,2,0,0,0,3,0,3,3,0,0,0,0,0,0,0,0,0
172057,Ullastret,Girona,2018,4,0,4,0,0,0,4,0,4,4,0,0,0,0,0,0,0,0,0
172057,Ullastret,Girona,2019,3,0,3,0,0,0,3,0,3,3,0,0,0,0,0,0,0,0,0
172057,Ullastret,Girona,2020,3,0,1,2,2,0,1,0,3,1,0,0,0,0,0,0,0,0,0
172057,Ullastret,Girona,2021,18,11,3,4,0,0,4,14,4,2,0,1,0,1,0,0,0,0,0
172057,Ullastret,Girona,2022,178,80,80,18,0,0,11,167,11,1,2,0,0,8,0,0,0,0,0
172057,Ullastret,Girona,2023,45,4,34,7,3,0,6,36,9,0,0,0,0,6,0,0,0,0,0
172060,Urús,Girona,2011,0,0,0,0,0,0,0,0,0,0,0,0,0,0,0,0,0,0,0
172060,Urús,Girona,2012,0,0,0,0,0,0,0,0,0,0,0,0,0,0,0,0,0,0,0
172060,Urús,Girona,2013,0,0,0,0,0,0,0,0,0,0,0,0,0,0,0,0,0,0,0
172060,Urús,Girona,2014,0,0,0,0,0,0,0,0,0,0,0,0,0,0,0,0,0,0,0
172060,Urús,Girona,2015,0,0,0,0,0,0,0,0,0,0,0,0,0,0,0,0,0,0,0
172060,Urús,Girona,2016,0,0,0,0,0,0,0,0,0,0,0,0,0,0,0,0,0,0,0
172060,Urús,Girona,2017,0,0,0,0,0,0,0,0,0,0,0,0,0,0,0,0,0,0,0
172060,Urús,Girona,2018,0,0,0,0,0,0,0,0,0,0,0,0,0,0,0,0,0,0,0
172060,Urús,Girona,2019,0,0,0,0,0,0,0,0,0,0,0,0,0,0,0,0,0,0,0
172060,Urús,Girona,2020,0,0,0,0,0,0,0,0,0,0,0,0,0,0,0,0,0,0,0
172060,Urús,Girona,2021,4,3,1,0,0,0,4,0,4,0,0,0,0,4,0,0,0,0,0
172076,la Vall d'en Bas,Girona,2011,15,0,8,7,5,2,7,1,14,2,0,2,0,3,0,0,0,0,0
172076,la Vall d'en Bas,Girona,2012,2,0,2,0,0,0,2,0,2,0,0,0,0,2,0,0,0,0,0
172076,la Vall d'en Bas,Girona,2013,4,0,3,1,0,1,3,0,4,0,0,0,0,3,0,0,0,0,0
172076,la Vall d'en Bas,Girona,2014,4,0,3,1,0,1,3,0,4,0,0,0,0,3,0,0,0,0,0
172076,la Vall d'en Bas,Girona,2015,3,0,1,2,1,0,2,0,3,0,0,0,0,2,0,0,0,0,0
172076,la Vall d'en Bas,Girona,2016,4,2,0,2,0,0,4,0,4,0,0,1,0,3,0,0,0,0,0
172076,la Vall d'en Bas,Girona,2017,7,1,2,4,3,0,4,0,7,0,0,1,0,3,0,0,0,0,0
172076,la Vall d'en Bas,Girona,2018,2,0,0,2,2,0,0,0,2,0,0,0,0,0,0,0,0,0,0
172076,la Vall d'en Bas,Girona,2019,8,6,0,2,2,0,6,0,8,0,0,1,0,3,0,2,0,0,0
172076,la Vall d'en Bas,Girona,2020,7,1,2,4,2,0,4,1,6,2,0,0,0,2,0,0,0,0,0
172076,la Vall d'en Bas,Girona,2021,8,0,3,5,3,0,2,3,5,0,0,0,0,2,0,0,0,0,0
172076,la Vall d'en Bas,Girona,2022,1,0,0,1,1,0,0,0,1,0,0,0,0,0,0,0,0,0,0
172076,la Vall d'en Bas,Girona,2023,1,1,0,0,0,0,1,0,1,0,0,1,0,0,0,0,0,0,0
172082,La Vall de Bianya,Girona,2011,3,1,0,2,2,0,1,0,3,0,0,0,0,1,0,0,0,0,0
172082,La Vall de Bianya,Girona,2012,0,0,0,0,0,0,0,0,0,0,0,0,0,0,0,0,0,0,0
172082,La Vall de Bianya,Girona,2013,1,0,0,1,1,0,0,0,1,0,0,0,0,0,0,0,0,0,0
172082,La Vall de Bianya,Girona,2014,0,0,0,0,0,0,0,0,0,0,0,0,0,0,0,0,0,0,0
172082,La Vall de Bianya,Girona,2015,2,0,1,1,1,0,1,0,2,1,0,0,0,0,0,0,0,0,0
172082,La Vall de Bianya,Girona,2016,5,3,2,0,0,0,5,0,5,0,0,0,0,4,0,1,0,0,0
172082,La Vall de Bianya,Girona,2017,2,0,0,2,2,0,0,0,2,0,0,0,0,0,0,0,0,0,0
172082,La Vall de Bianya,Girona,2018,1,0,0,1,0,0,1,0,1,1,0,0,0,0,0,0,0,0,0
172082,La Vall de Bianya,Girona,2019,7,4,2,1,1,0,6,0,7,0,0,0,2,4,0,0,0,0,0
172082,La Vall de Bianya,Girona,2020,14,6,7,1,1,0,13,0,14,0,3,0,0,8,2,0,0,0,0
172082,La Vall de Bianya,Girona,2021,2,0,2,0,0,0,2,0,2,0,0,0,0,2,0,0,0,0,0
172082,La Vall de Bianya,Girona,2022,6,6,0,0,0,0,5,1,5,0,2,0,0,3,0,0,0,0,0
172082,La Vall de Bianya,Girona,2023,3,0,3,0,0,0,2,1,2,0,0,0,0,2,0,0,0,0,0
172095,Vall-llobrega,Girona,2011,12,2,5,5,3,0,9,0,12,3,2,0,0,4,0,0,0,0,0
172095,Vall-llobrega,Girona,2012,5,0,2,3,0,0,5,0,5,0,2,0,0,3,0,0,0,0,0
172095,Vall-llobrega,Girona,2013,4,2,1,1,0,1,3,0,4,0,0,0,0,3,0,0,0,0,0
172095,Vall-llobrega,Girona,2014,6,0,4,2,1,1,4,0,6,0,0,0,0,4,0,0,0,0,0
172095,Vall-llobrega,Girona,2015,7,4,1,2,0,1,6,0,7,0,0,3,0,3,0,0,0,0,0
172095,Vall-llobrega,Girona,2016,5,3,0,2,0,2,3,0,5,2,1,0,0,0,0,0,0,0,0
172095,Vall-llobrega,Girona,2017,2,0,2,0,0,0,2,0,2,2,0,0,0,0,0,0,0,0,0
172095,Vall-llobrega,Girona,2018,4,0,2,2,0,1,3,0,4,0,3,0,0,0,0,0,0,0,0
172095,Vall-llobrega,Girona,2019,7,0,3,4,0,2,5,0,7,0,5,0,0,0,0,0,0,0,0
172095,Vall-llobrega,Girona,2020,1,0,0,1,0,0,1,0,1,0,1,0,0,0,0,0,0,0,0
172095,Vall-llobrega,Girona,2021,5,1,4,0,0,0,2,3,2,0,0,0,0,2,0,0,0,0,0
172095,Vall-llobrega,Girona,2022,2,0,2,0,0,0,0,2,0,0,0,0,0,0,0,0,0,0,0
172109,Ventalló,Girona,2011,2,1,0,1,1,0,1,0,2,0,0,0,1,0,0,0,0,0,0
172109,Ventalló,Girona,2012,1,0,0,1,1,0,0,0,1,0,0,0,0,0,0,0,0,0,0
172109,Ventalló,Girona,2013,2,1,1,0,0,0,2,0,2,0,0,0,1,1,0,0,0,0,0
172109,Ventalló,Girona,2014,2,0,1,1,0,0,2,0,2,0,0,0,0,2,0,0,0,0,0
172109,Ventalló,Girona,2015,2,0,0,2,0,0,2,0,2,0,0,0,0,2,0,0,0,0,0
172109,Ventalló,Girona,2016,1,0,0,1,0,0,1,0,1,0,0,0,0,1,0,0,0,0,0
172109,Ventalló,Girona,2017,2,0,0,2,2,0,0,0,2,0,0,0,0,0,0,0,0,0,0
172109,Ventalló,Girona,2018,1,0,1,0,1,0,0,0,1,0,0,0,0,0,0,0,0,0,0
172109,Ventalló,Girona,2019,1,0,0,1,1,0,0,0,1,0,0,0,0,0,0,0,0,0,0
172109,Ventalló,Girona,2020,3,1,1,1,1,0,2,0,3,0,0,0,0,2,0,0,0,0,0
172109,Ventalló,Girona,2021,1,0,0,1,0,0,0,1,0,0,0,0,0,0,0,0,0,0,0
172109,Ventalló,Girona,2022,5,1,1,3,1,0,1,3,2,0,0,0,0,1,0,0,0,0,0
172109,Ventalló,Girona,2023,15,12,0,3,3,0,12,0,15,4,3,1,0,4,0,0,0,0,0
172116,Verges,Girona,2011,2,2,0,0,0,2,0,0,2,0,0,0,0,0,0,0,0,0,0
172116,Verges,Girona,2012,4,2,2,0,0,3,1,0,4,0,0,0,0,0,0,1,0,0,0
172116,Verges,Girona,2013,4,0,4,0,0,1,3,0,4,0,0,0,0,0,0,3,0,0,0
172116,Verges,Girona,2014,1,1,0,0,0,0,0,1,0,0,0,0,0,0,0,0,0,0,0
172116,Verges,Girona,2015,13,13,0,0,0,0,13,0,13,0,2,4,0,3,4,0,0,0,0
172116,Verges,Girona,2016,2,0,1,1,1,0,1,0,2,0,0,0,0,1,0,0,0,0,0
172116,Verges,Girona,2017,23,18,3,2,2,0,20,1,22,1,0,12,0,3,4,0,0,0,0
172116,Verges,Girona,2018,15,1,12,2,1,1,11,2,13,1,0,6,0,2,2,0,0,0,0
172116,Verges,Girona,2019,20,9,4,7,5,0,13,2,18,2,1,4,2,3,1,0,0,0,0
172116,Verges,Girona,2020,3,0,3,0,0,0,2,1,2,2,0,0,0,0,0,0,0,0,0
172116,Verges,Girona,2021,2,0,1,1,0,0,1,1,1,1,0,0,0,0,0,0,0,0,0
172116,Verges,Girona,2022,15,9,5,1,0,0,8,7,8,2,1,1,2,2,0,0,0,0,0
172116,Verges,Girona,2023,11,4,6,1,1,0,10,0,11,4,2,3,0,1,0,0,0,0,0
172121,Vidrà,Girona,2011,0,0,0,0,0,0,0,0,0,0,0,0,0,0,0,0,0,0,0
172121,Vidrà,Girona,2012,0,0,0,0,0,0,0,0,0,0,0,0,0,0,0,0,0,0,0
172121,Vidrà,Girona,2013,0,0,0,0,0,0,0,0,0,0,0,0,0,0,0,0,0,0,0
172121,Vidrà,Girona,2014,0,0,0,0,0,0,0,0,0,0,0,0,0,0,0,0,0,0,0
172121,Vidrà,Girona,2015,0,0,0,0,0,0,0,0,0,0,0,0,0,0,0,0,0,0,0
172121,Vidrà,Girona,2016,0,0,0,0,0,0,0,0,0,0,0,0,0,0,0,0,0,0,0
172121,Vidrà,Girona,2017,0,0,0,0,0,0,0,0,0,0,0,0,0,0,0,0,0,0,0
172121,Vidrà,Girona,2018,0,0,0,0,0,0,0,0,0,0,0,0,0,0,0,0,0,0,0
172121,Vidrà,Girona,2019,1,0,0,1,1,0,0,0,1,0,0,0,0,0,0,0,0,0,0
172121,Vidrà,Girona,2020,0,0,0,0,0,0,0,0,0,0,0,0,0,0,0,0,0,0,0
172121,Vidrà,Girona,2021,0,0,0,0,0,0,0,0,0,0,0,0,0,0,0,0,0,0,0
172137,Vidreres,Girona,2011,102,84,10,8,1,2,95,4,98,5,0,18,45,27,0,0,0,0,0
172137,Vidreres,Girona,2012,94,23,61,10,5,6,80,3,91,5,2,13,25,33,2,0,0,0,0
172137,Vidreres,Girona,2013,61,16,31,14,8,5,45,3,58,8,2,7,15,13,0,0,0,0,0
172137,Vidreres,Girona,2014,72,55,5,12,10,1,61,0,72,1,3,13,40,4,0,0,0,0,0
172137,Vidreres,Girona,2015,68,54,5,9,3,2,63,0,68,0,3,16,34,10,0,0,0,0,0
172137,Vidreres,Girona,2016,33,26,4,3,0,1,32,0,33,3,2,8,16,1,2,0,0,0,0
172137,Vidreres,Girona,2017,5,1,2,2,0,1,4,0,5,1,1,0,0,1,1,0,0,0,0
172137,Vidreres,Girona,2018,7,2,0,5,2,0,5,0,7,1,1,0,0,3,0,0,0,0,0
172137,Vidreres,Girona,2019,5,2,3,0,0,0,5,0,5,0,3,0,0,2,0,0,0,0,0
172137,Vidreres,Girona,2020,9,3,6,0,0,0,9,0,9,0,0,0,0,3,0,6,0,0,0
172137,Vidreres,Girona,2021,14,2,7,5,5,0,5,4,10,0,0,0,0,5,0,0,0,0,0
172137,Vidreres,Girona,2022,5,0,2,3,2,0,3,0,5,1,0,0,0,2,0,0,0,0,0
172137,Vidreres,Girona,2023,2,0,1,1,1,0,1,0,2,0,0,0,0,1,0,0,0,0,0
172142,Vilabertran,Girona,2011,4,0,2,2,1,1,2,0,4,0,0,0,0,0,2,0,0,0,0
172142,Vilabertran,Girona,2012,11,2,6,3,3,0,8,0,11,4,0,0,0,4,0,0,0,0,0
172142,Vilabertran,Girona,2013,6,0,4,2,1,1,4,0,6,2,0,0,0,2,0,0,0,0,0
172142,Vilabertran,Girona,2014,1,0,1,0,0,0,1,0,1,0,0,0,0,1,0,0,0,0,0
172142,Vilabertran,Girona,2015,4,1,1,2,3,0,1,0,4,0,1,0,0,0,0,0,0,0,0
172142,Vilabertran,Girona,2016,6,0,3,3,3,0,3,0,6,0,2,0,0,1,0,0,0,0,0
172142,Vilabertran,Girona,2017,5,0,2,3,3,0,2,0,5,0,0,0,0,2,0,0,0,0,0
172142,Vilabertran,Girona,2018,7,0,4,3,2,0,5,0,7,1,0,0,0,4,0,0,0,0,0
172142,Vilabertran,Girona,2019,8,1,3,4,3,0,5,0,8,3,0,0,0,2,0,0,0,0,0
172142,Vilabertran,Girona,2020,5,1,4,0,0,0,4,1,4,1,0,0,0,3,0,0,0,0,0
172142,Vilabertran,Girona,2021,4,0,2,2,0,0,2,2,2,0,0,0,0,2,0,0,0,0,0
172142,Vilabertran,Girona,2022,3,0,0,3,2,0,0,1,2,0,0,0,0,0,0,0,0,0,0
172142,Vilabertran,Girona,2023,3,2,1,0,0,0,3,0,3,0,0,0,0,3,0,0,0,0,0
172155,Vilablareix,Girona,2011,10,0,1,9,7,1,2,0,10,0,0,0,0,0,2,0,0,0,0
172155,Vilablareix,Girona,2012,4,0,1,3,2,0,2,0,4,1,0,0,0,0,1,0,0,0,0
172155,Vilablareix,Girona,2013,10,1,2,7,6,1,3,0,10,2,0,0,0,1,0,0,0,0,0
172155,Vilablareix,Girona,2014,10,0,5,5,5,2,3,0,10,2,0,0,0,0,1,0,0,0,0
172155,Vilablareix,Girona,2015,8,0,3,5,3,1,4,0,8,2,0,0,0,1,1,0,0,0,0
172155,Vilablareix,Girona,2016,4,1,0,3,0,2,2,0,4,1,0,0,0,1,0,0,0,0,0
172155,Vilablareix,Girona,2017,9,2,2,5,0,4,5,0,9,0,0,0,0,5,0,0,0,0,0
172155,Vilablareix,Girona,2018,4,1,1,2,1,1,2,0,4,0,0,0,0,2,0,0,0,0,0
172155,Vilablareix,Girona,2019,11,2,4,5,5,0,6,0,11,0,0,0,0,6,0,0,0,0,0
172155,Vilablareix,Girona,2020,8,0,5,3,3,0,5,0,8,0,0,0,0,5,0,0,0,0,0
172155,Vilablareix,Girona,2021,39,30,7,2,1,0,8,30,9,0,0,2,1,2,3,0,0,0,0
172155,Vilablareix,Girona,2022,89,32,55,2,5,0,17,67,22,0,0,5,4,2,6,0,0,0,0
172155,Vilablareix,Girona,2023,24,3,17,4,1,1,12,10,14,0,1,1,1,9,0,0,0,0,0
172168,Viladasens,Girona,2011,1,0,1,0,0,0,1,0,1,0,1,0,0,0,0,0,0,0,0
172168,Viladasens,Girona,2012,2,2,0,0,0,0,2,0,2,2,0,0,0,0,0,0,0,0,0
172168,Viladasens,Girona,2013,3,0,2,1,1,0,2,0,3,2,0,0,0,0,0,0,0,0,0
172168,Viladasens,Girona,2014,0,0,0,0,0,0,0,0,0,0,0,0,0,0,0,0,0,0,0
172168,Viladasens,Girona,2015,0,0,0,0,0,0,0,0,0,0,0,0,0,0,0,0,0,0,0
172168,Viladasens,Girona,2016,0,0,0,0,0,0,0,0,0,0,0,0,0,0,0,0,0,0,0
172168,Viladasens,Girona,2017,0,0,0,0,0,0,0,0,0,0,0,0,0,0,0,0,0,0,0
172168,Viladasens,Girona,2018,0,0,0,0,0,0,0,0,0,0,0,0,0,0,0,0,0,0,0
172168,Viladasens,Girona,2019,0,0,0,0,0,0,0,0,0,0,0,0,0,0,0,0,0,0,0
172168,Viladasens,Girona,2020,0,0,0,0,0,0,0,0,0,0,0,0,0,0,0,0,0,0,0
172168,Viladasens,Girona,2021,5,1,4,0,0,0,0,5,0,0,0,0,0,0,0,0,0,0,0
172168,Viladasens,Girona,2022,3,0,3,0,0,0,0,3,0,0,0,0,0,0,0,0,0,0,0
172168,Viladasens,Girona,2023,3,0,3,0,0,0,0,3,0,0,0,0,0,0,0,0,0,0,0
172174,Viladamat,Girona,2011,0,0,0,0,0,0,0,0,0,0,0,0,0,0,0,0,0,0,0
172174,Viladamat,Girona,2012,0,0,0,0,0,0,0,0,0,0,0,0,0,0,0,0,0,0,0
172174,Viladamat,Girona,2013,0,0,0,0,0,0,0,0,0,0,0,0,0,0,0,0,0,0,0
172174,Viladamat,Girona,2014,1,1,0,0,0,0,1,0,1,1,0,0,0,0,0,0,0,0,0
172174,Viladamat,Girona,2015,1,1,0,0,0,0,1,0,1,0,0,0,0,1,0,0,0,0,0
172174,Viladamat,Girona,2016,2,1,0,1,0,0,2,0,2,1,0,0,0,1,0,0,0,0,0
172174,Viladamat,Girona,2017,3,1,0,2,0,0,3,0,3,2,0,0,0,1,0,0,0,0,0
172174,Viladamat,Girona,2018,1,0,0,1,0,0,1,0,1,1,0,0,0,0,0,0,0,0,0
172174,Viladamat,Girona,2019,3,1,2,0,0,0,3,0,3,1,0,0,0,2,0,0,0,0,0
172174,Viladamat,Girona,2020,1,0,1,0,0,0,1,0,1,0,0,0,0,1,0,0,0,0,0
172174,Viladamat,Girona,2021,0,0,0,0,0,0,0,0,0,0,0,0,0,0,0,0,0,0,0
172180,Vilademuls,Girona,2011,3,1,0,2,2,0,1,0,3,0,1,0,0,0,0,0,0,0,0
172180,Vilademuls,Girona,2012,1,0,0,1,1,0,0,0,1,0,0,0,0,0,0,0,0,0,0
172180,Vilademuls,Girona,2013,1,0,1,0,0,0,1,0,1,0,0,0,0,0,1,0,0,0,0
172180,Vilademuls,Girona,2014,4,2,2,0,0,0,4,0,4,3,0,0,0,0,1,0,0,0,0
172180,Vilademuls,Girona,2015,4,1,1,2,1,0,3,0,4,2,0,0,0,1,0,0,0,0,0
172180,Vilademuls,Girona,2016,5,0,0,5,3,0,2,0,5,1,0,0,0,0,1,0,0,0,0
172180,Vilademuls,Girona,2017,2,0,0,2,2,0,0,0,2,0,0,0,0,0,0,0,0,0,0
172180,Vilademuls,Girona,2018,0,0,0,0,0,0,0,0,0,0,0,0,0,0,0,0,0,0,0
172180,Vilademuls,Girona,2019,0,0,0,0,0,0,0,0,0,0,0,0,0,0,0,0,0,0,0
172180,Vilademuls,Girona,2020,0,0,0,0,0,0,0,0,0,0,0,0,0,0,0,0,0,0,0
172180,Vilademuls,Girona,2021,3,0,0,3,0,0,0,3,0,0,0,0,0,0,0,0,0,0,0
172180,Vilademuls,Girona,2022,1,0,0,1,0,0,0,1,0,0,0,0,0,0,0,0,0,0,0
172207,Viladrau,Girona,2011,2,0,2,0,0,2,0,0,2,0,0,0,0,0,0,0,0,0,0
172207,Viladrau,Girona,2012,1,1,0,0,0,0,1,0,1,1,0,0,0,0,0,0,0,0,0
172207,Viladrau,Girona,2013,0,0,0,0,0,0,0,0,0,0,0,0,0,0,0,0,0,0,0
172207,Viladrau,Girona,2014,1,0,0,1,1,0,0,0,1,0,0,0,0,0,0,0,0,0,0
172207,Viladrau,Girona,2015,1,0,0,1,1,0,0,0,1,0,0,0,0,0,0,0,0,0,0
172207,Viladrau,Girona,2016,6,2,1,3,3,0,3,0,6,2,0,0,0,0,1,0,0,0,0
172207,Viladrau,Girona,2017,2,0,1,1,1,0,1,0,2,1,0,0,0,0,0,0,0,0,0
172207,Viladrau,Girona,2018,0,0,0,0,0,0,0,0,0,0,0,0,0,0,0,0,0,0,0
172207,Viladrau,Girona,2019,14,12,2,0,0,0,14,0,14,1,2,0,0,10,1,0,0,0,0
172207,Viladrau,Girona,2020,1,0,1,0,0,0,1,0,1,0,0,0,0,1,0,0,0,0,0
172207,Viladrau,Girona,2021,0,0,0,0,0,0,0,0,0,0,0,0,0,0,0,0,0,0,0
172207,Viladrau,Girona,2022,14,13,1,0,0,0,14,0,14,1,1,0,1,10,0,1,0,0,0
172207,Viladrau,Girona,2023,10,10,0,0,0,0,10,0,10,0,2,0,0,7,1,0,0,0,0
172214,Vilafant,Girona,2011,42,5,10,27,19,5,17,1,41,5,3,0,2,7,0,0,0,0,0
172214,Vilafant,Girona,2012,36,6,8,22,15,2,18,1,35,3,6,3,0,6,0,0,0,0,0
172214,Vilafant,Girona,2013,24,4,8,12,10,3,10,1,23,0,3,2,1,4,0,0,0,0,0
172214,Vilafant,Girona,2014,10,4,2,4,3,1,5,1,9,0,0,2,0,3,0,0,0,0,0
172214,Vilafant,Girona,2015,10,3,3,4,2,3,5,0,10,0,0,2,0,3,0,0,0,0,0
172214,Vilafant,Girona,2016,16,6,6,4,3,1,12,0,16,2,0,1,0,9,0,0,0,0,0
172214,Vilafant,Girona,2017,7,0,2,5,3,2,2,0,7,1,0,0,0,1,0,0,0,0,0
172214,Vilafant,Girona,2018,6,1,1,4,2,2,2,0,6,1,0,0,0,1,0,0,0,0,0
172214,Vilafant,Girona,2019,21,5,11,5,5,6,10,0,21,1,0,0,0,9,0,0,0,0,0
172214,Vilafant,Girona,2020,9,1,6,2,3,2,3,1,8,0,0,0,0,3,0,0,0,0,0
172214,Vilafant,Girona,2021,11,2,5,4,1,3,0,7,4,0,0,0,0,0,0,0,0,0,0
172214,Vilafant,Girona,2022,8,2,3,3,0,3,3,2,6,0,0,0,0,3,0,0,0,0,0
172214,Vilafant,Girona,2023,14,5,3,6,3,0,7,4,10,0,2,0,0,5,0,0,0,0,0
172229,Vilaür,Girona,2011,1,1,0,0,0,0,1,0,1,1,0,0,0,0,0,0,0,0,0
172229,Vilaür,Girona,2012,3,0,3,0,0,0,3,0,3,3,0,0,0,0,0,0,0,0,0
172229,Vilaür,Girona,2013,2,0,2,0,0,0,2,0,2,2,0,0,0,0,0,0,0,0,0
172229,Vilaür,Girona,2014,2,0,0,2,0,0,2,0,2,2,0,0,0,0,0,0,0,0,0
172229,Vilaür,Girona,2015,0,0,0,0,0,0,0,0,0,0,0,0,0,0,0,0,0,0,0
172229,Vilaür,Girona,2016,0,0,0,0,0,0,0,0,0,0,0,0,0,0,0,0,0,0,0
172229,Vilaür,Girona,2017,0,0,0,0,0,0,0,0,0,0,0,0,0,0,0,0,0,0,0
172229,Vilaür,Girona,2018,0,0,0,0,0,0,0,0,0,0,0,0,0,0,0,0,0,0,0
172229,Vilaür,Girona,2019,0,0,0,0,0,0,0,0,0,0,0,0,0,0,0,0,0,0,0
172229,Vilaür,Girona,2020,0,0,0,0,0,0,0,0,0,0,0,0,0,0,0,0,0,0,0
172229,Vilaür,Girona,2021,0,0,0,0,0,0,0,0,0,0,0,0,0,0,0,0,0,0,0
172235,Vilajuïga,Girona,2011,6,1,4,1,1,1,4,0,6,3,1,0,0,0,0,0,0,0,0
172235,Vilajuïga,Girona,2012,8,2,5,1,1,1,6,0,8,5,0,0,0,1,0,0,0,0,0
172235,Vilajuïga,Girona,2013,5,1,4,0,0,1,4,0,5,2,0,0,0,2,0,0,0,0,0
172235,Vilajuïga,Girona,2014,4,0,3,1,0,2,2,0,4,1,0,0,0,1,0,0,0,0,0
172235,Vilajuïga,Girona,2015,4,0,2,2,0,2,2,0,4,0,2,0,0,0,0,0,0,0,0
172235,Vilajuïga,Girona,2016,1,0,0,1,1,0,0,0,1,0,0,0,0,0,0,0,0,0,0
172235,Vilajuïga,Girona,2017,4,2,1,1,1,0,3,0,4,2,0,1,0,0,0,0,0,0,0
172235,Vilajuïga,Girona,2018,4,0,3,1,0,0,4,0,4,1,1,1,1,0,0,0,0,0,0
172235,Vilajuïga,Girona,2019,8,2,5,1,0,2,6,0,8,0,1,0,2,3,0,0,0,0,0
172235,Vilajuïga,Girona,2020,2,0,2,0,0,0,2,0,2,0,0,0,0,2,0,0,0,0,0
172235,Vilajuïga,Girona,2021,3,0,3,0,0,0,3,0,3,0,0,0,0,3,0,0,0,0,0
172235,Vilajuïga,Girona,2022,2,0,1,1,0,1,1,0,2,0,0,0,0,1,0,0,0,0,0
172240,Vilallonga de Ter,Girona,2011,0,0,0,0,0,0,0,0,0,0,0,0,0,0,0,0,0,0,0
172240,Vilallonga de Ter,Girona,2012,0,0,0,0,0,0,0,0,0,0,0,0,0,0,0,0,0,0,0
172240,Vilallonga de Ter,Girona,2013,1,0,1,0,0,0,1,0,1,0,0,0,0,0,0,1,0,0,0
172240,Vilallonga de Ter,Girona,2014,0,0,0,0,0,0,0,0,0,0,0,0,0,0,0,0,0,0,0
172240,Vilallonga de Ter,Girona,2015,1,0,0,1,1,0,0,0,1,0,0,0,0,0,0,0,0,0,0
172240,Vilallonga de Ter,Girona,2016,0,0,0,0,0,0,0,0,0,0,0,0,0,0,0,0,0,0,0
172240,Vilallonga de Ter,Girona,2017,0,0,0,0,0,0,0,0,0,0,0,0,0,0,0,0,0,0,0
172240,Vilallonga de Ter,Girona,2018,0,0,0,0,0,0,0,0,0,0,0,0,0,0,0,0,0,0,0
172240,Vilallonga de Ter,Girona,2019,1,0,1,0,0,0,1,0,1,0,0,0,0,1,0,0,0,0,0
172240,Vilallonga de Ter,Girona,2020,0,0,0,0,0,0,0,0,0,0,0,0,0,0,0,0,0,0,0
172240,Vilallonga de Ter,Girona,2021,0,0,0,0,0,0,0,0,0,0,0,0,0,0,0,0,0,0,0
172240,Vilallonga de Ter,Girona,2022,1,0,1,0,0,0,1,0,1,0,0,0,0,1,0,0,0,0,0
172253,Vilamacolum,Girona,2011,1,0,1,0,0,0,1,0,1,1,0,0,0,0,0,0,0,0,0
172253,Vilamacolum,Girona,2012,1,0,0,1,0,1,0,0,1,0,0,0,0,0,0,0,0,0,0
172253,Vilamacolum,Girona,2013,3,2,0,1,0,1,2,0,3,1,0,1,0,0,0,0,0,0,0
172253,Vilamacolum,Girona,2014,2,2,0,0,0,1,1,0,2,0,0,0,0,1,0,0,0,0,0
172253,Vilamacolum,Girona,2015,2,1,1,0,0,1,1,0,2,0,0,0,0,1,0,0,0,0,0
172253,Vilamacolum,Girona,2016,0,0,0,0,0,0,0,0,0,0,0,0,0,0,0,0,0,0,0
172253,Vilamacolum,Girona,2017,2,0,2,0,0,2,0,0,2,0,0,0,0,0,0,0,0,0,0
172253,Vilamacolum,Girona,2018,3,1,2,0,0,3,0,0,3,0,0,0,0,0,0,0,0,0,0
172253,Vilamacolum,Girona,2019,9,6,2,1,1,0,8,0,9,3,0,1,2,2,0,0,0,0,0
172253,Vilamacolum,Girona,2020,3,2,1,0,0,0,2,1,2,1,0,0,0,1,0,0,0,0,0
172253,Vilamacolum,Girona,2021,4,1,3,0,0,0,4,0,4,1,0,0,0,3,0,0,0,0,0
172253,Vilamacolum,Girona,2022,2,0,2,0,0,1,1,0,2,1,0,0,0,0,0,0,0,0,0
172253,Vilamacolum,Girona,2023,6,5,1,0,0,0,6,0,6,1,0,0,0,5,0,0,0,0,0
172266,Vilamalla,Girona,2011,3,1,2,0,0,2,1,0,3,0,0,1,0,0,0,0,0,0,0
172266,Vilamalla,Girona,2012,5,2,2,1,0,2,3,0,5,0,0,2,0,1,0,0,0,0,0
172266,Vilamalla,Girona,2013,2,0,1,1,0,2,0,0,2,0,0,0,0,0,0,0,0,0,0
172266,Vilamalla,Girona,2014,2,0,1,1,0,2,0,0,2,0,0,0,0,0,0,0,0,0,0
172266,Vilamalla,Girona,2015,3,0,0,3,0,3,0,0,3,0,0,0,0,0,0,0,0,0,0
172266,Vilamalla,Girona,2016,5,1,2,2,0,2,3,0,5,0,0,2,0,1,0,0,0,0,0
172266,Vilamalla,Girona,2017,1,0,0,1,1,0,0,0,1,0,0,0,0,0,0,0,0,0,0
172266,Vilamalla,Girona,2018,2,0,2,0,0,0,2,0,2,0,0,2,0,0,0,0,0,0,0
172266,Vilamalla,Girona,2019,1,1,0,0,0,0,1,0,1,0,0,0,0,1,0,0,0,0,0
172266,Vilamalla,Girona,2020,0,0,0,0,0,0,0,0,0,0,0,0,0,0,0,0,0,0,0
172266,Vilamalla,Girona,2021,3,0,3,0,0,0,0,3,0,0,0,0,0,0,0,0,0,0,0
172272,Vilamaniscle,Girona,2011,0,0,0,0,0,0,0,0,0,0,0,0,0,0,0,0,0,0,0
172272,Vilamaniscle,Girona,2012,0,0,0,0,0,0,0,0,0,0,0,0,0,0,0,0,0,0,0
172272,Vilamaniscle,Girona,2013,0,0,0,0,0,0,0,0,0,0,0,0,0,0,0,0,0,0,0
172272,Vilamaniscle,Girona,2014,0,0,0,0,0,0,0,0,0,0,0,0,0,0,0,0,0,0,0
172272,Vilamaniscle,Girona,2015,1,0,0,1,1,0,0,0,1,0,0,0,0,0,0,0,0,0,0
172272,Vilamaniscle,Girona,2016,1,0,0,1,1,0,0,0,1,0,0,0,0,0,0,0,0,0,0
172272,Vilamaniscle,Girona,2017,1,1,0,0,0,1,0,0,1,0,0,0,0,0,0,0,0,0,0
172272,Vilamaniscle,Girona,2018,3,1,2,0,0,0,3,0,3,2,0,0,0,1,0,0,0,0,0
172272,Vilamaniscle,Girona,2019,0,0,0,0,0,0,0,0,0,0,0,0,0,0,0,0,0,0,0
172272,Vilamaniscle,Girona,2020,1,0,1,0,1,0,0,0,1,0,0,0,0,0,0,0,0,0,0
172272,Vilamaniscle,Girona,2021,0,0,0,0,0,0,0,0,0,0,0,0,0,0,0,0,0,0,0
172272,Vilamaniscle,Girona,2022,9,3,4,2,0,0,2,7,2,0,1,0,0,1,0,0,0,0,0
172272,Vilamaniscle,Girona,2023,5,2,2,1,0,0,3,2,3,3,0,0,0,0,0,0,0,0,0
172288,Vilanant,Girona,2011,0,0,0,0,0,0,0,0,0,0,0,0,0,0,0,0,0,0,0
172288,Vilanant,Girona,2012,2,0,1,1,1,0,1,0,2,1,0,0,0,0,0,0,0,0,0
172288,Vilanant,Girona,2013,5,1,1,3,2,0,3,0,5,2,0,0,0,1,0,0,0,0,0
172288,Vilanant,Girona,2014,5,2,2,1,0,0,5,0,5,1,0,0,0,4,0,0,0,0,0
172288,Vilanant,Girona,2015,0,0,0,0,0,0,0,0,0,0,0,0,0,0,0,0,0,0,0
172288,Vilanant,Girona,2016,2,1,1,0,0,0,2,0,2,2,0,0,0,0,0,0,0,0,0
172288,Vilanant,Girona,2017,0,0,0,0,0,0,0,0,0,0,0,0,0,0,0,0,0,0,0
172288,Vilanant,Girona,2018,0,0,0,0,0,0,0,0,0,0,0,0,0,0,0,0,0,0,0
172288,Vilanant,Girona,2019,0,0,0,0,0,0,0,0,0,0,0,0,0,0,0,0,0,0,0
172288,Vilanant,Girona,2020,0,0,0,0,0,0,0,0,0,0,0,0,0,0,0,0,0,0,0
172288,Vilanant,Girona,2021,2,1,1,0,0,0,0,2,0,0,0,0,0,0,0,0,0,0,0
172305,Vila-sacra,Girona,2011,1,0,1,0,0,0,1,0,1,0,1,0,0,0,0,0,0,0,0
172305,Vila-sacra,Girona,2012,6,3,1,2,1,0,5,0,6,0,1,3,0,1,0,0,0,0,0
172305,Vila-sacra,Girona,2013,6,2,2,2,1,0,5,0,6,0,2,1,0,2,0,0,0,0,0
172305,Vila-sacra,Girona,2014,9,2,3,4,2,0,7,0,9,0,0,0,0,7,0,0,0,0,0
172305,Vila-sacra,Girona,2015,6,2,1,3,2,0,4,0,6,1,0,0,1,2,0,0,0,0,0
172305,Vila-sacra,Girona,2016,2,0,1,1,1,0,1,0,2,1,0,0,0,0,0,0,0,0,0
172305,Vila-sacra,Girona,2017,3,1,0,2,2,0,1,0,3,0,0,0,0,1,0,0,0,0,0
172305,Vila-sacra,Girona,2018,3,1,2,0,0,0,3,0,3,0,0,0,0,3,0,0,0,0,0
172305,Vila-sacra,Girona,2019,1,1,0,0,0,0,1,0,1,0,0,1,0,0,0,0,0,0,0
172305,Vila-sacra,Girona,2020,1,0,1,0,0,0,1,0,1,0,0,1,0,0,0,0,0,0,0
172305,Vila-sacra,Girona,2021,3,1,2,0,0,0,2,1,2,0,0,2,0,0,0,0,0,0,0
172305,Vila-sacra,Girona,2023,7,6,1,0,0,0,7,0,7,0,0,0,0,7,0,0,0,0,0
172327,Vilopriu,Girona,2011,3,0,0,3,1,0,2,0,3,0,0,0,0,0,2,0,0,0,0
172327,Vilopriu,Girona,2012,1,0,0,1,0,0,1,0,1,0,0,0,0,0,1,0,0,0,0
172327,Vilopriu,Girona,2013,0,0,0,0,0,0,0,0,0,0,0,0,0,0,0,0,0,0,0
172327,Vilopriu,Girona,2014,1,0,0,1,0,0,1,0,1,0,0,0,0,0,1,0,0,0,0
172327,Vilopriu,Girona,2015,1,1,0,0,0,0,1,0,1,0,0,0,0,1,0,0,0,0,0
172327,Vilopriu,Girona,2016,0,0,0,0,0,0,0,0,0,0,0,0,0,0,0,0,0,0,0
172327,Vilopriu,Girona,2017,0,0,0,0,0,0,0,0,0,0,0,0,0,0,0,0,0,0,0
172327,Vilopriu,Girona,2018,0,0,0,0,0,0,0,0,0,0,0,0,0,0,0,0,0,0,0
172327,Vilopriu,Girona,2019,1,1,0,0,0,0,1,0,1,0,0,1,0,0,0,0,0,0,0
172327,Vilopriu,Girona,2020,0,0,0,0,0,0,0,0,0,0,0,0,0,0,0,0,0,0,0
172327,Vilopriu,Girona,2021,2,0,2,0,0,0,0,2,0,0,0,0,0,0,0,0,0,0,0
172333,Vilobí d'Onyar,Girona,2011,12,3,2,7,6,1,4,1,11,1,0,1,0,2,0,0,0,0,0
172333,Vilobí d'Onyar,Girona,2012,9,3,2,4,4,0,5,0,9,3,0,0,0,2,0,0,0,0,0
172333,Vilobí d'Onyar,Girona,2013,8,0,5,3,2,0,5,1,7,1,0,0,1,3,0,0,0,0,0
172333,Vilobí d'Onyar,Girona,2014,6,1,1,4,4,2,0,0,6,0,0,0,0,0,0,0,0,0,0
172333,Vilobí d'Onyar,Girona,2015,8,0,3,5,5,2,1,0,8,0,0,0,0,1,0,0,0,0,0
172333,Vilobí d'Onyar,Girona,2016,5,3,0,2,0,0,5,0,5,2,0,0,0,3,0,0,0,0,0
172333,Vilobí d'Onyar,Girona,2017,7,2,3,2,1,0,6,0,7,1,0,0,0,5,0,0,0,0,0
172333,Vilobí d'Onyar,Girona,2018,6,1,4,1,0,0,6,0,6,0,0,0,3,3,0,0,0,0,0
172333,Vilobí d'Onyar,Girona,2019,7,0,5,2,1,0,6,0,7,1,0,0,0,5,0,0,0,0,0
172333,Vilobí d'Onyar,Girona,2020,12,1,6,5,4,0,8,0,12,3,0,0,0,4,1,0,0,0,0
172333,Vilobí d'Onyar,Girona,2021,14,5,5,4,0,0,5,9,5,0,0,0,0,3,2,0,0,0,0
172333,Vilobí d'Onyar,Girona,2022,13,7,1,5,0,0,3,10,3,0,1,0,0,2,0,0,0,0,0
172333,Vilobí d'Onyar,Girona,2023,7,0,3,4,1,0,3,3,4,0,0,0,0,3,0,0,0,0,0
172348,Biure,Girona,2011,6,0,0,6,3,0,3,0,6,1,2,0,0,0,0,0,0,0,0
172348,Biure,Girona,2012,4,0,0,4,2,0,2,0,4,0,2,0,0,0,0,0,0,0,0
172348,Biure,Girona,2013,3,0,0,3,1,0,2,0,3,0,2,0,0,0,0,0,0,0,0
172348,Biure,Girona,2014,1,0,0,1,1,0,0,0,1,0,0,0,0,0,0,0,0,0,0
172348,Biure,Girona,2015,0,0,0,0,0,0,0,0,0,0,0,0,0,0,0,0,0,0,0
172348,Biure,Girona,2016,0,0,0,0,0,0,0,0,0,0,0,0,0,0,0,0,0,0,0
172348,Biure,Girona,2017,0,0,0,0,0,0,0,0,0,0,0,0,0,0,0,0,0,0,0
172348,Biure,Girona,2018,0,0,0,0,0,0,0,0,0,0,0,0,0,0,0,0,0,0,0
172348,Biure,Girona,2019,0,0,0,0,0,0,0,0,0,0,0,0,0,0,0,0,0,0,0
172348,Biure,Girona,2020,0,0,0,0,0,0,0,0,0,0,0,0,0,0,0,0,0,0,0
172348,Biure,Girona,2021,0,0,0,0,0,0,0,0,0,0,0,0,0,0,0,0,0,0,0
179011,"Cruïlles, Monells i Sant Sadurní de l'Heura",Girona,2011,15,1,11,3,0,5,10,0,15,1,2,2,0,5,0,0,0,0,0
179011,"Cruïlles, Monells i Sant Sadurní de l'Heura",Girona,2012,12,2,6,4,0,4,8,0,12,1,3,2,0,2,0,0,0,0,0
179011,"Cruïlles, Monells i Sant Sadurní de l'Heura",Girona,2013,10,1,4,5,1,2,7,0,10,1,2,1,0,3,0,0,0,0,0
179011,"Cruïlles, Monells i Sant Sadurní de l'Heura",Girona,2014,2,0,0,2,1,1,0,0,2,0,0,0,0,0,0,0,0,0,0
179011,"Cruïlles, Monells i Sant Sadurní de l'Heura",Girona,2015,2,1,1,0,0,1,1,0,2,0,0,0,0,1,0,0,0,0,0
179011,"Cruïlles, Monells i Sant Sadurní de l'Heura",Girona,2016,5,0,4,1,0,2,3,0,5,2,1,0,0,0,0,0,0,0,0
179011,"Cruïlles, Monells i Sant Sadurní de l'Heura",Girona,2017,3,2,1,0,0,1,2,0,3,0,0,1,0,1,0,0,0,0,0
179011,"Cruïlles, Monells i Sant Sadurní de l'Heura",Girona,2018,4,3,1,0,0,0,4,0,4,0,0,2,1,1,0,0,0,0,0
179011,"Cruïlles, Monells i Sant Sadurní de l'Heura",Girona,2019,5,0,4,1,0,0,5,0,5,1,1,2,1,0,0,0,0,0,0
179011,"Cruïlles, Monells i Sant Sadurní de l'Heura",Girona,2020,3,0,3,0,0,0,3,0,3,2,0,0,1,0,0,0,0,0,0
179011,"Cruïlles, Monells i Sant Sadurní de l'Heura",Girona,2021,18,13,2,3,0,0,3,15,3,1,0,2,0,0,0,0,0,0,0
179011,"Cruïlles, Monells i Sant Sadurní de l'Heura",Girona,2022,50,29,19,2,0,0,0,50,0,0,0,0,0,0,0,0,0,0,0
179011,"Cruïlles, Monells i Sant Sadurní de l'Heura",Girona,2023,21,2,13,6,1,2,2,16,5,0,0,1,0,0,1,0,0,0,0
179026,Forallac,Girona,2011,15,3,6,6,3,0,10,2,13,3,3,3,0,1,0,0,0,0,0
179026,Forallac,Girona,2012,10,3,6,1,1,0,9,0,10,4,1,0,0,4,0,0,0,0,0
179026,Forallac,Girona,2013,12,4,6,2,1,1,10,0,12,4,0,0,0,6,0,0,0,0,0
179026,Forallac,Girona,2014,11,3,3,5,3,2,6,0,11,2,0,0,0,3,1,0,0,0,0
179026,Forallac,Girona,2015,7,2,2,3,1,2,4,0,7,2,0,0,0,2,0,0,0,0,0
179026,Forallac,Girona,2016,12,5,3,4,2,1,9,0,12,4,1,1,0,3,0,0,0,0,0
179026,Forallac,Girona,2017,10,5,1,4,1,0,9,0,10,3,4,0,0,2,0,0,0,0,0
179026,Forallac,Girona,2018,12,5,7,0,0,0,12,0,12,6,1,0,1,4,0,0,0,0,0
179026,Forallac,Girona,2019,14,4,10,0,0,0,14,0,14,6,3,0,1,4,0,0,0,0,0
179026,Forallac,Girona,2020,7,3,3,1,1,0,6,0,7,2,1,0,0,3,0,0,0,0,0
179026,Forallac,Girona,2021,13,2,6,5,3,0,7,3,10,1,0,0,0,6,0,0,0,0,0
179026,Forallac,Girona,2022,4,2,2,0,0,0,2,2,2,0,0,0,0,2,0,0,0,0,0
179026,Forallac,Girona,2023,5,0,5,0,0,0,5,0,5,1,0,0,0,4,0,0,0,0,0
179032,Sant Julià del Llor i Bonmatí,Girona,2011,9,1,2,6,5,2,1,1,8,0,0,1,0,0,0,0,0,0,0
179032,Sant Julià del Llor i Bonmatí,Girona,2012,5,0,3,2,2,2,1,0,5,0,0,1,0,0,0,0,0,0,0
179032,Sant Julià del Llor i Bonmatí,Girona,2013,4,1,1,2,0,2,2,0,4,0,0,0,0,2,0,0,0,0,0
179032,Sant Julià del Llor i Bonmatí,Girona,2014,1,0,0,1,1,0,0,0,1,0,0,0,0,0,0,0,0,0,0
179032,Sant Julià del Llor i Bonmatí,Girona,2015,2,0,0,2,2,0,0,0,2,0,0,0,0,0,0,0,0,0,0
179032,Sant Julià del Llor i Bonmatí,Girona,2016,4,0,2,2,2,0,2,0,4,1,0,1,0,0,0,0,0,0,0
179032,Sant Julià del Llor i Bonmatí,Girona,2017,2,0,1,1,1,0,1,0,2,0,0,0,0,1,0,0,0,0,0
179032,Sant Julià del Llor i Bonmatí,Girona,2018,4,1,1,2,1,0,3,0,4,1,0,0,0,2,0,0,0,0,0
179032,Sant Julià del Llor i Bonmatí,Girona,2019,9,1,4,4,4,0,5,0,9,0,0,0,0,5,0,0,0,0,0
179032,Sant Julià del Llor i Bonmatí,Girona,2020,1,0,0,1,1,0,0,0,1,0,0,0,0,0,0,0,0,0,0
179032,Sant Julià del Llor i Bonmatí,Girona,2021,8,4,1,3,2,0,5,1,7,0,0,0,0,5,0,0,0,0,0
179032,Sant Julià del Llor i Bonmatí,Girona,2023,2,1,0,1,0,0,2,0,2,0,0,0,0,2,0,0,0,0,0
250019,Abella de la Conca,Lleida,2011,1,0,0,1,1,0,0,0,1,0,0,0,0,0,0,0,0,0,0
250019,Abella de la Conca,Lleida,2012,0,0,0,0,0,0,0,0,0,0,0,0,0,0,0,0,0,0,0
250019,Abella de la Conca,Lleida,2013,0,0,0,0,0,0,0,0,0,0,0,0,0,0,0,0,0,0,0
250019,Abella de la Conca,Lleida,2014,0,0,0,0,0,0,0,0,0,0,0,0,0,0,0,0,0,0,0
250019,Abella de la Conca,Lleida,2015,0,0,0,0,0,0,0,0,0,0,0,0,0,0,0,0,0,0,0
250019,Abella de la Conca,Lleida,2016,0,0,0,0,0,0,0,0,0,0,0,0,0,0,0,0,0,0,0
250019,Abella de la Conca,Lleida,2017,0,0,0,0,0,0,0,0,0,0,0,0,0,0,0,0,0,0,0
250019,Abella de la Conca,Lleida,2018,0,0,0,0,0,0,0,0,0,0,0,0,0,0,0,0,0,0,0
250019,Abella de la Conca,Lleida,2019,0,0,0,0,0,0,0,0,0,0,0,0,0,0,0,0,0,0,0
250019,Abella de la Conca,Lleida,2020,0,0,0,0,0,0,0,0,0,0,0,0,0,0,0,0,0,0,0
250019,Abella de la Conca,Lleida,2021,0,0,0,0,0,0,0,0,0,0,0,0,0,0,0,0,0,0,0
250019,Abella de la Conca,Lleida,2022,1,0,0,1,1,0,0,0,1,0,0,0,0,0,0,0,0,0,0
250019,Abella de la Conca,Lleida,2023,1,0,0,1,1,0,0,0,1,0,0,0,0,0,0,0,0,0,0
250024,Àger,Lleida,2011,0,0,0,0,0,0,0,0,0,0,0,0,0,0,0,0,0,0,0
250024,Àger,Lleida,2012,0,0,0,0,0,0,0,0,0,0,0,0,0,0,0,0,0,0,0
250024,Àger,Lleida,2013,0,0,0,0,0,0,0,0,0,0,0,0,0,0,0,0,0,0,0
250024,Àger,Lleida,2014,1,0,0,1,0,1,0,0,1,0,0,0,0,0,0,0,0,0,0
250024,Àger,Lleida,2015,4,0,0,4,1,2,1,0,4,0,0,0,0,1,0,0,0,0,0
250024,Àger,Lleida,2016,3,0,0,3,0,2,1,0,3,0,0,0,0,1,0,0,0,0,0
250024,Àger,Lleida,2017,1,0,0,1,0,1,0,0,1,0,0,0,0,0,0,0,0,0,0
250024,Àger,Lleida,2018,2,0,0,2,0,2,0,0,2,0,0,0,0,0,0,0,0,0,0
250024,Àger,Lleida,2019,0,0,0,0,0,0,0,0,0,0,0,0,0,0,0,0,0,0,0
250024,Àger,Lleida,2020,0,0,0,0,0,0,0,0,0,0,0,0,0,0,0,0,0,0,0
250024,Àger,Lleida,2021,0,0,0,0,0,0,0,0,0,0,0,0,0,0,0,0,0,0,0
250024,Àger,Lleida,2022,2,0,0,2,1,0,1,0,2,0,0,0,0,1,0,0,0,0,0
250024,Àger,Lleida,2023,8,1,4,3,3,1,4,0,8,0,2,0,0,2,0,0,0,0,0
250030,Agramunt,Lleida,2011,53,36,16,1,0,0,53,0,53,8,2,18,5,20,0,0,0,0,0
250030,Agramunt,Lleida,2012,21,8,11,2,0,1,20,0,21,0,2,12,3,3,0,0,0,0,0
250030,Agramunt,Lleida,2013,17,14,0,3,2,0,15,0,17,2,2,8,2,1,0,0,0,0,0
250030,Agramunt,Lleida,2014,12,10,2,0,0,0,12,0,12,1,0,4,5,2,0,0,0,0,0
250030,Agramunt,Lleida,2015,1,0,1,0,0,0,1,0,1,0,0,0,0,1,0,0,0,0,0
250030,Agramunt,Lleida,2016,15,15,0,0,0,1,14,0,15,2,0,8,0,3,1,0,0,0,0
250030,Agramunt,Lleida,2017,16,15,0,1,1,0,15,0,16,0,0,15,0,0,0,0,0,0,0
250030,Agramunt,Lleida,2018,14,13,0,1,1,0,13,0,14,0,0,12,0,1,0,0,0,0,0
250030,Agramunt,Lleida,2019,39,29,10,0,0,0,39,0,39,0,0,30,2,7,0,0,0,0,0
250030,Agramunt,Lleida,2020,21,21,0,0,0,1,18,2,19,0,0,4,0,14,0,0,0,0,0
250030,Agramunt,Lleida,2021,11,7,4,0,0,0,4,7,4,0,2,0,0,2,0,0,0,0,0
250030,Agramunt,Lleida,2022,27,19,5,3,0,0,24,3,24,1,9,6,3,5,0,0,0,0,0
250030,Agramunt,Lleida,2023,30,22,8,0,0,1,29,0,30,7,7,2,5,8,0,0,0,0,0
250045,Els Alamús,Lleida,2011,1,0,0,1,1,0,0,0,1,0,0,0,0,0,0,0,0,0,0
250045,Els Alamús,Lleida,2012,0,0,0,0,0,0,0,0,0,0,0,0,0,0,0,0,0,0,0
250045,Els Alamús,Lleida,2013,0,0,0,0,0,0,0,0,0,0,0,0,0,0,0,0,0,0,0
250045,Els Alamús,Lleida,2014,2,1,0,1,0,1,1,0,2,0,1,0,0,0,0,0,0,0,0
250045,Els Alamús,Lleida,2015,4,0,1,3,0,3,1,0,4,0,1,0,0,0,0,0,0,0,0
250045,Els Alamús,Lleida,2016,0,0,0,0,0,0,0,0,0,0,0,0,0,0,0,0,0,0,0
250045,Els Alamús,Lleida,2017,0,0,0,0,0,0,0,0,0,0,0,0,0,0,0,0,0,0,0
250045,Els Alamús,Lleida,2018,2,0,0,2,0,1,1,0,2,0,1,0,0,0,0,0,0,0,0
250045,Els Alamús,Lleida,2019,4,0,1,3,0,2,2,0,4,0,2,0,0,0,0,0,0,0,0
250045,Els Alamús,Lleida,2020,0,0,0,0,0,0,0,0,0,0,0,0,0,0,0,0,0,0,0
250045,Els Alamús,Lleida,2021,2,1,1,0,0,0,1,1,1,0,0,0,1,0,0,0,0,0,0
250045,Els Alamús,Lleida,2022,2,2,0,0,0,0,2,0,2,0,0,0,2,0,0,0,0,0,0
250058,Alàs i Cerc,Lleida,2011,0,0,0,0,0,0,0,0,0,0,0,0,0,0,0,0,0,0,0
250058,Alàs i Cerc,Lleida,2012,0,0,0,0,0,0,0,0,0,0,0,0,0,0,0,0,0,0,0
250058,Alàs i Cerc,Lleida,2013,0,0,0,0,0,0,0,0,0,0,0,0,0,0,0,0,0,0,0
250058,Alàs i Cerc,Lleida,2014,0,0,0,0,0,0,0,0,0,0,0,0,0,0,0,0,0,0,0
250058,Alàs i Cerc,Lleida,2015,0,0,0,0,0,0,0,0,0,0,0,0,0,0,0,0,0,0,0
250058,Alàs i Cerc,Lleida,2016,0,0,0,0,0,0,0,0,0,0,0,0,0,0,0,0,0,0,0
250058,Alàs i Cerc,Lleida,2017,0,0,0,0,0,0,0,0,0,0,0,0,0,0,0,0,0,0,0
250058,Alàs i Cerc,Lleida,2018,0,0,0,0,0,0,0,0,0,0,0,0,0,0,0,0,0,0,0
250058,Alàs i Cerc,Lleida,2019,0,0,0,0,0,0,0,0,0,0,0,0,0,0,0,0,0,0,0
250058,Alàs i Cerc,Lleida,2020,1,0,0,1,0,1,0,0,1,0,0,0,0,0,0,0,0,0,0
250058,Alàs i Cerc,Lleida,2021,3,0,0,3,0,3,0,0,3,0,0,0,0,0,0,0,0,0,0
250058,Alàs i Cerc,Lleida,2022,2,0,0,2,0,2,0,0,2,0,0,0,0,0,0,0,0,0,0
250061,L'Albagés,Lleida,2011,0,0,0,0,0,0,0,0,0,0,0,0,0,0,0,0,0,0,0
250061,L'Albagés,Lleida,2012,0,0,0,0,0,0,0,0,0,0,0,0,0,0,0,0,0,0,0
250061,L'Albagés,Lleida,2013,0,0,0,0,0,0,0,0,0,0,0,0,0,0,0,0,0,0,0
250061,L'Albagés,Lleida,2014,0,0,0,0,0,0,0,0,0,0,0,0,0,0,0,0,0,0,0
250061,L'Albagés,Lleida,2015,0,0,0,0,0,0,0,0,0,0,0,0,0,0,0,0,0,0,0
250061,L'Albagés,Lleida,2016,0,0,0,0,0,0,0,0,0,0,0,0,0,0,0,0,0,0,0
250061,L'Albagés,Lleida,2017,0,0,0,0,0,0,0,0,0,0,0,0,0,0,0,0,0,0,0
250061,L'Albagés,Lleida,2018,0,0,0,0,0,0,0,0,0,0,0,0,0,0,0,0,0,0,0
250061,L'Albagés,Lleida,2019,1,0,1,0,0,1,0,0,1,0,0,0,0,0,0,0,0,0,0
250061,L'Albagés,Lleida,2020,0,0,0,0,0,0,0,0,0,0,0,0,0,0,0,0,0,0,0
250061,L'Albagés,Lleida,2021,0,0,0,0,0,0,0,0,0,0,0,0,0,0,0,0,0,0,0
250061,L'Albagés,Lleida,2022,1,0,1,0,0,1,0,0,1,0,0,0,0,0,0,0,0,0,0
250077,Albatàrrec,Lleida,2011,7,0,3,4,4,2,1,0,7,0,0,0,0,1,0,0,0,0,0
250077,Albatàrrec,Lleida,2012,6,1,3,2,1,4,1,0,6,0,0,0,0,1,0,0,0,0,0
250077,Albatàrrec,Lleida,2013,11,2,4,5,2,5,4,0,11,1,0,2,0,1,0,0,0,0,0
250077,Albatàrrec,Lleida,2014,8,0,4,4,2,6,0,0,8,0,0,0,0,0,0,0,0,0,0
250077,Albatàrrec,Lleida,2015,3,1,1,1,1,1,1,0,3,0,0,0,0,0,1,0,0,0,0
250077,Albatàrrec,Lleida,2016,24,16,5,3,3,1,20,0,24,3,3,6,2,3,3,0,0,0,0
250077,Albatàrrec,Lleida,2017,18,11,3,4,5,0,13,0,18,1,1,6,0,3,2,0,0,0,0
250077,Albatàrrec,Lleida,2018,8,1,1,6,4,0,4,0,8,0,0,1,0,1,2,0,0,0,0
250077,Albatàrrec,Lleida,2019,13,6,2,5,5,0,8,0,13,0,1,0,0,7,0,0,0,0,0
250077,Albatàrrec,Lleida,2020,8,2,3,3,2,0,6,0,8,0,2,1,0,3,0,0,0,0,0
250077,Albatàrrec,Lleida,2021,15,3,2,10,0,1,8,6,9,1,0,5,0,2,0,0,0,0,0
250077,Albatàrrec,Lleida,2022,12,3,5,4,1,1,7,3,9,0,0,3,0,4,0,0,0,0,0
250077,Albatàrrec,Lleida,2023,19,9,7,3,1,3,14,1,18,2,0,1,0,11,0,0,0,0,0
250083,Albesa,Lleida,2011,40,3,34,3,2,1,37,0,40,1,1,1,33,1,0,0,0,0,0
250083,Albesa,Lleida,2012,22,21,1,0,0,1,21,0,22,0,0,0,21,0,0,0,0,0,0
250083,Albesa,Lleida,2013,1,0,1,0,0,1,0,0,1,0,0,0,0,0,0,0,0,0,0
250083,Albesa,Lleida,2014,0,0,0,0,0,0,0,0,0,0,0,0,0,0,0,0,0,0,0
250083,Albesa,Lleida,2015,0,0,0,0,0,0,0,0,0,0,0,0,0,0,0,0,0,0,0
250083,Albesa,Lleida,2016,0,0,0,0,0,0,0,0,0,0,0,0,0,0,0,0,0,0,0
250083,Albesa,Lleida,2017,1,0,1,0,0,1,0,0,1,0,0,0,0,0,0,0,0,0,0
250083,Albesa,Lleida,2018,2,0,1,1,1,1,0,0,2,0,0,0,0,0,0,0,0,0,0
250083,Albesa,Lleida,2019,0,0,0,0,0,0,0,0,0,0,0,0,0,0,0,0,0,0,0
250083,Albesa,Lleida,2020,3,3,0,0,0,0,3,0,3,0,0,0,0,3,0,0,0,0,0
250083,Albesa,Lleida,2021,3,0,2,1,0,2,0,1,2,0,0,0,0,0,0,0,0,0,0
250083,Albesa,Lleida,2022,4,1,1,2,1,2,0,1,3,0,0,0,0,0,0,0,0,0,0
250083,Albesa,Lleida,2023,4,1,1,2,2,0,1,1,3,0,0,0,0,1,0,0,0,0,0
250096,l'Albi,Lleida,2011,0,0,0,0,0,0,0,0,0,0,0,0,0,0,0,0,0,0,0
250096,l'Albi,Lleida,2012,0,0,0,0,0,0,0,0,0,0,0,0,0,0,0,0,0,0,0
250096,l'Albi,Lleida,2013,0,0,0,0,0,0,0,0,0,0,0,0,0,0,0,0,0,0,0
250096,l'Albi,Lleida,2014,0,0,0,0,0,0,0,0,0,0,0,0,0,0,0,0,0,0,0
250096,l'Albi,Lleida,2015,0,0,0,0,0,0,0,0,0,0,0,0,0,0,0,0,0,0,0
250096,l'Albi,Lleida,2016,0,0,0,0,0,0,0,0,0,0,0,0,0,0,0,0,0,0,0
250096,l'Albi,Lleida,2017,0,0,0,0,0,0,0,0,0,0,0,0,0,0,0,0,0,0,0
250096,l'Albi,Lleida,2018,0,0,0,0,0,0,0,0,0,0,0,0,0,0,0,0,0,0,0
250096,l'Albi,Lleida,2019,7,7,0,0,0,0,7,0,7,0,0,7,0,0,0,0,0,0,0
250096,l'Albi,Lleida,2020,1,0,0,1,0,0,0,1,0,0,0,0,0,0,0,0,0,0,0
250096,l'Albi,Lleida,2021,2,0,0,2,0,0,0,2,0,0,0,0,0,0,0,0,0,0,0
250096,l'Albi,Lleida,2022,1,0,0,1,1,0,0,0,1,0,0,0,0,0,0,0,0,0,0
250100,Alcanó,Lleida,2011,1,0,0,1,0,0,0,1,0,0,0,0,0,0,0,0,0,0,0
250100,Alcanó,Lleida,2012,0,0,0,0,0,0,0,0,0,0,0,0,0,0,0,0,0,0,0
250100,Alcanó,Lleida,2013,1,0,0,1,1,0,0,0,1,0,0,0,0,0,0,0,0,0,0
250100,Alcanó,Lleida,2014,2,0,0,2,2,0,0,0,2,0,0,0,0,0,0,0,0,0,0
250100,Alcanó,Lleida,2015,0,0,0,0,0,0,0,0,0,0,0,0,0,0,0,0,0,0,0
250100,Alcanó,Lleida,2016,0,0,0,0,0,0,0,0,0,0,0,0,0,0,0,0,0,0,0
250100,Alcanó,Lleida,2017,1,0,1,0,0,0,1,0,1,0,0,0,0,1,0,0,0,0,0
250100,Alcanó,Lleida,2018,1,0,1,0,0,0,1,0,1,0,0,0,0,1,0,0,0,0,0
250100,Alcanó,Lleida,2019,3,0,2,1,0,0,3,0,3,0,0,0,0,3,0,0,0,0,0
250100,Alcanó,Lleida,2020,0,0,0,0,0,0,0,0,0,0,0,0,0,0,0,0,0,0,0
250100,Alcanó,Lleida,2021,0,0,0,0,0,0,0,0,0,0,0,0,0,0,0,0,0,0,0
250100,Alcanó,Lleida,2022,3,0,0,3,0,0,3,0,3,0,0,0,0,3,0,0,0,0,0
250117,Alcarràs,Lleida,2011,173,83,61,29,27,10,136,0,173,21,0,22,75,18,0,0,0,0,0
250117,Alcarràs,Lleida,2012,174,86,70,18,18,17,136,3,171,19,1,27,65,21,2,1,0,0,0
250117,Alcarràs,Lleida,2013,37,26,4,7,4,3,30,0,37,6,1,5,10,5,3,0,0,0,0
250117,Alcarràs,Lleida,2014,85,59,20,6,3,3,78,1,84,17,2,10,28,16,5,0,0,0,0
250117,Alcarràs,Lleida,2015,46,32,4,10,5,0,41,0,46,10,1,4,19,5,2,0,0,0,0
250117,Alcarràs,Lleida,2016,43,28,9,6,2,5,36,0,43,3,3,5,21,4,0,0,0,0,0
250117,Alcarràs,Lleida,2017,23,8,6,9,1,7,15,0,23,2,5,5,3,0,0,0,0,0,0
250117,Alcarràs,Lleida,2018,47,33,9,5,4,0,43,0,47,6,3,6,16,12,0,0,0,0,0
250117,Alcarràs,Lleida,2019,104,86,10,8,5,4,95,0,104,14,2,20,37,21,1,0,0,0,0
250117,Alcarràs,Lleida,2020,38,23,5,10,9,0,29,0,38,2,0,9,16,2,0,0,0,0,0
250117,Alcarràs,Lleida,2021,27,10,10,7,7,0,13,7,20,2,2,3,4,2,0,0,0,0,0
250117,Alcarràs,Lleida,2022,71,56,10,5,4,1,59,7,64,3,1,12,15,28,0,0,0,0,0
250117,Alcarràs,Lleida,2023,60,31,18,11,10,7,42,1,59,8,0,3,6,25,0,0,0,0,0
250122,Alcoletge,Lleida,2011,12,5,2,5,5,0,7,0,12,2,0,0,2,3,0,0,0,0,0
250122,Alcoletge,Lleida,2012,39,26,6,7,5,5,29,0,39,4,1,7,12,5,0,0,0,0,0
250122,Alcoletge,Lleida,2013,9,1,1,7,4,5,0,0,9,0,0,0,0,0,0,0,0,0,0
250122,Alcoletge,Lleida,2014,5,1,2,2,2,2,1,0,5,0,0,0,0,1,0,0,0,0,0
250122,Alcoletge,Lleida,2015,1,1,0,0,0,0,1,0,1,0,0,0,0,1,0,0,0,0,0
250122,Alcoletge,Lleida,2016,5,1,3,1,1,2,2,0,5,0,0,0,0,2,0,0,0,0,0
250122,Alcoletge,Lleida,2017,2,0,1,1,1,0,1,0,2,0,0,0,0,1,0,0,0,0,0
250122,Alcoletge,Lleida,2018,7,1,2,4,2,3,2,0,7,1,1,0,0,0,0,0,0,0,0
250122,Alcoletge,Lleida,2019,3,1,0,2,1,1,1,0,3,0,0,0,0,1,0,0,0,0,0
250122,Alcoletge,Lleida,2020,6,2,0,4,3,0,2,1,5,0,0,0,1,1,0,0,0,0,0
250122,Alcoletge,Lleida,2021,13,6,2,5,3,0,1,9,4,0,0,0,1,0,0,0,0,0,0
250122,Alcoletge,Lleida,2022,6,3,2,1,0,0,2,4,2,0,0,1,1,0,0,0,0,0,0
250122,Alcoletge,Lleida,2023,9,2,5,2,1,2,4,2,7,3,0,0,0,1,0,0,0,0,0
250138,Alfarràs,Lleida,2011,8,0,0,8,3,5,0,0,8,0,0,0,0,0,0,0,0,0,0
250138,Alfarràs,Lleida,2012,4,1,1,2,2,1,1,0,4,0,0,0,0,1,0,0,0,0,0
250138,Alfarràs,Lleida,2013,6,1,4,1,1,2,3,0,6,0,0,0,1,2,0,0,0,0,0
250138,Alfarràs,Lleida,2014,1,0,0,1,0,1,0,0,1,0,0,0,0,0,0,0,0,0,0
250138,Alfarràs,Lleida,2015,3,1,1,1,2,0,1,0,3,0,0,0,0,1,0,0,0,0,0
250138,Alfarràs,Lleida,2016,2,0,2,0,1,0,1,0,2,0,0,0,0,1,0,0,0,0,0
250138,Alfarràs,Lleida,2017,1,0,1,0,1,0,0,0,1,0,0,0,0,0,0,0,0,0,0
250138,Alfarràs,Lleida,2018,0,0,0,0,0,0,0,0,0,0,0,0,0,0,0,0,0,0,0
250138,Alfarràs,Lleida,2019,41,33,8,0,2,6,30,3,38,4,0,10,14,0,2,0,0,0,0
250138,Alfarràs,Lleida,2020,3,0,3,0,0,0,3,0,3,2,0,1,0,0,0,0,0,0,0
250138,Alfarràs,Lleida,2021,167,133,8,26,0,0,18,149,18,0,0,6,5,5,2,0,0,0,0
250138,Alfarràs,Lleida,2022,422,200,149,73,2,4,64,352,70,1,5,20,10,27,1,0,0,0,0
250138,Alfarràs,Lleida,2023,92,18,46,28,2,3,28,59,33,0,4,10,3,10,1,0,0,0,0
250143,Alfés,Lleida,2011,2,0,0,2,2,0,0,0,2,0,0,0,0,0,0,0,0,0,0
250143,Alfés,Lleida,2012,0,0,0,0,0,0,0,0,0,0,0,0,0,0,0,0,0,0,0
250143,Alfés,Lleida,2013,0,0,0,0,0,0,0,0,0,0,0,0,0,0,0,0,0,0,0
250143,Alfés,Lleida,2014,0,0,0,0,0,0,0,0,0,0,0,0,0,0,0,0,0,0,0
250143,Alfés,Lleida,2015,3,0,0,3,3,0,0,0,3,0,0,0,0,0,0,0,0,0,0
250143,Alfés,Lleida,2016,2,0,0,2,2,0,0,0,2,0,0,0,0,0,0,0,0,0,0
250143,Alfés,Lleida,2017,0,0,0,0,0,0,0,0,0,0,0,0,0,0,0,0,0,0,0
250143,Alfés,Lleida,2018,0,0,0,0,0,0,0,0,0,0,0,0,0,0,0,0,0,0,0
250143,Alfés,Lleida,2019,3,0,0,3,0,3,0,0,3,0,0,0,0,0,0,0,0,0,0
250143,Alfés,Lleida,2020,2,0,0,2,0,2,0,0,2,0,0,0,0,0,0,0,0,0,0
250143,Alfés,Lleida,2021,0,0,0,0,0,0,0,0,0,0,0,0,0,0,0,0,0,0,0
250156,Algerri,Lleida,2011,1,0,0,1,1,0,0,0,1,0,0,0,0,0,0,0,0,0,0
250156,Algerri,Lleida,2012,0,0,0,0,0,0,0,0,0,0,0,0,0,0,0,0,0,0,0
250156,Algerri,Lleida,2013,0,0,0,0,0,0,0,0,0,0,0,0,0,0,0,0,0,0,0
250156,Algerri,Lleida,2014,0,0,0,0,0,0,0,0,0,0,0,0,0,0,0,0,0,0,0
250156,Algerri,Lleida,2015,0,0,0,0,0,0,0,0,0,0,0,0,0,0,0,0,0,0,0
250156,Algerri,Lleida,2016,1,0,0,1,1,0,0,0,1,0,0,0,0,0,0,0,0,0,0
250156,Algerri,Lleida,2017,1,0,0,1,1,0,0,0,1,0,0,0,0,0,0,0,0,0,0
250156,Algerri,Lleida,2018,0,0,0,0,0,0,0,0,0,0,0,0,0,0,0,0,0,0,0
250156,Algerri,Lleida,2019,1,0,0,1,1,0,0,0,1,0,0,0,0,0,0,0,0,0,0
250156,Algerri,Lleida,2020,2,0,1,1,1,1,0,0,2,0,0,0,0,0,0,0,0,0,0
250156,Algerri,Lleida,2021,4,1,2,1,1,2,0,1,3,0,0,0,0,0,0,0,0,0,0
250156,Algerri,Lleida,2022,4,0,0,4,3,0,1,0,4,0,0,1,0,0,0,0,0,0,0
250156,Algerri,Lleida,2023,2,0,0,2,0,0,2,0,2,0,0,2,0,0,0,0,0,0,0
250169,Alguaire,Lleida,2011,60,28,24,8,7,1,52,0,60,6,0,7,38,1,0,0,0,0,0
250169,Alguaire,Lleida,2012,14,0,4,10,7,3,4,0,14,4,0,0,0,0,0,0,0,0,0
250169,Alguaire,Lleida,2013,8,4,1,3,3,0,5,0,8,0,0,0,4,1,0,0,0,0,0
250169,Alguaire,Lleida,2014,4,2,0,2,2,0,2,0,4,0,0,0,2,0,0,0,0,0,0
250169,Alguaire,Lleida,2015,1,0,1,0,0,0,1,0,1,1,0,0,0,0,0,0,0,0,0
250169,Alguaire,Lleida,2016,2,2,0,0,0,1,1,0,2,1,0,0,0,0,0,0,0,0,0
250169,Alguaire,Lleida,2017,2,1,0,1,0,0,2,0,2,0,0,0,0,2,0,0,0,0,0
250169,Alguaire,Lleida,2018,5,1,1,3,0,0,5,0,5,0,0,0,0,4,1,0,0,0,0
250169,Alguaire,Lleida,2019,9,4,1,4,2,0,7,0,9,0,0,0,4,2,1,0,0,0,0
250169,Alguaire,Lleida,2020,5,2,2,1,0,0,4,1,4,0,0,0,0,3,1,0,0,0,0
250169,Alguaire,Lleida,2021,9,6,3,0,0,0,6,3,6,1,0,0,0,4,1,0,0,0,0
250169,Alguaire,Lleida,2022,3,2,0,1,1,0,2,0,3,0,0,1,1,0,0,0,0,0,0
250169,Alguaire,Lleida,2023,5,1,3,1,1,0,4,0,5,2,0,0,0,2,0,0,0,0,0
250175,Alins,Lleida,2022,1,0,1,0,0,0,1,0,1,0,0,0,0,1,0,0,0,0,0
250175,Alins,Lleida,2023,3,0,3,0,0,0,3,0,3,0,0,0,0,3,0,0,0,0,0
250194,Almacelles,Lleida,2011,12,3,2,7,4,1,7,0,12,0,0,0,0,7,0,0,0,0,0
250194,Almacelles,Lleida,2012,16,3,7,6,3,0,13,0,16,2,0,2,0,9,0,0,0,0,0
250194,Almacelles,Lleida,2013,12,2,7,3,1,5,6,0,12,0,0,0,0,6,0,0,0,0,0
250194,Almacelles,Lleida,2014,13,0,6,7,4,3,6,0,13,1,0,0,0,5,0,0,0,0,0
250194,Almacelles,Lleida,2015,12,0,2,10,6,5,1,0,12,0,0,0,0,1,0,0,0,0,0
250194,Almacelles,Lleida,2016,6,0,0,6,3,3,0,0,6,0,0,0,0,0,0,0,0,0,0
250194,Almacelles,Lleida,2017,12,1,0,11,9,2,1,0,12,1,0,0,0,0,0,0,0,0,0
250194,Almacelles,Lleida,2018,41,31,1,9,10,0,31,0,41,0,0,13,16,2,0,0,0,0,0
250194,Almacelles,Lleida,2019,48,39,3,6,6,1,41,0,48,0,3,1,27,10,0,0,0,0,0
250194,Almacelles,Lleida,2020,29,26,1,2,2,3,23,1,28,0,1,4,17,1,0,0,0,0,0
250194,Almacelles,Lleida,2021,5,3,0,2,0,0,0,5,0,0,0,0,0,0,0,0,0,0,0
250194,Almacelles,Lleida,2022,39,30,5,4,1,1,31,6,33,1,0,6,10,11,3,0,0,0,0
250194,Almacelles,Lleida,2023,54,22,29,3,2,3,45,4,50,2,0,19,12,11,1,0,0,0,0
250208,Almatret,Lleida,2011,1,0,1,0,0,0,1,0,1,0,0,0,1,0,0,0,0,0,0
250208,Almatret,Lleida,2012,1,1,0,0,0,0,1,0,1,0,0,0,1,0,0,0,0,0,0
250208,Almatret,Lleida,2013,1,0,0,1,1,0,0,0,1,0,0,0,0,0,0,0,0,0,0
250208,Almatret,Lleida,2014,0,0,0,0,0,0,0,0,0,0,0,0,0,0,0,0,0,0,0
250208,Almatret,Lleida,2015,0,0,0,0,0,0,0,0,0,0,0,0,0,0,0,0,0,0,0
250208,Almatret,Lleida,2016,0,0,0,0,0,0,0,0,0,0,0,0,0,0,0,0,0,0,0
250208,Almatret,Lleida,2017,0,0,0,0,0,0,0,0,0,0,0,0,0,0,0,0,0,0,0
250208,Almatret,Lleida,2018,0,0,0,0,0,0,0,0,0,0,0,0,0,0,0,0,0,0,0
250208,Almatret,Lleida,2019,0,0,0,0,0,0,0,0,0,0,0,0,0,0,0,0,0,0,0
250208,Almatret,Lleida,2020,0,0,0,0,0,0,0,0,0,0,0,0,0,0,0,0,0,0,0
250208,Almatret,Lleida,2021,1,0,0,1,0,0,0,1,0,0,0,0,0,0,0,0,0,0,0
250215,Almenar,Lleida,2011,29,23,1,5,2,2,24,1,28,5,0,2,15,2,0,0,0,0,0
250215,Almenar,Lleida,2012,28,0,22,6,4,1,22,1,27,3,0,0,19,0,0,0,0,0,0
250215,Almenar,Lleida,2013,0,0,0,0,0,0,0,0,0,0,0,0,0,0,0,0,0,0,0
250215,Almenar,Lleida,2014,5,0,0,5,2,0,3,0,5,0,0,0,0,3,0,0,0,0,0
250215,Almenar,Lleida,2015,2,0,0,2,0,0,2,0,2,0,0,0,0,2,0,0,0,0,0
250215,Almenar,Lleida,2016,1,0,0,1,1,0,0,0,1,0,0,0,0,0,0,0,0,0,0
250215,Almenar,Lleida,2017,0,0,0,0,0,0,0,0,0,0,0,0,0,0,0,0,0,0,0
250215,Almenar,Lleida,2018,1,0,0,1,1,0,0,0,1,0,0,0,0,0,0,0,0,0,0
250215,Almenar,Lleida,2019,0,0,0,0,0,0,0,0,0,0,0,0,0,0,0,0,0,0,0
250215,Almenar,Lleida,2020,3,1,1,1,0,0,2,1,2,1,0,0,1,0,0,0,0,0,0
250215,Almenar,Lleida,2021,4,3,0,1,0,0,0,4,0,0,0,0,0,0,0,0,0,0,0
250215,Almenar,Lleida,2022,19,19,0,0,0,0,18,1,18,1,1,2,9,5,0,0,0,0,0
250215,Almenar,Lleida,2023,4,0,3,1,0,0,4,0,4,1,0,0,0,3,0,0,0,0,0
250220,Alòs de Balaguer,Lleida,2011,0,0,0,0,0,0,0,0,0,0,0,0,0,0,0,0,0,0,0
250220,Alòs de Balaguer,Lleida,2012,0,0,0,0,0,0,0,0,0,0,0,0,0,0,0,0,0,0,0
250220,Alòs de Balaguer,Lleida,2013,0,0,0,0,0,0,0,0,0,0,0,0,0,0,0,0,0,0,0
250220,Alòs de Balaguer,Lleida,2014,0,0,0,0,0,0,0,0,0,0,0,0,0,0,0,0,0,0,0
250220,Alòs de Balaguer,Lleida,2015,0,0,0,0,0,0,0,0,0,0,0,0,0,0,0,0,0,0,0
250220,Alòs de Balaguer,Lleida,2016,0,0,0,0,0,0,0,0,0,0,0,0,0,0,0,0,0,0,0
250220,Alòs de Balaguer,Lleida,2017,0,0,0,0,0,0,0,0,0,0,0,0,0,0,0,0,0,0,0
250220,Alòs de Balaguer,Lleida,2018,0,0,0,0,0,0,0,0,0,0,0,0,0,0,0,0,0,0,0
250220,Alòs de Balaguer,Lleida,2019,0,0,0,0,0,0,0,0,0,0,0,0,0,0,0,0,0,0,0
250220,Alòs de Balaguer,Lleida,2020,0,0,0,0,0,0,0,0,0,0,0,0,0,0,0,0,0,0,0
250220,Alòs de Balaguer,Lleida,2021,1,1,0,0,0,0,0,1,0,0,0,0,0,0,0,0,0,0,0
250236,Alpicat,Lleida,2011,28,4,2,22,14,8,5,1,27,0,0,0,0,4,1,0,0,0,0
250236,Alpicat,Lleida,2012,24,0,6,18,13,9,1,1,23,0,0,0,0,1,0,0,0,0,0
250236,Alpicat,Lleida,2013,20,1,7,12,12,6,1,1,19,0,0,0,1,0,0,0,0,0,0
250236,Alpicat,Lleida,2014,73,56,2,15,7,7,59,0,73,12,0,12,30,4,1,0,0,0,0
250236,Alpicat,Lleida,2015,11,2,0,9,2,4,5,0,11,3,0,0,1,1,0,0,0,0,0
250236,Alpicat,Lleida,2016,10,3,1,6,0,3,7,0,10,2,0,0,2,2,0,1,0,0,0
250236,Alpicat,Lleida,2017,10,3,1,6,2,2,6,0,10,0,0,0,0,5,0,1,0,0,0
250236,Alpicat,Lleida,2018,14,0,4,10,8,2,4,0,14,0,0,0,0,4,0,0,0,0,0
250236,Alpicat,Lleida,2019,21,2,8,11,7,4,10,0,21,1,0,0,1,8,0,0,0,0,0
250236,Alpicat,Lleida,2020,15,1,11,3,3,1,11,0,15,2,0,0,2,7,0,0,0,0,0
250236,Alpicat,Lleida,2021,11,5,4,2,2,0,9,0,11,3,0,0,4,2,0,0,0,0,0
250236,Alpicat,Lleida,2022,33,22,5,6,4,4,25,0,33,4,5,3,2,11,0,0,0,0,0
250236,Alpicat,Lleida,2023,45,7,25,13,4,5,36,0,45,5,6,2,1,22,0,0,0,0,0
250241,Alt Àneu,Lleida,2011,3,0,3,0,0,1,2,0,3,0,0,0,0,2,0,0,0,0,0
250241,Alt Àneu,Lleida,2012,1,0,1,0,0,1,0,0,1,0,0,0,0,0,0,0,0,0,0
250241,Alt Àneu,Lleida,2013,0,0,0,0,0,0,0,0,0,0,0,0,0,0,0,0,0,0,0
250241,Alt Àneu,Lleida,2014,0,0,0,0,0,0,0,0,0,0,0,0,0,0,0,0,0,0,0
250241,Alt Àneu,Lleida,2015,0,0,0,0,0,0,0,0,0,0,0,0,0,0,0,0,0,0,0
250241,Alt Àneu,Lleida,2016,0,0,0,0,0,0,0,0,0,0,0,0,0,0,0,0,0,0,0
250241,Alt Àneu,Lleida,2017,0,0,0,0,0,0,0,0,0,0,0,0,0,0,0,0,0,0,0
250241,Alt Àneu,Lleida,2018,0,0,0,0,0,0,0,0,0,0,0,0,0,0,0,0,0,0,0
250241,Alt Àneu,Lleida,2019,0,0,0,0,0,0,0,0,0,0,0,0,0,0,0,0,0,0,0
250241,Alt Àneu,Lleida,2020,0,0,0,0,0,0,0,0,0,0,0,0,0,0,0,0,0,0,0
250241,Alt Àneu,Lleida,2021,0,0,0,0,0,0,0,0,0,0,0,0,0,0,0,0,0,0,0
250241,Alt Àneu,Lleida,2022,1,0,0,1,0,0,1,0,1,0,0,0,0,1,0,0,0,0,0
250254,Naut Aran,Lleida,2011,0,0,0,0,0,0,0,0,0,0,0,0,0,0,0,0,0,0,0
250254,Naut Aran,Lleida,2012,0,0,0,0,0,0,0,0,0,0,0,0,0,0,0,0,0,0,0
250254,Naut Aran,Lleida,2013,0,0,0,0,0,0,0,0,0,0,0,0,0,0,0,0,0,0,0
250254,Naut Aran,Lleida,2014,0,0,0,0,0,0,0,0,0,0,0,0,0,0,0,0,0,0,0
250254,Naut Aran,Lleida,2015,2,0,0,2,2,0,0,0,2,0,0,0,0,0,0,0,0,0,0
250254,Naut Aran,Lleida,2016,3,0,0,3,3,0,0,0,3,0,0,0,0,0,0,0,0,0,0
250254,Naut Aran,Lleida,2017,1,0,0,1,1,0,0,0,1,0,0,0,0,0,0,0,0,0,0
250254,Naut Aran,Lleida,2018,0,0,0,0,0,0,0,0,0,0,0,0,0,0,0,0,0,0,0
250254,Naut Aran,Lleida,2019,0,0,0,0,0,0,0,0,0,0,0,0,0,0,0,0,0,0,0
250254,Naut Aran,Lleida,2020,0,0,0,0,0,0,0,0,0,0,0,0,0,0,0,0,0,0,0
250254,Naut Aran,Lleida,2021,0,0,0,0,0,0,0,0,0,0,0,0,0,0,0,0,0,0,0
250254,Naut Aran,Lleida,2022,2,0,0,2,2,0,0,0,2,0,0,0,0,0,0,0,0,0,0
250254,Naut Aran,Lleida,2023,1,0,0,1,1,0,0,0,1,0,0,0,0,0,0,0,0,0,0
250273,Anglesola,Lleida,2011,1,0,1,0,0,0,1,0,1,0,0,0,0,1,0,0,0,0,0
250273,Anglesola,Lleida,2012,0,0,0,0,0,0,0,0,0,0,0,0,0,0,0,0,0,0,0
250273,Anglesola,Lleida,2013,2,0,0,2,0,0,2,0,2,0,0,0,0,2,0,0,0,0,0
250273,Anglesola,Lleida,2014,0,0,0,0,0,0,0,0,0,0,0,0,0,0,0,0,0,0,0
250273,Anglesola,Lleida,2015,2,0,0,2,2,0,0,0,2,0,0,0,0,0,0,0,0,0,0
250273,Anglesola,Lleida,2016,3,1,0,2,0,0,3,0,3,0,2,0,1,0,0,0,0,0,0
250273,Anglesola,Lleida,2017,1,1,0,0,0,0,1,0,1,0,0,0,1,0,0,0,0,0,0
250273,Anglesola,Lleida,2018,1,1,0,0,0,0,1,0,1,0,0,1,0,0,0,0,0,0,0
250273,Anglesola,Lleida,2019,3,1,1,1,1,0,2,0,3,0,0,2,0,0,0,0,0,0,0
250273,Anglesola,Lleida,2020,1,0,0,1,1,0,0,0,1,0,0,0,0,0,0,0,0,0,0
250273,Anglesola,Lleida,2021,2,1,0,1,1,0,1,0,2,1,0,0,0,0,0,0,0,0,0
250273,Anglesola,Lleida,2022,1,1,0,0,0,0,1,0,1,0,1,0,0,0,0,0,0,0,0
250273,Anglesola,Lleida,2023,6,0,1,5,6,0,0,0,6,0,0,0,0,0,0,0,0,0,0
250292,Arbeca,Lleida,2011,1,0,0,1,1,0,0,0,1,0,0,0,0,0,0,0,0,0,0
250292,Arbeca,Lleida,2012,24,23,0,1,1,0,23,0,24,23,0,0,0,0,0,0,0,0,0
250292,Arbeca,Lleida,2013,1,0,0,1,1,0,0,0,1,0,0,0,0,0,0,0,0,0,0
250292,Arbeca,Lleida,2014,0,0,0,0,0,0,0,0,0,0,0,0,0,0,0,0,0,0,0
250292,Arbeca,Lleida,2015,0,0,0,0,0,0,0,0,0,0,0,0,0,0,0,0,0,0,0
250292,Arbeca,Lleida,2016,0,0,0,0,0,0,0,0,0,0,0,0,0,0,0,0,0,0,0
250292,Arbeca,Lleida,2017,2,2,0,0,0,0,2,0,2,0,0,0,0,2,0,0,0,0,0
250292,Arbeca,Lleida,2018,0,0,0,0,0,0,0,0,0,0,0,0,0,0,0,0,0,0,0
250292,Arbeca,Lleida,2019,3,2,0,1,1,0,2,0,3,0,0,1,1,0,0,0,0,0,0
250292,Arbeca,Lleida,2020,1,0,0,1,1,0,0,0,1,0,0,0,0,0,0,0,0,0,0
250292,Arbeca,Lleida,2021,9,6,2,1,0,0,2,7,2,0,0,0,2,0,0,0,0,0,0
250292,Arbeca,Lleida,2022,2,2,0,0,0,0,2,0,2,0,0,0,2,0,0,0,0,0,0
250292,Arbeca,Lleida,2023,22,18,2,2,3,0,18,1,21,0,0,1,4,13,0,0,0,0,0
250306,El Pont de Bar,Lleida,2023,4,2,1,1,1,0,3,0,4,0,1,0,0,2,0,0,0,0,0
250328,Arsèguel,Lleida,2011,0,0,0,0,0,0,0,0,0,0,0,0,0,0,0,0,0,0,0
250328,Arsèguel,Lleida,2012,0,0,0,0,0,0,0,0,0,0,0,0,0,0,0,0,0,0,0
250328,Arsèguel,Lleida,2013,0,0,0,0,0,0,0,0,0,0,0,0,0,0,0,0,0,0,0
250328,Arsèguel,Lleida,2014,0,0,0,0,0,0,0,0,0,0,0,0,0,0,0,0,0,0,0
250328,Arsèguel,Lleida,2015,0,0,0,0,0,0,0,0,0,0,0,0,0,0,0,0,0,0,0
250328,Arsèguel,Lleida,2016,0,0,0,0,0,0,0,0,0,0,0,0,0,0,0,0,0,0,0
250328,Arsèguel,Lleida,2017,1,0,0,1,0,1,0,0,1,0,0,0,0,0,0,0,0,0,0
250328,Arsèguel,Lleida,2018,2,0,0,2,0,2,0,0,2,0,0,0,0,0,0,0,0,0,0
250328,Arsèguel,Lleida,2019,1,0,0,1,1,0,0,0,1,0,0,0,0,0,0,0,0,0,0
250328,Arsèguel,Lleida,2020,0,0,0,0,0,0,0,0,0,0,0,0,0,0,0,0,0,0,0
250328,Arsèguel,Lleida,2021,1,0,0,1,0,1,0,0,1,0,0,0,0,0,0,0,0,0,0
250334,Artesa de Lleida,Lleida,2011,9,1,2,6,5,0,4,0,9,4,0,0,0,0,0,0,0,0,0
250334,Artesa de Lleida,Lleida,2012,6,1,2,3,0,0,6,0,6,4,0,0,0,2,0,0,0,0,0
250334,Artesa de Lleida,Lleida,2013,3,0,0,3,1,0,2,0,3,2,0,0,0,0,0,0,0,0,0
250334,Artesa de Lleida,Lleida,2014,2,1,1,0,0,0,2,0,2,0,0,0,0,2,0,0,0,0,0
250334,Artesa de Lleida,Lleida,2015,3,1,1,1,1,0,2,0,3,0,0,0,0,2,0,0,0,0,0
250334,Artesa de Lleida,Lleida,2016,11,0,4,7,6,1,4,0,11,0,0,0,0,4,0,0,0,0,0
250334,Artesa de Lleida,Lleida,2017,17,2,5,10,7,1,9,0,17,6,0,0,0,3,0,0,0,0,0
250334,Artesa de Lleida,Lleida,2018,9,1,0,8,6,0,3,0,9,0,1,0,0,2,0,0,0,0,0
250334,Artesa de Lleida,Lleida,2019,5,2,1,2,2,0,3,0,5,0,0,0,0,3,0,0,0,0,0
250334,Artesa de Lleida,Lleida,2020,1,1,0,0,0,0,1,0,1,0,0,0,0,1,0,0,0,0,0
250334,Artesa de Lleida,Lleida,2021,1,1,0,0,0,0,1,0,1,0,0,1,0,0,0,0,0,0,0
250334,Artesa de Lleida,Lleida,2022,1,1,0,0,0,0,1,0,1,1,0,0,0,0,0,0,0,0,0
250334,Artesa de Lleida,Lleida,2023,12,1,5,6,0,4,8,0,12,3,0,1,0,4,0,0,0,0,0
250349,Artesa de Segre,Lleida,2011,27,1,25,1,2,1,24,0,27,5,5,0,5,9,0,0,0,0,0
250349,Artesa de Segre,Lleida,2012,23,22,0,1,1,1,21,0,23,2,8,0,4,7,0,0,0,0,0
250349,Artesa de Segre,Lleida,2013,0,0,0,0,0,0,0,0,0,0,0,0,0,0,0,0,0,0,0
250349,Artesa de Segre,Lleida,2014,1,0,0,1,0,0,0,1,0,0,0,0,0,0,0,0,0,0,0
250349,Artesa de Segre,Lleida,2015,1,0,0,1,0,0,1,0,1,0,1,0,0,0,0,0,0,0,0
250349,Artesa de Segre,Lleida,2016,6,1,2,3,1,0,5,0,6,0,2,0,2,1,0,0,0,0,0
250349,Artesa de Segre,Lleida,2017,3,1,0,2,0,0,3,0,3,1,2,0,0,0,0,0,0,0,0
250349,Artesa de Segre,Lleida,2018,2,1,1,0,0,0,2,0,2,0,2,0,0,0,0,0,0,0,0
250349,Artesa de Segre,Lleida,2019,1,0,1,0,0,0,1,0,1,0,1,0,0,0,0,0,0,0,0
250349,Artesa de Segre,Lleida,2020,1,0,0,1,0,0,1,0,1,0,1,0,0,0,0,0,0,0,0
250349,Artesa de Segre,Lleida,2021,2,0,0,2,0,0,2,0,2,0,2,0,0,0,0,0,0,0,0
250349,Artesa de Segre,Lleida,2022,10,9,1,0,0,0,10,0,10,0,1,2,0,7,0,0,0,0,0
250349,Artesa de Segre,Lleida,2023,9,0,5,4,3,0,6,0,9,1,4,0,0,1,0,0,0,0,0
250352,La Sentiu de Sió,Lleida,2011,2,0,1,1,1,0,1,0,2,0,0,1,0,0,0,0,0,0,0
250352,La Sentiu de Sió,Lleida,2012,2,2,0,0,0,0,2,0,2,0,0,1,0,1,0,0,0,0,0
250352,La Sentiu de Sió,Lleida,2013,0,0,0,0,0,0,0,0,0,0,0,0,0,0,0,0,0,0,0
250352,La Sentiu de Sió,Lleida,2014,0,0,0,0,0,0,0,0,0,0,0,0,0,0,0,0,0,0,0
250352,La Sentiu de Sió,Lleida,2015,0,0,0,0,0,0,0,0,0,0,0,0,0,0,0,0,0,0,0
250352,La Sentiu de Sió,Lleida,2016,2,0,1,1,0,1,1,0,2,1,0,0,0,0,0,0,0,0,0
250352,La Sentiu de Sió,Lleida,2017,1,0,1,0,0,0,1,0,1,1,0,0,0,0,0,0,0,0,0
250352,La Sentiu de Sió,Lleida,2018,1,1,0,0,0,1,0,0,1,0,0,0,0,0,0,0,0,0,0
250352,La Sentiu de Sió,Lleida,2019,1,1,0,0,0,0,1,0,1,0,0,0,0,1,0,0,0,0,0
250352,La Sentiu de Sió,Lleida,2020,3,1,1,1,1,0,1,1,2,0,0,0,0,1,0,0,0,0,0
250352,La Sentiu de Sió,Lleida,2021,2,0,0,2,0,0,0,2,0,0,0,0,0,0,0,0,0,0,0
250352,La Sentiu de Sió,Lleida,2023,3,1,1,1,1,0,2,0,3,0,0,0,0,2,0,0,0,0,0
250365,Aspa,Lleida,2022,1,0,0,1,1,0,0,0,1,0,0,0,0,0,0,0,0,0,0
250365,Aspa,Lleida,2023,1,0,0,1,1,0,0,0,1,0,0,0,0,0,0,0,0,0,0
250371,Les Avellanes i Santa Linya,Lleida,2011,0,0,0,0,0,0,0,0,0,0,0,0,0,0,0,0,0,0,0
250371,Les Avellanes i Santa Linya,Lleida,2012,0,0,0,0,0,0,0,0,0,0,0,0,0,0,0,0,0,0,0
250371,Les Avellanes i Santa Linya,Lleida,2013,0,0,0,0,0,0,0,0,0,0,0,0,0,0,0,0,0,0,0
250371,Les Avellanes i Santa Linya,Lleida,2014,0,0,0,0,0,0,0,0,0,0,0,0,0,0,0,0,0,0,0
250371,Les Avellanes i Santa Linya,Lleida,2015,1,0,0,1,1,0,0,0,1,0,0,0,0,0,0,0,0,0,0
250371,Les Avellanes i Santa Linya,Lleida,2016,0,0,0,0,0,0,0,0,0,0,0,0,0,0,0,0,0,0,0
250371,Les Avellanes i Santa Linya,Lleida,2017,0,0,0,0,0,0,0,0,0,0,0,0,0,0,0,0,0,0,0
250371,Les Avellanes i Santa Linya,Lleida,2018,1,0,0,1,1,0,0,0,1,0,0,0,0,0,0,0,0,0,0
250371,Les Avellanes i Santa Linya,Lleida,2019,0,0,0,0,0,0,0,0,0,0,0,0,0,0,0,0,0,0,0
250371,Les Avellanes i Santa Linya,Lleida,2020,0,0,0,0,0,0,0,0,0,0,0,0,0,0,0,0,0,0,0
250371,Les Avellanes i Santa Linya,Lleida,2021,0,0,0,0,0,0,0,0,0,0,0,0,0,0,0,0,0,0,0
250371,Les Avellanes i Santa Linya,Lleida,2023,3,0,0,3,2,0,1,0,3,1,0,0,0,0,0,0,0,0,0
250387,Aitona,Lleida,2011,79,69,0,10,5,2,72,0,79,9,0,61,1,0,1,0,0,0,0
250387,Aitona,Lleida,2012,85,78,0,7,5,0,80,0,85,3,0,76,0,1,0,0,0,0,0
250387,Aitona,Lleida,2013,30,26,2,2,2,0,28,0,30,3,0,25,0,0,0,0,0,0,0
250387,Aitona,Lleida,2014,4,2,0,2,2,0,2,0,4,1,0,1,0,0,0,0,0,0,0
250387,Aitona,Lleida,2015,56,55,1,0,0,0,56,0,56,3,0,52,1,0,0,0,0,0,0
250387,Aitona,Lleida,2016,1,1,0,0,0,0,1,0,1,0,0,1,0,0,0,0,0,0,0
250387,Aitona,Lleida,2017,19,17,1,1,0,0,19,0,19,2,0,17,0,0,0,0,0,0,0
250387,Aitona,Lleida,2018,13,9,1,3,3,0,10,0,13,0,0,10,0,0,0,0,0,0,0
250387,Aitona,Lleida,2019,28,24,2,2,2,0,26,0,28,2,0,23,0,0,1,0,0,0,0
250387,Aitona,Lleida,2020,4,0,3,1,0,0,3,1,3,0,0,2,0,0,1,0,0,0,0
250387,Aitona,Lleida,2021,4,1,3,0,0,0,4,0,4,0,0,2,0,0,2,0,0,0,0
250387,Aitona,Lleida,2022,23,19,2,2,0,0,23,0,23,6,1,14,0,1,1,0,0,0,0
250387,Aitona,Lleida,2023,16,1,12,3,0,0,16,0,16,2,0,10,0,1,3,0,0,0,0
250390,Baix Pallars,Lleida,2011,2,0,0,2,0,0,2,0,2,2,0,0,0,0,0,0,0,0,0
250390,Baix Pallars,Lleida,2012,0,0,0,0,0,0,0,0,0,0,0,0,0,0,0,0,0,0,0
250390,Baix Pallars,Lleida,2013,1,0,0,1,0,0,1,0,1,1,0,0,0,0,0,0,0,0,0
250390,Baix Pallars,Lleida,2014,0,0,0,0,0,0,0,0,0,0,0,0,0,0,0,0,0,0,0
250390,Baix Pallars,Lleida,2015,2,0,0,2,1,0,1,0,2,1,0,0,0,0,0,0,0,0,0
250390,Baix Pallars,Lleida,2016,3,0,0,3,0,1,2,0,3,2,0,0,0,0,0,0,0,0,0
250390,Baix Pallars,Lleida,2017,3,1,0,2,0,0,3,0,3,3,0,0,0,0,0,0,0,0,0
250390,Baix Pallars,Lleida,2018,3,0,1,2,0,0,3,0,3,2,0,1,0,0,0,0,0,0,0
250390,Baix Pallars,Lleida,2019,0,0,0,0,0,0,0,0,0,0,0,0,0,0,0,0,0,0,0
250390,Baix Pallars,Lleida,2020,1,1,0,0,0,0,1,0,1,0,0,0,0,1,0,0,0,0,0
250390,Baix Pallars,Lleida,2021,0,0,0,0,0,0,0,0,0,0,0,0,0,0,0,0,0,0,0
250390,Baix Pallars,Lleida,2022,4,0,0,4,0,0,4,0,4,4,0,0,0,0,0,0,0,0,0
250390,Baix Pallars,Lleida,2023,3,1,0,2,0,0,3,0,3,2,0,0,0,1,0,0,0,0,0
250404,Balaguer,Lleida,2011,142,69,50,23,17,13,110,2,140,16,1,29,53,9,1,1,0,0,0
250404,Balaguer,Lleida,2012,92,33,51,8,6,11,75,0,92,10,2,12,41,10,0,0,0,0,0
250404,Balaguer,Lleida,2013,46,35,2,9,6,4,36,0,46,12,1,12,6,4,1,0,0,0,0
250404,Balaguer,Lleida,2014,41,13,17,11,8,3,30,0,41,19,2,1,2,6,0,0,0,0,0
250404,Balaguer,Lleida,2015,31,15,0,16,11,0,20,0,31,12,0,2,3,3,0,0,0,0,0
250404,Balaguer,Lleida,2016,38,11,4,23,18,2,18,0,38,12,2,1,0,3,0,0,0,0,0
250404,Balaguer,Lleida,2017,83,35,21,27,23,1,59,0,83,16,2,20,12,9,0,0,0,0,0
250404,Balaguer,Lleida,2018,42,21,0,21,18,1,23,0,42,6,0,4,9,4,0,0,0,0,0
250404,Balaguer,Lleida,2019,99,36,38,25,22,2,75,0,99,21,1,11,17,21,4,0,0,0,0
250404,Balaguer,Lleida,2020,74,19,30,25,27,4,39,4,70,8,3,8,3,13,1,3,0,0,0
250404,Balaguer,Lleida,2021,40,19,6,15,9,3,15,13,27,3,2,0,0,8,0,2,0,0,0
250404,Balaguer,Lleida,2022,184,133,30,21,11,6,163,4,180,8,13,33,63,43,3,0,0,0,0
250404,Balaguer,Lleida,2023,339,253,56,30,25,5,308,1,338,31,13,88,52,118,6,0,0,0,0
250411,Barbens,Lleida,2011,19,17,0,2,2,0,17,0,19,0,1,5,10,1,0,0,0,0,0
250411,Barbens,Lleida,2012,1,0,0,1,1,0,0,0,1,0,0,0,0,0,0,0,0,0,0
250411,Barbens,Lleida,2013,4,0,1,3,3,0,1,0,4,1,0,0,0,0,0,0,0,0,0
250411,Barbens,Lleida,2014,0,0,0,0,0,0,0,0,0,0,0,0,0,0,0,0,0,0,0
250411,Barbens,Lleida,2015,0,0,0,0,0,0,0,0,0,0,0,0,0,0,0,0,0,0,0
250411,Barbens,Lleida,2016,3,2,0,1,1,0,2,0,3,0,0,0,2,0,0,0,0,0,0
250411,Barbens,Lleida,2017,4,3,0,1,1,0,3,0,4,0,0,1,1,1,0,0,0,0,0
250411,Barbens,Lleida,2018,1,0,0,1,1,0,0,0,1,0,0,0,0,0,0,0,0,0,0
250411,Barbens,Lleida,2019,1,0,0,1,1,0,0,0,1,0,0,0,0,0,0,0,0,0,0
250411,Barbens,Lleida,2020,1,1,0,0,0,0,0,1,0,0,0,0,0,0,0,0,0,0,0
250411,Barbens,Lleida,2021,0,0,0,0,0,0,0,0,0,0,0,0,0,0,0,0,0,0,0
250411,Barbens,Lleida,2022,1,0,0,1,0,0,1,0,1,1,0,0,0,0,0,0,0,0,0
250411,Barbens,Lleida,2023,17,16,0,1,1,0,16,0,17,2,0,6,7,1,0,0,0,0,0
250432,La Vall de Boí,Lleida,2011,3,0,0,3,3,0,0,0,3,0,0,0,0,0,0,0,0,0,0
250432,La Vall de Boí,Lleida,2012,1,0,1,0,0,0,1,0,1,1,0,0,0,0,0,0,0,0,0
250432,La Vall de Boí,Lleida,2013,0,0,0,0,0,0,0,0,0,0,0,0,0,0,0,0,0,0,0
250432,La Vall de Boí,Lleida,2014,0,0,0,0,0,0,0,0,0,0,0,0,0,0,0,0,0,0,0
250432,La Vall de Boí,Lleida,2015,0,0,0,0,0,0,0,0,0,0,0,0,0,0,0,0,0,0,0
250432,La Vall de Boí,Lleida,2016,3,3,0,0,0,1,2,0,3,0,0,0,0,2,0,0,0,0,0
250432,La Vall de Boí,Lleida,2017,7,3,4,0,0,3,4,0,7,0,1,0,0,3,0,0,0,0,0
250432,La Vall de Boí,Lleida,2018,7,0,7,0,0,3,4,0,7,0,3,0,0,1,0,0,0,0,0
250432,La Vall de Boí,Lleida,2019,1,0,0,1,0,0,1,0,1,0,0,0,0,1,0,0,0,0,0
250432,La Vall de Boí,Lleida,2020,0,0,0,0,0,0,0,0,0,0,0,0,0,0,0,0,0,0,0
250432,La Vall de Boí,Lleida,2021,0,0,0,0,0,0,0,0,0,0,0,0,0,0,0,0,0,0,0
250432,La Vall de Boí,Lleida,2022,2,0,1,1,1,1,0,0,2,0,0,0,0,0,0,0,0,0,0
250432,La Vall de Boí,Lleida,2023,2,0,1,1,0,2,0,0,2,0,0,0,0,0,0,0,0,0,0
250463,Belianes,Lleida,2011,1,0,0,1,1,0,0,0,1,0,0,0,0,0,0,0,0,0,0
250463,Belianes,Lleida,2012,2,0,0,2,2,0,0,0,2,0,0,0,0,0,0,0,0,0,0
250463,Belianes,Lleida,2013,4,0,0,4,4,0,0,0,4,0,0,0,0,0,0,0,0,0,0
250463,Belianes,Lleida,2014,4,0,0,4,4,0,0,0,4,0,0,0,0,0,0,0,0,0,0
250463,Belianes,Lleida,2015,2,0,0,2,2,0,0,0,2,0,0,0,0,0,0,0,0,0,0
250463,Belianes,Lleida,2016,1,0,0,1,1,0,0,0,1,0,0,0,0,0,0,0,0,0,0
250463,Belianes,Lleida,2017,0,0,0,0,0,0,0,0,0,0,0,0,0,0,0,0,0,0,0
250463,Belianes,Lleida,2018,0,0,0,0,0,0,0,0,0,0,0,0,0,0,0,0,0,0,0
250463,Belianes,Lleida,2019,0,0,0,0,0,0,0,0,0,0,0,0,0,0,0,0,0,0,0
250463,Belianes,Lleida,2020,1,0,0,1,0,1,0,0,1,0,0,0,0,0,0,0,0,0,0
250463,Belianes,Lleida,2021,1,0,0,1,0,1,0,0,1,0,0,0,0,0,0,0,0,0,0
250463,Belianes,Lleida,2022,2,0,0,2,2,0,0,0,2,0,0,0,0,0,0,0,0,0,0
250463,Belianes,Lleida,2023,4,2,1,1,1,0,3,0,4,2,0,1,0,0,0,0,0,0,0
250479,Bellcaire d'Urgell,Lleida,2011,52,30,22,0,0,1,51,0,52,2,0,6,42,1,0,0,0,0,0
250479,Bellcaire d'Urgell,Lleida,2012,1,0,1,0,0,0,1,0,1,0,0,0,0,1,0,0,0,0,0
250479,Bellcaire d'Urgell,Lleida,2013,0,0,0,0,0,0,0,0,0,0,0,0,0,0,0,0,0,0,0
250479,Bellcaire d'Urgell,Lleida,2014,0,0,0,0,0,0,0,0,0,0,0,0,0,0,0,0,0,0,0
250479,Bellcaire d'Urgell,Lleida,2015,0,0,0,0,0,0,0,0,0,0,0,0,0,0,0,0,0,0,0
250479,Bellcaire d'Urgell,Lleida,2016,1,1,0,0,0,0,1,0,1,0,0,1,0,0,0,0,0,0,0
250479,Bellcaire d'Urgell,Lleida,2017,1,1,0,0,0,0,1,0,1,0,0,1,0,0,0,0,0,0,0
250479,Bellcaire d'Urgell,Lleida,2018,1,1,0,0,0,0,1,0,1,0,0,0,1,0,0,0,0,0,0
250479,Bellcaire d'Urgell,Lleida,2019,3,3,0,0,0,0,3,0,3,0,0,1,1,1,0,0,0,0,0
250479,Bellcaire d'Urgell,Lleida,2020,0,0,0,0,0,0,0,0,0,0,0,0,0,0,0,0,0,0,0
250479,Bellcaire d'Urgell,Lleida,2021,0,0,0,0,0,0,0,0,0,0,0,0,0,0,0,0,0,0,0
250479,Bellcaire d'Urgell,Lleida,2022,3,1,2,0,0,0,3,0,3,0,0,0,0,3,0,0,0,0,0
250479,Bellcaire d'Urgell,Lleida,2023,3,0,1,2,2,0,1,0,3,0,0,0,0,1,0,0,0,0,0
250485,Bell-lloc d'Urgell,Lleida,2011,5,2,1,2,2,1,2,0,5,2,0,0,0,0,0,0,0,0,0
250485,Bell-lloc d'Urgell,Lleida,2012,3,0,3,0,0,1,2,0,3,0,0,0,0,2,0,0,0,0,0
250485,Bell-lloc d'Urgell,Lleida,2013,8,3,5,0,0,1,7,0,8,0,0,3,3,1,0,0,0,0,0
250485,Bell-lloc d'Urgell,Lleida,2014,1,0,0,1,1,0,0,0,1,0,0,0,0,0,0,0,0,0,0
250485,Bell-lloc d'Urgell,Lleida,2015,2,1,1,0,0,0,2,0,2,0,0,0,0,2,0,0,0,0,0
250485,Bell-lloc d'Urgell,Lleida,2016,3,0,2,1,0,0,3,0,3,0,0,0,0,3,0,0,0,0,0
250485,Bell-lloc d'Urgell,Lleida,2017,3,0,0,3,2,0,1,0,3,0,0,0,0,1,0,0,0,0,0
250485,Bell-lloc d'Urgell,Lleida,2018,4,1,1,2,0,2,2,0,4,0,0,0,0,2,0,0,0,0,0
250485,Bell-lloc d'Urgell,Lleida,2019,3,1,0,2,2,0,1,0,3,0,0,1,0,0,0,0,0,0,0
250485,Bell-lloc d'Urgell,Lleida,2020,0,0,0,0,0,0,0,0,0,0,0,0,0,0,0,0,0,0,0
250485,Bell-lloc d'Urgell,Lleida,2021,2,0,0,2,1,0,0,1,1,0,0,0,0,0,0,0,0,0,0
250485,Bell-lloc d'Urgell,Lleida,2022,2,0,0,2,0,0,0,2,0,0,0,0,0,0,0,0,0,0,0
250485,Bell-lloc d'Urgell,Lleida,2023,18,18,0,0,0,0,18,0,18,2,0,10,3,1,2,0,0,0,0
250501,Bellpuig,Lleida,2011,22,21,0,1,2,0,20,0,22,4,0,0,1,1,14,0,0,0,0
250501,Bellpuig,Lleida,2012,19,2,17,0,1,0,18,0,19,3,0,2,0,2,11,0,0,0,0
250501,Bellpuig,Lleida,2013,5,2,1,2,1,1,3,0,5,1,0,1,0,1,0,0,0,0,0
250501,Bellpuig,Lleida,2014,3,0,0,3,2,1,0,0,3,0,0,0,0,0,0,0,0,0,0
250501,Bellpuig,Lleida,2015,8,0,1,7,4,3,1,0,8,0,0,0,0,1,0,0,0,0,0
250501,Bellpuig,Lleida,2016,4,1,0,3,2,1,1,0,4,1,0,0,0,0,0,0,0,0,0
250501,Bellpuig,Lleida,2017,7,2,1,4,4,0,3,0,7,0,0,0,1,2,0,0,0,0,0
250501,Bellpuig,Lleida,2018,8,0,4,4,4,0,4,0,8,0,0,0,0,4,0,0,0,0,0
250501,Bellpuig,Lleida,2019,2,0,0,2,1,1,0,0,2,0,0,0,0,0,0,0,0,0,0
250501,Bellpuig,Lleida,2020,4,0,2,2,0,2,2,0,4,0,0,0,0,2,0,0,0,0,0
250501,Bellpuig,Lleida,2021,7,3,3,1,0,0,2,5,2,0,0,0,0,2,0,0,0,0,0
250501,Bellpuig,Lleida,2022,12,5,3,4,2,1,1,8,4,0,0,0,0,1,0,0,0,0,0
250501,Bellpuig,Lleida,2023,18,10,0,8,6,0,9,3,15,0,0,2,1,3,3,0,0,0,0
250518,Bellver de Cerdanya,Lleida,2011,39,19,15,5,2,1,36,0,39,8,0,0,12,12,4,0,0,0,0
250518,Bellver de Cerdanya,Lleida,2012,1,1,0,0,0,1,0,0,1,0,0,0,0,0,0,0,0,0,0
250518,Bellver de Cerdanya,Lleida,2013,2,0,1,1,0,0,2,0,2,0,0,0,0,2,0,0,0,0,0
250518,Bellver de Cerdanya,Lleida,2014,2,0,0,2,2,0,0,0,2,0,0,0,0,0,0,0,0,0,0
250518,Bellver de Cerdanya,Lleida,2015,2,1,0,1,1,0,1,0,2,0,0,0,0,1,0,0,0,0,0
250518,Bellver de Cerdanya,Lleida,2016,3,1,1,1,0,0,3,0,3,1,0,0,0,2,0,0,0,0,0
250518,Bellver de Cerdanya,Lleida,2017,4,1,1,2,0,2,2,0,4,1,0,0,0,0,1,0,0,0,0
250518,Bellver de Cerdanya,Lleida,2018,4,2,2,0,0,0,4,0,4,0,0,0,0,4,0,0,0,0,0
250518,Bellver de Cerdanya,Lleida,2019,4,0,4,0,0,0,4,0,4,0,0,0,0,4,0,0,0,0,0
250518,Bellver de Cerdanya,Lleida,2020,4,3,1,0,0,0,4,0,4,0,0,0,0,4,0,0,0,0,0
250518,Bellver de Cerdanya,Lleida,2021,19,8,11,0,0,0,18,1,18,0,0,0,1,16,0,1,0,0,0
250518,Bellver de Cerdanya,Lleida,2022,6,4,2,0,0,0,6,0,6,0,0,0,1,5,0,0,0,0,0
250518,Bellver de Cerdanya,Lleida,2023,14,6,4,4,4,0,9,1,13,0,0,0,3,5,1,0,0,0,0
250523,Bellvís,Lleida,2011,14,13,1,0,0,0,14,0,14,2,2,3,5,2,0,0,0,0,0
250523,Bellvís,Lleida,2012,2,1,0,1,1,0,1,0,2,1,0,0,0,0,0,0,0,0,0
250523,Bellvís,Lleida,2013,2,1,0,1,1,0,1,0,2,0,0,0,0,0,1,0,0,0,0
250523,Bellvís,Lleida,2014,2,2,0,0,0,0,2,0,2,0,0,2,0,0,0,0,0,0,0
250523,Bellvís,Lleida,2015,0,0,0,0,0,0,0,0,0,0,0,0,0,0,0,0,0,0,0
250523,Bellvís,Lleida,2016,1,0,0,1,1,0,0,0,1,0,0,0,0,0,0,0,0,0,0
250523,Bellvís,Lleida,2017,3,1,0,2,2,0,1,0,3,0,0,1,0,0,0,0,0,0,0
250523,Bellvís,Lleida,2018,1,0,0,1,1,0,0,0,1,0,0,0,0,0,0,0,0,0,0
250523,Bellvís,Lleida,2019,2,2,0,0,0,0,2,0,2,0,1,0,0,0,1,0,0,0,0
250523,Bellvís,Lleida,2020,1,0,0,1,1,0,0,0,1,0,0,0,0,0,0,0,0,0,0
250523,Bellvís,Lleida,2021,3,1,1,1,1,0,0,2,1,0,0,0,0,0,0,0,0,0,0
250523,Bellvís,Lleida,2022,2,1,0,1,1,1,0,0,2,0,0,0,0,0,0,0,0,0,0
250523,Bellvís,Lleida,2023,1,1,0,0,0,0,1,0,1,0,1,0,0,0,0,0,0,0,0
250539,Benavent de Segrià,Lleida,2011,6,0,0,6,5,0,0,1,5,0,0,0,0,0,0,0,0,0,0
250539,Benavent de Segrià,Lleida,2012,3,0,0,3,3,0,0,0,3,0,0,0,0,0,0,0,0,0,0
250539,Benavent de Segrià,Lleida,2013,4,1,0,3,3,0,1,0,4,0,0,0,1,0,0,0,0,0,0
250539,Benavent de Segrià,Lleida,2014,0,0,0,0,0,0,0,0,0,0,0,0,0,0,0,0,0,0,0
250539,Benavent de Segrià,Lleida,2015,2,0,1,1,1,0,1,0,2,0,0,0,0,1,0,0,0,0,0
250539,Benavent de Segrià,Lleida,2016,3,0,0,3,2,0,1,0,3,0,0,0,0,1,0,0,0,0,0
250539,Benavent de Segrià,Lleida,2017,1,0,1,0,0,1,0,0,1,0,0,0,0,0,0,0,0,0,0
250539,Benavent de Segrià,Lleida,2018,5,1,2,2,1,4,0,0,5,0,0,0,0,0,0,0,0,0,0
250539,Benavent de Segrià,Lleida,2019,1,0,0,1,1,0,0,0,1,0,0,0,0,0,0,0,0,0,0
250539,Benavent de Segrià,Lleida,2020,2,2,0,0,0,0,0,2,0,0,0,0,0,0,0,0,0,0,0
250539,Benavent de Segrià,Lleida,2021,6,0,0,6,0,0,0,6,0,0,0,0,0,0,0,0,0,0,0
250539,Benavent de Segrià,Lleida,2022,2,0,0,2,0,0,0,2,0,0,0,0,0,0,0,0,0,0,0
250539,Benavent de Segrià,Lleida,2023,2,1,0,1,1,0,1,0,2,0,0,0,0,1,0,0,0,0,0
250557,Biosca,Lleida,2011,1,0,0,1,1,0,0,0,1,0,0,0,0,0,0,0,0,0,0
250557,Biosca,Lleida,2012,2,0,0,2,2,0,0,0,2,0,0,0,0,0,0,0,0,0,0
250557,Biosca,Lleida,2013,0,0,0,0,0,0,0,0,0,0,0,0,0,0,0,0,0,0,0
250557,Biosca,Lleida,2014,0,0,0,0,0,0,0,0,0,0,0,0,0,0,0,0,0,0,0
250557,Biosca,Lleida,2015,1,0,1,0,0,0,1,0,1,0,0,0,0,1,0,0,0,0,0
250557,Biosca,Lleida,2016,0,0,0,0,0,0,0,0,0,0,0,0,0,0,0,0,0,0,0
250557,Biosca,Lleida,2017,0,0,0,0,0,0,0,0,0,0,0,0,0,0,0,0,0,0,0
250557,Biosca,Lleida,2018,0,0,0,0,0,0,0,0,0,0,0,0,0,0,0,0,0,0,0
250557,Biosca,Lleida,2019,0,0,0,0,0,0,0,0,0,0,0,0,0,0,0,0,0,0,0
250557,Biosca,Lleida,2020,0,0,0,0,0,0,0,0,0,0,0,0,0,0,0,0,0,0,0
250557,Biosca,Lleida,2021,0,0,0,0,0,0,0,0,0,0,0,0,0,0,0,0,0,0,0
250560,Bovera,Lleida,2011,0,0,0,0,0,0,0,0,0,0,0,0,0,0,0,0,0,0,0
250560,Bovera,Lleida,2012,0,0,0,0,0,0,0,0,0,0,0,0,0,0,0,0,0,0,0
250560,Bovera,Lleida,2013,0,0,0,0,0,0,0,0,0,0,0,0,0,0,0,0,0,0,0
250560,Bovera,Lleida,2014,0,0,0,0,0,0,0,0,0,0,0,0,0,0,0,0,0,0,0
250560,Bovera,Lleida,2015,0,0,0,0,0,0,0,0,0,0,0,0,0,0,0,0,0,0,0
250560,Bovera,Lleida,2016,0,0,0,0,0,0,0,0,0,0,0,0,0,0,0,0,0,0,0
250560,Bovera,Lleida,2017,0,0,0,0,0,0,0,0,0,0,0,0,0,0,0,0,0,0,0
250560,Bovera,Lleida,2018,0,0,0,0,0,0,0,0,0,0,0,0,0,0,0,0,0,0,0
250560,Bovera,Lleida,2019,0,0,0,0,0,0,0,0,0,0,0,0,0,0,0,0,0,0,0
250560,Bovera,Lleida,2020,0,0,0,0,0,0,0,0,0,0,0,0,0,0,0,0,0,0,0
250560,Bovera,Lleida,2021,1,1,0,0,0,0,0,1,0,0,0,0,0,0,0,0,0,0,0
250560,Bovera,Lleida,2022,3,3,0,0,0,0,0,3,0,0,0,0,0,0,0,0,0,0,0
250560,Bovera,Lleida,2023,6,6,0,0,0,0,6,0,6,0,0,2,4,0,0,0,0,0,0
250576,Es Bòrdes,Lleida,2011,0,0,0,0,0,0,0,0,0,0,0,0,0,0,0,0,0,0,0
250576,Es Bòrdes,Lleida,2012,0,0,0,0,0,0,0,0,0,0,0,0,0,0,0,0,0,0,0
250576,Es Bòrdes,Lleida,2013,0,0,0,0,0,0,0,0,0,0,0,0,0,0,0,0,0,0,0
250576,Es Bòrdes,Lleida,2014,0,0,0,0,0,0,0,0,0,0,0,0,0,0,0,0,0,0,0
250576,Es Bòrdes,Lleida,2015,1,0,0,1,0,1,0,0,1,0,0,0,0,0,0,0,0,0,0
250576,Es Bòrdes,Lleida,2016,0,0,0,0,0,0,0,0,0,0,0,0,0,0,0,0,0,0,0
250576,Es Bòrdes,Lleida,2017,1,0,0,1,0,1,0,0,1,0,0,0,0,0,0,0,0,0,0
250576,Es Bòrdes,Lleida,2018,0,0,0,0,0,0,0,0,0,0,0,0,0,0,0,0,0,0,0
250576,Es Bòrdes,Lleida,2019,0,0,0,0,0,0,0,0,0,0,0,0,0,0,0,0,0,0,0
250576,Es Bòrdes,Lleida,2020,0,0,0,0,0,0,0,0,0,0,0,0,0,0,0,0,0,0,0
250576,Es Bòrdes,Lleida,2021,0,0,0,0,0,0,0,0,0,0,0,0,0,0,0,0,0,0,0
250582,les Borges Blanques,Lleida,2011,56,48,3,5,3,3,50,0,56,7,0,21,11,11,0,0,0,0,0
250582,les Borges Blanques,Lleida,2012,27,19,4,4,2,3,22,0,27,3,2,7,0,10,0,0,0,0,0
250582,les Borges Blanques,Lleida,2013,4,0,1,3,2,1,1,0,4,0,0,1,0,0,0,0,0,0,0
250582,les Borges Blanques,Lleida,2014,6,0,2,4,4,0,2,0,6,0,0,2,0,0,0,0,0,0,0
250582,les Borges Blanques,Lleida,2015,25,19,1,5,4,1,20,0,25,3,0,14,3,0,0,0,0,0,0
250582,les Borges Blanques,Lleida,2016,6,1,2,3,3,0,3,0,6,0,0,2,0,0,1,0,0,0,0
250582,les Borges Blanques,Lleida,2017,7,0,1,6,6,0,1,0,7,0,0,0,0,0,1,0,0,0,0
250582,les Borges Blanques,Lleida,2018,4,0,1,3,3,0,1,0,4,0,0,0,0,1,0,0,0,0,0
250582,les Borges Blanques,Lleida,2019,3,3,0,0,0,0,3,0,3,0,0,3,0,0,0,0,0,0,0
250582,les Borges Blanques,Lleida,2020,5,3,0,2,2,0,3,0,5,0,0,1,0,0,2,0,0,0,0
250582,les Borges Blanques,Lleida,2021,48,39,0,9,4,0,41,3,45,5,2,22,9,3,0,0,0,0,0
250582,les Borges Blanques,Lleida,2022,84,78,1,5,2,2,78,2,82,3,2,45,11,16,1,0,0,0,0
250582,les Borges Blanques,Lleida,2023,101,61,34,6,5,2,91,3,98,3,2,36,22,26,2,0,0,0,0
250595,Bossòst,Lleida,2011,0,0,0,0,0,0,0,0,0,0,0,0,0,0,0,0,0,0,0
250595,Bossòst,Lleida,2012,0,0,0,0,0,0,0,0,0,0,0,0,0,0,0,0,0,0,0
250595,Bossòst,Lleida,2013,0,0,0,0,0,0,0,0,0,0,0,0,0,0,0,0,0,0,0
250595,Bossòst,Lleida,2014,0,0,0,0,0,0,0,0,0,0,0,0,0,0,0,0,0,0,0
250595,Bossòst,Lleida,2015,1,0,0,1,1,0,0,0,1,0,0,0,0,0,0,0,0,0,0
250595,Bossòst,Lleida,2016,1,0,0,1,0,1,0,0,1,0,0,0,0,0,0,0,0,0,0
250595,Bossòst,Lleida,2017,1,0,0,1,0,1,0,0,1,0,0,0,0,0,0,0,0,0,0
250595,Bossòst,Lleida,2018,0,0,0,0,0,0,0,0,0,0,0,0,0,0,0,0,0,0,0
250595,Bossòst,Lleida,2019,0,0,0,0,0,0,0,0,0,0,0,0,0,0,0,0,0,0,0
250595,Bossòst,Lleida,2020,0,0,0,0,0,0,0,0,0,0,0,0,0,0,0,0,0,0,0
250595,Bossòst,Lleida,2021,0,0,0,0,0,0,0,0,0,0,0,0,0,0,0,0,0,0,0
250609,Cabanabona,Lleida,2023,3,0,0,3,3,0,0,0,3,0,0,0,0,0,0,0,0,0,0
250616,Cabó,Lleida,2011,0,0,0,0,0,0,0,0,0,0,0,0,0,0,0,0,0,0,0
250616,Cabó,Lleida,2012,0,0,0,0,0,0,0,0,0,0,0,0,0,0,0,0,0,0,0
250616,Cabó,Lleida,2013,0,0,0,0,0,0,0,0,0,0,0,0,0,0,0,0,0,0,0
250616,Cabó,Lleida,2014,0,0,0,0,0,0,0,0,0,0,0,0,0,0,0,0,0,0,0
250616,Cabó,Lleida,2015,0,0,0,0,0,0,0,0,0,0,0,0,0,0,0,0,0,0,0
250616,Cabó,Lleida,2016,0,0,0,0,0,0,0,0,0,0,0,0,0,0,0,0,0,0,0
250616,Cabó,Lleida,2017,0,0,0,0,0,0,0,0,0,0,0,0,0,0,0,0,0,0,0
250616,Cabó,Lleida,2018,0,0,0,0,0,0,0,0,0,0,0,0,0,0,0,0,0,0,0
250616,Cabó,Lleida,2019,0,0,0,0,0,0,0,0,0,0,0,0,0,0,0,0,0,0,0
250616,Cabó,Lleida,2020,3,0,0,3,0,0,0,3,0,0,0,0,0,0,0,0,0,0,0
250616,Cabó,Lleida,2021,0,0,0,0,0,0,0,0,0,0,0,0,0,0,0,0,0,0,0
250621,Camarasa,Lleida,2011,0,0,0,0,0,0,0,0,0,0,0,0,0,0,0,0,0,0,0
250621,Camarasa,Lleida,2012,2,0,0,2,0,2,0,0,2,0,0,0,0,0,0,0,0,0,0
250621,Camarasa,Lleida,2013,1,0,0,1,0,1,0,0,1,0,0,0,0,0,0,0,0,0,0
250621,Camarasa,Lleida,2014,0,0,0,0,0,0,0,0,0,0,0,0,0,0,0,0,0,0,0
250621,Camarasa,Lleida,2015,0,0,0,0,0,0,0,0,0,0,0,0,0,0,0,0,0,0,0
250621,Camarasa,Lleida,2016,3,0,0,3,0,2,1,0,3,0,0,0,0,1,0,0,0,0,0
250621,Camarasa,Lleida,2017,1,0,0,1,0,1,0,0,1,0,0,0,0,0,0,0,0,0,0
250621,Camarasa,Lleida,2018,2,0,0,2,0,2,0,0,2,0,0,0,0,0,0,0,0,0,0
250621,Camarasa,Lleida,2019,1,0,0,1,0,1,0,0,1,0,0,0,0,0,0,0,0,0,0
250621,Camarasa,Lleida,2020,2,0,0,2,2,0,0,0,2,0,0,0,0,0,0,0,0,0,0
250621,Camarasa,Lleida,2021,0,0,0,0,0,0,0,0,0,0,0,0,0,0,0,0,0,0,0
250621,Camarasa,Lleida,2022,1,0,0,1,0,0,1,0,1,0,0,0,0,1,0,0,0,0,0
250642,Castellar de la Ribera,Lleida,2011,0,0,0,0,0,0,0,0,0,0,0,0,0,0,0,0,0,0,0
250642,Castellar de la Ribera,Lleida,2012,1,0,0,1,1,0,0,0,1,0,0,0,0,0,0,0,0,0,0
250642,Castellar de la Ribera,Lleida,2013,2,0,0,2,2,0,0,0,2,0,0,0,0,0,0,0,0,0,0
250642,Castellar de la Ribera,Lleida,2014,1,0,0,1,1,0,0,0,1,0,0,0,0,0,0,0,0,0,0
250642,Castellar de la Ribera,Lleida,2015,0,0,0,0,0,0,0,0,0,0,0,0,0,0,0,0,0,0,0
250642,Castellar de la Ribera,Lleida,2016,0,0,0,0,0,0,0,0,0,0,0,0,0,0,0,0,0,0,0
250642,Castellar de la Ribera,Lleida,2017,1,1,0,0,0,0,1,0,1,0,0,0,0,1,0,0,0,0,0
250642,Castellar de la Ribera,Lleida,2018,0,0,0,0,0,0,0,0,0,0,0,0,0,0,0,0,0,0,0
250642,Castellar de la Ribera,Lleida,2019,0,0,0,0,0,0,0,0,0,0,0,0,0,0,0,0,0,0,0
250642,Castellar de la Ribera,Lleida,2020,0,0,0,0,0,0,0,0,0,0,0,0,0,0,0,0,0,0,0
250642,Castellar de la Ribera,Lleida,2021,4,4,0,0,0,0,2,2,2,0,1,0,0,1,0,0,0,0,0
250642,Castellar de la Ribera,Lleida,2022,2,2,0,0,0,0,2,0,2,0,2,0,0,0,0,0,0,0,0
250642,Castellar de la Ribera,Lleida,2023,3,1,0,2,0,2,1,0,3,0,0,0,0,0,0,1,0,0,0
250674,Castelldans,Lleida,2011,4,1,0,3,0,0,4,0,4,0,3,1,0,0,0,0,0,0,0
250674,Castelldans,Lleida,2012,2,0,0,2,0,0,2,0,2,0,2,0,0,0,0,0,0,0,0
250674,Castelldans,Lleida,2013,0,0,0,0,0,0,0,0,0,0,0,0,0,0,0,0,0,0,0
250674,Castelldans,Lleida,2014,0,0,0,0,0,0,0,0,0,0,0,0,0,0,0,0,0,0,0
250674,Castelldans,Lleida,2015,1,1,0,0,0,0,1,0,1,0,0,0,0,1,0,0,0,0,0
250674,Castelldans,Lleida,2016,0,0,0,0,0,0,0,0,0,0,0,0,0,0,0,0,0,0,0
250674,Castelldans,Lleida,2017,3,0,3,0,0,0,3,0,3,2,0,0,0,0,1,0,0,0,0
250674,Castelldans,Lleida,2018,4,0,2,2,1,0,3,0,4,0,0,0,0,0,3,0,0,0,0
250674,Castelldans,Lleida,2019,4,0,0,4,2,0,2,0,4,0,0,0,0,0,2,0,0,0,0
250674,Castelldans,Lleida,2020,5,0,0,5,5,0,0,0,5,0,0,0,0,0,0,0,0,0,0
250674,Castelldans,Lleida,2021,6,1,1,4,4,0,2,0,6,1,0,0,0,1,0,0,0,0,0
250674,Castelldans,Lleida,2022,4,2,1,1,0,0,1,3,1,1,0,0,0,0,0,0,0,0,0
250674,Castelldans,Lleida,2023,4,0,1,3,0,0,3,1,3,3,0,0,0,0,0,0,0,0,0
250680,Castellnou de Seana,Lleida,2011,1,1,0,0,0,0,1,0,1,0,0,0,1,0,0,0,0,0,0
250680,Castellnou de Seana,Lleida,2012,2,0,2,0,0,0,2,0,2,1,0,0,1,0,0,0,0,0,0
250680,Castellnou de Seana,Lleida,2013,0,0,0,0,0,0,0,0,0,0,0,0,0,0,0,0,0,0,0
250680,Castellnou de Seana,Lleida,2014,1,1,0,0,0,0,1,0,1,0,0,0,1,0,0,0,0,0,0
250680,Castellnou de Seana,Lleida,2015,0,0,0,0,0,0,0,0,0,0,0,0,0,0,0,0,0,0,0
250680,Castellnou de Seana,Lleida,2016,1,0,0,1,1,0,0,0,1,0,0,0,0,0,0,0,0,0,0
250680,Castellnou de Seana,Lleida,2017,0,0,0,0,0,0,0,0,0,0,0,0,0,0,0,0,0,0,0
250680,Castellnou de Seana,Lleida,2018,0,0,0,0,0,0,0,0,0,0,0,0,0,0,0,0,0,0,0
250680,Castellnou de Seana,Lleida,2019,3,3,0,0,0,0,3,0,3,0,0,0,0,3,0,0,0,0,0
250680,Castellnou de Seana,Lleida,2020,3,2,1,0,0,0,3,0,3,0,0,2,0,1,0,0,0,0,0
250680,Castellnou de Seana,Lleida,2021,0,0,0,0,0,0,0,0,0,0,0,0,0,0,0,0,0,0,0
250680,Castellnou de Seana,Lleida,2022,1,0,0,1,1,0,0,0,1,0,0,0,0,0,0,0,0,0,0
250680,Castellnou de Seana,Lleida,2023,5,2,0,3,3,0,2,0,5,1,0,1,0,0,0,0,0,0,0
250693,Castelló de Farfanya,Lleida,2011,0,0,0,0,0,0,0,0,0,0,0,0,0,0,0,0,0,0,0
250693,Castelló de Farfanya,Lleida,2012,0,0,0,0,0,0,0,0,0,0,0,0,0,0,0,0,0,0,0
250693,Castelló de Farfanya,Lleida,2013,1,0,0,1,1,0,0,0,1,0,0,0,0,0,0,0,0,0,0
250693,Castelló de Farfanya,Lleida,2014,0,0,0,0,0,0,0,0,0,0,0,0,0,0,0,0,0,0,0
250693,Castelló de Farfanya,Lleida,2015,0,0,0,0,0,0,0,0,0,0,0,0,0,0,0,0,0,0,0
250693,Castelló de Farfanya,Lleida,2016,0,0,0,0,0,0,0,0,0,0,0,0,0,0,0,0,0,0,0
250693,Castelló de Farfanya,Lleida,2017,0,0,0,0,0,0,0,0,0,0,0,0,0,0,0,0,0,0,0
250693,Castelló de Farfanya,Lleida,2018,0,0,0,0,0,0,0,0,0,0,0,0,0,0,0,0,0,0,0
250693,Castelló de Farfanya,Lleida,2019,0,0,0,0,0,0,0,0,0,0,0,0,0,0,0,0,0,0,0
250693,Castelló de Farfanya,Lleida,2020,0,0,0,0,0,0,0,0,0,0,0,0,0,0,0,0,0,0,0
250693,Castelló de Farfanya,Lleida,2021,0,0,0,0,0,0,0,0,0,0,0,0,0,0,0,0,0,0,0
250707,Castellserà,Lleida,2011,16,16,0,0,0,0,16,0,16,0,1,5,1,9,0,0,0,0,0
250707,Castellserà,Lleida,2012,1,1,0,0,0,0,1,0,1,0,0,0,0,0,1,0,0,0,0
250707,Castellserà,Lleida,2013,1,1,0,0,0,0,1,0,1,0,0,1,0,0,0,0,0,0,0
250707,Castellserà,Lleida,2014,1,0,0,1,1,0,0,0,1,0,0,0,0,0,0,0,0,0,0
250707,Castellserà,Lleida,2015,2,0,0,2,2,0,0,0,2,0,0,0,0,0,0,0,0,0,0
250707,Castellserà,Lleida,2016,4,3,0,1,0,0,4,0,4,1,0,3,0,0,0,0,0,0,0
250707,Castellserà,Lleida,2017,1,1,0,0,0,0,1,0,1,0,0,0,1,0,0,0,0,0,0
250707,Castellserà,Lleida,2018,0,0,0,0,0,0,0,0,0,0,0,0,0,0,0,0,0,0,0
250707,Castellserà,Lleida,2019,0,0,0,0,0,0,0,0,0,0,0,0,0,0,0,0,0,0,0
250707,Castellserà,Lleida,2020,1,1,0,0,0,0,1,0,1,0,0,0,1,0,0,0,0,0,0
250707,Castellserà,Lleida,2021,1,1,0,0,0,0,1,0,1,0,0,0,1,0,0,0,0,0,0
250714,Cava,Lleida,2011,0,0,0,0,0,0,0,0,0,0,0,0,0,0,0,0,0,0,0
250714,Cava,Lleida,2012,1,1,0,0,0,1,0,0,1,0,0,0,0,0,0,0,0,0,0
250714,Cava,Lleida,2013,2,0,1,1,0,2,0,0,2,0,0,0,0,0,0,0,0,0,0
250714,Cava,Lleida,2014,2,0,0,2,1,1,0,0,2,0,0,0,0,0,0,0,0,0,0
250714,Cava,Lleida,2015,4,0,0,4,2,2,0,0,4,0,0,0,0,0,0,0,0,0,0
250714,Cava,Lleida,2016,2,0,0,2,2,0,0,0,2,0,0,0,0,0,0,0,0,0,0
250714,Cava,Lleida,2017,0,0,0,0,0,0,0,0,0,0,0,0,0,0,0,0,0,0,0
250714,Cava,Lleida,2018,0,0,0,0,0,0,0,0,0,0,0,0,0,0,0,0,0,0,0
250714,Cava,Lleida,2019,0,0,0,0,0,0,0,0,0,0,0,0,0,0,0,0,0,0,0
250714,Cava,Lleida,2020,1,0,0,1,0,1,0,0,1,0,0,0,0,0,0,0,0,0,0
250714,Cava,Lleida,2021,0,0,0,0,0,0,0,0,0,0,0,0,0,0,0,0,0,0,0
250714,Cava,Lleida,2022,2,0,1,1,0,2,0,0,2,0,0,0,0,0,0,0,0,0,0
250714,Cava,Lleida,2023,2,0,0,2,0,2,0,0,2,0,0,0,0,0,0,0,0,0,0
250729,Cervera,Lleida,2011,115,90,16,9,5,0,108,2,113,9,2,38,31,25,3,0,0,0,0
250729,Cervera,Lleida,2012,193,140,46,7,6,4,183,0,193,10,3,80,63,20,7,0,0,0,0
250729,Cervera,Lleida,2013,95,75,17,3,5,2,88,0,95,2,6,37,27,8,8,0,0,0,0
250729,Cervera,Lleida,2014,91,82,7,2,0,2,88,1,90,2,4,48,25,7,2,0,0,0,0
250729,Cervera,Lleida,2015,122,112,10,0,0,3,119,0,122,16,19,55,16,11,2,0,0,0,0
250729,Cervera,Lleida,2016,120,116,0,4,4,2,114,0,120,2,19,52,27,13,1,0,0,0,0
250729,Cervera,Lleida,2017,106,99,0,7,4,1,94,7,99,4,13,40,33,2,2,0,0,0,0
250729,Cervera,Lleida,2018,157,142,8,7,6,2,149,0,157,3,19,52,56,15,4,0,0,0,0
250729,Cervera,Lleida,2019,261,259,0,2,2,1,257,1,260,16,25,104,64,47,1,0,0,0,0
250729,Cervera,Lleida,2020,147,116,30,1,0,1,146,0,147,2,9,58,40,34,3,0,0,0,0
250729,Cervera,Lleida,2021,156,133,22,1,1,4,128,23,133,3,7,50,40,28,0,0,0,0,0
250729,Cervera,Lleida,2022,180,145,28,7,4,4,165,7,173,4,38,43,31,48,1,0,0,0,0
250729,Cervera,Lleida,2023,205,164,33,8,5,4,195,1,204,17,24,34,50,68,2,0,0,0,0
250735,Cervià de les Garrigues,Lleida,2011,0,0,0,0,0,0,0,0,0,0,0,0,0,0,0,0,0,0,0
250735,Cervià de les Garrigues,Lleida,2012,0,0,0,0,0,0,0,0,0,0,0,0,0,0,0,0,0,0,0
250735,Cervià de les Garrigues,Lleida,2013,0,0,0,0,0,0,0,0,0,0,0,0,0,0,0,0,0,0,0
250735,Cervià de les Garrigues,Lleida,2014,0,0,0,0,0,0,0,0,0,0,0,0,0,0,0,0,0,0,0
250735,Cervià de les Garrigues,Lleida,2015,2,0,0,2,2,0,0,0,2,0,0,0,0,0,0,0,0,0,0
250735,Cervià de les Garrigues,Lleida,2016,2,0,0,2,2,0,0,0,2,0,0,0,0,0,0,0,0,0,0
250735,Cervià de les Garrigues,Lleida,2017,0,0,0,0,0,0,0,0,0,0,0,0,0,0,0,0,0,0,0
250735,Cervià de les Garrigues,Lleida,2018,0,0,0,0,0,0,0,0,0,0,0,0,0,0,0,0,0,0,0
250735,Cervià de les Garrigues,Lleida,2019,0,0,0,0,0,0,0,0,0,0,0,0,0,0,0,0,0,0,0
250735,Cervià de les Garrigues,Lleida,2020,0,0,0,0,0,0,0,0,0,0,0,0,0,0,0,0,0,0,0
250735,Cervià de les Garrigues,Lleida,2021,0,0,0,0,0,0,0,0,0,0,0,0,0,0,0,0,0,0,0
250740,Ciutadilla,Lleida,2022,2,1,0,1,1,0,1,0,2,0,0,0,0,1,0,0,0,0,0
250740,Ciutadilla,Lleida,2023,2,1,0,1,1,0,1,0,2,0,0,0,0,1,0,0,0,0,0
250753,Clariana de Cardener,Lleida,2011,0,0,0,0,0,0,0,0,0,0,0,0,0,0,0,0,0,0,0
250753,Clariana de Cardener,Lleida,2012,0,0,0,0,0,0,0,0,0,0,0,0,0,0,0,0,0,0,0
250753,Clariana de Cardener,Lleida,2013,0,0,0,0,0,0,0,0,0,0,0,0,0,0,0,0,0,0,0
250753,Clariana de Cardener,Lleida,2014,0,0,0,0,0,0,0,0,0,0,0,0,0,0,0,0,0,0,0
250753,Clariana de Cardener,Lleida,2015,0,0,0,0,0,0,0,0,0,0,0,0,0,0,0,0,0,0,0
250753,Clariana de Cardener,Lleida,2016,0,0,0,0,0,0,0,0,0,0,0,0,0,0,0,0,0,0,0
250753,Clariana de Cardener,Lleida,2017,1,0,0,1,1,0,0,0,1,0,0,0,0,0,0,0,0,0,0
250753,Clariana de Cardener,Lleida,2018,0,0,0,0,0,0,0,0,0,0,0,0,0,0,0,0,0,0,0
250753,Clariana de Cardener,Lleida,2019,0,0,0,0,0,0,0,0,0,0,0,0,0,0,0,0,0,0,0
250753,Clariana de Cardener,Lleida,2020,1,0,0,1,1,0,0,0,1,0,0,0,0,0,0,0,0,0,0
250753,Clariana de Cardener,Lleida,2021,0,0,0,0,0,0,0,0,0,0,0,0,0,0,0,0,0,0,0
250772,Coll de Nargó,Lleida,2022,2,0,0,2,2,0,0,0,2,0,0,0,0,0,0,0,0,0,0
250772,Coll de Nargó,Lleida,2023,1,0,0,1,1,0,0,0,1,0,0,0,0,0,0,0,0,0,0
250788,Corbins,Lleida,2011,40,18,22,0,0,0,40,0,40,0,0,1,39,0,0,0,0,0,0
250788,Corbins,Lleida,2012,26,20,4,2,1,1,24,0,26,2,0,2,20,0,0,0,0,0,0
250788,Corbins,Lleida,2013,5,1,0,4,0,5,0,0,5,0,0,0,0,0,0,0,0,0,0
250788,Corbins,Lleida,2014,2,0,0,2,0,2,0,0,2,0,0,0,0,0,0,0,0,0,0
250788,Corbins,Lleida,2015,0,0,0,0,0,0,0,0,0,0,0,0,0,0,0,0,0,0,0
250788,Corbins,Lleida,2016,6,4,2,0,0,0,6,0,6,0,3,0,2,1,0,0,0,0,0
250788,Corbins,Lleida,2017,6,0,2,4,3,0,3,0,6,0,3,0,0,0,0,0,0,0,0
250788,Corbins,Lleida,2018,6,0,0,6,4,0,2,0,6,0,2,0,0,0,0,0,0,0,0
250788,Corbins,Lleida,2019,3,1,0,2,1,0,2,0,3,0,0,1,1,0,0,0,0,0,0
250788,Corbins,Lleida,2020,2,0,0,2,1,0,1,0,2,0,0,1,0,0,0,0,0,0,0
250788,Corbins,Lleida,2021,8,6,0,2,0,0,0,8,0,0,0,0,0,0,0,0,0,0,0
250788,Corbins,Lleida,2022,12,3,2,7,0,0,0,12,0,0,0,0,0,0,0,0,0,0,0
250788,Corbins,Lleida,2023,5,0,4,1,0,2,0,3,2,0,0,0,0,0,0,0,0,0,0
250791,Cubells,Lleida,2011,0,0,0,0,0,0,0,0,0,0,0,0,0,0,0,0,0,0,0
250791,Cubells,Lleida,2012,0,0,0,0,0,0,0,0,0,0,0,0,0,0,0,0,0,0,0
250791,Cubells,Lleida,2013,0,0,0,0,0,0,0,0,0,0,0,0,0,0,0,0,0,0,0
250791,Cubells,Lleida,2014,0,0,0,0,0,0,0,0,0,0,0,0,0,0,0,0,0,0,0
250791,Cubells,Lleida,2015,1,0,0,1,1,0,0,0,1,0,0,0,0,0,0,0,0,0,0
250791,Cubells,Lleida,2016,1,1,0,0,0,0,1,0,1,0,0,0,0,1,0,0,0,0,0
250791,Cubells,Lleida,2017,0,0,0,0,0,0,0,0,0,0,0,0,0,0,0,0,0,0,0
250791,Cubells,Lleida,2018,0,0,0,0,0,0,0,0,0,0,0,0,0,0,0,0,0,0,0
250791,Cubells,Lleida,2019,0,0,0,0,0,0,0,0,0,0,0,0,0,0,0,0,0,0,0
250791,Cubells,Lleida,2020,0,0,0,0,0,0,0,0,0,0,0,0,0,0,0,0,0,0,0
250791,Cubells,Lleida,2021,0,0,0,0,0,0,0,0,0,0,0,0,0,0,0,0,0,0,0
250812,L'Espluga Calba,Lleida,2011,0,0,0,0,0,0,0,0,0,0,0,0,0,0,0,0,0,0,0
250812,L'Espluga Calba,Lleida,2012,0,0,0,0,0,0,0,0,0,0,0,0,0,0,0,0,0,0,0
250812,L'Espluga Calba,Lleida,2013,0,0,0,0,0,0,0,0,0,0,0,0,0,0,0,0,0,0,0
250812,L'Espluga Calba,Lleida,2014,1,0,0,1,1,0,0,0,1,0,0,0,0,0,0,0,0,0,0
250812,L'Espluga Calba,Lleida,2015,0,0,0,0,0,0,0,0,0,0,0,0,0,0,0,0,0,0,0
250812,L'Espluga Calba,Lleida,2016,0,0,0,0,0,0,0,0,0,0,0,0,0,0,0,0,0,0,0
250812,L'Espluga Calba,Lleida,2017,0,0,0,0,0,0,0,0,0,0,0,0,0,0,0,0,0,0,0
250812,L'Espluga Calba,Lleida,2018,0,0,0,0,0,0,0,0,0,0,0,0,0,0,0,0,0,0,0
250812,L'Espluga Calba,Lleida,2019,0,0,0,0,0,0,0,0,0,0,0,0,0,0,0,0,0,0,0
250812,L'Espluga Calba,Lleida,2020,0,0,0,0,0,0,0,0,0,0,0,0,0,0,0,0,0,0,0
250812,L'Espluga Calba,Lleida,2021,0,0,0,0,0,0,0,0,0,0,0,0,0,0,0,0,0,0,0
250827,Espot,Lleida,2011,2,0,0,2,0,2,0,0,2,0,0,0,0,0,0,0,0,0,0
250827,Espot,Lleida,2012,0,0,0,0,0,0,0,0,0,0,0,0,0,0,0,0,0,0,0
250827,Espot,Lleida,2013,0,0,0,0,0,0,0,0,0,0,0,0,0,0,0,0,0,0,0
250827,Espot,Lleida,2014,0,0,0,0,0,0,0,0,0,0,0,0,0,0,0,0,0,0,0
250827,Espot,Lleida,2015,0,0,0,0,0,0,0,0,0,0,0,0,0,0,0,0,0,0,0
250827,Espot,Lleida,2016,4,0,0,4,2,2,0,0,4,0,0,0,0,0,0,0,0,0,0
250827,Espot,Lleida,2017,4,0,0,4,2,2,0,0,4,0,0,0,0,0,0,0,0,0,0
250827,Espot,Lleida,2018,1,0,0,1,0,1,0,0,1,0,0,0,0,0,0,0,0,0,0
250827,Espot,Lleida,2019,4,0,0,4,1,3,0,0,4,0,0,0,0,0,0,0,0,0,0
250827,Espot,Lleida,2020,1,0,0,1,0,1,0,0,1,0,0,0,0,0,0,0,0,0,0
250827,Espot,Lleida,2021,0,0,0,0,0,0,0,0,0,0,0,0,0,0,0,0,0,0,0
250851,Estaràs,Lleida,2011,0,0,0,0,0,0,0,0,0,0,0,0,0,0,0,0,0,0,0
250851,Estaràs,Lleida,2012,0,0,0,0,0,0,0,0,0,0,0,0,0,0,0,0,0,0,0
250851,Estaràs,Lleida,2013,0,0,0,0,0,0,0,0,0,0,0,0,0,0,0,0,0,0,0
250851,Estaràs,Lleida,2014,0,0,0,0,0,0,0,0,0,0,0,0,0,0,0,0,0,0,0
250851,Estaràs,Lleida,2015,0,0,0,0,0,0,0,0,0,0,0,0,0,0,0,0,0,0,0
250851,Estaràs,Lleida,2016,0,0,0,0,0,0,0,0,0,0,0,0,0,0,0,0,0,0,0
250851,Estaràs,Lleida,2017,0,0,0,0,0,0,0,0,0,0,0,0,0,0,0,0,0,0,0
250851,Estaràs,Lleida,2018,0,0,0,0,0,0,0,0,0,0,0,0,0,0,0,0,0,0,0
250851,Estaràs,Lleida,2019,0,0,0,0,0,0,0,0,0,0,0,0,0,0,0,0,0,0,0
250851,Estaràs,Lleida,2020,0,0,0,0,0,0,0,0,0,0,0,0,0,0,0,0,0,0,0
250851,Estaràs,Lleida,2021,2,1,0,1,0,0,1,1,1,0,0,1,0,0,0,0,0,0,0
250851,Estaràs,Lleida,2022,1,1,0,0,0,0,1,0,1,0,0,1,0,0,0,0,0,0,0
250864,Esterri d'Àneu,Lleida,2011,12,0,12,0,1,0,11,0,12,3,0,0,0,8,0,0,0,0,0
250864,Esterri d'Àneu,Lleida,2012,14,11,3,0,1,2,11,0,14,3,0,3,0,5,0,0,0,0,0
250864,Esterri d'Àneu,Lleida,2013,1,0,0,1,0,1,0,0,1,0,0,0,0,0,0,0,0,0,0
250864,Esterri d'Àneu,Lleida,2014,1,0,0,1,0,1,0,0,1,0,0,0,0,0,0,0,0,0,0
250864,Esterri d'Àneu,Lleida,2015,2,0,0,2,1,1,0,0,2,0,0,0,0,0,0,0,0,0,0
250864,Esterri d'Àneu,Lleida,2016,6,0,0,6,3,2,1,0,6,0,0,0,0,1,0,0,0,0,0
250864,Esterri d'Àneu,Lleida,2017,1,0,0,1,0,1,0,0,1,0,0,0,0,0,0,0,0,0,0
250864,Esterri d'Àneu,Lleida,2018,1,0,0,1,0,0,1,0,1,0,0,0,0,1,0,0,0,0,0
250864,Esterri d'Àneu,Lleida,2019,3,1,2,0,0,1,2,0,3,0,0,0,0,2,0,0,0,0,0
250864,Esterri d'Àneu,Lleida,2020,1,1,0,0,0,0,1,0,1,0,0,0,0,0,1,0,0,0,0
250864,Esterri d'Àneu,Lleida,2021,2,2,0,0,0,0,1,1,1,0,0,0,0,0,1,0,0,0,0
250864,Esterri d'Àneu,Lleida,2022,4,2,0,2,2,0,1,1,3,0,0,1,0,0,0,0,0,0,0
250864,Esterri d'Àneu,Lleida,2023,3,0,1,2,0,0,3,0,3,0,0,0,0,3,0,0,0,0,0
250870,Esterri de Cardós,Lleida,2011,0,0,0,0,0,0,0,0,0,0,0,0,0,0,0,0,0,0,0
250870,Esterri de Cardós,Lleida,2012,0,0,0,0,0,0,0,0,0,0,0,0,0,0,0,0,0,0,0
250870,Esterri de Cardós,Lleida,2013,0,0,0,0,0,0,0,0,0,0,0,0,0,0,0,0,0,0,0
250870,Esterri de Cardós,Lleida,2014,0,0,0,0,0,0,0,0,0,0,0,0,0,0,0,0,0,0,0
250870,Esterri de Cardós,Lleida,2015,0,0,0,0,0,0,0,0,0,0,0,0,0,0,0,0,0,0,0
250870,Esterri de Cardós,Lleida,2016,0,0,0,0,0,0,0,0,0,0,0,0,0,0,0,0,0,0,0
250870,Esterri de Cardós,Lleida,2017,1,1,0,0,0,0,1,0,1,0,0,1,0,0,0,0,0,0,0
250870,Esterri de Cardós,Lleida,2018,0,0,0,0,0,0,0,0,0,0,0,0,0,0,0,0,0,0,0
250870,Esterri de Cardós,Lleida,2019,0,0,0,0,0,0,0,0,0,0,0,0,0,0,0,0,0,0,0
250870,Esterri de Cardós,Lleida,2020,0,0,0,0,0,0,0,0,0,0,0,0,0,0,0,0,0,0,0
250870,Esterri de Cardós,Lleida,2021,0,0,0,0,0,0,0,0,0,0,0,0,0,0,0,0,0,0,0
250886,Estamariu,Lleida,2011,1,1,0,0,0,0,1,0,1,0,0,1,0,0,0,0,0,0,0
250886,Estamariu,Lleida,2012,0,0,0,0,0,0,0,0,0,0,0,0,0,0,0,0,0,0,0
250886,Estamariu,Lleida,2013,0,0,0,0,0,0,0,0,0,0,0,0,0,0,0,0,0,0,0
250886,Estamariu,Lleida,2014,0,0,0,0,0,0,0,0,0,0,0,0,0,0,0,0,0,0,0
250886,Estamariu,Lleida,2015,0,0,0,0,0,0,0,0,0,0,0,0,0,0,0,0,0,0,0
250886,Estamariu,Lleida,2016,0,0,0,0,0,0,0,0,0,0,0,0,0,0,0,0,0,0,0
250886,Estamariu,Lleida,2017,0,0,0,0,0,0,0,0,0,0,0,0,0,0,0,0,0,0,0
250886,Estamariu,Lleida,2018,0,0,0,0,0,0,0,0,0,0,0,0,0,0,0,0,0,0,0
250886,Estamariu,Lleida,2019,0,0,0,0,0,0,0,0,0,0,0,0,0,0,0,0,0,0,0
250886,Estamariu,Lleida,2020,0,0,0,0,0,0,0,0,0,0,0,0,0,0,0,0,0,0,0
250886,Estamariu,Lleida,2021,0,0,0,0,0,0,0,0,0,0,0,0,0,0,0,0,0,0,0
250899,Farrera,Lleida,2023,1,0,0,1,0,0,1,0,1,1,0,0,0,0,0,0,0,0,0
250925,la Floresta,Lleida,2011,0,0,0,0,0,0,0,0,0,0,0,0,0,0,0,0,0,0,0
250925,la Floresta,Lleida,2012,0,0,0,0,0,0,0,0,0,0,0,0,0,0,0,0,0,0,0
250925,la Floresta,Lleida,2013,0,0,0,0,0,0,0,0,0,0,0,0,0,0,0,0,0,0,0
250925,la Floresta,Lleida,2014,0,0,0,0,0,0,0,0,0,0,0,0,0,0,0,0,0,0,0
250925,la Floresta,Lleida,2015,0,0,0,0,0,0,0,0,0,0,0,0,0,0,0,0,0,0,0
250925,la Floresta,Lleida,2016,0,0,0,0,0,0,0,0,0,0,0,0,0,0,0,0,0,0,0
250925,la Floresta,Lleida,2017,0,0,0,0,0,0,0,0,0,0,0,0,0,0,0,0,0,0,0
250925,la Floresta,Lleida,2018,0,0,0,0,0,0,0,0,0,0,0,0,0,0,0,0,0,0,0
250925,la Floresta,Lleida,2019,0,0,0,0,0,0,0,0,0,0,0,0,0,0,0,0,0,0,0
250925,la Floresta,Lleida,2020,0,0,0,0,0,0,0,0,0,0,0,0,0,0,0,0,0,0,0
250925,la Floresta,Lleida,2021,1,1,0,0,0,0,0,1,0,0,0,0,0,0,0,0,0,0,0
250931,Fondarella,Lleida,2011,1,0,1,0,0,0,1,0,1,0,0,0,0,1,0,0,0,0,0
250931,Fondarella,Lleida,2012,0,0,0,0,0,0,0,0,0,0,0,0,0,0,0,0,0,0,0
250931,Fondarella,Lleida,2013,0,0,0,0,0,0,0,0,0,0,0,0,0,0,0,0,0,0,0
250931,Fondarella,Lleida,2014,0,0,0,0,0,0,0,0,0,0,0,0,0,0,0,0,0,0,0
250931,Fondarella,Lleida,2015,0,0,0,0,0,0,0,0,0,0,0,0,0,0,0,0,0,0,0
250931,Fondarella,Lleida,2016,1,0,0,1,1,0,0,0,1,0,0,0,0,0,0,0,0,0,0
250931,Fondarella,Lleida,2017,2,0,0,2,2,0,0,0,2,0,0,0,0,0,0,0,0,0,0
250931,Fondarella,Lleida,2018,1,0,0,1,1,0,0,0,1,0,0,0,0,0,0,0,0,0,0
250931,Fondarella,Lleida,2019,3,2,0,1,1,0,2,0,3,0,0,0,0,2,0,0,0,0,0
250931,Fondarella,Lleida,2020,0,0,0,0,0,0,0,0,0,0,0,0,0,0,0,0,0,0,0
250931,Fondarella,Lleida,2021,1,1,0,0,0,0,0,1,0,0,0,0,0,0,0,0,0,0,0
250931,Fondarella,Lleida,2022,1,0,0,1,0,0,0,1,0,0,0,0,0,0,0,0,0,0,0
250946,Foradada,Lleida,2011,0,0,0,0,0,0,0,0,0,0,0,0,0,0,0,0,0,0,0
250946,Foradada,Lleida,2012,0,0,0,0,0,0,0,0,0,0,0,0,0,0,0,0,0,0,0
250946,Foradada,Lleida,2013,0,0,0,0,0,0,0,0,0,0,0,0,0,0,0,0,0,0,0
250946,Foradada,Lleida,2014,0,0,0,0,0,0,0,0,0,0,0,0,0,0,0,0,0,0,0
250946,Foradada,Lleida,2015,0,0,0,0,0,0,0,0,0,0,0,0,0,0,0,0,0,0,0
250946,Foradada,Lleida,2016,0,0,0,0,0,0,0,0,0,0,0,0,0,0,0,0,0,0,0
250946,Foradada,Lleida,2017,0,0,0,0,0,0,0,0,0,0,0,0,0,0,0,0,0,0,0
250946,Foradada,Lleida,2018,0,0,0,0,0,0,0,0,0,0,0,0,0,0,0,0,0,0,0
250946,Foradada,Lleida,2019,26,26,0,0,0,0,26,0,26,0,2,21,1,0,2,0,0,0,0
250946,Foradada,Lleida,2020,0,0,0,0,0,0,0,0,0,0,0,0,0,0,0,0,0,0,0
250946,Foradada,Lleida,2021,0,0,0,0,0,0,0,0,0,0,0,0,0,0,0,0,0,0,0
250962,La Fuliola,Lleida,2011,3,0,0,3,3,0,0,0,3,0,0,0,0,0,0,0,0,0,0
250962,La Fuliola,Lleida,2012,0,0,0,0,0,0,0,0,0,0,0,0,0,0,0,0,0,0,0
250962,La Fuliola,Lleida,2013,0,0,0,0,0,0,0,0,0,0,0,0,0,0,0,0,0,0,0
250962,La Fuliola,Lleida,2014,6,6,0,0,0,0,6,0,6,0,0,6,0,0,0,0,0,0,0
250962,La Fuliola,Lleida,2015,1,1,0,0,0,0,1,0,1,0,0,1,0,0,0,0,0,0,0
250962,La Fuliola,Lleida,2016,10,10,0,0,0,0,10,0,10,0,0,1,9,0,0,0,0,0,0
250962,La Fuliola,Lleida,2017,0,0,0,0,0,0,0,0,0,0,0,0,0,0,0,0,0,0,0
250962,La Fuliola,Lleida,2018,0,0,0,0,0,0,0,0,0,0,0,0,0,0,0,0,0,0,0
250962,La Fuliola,Lleida,2019,0,0,0,0,0,0,0,0,0,0,0,0,0,0,0,0,0,0,0
250962,La Fuliola,Lleida,2020,0,0,0,0,0,0,0,0,0,0,0,0,0,0,0,0,0,0,0
250962,La Fuliola,Lleida,2021,0,0,0,0,0,0,0,0,0,0,0,0,0,0,0,0,0,0,0
250962,La Fuliola,Lleida,2022,2,2,0,0,0,0,2,0,2,0,0,0,1,1,0,0,0,0,0
250962,La Fuliola,Lleida,2023,1,0,1,0,0,0,1,0,1,0,0,0,0,1,0,0,0,0,0
250984,Gavet de la Conca,Lleida,2011,0,0,0,0,0,0,0,0,0,0,0,0,0,0,0,0,0,0,0
250984,Gavet de la Conca,Lleida,2012,0,0,0,0,0,0,0,0,0,0,0,0,0,0,0,0,0,0,0
250984,Gavet de la Conca,Lleida,2013,1,0,0,1,0,0,1,0,1,1,0,0,0,0,0,0,0,0,0
250984,Gavet de la Conca,Lleida,2014,0,0,0,0,0,0,0,0,0,0,0,0,0,0,0,0,0,0,0
250984,Gavet de la Conca,Lleida,2015,0,0,0,0,0,0,0,0,0,0,0,0,0,0,0,0,0,0,0
250984,Gavet de la Conca,Lleida,2016,0,0,0,0,0,0,0,0,0,0,0,0,0,0,0,0,0,0,0
250984,Gavet de la Conca,Lleida,2017,0,0,0,0,0,0,0,0,0,0,0,0,0,0,0,0,0,0,0
250984,Gavet de la Conca,Lleida,2018,0,0,0,0,0,0,0,0,0,0,0,0,0,0,0,0,0,0,0
250984,Gavet de la Conca,Lleida,2019,2,0,0,2,2,0,0,0,2,0,0,0,0,0,0,0,0,0,0
250984,Gavet de la Conca,Lleida,2020,0,0,0,0,0,0,0,0,0,0,0,0,0,0,0,0,0,0,0
250984,Gavet de la Conca,Lleida,2021,0,0,0,0,0,0,0,0,0,0,0,0,0,0,0,0,0,0,0
250997,Golmés,Lleida,2011,33,30,0,3,1,5,27,0,33,8,1,4,11,3,0,0,0,0,0
250997,Golmés,Lleida,2012,4,3,0,1,1,0,3,0,4,0,1,1,0,1,0,0,0,0,0
250997,Golmés,Lleida,2013,1,0,0,1,1,0,0,0,1,0,0,0,0,0,0,0,0,0,0
250997,Golmés,Lleida,2014,0,0,0,0,0,0,0,0,0,0,0,0,0,0,0,0,0,0,0
250997,Golmés,Lleida,2015,0,0,0,0,0,0,0,0,0,0,0,0,0,0,0,0,0,0,0
250997,Golmés,Lleida,2016,1,1,0,0,0,0,1,0,1,0,1,0,0,0,0,0,0,0,0
250997,Golmés,Lleida,2017,3,1,0,2,2,0,1,0,3,0,0,0,0,1,0,0,0,0,0
250997,Golmés,Lleida,2018,4,0,1,3,3,0,1,0,4,0,0,0,0,1,0,0,0,0,0
250997,Golmés,Lleida,2019,3,1,1,1,1,0,2,0,3,0,0,0,0,2,0,0,0,0,0
250997,Golmés,Lleida,2020,1,0,1,0,0,0,1,0,1,0,0,0,0,1,0,0,0,0,0
250997,Golmés,Lleida,2021,0,0,0,0,0,0,0,0,0,0,0,0,0,0,0,0,0,0,0
250997,Golmés,Lleida,2023,3,1,0,2,0,2,1,0,3,0,0,1,0,0,0,0,0,0,0
251001,Gósol,Lleida,2011,0,0,0,0,0,0,0,0,0,0,0,0,0,0,0,0,0,0,0
251001,Gósol,Lleida,2012,0,0,0,0,0,0,0,0,0,0,0,0,0,0,0,0,0,0,0
251001,Gósol,Lleida,2013,0,0,0,0,0,0,0,0,0,0,0,0,0,0,0,0,0,0,0
251001,Gósol,Lleida,2014,0,0,0,0,0,0,0,0,0,0,0,0,0,0,0,0,0,0,0
251001,Gósol,Lleida,2015,0,0,0,0,0,0,0,0,0,0,0,0,0,0,0,0,0,0,0
251001,Gósol,Lleida,2016,0,0,0,0,0,0,0,0,0,0,0,0,0,0,0,0,0,0,0
251001,Gósol,Lleida,2017,0,0,0,0,0,0,0,0,0,0,0,0,0,0,0,0,0,0,0
251001,Gósol,Lleida,2018,1,0,1,0,0,1,0,0,1,0,0,0,0,0,0,0,0,0,0
251001,Gósol,Lleida,2019,0,0,0,0,0,0,0,0,0,0,0,0,0,0,0,0,0,0,0
251001,Gósol,Lleida,2020,1,1,0,0,0,0,1,0,1,0,0,0,0,0,1,0,0,0,0
251001,Gósol,Lleida,2021,1,1,0,0,0,0,1,0,1,0,0,0,0,0,1,0,0,0,0
251018,La Granadella,Lleida,2011,2,0,0,2,2,0,0,0,2,0,0,0,0,0,0,0,0,0,0
251018,La Granadella,Lleida,2012,4,0,0,4,2,0,0,2,2,0,0,0,0,0,0,0,0,0,0
251018,La Granadella,Lleida,2013,3,1,0,2,0,0,1,2,1,0,0,1,0,0,0,0,0,0,0
251018,La Granadella,Lleida,2014,1,1,0,0,0,0,1,0,1,0,0,1,0,0,0,0,0,0,0
251018,La Granadella,Lleida,2015,1,0,0,1,0,1,0,0,1,0,0,0,0,0,0,0,0,0,0
251018,La Granadella,Lleida,2016,2,0,0,2,0,1,0,1,1,0,0,0,0,0,0,0,0,0,0
251018,La Granadella,Lleida,2017,0,0,0,0,0,0,0,0,0,0,0,0,0,0,0,0,0,0,0
251018,La Granadella,Lleida,2018,1,1,0,0,0,0,1,0,1,0,0,1,0,0,0,0,0,0,0
251018,La Granadella,Lleida,2019,2,2,0,0,0,0,2,0,2,0,0,2,0,0,0,0,0,0,0
251018,La Granadella,Lleida,2020,0,0,0,0,0,0,0,0,0,0,0,0,0,0,0,0,0,0,0
251018,La Granadella,Lleida,2021,1,1,0,0,0,0,0,1,0,0,0,0,0,0,0,0,0,0,0
251018,La Granadella,Lleida,2023,20,16,2,2,2,1,17,0,20,1,0,14,0,2,0,0,0,0,0
251023,La Granja d'Escarp,Lleida,2011,1,0,0,1,1,0,0,0,1,0,0,0,0,0,0,0,0,0,0
251023,La Granja d'Escarp,Lleida,2012,5,3,1,1,1,0,4,0,5,2,0,2,0,0,0,0,0,0,0
251023,La Granja d'Escarp,Lleida,2013,2,2,0,0,0,0,2,0,2,0,0,1,0,1,0,0,0,0,0
251023,La Granja d'Escarp,Lleida,2014,0,0,0,0,0,0,0,0,0,0,0,0,0,0,0,0,0,0,0
251023,La Granja d'Escarp,Lleida,2015,0,0,0,0,0,0,0,0,0,0,0,0,0,0,0,0,0,0,0
251023,La Granja d'Escarp,Lleida,2016,9,9,0,0,0,0,9,0,9,0,0,9,0,0,0,0,0,0,0
251023,La Granja d'Escarp,Lleida,2017,0,0,0,0,0,0,0,0,0,0,0,0,0,0,0,0,0,0,0
251023,La Granja d'Escarp,Lleida,2018,0,0,0,0,0,0,0,0,0,0,0,0,0,0,0,0,0,0,0
251023,La Granja d'Escarp,Lleida,2019,0,0,0,0,0,0,0,0,0,0,0,0,0,0,0,0,0,0,0
251023,La Granja d'Escarp,Lleida,2020,0,0,0,0,0,0,0,0,0,0,0,0,0,0,0,0,0,0,0
251023,La Granja d'Escarp,Lleida,2021,0,0,0,0,0,0,0,0,0,0,0,0,0,0,0,0,0,0,0
251023,La Granja d'Escarp,Lleida,2022,2,0,1,1,1,0,1,0,2,1,0,0,0,0,0,0,0,0,0
251023,La Granja d'Escarp,Lleida,2023,2,0,0,2,2,0,0,0,2,0,0,0,0,0,0,0,0,0,0
251039,Granyanella,Lleida,2011,0,0,0,0,0,0,0,0,0,0,0,0,0,0,0,0,0,0,0
251039,Granyanella,Lleida,2012,1,1,0,0,0,0,1,0,1,0,0,0,0,1,0,0,0,0,0
251039,Granyanella,Lleida,2013,2,1,1,0,0,0,2,0,2,0,2,0,0,0,0,0,0,0,0
251039,Granyanella,Lleida,2014,0,0,0,0,0,0,0,0,0,0,0,0,0,0,0,0,0,0,0
251039,Granyanella,Lleida,2015,0,0,0,0,0,0,0,0,0,0,0,0,0,0,0,0,0,0,0
251039,Granyanella,Lleida,2016,0,0,0,0,0,0,0,0,0,0,0,0,0,0,0,0,0,0,0
251039,Granyanella,Lleida,2017,0,0,0,0,0,0,0,0,0,0,0,0,0,0,0,0,0,0,0
251039,Granyanella,Lleida,2018,0,0,0,0,0,0,0,0,0,0,0,0,0,0,0,0,0,0,0
251039,Granyanella,Lleida,2019,0,0,0,0,0,0,0,0,0,0,0,0,0,0,0,0,0,0,0
251039,Granyanella,Lleida,2020,0,0,0,0,0,0,0,0,0,0,0,0,0,0,0,0,0,0,0
251039,Granyanella,Lleida,2021,0,0,0,0,0,0,0,0,0,0,0,0,0,0,0,0,0,0,0
251057,Granyena de les Garrigues,Lleida,2011,0,0,0,0,0,0,0,0,0,0,0,0,0,0,0,0,0,0,0
251057,Granyena de les Garrigues,Lleida,2012,1,1,0,0,0,0,1,0,1,0,0,1,0,0,0,0,0,0,0
251057,Granyena de les Garrigues,Lleida,2013,0,0,0,0,0,0,0,0,0,0,0,0,0,0,0,0,0,0,0
251057,Granyena de les Garrigues,Lleida,2014,0,0,0,0,0,0,0,0,0,0,0,0,0,0,0,0,0,0,0
251057,Granyena de les Garrigues,Lleida,2015,0,0,0,0,0,0,0,0,0,0,0,0,0,0,0,0,0,0,0
251057,Granyena de les Garrigues,Lleida,2016,0,0,0,0,0,0,0,0,0,0,0,0,0,0,0,0,0,0,0
251057,Granyena de les Garrigues,Lleida,2017,0,0,0,0,0,0,0,0,0,0,0,0,0,0,0,0,0,0,0
251057,Granyena de les Garrigues,Lleida,2018,0,0,0,0,0,0,0,0,0,0,0,0,0,0,0,0,0,0,0
251057,Granyena de les Garrigues,Lleida,2019,0,0,0,0,0,0,0,0,0,0,0,0,0,0,0,0,0,0,0
251057,Granyena de les Garrigues,Lleida,2020,0,0,0,0,0,0,0,0,0,0,0,0,0,0,0,0,0,0,0
251057,Granyena de les Garrigues,Lleida,2021,0,0,0,0,0,0,0,0,0,0,0,0,0,0,0,0,0,0,0
251057,Granyena de les Garrigues,Lleida,2022,1,0,0,1,1,0,0,0,1,0,0,0,0,0,0,0,0,0,0
251057,Granyena de les Garrigues,Lleida,2023,2,0,0,2,2,0,0,0,2,0,0,0,0,0,0,0,0,0,0
251095,Guimerà,Lleida,2011,0,0,0,0,0,0,0,0,0,0,0,0,0,0,0,0,0,0,0
251095,Guimerà,Lleida,2012,0,0,0,0,0,0,0,0,0,0,0,0,0,0,0,0,0,0,0
251095,Guimerà,Lleida,2013,0,0,0,0,0,0,0,0,0,0,0,0,0,0,0,0,0,0,0
251095,Guimerà,Lleida,2014,0,0,0,0,0,0,0,0,0,0,0,0,0,0,0,0,0,0,0
251095,Guimerà,Lleida,2015,0,0,0,0,0,0,0,0,0,0,0,0,0,0,0,0,0,0,0
251095,Guimerà,Lleida,2016,0,0,0,0,0,0,0,0,0,0,0,0,0,0,0,0,0,0,0
251095,Guimerà,Lleida,2017,0,0,0,0,0,0,0,0,0,0,0,0,0,0,0,0,0,0,0
251095,Guimerà,Lleida,2018,0,0,0,0,0,0,0,0,0,0,0,0,0,0,0,0,0,0,0
251095,Guimerà,Lleida,2019,0,0,0,0,0,0,0,0,0,0,0,0,0,0,0,0,0,0,0
251095,Guimerà,Lleida,2020,0,0,0,0,0,0,0,0,0,0,0,0,0,0,0,0,0,0,0
251095,Guimerà,Lleida,2021,3,2,1,0,0,0,0,3,0,0,0,0,0,0,0,0,0,0,0
251109,Guissona,Lleida,2011,41,18,21,2,0,1,39,1,40,6,14,0,13,5,1,0,0,0,0
251109,Guissona,Lleida,2012,31,16,15,0,0,1,30,0,31,1,4,1,20,3,1,0,0,0,0
251109,Guissona,Lleida,2013,31,29,1,1,0,0,31,0,31,7,9,2,11,2,0,0,0,0,0
251109,Guissona,Lleida,2014,48,26,22,0,0,0,48,0,48,7,11,5,24,1,0,0,0,0,0
251109,Guissona,Lleida,2015,20,20,0,0,0,0,20,0,20,4,4,1,11,0,0,0,0,0,0
251109,Guissona,Lleida,2016,18,18,0,0,0,1,17,0,18,2,3,0,11,0,1,0,0,0,0
251109,Guissona,Lleida,2017,11,11,0,0,0,0,11,0,11,0,3,0,8,0,0,0,0,0,0
251109,Guissona,Lleida,2018,3,3,0,0,0,0,3,0,3,0,2,0,1,0,0,0,0,0,0
251109,Guissona,Lleida,2019,4,3,0,1,0,0,4,0,4,1,1,0,2,0,0,0,0,0,0
251109,Guissona,Lleida,2020,14,13,1,0,0,0,2,12,2,1,0,0,1,0,0,0,0,0,0
251109,Guissona,Lleida,2021,20,10,8,2,0,0,13,7,13,3,1,3,0,6,0,0,0,0,0
251109,Guissona,Lleida,2022,64,59,5,0,0,0,49,15,49,2,22,4,15,6,0,0,0,0,0
251109,Guissona,Lleida,2023,2,2,0,0,0,0,2,0,2,0,0,2,0,0,0,0,0,0,0
251121,Ivars de Noguera,Lleida,2011,2,0,0,2,1,0,0,1,1,0,0,0,0,0,0,0,0,0,0
251121,Ivars de Noguera,Lleida,2012,1,1,0,0,0,0,1,0,1,0,0,0,1,0,0,0,0,0,0
251121,Ivars de Noguera,Lleida,2013,0,0,0,0,0,0,0,0,0,0,0,0,0,0,0,0,0,0,0
251121,Ivars de Noguera,Lleida,2014,0,0,0,0,0,0,0,0,0,0,0,0,0,0,0,0,0,0,0
251121,Ivars de Noguera,Lleida,2015,0,0,0,0,0,0,0,0,0,0,0,0,0,0,0,0,0,0,0
251121,Ivars de Noguera,Lleida,2016,0,0,0,0,0,0,0,0,0,0,0,0,0,0,0,0,0,0,0
251121,Ivars de Noguera,Lleida,2017,0,0,0,0,0,0,0,0,0,0,0,0,0,0,0,0,0,0,0
251121,Ivars de Noguera,Lleida,2018,0,0,0,0,0,0,0,0,0,0,0,0,0,0,0,0,0,0,0
251121,Ivars de Noguera,Lleida,2019,0,0,0,0,0,0,0,0,0,0,0,0,0,0,0,0,0,0,0
251121,Ivars de Noguera,Lleida,2020,2,1,1,0,0,0,2,0,2,0,0,0,0,2,0,0,0,0,0
251121,Ivars de Noguera,Lleida,2021,3,1,0,2,0,0,0,3,0,0,0,0,0,0,0,0,0,0,0
251121,Ivars de Noguera,Lleida,2022,2,0,0,2,0,0,0,2,0,0,0,0,0,0,0,0,0,0,0
251137,Ivars d'Urgell,Lleida,2011,5,2,0,3,1,1,2,1,4,0,0,2,0,0,0,0,0,0,0
251137,Ivars d'Urgell,Lleida,2012,1,0,0,1,1,0,0,0,1,0,0,0,0,0,0,0,0,0,0
251137,Ivars d'Urgell,Lleida,2013,0,0,0,0,0,0,0,0,0,0,0,0,0,0,0,0,0,0,0
251137,Ivars d'Urgell,Lleida,2014,1,0,0,1,1,0,0,0,1,0,0,0,0,0,0,0,0,0,0
251137,Ivars d'Urgell,Lleida,2015,1,0,0,1,1,0,0,0,1,0,0,0,0,0,0,0,0,0,0
251137,Ivars d'Urgell,Lleida,2016,5,5,0,0,0,0,5,0,5,0,0,0,5,0,0,0,0,0,0
251137,Ivars d'Urgell,Lleida,2017,0,0,0,0,0,0,0,0,0,0,0,0,0,0,0,0,0,0,0
251137,Ivars d'Urgell,Lleida,2018,0,0,0,0,0,0,0,0,0,0,0,0,0,0,0,0,0,0,0
251137,Ivars d'Urgell,Lleida,2019,1,0,0,1,1,0,0,0,1,0,0,0,0,0,0,0,0,0,0
251137,Ivars d'Urgell,Lleida,2020,2,0,0,2,2,0,0,0,2,0,0,0,0,0,0,0,0,0,0
251137,Ivars d'Urgell,Lleida,2021,1,1,0,0,0,0,0,1,0,0,0,0,0,0,0,0,0,0,0
251137,Ivars d'Urgell,Lleida,2023,5,1,0,4,3,1,1,0,5,0,0,0,0,1,0,0,0,0,0
251155,Isona i Conca Dellà,Lleida,2011,0,0,0,0,0,0,0,0,0,0,0,0,0,0,0,0,0,0,0
251155,Isona i Conca Dellà,Lleida,2012,1,0,0,1,1,0,0,0,1,0,0,0,0,0,0,0,0,0,0
251155,Isona i Conca Dellà,Lleida,2013,1,0,0,1,1,0,0,0,1,0,0,0,0,0,0,0,0,0,0
251155,Isona i Conca Dellà,Lleida,2014,3,0,0,3,2,1,0,0,3,0,0,0,0,0,0,0,0,0,0
251155,Isona i Conca Dellà,Lleida,2015,2,0,0,2,0,2,0,0,2,0,0,0,0,0,0,0,0,0,0
251155,Isona i Conca Dellà,Lleida,2016,0,0,0,0,0,0,0,0,0,0,0,0,0,0,0,0,0,0,0
251155,Isona i Conca Dellà,Lleida,2017,2,0,0,2,1,1,0,0,2,0,0,0,0,0,0,0,0,0,0
251155,Isona i Conca Dellà,Lleida,2018,2,0,0,2,1,1,0,0,2,0,0,0,0,0,0,0,0,0,0
251155,Isona i Conca Dellà,Lleida,2019,2,0,0,2,2,0,0,0,2,0,0,0,0,0,0,0,0,0,0
251155,Isona i Conca Dellà,Lleida,2020,1,0,0,1,1,0,0,0,1,0,0,0,0,0,0,0,0,0,0
251155,Isona i Conca Dellà,Lleida,2021,0,0,0,0,0,0,0,0,0,0,0,0,0,0,0,0,0,0,0
251155,Isona i Conca Dellà,Lleida,2022,2,1,0,1,0,0,2,0,2,0,0,1,0,1,0,0,0,0,0
251155,Isona i Conca Dellà,Lleida,2023,3,0,1,2,2,1,0,0,3,0,0,0,0,0,0,0,0,0,0
251180,Juncosa,Lleida,2011,0,0,0,0,0,0,0,0,0,0,0,0,0,0,0,0,0,0,0
251180,Juncosa,Lleida,2012,0,0,0,0,0,0,0,0,0,0,0,0,0,0,0,0,0,0,0
251180,Juncosa,Lleida,2013,0,0,0,0,0,0,0,0,0,0,0,0,0,0,0,0,0,0,0
251180,Juncosa,Lleida,2014,0,0,0,0,0,0,0,0,0,0,0,0,0,0,0,0,0,0,0
251180,Juncosa,Lleida,2015,1,0,1,0,0,0,1,0,1,1,0,0,0,0,0,0,0,0,0
251180,Juncosa,Lleida,2016,1,0,1,0,0,0,1,0,1,1,0,0,0,0,0,0,0,0,0
251180,Juncosa,Lleida,2017,0,0,0,0,0,0,0,0,0,0,0,0,0,0,0,0,0,0,0
251180,Juncosa,Lleida,2018,1,0,1,0,0,0,1,0,1,1,0,0,0,0,0,0,0,0,0
251180,Juncosa,Lleida,2019,2,0,2,0,0,0,2,0,2,2,0,0,0,0,0,0,0,0,0
251180,Juncosa,Lleida,2020,0,0,0,0,0,0,0,0,0,0,0,0,0,0,0,0,0,0,0
251180,Juncosa,Lleida,2021,0,0,0,0,0,0,0,0,0,0,0,0,0,0,0,0,0,0,0
251180,Juncosa,Lleida,2022,1,0,0,1,0,0,1,0,1,1,0,0,0,0,0,0,0,0,0
251180,Juncosa,Lleida,2023,3,1,0,2,0,0,3,0,3,2,0,0,1,0,0,0,0,0,0
251193,Juneda,Lleida,2011,14,11,0,3,3,1,10,0,14,0,0,8,1,1,0,0,0,0,0
251193,Juneda,Lleida,2012,2,1,0,1,1,0,1,0,2,0,0,1,0,0,0,0,0,0,0
251193,Juneda,Lleida,2013,1,1,0,0,0,0,1,0,1,0,0,0,1,0,0,0,0,0,0
251193,Juneda,Lleida,2014,1,0,0,1,1,0,0,0,1,0,0,0,0,0,0,0,0,0,0
251193,Juneda,Lleida,2015,0,0,0,0,0,0,0,0,0,0,0,0,0,0,0,0,0,0,0
251193,Juneda,Lleida,2016,4,1,0,3,3,0,1,0,4,0,0,0,1,0,0,0,0,0,0
251193,Juneda,Lleida,2017,7,1,2,4,4,0,3,0,7,0,0,0,2,1,0,0,0,0,0
251193,Juneda,Lleida,2018,22,19,1,2,2,0,20,0,22,1,0,19,0,0,0,0,0,0,0
251193,Juneda,Lleida,2019,55,55,0,0,0,0,55,0,55,0,0,50,5,0,0,0,0,0,0
251193,Juneda,Lleida,2020,21,21,0,0,0,0,21,0,21,0,0,15,5,0,1,0,0,0,0
251193,Juneda,Lleida,2021,16,13,0,3,3,0,13,0,16,1,0,8,4,0,0,0,0,0,0
251193,Juneda,Lleida,2022,35,30,1,4,4,0,31,0,35,0,1,17,11,2,0,0,0,0,0
251193,Juneda,Lleida,2023,14,6,2,6,5,1,8,0,14,0,0,0,4,4,0,0,0,0,0
251207,Lleida,Lleida,2011,1607,538,506,563,364,211,1007,25,1582,161,74,174,129,442,24,3,0,0,0
251207,Lleida,Lleida,2012,1487,499,545,443,245,213,989,40,1447,153,65,185,156,405,24,1,0,0,0
251207,Lleida,Lleida,2013,1142,353,372,417,241,179,708,14,1128,114,47,124,98,312,13,0,0,0,0
251207,Lleida,Lleida,2014,876,291,279,306,167,148,555,6,870,97,25,104,101,199,28,1,0,0,0
251207,Lleida,Lleida,2015,978,387,291,300,177,159,637,5,973,66,23,143,124,242,38,1,0,0,0
251207,Lleida,Lleida,2016,1038,375,350,313,190,168,676,4,1034,94,30,159,78,285,28,2,0,0,0
251207,Lleida,Lleida,2017,907,317,271,319,158,173,572,4,903,88,35,100,59,270,18,2,0,0,0
251207,Lleida,Lleida,2018,1032,365,331,336,150,181,698,3,1029,75,32,115,85,363,28,0,0,0,0
251207,Lleida,Lleida,2019,1187,558,325,304,160,134,891,2,1185,71,41,198,120,400,59,2,0,0,0
251207,Lleida,Lleida,2020,704,306,208,190,89,76,459,80,624,32,11,115,62,221,17,1,0,0,0
251207,Lleida,Lleida,2021,998,483,260,255,46,65,398,489,509,38,13,92,64,166,23,2,0,0,0
251207,Lleida,Lleida,2022,1087,615,289,183,61,73,806,147,940,54,9,177,138,403,24,1,0,0,0
251207,Lleida,Lleida,2023,1644,830,528,286,93,135,1332,84,1560,80,36,200,125,849,39,3,0,0,0
251214,Les,Lleida,2011,0,0,0,0,0,0,0,0,0,0,0,0,0,0,0,0,0,0,0
251214,Les,Lleida,2012,1,1,0,0,0,0,0,1,0,0,0,0,0,0,0,0,0,0,0
251214,Les,Lleida,2013,0,0,0,0,0,0,0,0,0,0,0,0,0,0,0,0,0,0,0
251214,Les,Lleida,2014,0,0,0,0,0,0,0,0,0,0,0,0,0,0,0,0,0,0,0
251214,Les,Lleida,2015,0,0,0,0,0,0,0,0,0,0,0,0,0,0,0,0,0,0,0
251214,Les,Lleida,2016,2,0,0,2,2,0,0,0,2,0,0,0,0,0,0,0,0,0,0
251214,Les,Lleida,2017,0,0,0,0,0,0,0,0,0,0,0,0,0,0,0,0,0,0,0
251214,Les,Lleida,2018,0,0,0,0,0,0,0,0,0,0,0,0,0,0,0,0,0,0,0
251214,Les,Lleida,2019,0,0,0,0,0,0,0,0,0,0,0,0,0,0,0,0,0,0,0
251214,Les,Lleida,2020,0,0,0,0,0,0,0,0,0,0,0,0,0,0,0,0,0,0,0
251214,Les,Lleida,2021,3,2,1,0,0,0,0,3,0,0,0,0,0,0,0,0,0,0,0
251229,Linyola,Lleida,2011,31,28,0,3,3,1,27,0,31,7,1,3,12,4,0,0,0,0,0
251229,Linyola,Lleida,2012,5,1,1,3,3,0,2,0,5,1,0,0,0,1,0,0,0,0,0
251229,Linyola,Lleida,2013,2,1,0,1,1,0,1,0,2,0,1,0,0,0,0,0,0,0,0
251229,Linyola,Lleida,2014,1,0,1,0,0,0,1,0,1,0,1,0,0,0,0,0,0,0,0
251229,Linyola,Lleida,2015,1,0,0,1,1,0,0,0,1,0,0,0,0,0,0,0,0,0,0
251229,Linyola,Lleida,2016,2,0,0,2,2,0,0,0,2,0,0,0,0,0,0,0,0,0,0
251229,Linyola,Lleida,2017,3,0,0,3,3,0,0,0,3,0,0,0,0,0,0,0,0,0,0
251229,Linyola,Lleida,2018,5,0,0,5,4,0,1,0,5,0,0,0,1,0,0,0,0,0,0
251229,Linyola,Lleida,2019,16,13,0,3,3,0,12,1,15,0,0,6,6,0,0,0,0,0,0
251229,Linyola,Lleida,2020,2,0,0,2,2,0,0,0,2,0,0,0,0,0,0,0,0,0,0
251229,Linyola,Lleida,2021,4,0,0,4,3,0,0,1,3,0,0,0,0,0,0,0,0,0,0
251229,Linyola,Lleida,2022,4,2,1,1,1,0,3,0,4,1,0,1,0,1,0,0,0,0,0
251229,Linyola,Lleida,2023,6,3,2,1,1,0,5,0,6,1,1,0,0,3,0,0,0,0,0
251235,Lladorre,Lleida,2011,1,0,0,1,1,0,0,0,1,0,0,0,0,0,0,0,0,0,0
251235,Lladorre,Lleida,2012,1,0,0,1,1,0,0,0,1,0,0,0,0,0,0,0,0,0,0
251235,Lladorre,Lleida,2013,0,0,0,0,0,0,0,0,0,0,0,0,0,0,0,0,0,0,0
251235,Lladorre,Lleida,2014,0,0,0,0,0,0,0,0,0,0,0,0,0,0,0,0,0,0,0
251235,Lladorre,Lleida,2015,0,0,0,0,0,0,0,0,0,0,0,0,0,0,0,0,0,0,0
251235,Lladorre,Lleida,2016,0,0,0,0,0,0,0,0,0,0,0,0,0,0,0,0,0,0,0
251235,Lladorre,Lleida,2017,0,0,0,0,0,0,0,0,0,0,0,0,0,0,0,0,0,0,0
251235,Lladorre,Lleida,2018,0,0,0,0,0,0,0,0,0,0,0,0,0,0,0,0,0,0,0
251235,Lladorre,Lleida,2019,1,0,0,1,0,1,0,0,1,0,0,0,0,0,0,0,0,0,0
251235,Lladorre,Lleida,2020,0,0,0,0,0,0,0,0,0,0,0,0,0,0,0,0,0,0,0
251235,Lladorre,Lleida,2021,0,0,0,0,0,0,0,0,0,0,0,0,0,0,0,0,0,0,0
251240,Lladurs,Lleida,2011,2,1,0,1,1,0,1,0,2,0,0,0,0,1,0,0,0,0,0
251240,Lladurs,Lleida,2012,2,0,0,2,2,0,0,0,2,0,0,0,0,0,0,0,0,0,0
251240,Lladurs,Lleida,2013,1,0,0,1,1,0,0,0,1,0,0,0,0,0,0,0,0,0,0
251240,Lladurs,Lleida,2014,0,0,0,0,0,0,0,0,0,0,0,0,0,0,0,0,0,0,0
251240,Lladurs,Lleida,2015,0,0,0,0,0,0,0,0,0,0,0,0,0,0,0,0,0,0,0
251240,Lladurs,Lleida,2016,0,0,0,0,0,0,0,0,0,0,0,0,0,0,0,0,0,0,0
251240,Lladurs,Lleida,2017,0,0,0,0,0,0,0,0,0,0,0,0,0,0,0,0,0,0,0
251240,Lladurs,Lleida,2018,0,0,0,0,0,0,0,0,0,0,0,0,0,0,0,0,0,0,0
251240,Lladurs,Lleida,2019,0,0,0,0,0,0,0,0,0,0,0,0,0,0,0,0,0,0,0
251240,Lladurs,Lleida,2020,0,0,0,0,0,0,0,0,0,0,0,0,0,0,0,0,0,0,0
251240,Lladurs,Lleida,2021,0,0,0,0,0,0,0,0,0,0,0,0,0,0,0,0,0,0,0
251253,Llardecans,Lleida,2011,0,0,0,0,0,0,0,0,0,0,0,0,0,0,0,0,0,0,0
251253,Llardecans,Lleida,2012,0,0,0,0,0,0,0,0,0,0,0,0,0,0,0,0,0,0,0
251253,Llardecans,Lleida,2013,1,0,0,1,1,0,0,0,1,0,0,0,0,0,0,0,0,0,0
251253,Llardecans,Lleida,2014,0,0,0,0,0,0,0,0,0,0,0,0,0,0,0,0,0,0,0
251253,Llardecans,Lleida,2015,0,0,0,0,0,0,0,0,0,0,0,0,0,0,0,0,0,0,0
251253,Llardecans,Lleida,2016,0,0,0,0,0,0,0,0,0,0,0,0,0,0,0,0,0,0,0
251253,Llardecans,Lleida,2017,0,0,0,0,0,0,0,0,0,0,0,0,0,0,0,0,0,0,0
251253,Llardecans,Lleida,2018,0,0,0,0,0,0,0,0,0,0,0,0,0,0,0,0,0,0,0
251253,Llardecans,Lleida,2019,0,0,0,0,0,0,0,0,0,0,0,0,0,0,0,0,0,0,0
251253,Llardecans,Lleida,2020,0,0,0,0,0,0,0,0,0,0,0,0,0,0,0,0,0,0,0
251253,Llardecans,Lleida,2021,0,0,0,0,0,0,0,0,0,0,0,0,0,0,0,0,0,0,0
251266,Llavorsí,Lleida,2011,2,0,1,1,1,0,1,0,2,0,0,0,0,1,0,0,0,0,0
251266,Llavorsí,Lleida,2012,3,2,1,0,0,0,3,0,3,0,0,2,0,1,0,0,0,0,0
251266,Llavorsí,Lleida,2013,0,0,0,0,0,0,0,0,0,0,0,0,0,0,0,0,0,0,0
251266,Llavorsí,Lleida,2014,0,0,0,0,0,0,0,0,0,0,0,0,0,0,0,0,0,0,0
251266,Llavorsí,Lleida,2015,1,0,0,1,1,0,0,0,1,0,0,0,0,0,0,0,0,0,0
251266,Llavorsí,Lleida,2016,1,0,0,1,1,0,0,0,1,0,0,0,0,0,0,0,0,0,0
251266,Llavorsí,Lleida,2017,3,0,0,3,2,0,1,0,3,1,0,0,0,0,0,0,0,0,0
251266,Llavorsí,Lleida,2018,1,0,0,1,0,0,1,0,1,1,0,0,0,0,0,0,0,0,0
251266,Llavorsí,Lleida,2019,0,0,0,0,0,0,0,0,0,0,0,0,0,0,0,0,0,0,0
251266,Llavorsí,Lleida,2020,0,0,0,0,0,0,0,0,0,0,0,0,0,0,0,0,0,0,0
251266,Llavorsí,Lleida,2021,0,0,0,0,0,0,0,0,0,0,0,0,0,0,0,0,0,0,0
251266,Llavorsí,Lleida,2022,1,0,1,0,1,0,0,0,1,0,0,0,0,0,0,0,0,0,0
251272,Lles de Cerdanya,Lleida,2011,2,1,1,0,0,0,2,0,2,2,0,0,0,0,0,0,0,0,0
251272,Lles de Cerdanya,Lleida,2012,1,0,1,0,0,0,1,0,1,1,0,0,0,0,0,0,0,0,0
251272,Lles de Cerdanya,Lleida,2013,2,0,0,2,1,1,0,0,2,0,0,0,0,0,0,0,0,0,0
251272,Lles de Cerdanya,Lleida,2014,1,0,0,1,1,0,0,0,1,0,0,0,0,0,0,0,0,0,0
251272,Lles de Cerdanya,Lleida,2015,0,0,0,0,0,0,0,0,0,0,0,0,0,0,0,0,0,0,0
251272,Lles de Cerdanya,Lleida,2016,0,0,0,0,0,0,0,0,0,0,0,0,0,0,0,0,0,0,0
251272,Lles de Cerdanya,Lleida,2017,0,0,0,0,0,0,0,0,0,0,0,0,0,0,0,0,0,0,0
251272,Lles de Cerdanya,Lleida,2018,0,0,0,0,0,0,0,0,0,0,0,0,0,0,0,0,0,0,0
251272,Lles de Cerdanya,Lleida,2019,0,0,0,0,0,0,0,0,0,0,0,0,0,0,0,0,0,0,0
251272,Lles de Cerdanya,Lleida,2020,0,0,0,0,0,0,0,0,0,0,0,0,0,0,0,0,0,0,0
251272,Lles de Cerdanya,Lleida,2021,3,1,2,0,0,0,0,3,0,0,0,0,0,0,0,0,0,0,0
251291,Llobera,Lleida,2011,0,0,0,0,0,0,0,0,0,0,0,0,0,0,0,0,0,0,0
251291,Llobera,Lleida,2012,0,0,0,0,0,0,0,0,0,0,0,0,0,0,0,0,0,0,0
251291,Llobera,Lleida,2013,1,0,0,1,1,0,0,0,1,0,0,0,0,0,0,0,0,0,0
251291,Llobera,Lleida,2014,0,0,0,0,0,0,0,0,0,0,0,0,0,0,0,0,0,0,0
251291,Llobera,Lleida,2015,0,0,0,0,0,0,0,0,0,0,0,0,0,0,0,0,0,0,0
251291,Llobera,Lleida,2016,0,0,0,0,0,0,0,0,0,0,0,0,0,0,0,0,0,0,0
251291,Llobera,Lleida,2017,0,0,0,0,0,0,0,0,0,0,0,0,0,0,0,0,0,0,0
251291,Llobera,Lleida,2018,0,0,0,0,0,0,0,0,0,0,0,0,0,0,0,0,0,0,0
251291,Llobera,Lleida,2019,0,0,0,0,0,0,0,0,0,0,0,0,0,0,0,0,0,0,0
251291,Llobera,Lleida,2020,0,0,0,0,0,0,0,0,0,0,0,0,0,0,0,0,0,0,0
251291,Llobera,Lleida,2021,1,1,0,0,0,0,0,1,0,0,0,0,0,0,0,0,0,0,0
251312,Massalcoreig,Lleida,2011,0,0,0,0,0,0,0,0,0,0,0,0,0,0,0,0,0,0,0
251312,Massalcoreig,Lleida,2012,0,0,0,0,0,0,0,0,0,0,0,0,0,0,0,0,0,0,0
251312,Massalcoreig,Lleida,2013,0,0,0,0,0,0,0,0,0,0,0,0,0,0,0,0,0,0,0
251312,Massalcoreig,Lleida,2014,0,0,0,0,0,0,0,0,0,0,0,0,0,0,0,0,0,0,0
251312,Massalcoreig,Lleida,2015,1,0,0,1,0,1,0,0,1,0,0,0,0,0,0,0,0,0,0
251312,Massalcoreig,Lleida,2016,0,0,0,0,0,0,0,0,0,0,0,0,0,0,0,0,0,0,0
251312,Massalcoreig,Lleida,2017,0,0,0,0,0,0,0,0,0,0,0,0,0,0,0,0,0,0,0
251312,Massalcoreig,Lleida,2018,1,0,1,0,0,0,1,0,1,0,0,1,0,0,0,0,0,0,0
251312,Massalcoreig,Lleida,2019,0,0,0,0,0,0,0,0,0,0,0,0,0,0,0,0,0,0,0
251312,Massalcoreig,Lleida,2020,0,0,0,0,0,0,0,0,0,0,0,0,0,0,0,0,0,0,0
251312,Massalcoreig,Lleida,2021,0,0,0,0,0,0,0,0,0,0,0,0,0,0,0,0,0,0,0
251333,Maials,Lleida,2011,0,0,0,0,0,0,0,0,0,0,0,0,0,0,0,0,0,0,0
251333,Maials,Lleida,2012,30,30,0,0,0,0,30,0,30,0,0,1,29,0,0,0,0,0,0
251333,Maials,Lleida,2013,1,0,0,1,1,0,0,0,1,0,0,0,0,0,0,0,0,0,0
251333,Maials,Lleida,2014,1,0,0,1,1,0,0,0,1,0,0,0,0,0,0,0,0,0,0
251333,Maials,Lleida,2015,35,35,0,0,0,0,35,0,35,0,0,1,34,0,0,0,0,0,0
251333,Maials,Lleida,2016,0,0,0,0,0,0,0,0,0,0,0,0,0,0,0,0,0,0,0
251333,Maials,Lleida,2017,0,0,0,0,0,0,0,0,0,0,0,0,0,0,0,0,0,0,0
251333,Maials,Lleida,2018,1,1,0,0,0,0,1,0,1,0,0,1,0,0,0,0,0,0,0
251333,Maials,Lleida,2019,0,0,0,0,0,0,0,0,0,0,0,0,0,0,0,0,0,0,0
251333,Maials,Lleida,2020,0,0,0,0,0,0,0,0,0,0,0,0,0,0,0,0,0,0,0
251333,Maials,Lleida,2021,0,0,0,0,0,0,0,0,0,0,0,0,0,0,0,0,0,0,0
251333,Maials,Lleida,2023,1,0,0,1,1,0,0,0,1,0,0,0,0,0,0,0,0,0,0
251348,Menàrguens,Lleida,2011,5,4,0,1,1,0,4,0,5,0,0,0,4,0,0,0,0,0,0
251348,Menàrguens,Lleida,2012,5,3,1,1,1,0,4,0,5,0,0,0,4,0,0,0,0,0,0
251348,Menàrguens,Lleida,2013,2,0,0,2,2,0,0,0,2,0,0,0,0,0,0,0,0,0,0
251348,Menàrguens,Lleida,2014,0,0,0,0,0,0,0,0,0,0,0,0,0,0,0,0,0,0,0
251348,Menàrguens,Lleida,2015,0,0,0,0,0,0,0,0,0,0,0,0,0,0,0,0,0,0,0
251348,Menàrguens,Lleida,2016,0,0,0,0,0,0,0,0,0,0,0,0,0,0,0,0,0,0,0
251348,Menàrguens,Lleida,2017,1,0,0,1,1,0,0,0,1,0,0,0,0,0,0,0,0,0,0
251348,Menàrguens,Lleida,2018,3,0,0,3,3,0,0,0,3,0,0,0,0,0,0,0,0,0,0
251348,Menàrguens,Lleida,2019,6,1,4,1,1,0,5,0,6,3,1,0,1,0,0,0,0,0,0
251348,Menàrguens,Lleida,2020,3,0,1,2,1,0,1,1,2,0,0,0,1,0,0,0,0,0,0
251348,Menàrguens,Lleida,2021,0,0,0,0,0,0,0,0,0,0,0,0,0,0,0,0,0,0,0
251348,Menàrguens,Lleida,2022,2,1,0,1,1,0,1,0,2,0,0,0,1,0,0,0,0,0,0
251348,Menàrguens,Lleida,2023,1,0,0,1,1,0,0,0,1,0,0,0,0,0,0,0,0,0,0
251351,Miralcamp,Lleida,2011,2,1,1,0,0,0,2,0,2,2,0,0,0,0,0,0,0,0,0
251351,Miralcamp,Lleida,2012,1,1,0,0,0,0,1,0,1,1,0,0,0,0,0,0,0,0,0
251351,Miralcamp,Lleida,2013,0,0,0,0,0,0,0,0,0,0,0,0,0,0,0,0,0,0,0
251351,Miralcamp,Lleida,2014,0,0,0,0,0,0,0,0,0,0,0,0,0,0,0,0,0,0,0
251351,Miralcamp,Lleida,2015,1,0,0,1,0,0,1,0,1,1,0,0,0,0,0,0,0,0,0
251351,Miralcamp,Lleida,2016,2,0,0,2,0,0,2,0,2,2,0,0,0,0,0,0,0,0,0
251351,Miralcamp,Lleida,2017,0,0,0,0,0,0,0,0,0,0,0,0,0,0,0,0,0,0,0
251351,Miralcamp,Lleida,2018,1,0,0,1,0,0,1,0,1,1,0,0,0,0,0,0,0,0,0
251351,Miralcamp,Lleida,2019,1,0,0,1,0,0,1,0,1,1,0,0,0,0,0,0,0,0,0
251351,Miralcamp,Lleida,2020,1,0,0,1,1,0,0,0,1,0,0,0,0,0,0,0,0,0,0
251351,Miralcamp,Lleida,2021,2,1,0,1,0,0,0,2,0,0,0,0,0,0,0,0,0,0,0
251351,Miralcamp,Lleida,2022,6,2,2,2,1,0,0,5,1,0,0,0,0,0,0,0,0,0,0
251351,Miralcamp,Lleida,2023,4,0,1,3,3,0,1,0,4,0,0,0,0,1,0,0,0,0,0
251364,La Molsosa,Lleida,2011,0,0,0,0,0,0,0,0,0,0,0,0,0,0,0,0,0,0,0
251364,La Molsosa,Lleida,2012,0,0,0,0,0,0,0,0,0,0,0,0,0,0,0,0,0,0,0
251364,La Molsosa,Lleida,2013,0,0,0,0,0,0,0,0,0,0,0,0,0,0,0,0,0,0,0
251364,La Molsosa,Lleida,2014,0,0,0,0,0,0,0,0,0,0,0,0,0,0,0,0,0,0,0
251364,La Molsosa,Lleida,2015,0,0,0,0,0,0,0,0,0,0,0,0,0,0,0,0,0,0,0
251364,La Molsosa,Lleida,2016,1,0,0,1,1,0,0,0,1,0,0,0,0,0,0,0,0,0,0
251364,La Molsosa,Lleida,2017,0,0,0,0,0,0,0,0,0,0,0,0,0,0,0,0,0,0,0
251364,La Molsosa,Lleida,2018,0,0,0,0,0,0,0,0,0,0,0,0,0,0,0,0,0,0,0
251364,La Molsosa,Lleida,2019,0,0,0,0,0,0,0,0,0,0,0,0,0,0,0,0,0,0,0
251364,La Molsosa,Lleida,2020,0,0,0,0,0,0,0,0,0,0,0,0,0,0,0,0,0,0,0
251364,La Molsosa,Lleida,2021,0,0,0,0,0,0,0,0,0,0,0,0,0,0,0,0,0,0,0
251370,Mollerussa,Lleida,2011,141,88,28,25,18,8,115,0,141,23,2,16,47,24,3,0,0,0,0
251370,Mollerussa,Lleida,2012,89,71,0,18,16,6,66,1,88,10,1,25,13,17,0,0,0,0,0
251370,Mollerussa,Lleida,2013,10,0,2,8,8,2,0,0,10,0,0,0,0,0,0,0,0,0,0
251370,Mollerussa,Lleida,2014,23,19,0,4,1,4,18,0,23,6,0,0,10,2,0,0,0,0,0
251370,Mollerussa,Lleida,2015,6,0,0,6,5,1,0,0,6,0,0,0,0,0,0,0,0,0,0
251370,Mollerussa,Lleida,2016,34,20,2,12,8,4,22,0,34,2,0,9,8,3,0,0,0,0,0
251370,Mollerussa,Lleida,2017,64,48,1,15,15,1,48,0,64,2,0,27,10,9,0,0,0,0,0
251370,Mollerussa,Lleida,2018,21,2,7,12,10,0,11,0,21,2,0,5,1,3,0,0,0,0,0
251370,Mollerussa,Lleida,2019,85,68,0,17,12,4,69,0,85,4,0,26,6,29,4,0,0,0,0
251370,Mollerussa,Lleida,2020,40,5,25,10,5,4,28,3,37,3,0,1,1,20,3,0,0,0,0
251370,Mollerussa,Lleida,2021,41,12,19,10,4,1,23,13,28,6,0,0,4,11,0,2,0,0,0
251370,Mollerussa,Lleida,2022,83,48,17,18,9,0,70,4,79,11,10,14,8,27,0,0,0,0,0
251370,Mollerussa,Lleida,2023,88,50,19,19,9,0,78,1,87,9,4,14,10,40,1,0,0,0,0
251386,Montgai,Lleida,2011,3,0,0,3,3,0,0,0,3,0,0,0,0,0,0,0,0,0,0
251386,Montgai,Lleida,2012,3,0,0,3,3,0,0,0,3,0,0,0,0,0,0,0,0,0,0
251386,Montgai,Lleida,2013,1,0,0,1,1,0,0,0,1,0,0,0,0,0,0,0,0,0,0
251386,Montgai,Lleida,2014,1,0,0,1,1,0,0,0,1,0,0,0,0,0,0,0,0,0,0
251386,Montgai,Lleida,2015,1,0,0,1,1,0,0,0,1,0,0,0,0,0,0,0,0,0,0
251386,Montgai,Lleida,2016,2,0,0,2,2,0,0,0,2,0,0,0,0,0,0,0,0,0,0
251386,Montgai,Lleida,2017,0,0,0,0,0,0,0,0,0,0,0,0,0,0,0,0,0,0,0
251386,Montgai,Lleida,2018,0,0,0,0,0,0,0,0,0,0,0,0,0,0,0,0,0,0,0
251386,Montgai,Lleida,2019,0,0,0,0,0,0,0,0,0,0,0,0,0,0,0,0,0,0,0
251386,Montgai,Lleida,2020,0,0,0,0,0,0,0,0,0,0,0,0,0,0,0,0,0,0,0
251386,Montgai,Lleida,2021,2,0,0,2,2,0,0,0,2,0,0,0,0,0,0,0,0,0,0
251386,Montgai,Lleida,2022,1,1,0,0,0,1,0,0,1,0,0,0,0,0,0,0,0,0,0
251386,Montgai,Lleida,2023,1,0,0,1,1,0,0,0,1,0,0,0,0,0,0,0,0,0,0
251399,Montellà i Martinet,Lleida,2011,5,1,1,3,3,0,2,0,5,2,0,0,0,0,0,0,0,0,0
251399,Montellà i Martinet,Lleida,2012,0,0,0,0,0,0,0,0,0,0,0,0,0,0,0,0,0,0,0
251399,Montellà i Martinet,Lleida,2013,0,0,0,0,0,0,0,0,0,0,0,0,0,0,0,0,0,0,0
251399,Montellà i Martinet,Lleida,2014,0,0,0,0,0,0,0,0,0,0,0,0,0,0,0,0,0,0,0
251399,Montellà i Martinet,Lleida,2015,0,0,0,0,0,0,0,0,0,0,0,0,0,0,0,0,0,0,0
251399,Montellà i Martinet,Lleida,2016,2,2,0,0,0,0,2,0,2,1,0,0,0,0,1,0,0,0,0
251399,Montellà i Martinet,Lleida,2017,0,0,0,0,0,0,0,0,0,0,0,0,0,0,0,0,0,0,0
251399,Montellà i Martinet,Lleida,2018,1,0,0,1,1,0,0,0,1,0,0,0,0,0,0,0,0,0,0
251399,Montellà i Martinet,Lleida,2019,1,0,0,1,0,1,0,0,1,0,0,0,0,0,0,0,0,0,0
251399,Montellà i Martinet,Lleida,2020,2,0,0,2,0,2,0,0,2,0,0,0,0,0,0,0,0,0,0
251399,Montellà i Martinet,Lleida,2021,3,2,0,1,1,1,0,1,2,0,0,0,0,0,0,0,0,0,0
251403,Montferrer i Castellbò,Lleida,2011,1,0,0,1,1,0,0,0,1,0,0,0,0,0,0,0,0,0,0
251403,Montferrer i Castellbò,Lleida,2012,1,0,0,1,1,0,0,0,1,0,0,0,0,0,0,0,0,0,0
251403,Montferrer i Castellbò,Lleida,2013,1,0,0,1,0,1,0,0,1,0,0,0,0,0,0,0,0,0,0
251403,Montferrer i Castellbò,Lleida,2014,2,0,0,2,0,2,0,0,2,0,0,0,0,0,0,0,0,0,0
251403,Montferrer i Castellbò,Lleida,2015,2,0,0,2,0,2,0,0,2,0,0,0,0,0,0,0,0,0,0
251403,Montferrer i Castellbò,Lleida,2016,1,0,0,1,0,1,0,0,1,0,0,0,0,0,0,0,0,0,0
251403,Montferrer i Castellbò,Lleida,2017,3,0,0,3,2,0,1,0,3,0,1,0,0,0,0,0,0,0,0
251403,Montferrer i Castellbò,Lleida,2018,1,0,0,1,1,0,0,0,1,0,0,0,0,0,0,0,0,0,0
251403,Montferrer i Castellbò,Lleida,2019,0,0,0,0,0,0,0,0,0,0,0,0,0,0,0,0,0,0,0
251403,Montferrer i Castellbò,Lleida,2020,0,0,0,0,0,0,0,0,0,0,0,0,0,0,0,0,0,0,0
251403,Montferrer i Castellbò,Lleida,2021,0,0,0,0,0,0,0,0,0,0,0,0,0,0,0,0,0,0,0
251410,Montoliu de Segarra,Lleida,2011,0,0,0,0,0,0,0,0,0,0,0,0,0,0,0,0,0,0,0
251410,Montoliu de Segarra,Lleida,2012,0,0,0,0,0,0,0,0,0,0,0,0,0,0,0,0,0,0,0
251410,Montoliu de Segarra,Lleida,2013,0,0,0,0,0,0,0,0,0,0,0,0,0,0,0,0,0,0,0
251410,Montoliu de Segarra,Lleida,2014,0,0,0,0,0,0,0,0,0,0,0,0,0,0,0,0,0,0,0
251410,Montoliu de Segarra,Lleida,2015,0,0,0,0,0,0,0,0,0,0,0,0,0,0,0,0,0,0,0
251410,Montoliu de Segarra,Lleida,2016,0,0,0,0,0,0,0,0,0,0,0,0,0,0,0,0,0,0,0
251410,Montoliu de Segarra,Lleida,2017,0,0,0,0,0,0,0,0,0,0,0,0,0,0,0,0,0,0,0
251410,Montoliu de Segarra,Lleida,2018,0,0,0,0,0,0,0,0,0,0,0,0,0,0,0,0,0,0,0
251410,Montoliu de Segarra,Lleida,2019,0,0,0,0,0,0,0,0,0,0,0,0,0,0,0,0,0,0,0
251410,Montoliu de Segarra,Lleida,2020,0,0,0,0,0,0,0,0,0,0,0,0,0,0,0,0,0,0,0
251410,Montoliu de Segarra,Lleida,2021,30,25,2,3,0,0,3,27,3,0,0,1,0,2,0,0,0,0,0
251410,Montoliu de Segarra,Lleida,2022,51,17,27,7,0,0,5,46,5,0,2,1,0,2,0,0,0,0,0
251410,Montoliu de Segarra,Lleida,2023,9,3,5,1,0,0,2,7,2,0,0,1,0,1,0,0,0,0,0
251425,Montoliu de Lleida,Lleida,2011,3,0,0,3,3,0,0,0,3,0,0,0,0,0,0,0,0,0,0
251425,Montoliu de Lleida,Lleida,2012,1,0,0,1,1,0,0,0,1,0,0,0,0,0,0,0,0,0,0
251425,Montoliu de Lleida,Lleida,2013,1,0,0,1,0,0,1,0,1,0,1,0,0,0,0,0,0,0,0
251425,Montoliu de Lleida,Lleida,2014,0,0,0,0,0,0,0,0,0,0,0,0,0,0,0,0,0,0,0
251425,Montoliu de Lleida,Lleida,2015,0,0,0,0,0,0,0,0,0,0,0,0,0,0,0,0,0,0,0
251425,Montoliu de Lleida,Lleida,2016,0,0,0,0,0,0,0,0,0,0,0,0,0,0,0,0,0,0,0
251425,Montoliu de Lleida,Lleida,2017,0,0,0,0,0,0,0,0,0,0,0,0,0,0,0,0,0,0,0
251425,Montoliu de Lleida,Lleida,2018,2,1,1,0,0,0,2,0,2,0,0,0,2,0,0,0,0,0,0
251425,Montoliu de Lleida,Lleida,2019,3,0,0,3,0,0,3,0,3,0,0,0,0,3,0,0,0,0,0
251425,Montoliu de Lleida,Lleida,2020,1,0,0,1,0,0,1,0,1,0,0,0,0,1,0,0,0,0,0
251425,Montoliu de Lleida,Lleida,2021,0,0,0,0,0,0,0,0,0,0,0,0,0,0,0,0,0,0,0
251425,Montoliu de Lleida,Lleida,2023,1,0,0,1,0,0,1,0,1,0,0,0,0,1,0,0,0,0,0
251459,Nalec,Lleida,2011,0,0,0,0,0,0,0,0,0,0,0,0,0,0,0,0,0,0,0
251459,Nalec,Lleida,2012,0,0,0,0,0,0,0,0,0,0,0,0,0,0,0,0,0,0,0
251459,Nalec,Lleida,2013,0,0,0,0,0,0,0,0,0,0,0,0,0,0,0,0,0,0,0
251459,Nalec,Lleida,2014,0,0,0,0,0,0,0,0,0,0,0,0,0,0,0,0,0,0,0
251459,Nalec,Lleida,2015,1,0,0,1,1,0,0,0,1,0,0,0,0,0,0,0,0,0,0
251459,Nalec,Lleida,2016,1,0,0,1,1,0,0,0,1,0,0,0,0,0,0,0,0,0,0
251459,Nalec,Lleida,2017,0,0,0,0,0,0,0,0,0,0,0,0,0,0,0,0,0,0,0
251459,Nalec,Lleida,2018,0,0,0,0,0,0,0,0,0,0,0,0,0,0,0,0,0,0,0
251459,Nalec,Lleida,2019,0,0,0,0,0,0,0,0,0,0,0,0,0,0,0,0,0,0,0
251459,Nalec,Lleida,2020,0,0,0,0,0,0,0,0,0,0,0,0,0,0,0,0,0,0,0
251459,Nalec,Lleida,2021,0,0,0,0,0,0,0,0,0,0,0,0,0,0,0,0,0,0,0
251462,Navès,Lleida,2011,0,0,0,0,0,0,0,0,0,0,0,0,0,0,0,0,0,0,0
251462,Navès,Lleida,2012,0,0,0,0,0,0,0,0,0,0,0,0,0,0,0,0,0,0,0
251462,Navès,Lleida,2013,1,1,0,0,0,0,1,0,1,1,0,0,0,0,0,0,0,0,0
251462,Navès,Lleida,2014,2,1,1,0,0,0,2,0,2,2,0,0,0,0,0,0,0,0,0
251462,Navès,Lleida,2015,1,0,1,0,0,0,1,0,1,1,0,0,0,0,0,0,0,0,0
251462,Navès,Lleida,2016,0,0,0,0,0,0,0,0,0,0,0,0,0,0,0,0,0,0,0
251462,Navès,Lleida,2017,0,0,0,0,0,0,0,0,0,0,0,0,0,0,0,0,0,0,0
251462,Navès,Lleida,2018,2,0,0,2,1,1,0,0,2,0,0,0,0,0,0,0,0,0,0
251462,Navès,Lleida,2019,7,5,0,2,1,1,5,0,7,0,0,0,5,0,0,0,0,0,0
251462,Navès,Lleida,2020,0,0,0,0,0,0,0,0,0,0,0,0,0,0,0,0,0,0,0
251462,Navès,Lleida,2021,0,0,0,0,0,0,0,0,0,0,0,0,0,0,0,0,0,0,0
251462,Navès,Lleida,2023,1,1,0,0,0,0,1,0,1,1,0,0,0,0,0,0,0,0,0
251484,Odèn,Lleida,2011,0,0,0,0,0,0,0,0,0,0,0,0,0,0,0,0,0,0,0
251484,Odèn,Lleida,2012,0,0,0,0,0,0,0,0,0,0,0,0,0,0,0,0,0,0,0
251484,Odèn,Lleida,2013,0,0,0,0,0,0,0,0,0,0,0,0,0,0,0,0,0,0,0
251484,Odèn,Lleida,2014,3,1,1,1,1,0,2,0,3,0,0,0,0,0,2,0,0,0,0
251484,Odèn,Lleida,2015,6,1,4,1,1,1,4,0,6,2,0,0,0,0,2,0,0,0,0
251484,Odèn,Lleida,2016,3,1,0,2,0,0,3,0,3,2,0,0,0,1,0,0,0,0,0
251484,Odèn,Lleida,2017,1,0,0,1,0,0,1,0,1,1,0,0,0,0,0,0,0,0,0
251484,Odèn,Lleida,2018,0,0,0,0,0,0,0,0,0,0,0,0,0,0,0,0,0,0,0
251484,Odèn,Lleida,2019,0,0,0,0,0,0,0,0,0,0,0,0,0,0,0,0,0,0,0
251484,Odèn,Lleida,2020,0,0,0,0,0,0,0,0,0,0,0,0,0,0,0,0,0,0,0
251484,Odèn,Lleida,2021,0,0,0,0,0,0,0,0,0,0,0,0,0,0,0,0,0,0,0
251497,Oliana,Lleida,2011,15,14,0,1,1,0,14,0,15,2,0,9,0,2,1,0,0,0,0
251497,Oliana,Lleida,2012,0,0,0,0,0,0,0,0,0,0,0,0,0,0,0,0,0,0,0
251497,Oliana,Lleida,2013,0,0,0,0,0,0,0,0,0,0,0,0,0,0,0,0,0,0,0
251497,Oliana,Lleida,2014,1,0,0,1,1,0,0,0,1,0,0,0,0,0,0,0,0,0,0
251497,Oliana,Lleida,2015,1,0,1,0,0,0,1,0,1,0,0,0,1,0,0,0,0,0,0
251497,Oliana,Lleida,2016,1,0,0,1,1,0,0,0,1,0,0,0,0,0,0,0,0,0,0
251497,Oliana,Lleida,2017,0,0,0,0,0,0,0,0,0,0,0,0,0,0,0,0,0,0,0
251497,Oliana,Lleida,2018,0,0,0,0,0,0,0,0,0,0,0,0,0,0,0,0,0,0,0
251497,Oliana,Lleida,2019,0,0,0,0,0,0,0,0,0,0,0,0,0,0,0,0,0,0,0
251497,Oliana,Lleida,2020,0,0,0,0,0,0,0,0,0,0,0,0,0,0,0,0,0,0,0
251497,Oliana,Lleida,2021,3,1,0,2,1,0,1,1,2,0,0,0,0,1,0,0,0,0,0
251497,Oliana,Lleida,2022,3,1,0,2,2,0,1,0,3,0,0,0,0,1,0,0,0,0,0
251497,Oliana,Lleida,2023,1,1,0,0,0,1,0,0,1,0,0,0,0,0,0,0,0,0,0
251500,Oliola,Lleida,2011,1,1,0,0,0,0,1,0,1,0,1,0,0,0,0,0,0,0,0
251500,Oliola,Lleida,2012,1,0,1,0,0,0,1,0,1,0,1,0,0,0,0,0,0,0,0
251500,Oliola,Lleida,2013,3,0,3,0,0,0,3,0,3,0,3,0,0,0,0,0,0,0,0
251500,Oliola,Lleida,2014,2,0,1,1,0,0,2,0,2,0,2,0,0,0,0,0,0,0,0
251500,Oliola,Lleida,2015,0,0,0,0,0,0,0,0,0,0,0,0,0,0,0,0,0,0,0
251500,Oliola,Lleida,2016,0,0,0,0,0,0,0,0,0,0,0,0,0,0,0,0,0,0,0
251500,Oliola,Lleida,2017,0,0,0,0,0,0,0,0,0,0,0,0,0,0,0,0,0,0,0
251500,Oliola,Lleida,2018,0,0,0,0,0,0,0,0,0,0,0,0,0,0,0,0,0,0,0
251500,Oliola,Lleida,2019,0,0,0,0,0,0,0,0,0,0,0,0,0,0,0,0,0,0,0
251500,Oliola,Lleida,2020,0,0,0,0,0,0,0,0,0,0,0,0,0,0,0,0,0,0,0
251500,Oliola,Lleida,2021,0,0,0,0,0,0,0,0,0,0,0,0,0,0,0,0,0,0,0
251517,Olius,Lleida,2011,10,0,0,10,8,0,2,0,10,0,0,0,0,2,0,0,0,0,0
251517,Olius,Lleida,2012,5,0,0,5,5,0,0,0,5,0,0,0,0,0,0,0,0,0,0
251517,Olius,Lleida,2013,3,0,0,3,3,0,0,0,3,0,0,0,0,0,0,0,0,0,0
251517,Olius,Lleida,2014,1,0,0,1,1,0,0,0,1,0,0,0,0,0,0,0,0,0,0
251517,Olius,Lleida,2015,0,0,0,0,0,0,0,0,0,0,0,0,0,0,0,0,0,0,0
251517,Olius,Lleida,2016,0,0,0,0,0,0,0,0,0,0,0,0,0,0,0,0,0,0,0
251517,Olius,Lleida,2017,0,0,0,0,0,0,0,0,0,0,0,0,0,0,0,0,0,0,0
251517,Olius,Lleida,2018,0,0,0,0,0,0,0,0,0,0,0,0,0,0,0,0,0,0,0
251517,Olius,Lleida,2019,1,0,0,1,0,0,1,0,1,0,0,0,0,1,0,0,0,0,0
251517,Olius,Lleida,2020,0,0,0,0,0,0,0,0,0,0,0,0,0,0,0,0,0,0,0
251517,Olius,Lleida,2021,0,0,0,0,0,0,0,0,0,0,0,0,0,0,0,0,0,0,0
251517,Olius,Lleida,2022,13,11,1,1,1,0,12,0,13,3,1,4,0,4,0,0,0,0,0
251517,Olius,Lleida,2023,11,8,0,3,0,0,11,0,11,0,2,5,0,4,0,0,0,0,0
251538,Els Omellons,Lleida,2011,1,1,0,0,1,0,0,0,1,0,0,0,0,0,0,0,0,0,0
251538,Els Omellons,Lleida,2012,0,0,0,0,0,0,0,0,0,0,0,0,0,0,0,0,0,0,0
251538,Els Omellons,Lleida,2013,0,0,0,0,0,0,0,0,0,0,0,0,0,0,0,0,0,0,0
251538,Els Omellons,Lleida,2014,0,0,0,0,0,0,0,0,0,0,0,0,0,0,0,0,0,0,0
251538,Els Omellons,Lleida,2015,0,0,0,0,0,0,0,0,0,0,0,0,0,0,0,0,0,0,0
251538,Els Omellons,Lleida,2016,0,0,0,0,0,0,0,0,0,0,0,0,0,0,0,0,0,0,0
251538,Els Omellons,Lleida,2017,0,0,0,0,0,0,0,0,0,0,0,0,0,0,0,0,0,0,0
251538,Els Omellons,Lleida,2018,0,0,0,0,0,0,0,0,0,0,0,0,0,0,0,0,0,0,0
251538,Els Omellons,Lleida,2019,0,0,0,0,0,0,0,0,0,0,0,0,0,0,0,0,0,0,0
251538,Els Omellons,Lleida,2020,0,0,0,0,0,0,0,0,0,0,0,0,0,0,0,0,0,0,0
251538,Els Omellons,Lleida,2021,0,0,0,0,0,0,0,0,0,0,0,0,0,0,0,0,0,0,0
251556,Organyà,Lleida,2011,2,0,0,2,0,0,2,0,2,0,2,0,0,0,0,0,0,0,0
251556,Organyà,Lleida,2012,1,0,0,1,1,0,0,0,1,0,0,0,0,0,0,0,0,0,0
251556,Organyà,Lleida,2013,1,1,0,0,0,0,1,0,1,0,0,0,0,1,0,0,0,0,0
251556,Organyà,Lleida,2014,0,0,0,0,0,0,0,0,0,0,0,0,0,0,0,0,0,0,0
251556,Organyà,Lleida,2015,0,0,0,0,0,0,0,0,0,0,0,0,0,0,0,0,0,0,0
251556,Organyà,Lleida,2016,0,0,0,0,0,0,0,0,0,0,0,0,0,0,0,0,0,0,0
251556,Organyà,Lleida,2017,0,0,0,0,0,0,0,0,0,0,0,0,0,0,0,0,0,0,0
251556,Organyà,Lleida,2018,1,0,0,1,1,0,0,0,1,0,0,0,0,0,0,0,0,0,0
251556,Organyà,Lleida,2019,4,4,0,0,0,0,4,0,4,0,0,2,0,0,2,0,0,0,0
251556,Organyà,Lleida,2020,2,2,0,0,0,0,2,0,2,0,0,0,0,1,1,0,0,0,0
251556,Organyà,Lleida,2021,3,0,3,0,0,0,3,0,3,0,0,0,0,3,0,0,0,0,0
251569,Os de Balaguer,Lleida,2011,0,0,0,0,0,0,0,0,0,0,0,0,0,0,0,0,0,0,0
251569,Os de Balaguer,Lleida,2012,0,0,0,0,0,0,0,0,0,0,0,0,0,0,0,0,0,0,0
251569,Os de Balaguer,Lleida,2013,0,0,0,0,0,0,0,0,0,0,0,0,0,0,0,0,0,0,0
251569,Os de Balaguer,Lleida,2014,0,0,0,0,0,0,0,0,0,0,0,0,0,0,0,0,0,0,0
251569,Os de Balaguer,Lleida,2015,1,0,0,1,1,0,0,0,1,0,0,0,0,0,0,0,0,0,0
251569,Os de Balaguer,Lleida,2016,2,0,0,2,2,0,0,0,2,0,0,0,0,0,0,0,0,0,0
251569,Os de Balaguer,Lleida,2017,1,0,0,1,1,0,0,0,1,0,0,0,0,0,0,0,0,0,0
251569,Os de Balaguer,Lleida,2018,0,0,0,0,0,0,0,0,0,0,0,0,0,0,0,0,0,0,0
251569,Os de Balaguer,Lleida,2019,1,0,0,1,0,1,0,0,1,0,0,0,0,0,0,0,0,0,0
251569,Os de Balaguer,Lleida,2020,4,0,0,4,2,2,0,0,4,0,0,0,0,0,0,0,0,0,0
251569,Os de Balaguer,Lleida,2021,2,0,0,2,1,1,0,0,2,0,0,0,0,0,0,0,0,0,0
251569,Os de Balaguer,Lleida,2022,2,0,1,1,2,0,0,0,2,0,0,0,0,0,0,0,0,0,0
251569,Os de Balaguer,Lleida,2023,4,0,0,4,4,0,0,0,4,0,0,0,0,0,0,0,0,0,0
251581,el Palau d'Anglesola,Lleida,2011,3,0,2,1,1,0,2,0,3,0,0,0,1,1,0,0,0,0,0
251581,el Palau d'Anglesola,Lleida,2012,3,1,0,2,2,1,0,0,3,0,0,0,0,0,0,0,0,0,0
251581,el Palau d'Anglesola,Lleida,2013,1,0,0,1,0,1,0,0,1,0,0,0,0,0,0,0,0,0,0
251581,el Palau d'Anglesola,Lleida,2014,2,0,0,2,0,2,0,0,2,0,0,0,0,0,0,0,0,0,0
251581,el Palau d'Anglesola,Lleida,2015,0,0,0,0,0,0,0,0,0,0,0,0,0,0,0,0,0,0,0
251581,el Palau d'Anglesola,Lleida,2016,0,0,0,0,0,0,0,0,0,0,0,0,0,0,0,0,0,0,0
251581,el Palau d'Anglesola,Lleida,2017,2,0,0,2,2,0,0,0,2,0,0,0,0,0,0,0,0,0,0
251581,el Palau d'Anglesola,Lleida,2018,3,0,0,3,3,0,0,0,3,0,0,0,0,0,0,0,0,0,0
251581,el Palau d'Anglesola,Lleida,2019,1,0,0,1,1,0,0,0,1,0,0,0,0,0,0,0,0,0,0
251581,el Palau d'Anglesola,Lleida,2020,2,0,0,2,2,0,0,0,2,0,0,0,0,0,0,0,0,0,0
251581,el Palau d'Anglesola,Lleida,2021,1,0,0,1,0,0,0,1,0,0,0,0,0,0,0,0,0,0,0
251581,el Palau d'Anglesola,Lleida,2022,11,0,2,9,1,1,2,7,4,0,0,2,0,0,0,0,0,0,0
251581,el Palau d'Anglesola,Lleida,2023,13,0,3,10,5,3,2,3,10,0,0,2,0,0,0,0,0,0,0
251615,Conca de Dalt,Lleida,2011,0,0,0,0,0,0,0,0,0,0,0,0,0,0,0,0,0,0,0
251615,Conca de Dalt,Lleida,2012,1,0,0,1,1,0,0,0,1,0,0,0,0,0,0,0,0,0,0
251615,Conca de Dalt,Lleida,2013,2,0,0,2,2,0,0,0,2,0,0,0,0,0,0,0,0,0,0
251615,Conca de Dalt,Lleida,2014,1,0,1,0,0,0,1,0,1,1,0,0,0,0,0,0,0,0,0
251615,Conca de Dalt,Lleida,2015,2,0,0,2,2,0,0,0,2,0,0,0,0,0,0,0,0,0,0
251615,Conca de Dalt,Lleida,2016,0,0,0,0,0,0,0,0,0,0,0,0,0,0,0,0,0,0,0
251615,Conca de Dalt,Lleida,2017,0,0,0,0,0,0,0,0,0,0,0,0,0,0,0,0,0,0,0
251615,Conca de Dalt,Lleida,2018,0,0,0,0,0,0,0,0,0,0,0,0,0,0,0,0,0,0,0
251615,Conca de Dalt,Lleida,2019,0,0,0,0,0,0,0,0,0,0,0,0,0,0,0,0,0,0,0
251615,Conca de Dalt,Lleida,2020,0,0,0,0,0,0,0,0,0,0,0,0,0,0,0,0,0,0,0
251615,Conca de Dalt,Lleida,2021,2,0,0,2,0,0,2,0,2,0,0,0,0,2,0,0,0,0,0
251615,Conca de Dalt,Lleida,2022,2,0,1,1,1,0,1,0,2,1,0,0,0,0,0,0,0,0,0
251615,Conca de Dalt,Lleida,2023,4,2,2,0,0,0,4,0,4,2,0,0,0,2,0,0,0,0,0
251636,La Coma i la Pedra,Lleida,2022,1,1,0,0,1,0,0,0,1,0,0,0,0,0,0,0,0,0,0
251636,La Coma i la Pedra,Lleida,2023,2,1,1,0,1,0,1,0,2,0,0,0,0,0,0,0,0,0,1
251641,Penelles,Lleida,2011,1,0,1,0,0,0,1,0,1,0,0,0,1,0,0,0,0,0,0
251641,Penelles,Lleida,2012,0,0,0,0,0,0,0,0,0,0,0,0,0,0,0,0,0,0,0
251641,Penelles,Lleida,2013,0,0,0,0,0,0,0,0,0,0,0,0,0,0,0,0,0,0,0
251641,Penelles,Lleida,2014,3,0,2,1,1,0,2,0,3,2,0,0,0,0,0,0,0,0,0
251641,Penelles,Lleida,2015,2,0,0,2,2,0,0,0,2,0,0,0,0,0,0,0,0,0,0
251641,Penelles,Lleida,2016,2,2,0,0,0,0,2,0,2,0,1,0,1,0,0,0,0,0,0
251641,Penelles,Lleida,2017,0,0,0,0,0,0,0,0,0,0,0,0,0,0,0,0,0,0,0
251641,Penelles,Lleida,2018,0,0,0,0,0,0,0,0,0,0,0,0,0,0,0,0,0,0,0
251641,Penelles,Lleida,2019,0,0,0,0,0,0,0,0,0,0,0,0,0,0,0,0,0,0,0
251641,Penelles,Lleida,2020,0,0,0,0,0,0,0,0,0,0,0,0,0,0,0,0,0,0,0
251641,Penelles,Lleida,2021,1,1,0,0,0,0,0,1,0,0,0,0,0,0,0,0,0,0,0
251641,Penelles,Lleida,2022,3,0,3,0,0,0,0,3,0,0,0,0,0,0,0,0,0,0,0
251641,Penelles,Lleida,2023,2,0,2,0,0,0,0,2,0,0,0,0,0,0,0,0,0,0,0
251654,Peramola,Lleida,2011,2,2,0,0,0,0,2,0,2,0,0,2,0,0,0,0,0,0,0
251654,Peramola,Lleida,2012,0,0,0,0,0,0,0,0,0,0,0,0,0,0,0,0,0,0,0
251654,Peramola,Lleida,2013,0,0,0,0,0,0,0,0,0,0,0,0,0,0,0,0,0,0,0
251654,Peramola,Lleida,2014,0,0,0,0,0,0,0,0,0,0,0,0,0,0,0,0,0,0,0
251654,Peramola,Lleida,2015,0,0,0,0,0,0,0,0,0,0,0,0,0,0,0,0,0,0,0
251654,Peramola,Lleida,2016,0,0,0,0,0,0,0,0,0,0,0,0,0,0,0,0,0,0,0
251654,Peramola,Lleida,2017,0,0,0,0,0,0,0,0,0,0,0,0,0,0,0,0,0,0,0
251654,Peramola,Lleida,2018,0,0,0,0,0,0,0,0,0,0,0,0,0,0,0,0,0,0,0
251654,Peramola,Lleida,2019,0,0,0,0,0,0,0,0,0,0,0,0,0,0,0,0,0,0,0
251654,Peramola,Lleida,2020,0,0,0,0,0,0,0,0,0,0,0,0,0,0,0,0,0,0,0
251654,Peramola,Lleida,2021,0,0,0,0,0,0,0,0,0,0,0,0,0,0,0,0,0,0,0
251667,Pinell de Solsonès,Lleida,2011,0,0,0,0,0,0,0,0,0,0,0,0,0,0,0,0,0,0,0
251667,Pinell de Solsonès,Lleida,2012,0,0,0,0,0,0,0,0,0,0,0,0,0,0,0,0,0,0,0
251667,Pinell de Solsonès,Lleida,2013,1,1,0,0,0,0,1,0,1,1,0,0,0,0,0,0,0,0,0
251667,Pinell de Solsonès,Lleida,2014,1,1,0,0,0,0,1,0,1,1,0,0,0,0,0,0,0,0,0
251667,Pinell de Solsonès,Lleida,2015,0,0,0,0,0,0,0,0,0,0,0,0,0,0,0,0,0,0,0
251667,Pinell de Solsonès,Lleida,2016,0,0,0,0,0,0,0,0,0,0,0,0,0,0,0,0,0,0,0
251667,Pinell de Solsonès,Lleida,2017,0,0,0,0,0,0,0,0,0,0,0,0,0,0,0,0,0,0,0
251667,Pinell de Solsonès,Lleida,2018,1,0,0,1,1,0,0,0,1,0,0,0,0,0,0,0,0,0,0
251667,Pinell de Solsonès,Lleida,2019,3,0,0,3,2,0,1,0,3,1,0,0,0,0,0,0,0,0,0
251667,Pinell de Solsonès,Lleida,2020,2,0,0,2,0,0,2,0,2,2,0,0,0,0,0,0,0,0,0
251667,Pinell de Solsonès,Lleida,2021,0,0,0,0,0,0,0,0,0,0,0,0,0,0,0,0,0,0,0
251673,Pinós,Lleida,2011,1,0,0,1,1,0,0,0,1,0,0,0,0,0,0,0,0,0,0
251673,Pinós,Lleida,2012,0,0,0,0,0,0,0,0,0,0,0,0,0,0,0,0,0,0,0
251673,Pinós,Lleida,2013,0,0,0,0,0,0,0,0,0,0,0,0,0,0,0,0,0,0,0
251673,Pinós,Lleida,2014,0,0,0,0,0,0,0,0,0,0,0,0,0,0,0,0,0,0,0
251673,Pinós,Lleida,2015,0,0,0,0,0,0,0,0,0,0,0,0,0,0,0,0,0,0,0
251673,Pinós,Lleida,2016,0,0,0,0,0,0,0,0,0,0,0,0,0,0,0,0,0,0,0
251673,Pinós,Lleida,2017,2,0,2,0,0,0,2,0,2,2,0,0,0,0,0,0,0,0,0
251673,Pinós,Lleida,2018,0,0,0,0,0,0,0,0,0,0,0,0,0,0,0,0,0,0,0
251673,Pinós,Lleida,2019,0,0,0,0,0,0,0,0,0,0,0,0,0,0,0,0,0,0,0
251673,Pinós,Lleida,2020,0,0,0,0,0,0,0,0,0,0,0,0,0,0,0,0,0,0,0
251673,Pinós,Lleida,2021,0,0,0,0,0,0,0,0,0,0,0,0,0,0,0,0,0,0,0
251689,el Poal,Lleida,2011,2,0,0,2,2,0,0,0,2,0,0,0,0,0,0,0,0,0,0
251689,el Poal,Lleida,2012,4,0,2,2,2,0,2,0,4,0,2,0,0,0,0,0,0,0,0
251689,el Poal,Lleida,2013,1,0,1,0,0,0,1,0,1,0,1,0,0,0,0,0,0,0,0
251689,el Poal,Lleida,2014,0,0,0,0,0,0,0,0,0,0,0,0,0,0,0,0,0,0,0
251689,el Poal,Lleida,2015,0,0,0,0,0,0,0,0,0,0,0,0,0,0,0,0,0,0,0
251689,el Poal,Lleida,2016,0,0,0,0,0,0,0,0,0,0,0,0,0,0,0,0,0,0,0
251689,el Poal,Lleida,2017,0,0,0,0,0,0,0,0,0,0,0,0,0,0,0,0,0,0,0
251689,el Poal,Lleida,2018,2,0,1,1,0,2,0,0,2,0,0,0,0,0,0,0,0,0,0
251689,el Poal,Lleida,2019,2,0,0,2,0,2,0,0,2,0,0,0,0,0,0,0,0,0,0
251689,el Poal,Lleida,2020,2,1,1,0,0,1,1,0,2,0,0,0,0,1,0,0,0,0,0
251689,el Poal,Lleida,2021,1,0,0,1,0,1,0,0,1,0,0,0,0,0,0,0,0,0,0
251689,el Poal,Lleida,2022,14,12,0,2,0,0,12,2,12,0,0,9,2,1,0,0,0,0,0
251692,La Pobla de Cérvoles,Lleida,2011,0,0,0,0,0,0,0,0,0,0,0,0,0,0,0,0,0,0,0
251692,La Pobla de Cérvoles,Lleida,2012,0,0,0,0,0,0,0,0,0,0,0,0,0,0,0,0,0,0,0
251692,La Pobla de Cérvoles,Lleida,2013,0,0,0,0,0,0,0,0,0,0,0,0,0,0,0,0,0,0,0
251692,La Pobla de Cérvoles,Lleida,2014,0,0,0,0,0,0,0,0,0,0,0,0,0,0,0,0,0,0,0
251692,La Pobla de Cérvoles,Lleida,2015,0,0,0,0,0,0,0,0,0,0,0,0,0,0,0,0,0,0,0
251692,La Pobla de Cérvoles,Lleida,2016,0,0,0,0,0,0,0,0,0,0,0,0,0,0,0,0,0,0,0
251692,La Pobla de Cérvoles,Lleida,2017,0,0,0,0,0,0,0,0,0,0,0,0,0,0,0,0,0,0,0
251692,La Pobla de Cérvoles,Lleida,2018,0,0,0,0,0,0,0,0,0,0,0,0,0,0,0,0,0,0,0
251692,La Pobla de Cérvoles,Lleida,2019,1,1,0,0,0,0,1,0,1,0,1,0,0,0,0,0,0,0,0
251692,La Pobla de Cérvoles,Lleida,2020,0,0,0,0,0,0,0,0,0,0,0,0,0,0,0,0,0,0,0
251692,La Pobla de Cérvoles,Lleida,2021,0,0,0,0,0,0,0,0,0,0,0,0,0,0,0,0,0,0,0
251692,La Pobla de Cérvoles,Lleida,2023,1,1,0,0,0,0,1,0,1,0,0,0,1,0,0,0,0,0,0
251706,Bellaguarda,Lleida,2011,0,0,0,0,0,0,0,0,0,0,0,0,0,0,0,0,0,0,0
251706,Bellaguarda,Lleida,2012,0,0,0,0,0,0,0,0,0,0,0,0,0,0,0,0,0,0,0
251706,Bellaguarda,Lleida,2013,0,0,0,0,0,0,0,0,0,0,0,0,0,0,0,0,0,0,0
251706,Bellaguarda,Lleida,2014,0,0,0,0,0,0,0,0,0,0,0,0,0,0,0,0,0,0,0
251706,Bellaguarda,Lleida,2015,0,0,0,0,0,0,0,0,0,0,0,0,0,0,0,0,0,0,0
251706,Bellaguarda,Lleida,2016,0,0,0,0,0,0,0,0,0,0,0,0,0,0,0,0,0,0,0
251706,Bellaguarda,Lleida,2017,0,0,0,0,0,0,0,0,0,0,0,0,0,0,0,0,0,0,0
251706,Bellaguarda,Lleida,2018,0,0,0,0,0,0,0,0,0,0,0,0,0,0,0,0,0,0,0
251706,Bellaguarda,Lleida,2019,2,2,0,0,0,0,2,0,2,0,0,0,2,0,0,0,0,0,0
251706,Bellaguarda,Lleida,2020,0,0,0,0,0,0,0,0,0,0,0,0,0,0,0,0,0,0,0
251706,Bellaguarda,Lleida,2021,0,0,0,0,0,0,0,0,0,0,0,0,0,0,0,0,0,0,0
251706,Bellaguarda,Lleida,2022,1,1,0,0,0,0,1,0,1,0,0,0,1,0,0,0,0,0,0
251713,la Pobla de Segur,Lleida,2011,24,0,17,7,6,1,17,0,24,0,0,13,0,4,0,0,0,0,0
251713,la Pobla de Segur,Lleida,2012,7,4,0,3,3,0,4,0,7,0,0,2,0,2,0,0,0,0,0
251713,la Pobla de Segur,Lleida,2013,3,0,0,3,3,0,0,0,3,0,0,0,0,0,0,0,0,0,0
251713,la Pobla de Segur,Lleida,2014,2,0,0,2,2,0,0,0,2,0,0,0,0,0,0,0,0,0,0
251713,la Pobla de Segur,Lleida,2015,3,2,1,0,0,0,3,0,3,0,0,3,0,0,0,0,0,0,0
251713,la Pobla de Segur,Lleida,2016,8,5,2,1,1,0,7,0,8,0,0,3,0,4,0,0,0,0,0
251713,la Pobla de Segur,Lleida,2017,7,1,3,3,2,2,3,0,7,0,0,1,0,2,0,0,0,0,0
251713,la Pobla de Segur,Lleida,2018,11,6,3,2,1,1,9,0,11,0,0,1,0,8,0,0,0,0,0
251713,la Pobla de Segur,Lleida,2019,12,4,2,6,5,1,6,0,12,0,0,4,0,2,0,0,0,0,0
251713,la Pobla de Segur,Lleida,2020,20,7,13,0,0,0,20,0,20,2,0,13,0,5,0,0,0,0,0
251713,la Pobla de Segur,Lleida,2021,11,5,4,2,2,0,8,1,10,0,0,4,0,4,0,0,0,0,0
251713,la Pobla de Segur,Lleida,2022,14,7,5,2,1,0,12,1,13,1,0,4,0,7,0,0,0,0,0
251713,la Pobla de Segur,Lleida,2023,13,4,3,6,4,0,8,1,12,2,0,1,0,5,0,0,0,0,0
251728,Ponts,Lleida,2011,19,19,0,0,0,0,19,0,19,1,1,17,0,0,0,0,0,0,0
251728,Ponts,Lleida,2012,0,0,0,0,0,0,0,0,0,0,0,0,0,0,0,0,0,0,0
251728,Ponts,Lleida,2013,1,1,0,0,0,0,1,0,1,0,0,1,0,0,0,0,0,0,0
251728,Ponts,Lleida,2014,2,0,2,0,0,1,1,0,2,0,0,1,0,0,0,0,0,0,0
251728,Ponts,Lleida,2015,2,1,0,1,1,0,1,0,2,0,0,1,0,0,0,0,0,0,0
251728,Ponts,Lleida,2016,6,1,0,5,3,2,1,0,6,1,0,0,0,0,0,0,0,0,0
251728,Ponts,Lleida,2017,21,17,3,1,1,0,20,0,21,10,0,7,0,2,1,0,0,0,0
251728,Ponts,Lleida,2018,0,0,0,0,0,0,0,0,0,0,0,0,0,0,0,0,0,0,0
251728,Ponts,Lleida,2019,1,1,0,0,0,0,1,0,1,0,0,1,0,0,0,0,0,0,0
251728,Ponts,Lleida,2020,3,1,0,2,0,0,3,0,3,0,2,0,0,0,1,0,0,0,0
251728,Ponts,Lleida,2021,4,2,0,2,0,0,3,1,3,0,2,0,0,0,1,0,0,0,0
251728,Ponts,Lleida,2022,38,38,0,0,0,0,38,0,38,4,1,26,0,7,0,0,0,0,0
251728,Ponts,Lleida,2023,17,8,8,1,3,2,12,0,17,2,0,8,0,2,0,0,0,0,0
251734,el Pont de Suert,Lleida,2011,11,0,1,10,9,2,0,0,11,0,0,0,0,0,0,0,0,0,0
251734,el Pont de Suert,Lleida,2012,13,0,5,8,7,5,0,1,12,0,0,0,0,0,0,0,0,0,0
251734,el Pont de Suert,Lleida,2013,37,18,0,19,16,9,12,0,37,3,0,3,0,6,0,0,0,0,0
251734,el Pont de Suert,Lleida,2014,4,0,0,4,2,2,0,0,4,0,0,0,0,0,0,0,0,0,0
251734,el Pont de Suert,Lleida,2015,5,0,0,5,4,1,0,0,5,0,0,0,0,0,0,0,0,0,0
251734,el Pont de Suert,Lleida,2016,11,6,0,5,3,3,5,0,11,3,0,0,0,2,0,0,0,0,0
251734,el Pont de Suert,Lleida,2017,22,5,10,7,2,13,7,0,22,6,0,0,0,1,0,0,0,0,0
251734,el Pont de Suert,Lleida,2018,26,10,5,11,5,7,13,1,25,2,4,3,0,4,0,0,0,0,0
251734,el Pont de Suert,Lleida,2019,12,0,4,8,5,3,4,0,12,0,2,0,0,2,0,0,0,0,0
251734,el Pont de Suert,Lleida,2020,40,11,11,18,6,12,20,2,38,2,2,1,0,15,0,0,0,0,0
251734,el Pont de Suert,Lleida,2021,21,2,10,9,8,5,6,2,19,4,0,0,0,2,0,0,0,0,0
251734,el Pont de Suert,Lleida,2022,29,23,3,3,6,3,19,1,28,0,0,4,0,14,0,1,0,0,0
251734,el Pont de Suert,Lleida,2023,50,9,37,4,16,2,29,3,47,0,0,0,0,27,0,2,0,0,0
251749,La Portella,Lleida,2011,5,4,1,0,0,0,5,0,5,4,0,0,1,0,0,0,0,0,0
251749,La Portella,Lleida,2012,2,2,0,0,0,0,2,0,2,0,0,0,2,0,0,0,0,0,0
251749,La Portella,Lleida,2013,2,1,0,1,1,1,0,0,2,0,0,0,0,0,0,0,0,0,0
251749,La Portella,Lleida,2014,1,1,0,0,0,0,1,0,1,0,1,0,0,0,0,0,0,0,0
251749,La Portella,Lleida,2015,3,1,2,0,0,0,3,0,3,0,3,0,0,0,0,0,0,0,0
251749,La Portella,Lleida,2016,6,0,6,0,0,0,6,0,6,0,6,0,0,0,0,0,0,0,0
251749,La Portella,Lleida,2017,6,1,4,1,0,0,5,1,5,0,3,0,1,1,0,0,0,0,0
251749,La Portella,Lleida,2018,8,3,3,2,0,0,6,2,6,0,4,0,2,0,0,0,0,0,0
251749,La Portella,Lleida,2019,2,0,2,0,0,0,2,0,2,0,2,0,0,0,0,0,0,0,0
251749,La Portella,Lleida,2020,0,0,0,0,0,0,0,0,0,0,0,0,0,0,0,0,0,0,0
251749,La Portella,Lleida,2021,0,0,0,0,0,0,0,0,0,0,0,0,0,0,0,0,0,0,0
251749,La Portella,Lleida,2022,1,1,0,0,0,0,1,0,1,0,0,0,0,1,0,0,0,0,0
251752,Prats i Sansor,Lleida,2011,4,0,3,1,1,0,3,0,4,0,0,0,0,3,0,0,0,0,0
251752,Prats i Sansor,Lleida,2012,0,0,0,0,0,0,0,0,0,0,0,0,0,0,0,0,0,0,0
251752,Prats i Sansor,Lleida,2013,2,0,2,0,0,2,0,0,2,0,0,0,0,0,0,0,0,0,0
251752,Prats i Sansor,Lleida,2014,0,0,0,0,0,0,0,0,0,0,0,0,0,0,0,0,0,0,0
251752,Prats i Sansor,Lleida,2015,1,1,0,0,0,0,1,0,1,0,0,0,0,1,0,0,0,0,0
251752,Prats i Sansor,Lleida,2016,1,0,1,0,0,0,1,0,1,0,0,0,0,1,0,0,0,0,0
251752,Prats i Sansor,Lleida,2017,0,0,0,0,0,0,0,0,0,0,0,0,0,0,0,0,0,0,0
251752,Prats i Sansor,Lleida,2018,0,0,0,0,0,0,0,0,0,0,0,0,0,0,0,0,0,0,0
251752,Prats i Sansor,Lleida,2019,0,0,0,0,0,0,0,0,0,0,0,0,0,0,0,0,0,0,0
251752,Prats i Sansor,Lleida,2020,0,0,0,0,0,0,0,0,0,0,0,0,0,0,0,0,0,0,0
251752,Prats i Sansor,Lleida,2021,0,0,0,0,0,0,0,0,0,0,0,0,0,0,0,0,0,0,0
251790,Prullans,Lleida,2011,0,0,0,0,0,0,0,0,0,0,0,0,0,0,0,0,0,0,0
251790,Prullans,Lleida,2012,0,0,0,0,0,0,0,0,0,0,0,0,0,0,0,0,0,0,0
251790,Prullans,Lleida,2013,0,0,0,0,0,0,0,0,0,0,0,0,0,0,0,0,0,0,0
251790,Prullans,Lleida,2014,0,0,0,0,0,0,0,0,0,0,0,0,0,0,0,0,0,0,0
251790,Prullans,Lleida,2015,0,0,0,0,0,0,0,0,0,0,0,0,0,0,0,0,0,0,0
251790,Prullans,Lleida,2016,0,0,0,0,0,0,0,0,0,0,0,0,0,0,0,0,0,0,0
251790,Prullans,Lleida,2017,0,0,0,0,0,0,0,0,0,0,0,0,0,0,0,0,0,0,0
251790,Prullans,Lleida,2018,0,0,0,0,0,0,0,0,0,0,0,0,0,0,0,0,0,0,0
251790,Prullans,Lleida,2019,1,1,0,0,0,0,1,0,1,0,0,0,0,1,0,0,0,0,0
251790,Prullans,Lleida,2020,0,0,0,0,0,0,0,0,0,0,0,0,0,0,0,0,0,0,0
251790,Prullans,Lleida,2021,0,0,0,0,0,0,0,0,0,0,0,0,0,0,0,0,0,0,0
251804,Puiggròs,Lleida,2011,0,0,0,0,0,0,0,0,0,0,0,0,0,0,0,0,0,0,0
251804,Puiggròs,Lleida,2012,0,0,0,0,0,0,0,0,0,0,0,0,0,0,0,0,0,0,0
251804,Puiggròs,Lleida,2013,0,0,0,0,0,0,0,0,0,0,0,0,0,0,0,0,0,0,0
251804,Puiggròs,Lleida,2014,0,0,0,0,0,0,0,0,0,0,0,0,0,0,0,0,0,0,0
251804,Puiggròs,Lleida,2015,0,0,0,0,0,0,0,0,0,0,0,0,0,0,0,0,0,0,0
251804,Puiggròs,Lleida,2016,2,1,0,1,1,0,1,0,2,1,0,0,0,0,0,0,0,0,0
251804,Puiggròs,Lleida,2017,2,0,0,2,2,0,0,0,2,0,0,0,0,0,0,0,0,0,0
251804,Puiggròs,Lleida,2018,1,0,0,1,1,0,0,0,1,0,0,0,0,0,0,0,0,0,0
251804,Puiggròs,Lleida,2019,0,0,0,0,0,0,0,0,0,0,0,0,0,0,0,0,0,0,0
251804,Puiggròs,Lleida,2020,0,0,0,0,0,0,0,0,0,0,0,0,0,0,0,0,0,0,0
251804,Puiggròs,Lleida,2021,0,0,0,0,0,0,0,0,0,0,0,0,0,0,0,0,0,0,0
251811,Puigverd d'Agramunt,Lleida,2011,0,0,0,0,0,0,0,0,0,0,0,0,0,0,0,0,0,0,0
251811,Puigverd d'Agramunt,Lleida,2012,0,0,0,0,0,0,0,0,0,0,0,0,0,0,0,0,0,0,0
251811,Puigverd d'Agramunt,Lleida,2013,0,0,0,0,0,0,0,0,0,0,0,0,0,0,0,0,0,0,0
251811,Puigverd d'Agramunt,Lleida,2014,0,0,0,0,0,0,0,0,0,0,0,0,0,0,0,0,0,0,0
251811,Puigverd d'Agramunt,Lleida,2015,0,0,0,0,0,0,0,0,0,0,0,0,0,0,0,0,0,0,0
251811,Puigverd d'Agramunt,Lleida,2016,0,0,0,0,0,0,0,0,0,0,0,0,0,0,0,0,0,0,0
251811,Puigverd d'Agramunt,Lleida,2017,0,0,0,0,0,0,0,0,0,0,0,0,0,0,0,0,0,0,0
251811,Puigverd d'Agramunt,Lleida,2018,0,0,0,0,0,0,0,0,0,0,0,0,0,0,0,0,0,0,0
251811,Puigverd d'Agramunt,Lleida,2019,2,2,0,0,0,0,2,0,2,2,0,0,0,0,0,0,0,0,0
251811,Puigverd d'Agramunt,Lleida,2020,2,0,2,0,0,0,2,0,2,2,0,0,0,0,0,0,0,0,0
251811,Puigverd d'Agramunt,Lleida,2021,0,0,0,0,0,0,0,0,0,0,0,0,0,0,0,0,0,0,0
251826,Puigverd de Lleida,Lleida,2011,27,23,0,4,4,2,21,0,27,13,0,1,3,4,0,0,0,0,0
251826,Puigverd de Lleida,Lleida,2012,19,1,14,4,4,4,11,0,19,5,0,1,2,3,0,0,0,0,0
251826,Puigverd de Lleida,Lleida,2013,10,1,4,5,5,3,2,0,10,0,0,0,0,2,0,0,0,0,0
251826,Puigverd de Lleida,Lleida,2014,5,0,2,3,2,3,0,0,5,0,0,0,0,0,0,0,0,0,0
251826,Puigverd de Lleida,Lleida,2015,2,0,0,2,0,2,0,0,2,0,0,0,0,0,0,0,0,0,0
251826,Puigverd de Lleida,Lleida,2016,1,1,0,0,0,1,0,0,1,0,0,0,0,0,0,0,0,0,0
251826,Puigverd de Lleida,Lleida,2017,1,0,0,1,1,0,0,0,1,0,0,0,0,0,0,0,0,0,0
251826,Puigverd de Lleida,Lleida,2018,4,2,2,0,0,1,3,0,4,0,0,0,0,0,3,0,0,0,0
251826,Puigverd de Lleida,Lleida,2019,6,0,1,5,2,0,2,2,4,0,0,0,0,0,2,0,0,0,0
251826,Puigverd de Lleida,Lleida,2020,1,1,0,0,0,0,0,1,0,0,0,0,0,0,0,0,0,0,0
251826,Puigverd de Lleida,Lleida,2021,2,0,0,2,2,0,0,0,2,0,0,0,0,0,0,0,0,0,0
251826,Puigverd de Lleida,Lleida,2023,1,1,0,0,0,0,1,0,1,0,0,0,0,1,0,0,0,0,0
251832,Rialp,Lleida,2011,4,0,1,3,0,2,2,0,4,0,0,0,0,0,2,0,0,0,0
251832,Rialp,Lleida,2012,4,3,1,0,0,1,3,0,4,0,0,0,0,3,0,0,0,0,0
251832,Rialp,Lleida,2013,2,0,0,2,2,0,0,0,2,0,0,0,0,0,0,0,0,0,0
251832,Rialp,Lleida,2014,2,0,0,2,2,0,0,0,2,0,0,0,0,0,0,0,0,0,0
251832,Rialp,Lleida,2015,0,0,0,0,0,0,0,0,0,0,0,0,0,0,0,0,0,0,0
251832,Rialp,Lleida,2016,0,0,0,0,0,0,0,0,0,0,0,0,0,0,0,0,0,0,0
251832,Rialp,Lleida,2017,1,0,0,1,1,0,0,0,1,0,0,0,0,0,0,0,0,0,0
251832,Rialp,Lleida,2018,6,0,1,5,2,3,1,0,6,0,0,1,0,0,0,0,0,0,0
251832,Rialp,Lleida,2019,3,0,0,3,0,3,0,0,3,0,0,0,0,0,0,0,0,0,0
251832,Rialp,Lleida,2020,3,1,0,2,0,2,1,0,3,0,0,0,0,1,0,0,0,0,0
251832,Rialp,Lleida,2021,0,0,0,0,0,0,0,0,0,0,0,0,0,0,0,0,0,0,0
251832,Rialp,Lleida,2022,1,0,0,1,1,0,0,0,1,0,0,0,0,0,0,0,0,0,0
251850,Ribera d'Urgellet,Lleida,2011,1,0,0,1,0,1,0,0,1,0,0,0,0,0,0,0,0,0,0
251850,Ribera d'Urgellet,Lleida,2012,0,0,0,0,0,0,0,0,0,0,0,0,0,0,0,0,0,0,0
251850,Ribera d'Urgellet,Lleida,2013,1,0,0,1,1,0,0,0,1,0,0,0,0,0,0,0,0,0,0
251850,Ribera d'Urgellet,Lleida,2014,1,1,0,0,0,0,1,0,1,0,0,0,0,1,0,0,0,0,0
251850,Ribera d'Urgellet,Lleida,2015,0,0,0,0,0,0,0,0,0,0,0,0,0,0,0,0,0,0,0
251850,Ribera d'Urgellet,Lleida,2016,2,0,0,2,1,0,1,0,2,0,0,0,0,1,0,0,0,0,0
251850,Ribera d'Urgellet,Lleida,2017,4,0,0,4,1,1,2,0,4,0,1,0,0,0,0,1,0,0,0
251850,Ribera d'Urgellet,Lleida,2018,2,0,0,2,1,0,1,0,2,0,0,0,0,0,0,1,0,0,0
251850,Ribera d'Urgellet,Lleida,2019,2,0,0,2,2,0,0,0,2,0,0,0,0,0,0,0,0,0,0
251850,Ribera d'Urgellet,Lleida,2020,3,0,0,3,0,0,0,3,0,0,0,0,0,0,0,0,0,0,0
251850,Ribera d'Urgellet,Lleida,2021,0,0,0,0,0,0,0,0,0,0,0,0,0,0,0,0,0,0,0
251850,Ribera d'Urgellet,Lleida,2022,1,0,0,1,1,0,0,0,1,0,0,0,0,0,0,0,0,0,0
251850,Ribera d'Urgellet,Lleida,2023,4,0,2,2,2,1,0,1,3,0,0,0,0,0,0,0,0,0,0
251863,Riner,Lleida,2011,2,0,0,2,0,0,2,0,2,0,0,0,0,2,0,0,0,0,0
251863,Riner,Lleida,2012,0,0,0,0,0,0,0,0,0,0,0,0,0,0,0,0,0,0,0
251863,Riner,Lleida,2013,2,2,0,0,0,0,2,0,2,0,0,2,0,0,0,0,0,0,0
251863,Riner,Lleida,2014,5,3,0,2,0,0,5,0,5,0,0,1,0,4,0,0,0,0,0
251863,Riner,Lleida,2015,0,0,0,0,0,0,0,0,0,0,0,0,0,0,0,0,0,0,0
251863,Riner,Lleida,2016,0,0,0,0,0,0,0,0,0,0,0,0,0,0,0,0,0,0,0
251863,Riner,Lleida,2017,2,2,0,0,0,0,2,0,2,0,0,1,0,1,0,0,0,0,0
251863,Riner,Lleida,2018,1,0,1,0,0,0,1,0,1,0,0,1,0,0,0,0,0,0,0
251863,Riner,Lleida,2019,0,0,0,0,0,0,0,0,0,0,0,0,0,0,0,0,0,0,0
251863,Riner,Lleida,2020,2,2,0,0,0,0,2,0,2,0,0,0,0,2,0,0,0,0,0
251863,Riner,Lleida,2021,2,2,0,0,0,0,2,0,2,0,0,0,0,2,0,0,0,0,0
251898,Rosselló,Lleida,2011,61,31,27,3,1,6,54,0,61,3,0,6,42,3,0,0,0,0,0
251898,Rosselló,Lleida,2012,33,0,29,4,2,1,29,1,32,3,0,1,22,3,0,0,0,0,0
251898,Rosselló,Lleida,2013,7,1,4,2,2,2,3,0,7,0,0,0,3,0,0,0,0,0,0
251898,Rosselló,Lleida,2014,7,3,1,3,3,1,3,0,7,0,1,0,2,0,0,0,0,0,0
251898,Rosselló,Lleida,2015,16,5,6,5,4,4,8,0,16,2,1,0,4,1,0,0,0,0,0
251898,Rosselló,Lleida,2016,9,2,6,1,0,3,6,0,9,0,0,0,0,6,0,0,0,0,0
251898,Rosselló,Lleida,2017,4,2,0,2,0,2,2,0,4,0,0,2,0,0,0,0,0,0,0
251898,Rosselló,Lleida,2018,4,1,1,2,3,0,1,0,4,0,1,0,0,0,0,0,0,0,0
251898,Rosselló,Lleida,2019,3,1,2,0,0,0,1,2,1,1,0,0,0,0,0,0,0,0,0
251898,Rosselló,Lleida,2020,1,0,1,0,0,0,0,1,0,0,0,0,0,0,0,0,0,0,0
251898,Rosselló,Lleida,2021,2,1,1,0,0,1,1,0,2,0,1,0,0,0,0,0,0,0,0
251898,Rosselló,Lleida,2022,4,2,1,1,0,0,4,0,4,0,1,0,0,3,0,0,0,0,0
251898,Rosselló,Lleida,2023,13,4,7,2,0,5,8,0,13,0,3,0,1,4,0,0,0,0,0
251902,Salàs de Pallars,Lleida,2011,2,0,2,0,0,0,2,0,2,2,0,0,0,0,0,0,0,0,0
251902,Salàs de Pallars,Lleida,2012,2,2,0,0,0,0,2,0,2,2,0,0,0,0,0,0,0,0,0
251902,Salàs de Pallars,Lleida,2013,0,0,0,0,0,0,0,0,0,0,0,0,0,0,0,0,0,0,0
251902,Salàs de Pallars,Lleida,2014,0,0,0,0,0,0,0,0,0,0,0,0,0,0,0,0,0,0,0
251902,Salàs de Pallars,Lleida,2015,0,0,0,0,0,0,0,0,0,0,0,0,0,0,0,0,0,0,0
251902,Salàs de Pallars,Lleida,2016,1,0,0,1,1,0,0,0,1,0,0,0,0,0,0,0,0,0,0
251902,Salàs de Pallars,Lleida,2017,3,0,0,3,3,0,0,0,3,0,0,0,0,0,0,0,0,0,0
251902,Salàs de Pallars,Lleida,2018,5,1,3,1,1,0,4,0,5,2,0,0,0,2,0,0,0,0,0
251902,Salàs de Pallars,Lleida,2019,0,0,0,0,0,0,0,0,0,0,0,0,0,0,0,0,0,0,0
251902,Salàs de Pallars,Lleida,2020,0,0,0,0,0,0,0,0,0,0,0,0,0,0,0,0,0,0,0
251902,Salàs de Pallars,Lleida,2021,0,0,0,0,0,0,0,0,0,0,0,0,0,0,0,0,0,0,0
251902,Salàs de Pallars,Lleida,2022,4,0,0,4,0,0,3,1,3,0,0,0,0,3,0,0,0,0,0
251919,Sanaüja,Lleida,2011,1,0,1,0,0,0,1,0,1,1,0,0,0,0,0,0,0,0,0
251919,Sanaüja,Lleida,2012,2,0,2,0,0,0,2,0,2,2,0,0,0,0,0,0,0,0,0
251919,Sanaüja,Lleida,2013,0,0,0,0,0,0,0,0,0,0,0,0,0,0,0,0,0,0,0
251919,Sanaüja,Lleida,2014,0,0,0,0,0,0,0,0,0,0,0,0,0,0,0,0,0,0,0
251919,Sanaüja,Lleida,2015,0,0,0,0,0,0,0,0,0,0,0,0,0,0,0,0,0,0,0
251919,Sanaüja,Lleida,2016,0,0,0,0,0,0,0,0,0,0,0,0,0,0,0,0,0,0,0
251919,Sanaüja,Lleida,2017,0,0,0,0,0,0,0,0,0,0,0,0,0,0,0,0,0,0,0
251919,Sanaüja,Lleida,2018,0,0,0,0,0,0,0,0,0,0,0,0,0,0,0,0,0,0,0
251919,Sanaüja,Lleida,2019,0,0,0,0,0,0,0,0,0,0,0,0,0,0,0,0,0,0,0
251919,Sanaüja,Lleida,2020,1,0,0,1,1,0,0,0,1,0,0,0,0,0,0,0,0,0,0
251919,Sanaüja,Lleida,2021,0,0,0,0,0,0,0,0,0,0,0,0,0,0,0,0,0,0,0
251924,Sant Guim de Freixenet,Lleida,2011,0,0,0,0,0,0,0,0,0,0,0,0,0,0,0,0,0,0,0
251924,Sant Guim de Freixenet,Lleida,2012,4,0,1,3,3,0,1,0,4,0,0,0,0,1,0,0,0,0,0
251924,Sant Guim de Freixenet,Lleida,2013,3,0,1,2,2,0,1,0,3,0,0,0,0,1,0,0,0,0,0
251924,Sant Guim de Freixenet,Lleida,2014,0,0,0,0,0,0,0,0,0,0,0,0,0,0,0,0,0,0,0
251924,Sant Guim de Freixenet,Lleida,2015,0,0,0,0,0,0,0,0,0,0,0,0,0,0,0,0,0,0,0
251924,Sant Guim de Freixenet,Lleida,2016,1,1,0,0,0,0,1,0,1,0,1,0,0,0,0,0,0,0,0
251924,Sant Guim de Freixenet,Lleida,2017,2,2,0,0,0,0,2,0,2,0,2,0,0,0,0,0,0,0,0
251924,Sant Guim de Freixenet,Lleida,2018,4,4,0,0,0,0,4,0,4,0,0,4,0,0,0,0,0,0,0
251924,Sant Guim de Freixenet,Lleida,2019,5,5,0,0,0,0,5,0,5,0,0,5,0,0,0,0,0,0,0
251924,Sant Guim de Freixenet,Lleida,2020,0,0,0,0,0,0,0,0,0,0,0,0,0,0,0,0,0,0,0
251924,Sant Guim de Freixenet,Lleida,2021,0,0,0,0,0,0,0,0,0,0,0,0,0,0,0,0,0,0,0
251924,Sant Guim de Freixenet,Lleida,2022,5,4,1,0,0,0,5,0,5,0,0,5,0,0,0,0,0,0,0
251924,Sant Guim de Freixenet,Lleida,2023,6,4,2,0,1,0,5,0,6,0,0,5,0,0,0,0,0,0,0
251930,Sant Llorenç de Morunys,Lleida,2011,0,0,0,0,0,0,0,0,0,0,0,0,0,0,0,0,0,0,0
251930,Sant Llorenç de Morunys,Lleida,2012,2,1,1,0,0,0,2,0,2,0,1,1,0,0,0,0,0,0,0
251930,Sant Llorenç de Morunys,Lleida,2013,3,3,0,0,0,1,2,0,3,0,2,0,0,0,0,0,0,0,0
251930,Sant Llorenç de Morunys,Lleida,2014,5,2,3,0,0,3,2,0,5,0,2,0,0,0,0,0,0,0,0
251930,Sant Llorenç de Morunys,Lleida,2015,5,0,3,2,0,4,1,0,5,0,1,0,0,0,0,0,0,0,0
251930,Sant Llorenç de Morunys,Lleida,2016,1,0,0,1,0,1,0,0,1,0,0,0,0,0,0,0,0,0,0
251930,Sant Llorenç de Morunys,Lleida,2017,1,0,0,1,0,1,0,0,1,0,0,0,0,0,0,0,0,0,0
251930,Sant Llorenç de Morunys,Lleida,2018,1,0,0,1,1,0,0,0,1,0,0,0,0,0,0,0,0,0,0
251930,Sant Llorenç de Morunys,Lleida,2019,1,0,1,0,0,0,1,0,1,0,1,0,0,0,0,0,0,0,0
251930,Sant Llorenç de Morunys,Lleida,2020,0,0,0,0,0,0,0,0,0,0,0,0,0,0,0,0,0,0,0
251930,Sant Llorenç de Morunys,Lleida,2021,1,1,0,0,0,0,1,0,1,0,0,0,0,1,0,0,0,0,0
251930,Sant Llorenç de Morunys,Lleida,2022,4,4,0,0,0,0,4,0,4,0,4,0,0,0,0,0,0,0,0
251945,Sant Ramon,Lleida,2011,0,0,0,0,0,0,0,0,0,0,0,0,0,0,0,0,0,0,0
251945,Sant Ramon,Lleida,2012,1,0,0,1,1,0,0,0,1,0,0,0,0,0,0,0,0,0,0
251945,Sant Ramon,Lleida,2013,2,0,0,2,2,0,0,0,2,0,0,0,0,0,0,0,0,0,0
251945,Sant Ramon,Lleida,2014,1,0,0,1,1,0,0,0,1,0,0,0,0,0,0,0,0,0,0
251945,Sant Ramon,Lleida,2015,1,1,0,0,0,0,1,0,1,0,0,0,0,1,0,0,0,0,0
251945,Sant Ramon,Lleida,2016,16,16,0,0,0,0,16,0,16,0,0,0,0,16,0,0,0,0,0
251945,Sant Ramon,Lleida,2017,0,0,0,0,0,0,0,0,0,0,0,0,0,0,0,0,0,0,0
251945,Sant Ramon,Lleida,2018,0,0,0,0,0,0,0,0,0,0,0,0,0,0,0,0,0,0,0
251945,Sant Ramon,Lleida,2019,0,0,0,0,0,0,0,0,0,0,0,0,0,0,0,0,0,0,0
251945,Sant Ramon,Lleida,2020,0,0,0,0,0,0,0,0,0,0,0,0,0,0,0,0,0,0,0
251945,Sant Ramon,Lleida,2021,0,0,0,0,0,0,0,0,0,0,0,0,0,0,0,0,0,0,0
251945,Sant Ramon,Lleida,2022,1,0,1,0,0,0,1,0,1,0,0,0,0,1,0,0,0,0,0
251945,Sant Ramon,Lleida,2023,1,0,1,0,0,0,1,0,1,0,0,0,0,1,0,0,0,0,0
251961,Sant Esteve de la Sarga,Lleida,2011,0,0,0,0,0,0,0,0,0,0,0,0,0,0,0,0,0,0,0
251961,Sant Esteve de la Sarga,Lleida,2012,0,0,0,0,0,0,0,0,0,0,0,0,0,0,0,0,0,0,0
251961,Sant Esteve de la Sarga,Lleida,2013,0,0,0,0,0,0,0,0,0,0,0,0,0,0,0,0,0,0,0
251961,Sant Esteve de la Sarga,Lleida,2014,0,0,0,0,0,0,0,0,0,0,0,0,0,0,0,0,0,0,0
251961,Sant Esteve de la Sarga,Lleida,2015,0,0,0,0,0,0,0,0,0,0,0,0,0,0,0,0,0,0,0
251961,Sant Esteve de la Sarga,Lleida,2016,0,0,0,0,0,0,0,0,0,0,0,0,0,0,0,0,0,0,0
251961,Sant Esteve de la Sarga,Lleida,2017,1,1,0,0,0,0,1,0,1,1,0,0,0,0,0,0,0,0,0
251961,Sant Esteve de la Sarga,Lleida,2018,0,0,0,0,0,0,0,0,0,0,0,0,0,0,0,0,0,0,0
251961,Sant Esteve de la Sarga,Lleida,2019,0,0,0,0,0,0,0,0,0,0,0,0,0,0,0,0,0,0,0
251961,Sant Esteve de la Sarga,Lleida,2020,0,0,0,0,0,0,0,0,0,0,0,0,0,0,0,0,0,0,0
251961,Sant Esteve de la Sarga,Lleida,2021,0,0,0,0,0,0,0,0,0,0,0,0,0,0,0,0,0,0,0
252000,Sarroca de Lleida,Lleida,2011,1,0,0,1,1,0,0,0,1,0,0,0,0,0,0,0,0,0,0
252000,Sarroca de Lleida,Lleida,2012,1,0,0,1,1,0,0,0,1,0,0,0,0,0,0,0,0,0,0
252000,Sarroca de Lleida,Lleida,2013,0,0,0,0,0,0,0,0,0,0,0,0,0,0,0,0,0,0,0
252000,Sarroca de Lleida,Lleida,2014,0,0,0,0,0,0,0,0,0,0,0,0,0,0,0,0,0,0,0
252000,Sarroca de Lleida,Lleida,2015,0,0,0,0,0,0,0,0,0,0,0,0,0,0,0,0,0,0,0
252000,Sarroca de Lleida,Lleida,2016,0,0,0,0,0,0,0,0,0,0,0,0,0,0,0,0,0,0,0
252000,Sarroca de Lleida,Lleida,2017,0,0,0,0,0,0,0,0,0,0,0,0,0,0,0,0,0,0,0
252000,Sarroca de Lleida,Lleida,2018,0,0,0,0,0,0,0,0,0,0,0,0,0,0,0,0,0,0,0
252000,Sarroca de Lleida,Lleida,2019,0,0,0,0,0,0,0,0,0,0,0,0,0,0,0,0,0,0,0
252000,Sarroca de Lleida,Lleida,2020,0,0,0,0,0,0,0,0,0,0,0,0,0,0,0,0,0,0,0
252000,Sarroca de Lleida,Lleida,2021,1,1,0,0,0,0,0,1,0,0,0,0,0,0,0,0,0,0,0
252000,Sarroca de Lleida,Lleida,2022,1,1,0,0,0,0,0,1,0,0,0,0,0,0,0,0,0,0,0
252017,Sarroca de Bellera,Lleida,2023,1,0,0,1,1,0,0,0,1,0,0,0,0,0,0,0,0,0,0
252022,Senterada,Lleida,2011,0,0,0,0,0,0,0,0,0,0,0,0,0,0,0,0,0,0,0
252022,Senterada,Lleida,2012,0,0,0,0,0,0,0,0,0,0,0,0,0,0,0,0,0,0,0
252022,Senterada,Lleida,2013,1,1,0,0,0,0,1,0,1,1,0,0,0,0,0,0,0,0,0
252022,Senterada,Lleida,2014,0,0,0,0,0,0,0,0,0,0,0,0,0,0,0,0,0,0,0
252022,Senterada,Lleida,2015,0,0,0,0,0,0,0,0,0,0,0,0,0,0,0,0,0,0,0
252022,Senterada,Lleida,2016,0,0,0,0,0,0,0,0,0,0,0,0,0,0,0,0,0,0,0
252022,Senterada,Lleida,2017,0,0,0,0,0,0,0,0,0,0,0,0,0,0,0,0,0,0,0
252022,Senterada,Lleida,2018,0,0,0,0,0,0,0,0,0,0,0,0,0,0,0,0,0,0,0
252022,Senterada,Lleida,2019,0,0,0,0,0,0,0,0,0,0,0,0,0,0,0,0,0,0,0
252022,Senterada,Lleida,2020,0,0,0,0,0,0,0,0,0,0,0,0,0,0,0,0,0,0,0
252022,Senterada,Lleida,2021,0,0,0,0,0,0,0,0,0,0,0,0,0,0,0,0,0,0,0
252022,Senterada,Lleida,2023,1,0,1,0,0,1,0,0,1,0,0,0,0,0,0,0,0,0,0
252038,la Seu d'Urgell,Lleida,2011,85,24,0,61,31,11,36,7,78,9,3,8,2,14,0,0,0,0,0
252038,la Seu d'Urgell,Lleida,2012,56,13,1,42,15,10,27,4,52,5,4,2,0,16,0,0,0,0,0
252038,la Seu d'Urgell,Lleida,2013,39,15,1,23,9,5,25,0,39,10,3,4,0,8,0,0,0,0,0
252038,la Seu d'Urgell,Lleida,2014,29,9,0,20,8,7,13,1,28,4,4,1,0,4,0,0,0,0,0
252038,la Seu d'Urgell,Lleida,2015,21,0,2,19,3,7,11,0,21,3,1,0,0,6,0,1,0,0,0
252038,la Seu d'Urgell,Lleida,2016,31,0,3,28,21,3,7,0,31,1,2,0,0,4,0,0,0,0,0
252038,la Seu d'Urgell,Lleida,2017,48,0,15,33,23,9,16,0,48,2,2,4,0,8,0,0,0,0,0
252038,la Seu d'Urgell,Lleida,2018,25,1,0,24,14,6,4,1,24,2,0,1,0,1,0,0,0,0,0
252038,la Seu d'Urgell,Lleida,2019,60,36,0,24,9,12,39,0,60,5,0,15,1,11,7,0,0,0,0
252038,la Seu d'Urgell,Lleida,2020,57,29,12,16,3,14,37,3,54,5,2,7,0,22,1,0,0,0,0
252038,la Seu d'Urgell,Lleida,2021,22,1,4,17,6,3,7,6,16,2,0,0,0,5,0,0,0,0,0
252038,la Seu d'Urgell,Lleida,2022,69,59,2,8,3,8,57,1,68,2,23,6,0,25,0,1,0,0,0
252038,la Seu d'Urgell,Lleida,2023,78,16,45,17,8,25,45,0,78,3,2,2,3,32,2,1,0,0,0
252043,Seròs,Lleida,2011,18,0,16,2,2,0,16,0,18,2,0,10,3,1,0,0,0,0,0
252043,Seròs,Lleida,2012,3,2,0,1,1,0,2,0,3,0,0,1,0,1,0,0,0,0,0
252043,Seròs,Lleida,2013,9,4,3,2,2,0,7,0,9,0,0,4,0,3,0,0,0,0,0
252043,Seròs,Lleida,2014,6,6,0,0,0,0,6,0,6,1,0,4,1,0,0,0,0,0,0
252043,Seròs,Lleida,2015,66,65,1,0,0,1,65,0,66,16,0,46,3,0,0,0,0,0,0
252043,Seròs,Lleida,2016,0,0,0,0,0,0,0,0,0,0,0,0,0,0,0,0,0,0,0
252043,Seròs,Lleida,2017,0,0,0,0,0,0,0,0,0,0,0,0,0,0,0,0,0,0,0
252043,Seròs,Lleida,2018,2,1,1,0,0,0,2,0,2,0,1,0,1,0,0,0,0,0,0
252043,Seròs,Lleida,2019,20,16,2,2,2,0,17,1,19,1,3,10,3,0,0,0,0,0,0
252043,Seròs,Lleida,2020,5,1,4,0,0,0,5,0,5,0,4,0,1,0,0,0,0,0,0
252043,Seròs,Lleida,2021,0,0,0,0,0,0,0,0,0,0,0,0,0,0,0,0,0,0,0
252043,Seròs,Lleida,2022,17,17,0,0,0,0,16,1,16,0,2,11,3,0,0,0,0,0,0
252043,Seròs,Lleida,2023,1,0,1,0,0,0,0,1,0,0,0,0,0,0,0,0,0,0,0
252056,Sidamon,Lleida,2011,2,0,0,2,2,0,0,0,2,0,0,0,0,0,0,0,0,0,0
252056,Sidamon,Lleida,2012,0,0,0,0,0,0,0,0,0,0,0,0,0,0,0,0,0,0,0
252056,Sidamon,Lleida,2013,0,0,0,0,0,0,0,0,0,0,0,0,0,0,0,0,0,0,0
252056,Sidamon,Lleida,2014,0,0,0,0,0,0,0,0,0,0,0,0,0,0,0,0,0,0,0
252056,Sidamon,Lleida,2015,0,0,0,0,0,0,0,0,0,0,0,0,0,0,0,0,0,0,0
252056,Sidamon,Lleida,2016,1,0,0,1,1,0,0,0,1,0,0,0,0,0,0,0,0,0,0
252056,Sidamon,Lleida,2017,0,0,0,0,0,0,0,0,0,0,0,0,0,0,0,0,0,0,0
252056,Sidamon,Lleida,2018,2,0,0,2,2,0,0,0,2,0,0,0,0,0,0,0,0,0,0
252056,Sidamon,Lleida,2019,3,0,0,3,3,0,0,0,3,0,0,0,0,0,0,0,0,0,0
252056,Sidamon,Lleida,2020,1,1,0,0,0,0,0,1,0,0,0,0,0,0,0,0,0,0,0
252056,Sidamon,Lleida,2021,0,0,0,0,0,0,0,0,0,0,0,0,0,0,0,0,0,0,0
252069,El Soleràs,Lleida,2011,0,0,0,0,0,0,0,0,0,0,0,0,0,0,0,0,0,0,0
252069,El Soleràs,Lleida,2012,0,0,0,0,0,0,0,0,0,0,0,0,0,0,0,0,0,0,0
252069,El Soleràs,Lleida,2013,0,0,0,0,0,0,0,0,0,0,0,0,0,0,0,0,0,0,0
252069,El Soleràs,Lleida,2014,0,0,0,0,0,0,0,0,0,0,0,0,0,0,0,0,0,0,0
252069,El Soleràs,Lleida,2015,2,2,0,0,0,0,2,0,2,0,0,2,0,0,0,0,0,0,0
252069,El Soleràs,Lleida,2016,0,0,0,0,0,0,0,0,0,0,0,0,0,0,0,0,0,0,0
252069,El Soleràs,Lleida,2017,0,0,0,0,0,0,0,0,0,0,0,0,0,0,0,0,0,0,0
252069,El Soleràs,Lleida,2018,0,0,0,0,0,0,0,0,0,0,0,0,0,0,0,0,0,0,0
252069,El Soleràs,Lleida,2019,0,0,0,0,0,0,0,0,0,0,0,0,0,0,0,0,0,0,0
252069,El Soleràs,Lleida,2020,1,1,0,0,0,0,1,0,1,0,0,0,1,0,0,0,0,0,0
252069,El Soleràs,Lleida,2021,0,0,0,0,0,0,0,0,0,0,0,0,0,0,0,0,0,0,0
252075,Solsona,Lleida,2011,73,37,0,36,21,7,45,0,73,16,0,14,1,13,0,1,0,0,0
252075,Solsona,Lleida,2012,63,24,18,21,13,6,44,0,63,16,1,4,1,18,0,4,0,0,0
252075,Solsona,Lleida,2013,40,14,16,10,7,2,31,0,40,12,2,3,1,7,0,6,0,0,0
252075,Solsona,Lleida,2014,24,3,9,12,8,2,13,1,23,5,2,0,0,3,0,3,0,0,0
252075,Solsona,Lleida,2015,34,8,10,16,10,5,19,0,34,8,4,1,0,5,0,1,0,0,0
252075,Solsona,Lleida,2016,14,7,0,7,4,2,8,0,14,6,0,0,0,0,1,1,0,0,0
252075,Solsona,Lleida,2017,21,12,0,9,6,2,13,0,21,5,1,0,0,5,2,0,0,0,0
252075,Solsona,Lleida,2018,15,0,8,7,5,1,9,0,15,2,2,0,0,4,1,0,0,0,0
252075,Solsona,Lleida,2019,33,26,0,7,7,2,24,0,33,1,0,9,1,10,3,0,0,0,0
252075,Solsona,Lleida,2020,38,29,0,9,8,3,27,0,38,0,0,23,0,4,0,0,0,0,0
252075,Solsona,Lleida,2021,35,23,9,3,1,1,26,7,28,1,4,10,0,11,0,0,0,0,0
252075,Solsona,Lleida,2022,44,42,0,2,0,2,42,0,44,6,0,15,0,21,0,0,0,0,0
252075,Solsona,Lleida,2023,20,19,0,1,0,0,20,0,20,1,3,7,0,9,0,0,0,0,0
252081,Soriguera,Lleida,2011,0,0,0,0,0,0,0,0,0,0,0,0,0,0,0,0,0,0,0
252081,Soriguera,Lleida,2012,1,1,0,0,1,0,0,0,1,0,0,0,0,0,0,0,0,0,0
252081,Soriguera,Lleida,2013,0,0,0,0,0,0,0,0,0,0,0,0,0,0,0,0,0,0,0
252081,Soriguera,Lleida,2014,1,0,0,1,1,0,0,0,1,0,0,0,0,0,0,0,0,0,0
252081,Soriguera,Lleida,2015,0,0,0,0,0,0,0,0,0,0,0,0,0,0,0,0,0,0,0
252081,Soriguera,Lleida,2016,0,0,0,0,0,0,0,0,0,0,0,0,0,0,0,0,0,0,0
252081,Soriguera,Lleida,2017,0,0,0,0,0,0,0,0,0,0,0,0,0,0,0,0,0,0,0
252081,Soriguera,Lleida,2018,0,0,0,0,0,0,0,0,0,0,0,0,0,0,0,0,0,0,0
252081,Soriguera,Lleida,2019,0,0,0,0,0,0,0,0,0,0,0,0,0,0,0,0,0,0,0
252081,Soriguera,Lleida,2020,1,0,1,0,0,1,0,0,1,0,0,0,0,0,0,0,0,0,0
252081,Soriguera,Lleida,2021,0,0,0,0,0,0,0,0,0,0,0,0,0,0,0,0,0,0,0
252081,Soriguera,Lleida,2022,1,0,0,1,1,0,0,0,1,0,0,0,0,0,0,0,0,0,0
252094,Sort,Lleida,2011,23,0,21,2,2,3,17,1,22,2,0,1,0,13,0,1,0,0,0
252094,Sort,Lleida,2012,33,18,15,0,0,5,27,1,32,4,0,7,0,13,2,1,0,0,0
252094,Sort,Lleida,2013,10,0,0,10,3,3,4,0,10,0,0,1,0,3,0,0,0,0,0
252094,Sort,Lleida,2014,7,0,1,6,3,4,0,0,7,0,0,0,0,0,0,0,0,0,0
252094,Sort,Lleida,2015,9,0,2,7,4,3,2,0,9,0,0,0,0,2,0,0,0,0,0
252094,Sort,Lleida,2016,8,0,2,6,3,2,3,0,8,0,0,0,0,3,0,0,0,0,0
252094,Sort,Lleida,2017,15,8,1,6,5,2,8,0,15,1,0,4,0,2,1,0,0,0,0
252094,Sort,Lleida,2018,18,0,6,12,3,5,10,0,18,1,0,6,0,3,0,0,0,0,0
252094,Sort,Lleida,2019,23,12,9,2,1,1,21,0,23,0,0,8,2,11,0,0,0,0,0
252094,Sort,Lleida,2020,9,3,1,5,2,3,2,2,7,0,0,0,0,2,0,0,0,0,0
252094,Sort,Lleida,2021,35,20,3,12,1,10,14,10,25,1,0,1,1,11,0,0,0,0,0
252094,Sort,Lleida,2022,50,28,4,18,7,5,23,15,35,3,1,5,2,12,0,0,0,0,0
252094,Sort,Lleida,2023,57,24,12,21,5,6,35,11,46,4,3,12,2,13,1,0,0,0,0
252108,Soses,Lleida,2011,41,35,3,3,3,0,38,0,41,0,0,34,3,1,0,0,0,0,0
252108,Soses,Lleida,2012,35,30,1,4,4,0,31,0,35,1,0,25,1,4,0,0,0,0,0
252108,Soses,Lleida,2013,1,1,0,0,0,0,1,0,1,0,0,1,0,0,0,0,0,0,0
252108,Soses,Lleida,2014,5,5,0,0,0,0,5,0,5,0,0,4,0,1,0,0,0,0,0
252108,Soses,Lleida,2015,2,2,0,0,0,0,2,0,2,1,0,1,0,0,0,0,0,0,0
252108,Soses,Lleida,2016,2,2,0,0,0,0,2,0,2,0,0,2,0,0,0,0,0,0,0
252108,Soses,Lleida,2017,0,0,0,0,0,0,0,0,0,0,0,0,0,0,0,0,0,0,0
252108,Soses,Lleida,2018,0,0,0,0,0,0,0,0,0,0,0,0,0,0,0,0,0,0,0
252108,Soses,Lleida,2019,13,12,0,1,1,0,12,0,13,1,0,10,0,1,0,0,0,0,0
252108,Soses,Lleida,2020,4,0,4,0,0,0,4,0,4,1,0,3,0,0,0,0,0,0,0
252108,Soses,Lleida,2021,1,0,1,0,0,0,1,0,1,0,0,1,0,0,0,0,0,0,0
252108,Soses,Lleida,2022,5,4,1,0,0,0,3,2,3,0,0,3,0,0,0,0,0,0,0
252108,Soses,Lleida,2023,5,0,5,0,0,0,5,0,5,0,0,5,0,0,0,0,0,0,0
252115,Sudanell,Lleida,2011,4,0,2,2,2,0,2,0,4,1,0,0,0,1,0,0,0,0,0
252115,Sudanell,Lleida,2012,3,0,2,1,1,0,2,0,3,2,0,0,0,0,0,0,0,0,0
252115,Sudanell,Lleida,2013,0,0,0,0,0,0,0,0,0,0,0,0,0,0,0,0,0,0,0
252115,Sudanell,Lleida,2014,0,0,0,0,0,0,0,0,0,0,0,0,0,0,0,0,0,0,0
252115,Sudanell,Lleida,2015,0,0,0,0,0,0,0,0,0,0,0,0,0,0,0,0,0,0,0
252115,Sudanell,Lleida,2016,1,1,0,0,0,0,1,0,1,0,0,0,0,1,0,0,0,0,0
252115,Sudanell,Lleida,2017,1,0,1,0,0,0,1,0,1,0,0,0,0,0,1,0,0,0,0
252115,Sudanell,Lleida,2018,1,0,0,1,1,0,0,0,1,0,0,0,0,0,0,0,0,0,0
252115,Sudanell,Lleida,2019,0,0,0,0,0,0,0,0,0,0,0,0,0,0,0,0,0,0,0
252115,Sudanell,Lleida,2020,0,0,0,0,0,0,0,0,0,0,0,0,0,0,0,0,0,0,0
252115,Sudanell,Lleida,2021,3,2,0,1,0,0,0,3,0,0,0,0,0,0,0,0,0,0,0
252115,Sudanell,Lleida,2022,5,3,2,0,0,0,0,5,0,0,0,0,0,0,0,0,0,0,0
252115,Sudanell,Lleida,2023,1,0,1,0,0,0,0,1,0,0,0,0,0,0,0,0,0,0,0
252120,Sunyer,Lleida,2011,0,0,0,0,0,0,0,0,0,0,0,0,0,0,0,0,0,0,0
252120,Sunyer,Lleida,2012,0,0,0,0,0,0,0,0,0,0,0,0,0,0,0,0,0,0,0
252120,Sunyer,Lleida,2013,0,0,0,0,0,0,0,0,0,0,0,0,0,0,0,0,0,0,0
252120,Sunyer,Lleida,2014,0,0,0,0,0,0,0,0,0,0,0,0,0,0,0,0,0,0,0
252120,Sunyer,Lleida,2015,4,4,0,0,0,0,4,0,4,0,0,0,0,4,0,0,0,0,0
252120,Sunyer,Lleida,2016,9,1,8,0,0,0,9,0,9,0,0,0,0,9,0,0,0,0,0
252120,Sunyer,Lleida,2017,0,0,0,0,0,0,0,0,0,0,0,0,0,0,0,0,0,0,0
252120,Sunyer,Lleida,2018,3,0,3,0,0,0,3,0,3,0,0,0,0,3,0,0,0,0,0
252120,Sunyer,Lleida,2019,3,2,0,1,1,0,2,0,3,0,0,1,1,0,0,0,0,0,0
252120,Sunyer,Lleida,2020,2,0,0,2,2,0,0,0,2,0,0,0,0,0,0,0,0,0,0
252120,Sunyer,Lleida,2021,0,0,0,0,0,0,0,0,0,0,0,0,0,0,0,0,0,0,0
252120,Sunyer,Lleida,2023,1,1,0,0,0,0,1,0,1,0,0,1,0,0,0,0,0,0,0
252154,Talarn,Lleida,2011,2,0,2,0,0,1,1,0,2,0,0,0,0,1,0,0,0,0,0
252154,Talarn,Lleida,2012,0,0,0,0,0,0,0,0,0,0,0,0,0,0,0,0,0,0,0
252154,Talarn,Lleida,2013,0,0,0,0,0,0,0,0,0,0,0,0,0,0,0,0,0,0,0
252154,Talarn,Lleida,2014,1,0,0,1,1,0,0,0,1,0,0,0,0,0,0,0,0,0,0
252154,Talarn,Lleida,2015,0,0,0,0,0,0,0,0,0,0,0,0,0,0,0,0,0,0,0
252154,Talarn,Lleida,2016,3,1,1,1,1,0,2,0,3,1,0,0,1,0,0,0,0,0,0
252154,Talarn,Lleida,2017,5,0,2,3,2,1,2,0,5,1,0,0,1,0,0,0,0,0,0
252154,Talarn,Lleida,2018,0,0,0,0,0,0,0,0,0,0,0,0,0,0,0,0,0,0,0
252154,Talarn,Lleida,2019,0,0,0,0,0,0,0,0,0,0,0,0,0,0,0,0,0,0,0
252154,Talarn,Lleida,2020,0,0,0,0,0,0,0,0,0,0,0,0,0,0,0,0,0,0,0
252154,Talarn,Lleida,2021,1,0,0,1,1,0,0,0,1,0,0,0,0,0,0,0,0,0,0
252154,Talarn,Lleida,2023,2,1,0,1,1,1,0,0,2,0,0,0,0,0,0,0,0,0,0
252173,Tàrrega,Lleida,2011,202,88,77,37,17,8,167,10,192,15,35,70,13,30,3,1,0,0,0
252173,Tàrrega,Lleida,2012,181,81,97,3,7,7,167,0,181,14,18,65,25,42,1,2,0,0,0
252173,Tàrrega,Lleida,2013,139,92,39,8,9,10,119,1,138,20,12,43,18,26,0,0,0,0,0
252173,Tàrrega,Lleida,2014,123,97,20,6,4,5,113,1,122,15,16,38,14,25,5,0,0,0,0
252173,Tàrrega,Lleida,2015,175,129,34,12,6,2,167,0,175,26,9,83,18,29,2,0,0,0,0
252173,Tàrrega,Lleida,2016,238,195,33,10,4,13,221,0,238,23,12,123,24,37,1,1,0,0,0
252173,Tàrrega,Lleida,2017,218,168,34,16,9,11,198,0,218,24,15,96,28,33,2,0,0,0,0
252173,Tàrrega,Lleida,2018,219,156,48,15,10,11,198,0,219,19,24,75,27,53,0,0,0,0,0
252173,Tàrrega,Lleida,2019,210,135,55,20,16,5,188,1,209,18,25,67,26,50,2,0,0,0,0
252173,Tàrrega,Lleida,2020,77,42,26,9,4,5,67,1,76,9,11,25,5,15,1,1,0,0,0
252173,Tàrrega,Lleida,2021,133,74,38,21,13,2,93,25,108,9,4,47,3,23,7,0,0,0,0
252173,Tàrrega,Lleida,2022,193,153,32,8,3,5,177,8,185,12,42,66,20,35,2,0,0,0,0
252173,Tàrrega,Lleida,2023,240,140,76,24,9,14,213,4,236,11,35,50,9,103,5,0,0,0,0
252189,Tarrés,Lleida,2011,0,0,0,0,0,0,0,0,0,0,0,0,0,0,0,0,0,0,0
252189,Tarrés,Lleida,2012,0,0,0,0,0,0,0,0,0,0,0,0,0,0,0,0,0,0,0
252189,Tarrés,Lleida,2013,0,0,0,0,0,0,0,0,0,0,0,0,0,0,0,0,0,0,0
252189,Tarrés,Lleida,2014,0,0,0,0,0,0,0,0,0,0,0,0,0,0,0,0,0,0,0
252189,Tarrés,Lleida,2015,0,0,0,0,0,0,0,0,0,0,0,0,0,0,0,0,0,0,0
252189,Tarrés,Lleida,2016,0,0,0,0,0,0,0,0,0,0,0,0,0,0,0,0,0,0,0
252189,Tarrés,Lleida,2017,0,0,0,0,0,0,0,0,0,0,0,0,0,0,0,0,0,0,0
252189,Tarrés,Lleida,2018,0,0,0,0,0,0,0,0,0,0,0,0,0,0,0,0,0,0,0
252189,Tarrés,Lleida,2019,1,1,0,0,0,0,1,0,1,0,0,0,0,0,1,0,0,0,0
252189,Tarrés,Lleida,2020,0,0,0,0,0,0,0,0,0,0,0,0,0,0,0,0,0,0,0
252189,Tarrés,Lleida,2021,0,0,0,0,0,0,0,0,0,0,0,0,0,0,0,0,0,0,0
252192,Tarroja de Segarra,Lleida,2011,2,0,2,0,0,0,2,0,2,2,0,0,0,0,0,0,0,0,0
252192,Tarroja de Segarra,Lleida,2012,0,0,0,0,0,0,0,0,0,0,0,0,0,0,0,0,0,0,0
252192,Tarroja de Segarra,Lleida,2013,0,0,0,0,0,0,0,0,0,0,0,0,0,0,0,0,0,0,0
252192,Tarroja de Segarra,Lleida,2014,0,0,0,0,0,0,0,0,0,0,0,0,0,0,0,0,0,0,0
252192,Tarroja de Segarra,Lleida,2015,0,0,0,0,0,0,0,0,0,0,0,0,0,0,0,0,0,0,0
252192,Tarroja de Segarra,Lleida,2016,0,0,0,0,0,0,0,0,0,0,0,0,0,0,0,0,0,0,0
252192,Tarroja de Segarra,Lleida,2017,0,0,0,0,0,0,0,0,0,0,0,0,0,0,0,0,0,0,0
252192,Tarroja de Segarra,Lleida,2018,0,0,0,0,0,0,0,0,0,0,0,0,0,0,0,0,0,0,0
252192,Tarroja de Segarra,Lleida,2019,0,0,0,0,0,0,0,0,0,0,0,0,0,0,0,0,0,0,0
252192,Tarroja de Segarra,Lleida,2020,0,0,0,0,0,0,0,0,0,0,0,0,0,0,0,0,0,0,0
252192,Tarroja de Segarra,Lleida,2021,0,0,0,0,0,0,0,0,0,0,0,0,0,0,0,0,0,0,0
252206,Térmens,Lleida,2011,8,3,2,3,2,0,6,0,8,4,0,0,0,2,0,0,0,0,0
252206,Térmens,Lleida,2012,9,4,5,0,0,0,9,0,9,7,0,0,1,1,0,0,0,0,0
252206,Térmens,Lleida,2013,0,0,0,0,0,0,0,0,0,0,0,0,0,0,0,0,0,0,0
252206,Térmens,Lleida,2014,0,0,0,0,0,0,0,0,0,0,0,0,0,0,0,0,0,0,0
252206,Térmens,Lleida,2015,1,0,0,1,1,0,0,0,1,0,0,0,0,0,0,0,0,0,0
252206,Térmens,Lleida,2016,0,0,0,0,0,0,0,0,0,0,0,0,0,0,0,0,0,0,0
252206,Térmens,Lleida,2017,2,0,1,1,1,0,1,0,2,1,0,0,0,0,0,0,0,0,0
252206,Térmens,Lleida,2018,1,0,0,1,1,0,0,0,1,0,0,0,0,0,0,0,0,0,0
252206,Térmens,Lleida,2019,3,0,0,3,3,0,0,0,3,0,0,0,0,0,0,0,0,0,0
252206,Térmens,Lleida,2020,1,0,0,1,0,0,0,1,0,0,0,0,0,0,0,0,0,0,0
252206,Térmens,Lleida,2021,2,0,0,2,0,0,0,2,0,0,0,0,0,0,0,0,0,0,0
252206,Térmens,Lleida,2022,11,9,0,2,2,0,9,0,11,3,0,0,1,5,0,0,0,0,0
252206,Térmens,Lleida,2023,2,0,0,2,2,0,0,0,2,0,0,0,0,0,0,0,0,0,0
252213,Tírvia,Lleida,2011,2,0,0,2,0,2,0,0,2,0,0,0,0,0,0,0,0,0,0
252213,Tírvia,Lleida,2012,2,2,0,0,0,0,2,0,2,0,0,1,0,1,0,0,0,0,0
252213,Tírvia,Lleida,2013,0,0,0,0,0,0,0,0,0,0,0,0,0,0,0,0,0,0,0
252213,Tírvia,Lleida,2014,0,0,0,0,0,0,0,0,0,0,0,0,0,0,0,0,0,0,0
252213,Tírvia,Lleida,2015,0,0,0,0,0,0,0,0,0,0,0,0,0,0,0,0,0,0,0
252213,Tírvia,Lleida,2016,0,0,0,0,0,0,0,0,0,0,0,0,0,0,0,0,0,0,0
252213,Tírvia,Lleida,2017,0,0,0,0,0,0,0,0,0,0,0,0,0,0,0,0,0,0,0
252213,Tírvia,Lleida,2018,0,0,0,0,0,0,0,0,0,0,0,0,0,0,0,0,0,0,0
252213,Tírvia,Lleida,2019,0,0,0,0,0,0,0,0,0,0,0,0,0,0,0,0,0,0,0
252213,Tírvia,Lleida,2020,0,0,0,0,0,0,0,0,0,0,0,0,0,0,0,0,0,0,0
252213,Tírvia,Lleida,2021,0,0,0,0,0,0,0,0,0,0,0,0,0,0,0,0,0,0,0
252234,Torà,Lleida,2011,3,0,0,3,1,1,0,1,2,0,0,0,0,0,0,0,0,0,0
252234,Torà,Lleida,2012,1,0,0,1,0,1,0,0,1,0,0,0,0,0,0,0,0,0,0
252234,Torà,Lleida,2013,2,0,0,2,0,2,0,0,2,0,0,0,0,0,0,0,0,0,0
252234,Torà,Lleida,2014,23,23,0,0,0,0,23,0,23,4,11,4,2,2,0,0,0,0,0
252234,Torà,Lleida,2015,0,0,0,0,0,0,0,0,0,0,0,0,0,0,0,0,0,0,0
252234,Torà,Lleida,2016,0,0,0,0,0,0,0,0,0,0,0,0,0,0,0,0,0,0,0
252234,Torà,Lleida,2017,0,0,0,0,0,0,0,0,0,0,0,0,0,0,0,0,0,0,0
252234,Torà,Lleida,2018,0,0,0,0,0,0,0,0,0,0,0,0,0,0,0,0,0,0,0
252234,Torà,Lleida,2019,25,25,0,0,0,0,23,2,23,1,1,15,4,2,0,0,0,0,0
252234,Torà,Lleida,2020,0,0,0,0,0,0,0,0,0,0,0,0,0,0,0,0,0,0,0
252234,Torà,Lleida,2021,0,0,0,0,0,0,0,0,0,0,0,0,0,0,0,0,0,0,0
252234,Torà,Lleida,2023,1,0,1,0,0,0,1,0,1,1,0,0,0,0,0,0,0,0,0
252252,Tornabous,Lleida,2011,0,0,0,0,0,0,0,0,0,0,0,0,0,0,0,0,0,0,0
252252,Tornabous,Lleida,2012,0,0,0,0,0,0,0,0,0,0,0,0,0,0,0,0,0,0,0
252252,Tornabous,Lleida,2013,1,1,0,0,0,0,1,0,1,1,0,0,0,0,0,0,0,0,0
252252,Tornabous,Lleida,2014,0,0,0,0,0,0,0,0,0,0,0,0,0,0,0,0,0,0,0
252252,Tornabous,Lleida,2015,0,0,0,0,0,0,0,0,0,0,0,0,0,0,0,0,0,0,0
252252,Tornabous,Lleida,2016,1,0,0,1,1,0,0,0,1,0,0,0,0,0,0,0,0,0,0
252252,Tornabous,Lleida,2017,0,0,0,0,0,0,0,0,0,0,0,0,0,0,0,0,0,0,0
252252,Tornabous,Lleida,2018,0,0,0,0,0,0,0,0,0,0,0,0,0,0,0,0,0,0,0
252252,Tornabous,Lleida,2019,0,0,0,0,0,0,0,0,0,0,0,0,0,0,0,0,0,0,0
252252,Tornabous,Lleida,2020,0,0,0,0,0,0,0,0,0,0,0,0,0,0,0,0,0,0,0
252252,Tornabous,Lleida,2021,1,1,0,0,0,0,0,1,0,0,0,0,0,0,0,0,0,0,0
252265,Torrebesses,Lleida,2011,1,0,0,1,1,0,0,0,1,0,0,0,0,0,0,0,0,0,0
252265,Torrebesses,Lleida,2012,0,0,0,0,0,0,0,0,0,0,0,0,0,0,0,0,0,0,0
252265,Torrebesses,Lleida,2013,0,0,0,0,0,0,0,0,0,0,0,0,0,0,0,0,0,0,0
252265,Torrebesses,Lleida,2014,0,0,0,0,0,0,0,0,0,0,0,0,0,0,0,0,0,0,0
252265,Torrebesses,Lleida,2015,0,0,0,0,0,0,0,0,0,0,0,0,0,0,0,0,0,0,0
252265,Torrebesses,Lleida,2016,0,0,0,0,0,0,0,0,0,0,0,0,0,0,0,0,0,0,0
252265,Torrebesses,Lleida,2017,0,0,0,0,0,0,0,0,0,0,0,0,0,0,0,0,0,0,0
252265,Torrebesses,Lleida,2018,0,0,0,0,0,0,0,0,0,0,0,0,0,0,0,0,0,0,0
252265,Torrebesses,Lleida,2019,0,0,0,0,0,0,0,0,0,0,0,0,0,0,0,0,0,0,0
252265,Torrebesses,Lleida,2020,0,0,0,0,0,0,0,0,0,0,0,0,0,0,0,0,0,0,0
252265,Torrebesses,Lleida,2021,0,0,0,0,0,0,0,0,0,0,0,0,0,0,0,0,0,0,0
252265,Torrebesses,Lleida,2023,2,2,0,0,2,0,0,0,2,0,0,0,0,0,0,0,0,0,0
252271,La Torre de Cabdella,Lleida,2011,0,0,0,0,0,0,0,0,0,0,0,0,0,0,0,0,0,0,0
252271,La Torre de Cabdella,Lleida,2012,0,0,0,0,0,0,0,0,0,0,0,0,0,0,0,0,0,0,0
252271,La Torre de Cabdella,Lleida,2013,1,1,0,0,0,0,1,0,1,0,1,0,0,0,0,0,0,0,0
252271,La Torre de Cabdella,Lleida,2014,2,0,1,1,1,0,1,0,2,0,1,0,0,0,0,0,0,0,0
252271,La Torre de Cabdella,Lleida,2015,1,0,0,1,1,0,0,0,1,0,0,0,0,0,0,0,0,0,0
252271,La Torre de Cabdella,Lleida,2016,0,0,0,0,0,0,0,0,0,0,0,0,0,0,0,0,0,0,0
252271,La Torre de Cabdella,Lleida,2017,0,0,0,0,0,0,0,0,0,0,0,0,0,0,0,0,0,0,0
252271,La Torre de Cabdella,Lleida,2018,1,0,0,1,0,0,1,0,1,1,0,0,0,0,0,0,0,0,0
252271,La Torre de Cabdella,Lleida,2019,2,0,0,2,1,0,1,0,2,1,0,0,0,0,0,0,0,0,0
252271,La Torre de Cabdella,Lleida,2020,2,1,0,1,0,0,2,0,2,1,1,0,0,0,0,0,0,0,0
252271,La Torre de Cabdella,Lleida,2021,0,0,0,0,0,0,0,0,0,0,0,0,0,0,0,0,0,0,0
252271,La Torre de Cabdella,Lleida,2022,3,2,0,1,1,0,2,0,3,0,0,0,0,2,0,0,0,0,0
252271,La Torre de Cabdella,Lleida,2023,4,2,2,0,0,0,4,0,4,0,0,4,0,0,0,0,0,0,0
252287,Torrefarrera,Lleida,2011,19,5,2,12,6,4,9,0,19,0,4,0,0,5,0,0,0,0,0
252287,Torrefarrera,Lleida,2012,17,3,7,7,6,3,8,0,17,1,0,0,0,7,0,0,0,0,0
252287,Torrefarrera,Lleida,2013,21,1,6,14,11,4,6,0,21,2,3,0,0,1,0,0,0,0,0
252287,Torrefarrera,Lleida,2014,13,2,2,9,7,1,5,0,13,3,0,0,1,1,0,0,0,0,0
252287,Torrefarrera,Lleida,2015,8,1,1,6,4,0,4,0,8,4,0,0,0,0,0,0,0,0,0
252287,Torrefarrera,Lleida,2016,11,1,6,4,3,1,7,0,11,5,0,0,0,0,1,1,0,0,0
252287,Torrefarrera,Lleida,2017,8,1,3,4,1,2,5,0,8,3,0,0,1,1,0,0,0,0,0
252287,Torrefarrera,Lleida,2018,15,6,2,7,3,0,12,0,15,3,1,0,1,3,4,0,0,0,0
252287,Torrefarrera,Lleida,2019,19,6,3,10,5,0,14,0,19,3,0,0,0,5,6,0,0,0,0
252287,Torrefarrera,Lleida,2020,7,0,2,5,1,3,3,0,7,2,0,0,0,1,0,0,0,0,0
252287,Torrefarrera,Lleida,2021,13,1,1,11,1,3,0,9,4,0,0,0,0,0,0,0,0,0,0
252287,Torrefarrera,Lleida,2022,10,3,0,7,1,0,4,5,5,1,0,1,0,2,0,0,0,0,0
252287,Torrefarrera,Lleida,2023,19,5,2,12,6,2,9,2,17,0,0,3,0,6,0,0,0,0,0
252304,Torregrossa,Lleida,2011,30,27,3,0,0,0,30,0,30,3,0,1,19,5,2,0,0,0,0
252304,Torregrossa,Lleida,2012,25,23,0,2,2,0,23,0,25,2,0,17,1,1,2,0,0,0,0
252304,Torregrossa,Lleida,2013,7,0,3,4,4,0,3,0,7,0,0,0,0,3,0,0,0,0,0
252304,Torregrossa,Lleida,2014,3,1,1,1,0,0,3,0,3,0,0,0,1,2,0,0,0,0,0
252304,Torregrossa,Lleida,2015,2,0,0,2,0,1,1,0,2,0,0,0,0,1,0,0,0,0,0
252304,Torregrossa,Lleida,2016,4,0,0,4,1,3,0,0,4,0,0,0,0,0,0,0,0,0,0
252304,Torregrossa,Lleida,2017,3,0,1,2,0,2,1,0,3,0,0,0,0,1,0,0,0,0,0
252304,Torregrossa,Lleida,2018,1,0,1,0,1,0,0,0,1,0,0,0,0,0,0,0,0,0,0
252304,Torregrossa,Lleida,2019,17,16,1,0,0,0,17,0,17,0,0,0,17,0,0,0,0,0,0
252304,Torregrossa,Lleida,2020,0,0,0,0,0,0,0,0,0,0,0,0,0,0,0,0,0,0,0
252304,Torregrossa,Lleida,2021,2,0,0,2,0,1,0,1,1,0,0,0,0,0,0,0,0,0,0
252304,Torregrossa,Lleida,2022,19,17,0,2,1,1,17,0,19,1,0,1,14,1,0,0,0,0,0
252304,Torregrossa,Lleida,2023,16,14,0,2,2,0,14,0,16,0,0,0,13,1,0,0,0,0,0
252311,Torrelameu,Lleida,2011,72,32,35,5,3,0,69,0,72,0,0,1,66,2,0,0,0,0,0
252311,Torrelameu,Lleida,2012,48,25,21,2,2,0,46,0,48,0,0,0,46,0,0,0,0,0,0
252311,Torrelameu,Lleida,2013,1,0,1,0,0,0,1,0,1,1,0,0,0,0,0,0,0,0,0
252311,Torrelameu,Lleida,2014,0,0,0,0,0,0,0,0,0,0,0,0,0,0,0,0,0,0,0
252311,Torrelameu,Lleida,2015,0,0,0,0,0,0,0,0,0,0,0,0,0,0,0,0,0,0,0
252311,Torrelameu,Lleida,2016,0,0,0,0,0,0,0,0,0,0,0,0,0,0,0,0,0,0,0
252311,Torrelameu,Lleida,2017,2,2,0,0,0,0,2,0,2,0,0,1,1,0,0,0,0,0,0
252311,Torrelameu,Lleida,2018,0,0,0,0,0,0,0,0,0,0,0,0,0,0,0,0,0,0,0
252311,Torrelameu,Lleida,2019,0,0,0,0,0,0,0,0,0,0,0,0,0,0,0,0,0,0,0
252311,Torrelameu,Lleida,2020,0,0,0,0,0,0,0,0,0,0,0,0,0,0,0,0,0,0,0
252311,Torrelameu,Lleida,2021,0,0,0,0,0,0,0,0,0,0,0,0,0,0,0,0,0,0,0
252311,Torrelameu,Lleida,2022,2,1,1,0,0,0,2,0,2,0,0,2,0,0,0,0,0,0,0
252311,Torrelameu,Lleida,2023,1,0,1,0,1,0,0,0,1,0,0,0,0,0,0,0,0,0,0
252326,Torres de Segre,Lleida,2011,3,0,0,3,3,0,0,0,3,0,0,0,0,0,0,0,0,0,0
252326,Torres de Segre,Lleida,2012,13,3,6,4,4,0,9,0,13,0,0,2,1,2,4,0,0,0,0
252326,Torres de Segre,Lleida,2013,5,4,0,1,1,0,4,0,5,0,0,4,0,0,0,0,0,0,0
252326,Torres de Segre,Lleida,2014,3,3,0,0,0,0,3,0,3,0,0,3,0,0,0,0,0,0,0
252326,Torres de Segre,Lleida,2015,5,5,0,0,0,0,5,0,5,2,0,1,2,0,0,0,0,0,0
252326,Torres de Segre,Lleida,2016,5,4,0,1,1,0,4,0,5,2,0,1,1,0,0,0,0,0,0
252326,Torres de Segre,Lleida,2017,2,0,0,2,2,0,0,0,2,0,0,0,0,0,0,0,0,0,0
252326,Torres de Segre,Lleida,2018,3,1,1,1,0,0,3,0,3,2,0,0,1,0,0,0,0,0,0
252326,Torres de Segre,Lleida,2019,6,6,0,0,0,0,6,0,6,0,0,3,3,0,0,0,0,0,0
252326,Torres de Segre,Lleida,2020,3,2,0,1,1,0,2,0,3,0,0,0,2,0,0,0,0,0,0
252326,Torres de Segre,Lleida,2021,3,2,0,1,1,0,1,1,2,0,0,1,0,0,0,0,0,0,0
252326,Torres de Segre,Lleida,2022,4,2,0,2,2,0,2,0,4,0,0,1,1,0,0,0,0,0,0
252326,Torres de Segre,Lleida,2023,3,0,0,3,3,0,0,0,3,0,0,0,0,0,0,0,0,0,0
252332,Torre-serona,Lleida,2011,0,0,0,0,0,0,0,0,0,0,0,0,0,0,0,0,0,0,0
252332,Torre-serona,Lleida,2012,0,0,0,0,0,0,0,0,0,0,0,0,0,0,0,0,0,0,0
252332,Torre-serona,Lleida,2013,0,0,0,0,0,0,0,0,0,0,0,0,0,0,0,0,0,0,0
252332,Torre-serona,Lleida,2014,2,1,1,0,0,0,2,0,2,0,2,0,0,0,0,0,0,0,0
252332,Torre-serona,Lleida,2015,0,0,0,0,0,0,0,0,0,0,0,0,0,0,0,0,0,0,0
252332,Torre-serona,Lleida,2016,0,0,0,0,0,0,0,0,0,0,0,0,0,0,0,0,0,0,0
252332,Torre-serona,Lleida,2017,2,1,0,1,1,0,1,0,2,0,0,0,1,0,0,0,0,0,0
252332,Torre-serona,Lleida,2018,3,0,1,2,2,0,1,0,3,0,0,0,1,0,0,0,0,0,0
252332,Torre-serona,Lleida,2019,0,0,0,0,0,0,0,0,0,0,0,0,0,0,0,0,0,0,0
252332,Torre-serona,Lleida,2020,0,0,0,0,0,0,0,0,0,0,0,0,0,0,0,0,0,0,0
252332,Torre-serona,Lleida,2021,0,0,0,0,0,0,0,0,0,0,0,0,0,0,0,0,0,0,0
252332,Torre-serona,Lleida,2023,1,1,0,0,0,0,1,0,1,0,0,0,0,1,0,0,0,0,0
252347,Tremp,Lleida,2011,67,1,43,23,14,17,36,0,67,11,0,7,1,17,0,0,0,0,0
252347,Tremp,Lleida,2012,45,27,0,18,9,12,24,0,45,3,3,3,4,11,0,0,0,0,0
252347,Tremp,Lleida,2013,22,8,0,14,6,7,9,0,22,3,1,0,1,4,0,0,0,0,0
252347,Tremp,Lleida,2014,23,7,2,14,5,7,11,0,23,5,1,4,0,1,0,0,0,0,0
252347,Tremp,Lleida,2015,16,6,0,10,4,3,9,0,16,2,2,4,1,0,0,0,0,0,0
252347,Tremp,Lleida,2016,43,11,14,18,6,7,30,0,43,6,2,10,0,11,1,0,0,0,0
252347,Tremp,Lleida,2017,59,15,28,16,5,11,42,1,58,3,7,6,5,21,0,0,0,0,0
252347,Tremp,Lleida,2018,41,13,8,20,11,9,21,0,41,3,0,1,1,16,0,0,0,0,0
252347,Tremp,Lleida,2019,48,12,10,26,16,6,26,0,48,5,1,6,3,11,0,0,0,0,0
252347,Tremp,Lleida,2020,39,10,8,21,15,4,20,0,39,0,0,4,0,16,0,0,0,0,0
252347,Tremp,Lleida,2021,35,5,8,22,20,1,10,4,31,2,0,1,0,7,0,0,0,0,0
252347,Tremp,Lleida,2022,76,58,15,3,4,1,67,4,72,2,4,27,4,29,1,0,0,0,0
252347,Tremp,Lleida,2023,72,45,12,15,8,2,59,3,69,3,0,17,0,39,0,0,0,0,0
252398,Les Valls de Valira,Lleida,2011,0,0,0,0,0,0,0,0,0,0,0,0,0,0,0,0,0,0,0
252398,Les Valls de Valira,Lleida,2012,1,1,0,0,0,0,1,0,1,1,0,0,0,0,0,0,0,0,0
252398,Les Valls de Valira,Lleida,2013,2,0,0,2,2,0,0,0,2,0,0,0,0,0,0,0,0,0,0
252398,Les Valls de Valira,Lleida,2014,1,0,0,1,1,0,0,0,1,0,0,0,0,0,0,0,0,0,0
252398,Les Valls de Valira,Lleida,2015,1,0,0,1,1,0,0,0,1,0,0,0,0,0,0,0,0,0,0
252398,Les Valls de Valira,Lleida,2016,1,0,0,1,1,0,0,0,1,0,0,0,0,0,0,0,0,0,0
252398,Les Valls de Valira,Lleida,2017,2,0,1,1,0,1,1,0,2,0,0,0,0,1,0,0,0,0,0
252398,Les Valls de Valira,Lleida,2018,2,0,0,2,0,1,1,0,2,0,1,0,0,0,0,0,0,0,0
252398,Les Valls de Valira,Lleida,2019,4,0,0,4,0,2,2,0,4,0,2,0,0,0,0,0,0,0,0
252398,Les Valls de Valira,Lleida,2020,2,0,0,2,0,0,2,0,2,0,2,0,0,0,0,0,0,0,0
252398,Les Valls de Valira,Lleida,2021,3,0,3,0,0,0,0,3,0,0,0,0,0,0,0,0,0,0,0
252402,Vallfogona de Balaguer,Lleida,2011,5,3,0,2,4,0,1,0,5,0,0,0,0,1,0,0,0,0,0
252402,Vallfogona de Balaguer,Lleida,2012,4,1,3,0,0,0,4,0,4,0,0,1,0,3,0,0,0,0,0
252402,Vallfogona de Balaguer,Lleida,2013,0,0,0,0,0,0,0,0,0,0,0,0,0,0,0,0,0,0,0
252402,Vallfogona de Balaguer,Lleida,2014,1,0,1,0,0,0,1,0,1,1,0,0,0,0,0,0,0,0,0
252402,Vallfogona de Balaguer,Lleida,2015,3,0,0,3,1,1,1,0,3,1,0,0,0,0,0,0,0,0,0
252402,Vallfogona de Balaguer,Lleida,2016,5,0,0,5,2,2,1,0,5,1,0,0,0,0,0,0,0,0,0
252402,Vallfogona de Balaguer,Lleida,2017,3,0,1,2,0,2,1,0,3,1,0,0,0,0,0,0,0,0,0
252402,Vallfogona de Balaguer,Lleida,2018,2,1,0,1,2,0,0,0,2,0,0,0,0,0,0,0,0,0,0
252402,Vallfogona de Balaguer,Lleida,2019,1,0,1,0,1,0,0,0,1,0,0,0,0,0,0,0,0,0,0
252402,Vallfogona de Balaguer,Lleida,2020,0,0,0,0,0,0,0,0,0,0,0,0,0,0,0,0,0,0,0
252402,Vallfogona de Balaguer,Lleida,2021,0,0,0,0,0,0,0,0,0,0,0,0,0,0,0,0,0,0,0
252402,Vallfogona de Balaguer,Lleida,2022,3,0,0,3,3,0,0,0,3,0,0,0,0,0,0,0,0,0,0
252402,Vallfogona de Balaguer,Lleida,2023,3,0,0,3,2,1,0,0,3,0,0,0,0,0,0,0,0,0,0
252424,Verdú,Lleida,2011,5,5,0,0,0,0,5,0,5,0,0,0,0,5,0,0,0,0,0
252424,Verdú,Lleida,2012,2,0,2,0,0,0,2,0,2,0,0,0,0,2,0,0,0,0,0
252424,Verdú,Lleida,2013,0,0,0,0,0,0,0,0,0,0,0,0,0,0,0,0,0,0,0
252424,Verdú,Lleida,2014,0,0,0,0,0,0,0,0,0,0,0,0,0,0,0,0,0,0,0
252424,Verdú,Lleida,2015,1,0,0,1,1,0,0,0,1,0,0,0,0,0,0,0,0,0,0
252424,Verdú,Lleida,2016,1,0,0,1,1,0,0,0,1,0,0,0,0,0,0,0,0,0,0
252424,Verdú,Lleida,2017,0,0,0,0,0,0,0,0,0,0,0,0,0,0,0,0,0,0,0
252424,Verdú,Lleida,2018,0,0,0,0,0,0,0,0,0,0,0,0,0,0,0,0,0,0,0
252424,Verdú,Lleida,2019,9,9,0,0,0,0,9,0,9,0,0,2,0,7,0,0,0,0,0
252424,Verdú,Lleida,2020,2,2,0,0,0,0,1,1,1,0,0,0,0,1,0,0,0,0,0
252424,Verdú,Lleida,2021,8,3,5,0,0,0,3,5,3,0,0,0,0,3,0,0,0,0,0
252424,Verdú,Lleida,2022,2,0,2,0,0,0,2,0,2,0,0,0,0,2,0,0,0,0,0
252424,Verdú,Lleida,2023,1,0,1,0,0,0,1,0,1,0,0,0,0,1,0,0,0,0,0
252430,Vielha e Mijaran,Lleida,2011,2,0,0,2,2,0,0,0,2,0,0,0,0,0,0,0,0,0,0
252430,Vielha e Mijaran,Lleida,2012,2,1,0,1,1,0,0,1,1,0,0,0,0,0,0,0,0,0,0
252430,Vielha e Mijaran,Lleida,2013,0,0,0,0,0,0,0,0,0,0,0,0,0,0,0,0,0,0,0
252430,Vielha e Mijaran,Lleida,2014,1,0,0,1,1,0,0,0,1,0,0,0,0,0,0,0,0,0,0
252430,Vielha e Mijaran,Lleida,2015,2,0,0,2,2,0,0,0,2,0,0,0,0,0,0,0,0,0,0
252430,Vielha e Mijaran,Lleida,2016,7,0,1,6,2,4,1,0,7,0,0,0,0,1,0,0,0,0,0
252430,Vielha e Mijaran,Lleida,2017,7,0,2,5,4,2,1,0,7,0,0,0,0,1,0,0,0,0,0
252430,Vielha e Mijaran,Lleida,2018,2,0,0,2,0,2,0,0,2,0,0,0,0,0,0,0,0,0,0
252430,Vielha e Mijaran,Lleida,2019,1,0,0,1,0,1,0,0,1,0,0,0,0,0,0,0,0,0,0
252430,Vielha e Mijaran,Lleida,2020,1,0,0,1,0,1,0,0,1,0,0,0,0,0,0,0,0,0,0
252430,Vielha e Mijaran,Lleida,2021,7,1,1,5,0,2,0,5,2,0,0,0,0,0,0,0,0,0,0
252430,Vielha e Mijaran,Lleida,2022,3,1,0,2,0,2,0,1,2,0,0,0,0,0,0,0,0,0,0
252430,Vielha e Mijaran,Lleida,2023,11,0,4,7,5,4,2,0,11,0,0,0,0,2,0,0,0,0,0
252445,Vilagrassa,Lleida,2011,2,1,1,0,0,1,1,0,2,0,0,0,1,0,0,0,0,0,0
252445,Vilagrassa,Lleida,2012,2,0,2,0,0,2,0,0,2,0,0,0,0,0,0,0,0,0,0
252445,Vilagrassa,Lleida,2013,2,1,1,0,0,0,2,0,2,0,0,0,0,2,0,0,0,0,0
252445,Vilagrassa,Lleida,2014,1,1,0,0,0,0,1,0,1,0,0,0,1,0,0,0,0,0,0
252445,Vilagrassa,Lleida,2015,3,2,1,0,0,0,3,0,3,0,1,0,2,0,0,0,0,0,0
252445,Vilagrassa,Lleida,2016,3,1,2,0,0,0,3,0,3,0,0,0,3,0,0,0,0,0,0
252445,Vilagrassa,Lleida,2017,2,1,1,0,0,0,2,0,2,0,0,0,1,1,0,0,0,0,0
252445,Vilagrassa,Lleida,2018,8,5,3,0,0,0,8,0,8,0,0,0,3,5,0,0,0,0,0
252445,Vilagrassa,Lleida,2019,1,0,1,0,0,0,1,0,1,0,0,0,0,1,0,0,0,0,0
252445,Vilagrassa,Lleida,2020,1,1,0,0,0,0,1,0,1,1,0,0,0,0,0,0,0,0,0
252445,Vilagrassa,Lleida,2021,2,0,2,0,0,0,2,0,2,2,0,0,0,0,0,0,0,0,0
252445,Vilagrassa,Lleida,2022,1,0,0,1,1,0,0,0,1,0,0,0,0,0,0,0,0,0,0
252445,Vilagrassa,Lleida,2023,1,0,0,1,0,0,1,0,1,1,0,0,0,0,0,0,0,0,0
252458,Vilaller,Lleida,2011,1,0,0,1,1,0,0,0,1,0,0,0,0,0,0,0,0,0,0
252458,Vilaller,Lleida,2012,1,0,1,0,0,0,1,0,1,0,0,0,0,1,0,0,0,0,0
252458,Vilaller,Lleida,2013,1,0,0,1,0,1,0,0,1,0,0,0,0,0,0,0,0,0,0
252458,Vilaller,Lleida,2014,0,0,0,0,0,0,0,0,0,0,0,0,0,0,0,0,0,0,0
252458,Vilaller,Lleida,2015,1,0,0,1,1,0,0,0,1,0,0,0,0,0,0,0,0,0,0
252458,Vilaller,Lleida,2016,2,0,0,2,2,0,0,0,2,0,0,0,0,0,0,0,0,0,0
252458,Vilaller,Lleida,2017,1,0,1,0,0,1,0,0,1,0,0,0,0,0,0,0,0,0,0
252458,Vilaller,Lleida,2018,0,0,0,0,0,0,0,0,0,0,0,0,0,0,0,0,0,0,0
252458,Vilaller,Lleida,2019,2,1,1,0,0,1,1,0,2,0,0,0,0,1,0,0,0,0,0
252458,Vilaller,Lleida,2020,3,0,3,0,0,2,1,0,3,0,0,0,0,1,0,0,0,0,0
252458,Vilaller,Lleida,2021,1,0,1,0,0,0,1,0,1,0,0,0,0,1,0,0,0,0,0
252458,Vilaller,Lleida,2023,1,0,0,1,1,0,0,0,1,0,0,0,0,0,0,0,0,0,0
252483,Vilanova de Bellpuig,Lleida,2011,3,1,0,2,0,2,1,0,3,0,0,0,1,0,0,0,0,0,0
252483,Vilanova de Bellpuig,Lleida,2012,0,0,0,0,0,0,0,0,0,0,0,0,0,0,0,0,0,0,0
252483,Vilanova de Bellpuig,Lleida,2013,1,0,0,1,1,0,0,0,1,0,0,0,0,0,0,0,0,0,0
252483,Vilanova de Bellpuig,Lleida,2014,1,0,0,1,1,0,0,0,1,0,0,0,0,0,0,0,0,0,0
252483,Vilanova de Bellpuig,Lleida,2015,2,0,0,2,0,2,0,0,2,0,0,0,0,0,0,0,0,0,0
252483,Vilanova de Bellpuig,Lleida,2016,3,0,0,3,0,3,0,0,3,0,0,0,0,0,0,0,0,0,0
252483,Vilanova de Bellpuig,Lleida,2017,0,0,0,0,0,0,0,0,0,0,0,0,0,0,0,0,0,0,0
252483,Vilanova de Bellpuig,Lleida,2018,0,0,0,0,0,0,0,0,0,0,0,0,0,0,0,0,0,0,0
252483,Vilanova de Bellpuig,Lleida,2019,0,0,0,0,0,0,0,0,0,0,0,0,0,0,0,0,0,0,0
252483,Vilanova de Bellpuig,Lleida,2020,1,0,1,0,0,0,1,0,1,0,0,0,0,1,0,0,0,0,0
252483,Vilanova de Bellpuig,Lleida,2021,2,0,2,0,0,0,2,0,2,0,0,0,0,2,0,0,0,0,0
252483,Vilanova de Bellpuig,Lleida,2022,4,4,0,0,0,0,4,0,4,0,4,0,0,0,0,0,0,0,0
252483,Vilanova de Bellpuig,Lleida,2023,30,30,0,0,0,0,30,0,30,2,0,2,25,1,0,0,0,0,0
252496,Vilanova de l'Aguda,Lleida,2023,1,0,1,0,0,0,1,0,1,1,0,0,0,0,0,0,0,0,0
252509,Vilanova de Meià,Lleida,2022,2,2,0,0,0,0,2,0,2,0,0,1,1,0,0,0,0,0,0
252516,Vilanova de Segrià,Lleida,2011,1,0,1,0,1,0,0,0,1,0,0,0,0,0,0,0,0,0,0
252516,Vilanova de Segrià,Lleida,2012,3,0,3,0,0,0,3,0,3,0,0,0,3,0,0,0,0,0,0
252516,Vilanova de Segrià,Lleida,2013,0,0,0,0,0,0,0,0,0,0,0,0,0,0,0,0,0,0,0
252516,Vilanova de Segrià,Lleida,2014,1,0,0,1,0,1,0,0,1,0,0,0,0,0,0,0,0,0,0
252516,Vilanova de Segrià,Lleida,2015,2,0,0,2,0,2,0,0,2,0,0,0,0,0,0,0,0,0,0
252516,Vilanova de Segrià,Lleida,2016,1,1,0,0,0,0,1,0,1,0,0,0,0,1,0,0,0,0,0
252516,Vilanova de Segrià,Lleida,2017,0,0,0,0,0,0,0,0,0,0,0,0,0,0,0,0,0,0,0
252516,Vilanova de Segrià,Lleida,2018,0,0,0,0,0,0,0,0,0,0,0,0,0,0,0,0,0,0,0
252516,Vilanova de Segrià,Lleida,2019,1,0,0,1,1,0,0,0,1,0,0,0,0,0,0,0,0,0,0
252516,Vilanova de Segrià,Lleida,2020,1,0,0,1,1,0,0,0,1,0,0,0,0,0,0,0,0,0,0
252516,Vilanova de Segrià,Lleida,2021,0,0,0,0,0,0,0,0,0,0,0,0,0,0,0,0,0,0,0
252516,Vilanova de Segrià,Lleida,2022,5,5,0,0,0,0,5,0,5,0,0,1,3,1,0,0,0,0,0
252516,Vilanova de Segrià,Lleida,2023,3,1,1,1,1,0,2,0,3,0,0,0,0,2,0,0,0,0,0
252521,Vila-sana,Lleida,2011,1,0,1,0,0,1,0,0,1,0,0,0,0,0,0,0,0,0,0
252521,Vila-sana,Lleida,2012,2,0,0,2,2,0,0,0,2,0,0,0,0,0,0,0,0,0,0
252521,Vila-sana,Lleida,2013,0,0,0,0,0,0,0,0,0,0,0,0,0,0,0,0,0,0,0
252521,Vila-sana,Lleida,2014,2,2,0,0,0,0,2,0,2,1,0,0,0,1,0,0,0,0,0
252521,Vila-sana,Lleida,2015,3,0,3,0,0,0,3,0,3,3,0,0,0,0,0,0,0,0,0
252521,Vila-sana,Lleida,2016,0,0,0,0,0,0,0,0,0,0,0,0,0,0,0,0,0,0,0
252521,Vila-sana,Lleida,2017,0,0,0,0,0,0,0,0,0,0,0,0,0,0,0,0,0,0,0
252521,Vila-sana,Lleida,2018,1,0,0,1,1,0,0,0,1,0,0,0,0,0,0,0,0,0,0
252521,Vila-sana,Lleida,2019,0,0,0,0,0,0,0,0,0,0,0,0,0,0,0,0,0,0,0
252521,Vila-sana,Lleida,2020,0,0,0,0,0,0,0,0,0,0,0,0,0,0,0,0,0,0,0
252521,Vila-sana,Lleida,2021,1,0,0,1,1,0,0,0,1,0,0,0,0,0,0,0,0,0,0
252521,Vila-sana,Lleida,2023,1,1,0,0,0,1,0,0,1,0,0,0,0,0,0,0,0,0,0
252542,Vilanova de la Barca,Lleida,2011,39,18,20,1,1,0,38,0,39,9,0,1,26,2,0,0,0,0,0
252542,Vilanova de la Barca,Lleida,2012,1,0,1,0,0,0,1,0,1,0,0,0,1,0,0,0,0,0,0
252542,Vilanova de la Barca,Lleida,2013,1,0,0,1,0,0,1,0,1,1,0,0,0,0,0,0,0,0,0
252542,Vilanova de la Barca,Lleida,2014,0,0,0,0,0,0,0,0,0,0,0,0,0,0,0,0,0,0,0
252542,Vilanova de la Barca,Lleida,2015,0,0,0,0,0,0,0,0,0,0,0,0,0,0,0,0,0,0,0
252542,Vilanova de la Barca,Lleida,2016,2,1,0,1,1,0,1,0,2,0,0,0,1,0,0,0,0,0,0
252542,Vilanova de la Barca,Lleida,2017,1,0,1,0,0,0,1,0,1,0,0,0,0,0,1,0,0,0,0
252542,Vilanova de la Barca,Lleida,2018,0,0,0,0,0,0,0,0,0,0,0,0,0,0,0,0,0,0,0
252542,Vilanova de la Barca,Lleida,2019,1,0,0,1,1,0,0,0,1,0,0,0,0,0,0,0,0,0,0
252542,Vilanova de la Barca,Lleida,2020,3,2,0,1,1,0,2,0,3,0,0,0,1,1,0,0,0,0,0
252542,Vilanova de la Barca,Lleida,2021,4,2,2,0,0,0,2,2,2,0,0,0,0,2,0,0,0,0,0
252542,Vilanova de la Barca,Lleida,2022,3,3,0,0,0,0,2,1,2,0,0,0,2,0,0,0,0,0,0
252542,Vilanova de la Barca,Lleida,2023,2,0,0,2,1,0,1,0,2,1,0,0,0,0,0,0,0,0,0
252555,Vinaixa,Lleida,2011,0,0,0,0,0,0,0,0,0,0,0,0,0,0,0,0,0,0,0
252555,Vinaixa,Lleida,2012,0,0,0,0,0,0,0,0,0,0,0,0,0,0,0,0,0,0,0
252555,Vinaixa,Lleida,2013,1,0,0,1,0,1,0,0,1,0,0,0,0,0,0,0,0,0,0
252555,Vinaixa,Lleida,2014,2,0,0,2,0,2,0,0,2,0,0,0,0,0,0,0,0,0,0
252555,Vinaixa,Lleida,2015,0,0,0,0,0,0,0,0,0,0,0,0,0,0,0,0,0,0,0
252555,Vinaixa,Lleida,2016,0,0,0,0,0,0,0,0,0,0,0,0,0,0,0,0,0,0,0
252555,Vinaixa,Lleida,2017,1,0,0,1,0,1,0,0,1,0,0,0,0,0,0,0,0,0,0
252555,Vinaixa,Lleida,2018,0,0,0,0,0,0,0,0,0,0,0,0,0,0,0,0,0,0,0
252555,Vinaixa,Lleida,2019,0,0,0,0,0,0,0,0,0,0,0,0,0,0,0,0,0,0,0
252555,Vinaixa,Lleida,2020,1,0,0,1,0,1,0,0,1,0,0,0,0,0,0,0,0,0,0
252555,Vinaixa,Lleida,2021,0,0,0,0,0,0,0,0,0,0,0,0,0,0,0,0,0,0,0
252555,Vinaixa,Lleida,2022,1,0,0,1,1,0,0,0,1,0,0,0,0,0,0,0,0,0,0
259010,Vall de Cardós,Lleida,2011,0,0,0,0,0,0,0,0,0,0,0,0,0,0,0,0,0,0,0
259010,Vall de Cardós,Lleida,2012,0,0,0,0,0,0,0,0,0,0,0,0,0,0,0,0,0,0,0
259010,Vall de Cardós,Lleida,2013,0,0,0,0,0,0,0,0,0,0,0,0,0,0,0,0,0,0,0
259010,Vall de Cardós,Lleida,2014,0,0,0,0,0,0,0,0,0,0,0,0,0,0,0,0,0,0,0
259010,Vall de Cardós,Lleida,2015,0,0,0,0,0,0,0,0,0,0,0,0,0,0,0,0,0,0,0
259010,Vall de Cardós,Lleida,2016,0,0,0,0,0,0,0,0,0,0,0,0,0,0,0,0,0,0,0
259010,Vall de Cardós,Lleida,2017,3,0,0,3,3,0,0,0,3,0,0,0,0,0,0,0,0,0,0
259010,Vall de Cardós,Lleida,2018,2,0,0,2,2,0,0,0,2,0,0,0,0,0,0,0,0,0,0
259010,Vall de Cardós,Lleida,2019,0,0,0,0,0,0,0,0,0,0,0,0,0,0,0,0,0,0,0
259010,Vall de Cardós,Lleida,2020,0,0,0,0,0,0,0,0,0,0,0,0,0,0,0,0,0,0,0
259010,Vall de Cardós,Lleida,2021,0,0,0,0,0,0,0,0,0,0,0,0,0,0,0,0,0,0,0
259025,Sant Martí de Riucorb,Lleida,2011,0,0,0,0,0,0,0,0,0,0,0,0,0,0,0,0,0,0,0
259025,Sant Martí de Riucorb,Lleida,2012,0,0,0,0,0,0,0,0,0,0,0,0,0,0,0,0,0,0,0
259025,Sant Martí de Riucorb,Lleida,2013,0,0,0,0,0,0,0,0,0,0,0,0,0,0,0,0,0,0,0
259025,Sant Martí de Riucorb,Lleida,2014,0,0,0,0,0,0,0,0,0,0,0,0,0,0,0,0,0,0,0
259025,Sant Martí de Riucorb,Lleida,2015,1,0,0,1,1,0,0,0,1,0,0,0,0,0,0,0,0,0,0
259025,Sant Martí de Riucorb,Lleida,2016,0,0,0,0,0,0,0,0,0,0,0,0,0,0,0,0,0,0,0
259025,Sant Martí de Riucorb,Lleida,2017,2,1,0,1,1,0,1,0,2,0,0,1,0,0,0,0,0,0,0
259025,Sant Martí de Riucorb,Lleida,2018,3,2,0,1,1,0,2,0,3,0,0,2,0,0,0,0,0,0,0
259025,Sant Martí de Riucorb,Lleida,2019,4,2,2,0,0,0,4,0,4,2,0,2,0,0,0,0,0,0,0
259025,Sant Martí de Riucorb,Lleida,2020,1,0,1,0,0,0,1,0,1,0,0,1,0,0,0,0,0,0,0
259025,Sant Martí de Riucorb,Lleida,2021,0,0,0,0,0,0,0,0,0,0,0,0,0,0,0,0,0,0,0
259025,Sant Martí de Riucorb,Lleida,2023,4,1,2,1,0,1,3,0,4,2,0,1,0,0,0,0,0,0,0
259031,la Guingueta d'Àneu,Lleida,2011,0,0,0,0,0,0,0,0,0,0,0,0,0,0,0,0,0,0,0
259031,la Guingueta d'Àneu,Lleida,2012,1,1,0,0,0,0,1,0,1,0,0,0,0,1,0,0,0,0,0
259031,la Guingueta d'Àneu,Lleida,2013,0,0,0,0,0,0,0,0,0,0,0,0,0,0,0,0,0,0,0
259031,la Guingueta d'Àneu,Lleida,2014,0,0,0,0,0,0,0,0,0,0,0,0,0,0,0,0,0,0,0
259031,la Guingueta d'Àneu,Lleida,2015,1,0,0,1,0,1,0,0,1,0,0,0,0,0,0,0,0,0,0
259031,la Guingueta d'Àneu,Lleida,2016,0,0,0,0,0,0,0,0,0,0,0,0,0,0,0,0,0,0,0
259031,la Guingueta d'Àneu,Lleida,2017,1,0,0,1,0,0,1,0,1,0,0,0,0,1,0,0,0,0,0
259031,la Guingueta d'Àneu,Lleida,2018,0,0,0,0,0,0,0,0,0,0,0,0,0,0,0,0,0,0,0
259031,la Guingueta d'Àneu,Lleida,2019,0,0,0,0,0,0,0,0,0,0,0,0,0,0,0,0,0,0,0
259031,la Guingueta d'Àneu,Lleida,2020,1,1,0,0,0,0,0,1,0,0,0,0,0,0,0,0,0,0,0
259031,la Guingueta d'Àneu,Lleida,2021,3,0,3,0,0,0,0,3,0,0,0,0,0,0,0,0,0,0,0
259046,Castell de Mur,Lleida,2011,0,0,0,0,0,0,0,0,0,0,0,0,0,0,0,0,0,0,0
259046,Castell de Mur,Lleida,2012,0,0,0,0,0,0,0,0,0,0,0,0,0,0,0,0,0,0,0
259046,Castell de Mur,Lleida,2013,0,0,0,0,0,0,0,0,0,0,0,0,0,0,0,0,0,0,0
259046,Castell de Mur,Lleida,2014,0,0,0,0,0,0,0,0,0,0,0,0,0,0,0,0,0,0,0
259046,Castell de Mur,Lleida,2015,0,0,0,0,0,0,0,0,0,0,0,0,0,0,0,0,0,0,0
259046,Castell de Mur,Lleida,2016,0,0,0,0,0,0,0,0,0,0,0,0,0,0,0,0,0,0,0
259046,Castell de Mur,Lleida,2017,0,0,0,0,0,0,0,0,0,0,0,0,0,0,0,0,0,0,0
259046,Castell de Mur,Lleida,2018,0,0,0,0,0,0,0,0,0,0,0,0,0,0,0,0,0,0,0
259046,Castell de Mur,Lleida,2019,0,0,0,0,0,0,0,0,0,0,0,0,0,0,0,0,0,0,0
259046,Castell de Mur,Lleida,2020,0,0,0,0,0,0,0,0,0,0,0,0,0,0,0,0,0,0,0
259046,Castell de Mur,Lleida,2021,1,0,1,0,0,0,0,1,0,0,0,0,0,0,0,0,0,0,0
259046,Castell de Mur,Lleida,2022,2,0,2,0,0,0,0,2,0,0,0,0,0,0,0,0,0,0,0
259062,Les Valls d'Aguilar,Lleida,2011,2,0,0,2,2,0,0,0,2,0,0,0,0,0,0,0,0,0,0
259062,Les Valls d'Aguilar,Lleida,2012,3,0,0,3,3,0,0,0,3,0,0,0,0,0,0,0,0,0,0
259062,Les Valls d'Aguilar,Lleida,2013,3,0,0,3,3,0,0,0,3,0,0,0,0,0,0,0,0,0,0
259062,Les Valls d'Aguilar,Lleida,2014,2,0,0,2,0,0,2,0,2,2,0,0,0,0,0,0,0,0,0
259062,Les Valls d'Aguilar,Lleida,2015,0,0,0,0,0,0,0,0,0,0,0,0,0,0,0,0,0,0,0
259062,Les Valls d'Aguilar,Lleida,2016,1,0,0,1,0,0,1,0,1,1,0,0,0,0,0,0,0,0,0
259062,Les Valls d'Aguilar,Lleida,2017,1,0,0,1,0,0,1,0,1,1,0,0,0,0,0,0,0,0,0
259062,Les Valls d'Aguilar,Lleida,2018,0,0,0,0,0,0,0,0,0,0,0,0,0,0,0,0,0,0,0
259062,Les Valls d'Aguilar,Lleida,2019,1,0,0,1,0,0,1,0,1,1,0,0,0,0,0,0,0,0,0
259062,Les Valls d'Aguilar,Lleida,2020,0,0,0,0,0,0,0,0,0,0,0,0,0,0,0,0,0,0,0
259062,Les Valls d'Aguilar,Lleida,2021,0,0,0,0,0,0,0,0,0,0,0,0,0,0,0,0,0,0,0
259062,Les Valls d'Aguilar,Lleida,2022,1,0,0,1,1,0,0,0,1,0,0,0,0,0,0,0,0,0,0
259078,Torrefeta i Florejacs,Lleida,2011,0,0,0,0,0,0,0,0,0,0,0,0,0,0,0,0,0,0,0
259078,Torrefeta i Florejacs,Lleida,2012,0,0,0,0,0,0,0,0,0,0,0,0,0,0,0,0,0,0,0
259078,Torrefeta i Florejacs,Lleida,2013,1,1,0,0,0,0,1,0,1,0,0,0,0,1,0,0,0,0,0
259078,Torrefeta i Florejacs,Lleida,2014,0,0,0,0,0,0,0,0,0,0,0,0,0,0,0,0,0,0,0
259078,Torrefeta i Florejacs,Lleida,2015,0,0,0,0,0,0,0,0,0,0,0,0,0,0,0,0,0,0,0
259078,Torrefeta i Florejacs,Lleida,2016,0,0,0,0,0,0,0,0,0,0,0,0,0,0,0,0,0,0,0
259078,Torrefeta i Florejacs,Lleida,2017,0,0,0,0,0,0,0,0,0,0,0,0,0,0,0,0,0,0,0
259078,Torrefeta i Florejacs,Lleida,2018,0,0,0,0,0,0,0,0,0,0,0,0,0,0,0,0,0,0,0
259078,Torrefeta i Florejacs,Lleida,2019,1,1,0,0,0,0,1,0,1,0,0,0,0,0,1,0,0,0,0
259078,Torrefeta i Florejacs,Lleida,2020,0,0,0,0,0,0,0,0,0,0,0,0,0,0,0,0,0,0,0
259078,Torrefeta i Florejacs,Lleida,2021,1,1,0,0,0,0,0,1,0,0,0,0,0,0,0,0,0,0,0
259084,Fígols i Alinyà,Lleida,2011,1,0,0,1,1,0,0,0,1,0,0,0,0,0,0,0,0,0,0
259084,Fígols i Alinyà,Lleida,2012,0,0,0,0,0,0,0,0,0,0,0,0,0,0,0,0,0,0,0
259084,Fígols i Alinyà,Lleida,2013,0,0,0,0,0,0,0,0,0,0,0,0,0,0,0,0,0,0,0
259084,Fígols i Alinyà,Lleida,2014,0,0,0,0,0,0,0,0,0,0,0,0,0,0,0,0,0,0,0
259084,Fígols i Alinyà,Lleida,2015,1,0,0,1,0,1,0,0,1,0,0,0,0,0,0,0,0,0,0
259084,Fígols i Alinyà,Lleida,2016,1,0,0,1,0,1,0,0,1,0,0,0,0,0,0,0,0,0,0
259084,Fígols i Alinyà,Lleida,2017,0,0,0,0,0,0,0,0,0,0,0,0,0,0,0,0,0,0,0
259084,Fígols i Alinyà,Lleida,2018,0,0,0,0,0,0,0,0,0,0,0,0,0,0,0,0,0,0,0
259084,Fígols i Alinyà,Lleida,2019,2,0,0,2,1,1,0,0,2,0,0,0,0,0,0,0,0,0,0
259084,Fígols i Alinyà,Lleida,2020,2,0,0,2,1,1,0,0,2,0,0,0,0,0,0,0,0,0,0
259084,Fígols i Alinyà,Lleida,2021,0,0,0,0,0,0,0,0,0,0,0,0,0,0,0,0,0,0,0
259097,La Vansa i Fórnols,Lleida,2011,0,0,0,0,0,0,0,0,0,0,0,0,0,0,0,0,0,0,0
259097,La Vansa i Fórnols,Lleida,2012,0,0,0,0,0,0,0,0,0,0,0,0,0,0,0,0,0,0,0
259097,La Vansa i Fórnols,Lleida,2013,0,0,0,0,0,0,0,0,0,0,0,0,0,0,0,0,0,0,0
259097,La Vansa i Fórnols,Lleida,2014,0,0,0,0,0,0,0,0,0,0,0,0,0,0,0,0,0,0,0
259097,La Vansa i Fórnols,Lleida,2015,2,0,0,2,2,0,0,0,2,0,0,0,0,0,0,0,0,0,0
259097,La Vansa i Fórnols,Lleida,2016,0,0,0,0,0,0,0,0,0,0,0,0,0,0,0,0,0,0,0
259097,La Vansa i Fórnols,Lleida,2017,0,0,0,0,0,0,0,0,0,0,0,0,0,0,0,0,0,0,0
259097,La Vansa i Fórnols,Lleida,2018,0,0,0,0,0,0,0,0,0,0,0,0,0,0,0,0,0,0,0
259097,La Vansa i Fórnols,Lleida,2019,0,0,0,0,0,0,0,0,0,0,0,0,0,0,0,0,0,0,0
259097,La Vansa i Fórnols,Lleida,2020,3,0,0,3,0,0,0,3,0,0,0,0,0,0,0,0,0,0,0
259097,La Vansa i Fórnols,Lleida,2021,4,0,0,4,3,0,0,1,3,0,0,0,0,0,0,0,0,0,0
259118,Els Plans de Sió,Lleida,2011,4,1,1,2,2,2,0,0,4,0,0,0,0,0,0,0,0,0,0
259118,Els Plans de Sió,Lleida,2012,2,1,1,0,0,1,1,0,2,0,0,0,0,1,0,0,0,0,0
259118,Els Plans de Sió,Lleida,2013,0,0,0,0,0,0,0,0,0,0,0,0,0,0,0,0,0,0,0
259118,Els Plans de Sió,Lleida,2014,0,0,0,0,0,0,0,0,0,0,0,0,0,0,0,0,0,0,0
259118,Els Plans de Sió,Lleida,2015,0,0,0,0,0,0,0,0,0,0,0,0,0,0,0,0,0,0,0
259118,Els Plans de Sió,Lleida,2016,0,0,0,0,0,0,0,0,0,0,0,0,0,0,0,0,0,0,0
259118,Els Plans de Sió,Lleida,2017,0,0,0,0,0,0,0,0,0,0,0,0,0,0,0,0,0,0,0
259118,Els Plans de Sió,Lleida,2018,0,0,0,0,0,0,0,0,0,0,0,0,0,0,0,0,0,0,0
259118,Els Plans de Sió,Lleida,2019,0,0,0,0,0,0,0,0,0,0,0,0,0,0,0,0,0,0,0
259118,Els Plans de Sió,Lleida,2020,0,0,0,0,0,0,0,0,0,0,0,0,0,0,0,0,0,0,0
259118,Els Plans de Sió,Lleida,2021,0,0,0,0,0,0,0,0,0,0,0,0,0,0,0,0,0,0,0
259123,Gimenells i el Pla de la Font,Lleida,2011,2,0,0,2,2,0,0,0,2,0,0,0,0,0,0,0,0,0,0
259123,Gimenells i el Pla de la Font,Lleida,2012,2,0,0,2,0,0,2,0,2,0,2,0,0,0,0,0,0,0,0
259123,Gimenells i el Pla de la Font,Lleida,2013,2,0,0,2,1,0,1,0,2,0,1,0,0,0,0,0,0,0,0
259123,Gimenells i el Pla de la Font,Lleida,2014,0,0,0,0,0,0,0,0,0,0,0,0,0,0,0,0,0,0,0
259123,Gimenells i el Pla de la Font,Lleida,2015,1,0,0,1,0,0,1,0,1,0,1,0,0,0,0,0,0,0,0
259123,Gimenells i el Pla de la Font,Lleida,2016,2,0,0,2,0,0,2,0,2,0,2,0,0,0,0,0,0,0,0
259123,Gimenells i el Pla de la Font,Lleida,2017,0,0,0,0,0,0,0,0,0,0,0,0,0,0,0,0,0,0,0
259123,Gimenells i el Pla de la Font,Lleida,2018,7,7,0,0,0,0,7,0,7,0,0,4,3,0,0,0,0,0,0
259123,Gimenells i el Pla de la Font,Lleida,2019,18,10,7,1,1,0,17,0,18,0,0,12,5,0,0,0,0,0,0
259123,Gimenells i el Pla de la Font,Lleida,2020,6,3,1,2,2,0,4,0,6,0,0,3,1,0,0,0,0,0,0
259123,Gimenells i el Pla de la Font,Lleida,2021,2,2,0,0,0,0,2,0,2,0,0,1,1,0,0,0,0,0,0
259123,Gimenells i el Pla de la Font,Lleida,2023,1,1,0,0,0,0,1,0,1,0,0,1,0,0,0,0,0,0,0
259139,Riu de Cerdanya,Lleida,2011,0,0,0,0,0,0,0,0,0,0,0,0,0,0,0,0,0,0,0
259139,Riu de Cerdanya,Lleida,2012,0,0,0,0,0,0,0,0,0,0,0,0,0,0,0,0,0,0,0
259139,Riu de Cerdanya,Lleida,2013,0,0,0,0,0,0,0,0,0,0,0,0,0,0,0,0,0,0,0
259139,Riu de Cerdanya,Lleida,2014,0,0,0,0,0,0,0,0,0,0,0,0,0,0,0,0,0,0,0
259139,Riu de Cerdanya,Lleida,2015,0,0,0,0,0,0,0,0,0,0,0,0,0,0,0,0,0,0,0
259139,Riu de Cerdanya,Lleida,2016,0,0,0,0,0,0,0,0,0,0,0,0,0,0,0,0,0,0,0
259139,Riu de Cerdanya,Lleida,2017,2,2,0,0,0,2,0,0,2,0,0,0,0,0,0,0,0,0,0
259139,Riu de Cerdanya,Lleida,2018,2,0,2,0,0,2,0,0,2,0,0,0,0,0,0,0,0,0,0
259139,Riu de Cerdanya,Lleida,2019,0,0,0,0,0,0,0,0,0,0,0,0,0,0,0,0,0,0,0
259139,Riu de Cerdanya,Lleida,2020,0,0,0,0,0,0,0,0,0,0,0,0,0,0,0,0,0,0,0
259139,Riu de Cerdanya,Lleida,2021,0,0,0,0,0,0,0,0,0,0,0,0,0,0,0,0,0,0,0
430017,Aiguamúrcia,Tarragona,2011,7,4,1,2,4,0,3,0,7,2,0,0,0,1,0,0,0,0,0
430017,Aiguamúrcia,Tarragona,2012,0,0,0,0,0,0,0,0,0,0,0,0,0,0,0,0,0,0,0
430017,Aiguamúrcia,Tarragona,2013,1,0,0,1,1,0,0,0,1,0,0,0,0,0,0,0,0,0,0
430017,Aiguamúrcia,Tarragona,2014,4,2,0,2,2,0,2,0,4,0,0,0,0,2,0,0,0,0,0
430017,Aiguamúrcia,Tarragona,2015,1,1,0,0,0,0,1,0,1,0,0,0,0,1,0,0,0,0,0
430017,Aiguamúrcia,Tarragona,2016,0,0,0,0,0,0,0,0,0,0,0,0,0,0,0,0,0,0,0
430017,Aiguamúrcia,Tarragona,2017,1,0,1,0,0,1,0,0,1,0,0,0,0,0,0,0,0,0,0
430017,Aiguamúrcia,Tarragona,2018,0,0,0,0,0,0,0,0,0,0,0,0,0,0,0,0,0,0,0
430017,Aiguamúrcia,Tarragona,2019,5,4,0,1,0,1,4,0,5,0,0,1,0,3,0,0,0,0,0
430017,Aiguamúrcia,Tarragona,2020,1,0,0,1,0,1,0,0,1,0,0,0,0,0,0,0,0,0,0
430017,Aiguamúrcia,Tarragona,2021,0,0,0,0,0,0,0,0,0,0,0,0,0,0,0,0,0,0,0
430017,Aiguamúrcia,Tarragona,2022,1,1,0,0,0,0,1,0,1,0,0,1,0,0,0,0,0,0,0
430022,Albinyana,Tarragona,2011,18,0,6,12,6,6,6,0,18,0,0,0,0,6,0,0,0,0,0
430022,Albinyana,Tarragona,2012,14,1,2,11,4,2,7,1,13,0,0,0,0,7,0,0,0,0,0
430022,Albinyana,Tarragona,2013,13,3,5,5,2,6,5,0,13,1,0,1,0,3,0,0,0,0,0
430022,Albinyana,Tarragona,2014,3,3,0,0,0,3,0,0,3,0,0,0,0,0,0,0,0,0,0
430022,Albinyana,Tarragona,2015,9,3,3,3,1,7,1,0,9,0,0,1,0,0,0,0,0,0,0
430022,Albinyana,Tarragona,2016,5,1,2,2,2,2,1,0,5,1,0,0,0,0,0,0,0,0,0
430022,Albinyana,Tarragona,2017,8,0,1,7,6,2,0,0,8,0,0,0,0,0,0,0,0,0,0
430022,Albinyana,Tarragona,2018,9,1,0,8,6,2,1,0,9,0,1,0,0,0,0,0,0,0,0
430022,Albinyana,Tarragona,2019,5,1,1,3,3,2,0,0,5,0,0,0,0,0,0,0,0,0,0
430022,Albinyana,Tarragona,2020,3,2,0,1,1,1,1,0,3,0,0,0,0,1,0,0,0,0,0
430022,Albinyana,Tarragona,2021,7,5,1,1,0,0,0,7,0,0,0,0,0,0,0,0,0,0,0
430022,Albinyana,Tarragona,2022,13,4,4,5,6,1,2,4,9,0,2,0,0,0,0,0,0,0,0
430022,Albinyana,Tarragona,2023,12,2,7,3,6,0,6,0,12,0,4,0,1,1,0,0,0,0,0
430038,L'Albiol,Tarragona,2011,1,0,0,1,0,1,0,0,1,0,0,0,0,0,0,0,0,0,0
430038,L'Albiol,Tarragona,2012,5,0,0,5,4,1,0,0,5,0,0,0,0,0,0,0,0,0,0
430038,L'Albiol,Tarragona,2013,1,0,0,1,1,0,0,0,1,0,0,0,0,0,0,0,0,0,0
430038,L'Albiol,Tarragona,2014,0,0,0,0,0,0,0,0,0,0,0,0,0,0,0,0,0,0,0
430038,L'Albiol,Tarragona,2015,0,0,0,0,0,0,0,0,0,0,0,0,0,0,0,0,0,0,0
430038,L'Albiol,Tarragona,2016,0,0,0,0,0,0,0,0,0,0,0,0,0,0,0,0,0,0,0
430038,L'Albiol,Tarragona,2017,1,1,0,0,0,0,1,0,1,0,0,0,0,1,0,0,0,0,0
430038,L'Albiol,Tarragona,2018,1,0,0,1,0,1,0,0,1,0,0,0,0,0,0,0,0,0,0
430038,L'Albiol,Tarragona,2019,0,0,0,0,0,0,0,0,0,0,0,0,0,0,0,0,0,0,0
430038,L'Albiol,Tarragona,2020,0,0,0,0,0,0,0,0,0,0,0,0,0,0,0,0,0,0,0
430038,L'Albiol,Tarragona,2021,2,0,0,2,0,0,0,2,0,0,0,0,0,0,0,0,0,0,0
430038,L'Albiol,Tarragona,2023,2,1,0,1,0,2,0,0,2,0,0,0,0,0,0,0,0,0,0
430043,Alcanar,Tarragona,2011,0,0,0,0,0,0,0,0,0,0,0,0,0,0,0,0,0,0,0
430043,Alcanar,Tarragona,2012,6,2,3,1,1,0,5,0,6,0,0,2,0,0,3,0,0,0,0
430043,Alcanar,Tarragona,2013,6,1,1,4,3,0,2,1,5,1,0,0,0,0,1,0,0,0,0
430043,Alcanar,Tarragona,2014,4,0,1,3,1,3,0,0,4,0,0,0,0,0,0,0,0,0,0
430043,Alcanar,Tarragona,2015,7,2,0,5,4,1,2,0,7,0,1,0,0,0,1,0,0,0,0
430043,Alcanar,Tarragona,2016,3,0,0,3,3,0,0,0,3,0,0,0,0,0,0,0,0,0,0
430043,Alcanar,Tarragona,2017,6,0,0,6,6,0,0,0,6,0,0,0,0,0,0,0,0,0,0
430043,Alcanar,Tarragona,2018,1,0,0,1,1,0,0,0,1,0,0,0,0,0,0,0,0,0,0
430043,Alcanar,Tarragona,2019,8,7,0,1,0,1,7,0,8,0,0,7,0,0,0,0,0,0,0
430043,Alcanar,Tarragona,2020,3,2,1,0,0,0,3,0,3,1,0,1,0,1,0,0,0,0,0
430043,Alcanar,Tarragona,2021,3,0,3,0,0,0,3,0,3,3,0,0,0,0,0,0,0,0,0
430043,Alcanar,Tarragona,2023,4,1,2,1,1,0,3,0,4,3,0,0,0,0,0,0,0,0,0
430056,Alcover,Tarragona,2011,24,9,2,13,11,3,10,0,24,7,0,2,0,1,0,0,0,0,0
430056,Alcover,Tarragona,2012,35,23,3,9,7,4,24,0,35,3,0,20,1,0,0,0,0,0,0
430056,Alcover,Tarragona,2013,5,0,0,5,3,2,0,0,5,0,0,0,0,0,0,0,0,0,0
430056,Alcover,Tarragona,2014,6,1,4,1,1,0,5,0,6,1,0,2,0,2,0,0,0,0,0
430056,Alcover,Tarragona,2015,4,0,1,3,2,2,0,0,4,0,0,0,0,0,0,0,0,0,0
430056,Alcover,Tarragona,2016,10,2,4,4,3,1,6,0,10,1,5,0,0,0,0,0,0,0,0
430056,Alcover,Tarragona,2017,9,2,0,7,0,4,5,0,9,2,1,0,0,2,0,0,0,0,0
430056,Alcover,Tarragona,2018,11,2,5,4,0,2,9,0,11,0,5,0,0,4,0,0,0,0,0
430056,Alcover,Tarragona,2019,7,2,0,5,1,4,2,0,7,0,0,2,0,0,0,0,0,0,0
430056,Alcover,Tarragona,2020,7,1,1,5,5,0,2,0,7,0,0,2,0,0,0,0,0,0,0
430056,Alcover,Tarragona,2021,5,1,2,2,2,0,1,2,3,0,1,0,0,0,0,0,0,0,0
430056,Alcover,Tarragona,2022,6,0,4,2,0,0,5,1,5,1,3,0,0,1,0,0,0,0,0
430056,Alcover,Tarragona,2023,6,2,1,3,0,0,5,1,5,1,2,1,0,1,0,0,0,0,0
430069,Aldover,Tarragona,2011,6,4,1,1,0,1,5,0,6,5,0,0,0,0,0,0,0,0,0
430069,Aldover,Tarragona,2012,7,4,0,3,0,3,4,0,7,0,0,0,0,4,0,0,0,0,0
430069,Aldover,Tarragona,2013,2,0,0,2,0,2,0,0,2,0,0,0,0,0,0,0,0,0,0
430069,Aldover,Tarragona,2014,0,0,0,0,0,0,0,0,0,0,0,0,0,0,0,0,0,0,0
430069,Aldover,Tarragona,2015,0,0,0,0,0,0,0,0,0,0,0,0,0,0,0,0,0,0,0
430069,Aldover,Tarragona,2016,1,0,0,1,0,0,1,0,1,1,0,0,0,0,0,0,0,0,0
430069,Aldover,Tarragona,2017,1,1,0,0,0,0,1,0,1,1,0,0,0,0,0,0,0,0,0
430069,Aldover,Tarragona,2018,0,0,0,0,0,0,0,0,0,0,0,0,0,0,0,0,0,0,0
430069,Aldover,Tarragona,2019,4,4,0,0,0,1,3,0,4,3,0,0,0,0,0,0,0,0,0
430069,Aldover,Tarragona,2020,1,0,1,0,0,0,1,0,1,1,0,0,0,0,0,0,0,0,0
430069,Aldover,Tarragona,2021,1,0,0,1,0,1,0,0,1,0,0,0,0,0,0,0,0,0,0
430069,Aldover,Tarragona,2022,4,0,0,4,0,4,0,0,4,0,0,0,0,0,0,0,0,0,0
430069,Aldover,Tarragona,2023,2,0,0,2,0,2,0,0,2,0,0,0,0,0,0,0,0,0,0
430075,l'Aleixar,Tarragona,2011,3,0,2,1,0,1,1,1,2,1,0,0,0,0,0,0,0,0,0
430075,l'Aleixar,Tarragona,2012,6,2,1,3,1,1,2,2,4,2,0,0,0,0,0,0,0,0,0
430075,l'Aleixar,Tarragona,2013,6,0,1,5,5,1,0,0,6,0,0,0,0,0,0,0,0,0,0
430075,l'Aleixar,Tarragona,2014,8,1,0,7,7,0,1,0,8,1,0,0,0,0,0,0,0,0,0
430075,l'Aleixar,Tarragona,2015,9,0,2,7,7,2,0,0,9,0,0,0,0,0,0,0,0,0,0
430075,l'Aleixar,Tarragona,2016,8,0,0,8,8,0,0,0,8,0,0,0,0,0,0,0,0,0,0
430075,l'Aleixar,Tarragona,2017,0,0,0,0,0,0,0,0,0,0,0,0,0,0,0,0,0,0,0
430075,l'Aleixar,Tarragona,2018,0,0,0,0,0,0,0,0,0,0,0,0,0,0,0,0,0,0,0
430075,l'Aleixar,Tarragona,2019,5,1,1,3,3,0,2,0,5,0,0,0,0,2,0,0,0,0,0
430075,l'Aleixar,Tarragona,2020,6,0,2,4,4,0,2,0,6,0,0,0,0,2,0,0,0,0,0
430075,l'Aleixar,Tarragona,2021,1,0,0,1,1,0,0,0,1,0,0,0,0,0,0,0,0,0,0
430075,l'Aleixar,Tarragona,2023,2,0,0,2,1,1,0,0,2,0,0,0,0,0,0,0,0,0,0
430081,Alfara de Carles,Tarragona,2011,0,0,0,0,0,0,0,0,0,0,0,0,0,0,0,0,0,0,0
430081,Alfara de Carles,Tarragona,2012,0,0,0,0,0,0,0,0,0,0,0,0,0,0,0,0,0,0,0
430081,Alfara de Carles,Tarragona,2013,0,0,0,0,0,0,0,0,0,0,0,0,0,0,0,0,0,0,0
430081,Alfara de Carles,Tarragona,2014,0,0,0,0,0,0,0,0,0,0,0,0,0,0,0,0,0,0,0
430081,Alfara de Carles,Tarragona,2015,1,1,0,0,0,1,0,0,1,0,0,0,0,0,0,0,0,0,0
430081,Alfara de Carles,Tarragona,2016,0,0,0,0,0,0,0,0,0,0,0,0,0,0,0,0,0,0,0
430081,Alfara de Carles,Tarragona,2017,3,2,1,0,0,2,1,0,3,0,0,0,0,1,0,0,0,0,0
430081,Alfara de Carles,Tarragona,2018,1,1,0,0,0,0,1,0,1,0,0,0,0,1,0,0,0,0,0
430081,Alfara de Carles,Tarragona,2019,0,0,0,0,0,0,0,0,0,0,0,0,0,0,0,0,0,0,0
430081,Alfara de Carles,Tarragona,2020,1,0,0,1,0,1,0,0,1,0,0,0,0,0,0,0,0,0,0
430081,Alfara de Carles,Tarragona,2021,0,0,0,0,0,0,0,0,0,0,0,0,0,0,0,0,0,0,0
430094,Alforja,Tarragona,2011,19,1,7,11,10,1,7,1,18,7,0,0,0,0,0,0,0,0,0
430094,Alforja,Tarragona,2012,15,4,3,8,6,0,9,0,15,6,0,1,0,2,0,0,0,0,0
430094,Alforja,Tarragona,2013,8,2,0,6,4,0,4,0,8,2,0,1,0,1,0,0,0,0,0
430094,Alforja,Tarragona,2014,6,0,0,6,4,0,2,0,6,2,0,0,0,0,0,0,0,0,0
430094,Alforja,Tarragona,2015,3,0,1,2,2,0,1,0,3,0,0,0,0,1,0,0,0,0,0
430094,Alforja,Tarragona,2016,1,0,0,1,1,0,0,0,1,0,0,0,0,0,0,0,0,0,0
430094,Alforja,Tarragona,2017,8,4,2,2,1,0,7,0,8,4,2,0,0,1,0,0,0,0,0
430094,Alforja,Tarragona,2018,4,0,2,2,0,0,4,0,4,3,0,0,0,1,0,0,0,0,0
430094,Alforja,Tarragona,2019,13,0,1,12,1,1,11,0,13,3,0,0,0,8,0,0,0,0,0
430094,Alforja,Tarragona,2020,5,0,1,4,1,0,4,0,5,1,0,0,0,3,0,0,0,0,0
430094,Alforja,Tarragona,2021,4,1,0,3,0,0,0,4,0,0,0,0,0,0,0,0,0,0,0
430094,Alforja,Tarragona,2022,1,0,0,1,1,0,0,0,1,0,0,0,0,0,0,0,0,0,0
430094,Alforja,Tarragona,2023,12,2,8,2,0,5,7,0,12,0,3,3,0,1,0,0,0,0,0
430108,Alió,Tarragona,2011,3,0,1,2,2,1,0,0,3,0,0,0,0,0,0,0,0,0,0
430108,Alió,Tarragona,2012,1,0,0,1,1,0,0,0,1,0,0,0,0,0,0,0,0,0,0
430108,Alió,Tarragona,2013,1,1,0,0,0,0,1,0,1,1,0,0,0,0,0,0,0,0,0
430108,Alió,Tarragona,2014,1,1,0,0,0,0,1,0,1,0,1,0,0,0,0,0,0,0,0
430108,Alió,Tarragona,2015,3,0,2,1,1,0,2,0,3,0,2,0,0,0,0,0,0,0,0
430108,Alió,Tarragona,2016,1,0,0,1,1,0,0,0,1,0,0,0,0,0,0,0,0,0,0
430108,Alió,Tarragona,2017,0,0,0,0,0,0,0,0,0,0,0,0,0,0,0,0,0,0,0
430108,Alió,Tarragona,2018,5,1,2,2,0,5,0,0,5,0,0,0,0,0,0,0,0,0,0
430108,Alió,Tarragona,2019,3,0,2,1,0,3,0,0,3,0,0,0,0,0,0,0,0,0,0
430108,Alió,Tarragona,2020,2,0,0,2,0,2,0,0,2,0,0,0,0,0,0,0,0,0,0
430108,Alió,Tarragona,2021,0,0,0,0,0,0,0,0,0,0,0,0,0,0,0,0,0,0,0
430115,Almoster,Tarragona,2011,7,0,0,7,7,0,0,0,7,0,0,0,0,0,0,0,0,0,0
430115,Almoster,Tarragona,2012,6,0,0,6,5,1,0,0,6,0,0,0,0,0,0,0,0,0,0
430115,Almoster,Tarragona,2013,3,0,0,3,3,0,0,0,3,0,0,0,0,0,0,0,0,0,0
430115,Almoster,Tarragona,2014,1,0,0,1,0,1,0,0,1,0,0,0,0,0,0,0,0,0,0
430115,Almoster,Tarragona,2015,3,0,0,3,2,1,0,0,3,0,0,0,0,0,0,0,0,0,0
430115,Almoster,Tarragona,2016,4,2,0,2,2,0,2,0,4,0,1,1,0,0,0,0,0,0,0
430115,Almoster,Tarragona,2017,0,0,0,0,0,0,0,0,0,0,0,0,0,0,0,0,0,0,0
430115,Almoster,Tarragona,2018,2,1,1,0,0,0,2,0,2,0,0,0,0,2,0,0,0,0,0
430115,Almoster,Tarragona,2019,3,0,2,1,1,0,2,0,3,0,0,0,0,2,0,0,0,0,0
430115,Almoster,Tarragona,2020,0,0,0,0,0,0,0,0,0,0,0,0,0,0,0,0,0,0,0
430115,Almoster,Tarragona,2021,6,0,0,6,3,0,0,3,3,0,0,0,0,0,0,0,0,0,0
430115,Almoster,Tarragona,2022,2,1,0,1,0,0,1,1,1,0,1,0,0,0,0,0,0,0,0
430115,Almoster,Tarragona,2023,5,1,4,0,0,0,5,0,5,0,2,0,0,3,0,0,0,0,0
430120,Altafulla,Tarragona,2011,9,1,0,8,2,3,3,1,8,2,0,0,0,1,0,0,0,0,0
430120,Altafulla,Tarragona,2012,6,0,0,6,0,0,6,0,6,3,0,0,0,3,0,0,0,0,0
430120,Altafulla,Tarragona,2013,2,0,0,2,0,1,1,0,2,0,0,0,0,1,0,0,0,0,0
430120,Altafulla,Tarragona,2014,4,0,0,4,0,3,1,0,4,0,0,0,0,1,0,0,0,0,0
430120,Altafulla,Tarragona,2015,2,0,1,1,0,0,2,0,2,2,0,0,0,0,0,0,0,0,0
430120,Altafulla,Tarragona,2016,2,0,0,2,0,1,1,0,2,1,0,0,0,0,0,0,0,0,0
430120,Altafulla,Tarragona,2017,4,0,4,0,0,0,4,0,4,0,0,0,0,4,0,0,0,0,0
430120,Altafulla,Tarragona,2018,14,7,4,3,0,3,11,0,14,5,0,0,0,5,1,0,0,0,0
430120,Altafulla,Tarragona,2019,26,10,11,5,1,4,21,0,26,2,2,0,0,17,0,0,0,0,0
430120,Altafulla,Tarragona,2020,8,1,5,2,2,0,5,1,7,0,0,0,0,5,0,0,0,0,0
430120,Altafulla,Tarragona,2021,9,2,3,4,0,1,4,4,5,0,0,0,0,4,0,0,0,0,0
430120,Altafulla,Tarragona,2022,19,12,3,4,0,2,15,2,17,1,3,3,0,7,1,0,0,0,0
430120,Altafulla,Tarragona,2023,18,3,12,3,2,2,14,0,18,0,2,2,0,10,0,0,0,0,0
430136,l'Ametlla de Mar,Tarragona,2011,6,1,1,4,4,0,2,0,6,0,0,0,0,2,0,0,0,0,0
430136,l'Ametlla de Mar,Tarragona,2012,2,0,2,0,0,1,1,0,2,0,0,0,0,1,0,0,0,0,0
430136,l'Ametlla de Mar,Tarragona,2013,9,6,2,1,1,2,6,0,9,0,0,6,0,0,0,0,0,0,0
430136,l'Ametlla de Mar,Tarragona,2014,8,7,0,1,1,0,7,0,8,0,0,5,2,0,0,0,0,0,0
430136,l'Ametlla de Mar,Tarragona,2015,39,35,0,4,1,3,34,1,38,2,2,20,4,5,1,0,0,0,0
430136,l'Ametlla de Mar,Tarragona,2016,62,57,0,5,2,11,49,0,62,11,1,19,9,6,3,0,0,0,0
430136,l'Ametlla de Mar,Tarragona,2017,28,20,1,7,2,7,19,0,28,5,5,7,0,2,0,0,0,0,0
430136,l'Ametlla de Mar,Tarragona,2018,19,14,1,4,1,2,16,0,19,2,1,7,1,4,1,0,0,0,0
430136,l'Ametlla de Mar,Tarragona,2019,71,64,1,6,1,6,64,0,71,9,1,37,2,13,2,0,0,0,0
430136,l'Ametlla de Mar,Tarragona,2020,26,21,4,1,0,1,23,2,24,0,0,6,2,15,0,0,0,0,0
430136,l'Ametlla de Mar,Tarragona,2021,32,28,3,1,1,0,24,7,25,0,3,9,0,12,0,0,0,0,0
430136,l'Ametlla de Mar,Tarragona,2022,12,7,3,2,2,0,9,1,11,0,3,0,2,4,0,0,0,0,0
430136,l'Ametlla de Mar,Tarragona,2023,30,23,3,4,3,1,26,0,30,2,2,4,0,18,0,0,0,0,0
430141,Amposta,Tarragona,2011,135,36,48,51,37,18,79,1,134,18,0,7,0,31,23,0,0,0,0
430141,Amposta,Tarragona,2012,139,59,50,30,20,8,109,2,137,16,0,18,0,27,48,0,0,0,0
430141,Amposta,Tarragona,2013,209,139,51,19,6,5,198,0,209,17,3,43,1,35,99,0,0,0,0
430141,Amposta,Tarragona,2014,189,163,7,19,10,7,172,0,189,20,7,43,6,34,62,0,0,0,0
430141,Amposta,Tarragona,2015,242,175,23,44,24,13,203,2,240,24,21,33,9,53,63,0,0,0,0
430141,Amposta,Tarragona,2016,207,113,29,65,34,13,160,0,207,44,18,19,1,56,22,0,0,0,0
430141,Amposta,Tarragona,2017,169,89,24,56,33,9,127,0,169,15,10,20,6,45,30,1,0,0,0
430141,Amposta,Tarragona,2018,150,72,47,31,23,5,122,0,150,28,5,27,4,34,24,0,0,0,0
430141,Amposta,Tarragona,2019,408,322,36,50,33,10,363,2,406,34,5,152,12,82,78,0,0,0,0
430141,Amposta,Tarragona,2020,160,131,6,23,6,6,139,9,151,8,0,45,7,50,29,0,0,0,0
430141,Amposta,Tarragona,2021,244,151,45,48,22,22,146,54,190,22,7,24,6,50,37,0,0,0,0
430141,Amposta,Tarragona,2022,200,172,9,19,7,7,182,4,196,7,8,54,8,68,37,0,0,0,0
430141,Amposta,Tarragona,2023,301,236,32,33,18,16,264,3,298,22,8,70,7,116,41,0,0,0,0
430154,Arbolí,Tarragona,2011,1,0,1,0,0,0,1,0,1,0,0,0,1,0,0,0,0,0,0
430154,Arbolí,Tarragona,2012,1,0,1,0,0,0,1,0,1,0,0,0,1,0,0,0,0,0,0
430154,Arbolí,Tarragona,2013,0,0,0,0,0,0,0,0,0,0,0,0,0,0,0,0,0,0,0
430154,Arbolí,Tarragona,2014,1,0,1,0,0,0,1,0,1,0,0,0,1,0,0,0,0,0,0
430154,Arbolí,Tarragona,2015,2,0,1,1,0,0,2,0,2,0,0,0,2,0,0,0,0,0,0
430154,Arbolí,Tarragona,2016,0,0,0,0,0,0,0,0,0,0,0,0,0,0,0,0,0,0,0
430154,Arbolí,Tarragona,2017,0,0,0,0,0,0,0,0,0,0,0,0,0,0,0,0,0,0,0
430154,Arbolí,Tarragona,2018,0,0,0,0,0,0,0,0,0,0,0,0,0,0,0,0,0,0,0
430154,Arbolí,Tarragona,2019,3,0,0,3,3,0,0,0,3,0,0,0,0,0,0,0,0,0,0
430154,Arbolí,Tarragona,2020,0,0,0,0,0,0,0,0,0,0,0,0,0,0,0,0,0,0,0
430154,Arbolí,Tarragona,2021,0,0,0,0,0,0,0,0,0,0,0,0,0,0,0,0,0,0,0
430167,l'Arboç,Tarragona,2011,95,38,34,23,18,9,68,0,95,12,1,46,0,9,0,0,0,0,0
430167,l'Arboç,Tarragona,2012,41,18,14,9,9,3,29,0,41,6,0,19,0,4,0,0,0,0,0
430167,l'Arboç,Tarragona,2013,12,8,0,4,2,4,6,0,12,1,0,5,0,0,0,0,0,0,0
430167,l'Arboç,Tarragona,2014,8,2,4,2,0,3,5,0,8,2,0,2,1,0,0,0,0,0,0
430167,l'Arboç,Tarragona,2015,7,3,2,2,1,3,3,0,7,1,0,1,0,1,0,0,0,0,0
430167,l'Arboç,Tarragona,2016,23,18,5,0,0,4,19,0,23,4,1,5,0,8,1,0,0,0,0
430167,l'Arboç,Tarragona,2017,8,2,5,1,1,0,7,0,8,5,0,0,0,2,0,0,0,0,0
430167,l'Arboç,Tarragona,2018,12,4,4,4,3,1,8,0,12,2,0,1,0,4,1,0,0,0,0
430167,l'Arboç,Tarragona,2019,10,0,3,7,6,1,3,0,10,1,0,0,0,2,0,0,0,0,0
430167,l'Arboç,Tarragona,2020,16,6,6,4,2,2,10,2,14,4,1,2,0,3,0,0,0,0,0
430167,l'Arboç,Tarragona,2021,26,9,9,8,2,0,14,10,16,5,1,2,0,6,0,0,0,0,0
430167,l'Arboç,Tarragona,2022,21,8,6,7,0,0,17,4,17,5,2,7,0,3,0,0,0,0,0
430167,l'Arboç,Tarragona,2023,13,2,6,5,2,1,9,1,12,3,1,4,0,1,0,0,0,0,0
430173,L'Argentera,Tarragona,2011,0,0,0,0,0,0,0,0,0,0,0,0,0,0,0,0,0,0,0
430173,L'Argentera,Tarragona,2012,1,0,0,1,0,1,0,0,1,0,0,0,0,0,0,0,0,0,0
430173,L'Argentera,Tarragona,2013,0,0,0,0,0,0,0,0,0,0,0,0,0,0,0,0,0,0,0
430173,L'Argentera,Tarragona,2014,0,0,0,0,0,0,0,0,0,0,0,0,0,0,0,0,0,0,0
430173,L'Argentera,Tarragona,2015,0,0,0,0,0,0,0,0,0,0,0,0,0,0,0,0,0,0,0
430173,L'Argentera,Tarragona,2016,0,0,0,0,0,0,0,0,0,0,0,0,0,0,0,0,0,0,0
430173,L'Argentera,Tarragona,2017,0,0,0,0,0,0,0,0,0,0,0,0,0,0,0,0,0,0,0
430173,L'Argentera,Tarragona,2018,0,0,0,0,0,0,0,0,0,0,0,0,0,0,0,0,0,0,0
430173,L'Argentera,Tarragona,2019,0,0,0,0,0,0,0,0,0,0,0,0,0,0,0,0,0,0,0
430173,L'Argentera,Tarragona,2020,0,0,0,0,0,0,0,0,0,0,0,0,0,0,0,0,0,0,0
430173,L'Argentera,Tarragona,2021,1,0,0,1,1,0,0,0,1,0,0,0,0,0,0,0,0,0,0
430173,L'Argentera,Tarragona,2022,1,0,0,1,1,0,0,0,1,0,0,0,0,0,0,0,0,0,0
430173,L'Argentera,Tarragona,2023,2,0,0,2,2,0,0,0,2,0,0,0,0,0,0,0,0,0,0
430189,Arnes,Tarragona,2011,10,8,0,2,10,0,0,0,10,0,0,0,0,0,0,0,0,0,0
430189,Arnes,Tarragona,2012,29,29,0,0,25,4,0,0,29,0,0,0,0,0,0,0,0,0,0
430189,Arnes,Tarragona,2013,0,0,0,0,0,0,0,0,0,0,0,0,0,0,0,0,0,0,0
430189,Arnes,Tarragona,2014,0,0,0,0,0,0,0,0,0,0,0,0,0,0,0,0,0,0,0
430189,Arnes,Tarragona,2015,4,0,0,4,4,0,0,0,4,0,0,0,0,0,0,0,0,0,0
430189,Arnes,Tarragona,2016,3,0,0,3,3,0,0,0,3,0,0,0,0,0,0,0,0,0,0
430189,Arnes,Tarragona,2017,0,0,0,0,0,0,0,0,0,0,0,0,0,0,0,0,0,0,0
430189,Arnes,Tarragona,2018,7,6,0,1,1,0,6,0,7,0,0,0,0,6,0,0,0,0,0
430189,Arnes,Tarragona,2019,1,0,0,1,1,0,0,0,1,0,0,0,0,0,0,0,0,0,0
430189,Arnes,Tarragona,2020,0,0,0,0,0,0,0,0,0,0,0,0,0,0,0,0,0,0,0
430189,Arnes,Tarragona,2021,5,4,1,0,0,0,1,4,1,0,0,0,0,1,0,0,0,0,0
430189,Arnes,Tarragona,2022,2,1,1,0,0,0,0,2,0,0,0,0,0,0,0,0,0,0,0
430189,Arnes,Tarragona,2023,5,1,3,1,1,0,4,0,5,1,0,0,0,3,0,0,0,0,0
430192,Ascó,Tarragona,2011,1,1,0,0,0,0,1,0,1,0,0,1,0,0,0,0,0,0,0
430192,Ascó,Tarragona,2012,3,0,2,1,0,0,3,0,3,0,0,2,0,1,0,0,0,0,0
430192,Ascó,Tarragona,2013,6,6,0,0,0,0,6,0,6,0,0,0,0,6,0,0,0,0,0
430192,Ascó,Tarragona,2014,5,5,0,0,0,0,5,0,5,4,0,0,0,1,0,0,0,0,0
430192,Ascó,Tarragona,2015,0,0,0,0,0,0,0,0,0,0,0,0,0,0,0,0,0,0,0
430192,Ascó,Tarragona,2016,2,1,0,1,2,0,0,0,2,0,0,0,0,0,0,0,0,0,0
430192,Ascó,Tarragona,2017,0,0,0,0,0,0,0,0,0,0,0,0,0,0,0,0,0,0,0
430192,Ascó,Tarragona,2018,0,0,0,0,0,0,0,0,0,0,0,0,0,0,0,0,0,0,0
430192,Ascó,Tarragona,2019,27,25,1,1,1,0,26,0,27,0,0,21,0,5,0,0,0,0,0
430192,Ascó,Tarragona,2020,12,11,0,1,1,0,11,0,12,1,0,10,0,0,0,0,0,0,0
430192,Ascó,Tarragona,2021,2,0,0,2,2,0,0,0,2,0,0,0,0,0,0,0,0,0,0
430192,Ascó,Tarragona,2022,15,1,1,13,13,0,2,0,15,0,0,1,0,1,0,0,0,0,0
430192,Ascó,Tarragona,2023,6,3,0,3,3,0,3,0,6,0,0,3,0,0,0,0,0,0,0
430206,Banyeres del Penedès,Tarragona,2011,13,1,3,9,5,4,1,3,10,1,0,0,0,0,0,0,0,0,0
430206,Banyeres del Penedès,Tarragona,2012,11,1,5,5,4,6,1,0,11,0,0,0,0,1,0,0,0,0,0
430206,Banyeres del Penedès,Tarragona,2013,0,0,0,0,0,0,0,0,0,0,0,0,0,0,0,0,0,0,0
430206,Banyeres del Penedès,Tarragona,2014,3,1,0,2,1,0,2,0,3,0,1,0,0,1,0,0,0,0,0
430206,Banyeres del Penedès,Tarragona,2015,5,0,0,5,2,0,3,0,5,0,0,0,0,3,0,0,0,0,0
430206,Banyeres del Penedès,Tarragona,2016,4,0,0,4,2,0,2,0,4,0,0,0,0,2,0,0,0,0,0
430206,Banyeres del Penedès,Tarragona,2017,11,1,6,4,4,1,6,0,11,0,0,0,0,6,0,0,0,0,0
430206,Banyeres del Penedès,Tarragona,2018,10,2,1,7,5,3,2,0,10,0,0,0,0,2,0,0,0,0,0
430206,Banyeres del Penedès,Tarragona,2019,10,2,3,5,0,4,6,0,10,0,0,0,0,6,0,0,0,0,0
430206,Banyeres del Penedès,Tarragona,2020,9,1,1,7,0,6,3,0,9,0,0,0,0,3,0,0,0,0,0
430206,Banyeres del Penedès,Tarragona,2021,4,0,2,2,0,2,2,0,4,0,0,0,0,2,0,0,0,0,0
430206,Banyeres del Penedès,Tarragona,2022,6,3,1,2,2,2,2,0,6,0,0,0,0,2,0,0,0,0,0
430206,Banyeres del Penedès,Tarragona,2023,12,3,5,4,5,4,3,0,12,0,0,0,0,3,0,0,0,0,0
430213,Barberà de la Conca,Tarragona,2011,3,0,0,3,3,0,0,0,3,0,0,0,0,0,0,0,0,0,0
430213,Barberà de la Conca,Tarragona,2012,4,0,0,4,4,0,0,0,4,0,0,0,0,0,0,0,0,0,0
430213,Barberà de la Conca,Tarragona,2013,0,0,0,0,0,0,0,0,0,0,0,0,0,0,0,0,0,0,0
430213,Barberà de la Conca,Tarragona,2014,0,0,0,0,0,0,0,0,0,0,0,0,0,0,0,0,0,0,0
430213,Barberà de la Conca,Tarragona,2015,0,0,0,0,0,0,0,0,0,0,0,0,0,0,0,0,0,0,0
430213,Barberà de la Conca,Tarragona,2016,0,0,0,0,0,0,0,0,0,0,0,0,0,0,0,0,0,0,0
430213,Barberà de la Conca,Tarragona,2017,0,0,0,0,0,0,0,0,0,0,0,0,0,0,0,0,0,0,0
430213,Barberà de la Conca,Tarragona,2018,0,0,0,0,0,0,0,0,0,0,0,0,0,0,0,0,0,0,0
430213,Barberà de la Conca,Tarragona,2019,7,7,0,0,0,0,7,0,7,0,0,7,0,0,0,0,0,0,0
430213,Barberà de la Conca,Tarragona,2020,0,0,0,0,0,0,0,0,0,0,0,0,0,0,0,0,0,0,0
430213,Barberà de la Conca,Tarragona,2021,0,0,0,0,0,0,0,0,0,0,0,0,0,0,0,0,0,0,0
430213,Barberà de la Conca,Tarragona,2023,1,0,1,0,0,1,0,0,1,0,0,0,0,0,0,0,0,0,0
430228,Batea,Tarragona,2011,13,0,1,12,7,5,1,0,13,0,1,0,0,0,0,0,0,0,0
430228,Batea,Tarragona,2012,1,0,0,1,0,1,0,0,1,0,0,0,0,0,0,0,0,0,0
430228,Batea,Tarragona,2013,2,0,0,2,2,0,0,0,2,0,0,0,0,0,0,0,0,0,0
430228,Batea,Tarragona,2014,4,0,0,4,4,0,0,0,4,0,0,0,0,0,0,0,0,0,0
430228,Batea,Tarragona,2015,0,0,0,0,0,0,0,0,0,0,0,0,0,0,0,0,0,0,0
430228,Batea,Tarragona,2016,4,0,0,4,2,2,0,0,4,0,0,0,0,0,0,0,0,0,0
430228,Batea,Tarragona,2017,5,0,2,3,0,2,3,0,5,0,3,0,0,0,0,0,0,0,0
430228,Batea,Tarragona,2018,4,0,0,4,0,2,2,0,4,0,2,0,0,0,0,0,0,0,0
430228,Batea,Tarragona,2019,7,2,0,5,3,2,2,0,7,2,0,0,0,0,0,0,0,0,0
430228,Batea,Tarragona,2020,2,0,2,0,0,0,2,0,2,2,0,0,0,0,0,0,0,0,0
430228,Batea,Tarragona,2021,1,0,1,0,0,0,1,0,1,1,0,0,0,0,0,0,0,0,0
430228,Batea,Tarragona,2022,18,18,0,0,0,0,18,0,18,4,1,0,13,0,0,0,0,0,0
430228,Batea,Tarragona,2023,3,1,2,0,0,0,3,0,3,1,2,0,0,0,0,0,0,0,0
430234,Bellmunt del Priorat,Tarragona,2011,2,1,0,1,1,0,1,0,2,0,0,0,1,0,0,0,0,0,0
430234,Bellmunt del Priorat,Tarragona,2012,1,0,1,0,0,0,1,0,1,0,0,0,1,0,0,0,0,0,0
430234,Bellmunt del Priorat,Tarragona,2013,0,0,0,0,0,0,0,0,0,0,0,0,0,0,0,0,0,0,0
430234,Bellmunt del Priorat,Tarragona,2014,0,0,0,0,0,0,0,0,0,0,0,0,0,0,0,0,0,0,0
430234,Bellmunt del Priorat,Tarragona,2015,0,0,0,0,0,0,0,0,0,0,0,0,0,0,0,0,0,0,0
430234,Bellmunt del Priorat,Tarragona,2016,0,0,0,0,0,0,0,0,0,0,0,0,0,0,0,0,0,0,0
430234,Bellmunt del Priorat,Tarragona,2017,0,0,0,0,0,0,0,0,0,0,0,0,0,0,0,0,0,0,0
430234,Bellmunt del Priorat,Tarragona,2018,0,0,0,0,0,0,0,0,0,0,0,0,0,0,0,0,0,0,0
430234,Bellmunt del Priorat,Tarragona,2019,5,2,3,0,0,0,5,0,5,2,3,0,0,0,0,0,0,0,0
430234,Bellmunt del Priorat,Tarragona,2020,0,0,0,0,0,0,0,0,0,0,0,0,0,0,0,0,0,0,0
430234,Bellmunt del Priorat,Tarragona,2021,0,0,0,0,0,0,0,0,0,0,0,0,0,0,0,0,0,0,0
430234,Bellmunt del Priorat,Tarragona,2022,3,3,0,0,0,0,3,0,3,0,3,0,0,0,0,0,0,0,0
430234,Bellmunt del Priorat,Tarragona,2023,2,2,0,0,0,0,2,0,2,0,1,0,0,1,0,0,0,0,0
430249,Bellvei,Tarragona,2011,17,3,1,13,10,2,5,0,17,1,0,0,0,4,0,0,0,0,0
430249,Bellvei,Tarragona,2012,17,0,3,14,6,6,5,0,17,0,0,0,0,5,0,0,0,0,0
430249,Bellvei,Tarragona,2013,14,2,2,10,2,9,3,0,14,0,0,0,0,3,0,0,0,0,0
430249,Bellvei,Tarragona,2014,5,1,4,0,0,5,0,0,5,0,0,0,0,0,0,0,0,0,0
430249,Bellvei,Tarragona,2015,2,1,0,1,1,0,1,0,2,0,0,0,0,1,0,0,0,0,0
430249,Bellvei,Tarragona,2016,10,2,3,5,7,0,3,0,10,0,0,0,0,3,0,0,0,0,0
430249,Bellvei,Tarragona,2017,4,1,0,3,3,0,1,0,4,1,0,0,0,0,0,0,0,0,0
430249,Bellvei,Tarragona,2018,4,1,1,2,2,2,0,0,4,0,0,0,0,0,0,0,0,0,0
430249,Bellvei,Tarragona,2019,14,2,3,9,8,4,2,0,14,0,0,2,0,0,0,0,0,0,0
430249,Bellvei,Tarragona,2020,10,4,0,6,4,2,3,1,9,0,1,2,0,0,0,0,0,0,0
430249,Bellvei,Tarragona,2021,7,2,5,0,0,0,3,4,3,0,2,1,0,0,0,0,0,0,0
430249,Bellvei,Tarragona,2022,4,0,2,2,1,0,0,3,1,0,0,0,0,0,0,0,0,0,0
430249,Bellvei,Tarragona,2023,15,2,6,7,3,0,6,6,9,0,1,0,0,5,0,0,0,0,0
430252,Benifallet,Tarragona,2011,1,1,0,0,0,0,1,0,1,0,0,0,0,1,0,0,0,0,0
430252,Benifallet,Tarragona,2012,0,0,0,0,0,0,0,0,0,0,0,0,0,0,0,0,0,0,0
430252,Benifallet,Tarragona,2013,1,1,0,0,0,0,1,0,1,0,0,0,0,0,1,0,0,0,0
430252,Benifallet,Tarragona,2014,4,4,0,0,0,0,4,0,4,3,0,0,0,0,0,1,0,0,0
430252,Benifallet,Tarragona,2015,4,0,3,1,1,0,3,0,4,0,0,0,0,0,0,3,0,0,0
430252,Benifallet,Tarragona,2016,2,1,1,0,0,1,1,0,2,0,0,0,0,0,0,1,0,0,0
430252,Benifallet,Tarragona,2017,4,1,2,1,1,1,2,0,4,2,0,0,0,0,0,0,0,0,0
430252,Benifallet,Tarragona,2018,3,0,1,2,2,0,1,0,3,0,0,0,0,0,0,1,0,0,0
430252,Benifallet,Tarragona,2019,1,0,0,1,1,0,0,0,1,0,0,0,0,0,0,0,0,0,0
430252,Benifallet,Tarragona,2020,2,2,0,0,0,0,0,2,0,0,0,0,0,0,0,0,0,0,0
430252,Benifallet,Tarragona,2021,6,0,5,1,1,0,1,4,2,0,0,0,0,0,0,1,0,0,0
430252,Benifallet,Tarragona,2023,1,1,0,0,0,0,1,0,1,1,0,0,0,0,0,0,0,0,0
430265,Benissanet,Tarragona,2011,6,0,0,6,6,0,0,0,6,0,0,0,0,0,0,0,0,0,0
430265,Benissanet,Tarragona,2012,0,0,0,0,0,0,0,0,0,0,0,0,0,0,0,0,0,0,0
430265,Benissanet,Tarragona,2013,8,6,0,2,2,0,6,0,8,4,0,0,0,0,2,0,0,0,0
430265,Benissanet,Tarragona,2014,12,4,7,1,1,0,11,0,12,8,0,0,0,0,3,0,0,0,0
430265,Benissanet,Tarragona,2015,10,0,6,4,1,0,9,0,10,6,0,0,0,0,3,0,0,0,0
430265,Benissanet,Tarragona,2016,9,2,0,7,0,0,9,0,9,5,0,1,0,0,3,0,0,0,0
430265,Benissanet,Tarragona,2017,3,0,2,1,0,0,3,0,3,0,0,1,1,0,1,0,0,0,0
430265,Benissanet,Tarragona,2018,1,0,0,1,0,0,1,0,1,1,0,0,0,0,0,0,0,0,0
430265,Benissanet,Tarragona,2019,1,1,0,0,0,0,1,0,1,0,0,1,0,0,0,0,0,0,0
430265,Benissanet,Tarragona,2020,0,0,0,0,0,0,0,0,0,0,0,0,0,0,0,0,0,0,0
430265,Benissanet,Tarragona,2021,0,0,0,0,0,0,0,0,0,0,0,0,0,0,0,0,0,0,0
430265,Benissanet,Tarragona,2022,8,7,0,1,1,0,7,0,8,0,0,0,7,0,0,0,0,0,0
430265,Benissanet,Tarragona,2023,9,6,0,3,3,0,6,0,9,2,0,0,4,0,0,0,0,0,0
430271,La Bisbal de Falset,Tarragona,2011,1,0,0,1,1,0,0,0,1,0,0,0,0,0,0,0,0,0,0
430271,La Bisbal de Falset,Tarragona,2012,0,0,0,0,0,0,0,0,0,0,0,0,0,0,0,0,0,0,0
430271,La Bisbal de Falset,Tarragona,2013,0,0,0,0,0,0,0,0,0,0,0,0,0,0,0,0,0,0,0
430271,La Bisbal de Falset,Tarragona,2014,0,0,0,0,0,0,0,0,0,0,0,0,0,0,0,0,0,0,0
430271,La Bisbal de Falset,Tarragona,2015,0,0,0,0,0,0,0,0,0,0,0,0,0,0,0,0,0,0,0
430271,La Bisbal de Falset,Tarragona,2016,0,0,0,0,0,0,0,0,0,0,0,0,0,0,0,0,0,0,0
430271,La Bisbal de Falset,Tarragona,2017,0,0,0,0,0,0,0,0,0,0,0,0,0,0,0,0,0,0,0
430271,La Bisbal de Falset,Tarragona,2018,0,0,0,0,0,0,0,0,0,0,0,0,0,0,0,0,0,0,0
430271,La Bisbal de Falset,Tarragona,2019,0,0,0,0,0,0,0,0,0,0,0,0,0,0,0,0,0,0,0
430271,La Bisbal de Falset,Tarragona,2020,0,0,0,0,0,0,0,0,0,0,0,0,0,0,0,0,0,0,0
430271,La Bisbal de Falset,Tarragona,2021,0,0,0,0,0,0,0,0,0,0,0,0,0,0,0,0,0,0,0
430271,La Bisbal de Falset,Tarragona,2022,1,1,0,0,0,0,1,0,1,0,0,0,0,1,0,0,0,0,0
430271,La Bisbal de Falset,Tarragona,2023,3,0,0,3,3,0,0,0,3,0,0,0,0,0,0,0,0,0,0
430287,la Bisbal del Penedès,Tarragona,2011,20,1,8,11,7,4,9,0,20,1,1,0,0,7,0,0,0,0,0
430287,la Bisbal del Penedès,Tarragona,2012,14,0,5,9,4,2,8,0,14,4,0,0,0,4,0,0,0,0,0
430287,la Bisbal del Penedès,Tarragona,2013,15,3,0,12,6,1,8,0,15,3,0,1,0,4,0,0,0,0,0
430287,la Bisbal del Penedès,Tarragona,2014,4,1,1,2,0,0,4,0,4,1,0,0,0,3,0,0,0,0,0
430287,la Bisbal del Penedès,Tarragona,2015,8,1,3,4,3,0,5,0,8,2,0,0,0,3,0,0,0,0,0
430287,la Bisbal del Penedès,Tarragona,2016,22,15,0,7,8,4,10,0,22,0,3,2,1,4,0,0,0,0,0
430287,la Bisbal del Penedès,Tarragona,2017,16,0,13,3,3,7,6,0,16,0,2,2,0,2,0,0,0,0,0
430287,la Bisbal del Penedès,Tarragona,2018,7,3,1,3,1,2,4,0,7,0,1,1,0,2,0,0,0,0,0
430287,la Bisbal del Penedès,Tarragona,2019,16,5,6,5,5,0,11,0,16,0,1,1,0,9,0,0,0,0,0
430287,la Bisbal del Penedès,Tarragona,2020,7,1,3,3,3,0,4,0,7,0,1,0,1,2,0,0,0,0,0
430287,la Bisbal del Penedès,Tarragona,2021,2,2,0,0,0,0,2,0,2,0,0,0,2,0,0,0,0,0,0
430287,la Bisbal del Penedès,Tarragona,2022,10,3,1,6,7,0,3,0,10,0,0,1,0,2,0,0,0,0,0
430287,la Bisbal del Penedès,Tarragona,2023,19,3,8,8,8,4,7,0,19,0,0,5,0,2,0,0,0,0,0
430290,Blancafort,Tarragona,2011,3,0,0,3,0,1,2,0,3,0,2,0,0,0,0,0,0,0,0
430290,Blancafort,Tarragona,2012,2,0,0,2,0,0,2,0,2,0,2,0,0,0,0,0,0,0,0
430290,Blancafort,Tarragona,2013,3,0,0,3,0,0,3,0,3,0,3,0,0,0,0,0,0,0,0
430290,Blancafort,Tarragona,2014,0,0,0,0,0,0,0,0,0,0,0,0,0,0,0,0,0,0,0
430290,Blancafort,Tarragona,2015,0,0,0,0,0,0,0,0,0,0,0,0,0,0,0,0,0,0,0
430290,Blancafort,Tarragona,2016,1,0,0,1,0,0,1,0,1,0,1,0,0,0,0,0,0,0,0
430290,Blancafort,Tarragona,2017,0,0,0,0,0,0,0,0,0,0,0,0,0,0,0,0,0,0,0
430290,Blancafort,Tarragona,2018,0,0,0,0,0,0,0,0,0,0,0,0,0,0,0,0,0,0,0
430290,Blancafort,Tarragona,2019,0,0,0,0,0,0,0,0,0,0,0,0,0,0,0,0,0,0,0
430290,Blancafort,Tarragona,2020,0,0,0,0,0,0,0,0,0,0,0,0,0,0,0,0,0,0,0
430290,Blancafort,Tarragona,2021,0,0,0,0,0,0,0,0,0,0,0,0,0,0,0,0,0,0,0
430304,Bonastre,Tarragona,2011,4,1,0,3,1,0,3,0,4,0,0,1,0,2,0,0,0,0,0
430304,Bonastre,Tarragona,2012,3,1,0,2,2,1,0,0,3,0,0,0,0,0,0,0,0,0,0
430304,Bonastre,Tarragona,2013,3,1,1,1,1,0,2,0,3,0,0,2,0,0,0,0,0,0,0
430304,Bonastre,Tarragona,2014,0,0,0,0,0,0,0,0,0,0,0,0,0,0,0,0,0,0,0
430304,Bonastre,Tarragona,2015,0,0,0,0,0,0,0,0,0,0,0,0,0,0,0,0,0,0,0
430304,Bonastre,Tarragona,2016,0,0,0,0,0,0,0,0,0,0,0,0,0,0,0,0,0,0,0
430304,Bonastre,Tarragona,2017,0,0,0,0,0,0,0,0,0,0,0,0,0,0,0,0,0,0,0
430304,Bonastre,Tarragona,2018,0,0,0,0,0,0,0,0,0,0,0,0,0,0,0,0,0,0,0
430304,Bonastre,Tarragona,2019,0,0,0,0,0,0,0,0,0,0,0,0,0,0,0,0,0,0,0
430304,Bonastre,Tarragona,2020,2,1,1,0,0,0,2,0,2,0,0,0,0,2,0,0,0,0,0
430304,Bonastre,Tarragona,2021,0,0,0,0,0,0,0,0,0,0,0,0,0,0,0,0,0,0,0
430304,Bonastre,Tarragona,2022,4,3,0,1,0,0,4,0,4,0,0,4,0,0,0,0,0,0,0
430304,Bonastre,Tarragona,2023,4,2,1,1,1,0,1,2,2,1,0,0,0,0,0,0,0,0,0
430311,les Borges del Camp,Tarragona,2011,32,19,0,13,8,1,23,0,32,0,4,19,0,0,0,0,0,0,0
430311,les Borges del Camp,Tarragona,2012,14,5,2,7,5,4,5,0,14,1,1,2,0,1,0,0,0,0,0
430311,les Borges del Camp,Tarragona,2013,9,0,5,4,2,5,2,0,9,2,0,0,0,0,0,0,0,0,0
430311,les Borges del Camp,Tarragona,2014,9,0,6,3,3,3,3,0,9,2,0,0,0,1,0,0,0,0,0
430311,les Borges del Camp,Tarragona,2015,2,0,2,0,0,1,1,0,2,0,0,0,0,1,0,0,0,0,0
430311,les Borges del Camp,Tarragona,2016,9,3,2,4,4,0,5,0,9,1,2,2,0,0,0,0,0,0,0
430311,les Borges del Camp,Tarragona,2017,3,1,1,1,1,0,2,0,3,0,1,0,0,1,0,0,0,0,0
430311,les Borges del Camp,Tarragona,2018,6,0,3,3,3,0,3,0,6,0,0,0,0,3,0,0,0,0,0
430311,les Borges del Camp,Tarragona,2019,7,3,0,4,2,0,5,0,7,0,0,2,0,3,0,0,0,0,0
430311,les Borges del Camp,Tarragona,2020,9,2,2,5,3,0,5,1,8,0,0,2,0,3,0,0,0,0,0
430311,les Borges del Camp,Tarragona,2021,7,1,2,4,1,0,4,2,5,0,0,1,0,3,0,0,0,0,0
430311,les Borges del Camp,Tarragona,2022,11,2,5,4,5,1,3,2,9,0,0,1,1,1,0,0,0,0,0
430311,les Borges del Camp,Tarragona,2023,26,10,5,11,8,5,13,0,26,0,1,7,0,5,0,0,0,0,0
430326,Bot,Tarragona,2011,24,0,23,1,1,0,23,0,24,0,0,0,0,0,23,0,0,0,0
430326,Bot,Tarragona,2012,21,21,0,0,0,0,21,0,21,0,0,0,0,0,21,0,0,0,0
430326,Bot,Tarragona,2013,0,0,0,0,0,0,0,0,0,0,0,0,0,0,0,0,0,0,0
430326,Bot,Tarragona,2014,2,2,0,0,0,0,2,0,2,0,0,0,0,0,2,0,0,0,0
430326,Bot,Tarragona,2015,1,1,0,0,0,0,1,0,1,0,0,0,0,0,1,0,0,0,0
430326,Bot,Tarragona,2016,2,0,1,1,0,1,1,0,2,0,0,0,0,1,0,0,0,0,0
430326,Bot,Tarragona,2017,10,6,1,3,0,2,8,0,10,2,0,0,0,1,4,1,0,0,0
430326,Bot,Tarragona,2018,4,3,0,1,0,0,4,0,4,1,0,0,0,0,2,1,0,0,0
430326,Bot,Tarragona,2019,6,0,6,0,0,0,6,0,6,2,0,0,0,0,4,0,0,0,0
430326,Bot,Tarragona,2020,4,4,0,0,0,0,4,0,4,0,0,0,0,0,4,0,0,0,0
430326,Bot,Tarragona,2021,1,1,0,0,0,0,1,0,1,0,0,0,0,0,1,0,0,0,0
430326,Bot,Tarragona,2022,1,0,1,0,0,0,1,0,1,0,0,0,0,0,1,0,0,0,0
430326,Bot,Tarragona,2023,1,1,0,0,0,0,1,0,1,0,0,0,0,0,1,0,0,0,0
430332,Botarell,Tarragona,2011,6,1,3,2,1,1,4,0,6,1,0,0,0,3,0,0,0,0,0
430332,Botarell,Tarragona,2012,7,0,4,3,0,4,3,0,7,0,0,0,0,3,0,0,0,0,0
430332,Botarell,Tarragona,2013,4,0,2,2,1,1,2,0,4,0,0,0,0,2,0,0,0,0,0
430332,Botarell,Tarragona,2014,7,0,0,7,4,0,3,0,7,1,0,0,0,2,0,0,0,0,0
430332,Botarell,Tarragona,2015,5,0,0,5,3,0,0,2,3,0,0,0,0,0,0,0,0,0,0
430332,Botarell,Tarragona,2016,3,0,1,2,2,0,1,0,3,1,0,0,0,0,0,0,0,0,0
430332,Botarell,Tarragona,2017,2,0,0,2,0,2,0,0,2,0,0,0,0,0,0,0,0,0,0
430332,Botarell,Tarragona,2018,2,1,0,1,0,1,1,0,2,0,0,0,0,1,0,0,0,0,0
430332,Botarell,Tarragona,2019,10,1,0,9,7,1,2,0,10,2,0,0,0,0,0,0,0,0,0
430332,Botarell,Tarragona,2020,9,0,3,6,3,3,3,0,9,3,0,0,0,0,0,0,0,0,0
430332,Botarell,Tarragona,2021,7,1,0,6,4,1,2,0,7,2,0,0,0,0,0,0,0,0,0
430332,Botarell,Tarragona,2022,1,0,0,1,1,0,0,0,1,0,0,0,0,0,0,0,0,0,0
430332,Botarell,Tarragona,2023,2,1,0,1,1,1,0,0,2,0,0,0,0,0,0,0,0,0,0
430347,Bràfim,Tarragona,2011,6,2,2,2,2,0,4,0,6,1,0,0,0,3,0,0,0,0,0
430347,Bràfim,Tarragona,2012,6,0,2,4,1,2,3,0,6,1,0,1,0,1,0,0,0,0,0
430347,Bràfim,Tarragona,2013,6,1,3,2,0,2,4,0,6,1,1,0,0,2,0,0,0,0,0
430347,Bràfim,Tarragona,2014,5,0,2,3,0,0,5,0,5,0,2,0,0,2,1,0,0,0,0
430347,Bràfim,Tarragona,2015,0,0,0,0,0,0,0,0,0,0,0,0,0,0,0,0,0,0,0
430347,Bràfim,Tarragona,2016,0,0,0,0,0,0,0,0,0,0,0,0,0,0,0,0,0,0,0
430347,Bràfim,Tarragona,2017,3,1,1,1,1,1,1,0,3,0,0,1,0,0,0,0,0,0,0
430347,Bràfim,Tarragona,2018,4,0,2,2,1,3,0,0,4,0,0,0,0,0,0,0,0,0,0
430347,Bràfim,Tarragona,2019,11,4,4,3,0,3,8,0,11,3,0,4,0,1,0,0,0,0,0
430347,Bràfim,Tarragona,2020,5,1,2,2,0,2,2,1,4,0,0,2,0,0,0,0,0,0,0
430347,Bràfim,Tarragona,2021,3,1,1,1,0,1,0,2,1,0,0,0,0,0,0,0,0,0,0
430347,Bràfim,Tarragona,2022,4,1,1,2,1,1,1,1,3,0,0,1,0,0,0,0,0,0,0
430347,Bràfim,Tarragona,2023,4,1,0,3,1,2,1,0,4,0,0,0,0,1,0,0,0,0,0
430350,Cabacés,Tarragona,2011,3,0,1,2,1,1,1,0,3,1,0,0,0,0,0,0,0,0,0
430350,Cabacés,Tarragona,2012,3,0,0,3,1,2,0,0,3,0,0,0,0,0,0,0,0,0,0
430350,Cabacés,Tarragona,2013,1,0,0,1,0,1,0,0,1,0,0,0,0,0,0,0,0,0,0
430350,Cabacés,Tarragona,2014,1,0,0,1,0,0,1,0,1,0,1,0,0,0,0,0,0,0,0
430350,Cabacés,Tarragona,2015,4,0,0,4,2,0,2,0,4,0,2,0,0,0,0,0,0,0,0
430350,Cabacés,Tarragona,2016,5,3,0,2,2,0,3,0,5,0,0,3,0,0,0,0,0,0,0
430350,Cabacés,Tarragona,2017,0,0,0,0,0,0,0,0,0,0,0,0,0,0,0,0,0,0,0
430350,Cabacés,Tarragona,2018,2,1,0,1,1,0,1,0,2,0,0,1,0,0,0,0,0,0,0
430350,Cabacés,Tarragona,2019,2,0,0,2,2,0,0,0,2,0,0,0,0,0,0,0,0,0,0
430350,Cabacés,Tarragona,2020,4,4,0,0,0,0,4,0,4,0,0,4,0,0,0,0,0,0,0
430350,Cabacés,Tarragona,2021,0,0,0,0,0,0,0,0,0,0,0,0,0,0,0,0,0,0,0
430350,Cabacés,Tarragona,2023,3,0,0,3,3,0,0,0,3,0,0,0,0,0,0,0,0,0,0
430363,Cabra del Camp,Tarragona,2011,6,1,0,5,2,0,4,0,6,0,0,1,0,3,0,0,0,0,0
430363,Cabra del Camp,Tarragona,2012,7,3,1,3,2,1,4,0,7,0,0,0,2,2,0,0,0,0,0
430363,Cabra del Camp,Tarragona,2013,4,1,0,3,2,2,0,0,4,0,0,0,0,0,0,0,0,0,0
430363,Cabra del Camp,Tarragona,2014,2,0,0,2,1,0,1,0,2,0,0,0,0,1,0,0,0,0,0
430363,Cabra del Camp,Tarragona,2015,3,0,0,3,3,0,0,0,3,0,0,0,0,0,0,0,0,0,0
430363,Cabra del Camp,Tarragona,2016,4,0,3,1,0,0,4,0,4,2,0,0,1,1,0,0,0,0,0
430363,Cabra del Camp,Tarragona,2017,5,2,2,1,0,0,5,0,5,0,0,0,3,2,0,0,0,0,0
430363,Cabra del Camp,Tarragona,2018,7,2,2,3,1,0,6,0,7,1,0,0,2,2,1,0,0,0,0
430363,Cabra del Camp,Tarragona,2019,9,4,4,1,0,0,9,0,9,2,0,2,0,4,1,0,0,0,0
430363,Cabra del Camp,Tarragona,2020,7,7,0,0,0,0,6,1,6,0,0,4,2,0,0,0,0,0,0
430363,Cabra del Camp,Tarragona,2021,5,2,2,1,0,0,2,3,2,0,0,1,0,1,0,0,0,0,0
430363,Cabra del Camp,Tarragona,2022,9,4,2,3,2,0,5,2,7,0,0,2,0,3,0,0,0,0,0
430363,Cabra del Camp,Tarragona,2023,10,5,2,3,3,0,7,0,10,0,0,0,0,7,0,0,0,0,0
430379,Calafell,Tarragona,2011,384,89,122,173,107,55,221,1,383,26,12,28,5,142,7,1,0,0,0
430379,Calafell,Tarragona,2012,273,85,88,100,55,58,160,0,273,16,6,32,0,95,7,4,0,0,0
430379,Calafell,Tarragona,2013,270,77,100,93,49,61,160,0,270,15,6,51,2,70,15,1,0,0,0
430379,Calafell,Tarragona,2014,200,75,73,52,36,44,120,0,200,15,2,36,4,54,9,0,0,0,0
430379,Calafell,Tarragona,2015,235,97,83,55,35,39,161,0,235,20,8,63,8,57,5,0,0,0,0
430379,Calafell,Tarragona,2016,201,75,75,51,34,47,120,0,201,11,7,31,5,55,11,0,0,0,0
430379,Calafell,Tarragona,2017,217,105,72,40,37,35,145,0,217,21,5,27,1,80,10,1,0,0,0
430379,Calafell,Tarragona,2018,220,72,93,55,26,41,153,0,220,11,14,23,0,99,6,0,0,0,0
430379,Calafell,Tarragona,2019,250,69,113,68,41,39,170,0,250,15,14,13,3,110,14,1,0,0,0
430379,Calafell,Tarragona,2020,178,68,71,39,17,25,105,31,147,8,14,14,2,59,8,0,0,0,0
430379,Calafell,Tarragona,2021,209,84,92,33,7,18,57,127,82,9,5,5,3,30,5,0,0,0,0
430379,Calafell,Tarragona,2022,193,100,65,28,18,16,125,34,159,3,9,25,2,79,7,0,0,0,0
430379,Calafell,Tarragona,2023,307,141,119,47,26,22,253,6,301,25,12,23,1,183,9,0,0,0,0
430385,Cambrils,Tarragona,2011,481,118,154,209,84,147,234,16,465,68,18,11,10,123,4,0,0,0,0
430385,Cambrils,Tarragona,2012,385,99,139,147,59,122,199,5,380,54,21,16,10,91,6,1,0,0,0
430385,Cambrils,Tarragona,2013,280,66,90,124,44,96,140,0,280,56,11,13,6,49,5,0,0,0,0
430385,Cambrils,Tarragona,2014,248,30,108,110,31,93,122,2,246,39,12,13,7,46,5,0,0,0,0
430385,Cambrils,Tarragona,2015,265,61,85,119,37,84,143,1,264,34,26,8,0,68,7,0,0,0,0
430385,Cambrils,Tarragona,2016,269,74,83,112,42,76,151,0,269,37,30,15,3,60,5,1,0,0,0
430385,Cambrils,Tarragona,2017,264,46,117,101,60,60,144,0,264,30,23,10,6,70,5,0,0,0,0
430385,Cambrils,Tarragona,2018,316,161,82,73,29,50,237,0,316,39,35,47,4,100,11,1,0,0,0
430385,Cambrils,Tarragona,2019,373,107,156,110,39,70,263,1,372,27,38,37,5,145,11,0,0,0,0
430385,Cambrils,Tarragona,2020,273,93,94,86,19,57,176,21,252,30,22,22,0,96,6,0,0,0,0
430385,Cambrils,Tarragona,2021,255,77,119,59,10,44,162,39,216,19,30,34,0,74,2,3,0,0,0
430385,Cambrils,Tarragona,2022,390,183,153,54,22,54,297,17,373,28,55,82,4,123,5,0,0,0,0
430385,Cambrils,Tarragona,2023,386,127,154,105,32,72,263,19,367,40,28,33,4,155,3,0,0,0,0
430398,Capafonts,Tarragona,2011,0,0,0,0,0,0,0,0,0,0,0,0,0,0,0,0,0,0,0
430398,Capafonts,Tarragona,2012,0,0,0,0,0,0,0,0,0,0,0,0,0,0,0,0,0,0,0
430398,Capafonts,Tarragona,2013,0,0,0,0,0,0,0,0,0,0,0,0,0,0,0,0,0,0,0
430398,Capafonts,Tarragona,2014,0,0,0,0,0,0,0,0,0,0,0,0,0,0,0,0,0,0,0
430398,Capafonts,Tarragona,2015,0,0,0,0,0,0,0,0,0,0,0,0,0,0,0,0,0,0,0
430398,Capafonts,Tarragona,2016,0,0,0,0,0,0,0,0,0,0,0,0,0,0,0,0,0,0,0
430398,Capafonts,Tarragona,2017,0,0,0,0,0,0,0,0,0,0,0,0,0,0,0,0,0,0,0
430398,Capafonts,Tarragona,2018,0,0,0,0,0,0,0,0,0,0,0,0,0,0,0,0,0,0,0
430398,Capafonts,Tarragona,2019,1,1,0,0,0,0,1,0,1,0,0,0,0,1,0,0,0,0,0
430398,Capafonts,Tarragona,2020,0,0,0,0,0,0,0,0,0,0,0,0,0,0,0,0,0,0,0
430398,Capafonts,Tarragona,2021,0,0,0,0,0,0,0,0,0,0,0,0,0,0,0,0,0,0,0
430398,Capafonts,Tarragona,2022,3,3,0,0,0,0,3,0,3,0,0,1,0,2,0,0,0,0,0
430398,Capafonts,Tarragona,2023,3,2,1,0,0,0,3,0,3,1,0,1,0,1,0,0,0,0,0
430402,Capçanes,Tarragona,2011,1,0,1,0,0,0,1,0,1,0,0,1,0,0,0,0,0,0,0
430402,Capçanes,Tarragona,2012,0,0,0,0,0,0,0,0,0,0,0,0,0,0,0,0,0,0,0
430402,Capçanes,Tarragona,2013,2,2,0,0,0,0,2,0,2,0,0,0,2,0,0,0,0,0,0
430402,Capçanes,Tarragona,2014,1,1,0,0,0,0,1,0,1,0,0,0,1,0,0,0,0,0,0
430402,Capçanes,Tarragona,2015,0,0,0,0,0,0,0,0,0,0,0,0,0,0,0,0,0,0,0
430402,Capçanes,Tarragona,2016,0,0,0,0,0,0,0,0,0,0,0,0,0,0,0,0,0,0,0
430402,Capçanes,Tarragona,2017,2,0,2,0,0,0,2,0,2,0,0,0,0,2,0,0,0,0,0
430402,Capçanes,Tarragona,2018,4,3,0,1,1,0,3,0,4,0,0,3,0,0,0,0,0,0,0
430402,Capçanes,Tarragona,2019,7,3,2,2,2,0,5,0,7,0,0,0,1,4,0,0,0,0,0
430402,Capçanes,Tarragona,2020,1,1,0,0,0,0,1,0,1,0,0,0,0,1,0,0,0,0,0
430402,Capçanes,Tarragona,2021,1,0,1,0,0,0,1,0,1,0,0,0,0,1,0,0,0,0,0
430402,Capçanes,Tarragona,2022,8,6,1,1,1,0,7,0,8,0,0,2,3,2,0,0,0,0,0
430402,Capçanes,Tarragona,2023,5,3,2,0,0,0,5,0,5,0,0,0,1,4,0,0,0,0,0
430419,Caseres,Tarragona,2011,1,0,0,1,1,0,0,0,1,0,0,0,0,0,0,0,0,0,0
430419,Caseres,Tarragona,2012,2,0,0,2,2,0,0,0,2,0,0,0,0,0,0,0,0,0,0
430419,Caseres,Tarragona,2013,1,0,0,1,1,0,0,0,1,0,0,0,0,0,0,0,0,0,0
430419,Caseres,Tarragona,2014,1,0,0,1,1,0,0,0,1,0,0,0,0,0,0,0,0,0,0
430419,Caseres,Tarragona,2015,0,0,0,0,0,0,0,0,0,0,0,0,0,0,0,0,0,0,0
430419,Caseres,Tarragona,2016,0,0,0,0,0,0,0,0,0,0,0,0,0,0,0,0,0,0,0
430419,Caseres,Tarragona,2017,0,0,0,0,0,0,0,0,0,0,0,0,0,0,0,0,0,0,0
430419,Caseres,Tarragona,2018,0,0,0,0,0,0,0,0,0,0,0,0,0,0,0,0,0,0,0
430419,Caseres,Tarragona,2019,0,0,0,0,0,0,0,0,0,0,0,0,0,0,0,0,0,0,0
430419,Caseres,Tarragona,2020,0,0,0,0,0,0,0,0,0,0,0,0,0,0,0,0,0,0,0
430419,Caseres,Tarragona,2021,0,0,0,0,0,0,0,0,0,0,0,0,0,0,0,0,0,0,0
430424,Castellvell del Camp,Tarragona,2011,20,1,1,18,17,1,2,0,20,0,0,0,0,2,0,0,0,0,0
430424,Castellvell del Camp,Tarragona,2012,15,3,2,10,8,2,5,0,15,0,3,0,0,2,0,0,0,0,0
430424,Castellvell del Camp,Tarragona,2013,8,0,1,7,5,2,1,0,8,0,1,0,0,0,0,0,0,0,0
430424,Castellvell del Camp,Tarragona,2014,16,0,4,12,8,4,3,1,15,0,0,0,0,3,0,0,0,0,0
430424,Castellvell del Camp,Tarragona,2015,9,0,0,9,8,0,1,0,9,1,0,0,0,0,0,0,0,0,0
430424,Castellvell del Camp,Tarragona,2016,9,1,2,6,4,2,3,0,9,2,0,0,0,1,0,0,0,0,0
430424,Castellvell del Camp,Tarragona,2017,7,0,1,6,5,1,1,0,7,0,0,0,0,1,0,0,0,0,0
430424,Castellvell del Camp,Tarragona,2018,21,2,6,13,13,4,4,0,21,2,1,0,0,1,0,0,0,0,0
430424,Castellvell del Camp,Tarragona,2019,10,0,1,9,3,4,3,0,10,1,0,0,0,2,0,0,0,0,0
430424,Castellvell del Camp,Tarragona,2020,4,0,0,4,0,3,1,0,4,0,0,0,0,1,0,0,0,0,0
430424,Castellvell del Camp,Tarragona,2021,1,0,0,1,0,0,0,1,0,0,0,0,0,0,0,0,0,0,0
430424,Castellvell del Camp,Tarragona,2022,5,1,1,3,1,2,2,0,5,1,0,0,0,1,0,0,0,0,0
430424,Castellvell del Camp,Tarragona,2023,11,2,7,2,0,2,9,0,11,5,0,0,0,4,0,0,0,0,0
430430,el Catllar,Tarragona,2011,15,0,5,10,6,3,6,0,15,0,2,0,0,4,0,0,0,0,0
430430,el Catllar,Tarragona,2012,22,5,5,12,7,2,13,0,22,3,2,3,0,5,0,0,0,0,0
430430,el Catllar,Tarragona,2013,9,0,4,5,4,0,4,1,8,0,0,0,0,4,0,0,0,0,0
430430,el Catllar,Tarragona,2014,7,0,2,5,1,0,6,0,7,1,3,0,0,2,0,0,0,0,0
430430,el Catllar,Tarragona,2015,7,0,1,6,3,1,3,0,7,0,0,0,0,3,0,0,0,0,0
430430,el Catllar,Tarragona,2016,22,2,8,12,6,2,14,0,22,5,3,0,0,6,0,0,0,0,0
430430,el Catllar,Tarragona,2017,17,1,7,9,3,2,12,0,17,6,2,0,0,4,0,0,0,0,0
430430,el Catllar,Tarragona,2018,22,3,5,14,6,8,8,0,22,2,0,0,0,6,0,0,0,0,0
430430,el Catllar,Tarragona,2019,15,2,5,8,2,11,1,1,14,0,1,0,0,0,0,0,0,0,0
430430,el Catllar,Tarragona,2020,7,0,1,6,3,2,1,1,6,0,0,0,0,1,0,0,0,0,0
430430,el Catllar,Tarragona,2021,4,0,0,4,1,1,0,2,2,0,0,0,0,0,0,0,0,0,0
430430,el Catllar,Tarragona,2022,10,1,4,5,2,0,4,4,6,0,0,2,0,2,0,0,0,0,0
430430,el Catllar,Tarragona,2023,39,10,17,12,6,9,21,3,36,2,0,7,0,11,0,1,0,0,0
430445,la Sénia,Tarragona,2011,9,0,0,9,3,0,6,0,9,6,0,0,0,0,0,0,0,0,0
430445,la Sénia,Tarragona,2012,9,3,0,6,2,0,7,0,9,5,0,2,0,0,0,0,0,0,0
430445,la Sénia,Tarragona,2013,1,1,0,0,0,0,1,0,1,0,0,0,0,0,1,0,0,0,0
430445,la Sénia,Tarragona,2014,31,31,0,0,0,0,31,0,31,5,0,20,0,4,2,0,0,0,0
430445,la Sénia,Tarragona,2015,44,41,1,2,1,1,42,0,44,3,0,34,0,3,2,0,0,0,0
430445,la Sénia,Tarragona,2016,26,22,3,1,0,0,26,0,26,4,0,16,0,5,1,0,0,0,0
430445,la Sénia,Tarragona,2017,7,1,4,2,1,0,6,0,7,5,0,0,0,0,1,0,0,0,0
430445,la Sénia,Tarragona,2018,6,1,0,5,2,0,4,0,6,3,0,1,0,0,0,0,0,0,0
430445,la Sénia,Tarragona,2019,18,14,0,4,2,0,16,0,18,2,0,10,0,4,0,0,0,0,0
430445,la Sénia,Tarragona,2020,12,10,0,2,0,0,11,1,11,1,0,7,0,3,0,0,0,0,0
430445,la Sénia,Tarragona,2021,29,24,2,3,3,0,23,3,26,1,0,13,0,9,0,0,0,0,0
430445,la Sénia,Tarragona,2022,18,14,3,1,0,0,15,3,15,1,0,14,0,0,0,0,0,0,0
430445,la Sénia,Tarragona,2023,15,7,3,5,3,2,7,3,12,1,0,5,0,1,0,0,0,0,0
430458,Colldejou,Tarragona,2011,2,0,1,1,0,1,1,0,2,0,0,0,0,1,0,0,0,0,0
430458,Colldejou,Tarragona,2012,0,0,0,0,0,0,0,0,0,0,0,0,0,0,0,0,0,0,0
430458,Colldejou,Tarragona,2013,0,0,0,0,0,0,0,0,0,0,0,0,0,0,0,0,0,0,0
430458,Colldejou,Tarragona,2014,2,0,0,2,0,0,2,0,2,0,0,0,0,2,0,0,0,0,0
430458,Colldejou,Tarragona,2015,1,0,0,1,0,0,1,0,1,0,0,0,0,1,0,0,0,0,0
430458,Colldejou,Tarragona,2016,1,0,0,1,0,0,1,0,1,0,0,0,0,1,0,0,0,0,0
430458,Colldejou,Tarragona,2017,1,0,0,1,0,0,1,0,1,0,0,0,0,1,0,0,0,0,0
430458,Colldejou,Tarragona,2018,0,0,0,0,0,0,0,0,0,0,0,0,0,0,0,0,0,0,0
430458,Colldejou,Tarragona,2019,0,0,0,0,0,0,0,0,0,0,0,0,0,0,0,0,0,0,0
430458,Colldejou,Tarragona,2020,0,0,0,0,0,0,0,0,0,0,0,0,0,0,0,0,0,0,0
430458,Colldejou,Tarragona,2021,1,0,1,0,0,1,0,0,1,0,0,0,0,0,0,0,0,0,0
430458,Colldejou,Tarragona,2022,2,0,0,2,1,1,0,0,2,0,0,0,0,0,0,0,0,0,0
430461,Conesa,Tarragona,2011,2,0,0,2,2,0,0,0,2,0,0,0,0,0,0,0,0,0,0
430461,Conesa,Tarragona,2012,0,0,0,0,0,0,0,0,0,0,0,0,0,0,0,0,0,0,0
430461,Conesa,Tarragona,2013,0,0,0,0,0,0,0,0,0,0,0,0,0,0,0,0,0,0,0
430461,Conesa,Tarragona,2014,0,0,0,0,0,0,0,0,0,0,0,0,0,0,0,0,0,0,0
430461,Conesa,Tarragona,2015,0,0,0,0,0,0,0,0,0,0,0,0,0,0,0,0,0,0,0
430461,Conesa,Tarragona,2016,0,0,0,0,0,0,0,0,0,0,0,0,0,0,0,0,0,0,0
430461,Conesa,Tarragona,2017,0,0,0,0,0,0,0,0,0,0,0,0,0,0,0,0,0,0,0
430461,Conesa,Tarragona,2018,0,0,0,0,0,0,0,0,0,0,0,0,0,0,0,0,0,0,0
430461,Conesa,Tarragona,2019,0,0,0,0,0,0,0,0,0,0,0,0,0,0,0,0,0,0,0
430461,Conesa,Tarragona,2020,0,0,0,0,0,0,0,0,0,0,0,0,0,0,0,0,0,0,0
430461,Conesa,Tarragona,2021,0,0,0,0,0,0,0,0,0,0,0,0,0,0,0,0,0,0,0
430477,Constantí,Tarragona,2011,178,62,57,59,40,23,113,2,176,8,0,64,6,32,3,0,0,0,0
430477,Constantí,Tarragona,2012,180,87,50,43,40,18,122,0,180,17,2,62,1,38,2,0,0,0,0
430477,Constantí,Tarragona,2013,220,64,113,43,40,23,157,0,220,24,3,91,2,37,0,0,0,0,0
430477,Constantí,Tarragona,2014,175,26,79,70,38,22,114,1,174,12,2,55,5,40,0,0,0,0,0
430477,Constantí,Tarragona,2015,159,104,0,55,27,15,117,0,159,10,2,68,2,35,0,0,0,0,0
430477,Constantí,Tarragona,2016,206,147,39,20,16,19,171,0,206,5,2,135,4,25,0,0,0,0,0
430477,Constantí,Tarragona,2017,244,184,36,24,62,30,151,1,243,6,1,113,3,25,3,0,0,0,0
430477,Constantí,Tarragona,2018,284,236,35,13,57,25,202,0,284,5,5,152,1,35,4,0,0,0,0
430477,Constantí,Tarragona,2019,241,163,58,20,23,18,193,7,234,18,0,146,1,24,4,0,0,0,0
430477,Constantí,Tarragona,2020,89,41,38,10,8,3,78,0,89,5,0,51,0,21,1,0,0,0,0
430477,Constantí,Tarragona,2021,97,46,37,14,9,8,69,11,86,2,0,41,0,23,3,0,0,0,0
430477,Constantí,Tarragona,2022,103,71,21,11,9,2,90,2,101,0,2,41,1,46,0,0,0,0,0
430477,Constantí,Tarragona,2023,193,99,84,10,5,8,175,5,188,0,1,76,0,96,2,0,0,0,0
430483,Corbera d'Ebre,Tarragona,2011,29,24,1,4,1,0,28,0,29,0,0,0,0,7,21,0,0,0,0
430483,Corbera d'Ebre,Tarragona,2012,9,6,0,3,7,0,2,0,9,0,0,0,0,2,0,0,0,0,0
430483,Corbera d'Ebre,Tarragona,2013,3,1,0,2,1,0,2,0,3,0,0,0,0,1,1,0,0,0,0
430483,Corbera d'Ebre,Tarragona,2014,32,31,0,1,1,0,31,0,32,0,0,0,0,0,31,0,0,0,0
430483,Corbera d'Ebre,Tarragona,2015,0,0,0,0,0,0,0,0,0,0,0,0,0,0,0,0,0,0,0
430483,Corbera d'Ebre,Tarragona,2016,3,0,0,3,2,1,0,0,3,0,0,0,0,0,0,0,0,0,0
430483,Corbera d'Ebre,Tarragona,2017,23,5,13,5,4,3,16,0,23,0,0,0,0,1,15,0,0,0,0
430483,Corbera d'Ebre,Tarragona,2018,12,2,3,7,3,4,5,0,12,0,0,0,0,1,4,0,0,0,0
430483,Corbera d'Ebre,Tarragona,2019,3,1,0,2,2,0,1,0,3,0,0,0,0,1,0,0,0,0,0
430483,Corbera d'Ebre,Tarragona,2020,0,0,0,0,0,0,0,0,0,0,0,0,0,0,0,0,0,0,0
430483,Corbera d'Ebre,Tarragona,2021,1,1,0,0,0,0,1,0,1,0,0,0,0,1,0,0,0,0,0
430483,Corbera d'Ebre,Tarragona,2022,3,2,1,0,0,0,3,0,3,0,0,1,0,1,1,0,0,0,0
430483,Corbera d'Ebre,Tarragona,2023,2,0,2,0,1,0,1,0,2,0,0,0,0,1,0,0,0,0,0
430496,Cornudella de Montsant,Tarragona,2011,11,3,1,7,4,0,5,2,9,1,0,0,0,0,4,0,0,0,0
430496,Cornudella de Montsant,Tarragona,2012,1,0,0,1,1,0,0,0,1,0,0,0,0,0,0,0,0,0,0
430496,Cornudella de Montsant,Tarragona,2013,1,0,0,1,0,1,0,0,1,0,0,0,0,0,0,0,0,0,0
430496,Cornudella de Montsant,Tarragona,2014,0,0,0,0,0,0,0,0,0,0,0,0,0,0,0,0,0,0,0
430496,Cornudella de Montsant,Tarragona,2015,2,0,0,2,1,0,1,0,2,0,0,0,0,1,0,0,0,0,0
430496,Cornudella de Montsant,Tarragona,2016,1,0,0,1,0,0,1,0,1,0,0,0,0,1,0,0,0,0,0
430496,Cornudella de Montsant,Tarragona,2017,3,0,1,2,1,0,2,0,3,0,0,0,0,2,0,0,0,0,0
430496,Cornudella de Montsant,Tarragona,2018,5,2,0,3,0,2,3,0,5,0,0,0,0,2,1,0,0,0,0
430496,Cornudella de Montsant,Tarragona,2019,6,0,0,6,1,3,2,0,6,0,0,0,0,2,0,0,0,0,0
430496,Cornudella de Montsant,Tarragona,2020,2,1,0,1,1,0,1,0,2,0,0,0,0,0,1,0,0,0,0
430496,Cornudella de Montsant,Tarragona,2021,5,2,0,3,2,0,1,2,3,0,0,0,0,1,0,0,0,0,0
430496,Cornudella de Montsant,Tarragona,2022,8,5,2,1,2,0,4,2,6,0,2,0,0,2,0,0,0,0,0
430496,Cornudella de Montsant,Tarragona,2023,15,0,4,11,13,1,1,0,15,0,0,0,0,1,0,0,0,0,0
430509,Creixell,Tarragona,2011,9,2,0,7,3,4,2,0,9,1,0,1,0,0,0,0,0,0,0
430509,Creixell,Tarragona,2012,8,4,0,4,1,3,4,0,8,1,0,0,0,3,0,0,0,0,0
430509,Creixell,Tarragona,2013,3,0,0,3,0,0,3,0,3,3,0,0,0,0,0,0,0,0,0
430509,Creixell,Tarragona,2014,3,1,0,2,1,1,1,0,3,1,0,0,0,0,0,0,0,0,0
430509,Creixell,Tarragona,2015,1,0,0,1,1,0,0,0,1,0,0,0,0,0,0,0,0,0,0
430509,Creixell,Tarragona,2016,4,1,0,3,3,1,0,0,4,0,0,0,0,0,0,0,0,0,0
430509,Creixell,Tarragona,2017,0,0,0,0,0,0,0,0,0,0,0,0,0,0,0,0,0,0,0
430509,Creixell,Tarragona,2018,4,1,2,1,0,4,0,0,4,0,0,0,0,0,0,0,0,0,0
430509,Creixell,Tarragona,2019,11,2,3,6,1,6,4,0,11,0,0,0,0,4,0,0,0,0,0
430509,Creixell,Tarragona,2020,0,0,0,0,0,0,0,0,0,0,0,0,0,0,0,0,0,0,0
430509,Creixell,Tarragona,2021,3,1,0,2,0,0,0,3,0,0,0,0,0,0,0,0,0,0,0
430509,Creixell,Tarragona,2022,17,12,4,1,3,1,11,2,15,0,4,1,0,6,0,0,0,0,0
430509,Creixell,Tarragona,2023,12,0,9,3,4,1,7,0,12,1,5,0,0,1,0,0,0,0,0
430516,Cunit,Tarragona,2011,155,37,59,59,36,37,81,1,154,7,3,36,0,34,1,0,0,0,0
430516,Cunit,Tarragona,2012,75,28,20,27,10,18,47,0,75,1,4,6,0,35,1,0,0,0,0
430516,Cunit,Tarragona,2013,61,12,23,26,10,8,43,0,61,7,1,3,0,29,3,0,0,0,0
430516,Cunit,Tarragona,2014,86,31,33,22,14,7,64,1,85,4,5,22,0,30,3,0,0,0,0
430516,Cunit,Tarragona,2015,69,13,38,18,10,11,45,3,66,9,0,15,0,21,0,0,0,0,0
430516,Cunit,Tarragona,2016,48,20,10,18,10,3,35,0,48,4,0,13,0,17,0,1,0,0,0
430516,Cunit,Tarragona,2017,33,9,12,12,7,1,24,1,32,2,1,4,0,16,0,1,0,0,0
430516,Cunit,Tarragona,2018,38,12,16,10,11,6,21,0,38,0,0,4,0,17,0,0,0,0,0
430516,Cunit,Tarragona,2019,56,10,19,27,26,5,25,0,56,0,0,3,0,22,0,0,0,0,0
430516,Cunit,Tarragona,2020,29,9,4,16,6,3,18,2,27,0,1,1,0,16,0,0,0,0,0
430516,Cunit,Tarragona,2021,35,15,10,10,3,2,12,18,17,0,1,0,0,11,0,0,0,0,0
430516,Cunit,Tarragona,2022,35,12,14,9,4,4,19,8,27,0,0,1,0,18,0,0,0,0,0
430516,Cunit,Tarragona,2023,70,25,33,12,10,10,47,3,67,2,6,1,0,38,0,0,0,0,0
430521,Xerta,Tarragona,2011,10,0,2,8,6,2,2,0,10,0,0,2,0,0,0,0,0,0,0
430521,Xerta,Tarragona,2012,8,5,1,2,2,0,6,0,8,0,0,6,0,0,0,0,0,0,0
430521,Xerta,Tarragona,2013,1,1,0,0,0,0,1,0,1,0,0,1,0,0,0,0,0,0,0
430521,Xerta,Tarragona,2014,2,2,0,0,0,0,2,0,2,0,0,1,0,1,0,0,0,0,0
430521,Xerta,Tarragona,2015,1,1,0,0,0,0,1,0,1,0,0,1,0,0,0,0,0,0,0
430521,Xerta,Tarragona,2016,0,0,0,0,0,0,0,0,0,0,0,0,0,0,0,0,0,0,0
430521,Xerta,Tarragona,2017,2,1,1,0,1,0,1,0,2,1,0,0,0,0,0,0,0,0,0
430521,Xerta,Tarragona,2018,1,1,0,0,0,0,1,0,1,0,0,0,0,1,0,0,0,0,0
430521,Xerta,Tarragona,2019,2,1,1,0,0,0,2,0,2,0,0,1,0,1,0,0,0,0,0
430521,Xerta,Tarragona,2020,6,2,0,4,0,1,1,4,2,1,0,0,0,0,0,0,0,0,0
430521,Xerta,Tarragona,2021,3,1,2,0,0,0,0,3,0,0,0,0,0,0,0,0,0,0,0
430521,Xerta,Tarragona,2023,2,1,1,0,0,0,2,0,2,0,0,0,0,2,0,0,0,0,0
430537,Duesaigües,Tarragona,2011,1,0,0,1,1,0,0,0,1,0,0,0,0,0,0,0,0,0,0
430537,Duesaigües,Tarragona,2012,1,0,0,1,1,0,0,0,1,0,0,0,0,0,0,0,0,0,0
430537,Duesaigües,Tarragona,2013,0,0,0,0,0,0,0,0,0,0,0,0,0,0,0,0,0,0,0
430537,Duesaigües,Tarragona,2014,0,0,0,0,0,0,0,0,0,0,0,0,0,0,0,0,0,0,0
430537,Duesaigües,Tarragona,2015,1,0,0,1,1,0,0,0,1,0,0,0,0,0,0,0,0,0,0
430537,Duesaigües,Tarragona,2016,1,0,0,1,1,0,0,0,1,0,0,0,0,0,0,0,0,0,0
430537,Duesaigües,Tarragona,2017,0,0,0,0,0,0,0,0,0,0,0,0,0,0,0,0,0,0,0
430537,Duesaigües,Tarragona,2018,0,0,0,0,0,0,0,0,0,0,0,0,0,0,0,0,0,0,0
430537,Duesaigües,Tarragona,2019,0,0,0,0,0,0,0,0,0,0,0,0,0,0,0,0,0,0,0
430537,Duesaigües,Tarragona,2020,0,0,0,0,0,0,0,0,0,0,0,0,0,0,0,0,0,0,0
430537,Duesaigües,Tarragona,2021,0,0,0,0,0,0,0,0,0,0,0,0,0,0,0,0,0,0,0
430537,Duesaigües,Tarragona,2022,1,0,0,1,1,0,0,0,1,0,0,0,0,0,0,0,0,0,0
430542,l'Espluga de Francolí,Tarragona,2011,5,0,0,5,1,2,1,1,4,1,0,0,0,0,0,0,0,0,0
430542,l'Espluga de Francolí,Tarragona,2012,2,0,0,2,2,0,0,0,2,0,0,0,0,0,0,0,0,0,0
430542,l'Espluga de Francolí,Tarragona,2013,5,0,0,5,1,0,4,0,5,3,0,0,0,1,0,0,0,0,0
430542,l'Espluga de Francolí,Tarragona,2014,1,1,0,0,0,0,1,0,1,0,0,1,0,0,0,0,0,0,0
430542,l'Espluga de Francolí,Tarragona,2015,0,0,0,0,0,0,0,0,0,0,0,0,0,0,0,0,0,0,0
430542,l'Espluga de Francolí,Tarragona,2016,4,0,0,4,4,0,0,0,4,0,0,0,0,0,0,0,0,0,0
430542,l'Espluga de Francolí,Tarragona,2017,9,1,0,8,8,0,1,0,9,0,0,0,0,1,0,0,0,0,0
430542,l'Espluga de Francolí,Tarragona,2018,5,1,0,4,4,0,1,0,5,0,0,1,0,0,0,0,0,0,0
430542,l'Espluga de Francolí,Tarragona,2019,14,6,2,6,6,1,7,0,14,0,0,3,0,2,0,2,0,0,0
430542,l'Espluga de Francolí,Tarragona,2020,7,0,2,5,5,1,1,0,7,0,0,1,0,0,0,0,0,0,0
430542,l'Espluga de Francolí,Tarragona,2021,8,1,3,4,4,3,0,1,7,0,0,0,0,0,0,0,0,0,0
430542,l'Espluga de Francolí,Tarragona,2022,5,0,1,4,1,3,1,0,5,1,0,0,0,0,0,0,0,0,0
430542,l'Espluga de Francolí,Tarragona,2023,6,0,1,5,1,3,2,0,6,0,2,0,0,0,0,0,0,0,0
430555,Falset,Tarragona,2011,37,17,3,17,15,3,18,1,36,4,1,2,1,10,0,0,0,0,0
430555,Falset,Tarragona,2012,33,1,17,15,14,0,19,0,33,7,0,4,1,7,0,0,0,0,0
430555,Falset,Tarragona,2013,19,9,3,7,6,3,10,0,19,7,0,3,0,0,0,0,0,0,0
430555,Falset,Tarragona,2014,24,5,5,14,7,3,14,0,24,9,2,0,0,2,1,0,0,0,0
430555,Falset,Tarragona,2015,21,1,1,19,10,4,7,0,21,6,0,1,0,0,0,0,0,0,0
430555,Falset,Tarragona,2016,36,14,0,22,16,6,14,0,36,6,2,2,0,2,1,1,0,0,0
430555,Falset,Tarragona,2017,32,1,15,16,12,8,12,0,32,6,3,0,0,0,2,1,0,0,0
430555,Falset,Tarragona,2018,38,26,6,6,5,1,32,0,38,3,6,20,0,2,0,1,0,0,0
430555,Falset,Tarragona,2019,40,22,9,9,7,1,32,0,40,6,8,10,1,4,0,3,0,0,0
430555,Falset,Tarragona,2020,7,1,3,3,1,3,3,0,7,1,1,0,0,1,0,0,0,0,0
430555,Falset,Tarragona,2021,8,3,2,3,0,0,5,3,5,3,0,1,1,0,0,0,0,0,0
430555,Falset,Tarragona,2022,64,58,0,6,5,1,58,0,64,8,7,24,11,4,4,0,0,0,0
430555,Falset,Tarragona,2023,79,47,22,10,3,4,72,0,79,11,4,40,9,5,3,0,0,0,0
430568,la Fatarella,Tarragona,2011,4,0,0,4,3,0,1,0,4,1,0,0,0,0,0,0,0,0,0
430568,la Fatarella,Tarragona,2012,1,0,0,1,0,0,1,0,1,1,0,0,0,0,0,0,0,0,0
430568,la Fatarella,Tarragona,2013,43,43,0,0,34,0,9,0,43,7,0,0,0,2,0,0,0,0,0
430568,la Fatarella,Tarragona,2014,1,0,1,0,0,0,1,0,1,1,0,0,0,0,0,0,0,0,0
430568,la Fatarella,Tarragona,2015,0,0,0,0,0,0,0,0,0,0,0,0,0,0,0,0,0,0,0
430568,la Fatarella,Tarragona,2016,0,0,0,0,0,0,0,0,0,0,0,0,0,0,0,0,0,0,0
430568,la Fatarella,Tarragona,2017,1,0,0,1,1,0,0,0,1,0,0,0,0,0,0,0,0,0,0
430568,la Fatarella,Tarragona,2018,0,0,0,0,0,0,0,0,0,0,0,0,0,0,0,0,0,0,0
430568,la Fatarella,Tarragona,2019,5,2,0,3,3,0,2,0,5,1,0,0,1,0,0,0,0,0,0
430568,la Fatarella,Tarragona,2020,2,0,1,1,1,0,1,0,2,1,0,0,0,0,0,0,0,0,0
430568,la Fatarella,Tarragona,2021,1,1,0,0,0,0,1,0,1,0,0,0,1,0,0,0,0,0,0
430568,la Fatarella,Tarragona,2022,6,0,5,1,6,0,0,0,6,0,0,0,0,0,0,0,0,0,0
430568,la Fatarella,Tarragona,2023,7,2,0,5,5,0,2,0,7,0,0,0,0,2,0,0,0,0,0
430580,La Figuera,Tarragona,2011,0,0,0,0,0,0,0,0,0,0,0,0,0,0,0,0,0,0,0
430580,La Figuera,Tarragona,2012,0,0,0,0,0,0,0,0,0,0,0,0,0,0,0,0,0,0,0
430580,La Figuera,Tarragona,2013,0,0,0,0,0,0,0,0,0,0,0,0,0,0,0,0,0,0,0
430580,La Figuera,Tarragona,2014,0,0,0,0,0,0,0,0,0,0,0,0,0,0,0,0,0,0,0
430580,La Figuera,Tarragona,2015,0,0,0,0,0,0,0,0,0,0,0,0,0,0,0,0,0,0,0
430580,La Figuera,Tarragona,2016,0,0,0,0,0,0,0,0,0,0,0,0,0,0,0,0,0,0,0
430580,La Figuera,Tarragona,2017,0,0,0,0,0,0,0,0,0,0,0,0,0,0,0,0,0,0,0
430580,La Figuera,Tarragona,2018,0,0,0,0,0,0,0,0,0,0,0,0,0,0,0,0,0,0,0
430580,La Figuera,Tarragona,2019,0,0,0,0,0,0,0,0,0,0,0,0,0,0,0,0,0,0,0
430580,La Figuera,Tarragona,2020,1,0,1,0,0,0,1,0,1,1,0,0,0,0,0,0,0,0,0
430580,La Figuera,Tarragona,2021,1,1,0,0,0,0,1,0,1,0,0,0,0,1,0,0,0,0,0
430580,La Figuera,Tarragona,2022,8,3,5,0,0,0,8,0,8,0,0,0,0,8,0,0,0,0,0
430580,La Figuera,Tarragona,2023,4,2,1,1,1,0,3,0,4,0,0,0,0,3,0,0,0,0,0
430593,Figuerola del Camp,Tarragona,2011,0,0,0,0,0,0,0,0,0,0,0,0,0,0,0,0,0,0,0
430593,Figuerola del Camp,Tarragona,2012,0,0,0,0,0,0,0,0,0,0,0,0,0,0,0,0,0,0,0
430593,Figuerola del Camp,Tarragona,2013,3,0,0,3,3,0,0,0,3,0,0,0,0,0,0,0,0,0,0
430593,Figuerola del Camp,Tarragona,2014,0,0,0,0,0,0,0,0,0,0,0,0,0,0,0,0,0,0,0
430593,Figuerola del Camp,Tarragona,2015,1,0,0,1,1,0,0,0,1,0,0,0,0,0,0,0,0,0,0
430593,Figuerola del Camp,Tarragona,2016,0,0,0,0,0,0,0,0,0,0,0,0,0,0,0,0,0,0,0
430593,Figuerola del Camp,Tarragona,2017,0,0,0,0,0,0,0,0,0,0,0,0,0,0,0,0,0,0,0
430593,Figuerola del Camp,Tarragona,2018,0,0,0,0,0,0,0,0,0,0,0,0,0,0,0,0,0,0,0
430593,Figuerola del Camp,Tarragona,2019,1,0,0,1,1,0,0,0,1,0,0,0,0,0,0,0,0,0,0
430593,Figuerola del Camp,Tarragona,2020,1,0,0,1,1,0,0,0,1,0,0,0,0,0,0,0,0,0,0
430593,Figuerola del Camp,Tarragona,2021,0,0,0,0,0,0,0,0,0,0,0,0,0,0,0,0,0,0,0
430607,Flix,Tarragona,2011,22,1,15,6,2,4,16,0,22,6,1,2,1,3,3,0,0,0,0
430607,Flix,Tarragona,2012,2,0,0,2,1,1,0,0,2,0,0,0,0,0,0,0,0,0,0
430607,Flix,Tarragona,2013,18,17,0,1,0,1,17,0,18,0,7,10,0,0,0,0,0,0,0
430607,Flix,Tarragona,2014,34,30,0,4,3,2,29,0,34,6,1,13,0,1,8,0,0,0,0
430607,Flix,Tarragona,2015,38,28,0,10,7,3,28,0,38,7,1,10,0,2,8,0,0,0,0
430607,Flix,Tarragona,2016,6,3,0,3,1,0,5,0,6,1,4,0,0,0,0,0,0,0,0
430607,Flix,Tarragona,2017,5,0,4,1,1,0,4,0,5,1,1,0,0,1,1,0,0,0,0
430607,Flix,Tarragona,2018,6,0,2,4,4,0,2,0,6,1,0,0,0,0,1,0,0,0,0
430607,Flix,Tarragona,2019,4,0,1,3,0,3,1,0,4,0,0,0,0,0,1,0,0,0,0
430607,Flix,Tarragona,2020,3,2,0,1,0,1,2,0,3,0,0,0,0,2,0,0,0,0,0
430607,Flix,Tarragona,2021,1,1,0,0,0,0,0,1,0,0,0,0,0,0,0,0,0,0,0
430607,Flix,Tarragona,2022,26,19,3,4,6,0,20,0,26,0,0,9,0,6,5,0,0,0,0
430607,Flix,Tarragona,2023,7,3,0,4,3,0,4,0,7,0,1,2,0,1,0,0,0,0,0
430629,Freginals,Tarragona,2011,1,1,0,0,0,0,1,0,1,1,0,0,0,0,0,0,0,0,0
430629,Freginals,Tarragona,2012,4,4,0,0,0,0,4,0,4,3,1,0,0,0,0,0,0,0,0
430629,Freginals,Tarragona,2013,1,1,0,0,0,0,1,0,1,0,1,0,0,0,0,0,0,0,0
430629,Freginals,Tarragona,2014,0,0,0,0,0,0,0,0,0,0,0,0,0,0,0,0,0,0,0
430629,Freginals,Tarragona,2015,2,1,0,1,0,1,1,0,2,0,0,0,0,0,1,0,0,0,0
430629,Freginals,Tarragona,2016,0,0,0,0,0,0,0,0,0,0,0,0,0,0,0,0,0,0,0
430629,Freginals,Tarragona,2017,0,0,0,0,0,0,0,0,0,0,0,0,0,0,0,0,0,0,0
430629,Freginals,Tarragona,2018,0,0,0,0,0,0,0,0,0,0,0,0,0,0,0,0,0,0,0
430629,Freginals,Tarragona,2019,6,6,0,0,0,0,6,0,6,0,0,6,0,0,0,0,0,0,0
430629,Freginals,Tarragona,2020,0,0,0,0,0,0,0,0,0,0,0,0,0,0,0,0,0,0,0
430629,Freginals,Tarragona,2021,1,0,1,0,0,0,1,0,1,0,0,0,0,1,0,0,0,0,0
430629,Freginals,Tarragona,2023,4,1,3,0,0,0,4,0,4,2,2,0,0,0,0,0,0,0,0
430635,La Galera,Tarragona,2011,2,2,0,0,0,0,2,0,2,2,0,0,0,0,0,0,0,0,0
430635,La Galera,Tarragona,2012,5,5,0,0,0,0,5,0,5,4,0,1,0,0,0,0,0,0,0
430635,La Galera,Tarragona,2013,9,3,4,2,2,0,7,0,9,6,0,1,0,0,0,0,0,0,0
430635,La Galera,Tarragona,2014,3,2,0,1,1,0,2,0,3,0,0,2,0,0,0,0,0,0,0
430635,La Galera,Tarragona,2015,2,0,0,2,0,0,2,0,2,1,0,0,0,1,0,0,0,0,0
430635,La Galera,Tarragona,2016,3,0,0,3,0,0,3,0,3,1,0,0,0,2,0,0,0,0,0
430635,La Galera,Tarragona,2017,0,0,0,0,0,0,0,0,0,0,0,0,0,0,0,0,0,0,0
430635,La Galera,Tarragona,2018,1,1,0,0,0,0,1,0,1,0,0,1,0,0,0,0,0,0,0
430635,La Galera,Tarragona,2019,1,1,0,0,0,0,1,0,1,0,0,1,0,0,0,0,0,0,0
430635,La Galera,Tarragona,2020,0,0,0,0,0,0,0,0,0,0,0,0,0,0,0,0,0,0,0
430635,La Galera,Tarragona,2021,1,0,0,1,0,0,1,0,1,0,0,0,0,1,0,0,0,0,0
430640,Gandesa,Tarragona,2011,58,24,15,19,14,4,40,0,58,27,4,0,0,8,1,0,0,0,0
430640,Gandesa,Tarragona,2012,35,24,0,11,26,5,4,0,35,1,3,0,0,0,0,0,0,0,0
430640,Gandesa,Tarragona,2013,4,0,0,4,1,1,2,0,4,1,1,0,0,0,0,0,0,0,0
430640,Gandesa,Tarragona,2014,12,1,0,11,8,1,3,0,12,2,0,0,0,0,1,0,0,0,0
430640,Gandesa,Tarragona,2015,18,12,0,6,5,3,10,0,18,4,1,0,0,5,0,0,0,0,0
430640,Gandesa,Tarragona,2016,38,11,20,7,8,7,23,0,38,6,3,1,0,10,3,0,0,0,0
430640,Gandesa,Tarragona,2017,65,19,23,23,13,15,37,0,65,13,5,3,0,10,5,1,0,0,0
430640,Gandesa,Tarragona,2018,45,15,1,29,6,7,32,0,45,16,4,2,0,7,3,0,0,0,0
430640,Gandesa,Tarragona,2019,48,21,20,7,4,1,43,0,48,21,4,10,0,7,1,0,0,0,0
430640,Gandesa,Tarragona,2020,42,15,26,1,1,0,40,1,41,13,0,10,0,16,1,0,0,0,0
430640,Gandesa,Tarragona,2021,41,9,26,6,4,2,30,5,36,10,0,1,0,19,0,0,0,0,0
430640,Gandesa,Tarragona,2022,12,0,12,0,0,1,10,1,11,2,2,0,0,6,0,0,0,0,0
430640,Gandesa,Tarragona,2023,103,58,37,8,1,0,100,2,101,8,6,7,7,70,2,0,0,0,0
430653,Garcia,Tarragona,2011,2,0,0,2,0,2,0,0,2,0,0,0,0,0,0,0,0,0,0
430653,Garcia,Tarragona,2012,0,0,0,0,0,0,0,0,0,0,0,0,0,0,0,0,0,0,0
430653,Garcia,Tarragona,2013,0,0,0,0,0,0,0,0,0,0,0,0,0,0,0,0,0,0,0
430653,Garcia,Tarragona,2014,0,0,0,0,0,0,0,0,0,0,0,0,0,0,0,0,0,0,0
430653,Garcia,Tarragona,2015,0,0,0,0,0,0,0,0,0,0,0,0,0,0,0,0,0,0,0
430653,Garcia,Tarragona,2016,0,0,0,0,0,0,0,0,0,0,0,0,0,0,0,0,0,0,0
430653,Garcia,Tarragona,2017,0,0,0,0,0,0,0,0,0,0,0,0,0,0,0,0,0,0,0
430653,Garcia,Tarragona,2018,0,0,0,0,0,0,0,0,0,0,0,0,0,0,0,0,0,0,0
430653,Garcia,Tarragona,2019,0,0,0,0,0,0,0,0,0,0,0,0,0,0,0,0,0,0,0
430653,Garcia,Tarragona,2020,1,1,0,0,0,0,0,1,0,0,0,0,0,0,0,0,0,0,0
430653,Garcia,Tarragona,2021,2,1,1,0,0,0,0,2,0,0,0,0,0,0,0,0,0,0,0
430653,Garcia,Tarragona,2022,1,0,1,0,0,0,0,1,0,0,0,0,0,0,0,0,0,0,0
430653,Garcia,Tarragona,2023,1,0,1,0,0,0,1,0,1,0,0,0,0,1,0,0,0,0,0
430666,Els Garidells,Tarragona,2011,0,0,0,0,0,0,0,0,0,0,0,0,0,0,0,0,0,0,0
430666,Els Garidells,Tarragona,2012,0,0,0,0,0,0,0,0,0,0,0,0,0,0,0,0,0,0,0
430666,Els Garidells,Tarragona,2013,0,0,0,0,0,0,0,0,0,0,0,0,0,0,0,0,0,0,0
430666,Els Garidells,Tarragona,2014,0,0,0,0,0,0,0,0,0,0,0,0,0,0,0,0,0,0,0
430666,Els Garidells,Tarragona,2015,0,0,0,0,0,0,0,0,0,0,0,0,0,0,0,0,0,0,0
430666,Els Garidells,Tarragona,2016,0,0,0,0,0,0,0,0,0,0,0,0,0,0,0,0,0,0,0
430666,Els Garidells,Tarragona,2017,1,0,0,1,0,1,0,0,1,0,0,0,0,0,0,0,0,0,0
430666,Els Garidells,Tarragona,2018,3,0,0,3,0,3,0,0,3,0,0,0,0,0,0,0,0,0,0
430666,Els Garidells,Tarragona,2019,1,0,0,1,0,1,0,0,1,0,0,0,0,0,0,0,0,0,0
430666,Els Garidells,Tarragona,2020,0,0,0,0,0,0,0,0,0,0,0,0,0,0,0,0,0,0,0
430666,Els Garidells,Tarragona,2021,4,3,1,0,0,0,0,4,0,0,0,0,0,0,0,0,0,0,0
430666,Els Garidells,Tarragona,2022,9,3,4,2,0,0,0,9,0,0,0,0,0,0,0,0,0,0,0
430666,Els Garidells,Tarragona,2023,7,0,4,3,0,0,0,7,0,0,0,0,0,0,0,0,0,0,0
430672,Ginestar,Tarragona,2011,2,0,0,2,2,0,0,0,2,0,0,0,0,0,0,0,0,0,0
430672,Ginestar,Tarragona,2012,4,0,0,4,4,0,0,0,4,0,0,0,0,0,0,0,0,0,0
430672,Ginestar,Tarragona,2013,7,4,0,3,3,0,4,0,7,4,0,0,0,0,0,0,0,0,0
430672,Ginestar,Tarragona,2014,6,2,4,0,0,0,6,0,6,6,0,0,0,0,0,0,0,0,0
430672,Ginestar,Tarragona,2015,4,0,0,4,0,3,1,0,4,1,0,0,0,0,0,0,0,0,0
430672,Ginestar,Tarragona,2016,4,0,0,4,1,0,3,0,4,3,0,0,0,0,0,0,0,0,0
430672,Ginestar,Tarragona,2017,5,0,3,2,2,0,3,0,5,2,0,1,0,0,0,0,0,0,0
430672,Ginestar,Tarragona,2018,5,1,4,0,0,0,5,0,5,2,0,3,0,0,0,0,0,0,0
430672,Ginestar,Tarragona,2019,3,3,0,0,0,0,3,0,3,3,0,0,0,0,0,0,0,0,0
430672,Ginestar,Tarragona,2020,8,8,0,0,0,0,8,0,8,8,0,0,0,0,0,0,0,0,0
430672,Ginestar,Tarragona,2021,4,1,1,2,0,0,4,0,4,4,0,0,0,0,0,0,0,0,0
430672,Ginestar,Tarragona,2022,1,0,1,0,0,0,1,0,1,1,0,0,0,0,0,0,0,0,0
430672,Ginestar,Tarragona,2023,3,2,0,1,1,0,2,0,3,0,0,2,0,0,0,0,0,0,0
430688,Godall,Tarragona,2011,2,0,0,2,2,0,0,0,2,0,0,0,0,0,0,0,0,0,0
430688,Godall,Tarragona,2012,1,0,0,1,1,0,0,0,1,0,0,0,0,0,0,0,0,0,0
430688,Godall,Tarragona,2013,3,0,0,3,3,0,0,0,3,0,0,0,0,0,0,0,0,0,0
430688,Godall,Tarragona,2014,2,0,0,2,2,0,0,0,2,0,0,0,0,0,0,0,0,0,0
430688,Godall,Tarragona,2015,0,0,0,0,0,0,0,0,0,0,0,0,0,0,0,0,0,0,0
430688,Godall,Tarragona,2016,0,0,0,0,0,0,0,0,0,0,0,0,0,0,0,0,0,0,0
430688,Godall,Tarragona,2017,0,0,0,0,0,0,0,0,0,0,0,0,0,0,0,0,0,0,0
430688,Godall,Tarragona,2018,0,0,0,0,0,0,0,0,0,0,0,0,0,0,0,0,0,0,0
430688,Godall,Tarragona,2019,1,0,0,1,0,1,0,0,1,0,0,0,0,0,0,0,0,0,0
430688,Godall,Tarragona,2020,1,1,0,0,0,0,1,0,1,0,0,1,0,0,0,0,0,0,0
430688,Godall,Tarragona,2021,1,0,1,0,0,0,0,1,0,0,0,0,0,0,0,0,0,0,0
430688,Godall,Tarragona,2023,1,1,0,0,0,0,1,0,1,0,0,1,0,0,0,0,0,0,0
430691,Gratallops,Tarragona,2011,0,0,0,0,0,0,0,0,0,0,0,0,0,0,0,0,0,0,0
430691,Gratallops,Tarragona,2012,1,0,0,1,1,0,0,0,1,0,0,0,0,0,0,0,0,0,0
430691,Gratallops,Tarragona,2013,0,0,0,0,0,0,0,0,0,0,0,0,0,0,0,0,0,0,0
430691,Gratallops,Tarragona,2014,1,1,0,0,0,0,1,0,1,0,0,0,0,1,0,0,0,0,0
430691,Gratallops,Tarragona,2015,0,0,0,0,0,0,0,0,0,0,0,0,0,0,0,0,0,0,0
430691,Gratallops,Tarragona,2016,1,1,0,0,0,0,1,0,1,0,0,0,0,1,0,0,0,0,0
430691,Gratallops,Tarragona,2017,2,1,1,0,0,0,2,0,2,0,0,0,0,2,0,0,0,0,0
430691,Gratallops,Tarragona,2018,1,1,0,0,0,1,0,0,1,0,0,0,0,0,0,0,0,0,0
430691,Gratallops,Tarragona,2019,1,1,0,0,0,0,1,0,1,0,0,0,0,1,0,0,0,0,0
430691,Gratallops,Tarragona,2020,2,0,2,0,0,0,2,0,2,0,0,0,0,2,0,0,0,0,0
430691,Gratallops,Tarragona,2021,0,0,0,0,0,0,0,0,0,0,0,0,0,0,0,0,0,0,0
430691,Gratallops,Tarragona,2022,1,1,0,0,0,0,1,0,1,0,0,0,0,1,0,0,0,0,0
430705,Els Guiamets,Tarragona,2011,3,0,1,2,2,0,1,0,3,0,1,0,0,0,0,0,0,0,0
430705,Els Guiamets,Tarragona,2012,1,0,0,1,1,0,0,0,1,0,0,0,0,0,0,0,0,0,0
430705,Els Guiamets,Tarragona,2013,0,0,0,0,0,0,0,0,0,0,0,0,0,0,0,0,0,0,0
430705,Els Guiamets,Tarragona,2014,0,0,0,0,0,0,0,0,0,0,0,0,0,0,0,0,0,0,0
430705,Els Guiamets,Tarragona,2015,0,0,0,0,0,0,0,0,0,0,0,0,0,0,0,0,0,0,0
430705,Els Guiamets,Tarragona,2016,0,0,0,0,0,0,0,0,0,0,0,0,0,0,0,0,0,0,0
430705,Els Guiamets,Tarragona,2017,0,0,0,0,0,0,0,0,0,0,0,0,0,0,0,0,0,0,0
430705,Els Guiamets,Tarragona,2018,0,0,0,0,0,0,0,0,0,0,0,0,0,0,0,0,0,0,0
430705,Els Guiamets,Tarragona,2019,0,0,0,0,0,0,0,0,0,0,0,0,0,0,0,0,0,0,0
430705,Els Guiamets,Tarragona,2020,0,0,0,0,0,0,0,0,0,0,0,0,0,0,0,0,0,0,0
430705,Els Guiamets,Tarragona,2021,0,0,0,0,0,0,0,0,0,0,0,0,0,0,0,0,0,0,0
430712,Horta de Sant Joan,Tarragona,2011,8,1,2,5,5,0,3,0,8,0,0,0,0,3,0,0,0,0,0
430712,Horta de Sant Joan,Tarragona,2012,58,55,1,2,47,1,10,0,58,5,0,2,0,2,0,1,0,0,0
430712,Horta de Sant Joan,Tarragona,2013,0,0,0,0,0,0,0,0,0,0,0,0,0,0,0,0,0,0,0
430712,Horta de Sant Joan,Tarragona,2014,0,0,0,0,0,0,0,0,0,0,0,0,0,0,0,0,0,0,0
430712,Horta de Sant Joan,Tarragona,2015,2,2,0,0,0,0,2,0,2,2,0,0,0,0,0,0,0,0,0
430712,Horta de Sant Joan,Tarragona,2016,4,2,2,0,0,0,4,0,4,4,0,0,0,0,0,0,0,0,0
430712,Horta de Sant Joan,Tarragona,2017,0,0,0,0,0,0,0,0,0,0,0,0,0,0,0,0,0,0,0
430712,Horta de Sant Joan,Tarragona,2018,2,1,0,1,1,0,1,0,2,0,0,1,0,0,0,0,0,0,0
430712,Horta de Sant Joan,Tarragona,2019,6,1,0,5,5,0,1,0,6,0,0,0,0,1,0,0,0,0,0
430712,Horta de Sant Joan,Tarragona,2020,5,3,2,0,0,0,4,1,4,0,0,0,0,4,0,0,0,0,0
430712,Horta de Sant Joan,Tarragona,2021,10,7,3,0,0,0,4,6,4,1,0,0,0,3,0,0,0,0,0
430712,Horta de Sant Joan,Tarragona,2022,5,1,1,3,0,0,3,2,3,3,0,0,0,0,0,0,0,0,0
430712,Horta de Sant Joan,Tarragona,2023,11,5,3,3,1,0,8,2,9,2,0,0,1,5,0,0,0,0,0
430727,El Lloar,Tarragona,2011,0,0,0,0,0,0,0,0,0,0,0,0,0,0,0,0,0,0,0
430727,El Lloar,Tarragona,2012,0,0,0,0,0,0,0,0,0,0,0,0,0,0,0,0,0,0,0
430727,El Lloar,Tarragona,2013,0,0,0,0,0,0,0,0,0,0,0,0,0,0,0,0,0,0,0
430727,El Lloar,Tarragona,2014,0,0,0,0,0,0,0,0,0,0,0,0,0,0,0,0,0,0,0
430727,El Lloar,Tarragona,2015,0,0,0,0,0,0,0,0,0,0,0,0,0,0,0,0,0,0,0
430727,El Lloar,Tarragona,2016,0,0,0,0,0,0,0,0,0,0,0,0,0,0,0,0,0,0,0
430727,El Lloar,Tarragona,2017,0,0,0,0,0,0,0,0,0,0,0,0,0,0,0,0,0,0,0
430727,El Lloar,Tarragona,2018,0,0,0,0,0,0,0,0,0,0,0,0,0,0,0,0,0,0,0
430727,El Lloar,Tarragona,2019,1,1,0,0,0,0,1,0,1,0,0,0,1,0,0,0,0,0,0
430727,El Lloar,Tarragona,2020,0,0,0,0,0,0,0,0,0,0,0,0,0,0,0,0,0,0,0
430727,El Lloar,Tarragona,2021,2,1,1,0,0,0,2,0,2,0,0,0,0,2,0,0,0,0,0
430727,El Lloar,Tarragona,2023,1,1,0,0,0,0,1,0,1,0,0,0,0,1,0,0,0,0,0
430748,Llorenç del Penedès,Tarragona,2011,2,0,0,2,2,0,0,0,2,0,0,0,0,0,0,0,0,0,0
430748,Llorenç del Penedès,Tarragona,2012,3,1,2,0,0,0,3,0,3,0,0,1,0,2,0,0,0,0,0
430748,Llorenç del Penedès,Tarragona,2013,4,1,3,0,0,0,4,0,4,0,0,2,0,2,0,0,0,0,0
430748,Llorenç del Penedès,Tarragona,2014,2,0,2,0,0,0,2,0,2,0,0,1,0,1,0,0,0,0,0
430748,Llorenç del Penedès,Tarragona,2015,3,0,3,0,0,0,3,0,3,0,0,0,0,3,0,0,0,0,0
430748,Llorenç del Penedès,Tarragona,2016,4,0,1,3,3,0,1,0,4,0,0,0,0,1,0,0,0,0,0
430748,Llorenç del Penedès,Tarragona,2017,0,0,0,0,0,0,0,0,0,0,0,0,0,0,0,0,0,0,0
430748,Llorenç del Penedès,Tarragona,2018,11,1,2,8,6,2,3,0,11,2,0,0,0,1,0,0,0,0,0
430748,Llorenç del Penedès,Tarragona,2019,6,0,1,5,5,0,1,0,6,0,0,0,0,1,0,0,0,0,0
430748,Llorenç del Penedès,Tarragona,2020,4,0,2,2,2,0,2,0,4,0,0,0,0,2,0,0,0,0,0
430748,Llorenç del Penedès,Tarragona,2021,4,0,1,3,2,0,2,0,4,0,0,0,0,2,0,0,0,0,0
430748,Llorenç del Penedès,Tarragona,2022,1,0,0,1,0,0,1,0,1,0,0,0,0,1,0,0,0,0,0
430748,Llorenç del Penedès,Tarragona,2023,8,1,2,5,3,3,2,0,8,0,1,0,0,1,0,0,0,0,0
430751,Margalef,Tarragona,2011,0,0,0,0,0,0,0,0,0,0,0,0,0,0,0,0,0,0,0
430751,Margalef,Tarragona,2012,0,0,0,0,0,0,0,0,0,0,0,0,0,0,0,0,0,0,0
430751,Margalef,Tarragona,2013,0,0,0,0,0,0,0,0,0,0,0,0,0,0,0,0,0,0,0
430751,Margalef,Tarragona,2014,0,0,0,0,0,0,0,0,0,0,0,0,0,0,0,0,0,0,0
430751,Margalef,Tarragona,2015,0,0,0,0,0,0,0,0,0,0,0,0,0,0,0,0,0,0,0
430751,Margalef,Tarragona,2016,0,0,0,0,0,0,0,0,0,0,0,0,0,0,0,0,0,0,0
430751,Margalef,Tarragona,2017,0,0,0,0,0,0,0,0,0,0,0,0,0,0,0,0,0,0,0
430751,Margalef,Tarragona,2018,0,0,0,0,0,0,0,0,0,0,0,0,0,0,0,0,0,0,0
430751,Margalef,Tarragona,2019,2,1,1,0,0,0,2,0,2,0,0,0,0,2,0,0,0,0,0
430751,Margalef,Tarragona,2020,1,0,1,0,0,0,1,0,1,0,0,0,0,1,0,0,0,0,0
430751,Margalef,Tarragona,2021,0,0,0,0,0,0,0,0,0,0,0,0,0,0,0,0,0,0,0
430764,Marçà,Tarragona,2011,5,0,4,1,0,1,4,0,5,3,0,0,0,1,0,0,0,0,0
430764,Marçà,Tarragona,2012,4,0,0,4,3,0,1,0,4,1,0,0,0,0,0,0,0,0,0
430764,Marçà,Tarragona,2013,2,0,0,2,2,0,0,0,2,0,0,0,0,0,0,0,0,0,0
430764,Marçà,Tarragona,2014,2,1,0,1,0,1,1,0,2,1,0,0,0,0,0,0,0,0,0
430764,Marçà,Tarragona,2015,4,0,0,4,3,0,1,0,4,1,0,0,0,0,0,0,0,0,0
430764,Marçà,Tarragona,2016,0,0,0,0,0,0,0,0,0,0,0,0,0,0,0,0,0,0,0
430764,Marçà,Tarragona,2017,4,1,2,1,0,2,2,0,4,1,0,0,0,1,0,0,0,0,0
430764,Marçà,Tarragona,2018,3,1,0,2,0,0,3,0,3,2,0,0,0,1,0,0,0,0,0
430764,Marçà,Tarragona,2019,1,0,1,0,0,0,1,0,1,0,0,0,0,1,0,0,0,0,0
430764,Marçà,Tarragona,2020,0,0,0,0,0,0,0,0,0,0,0,0,0,0,0,0,0,0,0
430764,Marçà,Tarragona,2021,2,2,0,0,0,0,2,0,2,0,0,2,0,0,0,0,0,0,0
430764,Marçà,Tarragona,2022,7,7,0,0,0,0,7,0,7,0,4,0,0,0,1,2,0,0,0
430764,Marçà,Tarragona,2023,14,5,9,0,0,0,14,0,14,0,6,0,0,0,2,6,0,0,0
430770,Mas de Barberans,Tarragona,2011,2,0,2,0,0,0,2,0,2,2,0,0,0,0,0,0,0,0,0
430770,Mas de Barberans,Tarragona,2012,0,0,0,0,0,0,0,0,0,0,0,0,0,0,0,0,0,0,0
430770,Mas de Barberans,Tarragona,2013,0,0,0,0,0,0,0,0,0,0,0,0,0,0,0,0,0,0,0
430770,Mas de Barberans,Tarragona,2014,0,0,0,0,0,0,0,0,0,0,0,0,0,0,0,0,0,0,0
430770,Mas de Barberans,Tarragona,2015,0,0,0,0,0,0,0,0,0,0,0,0,0,0,0,0,0,0,0
430770,Mas de Barberans,Tarragona,2016,4,1,2,1,0,0,4,0,4,0,0,0,0,4,0,0,0,0,0
430770,Mas de Barberans,Tarragona,2017,0,0,0,0,0,0,0,0,0,0,0,0,0,0,0,0,0,0,0
430770,Mas de Barberans,Tarragona,2018,0,0,0,0,0,0,0,0,0,0,0,0,0,0,0,0,0,0,0
430770,Mas de Barberans,Tarragona,2019,2,2,0,0,0,0,2,0,2,2,0,0,0,0,0,0,0,0,0
430770,Mas de Barberans,Tarragona,2020,0,0,0,0,0,0,0,0,0,0,0,0,0,0,0,0,0,0,0
430770,Mas de Barberans,Tarragona,2021,0,0,0,0,0,0,0,0,0,0,0,0,0,0,0,0,0,0,0
430770,Mas de Barberans,Tarragona,2023,3,0,3,0,0,0,3,0,3,3,0,0,0,0,0,0,0,0,0
430786,Masdenverge,Tarragona,2011,1,0,1,0,1,0,0,0,1,0,0,0,0,0,0,0,0,0,0
430786,Masdenverge,Tarragona,2012,0,0,0,0,0,0,0,0,0,0,0,0,0,0,0,0,0,0,0
430786,Masdenverge,Tarragona,2013,2,2,0,0,0,0,2,0,2,0,1,1,0,0,0,0,0,0,0
430786,Masdenverge,Tarragona,2014,5,5,0,0,0,0,5,0,5,2,2,0,1,0,0,0,0,0,0
430786,Masdenverge,Tarragona,2015,2,0,2,0,0,0,2,0,2,2,0,0,0,0,0,0,0,0,0
430786,Masdenverge,Tarragona,2016,5,2,2,1,1,1,3,0,5,3,0,0,0,0,0,0,0,0,0
430786,Masdenverge,Tarragona,2017,3,2,0,1,0,0,3,0,3,1,0,2,0,0,0,0,0,0,0
430786,Masdenverge,Tarragona,2018,2,0,0,2,0,0,2,0,2,2,0,0,0,0,0,0,0,0,0
430786,Masdenverge,Tarragona,2019,8,2,2,4,0,2,6,0,8,4,0,0,0,2,0,0,0,0,0
430786,Masdenverge,Tarragona,2020,1,0,1,0,0,0,1,0,1,0,0,0,0,1,0,0,0,0,0
430786,Masdenverge,Tarragona,2021,5,2,1,2,0,2,1,2,3,0,0,0,0,1,0,0,0,0,0
430786,Masdenverge,Tarragona,2022,13,7,4,2,0,3,9,1,12,0,6,0,0,3,0,0,0,0,0
430786,Masdenverge,Tarragona,2023,30,19,11,0,0,3,27,0,30,0,3,14,2,8,0,0,0,0,0
430799,Masllorenç,Tarragona,2011,2,2,0,0,0,0,2,0,2,0,0,0,0,2,0,0,0,0,0
430799,Masllorenç,Tarragona,2012,0,0,0,0,0,0,0,0,0,0,0,0,0,0,0,0,0,0,0
430799,Masllorenç,Tarragona,2013,0,0,0,0,0,0,0,0,0,0,0,0,0,0,0,0,0,0,0
430799,Masllorenç,Tarragona,2014,1,1,0,0,1,0,0,0,1,0,0,0,0,0,0,0,0,0,0
430799,Masllorenç,Tarragona,2015,0,0,0,0,0,0,0,0,0,0,0,0,0,0,0,0,0,0,0
430799,Masllorenç,Tarragona,2016,0,0,0,0,0,0,0,0,0,0,0,0,0,0,0,0,0,0,0
430799,Masllorenç,Tarragona,2017,1,0,0,1,1,0,0,0,1,0,0,0,0,0,0,0,0,0,0
430799,Masllorenç,Tarragona,2018,6,2,2,2,2,3,1,0,6,1,0,0,0,0,0,0,0,0,0
430799,Masllorenç,Tarragona,2019,1,0,1,0,0,0,1,0,1,0,0,0,0,0,1,0,0,0,0
430799,Masllorenç,Tarragona,2020,1,1,0,0,0,0,1,0,1,0,0,1,0,0,0,0,0,0,0
430799,Masllorenç,Tarragona,2021,0,0,0,0,0,0,0,0,0,0,0,0,0,0,0,0,0,0,0
430799,Masllorenç,Tarragona,2022,3,0,0,3,1,0,0,2,1,0,0,0,0,0,0,0,0,0,0
430803,La Masó,Tarragona,2011,1,0,0,1,1,0,0,0,1,0,0,0,0,0,0,0,0,0,0
430803,La Masó,Tarragona,2012,0,0,0,0,0,0,0,0,0,0,0,0,0,0,0,0,0,0,0
430803,La Masó,Tarragona,2013,0,0,0,0,0,0,0,0,0,0,0,0,0,0,0,0,0,0,0
430803,La Masó,Tarragona,2014,0,0,0,0,0,0,0,0,0,0,0,0,0,0,0,0,0,0,0
430803,La Masó,Tarragona,2015,0,0,0,0,0,0,0,0,0,0,0,0,0,0,0,0,0,0,0
430803,La Masó,Tarragona,2016,1,0,1,0,0,0,1,0,1,0,0,0,0,1,0,0,0,0,0
430803,La Masó,Tarragona,2017,2,0,2,0,0,0,2,0,2,0,0,0,0,2,0,0,0,0,0
430803,La Masó,Tarragona,2018,0,0,0,0,0,0,0,0,0,0,0,0,0,0,0,0,0,0,0
430803,La Masó,Tarragona,2019,0,0,0,0,0,0,0,0,0,0,0,0,0,0,0,0,0,0,0
430803,La Masó,Tarragona,2020,0,0,0,0,0,0,0,0,0,0,0,0,0,0,0,0,0,0,0
430803,La Masó,Tarragona,2021,0,0,0,0,0,0,0,0,0,0,0,0,0,0,0,0,0,0,0
430803,La Masó,Tarragona,2022,1,1,0,0,0,0,1,0,1,0,0,0,0,1,0,0,0,0,0
430803,La Masó,Tarragona,2023,2,1,1,0,0,0,2,0,2,0,0,0,0,2,0,0,0,0,0
430810,Maspujols,Tarragona,2011,11,0,0,11,8,3,0,0,11,0,0,0,0,0,0,0,0,0,0
430810,Maspujols,Tarragona,2012,0,0,0,0,0,0,0,0,0,0,0,0,0,0,0,0,0,0,0
430810,Maspujols,Tarragona,2013,3,0,0,3,2,1,0,0,3,0,0,0,0,0,0,0,0,0,0
430810,Maspujols,Tarragona,2014,3,0,0,3,3,0,0,0,3,0,0,0,0,0,0,0,0,0,0
430810,Maspujols,Tarragona,2015,3,0,0,3,2,0,1,0,3,0,0,0,0,1,0,0,0,0,0
430810,Maspujols,Tarragona,2016,1,0,0,1,1,0,0,0,1,0,0,0,0,0,0,0,0,0,0
430810,Maspujols,Tarragona,2017,1,0,0,1,0,0,1,0,1,0,0,0,0,1,0,0,0,0,0
430810,Maspujols,Tarragona,2018,2,0,0,2,1,0,1,0,2,0,0,0,0,1,0,0,0,0,0
430810,Maspujols,Tarragona,2019,4,0,0,4,3,0,1,0,4,0,0,0,0,1,0,0,0,0,0
430810,Maspujols,Tarragona,2020,2,0,0,2,2,0,0,0,2,0,0,0,0,0,0,0,0,0,0
430810,Maspujols,Tarragona,2021,1,0,0,1,1,0,0,0,1,0,0,0,0,0,0,0,0,0,0
430810,Maspujols,Tarragona,2023,1,1,0,0,0,0,1,0,1,0,0,0,0,1,0,0,0,0,0
430825,el Masroig,Tarragona,2011,7,0,0,7,5,0,2,0,7,2,0,0,0,0,0,0,0,0,0
430825,el Masroig,Tarragona,2012,2,0,0,2,2,0,0,0,2,0,0,0,0,0,0,0,0,0,0
430825,el Masroig,Tarragona,2013,6,6,0,0,0,0,6,0,6,0,0,0,1,1,0,4,0,0,0
430825,el Masroig,Tarragona,2014,1,0,0,1,0,1,0,0,1,0,0,0,0,0,0,0,0,0,0
430825,el Masroig,Tarragona,2015,4,0,0,4,2,2,0,0,4,0,0,0,0,0,0,0,0,0,0
430825,el Masroig,Tarragona,2016,6,1,0,5,2,2,2,0,6,1,0,0,0,0,0,1,0,0,0
430825,el Masroig,Tarragona,2017,4,0,0,4,1,1,2,0,4,2,0,0,0,0,0,0,0,0,0
430825,el Masroig,Tarragona,2018,2,0,0,2,0,0,2,0,2,2,0,0,0,0,0,0,0,0,0
430825,el Masroig,Tarragona,2019,27,23,4,0,0,0,27,0,27,1,0,23,3,0,0,0,0,0,0
430825,el Masroig,Tarragona,2020,10,5,5,0,0,0,10,0,10,0,0,9,1,0,0,0,0,0,0
430825,el Masroig,Tarragona,2021,9,8,1,0,0,1,8,0,9,0,0,6,1,0,1,0,0,0,0
430825,el Masroig,Tarragona,2022,3,3,0,0,0,0,3,0,3,0,0,3,0,0,0,0,0,0,0
430831,El Milà,Tarragona,2011,1,0,0,1,0,1,0,0,1,0,0,0,0,0,0,0,0,0,0
430831,El Milà,Tarragona,2012,0,0,0,0,0,0,0,0,0,0,0,0,0,0,0,0,0,0,0
430831,El Milà,Tarragona,2013,0,0,0,0,0,0,0,0,0,0,0,0,0,0,0,0,0,0,0
430831,El Milà,Tarragona,2014,1,0,1,0,0,0,1,0,1,0,0,0,1,0,0,0,0,0,0
430831,El Milà,Tarragona,2015,0,0,0,0,0,0,0,0,0,0,0,0,0,0,0,0,0,0,0
430831,El Milà,Tarragona,2016,0,0,0,0,0,0,0,0,0,0,0,0,0,0,0,0,0,0,0
430831,El Milà,Tarragona,2017,0,0,0,0,0,0,0,0,0,0,0,0,0,0,0,0,0,0,0
430831,El Milà,Tarragona,2018,0,0,0,0,0,0,0,0,0,0,0,0,0,0,0,0,0,0,0
430831,El Milà,Tarragona,2019,0,0,0,0,0,0,0,0,0,0,0,0,0,0,0,0,0,0,0
430831,El Milà,Tarragona,2020,0,0,0,0,0,0,0,0,0,0,0,0,0,0,0,0,0,0,0
430831,El Milà,Tarragona,2021,0,0,0,0,0,0,0,0,0,0,0,0,0,0,0,0,0,0,0
430831,El Milà,Tarragona,2022,2,0,2,0,0,0,2,0,2,0,0,0,0,2,0,0,0,0,0
430846,Miravet,Tarragona,2011,8,4,0,4,3,0,5,0,8,2,0,0,0,0,3,0,0,0,0
430846,Miravet,Tarragona,2012,3,0,0,3,2,0,1,0,3,1,0,0,0,0,0,0,0,0,0
430846,Miravet,Tarragona,2013,1,1,0,0,0,0,1,0,1,0,0,0,0,0,1,0,0,0,0
430846,Miravet,Tarragona,2014,1,0,0,1,1,0,0,0,1,0,0,0,0,0,0,0,0,0,0
430846,Miravet,Tarragona,2015,0,0,0,0,0,0,0,0,0,0,0,0,0,0,0,0,0,0,0
430846,Miravet,Tarragona,2016,0,0,0,0,0,0,0,0,0,0,0,0,0,0,0,0,0,0,0
430846,Miravet,Tarragona,2017,3,0,2,1,0,1,2,0,3,0,1,0,1,0,0,0,0,0,0
430846,Miravet,Tarragona,2018,4,0,4,0,0,0,4,0,4,0,2,0,2,0,0,0,0,0,0
430846,Miravet,Tarragona,2019,5,0,5,0,0,0,5,0,5,0,2,0,2,1,0,0,0,0,0
430846,Miravet,Tarragona,2020,2,0,1,1,0,0,2,0,2,0,1,0,0,1,0,0,0,0,0
430846,Miravet,Tarragona,2021,5,1,1,3,0,0,3,2,3,0,3,0,0,0,0,0,0,0,0
430846,Miravet,Tarragona,2022,3,2,0,1,0,1,2,0,3,0,0,1,1,0,0,0,0,0,0
430846,Miravet,Tarragona,2023,19,14,2,3,0,3,16,0,19,1,0,13,1,0,1,0,0,0,0
430859,El Molar,Tarragona,2011,1,0,1,0,0,0,1,0,1,0,0,1,0,0,0,0,0,0,0
430859,El Molar,Tarragona,2012,0,0,0,0,0,0,0,0,0,0,0,0,0,0,0,0,0,0,0
430859,El Molar,Tarragona,2013,0,0,0,0,0,0,0,0,0,0,0,0,0,0,0,0,0,0,0
430859,El Molar,Tarragona,2014,0,0,0,0,0,0,0,0,0,0,0,0,0,0,0,0,0,0,0
430859,El Molar,Tarragona,2015,0,0,0,0,0,0,0,0,0,0,0,0,0,0,0,0,0,0,0
430859,El Molar,Tarragona,2016,0,0,0,0,0,0,0,0,0,0,0,0,0,0,0,0,0,0,0
430859,El Molar,Tarragona,2017,0,0,0,0,0,0,0,0,0,0,0,0,0,0,0,0,0,0,0
430859,El Molar,Tarragona,2018,0,0,0,0,0,0,0,0,0,0,0,0,0,0,0,0,0,0,0
430859,El Molar,Tarragona,2019,0,0,0,0,0,0,0,0,0,0,0,0,0,0,0,0,0,0,0
430859,El Molar,Tarragona,2020,0,0,0,0,0,0,0,0,0,0,0,0,0,0,0,0,0,0,0
430859,El Molar,Tarragona,2021,0,0,0,0,0,0,0,0,0,0,0,0,0,0,0,0,0,0,0
430862,Montblanc,Tarragona,2011,48,15,1,32,23,10,15,0,48,6,1,2,1,4,1,0,0,0,0
430862,Montblanc,Tarragona,2012,32,1,0,31,12,12,8,0,32,2,2,1,3,0,0,0,0,0,0
430862,Montblanc,Tarragona,2013,16,1,1,14,6,7,3,0,16,0,0,2,0,1,0,0,0,0,0
430862,Montblanc,Tarragona,2014,10,2,1,7,5,2,3,0,10,1,0,0,0,2,0,0,0,0,0
430862,Montblanc,Tarragona,2015,9,0,2,7,7,0,2,0,9,0,0,0,0,2,0,0,0,0,0
430862,Montblanc,Tarragona,2016,8,1,0,7,7,0,1,0,8,0,0,1,0,0,0,0,0,0,0
430862,Montblanc,Tarragona,2017,18,3,3,12,7,4,7,0,18,1,0,1,1,4,0,0,0,0,0
430862,Montblanc,Tarragona,2018,21,11,6,4,3,3,15,0,21,2,3,5,1,3,0,1,0,0,0
430862,Montblanc,Tarragona,2019,57,25,12,20,14,4,39,0,57,6,10,8,3,11,0,1,0,0,0
430862,Montblanc,Tarragona,2020,27,8,4,15,10,3,14,0,27,6,1,7,0,0,0,0,0,0,0
430862,Montblanc,Tarragona,2021,49,34,6,9,4,4,11,30,19,3,0,1,0,7,0,0,0,0,0
430862,Montblanc,Tarragona,2022,58,45,5,8,1,1,50,6,52,6,5,22,7,8,2,0,0,0,0
430862,Montblanc,Tarragona,2023,36,24,4,8,2,0,30,4,32,4,1,13,0,11,1,0,0,0,0
430884,Montbrió del Camp,Tarragona,2011,8,0,2,6,0,2,3,3,5,1,0,0,0,2,0,0,0,0,0
430884,Montbrió del Camp,Tarragona,2012,11,3,0,8,0,4,5,2,9,1,0,0,1,3,0,0,0,0,0
430884,Montbrió del Camp,Tarragona,2013,8,2,0,6,3,2,3,0,8,2,0,0,0,1,0,0,0,0,0
430884,Montbrió del Camp,Tarragona,2014,5,3,1,1,0,1,3,1,4,0,0,0,0,3,0,0,0,0,0
430884,Montbrió del Camp,Tarragona,2015,10,0,4,6,6,3,1,0,10,1,0,0,0,0,0,0,0,0,0
430884,Montbrió del Camp,Tarragona,2016,6,2,1,3,2,1,2,1,5,0,0,2,0,0,0,0,0,0,0
430884,Montbrió del Camp,Tarragona,2017,20,5,3,12,11,2,6,1,19,0,0,1,0,5,0,0,0,0,0
430884,Montbrió del Camp,Tarragona,2018,14,1,2,11,9,3,2,0,14,0,0,0,0,2,0,0,0,0,0
430884,Montbrió del Camp,Tarragona,2019,15,1,6,8,7,3,5,0,15,0,3,0,0,2,0,0,0,0,0
430884,Montbrió del Camp,Tarragona,2020,3,1,2,0,0,2,1,0,3,0,1,0,0,0,0,0,0,0,0
430884,Montbrió del Camp,Tarragona,2021,3,1,1,1,0,0,0,3,0,0,0,0,0,0,0,0,0,0,0
430884,Montbrió del Camp,Tarragona,2022,16,2,5,9,0,0,14,2,14,2,3,0,0,9,0,0,0,0,0
430884,Montbrió del Camp,Tarragona,2023,10,2,6,2,0,0,10,0,10,0,2,0,0,8,0,0,0,0,0
430897,Montferri,Tarragona,2011,1,0,0,1,1,0,0,0,1,0,0,0,0,0,0,0,0,0,0
430897,Montferri,Tarragona,2012,1,0,0,1,0,0,1,0,1,0,0,0,0,0,1,0,0,0,0
430897,Montferri,Tarragona,2013,0,0,0,0,0,0,0,0,0,0,0,0,0,0,0,0,0,0,0
430897,Montferri,Tarragona,2014,0,0,0,0,0,0,0,0,0,0,0,0,0,0,0,0,0,0,0
430897,Montferri,Tarragona,2015,0,0,0,0,0,0,0,0,0,0,0,0,0,0,0,0,0,0,0
430897,Montferri,Tarragona,2016,0,0,0,0,0,0,0,0,0,0,0,0,0,0,0,0,0,0,0
430897,Montferri,Tarragona,2017,0,0,0,0,0,0,0,0,0,0,0,0,0,0,0,0,0,0,0
430897,Montferri,Tarragona,2018,0,0,0,0,0,0,0,0,0,0,0,0,0,0,0,0,0,0,0
430897,Montferri,Tarragona,2019,0,0,0,0,0,0,0,0,0,0,0,0,0,0,0,0,0,0,0
430897,Montferri,Tarragona,2020,1,1,0,0,0,0,1,0,1,0,0,0,0,1,0,0,0,0,0
430897,Montferri,Tarragona,2021,4,0,2,2,0,0,2,2,2,0,0,0,0,2,0,0,0,0,0
430901,El Montmell,Tarragona,2011,3,1,1,1,1,1,1,0,3,0,0,0,0,1,0,0,0,0,0
430901,El Montmell,Tarragona,2012,1,1,0,0,0,0,1,0,1,0,0,0,0,1,0,0,0,0,0
430901,El Montmell,Tarragona,2013,0,0,0,0,0,0,0,0,0,0,0,0,0,0,0,0,0,0,0
430901,El Montmell,Tarragona,2014,1,0,0,1,1,0,0,0,1,0,0,0,0,0,0,0,0,0,0
430901,El Montmell,Tarragona,2015,0,0,0,0,0,0,0,0,0,0,0,0,0,0,0,0,0,0,0
430901,El Montmell,Tarragona,2016,2,2,0,0,0,0,2,0,2,2,0,0,0,0,0,0,0,0,0
430901,El Montmell,Tarragona,2017,0,0,0,0,0,0,0,0,0,0,0,0,0,0,0,0,0,0,0
430901,El Montmell,Tarragona,2018,1,0,0,1,0,0,1,0,1,1,0,0,0,0,0,0,0,0,0
430901,El Montmell,Tarragona,2019,2,0,0,2,0,0,2,0,2,2,0,0,0,0,0,0,0,0,0
430901,El Montmell,Tarragona,2020,4,0,1,3,0,0,4,0,4,4,0,0,0,0,0,0,0,0,0
430901,El Montmell,Tarragona,2021,0,0,0,0,0,0,0,0,0,0,0,0,0,0,0,0,0,0,0
430923,Mont-roig del Camp,Tarragona,2011,97,30,37,30,20,23,51,3,94,16,3,6,0,26,0,0,0,0,0
430923,Mont-roig del Camp,Tarragona,2012,63,19,27,17,8,16,37,2,61,15,4,0,4,14,0,0,0,0,0
430923,Mont-roig del Camp,Tarragona,2013,54,12,22,20,5,13,36,0,54,7,3,2,2,21,1,0,0,0,0
430923,Mont-roig del Camp,Tarragona,2014,44,10,16,18,6,16,22,0,44,3,0,1,1,15,2,0,0,0,0
430923,Mont-roig del Camp,Tarragona,2015,43,8,18,17,8,17,18,0,43,3,2,3,1,8,1,0,0,0,0
430923,Mont-roig del Camp,Tarragona,2016,51,8,17,26,6,21,23,1,50,5,4,8,0,4,2,0,0,0,0
430923,Mont-roig del Camp,Tarragona,2017,42,5,9,28,9,15,18,0,42,5,3,4,0,4,2,0,0,0,0
430923,Mont-roig del Camp,Tarragona,2018,75,45,5,25,10,14,51,0,75,1,3,39,2,4,2,0,0,0,0
430923,Mont-roig del Camp,Tarragona,2019,64,24,18,22,9,17,38,0,64,5,1,14,0,16,1,1,0,0,0
430923,Mont-roig del Camp,Tarragona,2020,61,12,42,7,0,14,47,0,61,12,2,13,4,16,0,0,0,0,0
430923,Mont-roig del Camp,Tarragona,2021,79,26,39,14,2,10,60,7,72,18,2,15,1,24,0,0,0,0,0
430923,Mont-roig del Camp,Tarragona,2022,113,69,30,14,5,21,87,0,113,8,13,26,2,38,0,0,0,0,0
430923,Mont-roig del Camp,Tarragona,2023,128,39,58,31,17,31,80,0,128,16,8,9,3,44,0,0,0,0,0
430939,Móra d'Ebre,Tarragona,2011,63,10,4,49,36,9,18,0,63,6,1,2,0,9,0,0,0,0,0
430939,Móra d'Ebre,Tarragona,2012,35,0,14,21,12,8,15,0,35,4,4,3,0,4,0,0,0,0,0
430939,Móra d'Ebre,Tarragona,2013,59,47,0,12,14,14,31,0,59,10,1,9,1,10,0,0,0,0,0
430939,Móra d'Ebre,Tarragona,2014,41,13,16,12,12,5,24,0,41,5,1,4,1,13,0,0,0,0,0
430939,Móra d'Ebre,Tarragona,2015,39,2,12,25,17,7,15,0,39,2,2,1,0,10,0,0,0,0,0
430939,Móra d'Ebre,Tarragona,2016,43,9,0,34,20,6,17,0,43,3,3,5,0,6,0,0,0,0,0
430939,Móra d'Ebre,Tarragona,2017,36,0,13,23,17,2,17,0,36,3,2,7,0,5,0,0,0,0,0
430939,Móra d'Ebre,Tarragona,2018,32,4,9,19,14,3,15,0,32,5,2,4,0,3,1,0,0,0,0
430939,Móra d'Ebre,Tarragona,2019,40,16,8,16,12,3,25,0,40,3,4,13,1,4,0,0,0,0,0
430939,Móra d'Ebre,Tarragona,2020,39,34,1,4,3,1,35,0,39,1,3,18,6,5,2,0,0,0,0
430939,Móra d'Ebre,Tarragona,2021,15,3,1,11,7,0,8,0,15,5,2,1,0,0,0,0,0,0,0
430939,Móra d'Ebre,Tarragona,2022,60,42,3,15,12,1,47,0,60,5,8,18,11,3,2,0,0,0,0
430939,Móra d'Ebre,Tarragona,2023,66,42,6,18,12,3,51,0,66,5,0,34,2,10,0,0,0,0,0
430944,Móra la Nova,Tarragona,2011,27,10,1,16,7,10,10,0,27,7,0,0,0,3,0,0,0,0,0
430944,Móra la Nova,Tarragona,2012,19,0,5,14,4,7,8,0,19,3,0,0,0,5,0,0,0,0,0
430944,Móra la Nova,Tarragona,2013,22,11,2,9,6,4,12,0,22,3,0,0,0,5,4,0,0,0,0
430944,Móra la Nova,Tarragona,2014,8,2,4,2,2,1,5,0,8,0,2,0,0,2,1,0,0,0,0
430944,Móra la Nova,Tarragona,2015,15,2,6,7,3,4,8,0,15,0,6,0,0,0,2,0,0,0,0
430944,Móra la Nova,Tarragona,2016,17,1,0,16,6,4,7,0,17,1,5,1,0,0,0,0,0,0,0
430944,Móra la Nova,Tarragona,2017,21,0,2,19,13,3,5,0,21,1,1,2,0,0,1,0,0,0,0
430944,Móra la Nova,Tarragona,2018,37,19,4,14,11,2,24,0,37,1,0,20,0,3,0,0,0,0,0
430944,Móra la Nova,Tarragona,2019,6,2,2,2,2,0,4,0,6,0,0,1,1,2,0,0,0,0,0
430944,Móra la Nova,Tarragona,2020,1,0,0,1,1,0,0,0,1,0,0,0,0,0,0,0,0,0,0
430944,Móra la Nova,Tarragona,2021,1,0,1,0,0,0,0,1,0,0,0,0,0,0,0,0,0,0,0
430944,Móra la Nova,Tarragona,2022,3,2,0,1,1,0,2,0,3,0,0,2,0,0,0,0,0,0,0
430944,Móra la Nova,Tarragona,2023,6,5,0,1,1,0,5,0,6,0,0,1,0,4,0,0,0,0,0
430957,el Morell,Tarragona,2011,17,3,2,12,4,6,7,0,17,2,1,1,0,3,0,0,0,0,0
430957,el Morell,Tarragona,2012,10,1,2,7,3,4,3,0,10,0,1,0,0,2,0,0,0,0,0
430957,el Morell,Tarragona,2013,7,2,2,3,0,1,6,0,7,0,0,0,0,4,2,0,0,0,0
430957,el Morell,Tarragona,2014,0,0,0,0,0,0,0,0,0,0,0,0,0,0,0,0,0,0,0
430957,el Morell,Tarragona,2015,1,0,0,1,1,0,0,0,1,0,0,0,0,0,0,0,0,0,0
430957,el Morell,Tarragona,2016,7,2,4,1,0,1,6,0,7,0,0,2,0,3,1,0,0,0,0
430957,el Morell,Tarragona,2017,18,6,9,3,0,2,16,0,18,0,5,0,0,10,1,0,0,0,0
430957,el Morell,Tarragona,2018,27,3,14,10,7,6,14,0,27,0,4,1,0,8,1,0,0,0,0
430957,el Morell,Tarragona,2019,16,2,2,12,3,2,11,0,16,0,3,2,0,6,0,0,0,0,0
430957,el Morell,Tarragona,2020,14,1,3,10,0,2,11,1,13,0,1,2,0,8,0,0,0,0,0
430957,el Morell,Tarragona,2021,11,2,1,8,0,2,7,2,9,0,0,0,0,7,0,0,0,0,0
430957,el Morell,Tarragona,2022,7,2,2,3,0,2,4,1,6,0,1,0,0,3,0,0,0,0,0
430957,el Morell,Tarragona,2023,16,1,5,10,3,6,5,2,14,0,2,0,0,3,0,0,0,0,0
430976,La Nou de Gaià,Tarragona,2011,0,0,0,0,0,0,0,0,0,0,0,0,0,0,0,0,0,0,0
430976,La Nou de Gaià,Tarragona,2012,1,1,0,0,0,1,0,0,1,0,0,0,0,0,0,0,0,0,0
430976,La Nou de Gaià,Tarragona,2013,1,0,1,0,0,0,1,0,1,1,0,0,0,0,0,0,0,0,0
430976,La Nou de Gaià,Tarragona,2014,2,0,2,0,0,0,2,0,2,2,0,0,0,0,0,0,0,0,0
430976,La Nou de Gaià,Tarragona,2015,0,0,0,0,0,0,0,0,0,0,0,0,0,0,0,0,0,0,0
430976,La Nou de Gaià,Tarragona,2016,0,0,0,0,0,0,0,0,0,0,0,0,0,0,0,0,0,0,0
430976,La Nou de Gaià,Tarragona,2017,0,0,0,0,0,0,0,0,0,0,0,0,0,0,0,0,0,0,0
430976,La Nou de Gaià,Tarragona,2018,0,0,0,0,0,0,0,0,0,0,0,0,0,0,0,0,0,0,0
430976,La Nou de Gaià,Tarragona,2019,0,0,0,0,0,0,0,0,0,0,0,0,0,0,0,0,0,0,0
430976,La Nou de Gaià,Tarragona,2020,0,0,0,0,0,0,0,0,0,0,0,0,0,0,0,0,0,0,0
430976,La Nou de Gaià,Tarragona,2021,0,0,0,0,0,0,0,0,0,0,0,0,0,0,0,0,0,0,0
430976,La Nou de Gaià,Tarragona,2022,2,1,1,0,1,0,1,0,2,0,1,0,0,0,0,0,0,0,0
430976,La Nou de Gaià,Tarragona,2023,2,1,1,0,1,0,1,0,2,1,0,0,0,0,0,0,0,0,0
430982,Nulles,Tarragona,2011,1,0,0,1,0,1,0,0,1,0,0,0,0,0,0,0,0,0,0
430982,Nulles,Tarragona,2012,2,1,1,0,0,1,1,0,2,0,0,0,0,1,0,0,0,0,0
430982,Nulles,Tarragona,2013,3,0,1,2,1,0,2,0,3,1,0,0,0,1,0,0,0,0,0
430982,Nulles,Tarragona,2014,4,0,2,2,0,0,4,0,4,4,0,0,0,0,0,0,0,0,0
430982,Nulles,Tarragona,2015,2,0,0,2,0,0,2,0,2,2,0,0,0,0,0,0,0,0,0
430982,Nulles,Tarragona,2016,1,0,0,1,0,0,1,0,1,1,0,0,0,0,0,0,0,0,0
430982,Nulles,Tarragona,2017,4,0,0,4,1,0,3,0,4,3,0,0,0,0,0,0,0,0,0
430982,Nulles,Tarragona,2018,1,0,0,1,1,0,0,0,1,0,0,0,0,0,0,0,0,0,0
430982,Nulles,Tarragona,2019,2,1,1,0,0,0,2,0,2,0,0,0,0,2,0,0,0,0,0
430982,Nulles,Tarragona,2020,0,0,0,0,0,0,0,0,0,0,0,0,0,0,0,0,0,0,0
430982,Nulles,Tarragona,2021,3,2,1,0,0,0,0,3,0,0,0,0,0,0,0,0,0,0,0
430982,Nulles,Tarragona,2023,5,2,1,2,2,0,3,0,5,0,0,0,0,3,0,0,0,0,0
430995,La Palma d'Ebre,Tarragona,2011,0,0,0,0,0,0,0,0,0,0,0,0,0,0,0,0,0,0,0
430995,La Palma d'Ebre,Tarragona,2012,0,0,0,0,0,0,0,0,0,0,0,0,0,0,0,0,0,0,0
430995,La Palma d'Ebre,Tarragona,2013,0,0,0,0,0,0,0,0,0,0,0,0,0,0,0,0,0,0,0
430995,La Palma d'Ebre,Tarragona,2014,0,0,0,0,0,0,0,0,0,0,0,0,0,0,0,0,0,0,0
430995,La Palma d'Ebre,Tarragona,2015,0,0,0,0,0,0,0,0,0,0,0,0,0,0,0,0,0,0,0
430995,La Palma d'Ebre,Tarragona,2016,0,0,0,0,0,0,0,0,0,0,0,0,0,0,0,0,0,0,0
430995,La Palma d'Ebre,Tarragona,2017,3,0,1,2,2,0,1,0,3,0,0,1,0,0,0,0,0,0,0
430995,La Palma d'Ebre,Tarragona,2018,0,0,0,0,0,0,0,0,0,0,0,0,0,0,0,0,0,0,0
430995,La Palma d'Ebre,Tarragona,2019,0,0,0,0,0,0,0,0,0,0,0,0,0,0,0,0,0,0,0
430995,La Palma d'Ebre,Tarragona,2020,0,0,0,0,0,0,0,0,0,0,0,0,0,0,0,0,0,0,0
430995,La Palma d'Ebre,Tarragona,2021,0,0,0,0,0,0,0,0,0,0,0,0,0,0,0,0,0,0,0
430995,La Palma d'Ebre,Tarragona,2022,1,1,0,0,0,0,1,0,1,0,0,0,0,1,0,0,0,0,0
430995,La Palma d'Ebre,Tarragona,2023,22,22,0,0,4,0,18,0,22,0,2,3,2,11,0,0,0,0,0
431009,els Pallaresos,Tarragona,2011,30,2,3,25,13,14,2,1,29,0,0,2,0,0,0,0,0,0,0
431009,els Pallaresos,Tarragona,2012,29,2,4,23,10,13,5,1,28,0,0,2,0,3,0,0,0,0,0
431009,els Pallaresos,Tarragona,2013,15,1,2,12,5,8,2,0,15,0,0,0,0,2,0,0,0,0,0
431009,els Pallaresos,Tarragona,2014,10,0,5,5,2,6,2,0,10,1,0,0,0,1,0,0,0,0,0
431009,els Pallaresos,Tarragona,2015,17,1,3,13,4,4,9,0,17,3,0,0,1,5,0,0,0,0,0
431009,els Pallaresos,Tarragona,2016,8,0,2,6,3,3,2,0,8,1,0,0,0,1,0,0,0,0,0
431009,els Pallaresos,Tarragona,2017,8,0,3,5,3,4,1,0,8,1,0,0,0,0,0,0,0,0,0
431009,els Pallaresos,Tarragona,2018,20,5,1,14,5,6,9,0,20,3,0,0,0,6,0,0,0,0,0
431009,els Pallaresos,Tarragona,2019,23,2,5,16,10,8,5,0,23,2,0,0,0,3,0,0,0,0,0
431009,els Pallaresos,Tarragona,2020,11,1,3,7,7,2,2,0,11,0,0,0,0,2,0,0,0,0,0
431009,els Pallaresos,Tarragona,2021,7,0,0,7,6,0,0,1,6,0,0,0,0,0,0,0,0,0,0
431009,els Pallaresos,Tarragona,2022,6,1,0,5,5,0,1,0,6,0,0,0,0,1,0,0,0,0,0
431009,els Pallaresos,Tarragona,2023,6,1,2,3,2,2,2,0,6,0,0,0,0,2,0,0,0,0,0
431016,Passanant i Belltall,Tarragona,2011,1,0,0,1,1,0,0,0,1,0,0,0,0,0,0,0,0,0,0
431016,Passanant i Belltall,Tarragona,2012,0,0,0,0,0,0,0,0,0,0,0,0,0,0,0,0,0,0,0
431016,Passanant i Belltall,Tarragona,2013,0,0,0,0,0,0,0,0,0,0,0,0,0,0,0,0,0,0,0
431016,Passanant i Belltall,Tarragona,2014,0,0,0,0,0,0,0,0,0,0,0,0,0,0,0,0,0,0,0
431016,Passanant i Belltall,Tarragona,2015,0,0,0,0,0,0,0,0,0,0,0,0,0,0,0,0,0,0,0
431016,Passanant i Belltall,Tarragona,2016,0,0,0,0,0,0,0,0,0,0,0,0,0,0,0,0,0,0,0
431016,Passanant i Belltall,Tarragona,2017,0,0,0,0,0,0,0,0,0,0,0,0,0,0,0,0,0,0,0
431016,Passanant i Belltall,Tarragona,2018,0,0,0,0,0,0,0,0,0,0,0,0,0,0,0,0,0,0,0
431016,Passanant i Belltall,Tarragona,2019,0,0,0,0,0,0,0,0,0,0,0,0,0,0,0,0,0,0,0
431016,Passanant i Belltall,Tarragona,2020,0,0,0,0,0,0,0,0,0,0,0,0,0,0,0,0,0,0,0
431016,Passanant i Belltall,Tarragona,2021,0,0,0,0,0,0,0,0,0,0,0,0,0,0,0,0,0,0,0
431021,Paüls,Tarragona,2011,1,0,0,1,1,0,0,0,1,0,0,0,0,0,0,0,0,0,0
431021,Paüls,Tarragona,2012,1,1,0,0,0,0,1,0,1,0,0,0,0,1,0,0,0,0,0
431021,Paüls,Tarragona,2013,0,0,0,0,0,0,0,0,0,0,0,0,0,0,0,0,0,0,0
431021,Paüls,Tarragona,2014,1,1,0,0,0,0,1,0,1,0,1,0,0,0,0,0,0,0,0
431021,Paüls,Tarragona,2015,1,1,0,0,0,0,1,0,1,0,0,0,1,0,0,0,0,0,0
431021,Paüls,Tarragona,2016,3,2,0,1,1,0,2,0,3,0,1,0,1,0,0,0,0,0,0
431021,Paüls,Tarragona,2017,0,0,0,0,0,0,0,0,0,0,0,0,0,0,0,0,0,0,0
431021,Paüls,Tarragona,2018,0,0,0,0,0,0,0,0,0,0,0,0,0,0,0,0,0,0,0
431021,Paüls,Tarragona,2019,0,0,0,0,0,0,0,0,0,0,0,0,0,0,0,0,0,0,0
431021,Paüls,Tarragona,2020,0,0,0,0,0,0,0,0,0,0,0,0,0,0,0,0,0,0,0
431021,Paüls,Tarragona,2021,0,0,0,0,0,0,0,0,0,0,0,0,0,0,0,0,0,0,0
431021,Paüls,Tarragona,2022,1,1,0,0,0,1,0,0,1,0,0,0,0,0,0,0,0,0,0
431021,Paüls,Tarragona,2023,3,0,3,0,0,3,0,0,3,0,0,0,0,0,0,0,0,0,0
431037,Perafort,Tarragona,2011,2,0,0,2,2,0,0,0,2,0,0,0,0,0,0,0,0,0,0
431037,Perafort,Tarragona,2012,4,0,0,4,2,2,0,0,4,0,0,0,0,0,0,0,0,0,0
431037,Perafort,Tarragona,2013,8,3,1,4,2,2,4,0,8,0,0,0,0,4,0,0,0,0,0
431037,Perafort,Tarragona,2014,7,0,2,5,0,4,3,0,7,0,0,0,0,3,0,0,0,0,0
431037,Perafort,Tarragona,2015,9,1,0,8,2,4,3,0,9,0,0,0,0,3,0,0,0,0,0
431037,Perafort,Tarragona,2016,8,0,3,5,2,1,5,0,8,0,0,0,0,5,0,0,0,0,0
431037,Perafort,Tarragona,2017,7,0,2,5,3,2,2,0,7,0,0,0,0,2,0,0,0,0,0
431037,Perafort,Tarragona,2018,4,0,0,4,4,0,0,0,4,0,0,0,0,0,0,0,0,0,0
431037,Perafort,Tarragona,2019,3,0,0,3,2,1,0,0,3,0,0,0,0,0,0,0,0,0,0
431037,Perafort,Tarragona,2020,1,0,0,1,0,1,0,0,1,0,0,0,0,0,0,0,0,0,0
431037,Perafort,Tarragona,2021,33,27,2,4,0,0,7,26,7,0,0,3,1,1,2,0,0,0,0
431037,Perafort,Tarragona,2022,91,54,19,18,0,0,19,72,19,0,2,9,3,3,2,0,0,0,0
431037,Perafort,Tarragona,2023,38,14,17,7,4,11,9,14,24,0,0,0,0,8,1,0,0,0,0
431042,el Perelló,Tarragona,2011,6,0,1,5,1,0,3,2,4,1,0,0,0,2,0,0,0,0,0
431042,el Perelló,Tarragona,2012,5,5,0,0,0,0,5,0,5,0,0,2,1,0,2,0,0,0,0
431042,el Perelló,Tarragona,2013,2,2,0,0,0,0,2,0,2,0,0,0,1,0,1,0,0,0,0
431042,el Perelló,Tarragona,2014,0,0,0,0,0,0,0,0,0,0,0,0,0,0,0,0,0,0,0
431042,el Perelló,Tarragona,2015,3,1,2,0,0,0,3,0,3,0,0,1,0,2,0,0,0,0,0
431042,el Perelló,Tarragona,2016,3,0,2,1,0,0,3,0,3,0,0,0,0,3,0,0,0,0,0
431042,el Perelló,Tarragona,2017,11,5,2,4,2,0,9,0,11,4,0,4,0,1,0,0,0,0,0
431042,el Perelló,Tarragona,2018,3,1,1,1,0,0,3,0,3,2,0,0,0,1,0,0,0,0,0
431042,el Perelló,Tarragona,2019,12,8,0,4,4,0,8,0,12,1,0,5,1,1,0,0,0,0,0
431042,el Perelló,Tarragona,2020,9,3,0,6,6,0,3,0,9,2,0,1,0,0,0,0,0,0,0
431042,el Perelló,Tarragona,2021,0,0,0,0,0,0,0,0,0,0,0,0,0,0,0,0,0,0,0
431042,el Perelló,Tarragona,2022,1,0,0,1,1,0,0,0,1,0,0,0,0,0,0,0,0,0,0
431042,el Perelló,Tarragona,2023,7,3,0,4,2,0,5,0,7,2,0,0,0,3,0,0,0,0,0
431055,Les Piles,Tarragona,2011,0,0,0,0,0,0,0,0,0,0,0,0,0,0,0,0,0,0,0
431055,Les Piles,Tarragona,2012,0,0,0,0,0,0,0,0,0,0,0,0,0,0,0,0,0,0,0
431055,Les Piles,Tarragona,2013,0,0,0,0,0,0,0,0,0,0,0,0,0,0,0,0,0,0,0
431055,Les Piles,Tarragona,2014,1,1,0,0,0,0,1,0,1,0,1,0,0,0,0,0,0,0,0
431055,Les Piles,Tarragona,2015,2,0,2,0,0,0,2,0,2,0,2,0,0,0,0,0,0,0,0
431055,Les Piles,Tarragona,2016,1,0,1,0,0,0,1,0,1,0,1,0,0,0,0,0,0,0,0
431055,Les Piles,Tarragona,2017,2,0,0,2,0,0,2,0,2,0,2,0,0,0,0,0,0,0,0
431055,Les Piles,Tarragona,2018,0,0,0,0,0,0,0,0,0,0,0,0,0,0,0,0,0,0,0
431055,Les Piles,Tarragona,2019,1,0,1,0,1,0,0,0,1,0,0,0,0,0,0,0,0,0,0
431055,Les Piles,Tarragona,2020,0,0,0,0,0,0,0,0,0,0,0,0,0,0,0,0,0,0,0
431055,Les Piles,Tarragona,2021,0,0,0,0,0,0,0,0,0,0,0,0,0,0,0,0,0,0,0
431068,el Pinell de Brai,Tarragona,2011,4,3,0,1,1,0,0,3,1,0,0,0,0,0,0,0,0,0,0
431068,el Pinell de Brai,Tarragona,2012,6,2,0,4,4,0,2,0,6,2,0,0,0,0,0,0,0,0,0
431068,el Pinell de Brai,Tarragona,2013,29,27,0,2,24,3,2,0,29,0,0,0,0,2,0,0,0,0,0
431068,el Pinell de Brai,Tarragona,2014,0,0,0,0,0,0,0,0,0,0,0,0,0,0,0,0,0,0,0
431068,el Pinell de Brai,Tarragona,2015,7,5,0,2,2,0,5,0,7,5,0,0,0,0,0,0,0,0,0
431068,el Pinell de Brai,Tarragona,2016,12,4,5,3,3,0,9,0,12,9,0,0,0,0,0,0,0,0,0
431068,el Pinell de Brai,Tarragona,2017,5,1,3,1,0,0,5,0,5,5,0,0,0,0,0,0,0,0,0
431068,el Pinell de Brai,Tarragona,2018,8,2,0,6,2,0,6,0,8,6,0,0,0,0,0,0,0,0,0
431068,el Pinell de Brai,Tarragona,2019,9,1,4,4,1,0,8,0,9,8,0,0,0,0,0,0,0,0,0
431068,el Pinell de Brai,Tarragona,2020,4,1,0,3,2,0,2,0,4,1,0,0,0,1,0,0,0,0,0
431068,el Pinell de Brai,Tarragona,2021,1,1,0,0,0,0,1,0,1,0,0,0,0,1,0,0,0,0,0
431068,el Pinell de Brai,Tarragona,2022,1,0,1,0,1,0,0,0,1,0,0,0,0,0,0,0,0,0,0
431068,el Pinell de Brai,Tarragona,2023,3,1,0,2,0,0,3,0,3,2,0,0,1,0,0,0,0,0,0
431074,Pira,Tarragona,2011,2,0,0,2,0,1,1,0,2,0,0,0,1,0,0,0,0,0,0
431074,Pira,Tarragona,2012,0,0,0,0,0,0,0,0,0,0,0,0,0,0,0,0,0,0,0
431074,Pira,Tarragona,2013,0,0,0,0,0,0,0,0,0,0,0,0,0,0,0,0,0,0,0
431074,Pira,Tarragona,2014,0,0,0,0,0,0,0,0,0,0,0,0,0,0,0,0,0,0,0
431074,Pira,Tarragona,2015,1,0,0,1,1,0,0,0,1,0,0,0,0,0,0,0,0,0,0
431074,Pira,Tarragona,2016,1,0,0,1,1,0,0,0,1,0,0,0,0,0,0,0,0,0,0
431074,Pira,Tarragona,2017,0,0,0,0,0,0,0,0,0,0,0,0,0,0,0,0,0,0,0
431074,Pira,Tarragona,2018,1,0,1,0,1,0,0,0,1,0,0,0,0,0,0,0,0,0,0
431074,Pira,Tarragona,2019,2,0,0,2,2,0,0,0,2,0,0,0,0,0,0,0,0,0,0
431074,Pira,Tarragona,2020,0,0,0,0,0,0,0,0,0,0,0,0,0,0,0,0,0,0,0
431074,Pira,Tarragona,2021,0,0,0,0,0,0,0,0,0,0,0,0,0,0,0,0,0,0,0
431080,el Pla de Santa Maria,Tarragona,2011,6,2,3,1,2,1,3,0,6,1,0,0,1,1,0,0,0,0,0
431080,el Pla de Santa Maria,Tarragona,2012,6,1,2,3,4,0,2,0,6,0,0,0,1,1,0,0,0,0,0
431080,el Pla de Santa Maria,Tarragona,2013,5,2,1,2,1,0,4,0,5,0,1,0,1,2,0,0,0,0,0
431080,el Pla de Santa Maria,Tarragona,2014,5,0,4,1,0,0,5,0,5,0,0,0,3,2,0,0,0,0,0
431080,el Pla de Santa Maria,Tarragona,2015,5,1,0,4,2,0,3,0,5,1,0,0,0,2,0,0,0,0,0
431080,el Pla de Santa Maria,Tarragona,2016,7,1,2,4,4,0,3,0,7,3,0,0,0,0,0,0,0,0,0
431080,el Pla de Santa Maria,Tarragona,2017,6,3,0,3,3,0,3,0,6,1,0,2,0,0,0,0,0,0,0
431080,el Pla de Santa Maria,Tarragona,2018,21,18,0,3,3,0,18,0,21,0,0,18,0,0,0,0,0,0,0
431080,el Pla de Santa Maria,Tarragona,2019,63,49,5,9,6,5,52,0,63,0,2,42,1,6,1,0,0,0,0
431080,el Pla de Santa Maria,Tarragona,2020,18,12,3,3,1,0,17,0,18,0,0,12,0,5,0,0,0,0,0
431080,el Pla de Santa Maria,Tarragona,2021,11,4,6,1,0,3,5,3,8,0,0,2,0,3,0,0,0,0,0
431080,el Pla de Santa Maria,Tarragona,2022,10,6,3,1,1,2,7,0,10,0,0,2,0,5,0,0,0,0,0
431080,el Pla de Santa Maria,Tarragona,2023,6,0,3,3,0,0,6,0,6,0,0,0,0,6,0,0,0,0,0
431093,la Pobla de Mafumet,Tarragona,2011,19,2,6,11,7,2,10,0,19,2,0,2,0,4,2,0,0,0,0
431093,la Pobla de Mafumet,Tarragona,2012,20,2,5,13,8,5,7,0,20,1,0,2,0,2,2,0,0,0,0
431093,la Pobla de Mafumet,Tarragona,2013,9,0,3,6,3,2,4,0,9,2,0,1,0,1,0,0,0,0,0
431093,la Pobla de Mafumet,Tarragona,2014,10,0,6,4,1,0,9,0,10,7,0,0,0,2,0,0,0,0,0
431093,la Pobla de Mafumet,Tarragona,2015,9,3,2,4,2,0,7,0,9,4,0,1,0,2,0,0,0,0,0
431093,la Pobla de Mafumet,Tarragona,2016,4,1,1,2,0,1,3,0,4,0,0,0,0,3,0,0,0,0,0
431093,la Pobla de Mafumet,Tarragona,2017,6,1,1,4,1,2,3,0,6,0,0,0,0,3,0,0,0,0,0
431093,la Pobla de Mafumet,Tarragona,2018,20,7,6,7,4,5,11,0,20,1,0,0,0,10,0,0,0,0,0
431093,la Pobla de Mafumet,Tarragona,2019,8,1,2,5,2,3,3,0,8,0,0,0,0,3,0,0,0,0,0
431093,la Pobla de Mafumet,Tarragona,2020,9,0,3,6,4,3,2,0,9,0,0,0,0,2,0,0,0,0,0
431093,la Pobla de Mafumet,Tarragona,2021,26,8,7,11,5,1,12,8,18,3,0,3,0,6,0,0,0,0,0
431093,la Pobla de Mafumet,Tarragona,2022,21,10,6,5,2,1,11,7,14,0,1,5,0,5,0,0,0,0,0
431093,la Pobla de Mafumet,Tarragona,2023,39,15,16,8,10,7,21,1,38,1,0,3,0,17,0,0,0,0,0
431107,la Pobla de Massaluca,Tarragona,2011,3,0,0,3,3,0,0,0,3,0,0,0,0,0,0,0,0,0,0
431107,la Pobla de Massaluca,Tarragona,2012,1,0,0,1,1,0,0,0,1,0,0,0,0,0,0,0,0,0,0
431107,la Pobla de Massaluca,Tarragona,2013,22,22,0,0,14,4,4,0,22,0,0,0,0,4,0,0,0,0,0
431107,la Pobla de Massaluca,Tarragona,2014,0,0,0,0,0,0,0,0,0,0,0,0,0,0,0,0,0,0,0
431107,la Pobla de Massaluca,Tarragona,2015,0,0,0,0,0,0,0,0,0,0,0,0,0,0,0,0,0,0,0
431107,la Pobla de Massaluca,Tarragona,2016,0,0,0,0,0,0,0,0,0,0,0,0,0,0,0,0,0,0,0
431107,la Pobla de Massaluca,Tarragona,2017,0,0,0,0,0,0,0,0,0,0,0,0,0,0,0,0,0,0,0
431107,la Pobla de Massaluca,Tarragona,2018,1,1,0,0,0,0,1,0,1,0,0,0,0,1,0,0,0,0,0
431107,la Pobla de Massaluca,Tarragona,2019,0,0,0,0,0,0,0,0,0,0,0,0,0,0,0,0,0,0,0
431107,la Pobla de Massaluca,Tarragona,2020,1,1,0,0,0,0,1,0,1,0,0,0,0,1,0,0,0,0,0
431107,la Pobla de Massaluca,Tarragona,2021,3,1,2,0,0,0,3,0,3,0,0,0,0,3,0,0,0,0,0
431114,la Pobla de Montornès,Tarragona,2011,10,0,2,8,3,2,5,0,10,0,0,0,0,5,0,0,0,0,0
431114,la Pobla de Montornès,Tarragona,2012,6,0,3,3,1,2,3,0,6,0,0,0,0,3,0,0,0,0,0
431114,la Pobla de Montornès,Tarragona,2013,4,0,2,2,0,3,1,0,4,0,0,0,0,1,0,0,0,0,0
431114,la Pobla de Montornès,Tarragona,2014,2,0,0,2,0,0,2,0,2,0,0,0,0,2,0,0,0,0,0
431114,la Pobla de Montornès,Tarragona,2015,2,0,0,2,1,0,1,0,2,0,0,0,0,1,0,0,0,0,0
431114,la Pobla de Montornès,Tarragona,2016,6,0,1,5,5,0,1,0,6,0,1,0,0,0,0,0,0,0,0
431114,la Pobla de Montornès,Tarragona,2017,7,1,3,3,3,3,1,0,7,0,1,0,0,0,0,0,0,0,0
431114,la Pobla de Montornès,Tarragona,2018,3,1,2,0,0,1,2,0,3,2,0,0,0,0,0,0,0,0,0
431114,la Pobla de Montornès,Tarragona,2019,6,1,4,1,0,1,5,0,6,3,0,0,0,2,0,0,0,0,0
431114,la Pobla de Montornès,Tarragona,2020,8,3,4,1,0,1,5,2,6,1,0,0,0,4,0,0,0,0,0
431114,la Pobla de Montornès,Tarragona,2021,14,3,6,5,0,2,7,5,9,2,0,0,0,5,0,0,0,0,0
431114,la Pobla de Montornès,Tarragona,2022,6,1,2,3,0,2,3,1,5,0,0,0,0,3,0,0,0,0,0
431114,la Pobla de Montornès,Tarragona,2023,16,2,7,7,2,2,12,0,16,0,0,0,0,12,0,0,0,0,0
431129,Poboleda,Tarragona,2011,0,0,0,0,0,0,0,0,0,0,0,0,0,0,0,0,0,0,0
431129,Poboleda,Tarragona,2012,0,0,0,0,0,0,0,0,0,0,0,0,0,0,0,0,0,0,0
431129,Poboleda,Tarragona,2013,1,0,0,1,1,0,0,0,1,0,0,0,0,0,0,0,0,0,0
431129,Poboleda,Tarragona,2014,0,0,0,0,0,0,0,0,0,0,0,0,0,0,0,0,0,0,0
431129,Poboleda,Tarragona,2015,0,0,0,0,0,0,0,0,0,0,0,0,0,0,0,0,0,0,0
431129,Poboleda,Tarragona,2016,1,1,0,0,0,0,1,0,1,0,0,1,0,0,0,0,0,0,0
431129,Poboleda,Tarragona,2017,0,0,0,0,0,0,0,0,0,0,0,0,0,0,0,0,0,0,0
431129,Poboleda,Tarragona,2018,0,0,0,0,0,0,0,0,0,0,0,0,0,0,0,0,0,0,0
431129,Poboleda,Tarragona,2019,1,1,0,0,0,1,0,0,1,0,0,0,0,0,0,0,0,0,0
431129,Poboleda,Tarragona,2020,0,0,0,0,0,0,0,0,0,0,0,0,0,0,0,0,0,0,0
431129,Poboleda,Tarragona,2021,1,1,0,0,0,0,1,0,1,0,0,1,0,0,0,0,0,0,0
431129,Poboleda,Tarragona,2022,2,2,0,0,0,0,2,0,2,0,2,0,0,0,0,0,0,0,0
431129,Poboleda,Tarragona,2023,10,1,7,2,3,0,7,0,10,0,6,0,1,0,0,0,0,0,0
431135,Pont d'Armentera,Tarragona,2011,1,0,1,0,0,0,1,0,1,0,0,0,0,1,0,0,0,0,0
431135,Pont d'Armentera,Tarragona,2012,0,0,0,0,0,0,0,0,0,0,0,0,0,0,0,0,0,0,0
431135,Pont d'Armentera,Tarragona,2013,0,0,0,0,0,0,0,0,0,0,0,0,0,0,0,0,0,0,0
431135,Pont d'Armentera,Tarragona,2014,3,0,0,3,3,0,0,0,3,0,0,0,0,0,0,0,0,0,0
431135,Pont d'Armentera,Tarragona,2015,2,0,0,2,2,0,0,0,2,0,0,0,0,0,0,0,0,0,0
431135,Pont d'Armentera,Tarragona,2016,2,2,0,0,0,0,2,0,2,0,0,0,0,2,0,0,0,0,0
431135,Pont d'Armentera,Tarragona,2017,1,1,0,0,0,0,1,0,1,0,0,1,0,0,0,0,0,0,0
431135,Pont d'Armentera,Tarragona,2018,4,3,0,1,1,0,3,0,4,0,0,2,0,1,0,0,0,0,0
431135,Pont d'Armentera,Tarragona,2019,7,1,6,0,0,0,7,0,7,0,0,2,0,5,0,0,0,0,0
431135,Pont d'Armentera,Tarragona,2020,1,0,1,0,0,0,1,0,1,0,0,0,0,1,0,0,0,0,0
431135,Pont d'Armentera,Tarragona,2021,0,0,0,0,0,0,0,0,0,0,0,0,0,0,0,0,0,0,0
431135,Pont d'Armentera,Tarragona,2023,1,1,0,0,0,0,1,0,1,0,0,1,0,0,0,0,0,0,0
431140,Porrera,Tarragona,2011,0,0,0,0,0,0,0,0,0,0,0,0,0,0,0,0,0,0,0
431140,Porrera,Tarragona,2012,2,0,0,2,2,0,0,0,2,0,0,0,0,0,0,0,0,0,0
431140,Porrera,Tarragona,2013,1,0,0,1,1,0,0,0,1,0,0,0,0,0,0,0,0,0,0
431140,Porrera,Tarragona,2014,0,0,0,0,0,0,0,0,0,0,0,0,0,0,0,0,0,0,0
431140,Porrera,Tarragona,2015,0,0,0,0,0,0,0,0,0,0,0,0,0,0,0,0,0,0,0
431140,Porrera,Tarragona,2016,0,0,0,0,0,0,0,0,0,0,0,0,0,0,0,0,0,0,0
431140,Porrera,Tarragona,2017,0,0,0,0,0,0,0,0,0,0,0,0,0,0,0,0,0,0,0
431140,Porrera,Tarragona,2018,1,1,0,0,0,0,1,0,1,0,0,0,1,0,0,0,0,0,0
431140,Porrera,Tarragona,2019,0,0,0,0,0,0,0,0,0,0,0,0,0,0,0,0,0,0,0
431140,Porrera,Tarragona,2020,0,0,0,0,0,0,0,0,0,0,0,0,0,0,0,0,0,0,0
431140,Porrera,Tarragona,2021,1,0,0,1,0,0,1,0,1,0,0,0,0,0,0,1,0,0,0
431140,Porrera,Tarragona,2022,5,4,0,1,0,0,5,0,5,0,3,0,0,1,0,1,0,0,0
431140,Porrera,Tarragona,2023,5,1,4,0,0,0,5,0,5,0,2,0,0,3,0,0,0,0,0
431153,Pradell de la Teixeta,Tarragona,2011,0,0,0,0,0,0,0,0,0,0,0,0,0,0,0,0,0,0,0
431153,Pradell de la Teixeta,Tarragona,2012,0,0,0,0,0,0,0,0,0,0,0,0,0,0,0,0,0,0,0
431153,Pradell de la Teixeta,Tarragona,2013,0,0,0,0,0,0,0,0,0,0,0,0,0,0,0,0,0,0,0
431153,Pradell de la Teixeta,Tarragona,2014,3,3,0,0,0,0,3,0,3,2,0,0,0,1,0,0,0,0,0
431153,Pradell de la Teixeta,Tarragona,2015,0,0,0,0,0,0,0,0,0,0,0,0,0,0,0,0,0,0,0
431153,Pradell de la Teixeta,Tarragona,2016,0,0,0,0,0,0,0,0,0,0,0,0,0,0,0,0,0,0,0
431153,Pradell de la Teixeta,Tarragona,2017,2,0,2,0,0,0,2,0,2,2,0,0,0,0,0,0,0,0,0
431153,Pradell de la Teixeta,Tarragona,2018,0,0,0,0,0,0,0,0,0,0,0,0,0,0,0,0,0,0,0
431153,Pradell de la Teixeta,Tarragona,2019,2,0,2,0,0,0,2,0,2,0,0,0,2,0,0,0,0,0,0
431153,Pradell de la Teixeta,Tarragona,2020,0,0,0,0,0,0,0,0,0,0,0,0,0,0,0,0,0,0,0
431153,Pradell de la Teixeta,Tarragona,2021,0,0,0,0,0,0,0,0,0,0,0,0,0,0,0,0,0,0,0
431153,Pradell de la Teixeta,Tarragona,2022,2,2,0,0,0,0,2,0,2,1,0,0,0,0,1,0,0,0,0
431153,Pradell de la Teixeta,Tarragona,2023,4,2,2,0,0,0,4,0,4,1,0,0,0,0,3,0,0,0,0
431166,Prades,Tarragona,2011,1,1,0,0,0,0,1,0,1,0,0,0,0,1,0,0,0,0,0
431166,Prades,Tarragona,2012,35,17,18,0,0,3,32,0,35,18,0,0,0,14,0,0,0,0,0
431166,Prades,Tarragona,2013,2,0,2,0,0,0,2,0,2,0,0,0,0,2,0,0,0,0,0
431166,Prades,Tarragona,2014,0,0,0,0,0,0,0,0,0,0,0,0,0,0,0,0,0,0,0
431166,Prades,Tarragona,2015,0,0,0,0,0,0,0,0,0,0,0,0,0,0,0,0,0,0,0
431166,Prades,Tarragona,2016,0,0,0,0,0,0,0,0,0,0,0,0,0,0,0,0,0,0,0
431166,Prades,Tarragona,2017,0,0,0,0,0,0,0,0,0,0,0,0,0,0,0,0,0,0,0
431166,Prades,Tarragona,2018,0,0,0,0,0,0,0,0,0,0,0,0,0,0,0,0,0,0,0
431166,Prades,Tarragona,2019,4,4,0,0,0,0,4,0,4,0,0,4,0,0,0,0,0,0,0
431166,Prades,Tarragona,2020,2,2,0,0,0,0,1,1,1,0,0,0,0,1,0,0,0,0,0
431166,Prades,Tarragona,2021,3,3,0,0,0,0,2,1,2,1,0,1,0,0,0,0,0,0,0
431166,Prades,Tarragona,2022,2,1,1,0,0,0,2,0,2,0,0,1,0,1,0,0,0,0,0
431172,Prat de Comte,Tarragona,2011,5,0,0,5,5,0,0,0,5,0,0,0,0,0,0,0,0,0,0
431172,Prat de Comte,Tarragona,2012,2,0,0,2,2,0,0,0,2,0,0,0,0,0,0,0,0,0,0
431172,Prat de Comte,Tarragona,2013,3,3,0,0,0,0,3,0,3,0,0,0,0,3,0,0,0,0,0
431172,Prat de Comte,Tarragona,2014,0,0,0,0,0,0,0,0,0,0,0,0,0,0,0,0,0,0,0
431172,Prat de Comte,Tarragona,2015,0,0,0,0,0,0,0,0,0,0,0,0,0,0,0,0,0,0,0
431172,Prat de Comte,Tarragona,2016,0,0,0,0,0,0,0,0,0,0,0,0,0,0,0,0,0,0,0
431172,Prat de Comte,Tarragona,2017,0,0,0,0,0,0,0,0,0,0,0,0,0,0,0,0,0,0,0
431172,Prat de Comte,Tarragona,2018,0,0,0,0,0,0,0,0,0,0,0,0,0,0,0,0,0,0,0
431172,Prat de Comte,Tarragona,2019,4,4,0,0,0,0,4,0,4,0,0,0,0,4,0,0,0,0,0
431172,Prat de Comte,Tarragona,2020,3,3,0,0,0,0,3,0,3,0,0,0,0,3,0,0,0,0,0
431172,Prat de Comte,Tarragona,2021,0,0,0,0,0,0,0,0,0,0,0,0,0,0,0,0,0,0,0
431172,Prat de Comte,Tarragona,2022,2,2,0,0,0,0,2,0,2,0,0,0,0,2,0,0,0,0,0
431172,Prat de Comte,Tarragona,2023,2,0,1,1,1,0,1,0,2,0,0,0,0,1,0,0,0,0,0
431188,Pratdip,Tarragona,2011,6,2,0,4,4,0,2,0,6,2,0,0,0,0,0,0,0,0,0
431188,Pratdip,Tarragona,2012,3,0,1,2,2,0,1,0,3,1,0,0,0,0,0,0,0,0,0
431188,Pratdip,Tarragona,2013,2,0,1,1,1,0,1,0,2,1,0,0,0,0,0,0,0,0,0
431188,Pratdip,Tarragona,2014,2,2,0,0,0,0,2,0,2,0,0,1,0,1,0,0,0,0,0
431188,Pratdip,Tarragona,2015,2,0,2,0,0,0,2,0,2,0,0,0,0,2,0,0,0,0,0
431188,Pratdip,Tarragona,2016,1,1,0,0,0,0,1,0,1,0,0,1,0,0,0,0,0,0,0
431188,Pratdip,Tarragona,2017,2,0,2,0,0,0,2,0,2,0,0,2,0,0,0,0,0,0,0
431188,Pratdip,Tarragona,2018,4,2,2,0,1,0,3,0,4,1,0,1,0,1,0,0,0,0,0
431188,Pratdip,Tarragona,2019,5,1,4,0,1,0,4,0,5,0,0,1,0,3,0,0,0,0,0
431188,Pratdip,Tarragona,2020,1,0,1,0,0,0,1,0,1,0,0,0,0,1,0,0,0,0,0
431188,Pratdip,Tarragona,2021,1,1,0,0,0,0,1,0,1,0,0,1,0,0,0,0,0,0,0
431188,Pratdip,Tarragona,2022,2,2,0,0,0,0,2,0,2,2,0,0,0,0,0,0,0,0,0
431188,Pratdip,Tarragona,2023,4,0,3,1,1,0,3,0,4,3,0,0,0,0,0,0,0,0,0
431191,Puigpelat,Tarragona,2011,7,0,1,6,6,1,0,0,7,0,0,0,0,0,0,0,0,0,0
431191,Puigpelat,Tarragona,2012,6,1,2,3,3,1,2,0,6,0,0,0,0,2,0,0,0,0,0
431191,Puigpelat,Tarragona,2013,9,2,1,6,5,2,2,0,9,1,0,0,0,1,0,0,0,0,0
431191,Puigpelat,Tarragona,2014,9,1,4,4,1,5,3,0,9,2,0,0,0,1,0,0,0,0,0
431191,Puigpelat,Tarragona,2015,4,0,2,2,0,2,2,0,4,0,0,0,0,2,0,0,0,0,0
431191,Puigpelat,Tarragona,2016,1,1,0,0,0,1,0,0,1,0,0,0,0,0,0,0,0,0,0
431191,Puigpelat,Tarragona,2017,3,2,0,1,0,2,1,0,3,0,0,0,0,0,1,0,0,0,0
431191,Puigpelat,Tarragona,2018,5,1,1,3,0,4,1,0,5,0,0,0,0,0,1,0,0,0,0
431191,Puigpelat,Tarragona,2019,5,1,1,3,1,2,2,0,5,0,0,2,0,0,0,0,0,0,0
431191,Puigpelat,Tarragona,2020,5,2,1,2,2,0,3,0,5,0,0,1,0,2,0,0,0,0,0
431191,Puigpelat,Tarragona,2021,2,0,0,2,2,0,0,0,2,0,0,0,0,0,0,0,0,0,0
431191,Puigpelat,Tarragona,2022,2,2,0,0,0,0,2,0,2,0,0,0,0,2,0,0,0,0,0
431191,Puigpelat,Tarragona,2023,3,0,3,0,0,0,3,0,3,0,0,0,0,3,0,0,0,0,0
431205,Querol,Tarragona,2011,2,2,0,0,0,0,2,0,2,2,0,0,0,0,0,0,0,0,0
431205,Querol,Tarragona,2012,0,0,0,0,0,0,0,0,0,0,0,0,0,0,0,0,0,0,0
431205,Querol,Tarragona,2013,0,0,0,0,0,0,0,0,0,0,0,0,0,0,0,0,0,0,0
431205,Querol,Tarragona,2014,0,0,0,0,0,0,0,0,0,0,0,0,0,0,0,0,0,0,0
431205,Querol,Tarragona,2015,1,0,1,0,0,0,1,0,1,0,0,0,0,1,0,0,0,0,0
431205,Querol,Tarragona,2016,1,0,1,0,0,0,1,0,1,0,0,0,0,1,0,0,0,0,0
431205,Querol,Tarragona,2017,0,0,0,0,0,0,0,0,0,0,0,0,0,0,0,0,0,0,0
431205,Querol,Tarragona,2018,2,0,2,0,0,0,2,0,2,0,0,0,0,2,0,0,0,0,0
431205,Querol,Tarragona,2019,0,0,0,0,0,0,0,0,0,0,0,0,0,0,0,0,0,0,0
431205,Querol,Tarragona,2020,0,0,0,0,0,0,0,0,0,0,0,0,0,0,0,0,0,0,0
431205,Querol,Tarragona,2021,2,0,2,0,0,0,0,2,0,0,0,0,0,0,0,0,0,0,0
431205,Querol,Tarragona,2022,1,0,0,1,0,0,1,0,1,0,0,0,0,1,0,0,0,0,0
431205,Querol,Tarragona,2023,2,1,1,0,0,0,2,0,2,0,0,0,0,0,2,0,0,0,0
431212,Rasquera,Tarragona,2011,4,2,1,1,0,0,4,0,4,1,3,0,0,0,0,0,0,0,0
431212,Rasquera,Tarragona,2012,6,3,2,1,1,0,5,0,6,2,0,3,0,0,0,0,0,0,0
431212,Rasquera,Tarragona,2013,2,0,0,2,2,0,0,0,2,0,0,0,0,0,0,0,0,0,0
431212,Rasquera,Tarragona,2014,2,0,1,1,0,1,1,0,2,1,0,0,0,0,0,0,0,0,0
431212,Rasquera,Tarragona,2015,6,1,2,3,1,2,3,0,6,3,0,0,0,0,0,0,0,0,0
431212,Rasquera,Tarragona,2016,3,0,0,3,3,0,0,0,3,0,0,0,0,0,0,0,0,0,0
431212,Rasquera,Tarragona,2017,2,0,1,1,1,0,1,0,2,0,0,0,0,1,0,0,0,0,0
431212,Rasquera,Tarragona,2018,1,0,1,0,0,0,1,0,1,0,1,0,0,0,0,0,0,0,0
431212,Rasquera,Tarragona,2019,0,0,0,0,0,0,0,0,0,0,0,0,0,0,0,0,0,0,0
431212,Rasquera,Tarragona,2020,1,1,0,0,0,0,1,0,1,1,0,0,0,0,0,0,0,0,0
431212,Rasquera,Tarragona,2021,0,0,0,0,0,0,0,0,0,0,0,0,0,0,0,0,0,0,0
431212,Rasquera,Tarragona,2022,4,2,2,0,2,0,2,0,4,0,0,1,0,1,0,0,0,0,0
431212,Rasquera,Tarragona,2023,2,1,1,0,0,0,2,0,2,0,0,2,0,0,0,0,0,0,0
431227,Renau,Tarragona,2011,0,0,0,0,0,0,0,0,0,0,0,0,0,0,0,0,0,0,0
431227,Renau,Tarragona,2012,1,0,0,1,0,1,0,0,1,0,0,0,0,0,0,0,0,0,0
431227,Renau,Tarragona,2013,0,0,0,0,0,0,0,0,0,0,0,0,0,0,0,0,0,0,0
431227,Renau,Tarragona,2014,0,0,0,0,0,0,0,0,0,0,0,0,0,0,0,0,0,0,0
431227,Renau,Tarragona,2015,0,0,0,0,0,0,0,0,0,0,0,0,0,0,0,0,0,0,0
431227,Renau,Tarragona,2016,2,0,0,2,0,2,0,0,2,0,0,0,0,0,0,0,0,0,0
431227,Renau,Tarragona,2017,2,0,0,2,0,2,0,0,2,0,0,0,0,0,0,0,0,0,0
431227,Renau,Tarragona,2018,0,0,0,0,0,0,0,0,0,0,0,0,0,0,0,0,0,0,0
431227,Renau,Tarragona,2019,2,0,0,2,2,0,0,0,2,0,0,0,0,0,0,0,0,0,0
431227,Renau,Tarragona,2020,0,0,0,0,0,0,0,0,0,0,0,0,0,0,0,0,0,0,0
431227,Renau,Tarragona,2021,0,0,0,0,0,0,0,0,0,0,0,0,0,0,0,0,0,0,0
431227,Renau,Tarragona,2022,3,3,0,0,0,0,3,0,3,0,3,0,0,0,0,0,0,0,0
431227,Renau,Tarragona,2023,1,1,0,0,0,0,1,0,1,0,0,0,0,1,0,0,0,0,0
431233,Reus,Tarragona,2011,1810,660,555,595,363,312,1088,47,1763,201,39,321,49,415,58,5,0,0,0
431233,Reus,Tarragona,2012,1508,534,493,481,295,264,928,21,1487,145,25,299,44,369,43,3,0,0,0
431233,Reus,Tarragona,2013,1068,331,352,385,220,226,618,4,1064,93,30,188,21,263,23,0,0,0,0
431233,Reus,Tarragona,2014,1042,292,368,382,201,210,626,5,1037,70,36,213,27,243,36,1,0,0,0
431233,Reus,Tarragona,2015,934,347,327,260,138,156,638,2,932,61,41,281,18,203,33,1,0,0,0
431233,Reus,Tarragona,2016,869,315,317,237,136,128,604,1,868,63,46,214,14,229,38,0,0,0,0
431233,Reus,Tarragona,2017,947,358,281,308,180,127,639,1,946,77,41,183,25,275,37,1,0,0,0
431233,Reus,Tarragona,2018,1147,450,375,322,180,130,819,18,1129,86,51,297,35,306,38,6,0,0,0
431233,Reus,Tarragona,2019,1451,646,457,348,174,153,1116,8,1443,59,41,493,27,435,55,6,0,0,0
431233,Reus,Tarragona,2020,934,411,307,216,92,109,662,71,863,36,27,247,13,309,28,2,0,0,0
431233,Reus,Tarragona,2021,1259,548,437,274,112,122,748,277,982,99,33,341,17,216,39,3,0,0,0
431233,Reus,Tarragona,2022,1436,768,464,204,75,109,1176,76,1360,68,74,495,41,450,44,4,0,0,0
431233,Reus,Tarragona,2023,1783,886,611,286,114,117,1515,37,1746,93,78,464,40,791,44,5,0,0,0
431248,La Riba,Tarragona,2011,5,2,0,3,1,1,3,0,5,1,0,2,0,0,0,0,0,0,0
431248,La Riba,Tarragona,2012,3,0,0,3,0,1,2,0,3,2,0,0,0,0,0,0,0,0,0
431248,La Riba,Tarragona,2013,0,0,0,0,0,0,0,0,0,0,0,0,0,0,0,0,0,0,0
431248,La Riba,Tarragona,2014,3,0,0,3,3,0,0,0,3,0,0,0,0,0,0,0,0,0,0
431248,La Riba,Tarragona,2015,2,0,0,2,2,0,0,0,2,0,0,0,0,0,0,0,0,0,0
431248,La Riba,Tarragona,2016,2,0,2,0,0,0,2,0,2,0,0,0,0,2,0,0,0,0,0
431248,La Riba,Tarragona,2017,0,0,0,0,0,0,0,0,0,0,0,0,0,0,0,0,0,0,0
431248,La Riba,Tarragona,2018,0,0,0,0,0,0,0,0,0,0,0,0,0,0,0,0,0,0,0
431248,La Riba,Tarragona,2019,2,0,0,2,2,0,0,0,2,0,0,0,0,0,0,0,0,0,0
431248,La Riba,Tarragona,2020,1,0,0,1,0,0,1,0,1,1,0,0,0,0,0,0,0,0,0
431248,La Riba,Tarragona,2021,2,0,0,2,0,0,2,0,2,2,0,0,0,0,0,0,0,0,0
431248,La Riba,Tarragona,2022,2,1,1,0,0,0,2,0,2,0,0,0,0,2,0,0,0,0,0
431251,Riba-roja d'Ebre,Tarragona,2011,1,0,0,1,1,0,0,0,1,0,0,0,0,0,0,0,0,0,0
431251,Riba-roja d'Ebre,Tarragona,2012,0,0,0,0,0,0,0,0,0,0,0,0,0,0,0,0,0,0,0
431251,Riba-roja d'Ebre,Tarragona,2013,0,0,0,0,0,0,0,0,0,0,0,0,0,0,0,0,0,0,0
431251,Riba-roja d'Ebre,Tarragona,2014,5,4,0,1,1,0,4,0,5,4,0,0,0,0,0,0,0,0,0
431251,Riba-roja d'Ebre,Tarragona,2015,1,0,0,1,0,1,0,0,1,0,0,0,0,0,0,0,0,0,0
431251,Riba-roja d'Ebre,Tarragona,2016,2,0,0,2,1,1,0,0,2,0,0,0,0,0,0,0,0,0,0
431251,Riba-roja d'Ebre,Tarragona,2017,2,0,0,2,2,0,0,0,2,0,0,0,0,0,0,0,0,0,0
431251,Riba-roja d'Ebre,Tarragona,2018,4,0,1,3,3,0,1,0,4,1,0,0,0,0,0,0,0,0,0
431251,Riba-roja d'Ebre,Tarragona,2019,4,0,2,2,2,0,2,0,4,2,0,0,0,0,0,0,0,0,0
431251,Riba-roja d'Ebre,Tarragona,2020,2,2,0,0,0,0,2,0,2,0,0,0,0,2,0,0,0,0,0
431251,Riba-roja d'Ebre,Tarragona,2021,1,0,0,1,0,0,1,0,1,1,0,0,0,0,0,0,0,0,0
431251,Riba-roja d'Ebre,Tarragona,2022,7,1,3,3,0,1,6,0,7,4,1,1,0,0,0,0,0,0,0
431251,Riba-roja d'Ebre,Tarragona,2023,7,0,5,2,3,1,3,0,7,3,0,0,0,0,0,0,0,0,0
431264,La Riera de Gaià,Tarragona,2011,3,1,0,2,0,0,2,1,2,0,0,0,0,2,0,0,0,0,0
431264,La Riera de Gaià,Tarragona,2012,3,1,1,1,0,2,1,0,3,0,0,0,0,1,0,0,0,0,0
431264,La Riera de Gaià,Tarragona,2013,3,0,1,2,1,0,1,1,2,1,0,0,0,0,0,0,0,0,0
431264,La Riera de Gaià,Tarragona,2014,3,0,2,1,3,0,0,0,3,0,0,0,0,0,0,0,0,0,0
431264,La Riera de Gaià,Tarragona,2015,1,0,0,1,1,0,0,0,1,0,0,0,0,0,0,0,0,0,0
431264,La Riera de Gaià,Tarragona,2016,2,2,0,0,0,0,2,0,2,0,0,0,0,2,0,0,0,0,0
431264,La Riera de Gaià,Tarragona,2017,1,1,0,0,0,0,1,0,1,0,0,0,0,1,0,0,0,0,0
431264,La Riera de Gaià,Tarragona,2018,3,2,0,1,1,0,2,0,3,0,0,0,0,2,0,0,0,0,0
431264,La Riera de Gaià,Tarragona,2019,7,4,3,0,0,0,6,1,6,0,0,0,0,6,0,0,0,0,0
431264,La Riera de Gaià,Tarragona,2020,5,1,3,1,1,0,3,1,4,0,0,0,0,3,0,0,0,0,0
431264,La Riera de Gaià,Tarragona,2021,2,1,1,0,0,0,2,0,2,0,0,0,0,2,0,0,0,0,0
431264,La Riera de Gaià,Tarragona,2022,5,2,3,0,0,0,3,2,3,0,1,0,0,2,0,0,0,0,0
431264,La Riera de Gaià,Tarragona,2023,12,4,6,2,2,1,8,1,11,0,3,0,0,3,0,2,0,0,0
431270,Riudecanyes,Tarragona,2011,14,4,7,3,3,0,11,0,14,9,0,1,0,1,0,0,0,0,0
431270,Riudecanyes,Tarragona,2012,5,0,2,3,2,0,3,0,5,3,0,0,0,0,0,0,0,0,0
431270,Riudecanyes,Tarragona,2013,4,0,0,4,3,0,1,0,4,1,0,0,0,0,0,0,0,0,0
431270,Riudecanyes,Tarragona,2014,3,0,2,1,1,0,2,0,3,2,0,0,0,0,0,0,0,0,0
431270,Riudecanyes,Tarragona,2015,2,0,0,2,2,0,0,0,2,0,0,0,0,0,0,0,0,0,0
431270,Riudecanyes,Tarragona,2016,9,1,2,6,5,0,4,0,9,4,0,0,0,0,0,0,0,0,0
431270,Riudecanyes,Tarragona,2017,3,1,0,2,1,0,2,0,3,2,0,0,0,0,0,0,0,0,0
431270,Riudecanyes,Tarragona,2018,1,0,1,0,0,0,1,0,1,1,0,0,0,0,0,0,0,0,0
431270,Riudecanyes,Tarragona,2019,3,0,2,1,1,0,2,0,3,2,0,0,0,0,0,0,0,0,0
431270,Riudecanyes,Tarragona,2020,4,0,1,3,3,0,1,0,4,1,0,0,0,0,0,0,0,0,0
431270,Riudecanyes,Tarragona,2021,5,0,0,5,4,0,0,1,4,0,0,0,0,0,0,0,0,0,0
431270,Riudecanyes,Tarragona,2022,4,0,0,4,2,0,2,0,4,1,1,0,0,0,0,0,0,0,0
431270,Riudecanyes,Tarragona,2023,6,1,2,3,0,0,6,0,6,0,3,3,0,0,0,0,0,0,0
431286,Riudecols,Tarragona,2011,6,4,1,1,0,2,4,0,6,1,0,3,0,0,0,0,0,0,0
431286,Riudecols,Tarragona,2012,3,0,1,2,1,2,0,0,3,0,0,0,0,0,0,0,0,0,0
431286,Riudecols,Tarragona,2013,4,2,2,0,0,2,2,0,4,0,0,0,0,2,0,0,0,0,0
431286,Riudecols,Tarragona,2014,2,0,0,2,2,0,0,0,2,0,0,0,0,0,0,0,0,0,0
431286,Riudecols,Tarragona,2015,2,0,0,2,2,0,0,0,2,0,0,0,0,0,0,0,0,0,0
431286,Riudecols,Tarragona,2016,4,1,1,2,2,0,2,0,4,2,0,0,0,0,0,0,0,0,0
431286,Riudecols,Tarragona,2017,2,0,2,0,0,0,2,0,2,2,0,0,0,0,0,0,0,0,0
431286,Riudecols,Tarragona,2018,5,2,1,2,1,2,2,0,5,0,0,2,0,0,0,0,0,0,0
431286,Riudecols,Tarragona,2019,5,0,1,4,1,3,1,0,5,1,0,0,0,0,0,0,0,0,0
431286,Riudecols,Tarragona,2020,8,4,0,4,2,2,3,1,7,0,0,2,0,1,0,0,0,0,0
431286,Riudecols,Tarragona,2021,3,2,0,1,1,0,2,0,3,0,0,0,0,2,0,0,0,0,0
431286,Riudecols,Tarragona,2023,3,2,1,0,0,0,3,0,3,0,0,0,0,3,0,0,0,0,0
431299,Riudoms,Tarragona,2011,40,9,6,25,10,13,12,5,35,4,0,4,0,4,0,0,0,0,0
431299,Riudoms,Tarragona,2012,28,7,8,13,5,11,11,1,27,4,0,4,0,3,0,0,0,0,0
431299,Riudoms,Tarragona,2013,16,4,4,8,5,4,7,0,16,1,0,2,0,3,0,1,0,0,0
431299,Riudoms,Tarragona,2014,27,7,10,10,8,7,12,0,27,0,0,8,0,4,0,0,0,0,0
431299,Riudoms,Tarragona,2015,18,6,7,5,4,2,12,0,18,4,0,5,0,3,0,0,0,0,0
431299,Riudoms,Tarragona,2016,15,6,2,7,7,0,8,0,15,2,1,5,0,0,0,0,0,0,0
431299,Riudoms,Tarragona,2017,23,9,6,8,7,2,14,0,23,0,3,7,1,3,0,0,0,0,0
431299,Riudoms,Tarragona,2018,26,9,9,8,7,3,16,0,26,2,2,9,3,0,0,0,0,0,0
431299,Riudoms,Tarragona,2019,27,8,6,13,9,0,18,0,27,3,4,5,0,6,0,0,0,0,0
431299,Riudoms,Tarragona,2020,13,2,9,2,1,0,12,0,13,2,1,2,0,3,0,4,0,0,0
431299,Riudoms,Tarragona,2021,19,5,6,8,2,0,10,7,12,1,3,1,0,5,0,0,0,0,0
431299,Riudoms,Tarragona,2022,9,6,1,2,1,0,7,1,8,0,2,0,0,5,0,0,0,0,0
431299,Riudoms,Tarragona,2023,17,7,5,5,5,3,8,1,16,0,0,0,0,8,0,0,0,0,0
431303,Rocafort de Queralt,Tarragona,2011,0,0,0,0,0,0,0,0,0,0,0,0,0,0,0,0,0,0,0
431303,Rocafort de Queralt,Tarragona,2012,0,0,0,0,0,0,0,0,0,0,0,0,0,0,0,0,0,0,0
431303,Rocafort de Queralt,Tarragona,2013,2,1,0,1,1,0,1,0,2,0,0,0,0,1,0,0,0,0,0
431303,Rocafort de Queralt,Tarragona,2014,0,0,0,0,0,0,0,0,0,0,0,0,0,0,0,0,0,0,0
431303,Rocafort de Queralt,Tarragona,2015,0,0,0,0,0,0,0,0,0,0,0,0,0,0,0,0,0,0,0
431303,Rocafort de Queralt,Tarragona,2016,0,0,0,0,0,0,0,0,0,0,0,0,0,0,0,0,0,0,0
431303,Rocafort de Queralt,Tarragona,2017,0,0,0,0,0,0,0,0,0,0,0,0,0,0,0,0,0,0,0
431303,Rocafort de Queralt,Tarragona,2018,0,0,0,0,0,0,0,0,0,0,0,0,0,0,0,0,0,0,0
431303,Rocafort de Queralt,Tarragona,2019,0,0,0,0,0,0,0,0,0,0,0,0,0,0,0,0,0,0,0
431303,Rocafort de Queralt,Tarragona,2020,0,0,0,0,0,0,0,0,0,0,0,0,0,0,0,0,0,0,0
431303,Rocafort de Queralt,Tarragona,2021,0,0,0,0,0,0,0,0,0,0,0,0,0,0,0,0,0,0,0
431303,Rocafort de Queralt,Tarragona,2023,2,1,1,0,0,2,0,0,2,0,0,0,0,0,0,0,0,0,0
431310,Roda de Berà,Tarragona,2011,25,3,6,16,2,8,14,1,24,7,0,0,0,7,0,0,0,0,0
431310,Roda de Berà,Tarragona,2012,19,3,3,13,8,8,3,0,19,0,0,0,0,3,0,0,0,0,0
431310,Roda de Berà,Tarragona,2013,15,4,5,6,6,4,5,0,15,3,0,0,0,2,0,0,0,0,0
431310,Roda de Berà,Tarragona,2014,9,0,6,3,3,5,1,0,9,1,0,0,0,0,0,0,0,0,0
431310,Roda de Berà,Tarragona,2015,10,0,5,5,7,3,0,0,10,0,0,0,0,0,0,0,0,0,0
431310,Roda de Berà,Tarragona,2016,15,1,2,12,8,2,5,0,15,2,0,0,3,0,0,0,0,0,0
431310,Roda de Berà,Tarragona,2017,6,0,2,4,5,0,1,0,6,0,0,0,0,1,0,0,0,0,0
431310,Roda de Berà,Tarragona,2018,13,3,4,6,6,3,4,0,13,0,0,0,0,2,2,0,0,0,0
431310,Roda de Berà,Tarragona,2019,33,2,15,16,12,2,19,0,33,0,0,1,0,14,4,0,0,0,0
431310,Roda de Berà,Tarragona,2020,10,1,2,7,4,0,5,1,9,0,0,1,0,2,2,0,0,0,0
431310,Roda de Berà,Tarragona,2021,17,5,5,7,3,0,2,12,5,0,0,0,0,0,2,0,0,0,0
431310,Roda de Berà,Tarragona,2022,11,3,2,6,4,0,4,3,8,0,0,1,0,3,0,0,0,0,0
431310,Roda de Berà,Tarragona,2023,31,7,11,13,11,7,13,0,31,2,3,3,0,4,1,0,0,0,0
431325,Rodonyà,Tarragona,2011,2,0,0,2,2,0,0,0,2,0,0,0,0,0,0,0,0,0,0
431325,Rodonyà,Tarragona,2012,2,0,0,2,2,0,0,0,2,0,0,0,0,0,0,0,0,0,0
431325,Rodonyà,Tarragona,2013,3,1,1,1,0,1,2,0,3,0,1,1,0,0,0,0,0,0,0
431325,Rodonyà,Tarragona,2014,4,0,0,4,4,0,0,0,4,0,0,0,0,0,0,0,0,0,0
431325,Rodonyà,Tarragona,2015,0,0,0,0,0,0,0,0,0,0,0,0,0,0,0,0,0,0,0
431325,Rodonyà,Tarragona,2016,1,0,0,1,1,0,0,0,1,0,0,0,0,0,0,0,0,0,0
431325,Rodonyà,Tarragona,2017,1,0,0,1,1,0,0,0,1,0,0,0,0,0,0,0,0,0,0
431325,Rodonyà,Tarragona,2018,0,0,0,0,0,0,0,0,0,0,0,0,0,0,0,0,0,0,0
431325,Rodonyà,Tarragona,2019,5,2,1,2,1,1,3,0,5,0,0,1,0,2,0,0,0,0,0
431325,Rodonyà,Tarragona,2020,4,1,1,2,2,0,2,0,4,0,0,1,0,1,0,0,0,0,0
431325,Rodonyà,Tarragona,2021,3,1,2,0,0,0,3,0,3,0,0,0,0,3,0,0,0,0,0
431325,Rodonyà,Tarragona,2022,1,0,1,0,0,0,1,0,1,0,0,0,0,1,0,0,0,0,0
431331,Roquetes,Tarragona,2011,190,128,31,31,19,9,161,1,189,11,7,123,4,8,8,0,0,0,0
431331,Roquetes,Tarragona,2012,228,200,18,10,8,3,217,0,228,18,7,164,2,18,8,0,0,0,0
431331,Roquetes,Tarragona,2013,85,72,6,7,5,0,80,0,85,9,7,43,9,4,8,0,0,0,0
431331,Roquetes,Tarragona,2014,98,81,6,11,8,0,90,0,98,2,5,68,7,5,3,0,0,0,0
431331,Roquetes,Tarragona,2015,81,68,2,11,9,0,72,0,81,2,1,55,3,5,6,0,0,0,0
431331,Roquetes,Tarragona,2016,56,40,1,15,9,3,44,0,56,5,1,31,3,3,1,0,0,0,0
431331,Roquetes,Tarragona,2017,52,38,6,8,6,2,44,0,52,3,1,28,2,7,3,0,0,0,0
431331,Roquetes,Tarragona,2018,60,45,12,3,3,0,57,0,60,6,0,38,3,10,0,0,0,0,0
431331,Roquetes,Tarragona,2019,83,53,13,17,10,2,71,0,83,4,0,53,4,10,0,0,0,0,0
431331,Roquetes,Tarragona,2020,41,14,13,14,5,5,29,2,39,3,2,15,2,7,0,0,0,0,0
431331,Roquetes,Tarragona,2021,38,20,11,7,1,3,14,20,18,5,0,6,3,0,0,0,0,0,0
431331,Roquetes,Tarragona,2022,41,34,2,5,0,1,35,5,36,2,2,17,10,3,1,0,0,0,0
431331,Roquetes,Tarragona,2023,49,37,6,6,4,5,40,0,49,0,4,21,12,3,0,0,0,0,0
431346,el Rourell,Tarragona,2011,9,0,0,9,7,0,2,0,9,0,0,0,0,2,0,0,0,0,0
431346,el Rourell,Tarragona,2012,1,0,0,1,1,0,0,0,1,0,0,0,0,0,0,0,0,0,0
431346,el Rourell,Tarragona,2013,0,0,0,0,0,0,0,0,0,0,0,0,0,0,0,0,0,0,0
431346,el Rourell,Tarragona,2014,1,0,0,1,0,0,1,0,1,0,0,0,0,1,0,0,0,0,0
431346,el Rourell,Tarragona,2015,0,0,0,0,0,0,0,0,0,0,0,0,0,0,0,0,0,0,0
431346,el Rourell,Tarragona,2016,0,0,0,0,0,0,0,0,0,0,0,0,0,0,0,0,0,0,0
431346,el Rourell,Tarragona,2017,1,1,0,0,0,0,1,0,1,0,0,1,0,0,0,0,0,0,0
431346,el Rourell,Tarragona,2018,0,0,0,0,0,0,0,0,0,0,0,0,0,0,0,0,0,0,0
431346,el Rourell,Tarragona,2019,1,1,0,0,0,0,1,0,1,0,1,0,0,0,0,0,0,0,0
431346,el Rourell,Tarragona,2020,1,0,1,0,0,0,1,0,1,0,1,0,0,0,0,0,0,0,0
431346,el Rourell,Tarragona,2021,1,0,0,1,0,0,0,1,0,0,0,0,0,0,0,0,0,0,0
431346,el Rourell,Tarragona,2022,2,1,0,1,0,0,0,2,0,0,0,0,0,0,0,0,0,0,0
431359,Salomó,Tarragona,2011,2,2,0,0,0,0,2,0,2,0,0,2,0,0,0,0,0,0,0
431359,Salomó,Tarragona,2012,0,0,0,0,0,0,0,0,0,0,0,0,0,0,0,0,0,0,0
431359,Salomó,Tarragona,2013,0,0,0,0,0,0,0,0,0,0,0,0,0,0,0,0,0,0,0
431359,Salomó,Tarragona,2014,0,0,0,0,0,0,0,0,0,0,0,0,0,0,0,0,0,0,0
431359,Salomó,Tarragona,2015,0,0,0,0,0,0,0,0,0,0,0,0,0,0,0,0,0,0,0
431359,Salomó,Tarragona,2016,0,0,0,0,0,0,0,0,0,0,0,0,0,0,0,0,0,0,0
431359,Salomó,Tarragona,2017,0,0,0,0,0,0,0,0,0,0,0,0,0,0,0,0,0,0,0
431359,Salomó,Tarragona,2018,0,0,0,0,0,0,0,0,0,0,0,0,0,0,0,0,0,0,0
431359,Salomó,Tarragona,2019,1,1,0,0,0,0,1,0,1,1,0,0,0,0,0,0,0,0,0
431359,Salomó,Tarragona,2020,1,0,1,0,0,0,1,0,1,1,0,0,0,0,0,0,0,0,0
431359,Salomó,Tarragona,2021,4,0,4,0,0,0,1,3,1,1,0,0,0,0,0,0,0,0,0
431359,Salomó,Tarragona,2022,3,0,3,0,0,0,2,1,2,2,0,0,0,0,0,0,0,0,0
431359,Salomó,Tarragona,2023,4,1,2,1,0,1,3,0,4,3,0,0,0,0,0,0,0,0,0
431362,La Ràpita,Tarragona,2011,11,2,4,5,4,3,4,0,11,1,0,0,1,2,0,0,0,0,0
431362,La Ràpita,Tarragona,2012,22,9,2,11,9,2,11,0,22,4,0,2,2,3,0,0,0,0,0
431362,La Ràpita,Tarragona,2013,17,5,4,8,9,2,5,1,16,1,0,2,0,0,2,0,0,0,0
431362,La Ràpita,Tarragona,2014,5,3,0,2,2,1,2,0,5,1,0,0,0,1,0,0,0,0,0
431362,La Ràpita,Tarragona,2015,12,2,0,10,7,2,2,1,11,0,0,0,1,1,0,0,0,0,0
431362,La Ràpita,Tarragona,2016,38,8,13,17,9,10,19,0,38,13,0,0,0,6,0,0,0,0,0
431362,La Ràpita,Tarragona,2017,23,0,2,21,16,7,0,0,23,0,0,0,0,0,0,0,0,0,0
431362,La Ràpita,Tarragona,2018,8,2,0,6,6,0,2,0,8,0,0,0,1,1,0,0,0,0,0
431362,La Ràpita,Tarragona,2019,17,9,0,8,4,0,13,0,17,1,0,8,1,3,0,0,0,0,0
431362,La Ràpita,Tarragona,2020,18,11,0,7,0,1,13,4,14,3,1,1,1,7,0,0,0,0,0
431362,La Ràpita,Tarragona,2021,15,4,6,5,1,0,6,8,7,0,0,0,3,3,0,0,0,0,0
431362,La Ràpita,Tarragona,2022,7,2,3,2,0,0,2,5,2,0,0,1,0,1,0,0,0,0,0
431362,La Ràpita,Tarragona,2023,16,2,4,10,5,1,7,3,13,0,0,0,0,7,0,0,0,0,0
431378,Sant Jaume dels Domenys,Tarragona,2011,11,0,1,10,6,4,1,0,11,1,0,0,0,0,0,0,0,0,0
431378,Sant Jaume dels Domenys,Tarragona,2012,6,1,0,5,2,3,1,0,6,1,0,0,0,0,0,0,0,0,0
431378,Sant Jaume dels Domenys,Tarragona,2013,7,1,0,6,3,4,0,0,7,0,0,0,0,0,0,0,0,0,0
431378,Sant Jaume dels Domenys,Tarragona,2014,4,1,0,3,1,3,0,0,4,0,0,0,0,0,0,0,0,0,0
431378,Sant Jaume dels Domenys,Tarragona,2015,1,0,1,0,0,1,0,0,1,0,0,0,0,0,0,0,0,0,0
431378,Sant Jaume dels Domenys,Tarragona,2016,0,0,0,0,0,0,0,0,0,0,0,0,0,0,0,0,0,0,0
431378,Sant Jaume dels Domenys,Tarragona,2017,2,1,0,1,0,1,1,0,2,0,0,1,0,0,0,0,0,0,0
431378,Sant Jaume dels Domenys,Tarragona,2018,4,1,0,3,0,2,2,0,4,1,0,0,0,1,0,0,0,0,0
431378,Sant Jaume dels Domenys,Tarragona,2019,5,0,0,5,0,3,2,0,5,2,0,0,0,0,0,0,0,0,0
431378,Sant Jaume dels Domenys,Tarragona,2020,4,0,0,4,2,1,1,0,4,1,0,0,0,0,0,0,0,0,0
431378,Sant Jaume dels Domenys,Tarragona,2021,2,0,1,1,0,0,2,0,2,0,0,0,0,2,0,0,0,0,0
431378,Sant Jaume dels Domenys,Tarragona,2022,6,1,3,2,2,1,3,0,6,0,0,0,0,3,0,0,0,0,0
431378,Sant Jaume dels Domenys,Tarragona,2023,12,3,7,2,1,4,7,0,12,0,0,0,0,7,0,0,0,0,0
431384,Santa Bàrbara,Tarragona,2011,92,91,0,1,1,1,88,2,90,2,0,79,6,1,0,0,0,0,0
431384,Santa Bàrbara,Tarragona,2012,25,20,2,3,3,1,21,0,25,2,0,13,5,1,0,0,0,0,0
431384,Santa Bàrbara,Tarragona,2013,6,3,0,3,3,0,3,0,6,0,0,1,0,2,0,0,0,0,0
431384,Santa Bàrbara,Tarragona,2014,3,2,0,1,1,0,2,0,3,0,0,2,0,0,0,0,0,0,0
431384,Santa Bàrbara,Tarragona,2015,6,2,1,3,3,0,3,0,6,0,0,1,1,1,0,0,0,0,0
431384,Santa Bàrbara,Tarragona,2016,6,1,0,5,3,1,2,0,6,0,0,1,0,1,0,0,0,0,0
431384,Santa Bàrbara,Tarragona,2017,6,1,1,4,1,0,5,0,6,0,0,2,0,3,0,0,0,0,0
431384,Santa Bàrbara,Tarragona,2018,4,0,0,4,2,2,0,0,4,0,0,0,0,0,0,0,0,0,0
431384,Santa Bàrbara,Tarragona,2019,2,1,0,1,1,0,1,0,2,0,0,1,0,0,0,0,0,0,0
431384,Santa Bàrbara,Tarragona,2020,3,0,0,3,1,0,0,2,1,0,0,0,0,0,0,0,0,0,0
431384,Santa Bàrbara,Tarragona,2021,1,1,0,0,0,0,1,0,1,0,0,0,1,0,0,0,0,0,0
431384,Santa Bàrbara,Tarragona,2022,3,3,0,0,0,0,3,0,3,0,1,0,0,2,0,0,0,0,0
431384,Santa Bàrbara,Tarragona,2023,8,7,0,1,0,1,7,0,8,0,0,4,1,2,0,0,0,0,0
431397,Santa Coloma de Queralt,Tarragona,2011,18,1,0,17,9,6,2,1,17,0,0,1,0,1,0,0,0,0,0
431397,Santa Coloma de Queralt,Tarragona,2012,14,0,1,13,4,3,6,1,13,1,0,0,0,5,0,0,0,0,0
431397,Santa Coloma de Queralt,Tarragona,2013,9,0,3,6,4,0,5,0,9,3,0,0,0,2,0,0,0,0,0
431397,Santa Coloma de Queralt,Tarragona,2014,5,0,0,5,5,0,0,0,5,0,0,0,0,0,0,0,0,0,0
431397,Santa Coloma de Queralt,Tarragona,2015,2,0,0,2,2,0,0,0,2,0,0,0,0,0,0,0,0,0,0
431397,Santa Coloma de Queralt,Tarragona,2016,0,0,0,0,0,0,0,0,0,0,0,0,0,0,0,0,0,0,0
431397,Santa Coloma de Queralt,Tarragona,2017,1,0,0,1,1,0,0,0,1,0,0,0,0,0,0,0,0,0,0
431397,Santa Coloma de Queralt,Tarragona,2018,0,0,0,0,0,0,0,0,0,0,0,0,0,0,0,0,0,0,0
431397,Santa Coloma de Queralt,Tarragona,2019,40,40,0,0,0,0,40,0,40,4,2,18,0,16,0,0,0,0,0
431397,Santa Coloma de Queralt,Tarragona,2020,3,3,0,0,0,0,1,2,1,0,0,1,0,0,0,0,0,0,0
431397,Santa Coloma de Queralt,Tarragona,2021,6,5,1,0,0,0,4,2,4,1,0,3,0,0,0,0,0,0,0
431397,Santa Coloma de Queralt,Tarragona,2022,6,6,0,0,0,0,6,0,6,0,0,1,4,0,1,0,0,0,0
431397,Santa Coloma de Queralt,Tarragona,2023,9,2,4,3,2,1,6,0,9,2,0,0,0,4,0,0,0,0,0
431401,Santa Oliva,Tarragona,2011,22,6,4,12,9,4,7,2,20,0,0,1,0,6,0,0,0,0,0
431401,Santa Oliva,Tarragona,2012,15,3,2,10,8,4,3,0,15,0,0,2,0,1,0,0,0,0,0
431401,Santa Oliva,Tarragona,2013,13,3,4,6,2,8,3,0,13,0,0,1,0,2,0,0,0,0,0
431401,Santa Oliva,Tarragona,2014,18,9,4,5,3,4,10,1,17,1,0,6,0,1,2,0,0,0,0
431401,Santa Oliva,Tarragona,2015,15,4,4,7,5,0,7,3,12,2,0,4,0,0,1,0,0,0,0
431401,Santa Oliva,Tarragona,2016,8,2,4,2,4,1,2,1,7,0,0,1,0,1,0,0,0,0,0
431401,Santa Oliva,Tarragona,2017,5,3,0,2,1,1,3,0,5,0,1,2,0,0,0,0,0,0,0
431401,Santa Oliva,Tarragona,2018,11,4,4,3,3,3,5,0,11,3,0,2,0,0,0,0,0,0,0
431401,Santa Oliva,Tarragona,2019,4,1,2,1,1,0,3,0,4,1,0,2,0,0,0,0,0,0,0
431401,Santa Oliva,Tarragona,2020,2,1,0,1,1,0,1,0,2,0,0,1,0,0,0,0,0,0,0
431401,Santa Oliva,Tarragona,2021,1,1,0,0,0,0,0,1,0,0,0,0,0,0,0,0,0,0,0
431401,Santa Oliva,Tarragona,2022,9,4,3,2,0,2,7,0,9,0,0,0,0,7,0,0,0,0,0
431401,Santa Oliva,Tarragona,2023,15,3,9,3,2,4,9,0,15,0,0,0,0,9,0,0,0,0,0
431418,Pontils,Tarragona,2011,0,0,0,0,0,0,0,0,0,0,0,0,0,0,0,0,0,0,0
431418,Pontils,Tarragona,2012,0,0,0,0,0,0,0,0,0,0,0,0,0,0,0,0,0,0,0
431418,Pontils,Tarragona,2013,0,0,0,0,0,0,0,0,0,0,0,0,0,0,0,0,0,0,0
431418,Pontils,Tarragona,2014,2,0,2,0,0,2,0,0,2,0,0,0,0,0,0,0,0,0,0
431418,Pontils,Tarragona,2015,0,0,0,0,0,0,0,0,0,0,0,0,0,0,0,0,0,0,0
431418,Pontils,Tarragona,2016,0,0,0,0,0,0,0,0,0,0,0,0,0,0,0,0,0,0,0
431418,Pontils,Tarragona,2017,0,0,0,0,0,0,0,0,0,0,0,0,0,0,0,0,0,0,0
431418,Pontils,Tarragona,2018,0,0,0,0,0,0,0,0,0,0,0,0,0,0,0,0,0,0,0
431418,Pontils,Tarragona,2019,2,2,0,0,0,0,2,0,2,2,0,0,0,0,0,0,0,0,0
431418,Pontils,Tarragona,2020,0,0,0,0,0,0,0,0,0,0,0,0,0,0,0,0,0,0,0
431418,Pontils,Tarragona,2021,0,0,0,0,0,0,0,0,0,0,0,0,0,0,0,0,0,0,0
431423,Sarral,Tarragona,2011,6,4,0,2,2,0,4,0,6,3,0,0,0,1,0,0,0,0,0
431423,Sarral,Tarragona,2012,1,1,0,0,0,0,1,0,1,1,0,0,0,0,0,0,0,0,0
431423,Sarral,Tarragona,2013,0,0,0,0,0,0,0,0,0,0,0,0,0,0,0,0,0,0,0
431423,Sarral,Tarragona,2014,1,0,0,1,1,0,0,0,1,0,0,0,0,0,0,0,0,0,0
431423,Sarral,Tarragona,2015,6,1,2,3,3,0,3,0,6,0,2,0,0,1,0,0,0,0,0
431423,Sarral,Tarragona,2016,2,1,0,1,1,0,1,0,2,0,0,0,0,1,0,0,0,0,0
431423,Sarral,Tarragona,2017,3,3,0,0,0,0,3,0,3,0,2,0,0,1,0,0,0,0,0
431423,Sarral,Tarragona,2018,5,1,3,1,1,0,4,0,5,0,1,0,0,3,0,0,0,0,0
431423,Sarral,Tarragona,2019,4,0,1,3,3,0,1,0,4,0,0,0,0,1,0,0,0,0,0
431423,Sarral,Tarragona,2020,0,0,0,0,0,0,0,0,0,0,0,0,0,0,0,0,0,0,0
431423,Sarral,Tarragona,2021,3,0,0,3,0,0,0,3,0,0,0,0,0,0,0,0,0,0,0
431423,Sarral,Tarragona,2022,3,2,0,1,1,0,2,0,3,0,0,1,0,1,0,0,0,0,0
431423,Sarral,Tarragona,2023,2,0,0,2,2,0,0,0,2,0,0,0,0,0,0,0,0,0,0
431444,la Secuita,Tarragona,2011,9,1,4,4,4,2,3,0,9,0,0,0,0,3,0,0,0,0,0
431444,la Secuita,Tarragona,2012,8,1,3,4,4,1,3,0,8,0,0,0,0,3,0,0,0,0,0
431444,la Secuita,Tarragona,2013,7,0,4,3,3,1,3,0,7,0,0,0,0,3,0,0,0,0,0
431444,la Secuita,Tarragona,2014,2,0,0,2,1,0,1,0,2,0,0,0,0,1,0,0,0,0,0
431444,la Secuita,Tarragona,2015,5,0,1,4,1,0,4,0,5,0,0,0,0,4,0,0,0,0,0
431444,la Secuita,Tarragona,2016,5,0,2,3,1,1,3,0,5,0,0,0,0,3,0,0,0,0,0
431444,la Secuita,Tarragona,2017,9,1,2,6,3,3,3,0,9,0,0,0,0,3,0,0,0,0,0
431444,la Secuita,Tarragona,2018,7,2,0,5,3,2,2,0,7,0,0,0,0,2,0,0,0,0,0
431444,la Secuita,Tarragona,2019,12,3,2,7,5,0,7,0,12,1,0,2,0,4,0,0,0,0,0
431444,la Secuita,Tarragona,2020,10,2,3,5,3,2,4,1,9,1,0,1,0,2,0,0,0,0,0
431444,la Secuita,Tarragona,2021,5,0,3,2,0,0,2,3,2,0,0,0,0,2,0,0,0,0,0
431444,la Secuita,Tarragona,2022,2,0,2,0,0,0,0,2,0,0,0,0,0,0,0,0,0,0,0
431444,la Secuita,Tarragona,2023,9,1,0,8,5,3,1,0,9,1,0,0,0,0,0,0,0,0,0
431457,la Selva del Camp,Tarragona,2011,31,7,7,17,13,7,9,2,29,0,0,3,0,4,2,0,0,0,0
431457,la Selva del Camp,Tarragona,2012,21,4,7,10,6,8,7,0,21,1,0,0,0,6,0,0,0,0,0
431457,la Selva del Camp,Tarragona,2013,21,5,8,8,2,4,15,0,21,2,5,0,0,8,0,0,0,0,0
431457,la Selva del Camp,Tarragona,2014,18,1,6,11,7,1,10,0,18,1,4,0,0,5,0,0,0,0,0
431457,la Selva del Camp,Tarragona,2015,14,2,8,4,4,1,9,0,14,0,3,1,0,5,0,0,0,0,0
431457,la Selva del Camp,Tarragona,2016,23,8,3,12,7,4,12,0,23,2,1,4,0,2,3,0,0,0,0
431457,la Selva del Camp,Tarragona,2017,9,0,0,9,5,3,1,0,9,1,0,0,0,0,0,0,0,0,0
431457,la Selva del Camp,Tarragona,2018,9,2,4,3,1,1,7,0,9,4,0,0,0,3,0,0,0,0,0
431457,la Selva del Camp,Tarragona,2019,4,0,2,2,2,0,2,0,4,2,0,0,0,0,0,0,0,0,0
431457,la Selva del Camp,Tarragona,2020,3,1,0,2,0,1,1,1,2,0,0,1,0,0,0,0,0,0,0
431457,la Selva del Camp,Tarragona,2021,7,3,0,4,0,2,4,1,6,1,1,2,0,0,0,0,0,0,0
431457,la Selva del Camp,Tarragona,2022,15,4,1,10,2,1,9,3,12,4,1,1,0,3,0,0,0,0,0
431457,la Selva del Camp,Tarragona,2023,21,3,6,12,3,2,13,3,18,2,5,4,0,2,0,0,0,0,0
431476,Solivella,Tarragona,2011,3,0,0,3,2,0,1,0,3,0,0,0,0,1,0,0,0,0,0
431476,Solivella,Tarragona,2012,4,0,0,4,4,0,0,0,4,0,0,0,0,0,0,0,0,0,0
431476,Solivella,Tarragona,2013,3,0,0,3,3,0,0,0,3,0,0,0,0,0,0,0,0,0,0
431476,Solivella,Tarragona,2014,0,0,0,0,0,0,0,0,0,0,0,0,0,0,0,0,0,0,0
431476,Solivella,Tarragona,2015,4,0,4,0,0,0,4,0,4,0,0,0,0,4,0,0,0,0,0
431476,Solivella,Tarragona,2016,2,0,2,0,0,0,2,0,2,0,0,0,0,2,0,0,0,0,0
431476,Solivella,Tarragona,2017,0,0,0,0,0,0,0,0,0,0,0,0,0,0,0,0,0,0,0
431476,Solivella,Tarragona,2018,1,1,0,0,0,0,1,0,1,0,0,1,0,0,0,0,0,0,0
431476,Solivella,Tarragona,2019,2,0,1,1,1,0,1,0,2,0,0,1,0,0,0,0,0,0,0
431476,Solivella,Tarragona,2020,2,0,0,2,2,0,0,0,2,0,0,0,0,0,0,0,0,0,0
431476,Solivella,Tarragona,2021,1,0,0,1,1,0,0,0,1,0,0,0,0,0,0,0,0,0,0
431482,Tarragona,Tarragona,2011,1345,476,305,564,292,287,745,21,1324,93,22,119,52,428,29,2,0,0,0
431482,Tarragona,Tarragona,2012,1435,714,307,414,226,268,911,30,1405,84,23,271,80,406,47,0,0,0,0
431482,Tarragona,Tarragona,2013,1451,658,425,368,220,291,915,25,1426,105,29,200,89,431,60,1,0,0,0
431482,Tarragona,Tarragona,2014,1163,518,343,302,175,242,732,14,1149,70,29,175,64,355,35,4,0,0,0
431482,Tarragona,Tarragona,2015,1090,415,355,320,148,283,642,17,1073,94,46,117,47,303,33,2,0,0,0
431482,Tarragona,Tarragona,2016,1307,570,366,371,195,295,804,13,1294,119,56,167,37,376,49,0,0,0,0
431482,Tarragona,Tarragona,2017,1535,713,446,376,212,270,1045,8,1527,119,76,245,47,496,53,9,0,0,0
431482,Tarragona,Tarragona,2018,1544,680,485,379,185,221,1133,5,1539,99,62,239,34,605,81,13,0,0,0
431482,Tarragona,Tarragona,2019,1775,919,524,332,135,243,1387,10,1765,74,41,380,38,781,68,5,0,0,0
431482,Tarragona,Tarragona,2020,1026,497,321,208,66,122,707,131,895,47,18,142,24,454,20,2,0,0,0
431482,Tarragona,Tarragona,2021,1219,469,465,285,78,109,527,505,714,54,19,106,8,325,13,2,0,0,0
431482,Tarragona,Tarragona,2022,1320,744,345,231,65,126,841,288,1032,41,37,198,29,512,23,1,0,0,0
431482,Tarragona,Tarragona,2023,2098,977,817,304,125,210,1642,121,1977,78,93,206,38,1176,46,5,0,0,0
431495,Tivenys,Tarragona,2011,0,0,0,0,0,0,0,0,0,0,0,0,0,0,0,0,0,0,0
431495,Tivenys,Tarragona,2012,1,1,0,0,0,0,1,0,1,0,0,1,0,0,0,0,0,0,0
431495,Tivenys,Tarragona,2013,1,1,0,0,0,0,1,0,1,0,0,0,0,1,0,0,0,0,0
431495,Tivenys,Tarragona,2014,2,1,0,1,1,0,1,0,2,0,0,0,0,1,0,0,0,0,0
431495,Tivenys,Tarragona,2015,0,0,0,0,0,0,0,0,0,0,0,0,0,0,0,0,0,0,0
431495,Tivenys,Tarragona,2016,9,7,2,0,0,0,9,0,9,2,0,4,0,3,0,0,0,0,0
431495,Tivenys,Tarragona,2017,2,2,0,0,0,0,2,0,2,0,0,2,0,0,0,0,0,0,0
431495,Tivenys,Tarragona,2018,1,0,0,1,1,0,0,0,1,0,0,0,0,0,0,0,0,0,0
431495,Tivenys,Tarragona,2019,8,8,0,0,0,0,8,0,8,0,0,8,0,0,0,0,0,0,0
431495,Tivenys,Tarragona,2020,4,3,1,0,0,0,4,0,4,0,0,2,0,2,0,0,0,0,0
431495,Tivenys,Tarragona,2021,17,14,0,3,0,0,17,0,17,0,0,14,0,3,0,0,0,0,0
431495,Tivenys,Tarragona,2022,10,6,1,3,0,0,10,0,10,0,0,7,0,3,0,0,0,0,0
431495,Tivenys,Tarragona,2023,2,0,0,2,0,0,2,0,2,0,0,0,0,2,0,0,0,0,0
431508,Tivissa,Tarragona,2011,10,4,0,6,6,2,2,0,10,1,0,0,1,0,0,0,0,0,0
431508,Tivissa,Tarragona,2012,9,0,5,4,4,3,2,0,9,1,0,0,1,0,0,0,0,0,0
431508,Tivissa,Tarragona,2013,16,9,0,7,7,2,7,0,16,2,3,0,2,0,0,0,0,0,0
431508,Tivissa,Tarragona,2014,7,2,2,3,3,2,2,0,7,0,1,0,1,0,0,0,0,0,0
431508,Tivissa,Tarragona,2015,6,0,4,2,0,4,2,0,6,0,2,0,0,0,0,0,0,0,0
431508,Tivissa,Tarragona,2016,3,0,0,3,0,3,0,0,3,0,0,0,0,0,0,0,0,0,0
431508,Tivissa,Tarragona,2017,3,0,0,3,1,2,0,0,3,0,0,0,0,0,0,0,0,0,0
431508,Tivissa,Tarragona,2018,3,0,0,3,1,1,1,0,3,0,0,0,0,1,0,0,0,0,0
431508,Tivissa,Tarragona,2019,11,4,2,5,1,4,6,0,11,2,0,0,0,4,0,0,0,0,0
431508,Tivissa,Tarragona,2020,6,5,0,1,0,1,3,2,4,0,0,0,1,2,0,0,0,0,0
431508,Tivissa,Tarragona,2021,4,1,2,1,1,0,2,1,3,0,0,0,0,2,0,0,0,0,0
431508,Tivissa,Tarragona,2022,6,0,3,3,0,0,3,3,3,0,0,0,0,3,0,0,0,0,0
431508,Tivissa,Tarragona,2023,12,9,2,1,0,0,11,1,11,1,0,0,0,9,1,0,0,0,0
431515,La Torre de Fontaubella,Tarragona,2011,0,0,0,0,0,0,0,0,0,0,0,0,0,0,0,0,0,0,0
431515,La Torre de Fontaubella,Tarragona,2012,0,0,0,0,0,0,0,0,0,0,0,0,0,0,0,0,0,0,0
431515,La Torre de Fontaubella,Tarragona,2013,0,0,0,0,0,0,0,0,0,0,0,0,0,0,0,0,0,0,0
431515,La Torre de Fontaubella,Tarragona,2014,0,0,0,0,0,0,0,0,0,0,0,0,0,0,0,0,0,0,0
431515,La Torre de Fontaubella,Tarragona,2015,0,0,0,0,0,0,0,0,0,0,0,0,0,0,0,0,0,0,0
431515,La Torre de Fontaubella,Tarragona,2016,1,1,0,0,0,0,1,0,1,1,0,0,0,0,0,0,0,0,0
431515,La Torre de Fontaubella,Tarragona,2017,0,0,0,0,0,0,0,0,0,0,0,0,0,0,0,0,0,0,0
431515,La Torre de Fontaubella,Tarragona,2018,1,1,0,0,0,1,0,0,1,0,0,0,0,0,0,0,0,0,0
431515,La Torre de Fontaubella,Tarragona,2019,0,0,0,0,0,0,0,0,0,0,0,0,0,0,0,0,0,0,0
431515,La Torre de Fontaubella,Tarragona,2020,0,0,0,0,0,0,0,0,0,0,0,0,0,0,0,0,0,0,0
431515,La Torre de Fontaubella,Tarragona,2021,0,0,0,0,0,0,0,0,0,0,0,0,0,0,0,0,0,0,0
431515,La Torre de Fontaubella,Tarragona,2022,2,2,0,0,0,0,2,0,2,0,2,0,0,0,0,0,0,0,0
431515,La Torre de Fontaubella,Tarragona,2023,5,1,4,0,0,0,5,0,5,0,3,0,0,1,1,0,0,0,0
431520,La Torre de l'Espanyol,Tarragona,2011,5,1,0,4,4,0,1,0,5,0,0,0,0,1,0,0,0,0,0
431520,La Torre de l'Espanyol,Tarragona,2012,12,0,4,8,6,0,6,0,12,0,0,2,0,4,0,0,0,0,0
431520,La Torre de l'Espanyol,Tarragona,2013,2,0,0,2,2,0,0,0,2,0,0,0,0,0,0,0,0,0,0
431520,La Torre de l'Espanyol,Tarragona,2014,1,0,1,0,0,0,1,0,1,0,0,0,0,1,0,0,0,0,0
431520,La Torre de l'Espanyol,Tarragona,2015,3,0,2,1,0,0,3,0,3,0,0,0,0,3,0,0,0,0,0
431520,La Torre de l'Espanyol,Tarragona,2016,4,0,0,4,1,0,3,0,4,0,0,0,0,3,0,0,0,0,0
431520,La Torre de l'Espanyol,Tarragona,2017,3,0,0,3,0,0,3,0,3,0,0,0,0,3,0,0,0,0,0
431520,La Torre de l'Espanyol,Tarragona,2018,0,0,0,0,0,0,0,0,0,0,0,0,0,0,0,0,0,0,0
431520,La Torre de l'Espanyol,Tarragona,2019,11,9,0,2,2,0,9,0,11,0,0,9,0,0,0,0,0,0,0
431520,La Torre de l'Espanyol,Tarragona,2020,1,1,0,0,0,0,1,0,1,0,0,1,0,0,0,0,0,0,0
431520,La Torre de l'Espanyol,Tarragona,2021,0,0,0,0,0,0,0,0,0,0,0,0,0,0,0,0,0,0,0
431520,La Torre de l'Espanyol,Tarragona,2022,4,2,0,2,0,0,4,0,4,0,0,2,0,2,0,0,0,0,0
431520,La Torre de l'Espanyol,Tarragona,2023,12,11,0,1,1,0,11,0,12,0,0,9,0,2,0,0,0,0,0
431536,Torredembarra,Tarragona,2011,83,4,6,73,41,25,15,2,81,3,1,2,0,9,0,0,0,0,0
431536,Torredembarra,Tarragona,2012,50,5,5,40,24,12,13,1,49,3,0,0,0,10,0,0,0,0,0
431536,Torredembarra,Tarragona,2013,15,1,7,7,1,2,10,2,13,4,1,0,0,5,0,0,0,0,0
431536,Torredembarra,Tarragona,2014,28,16,6,6,2,4,22,0,28,8,3,4,0,7,0,0,0,0,0
431536,Torredembarra,Tarragona,2015,4,0,1,3,0,0,4,0,4,1,2,0,0,1,0,0,0,0,0
431536,Torredembarra,Tarragona,2016,11,2,2,7,4,0,6,1,10,3,1,0,0,2,0,0,0,0,0
431536,Torredembarra,Tarragona,2017,27,0,6,21,10,1,13,3,24,10,0,0,0,3,0,0,0,0,0
431536,Torredembarra,Tarragona,2018,27,3,6,18,8,2,14,3,24,4,2,0,0,7,1,0,0,0,0
431536,Torredembarra,Tarragona,2019,29,3,14,12,6,1,20,2,27,0,6,0,0,13,1,0,0,0,0
431536,Torredembarra,Tarragona,2020,17,5,4,8,1,1,13,2,15,1,3,3,0,6,0,0,0,0,0
431536,Torredembarra,Tarragona,2021,33,11,11,11,0,2,9,22,11,1,0,3,0,5,0,0,0,0,0
431536,Torredembarra,Tarragona,2022,27,6,9,12,4,2,14,7,20,0,2,3,0,9,0,0,0,0,0
431536,Torredembarra,Tarragona,2023,67,18,19,30,21,5,39,2,65,4,2,5,0,27,1,0,0,0,0
431541,Torroja del Priorat,Tarragona,2011,0,0,0,0,0,0,0,0,0,0,0,0,0,0,0,0,0,0,0
431541,Torroja del Priorat,Tarragona,2012,1,0,0,1,1,0,0,0,1,0,0,0,0,0,0,0,0,0,0
431541,Torroja del Priorat,Tarragona,2013,0,0,0,0,0,0,0,0,0,0,0,0,0,0,0,0,0,0,0
431541,Torroja del Priorat,Tarragona,2014,0,0,0,0,0,0,0,0,0,0,0,0,0,0,0,0,0,0,0
431541,Torroja del Priorat,Tarragona,2015,0,0,0,0,0,0,0,0,0,0,0,0,0,0,0,0,0,0,0
431541,Torroja del Priorat,Tarragona,2016,0,0,0,0,0,0,0,0,0,0,0,0,0,0,0,0,0,0,0
431541,Torroja del Priorat,Tarragona,2017,2,0,1,1,1,0,1,0,2,1,0,0,0,0,0,0,0,0,0
431541,Torroja del Priorat,Tarragona,2018,1,1,0,0,0,0,1,0,1,0,1,0,0,0,0,0,0,0,0
431541,Torroja del Priorat,Tarragona,2019,0,0,0,0,0,0,0,0,0,0,0,0,0,0,0,0,0,0,0
431541,Torroja del Priorat,Tarragona,2020,1,1,0,0,0,0,1,0,1,1,0,0,0,0,0,0,0,0,0
431541,Torroja del Priorat,Tarragona,2021,0,0,0,0,0,0,0,0,0,0,0,0,0,0,0,0,0,0,0
431554,Tortosa,Tarragona,2011,1148,710,188,250,170,44,930,4,1144,103,72,313,98,194,150,0,0,0,0
431554,Tortosa,Tarragona,2012,1193,887,136,170,103,51,1039,0,1193,99,85,410,81,204,160,0,0,0,0
431554,Tortosa,Tarragona,2013,923,734,126,63,40,40,842,1,922,93,47,269,82,197,154,0,0,0,0
431554,Tortosa,Tarragona,2014,390,289,45,56,37,24,329,0,390,25,13,122,35,66,68,0,0,0,0
431554,Tortosa,Tarragona,2015,400,301,52,47,27,14,359,0,400,38,19,96,58,85,63,0,0,0,0
431554,Tortosa,Tarragona,2016,537,400,65,72,37,21,479,0,537,44,23,204,31,90,85,2,0,0,0
431554,Tortosa,Tarragona,2017,576,388,71,117,64,33,474,5,571,37,31,181,28,144,53,0,0,0,0
431554,Tortosa,Tarragona,2018,579,443,56,80,37,23,518,1,578,35,16,223,48,142,51,3,0,0,0
431554,Tortosa,Tarragona,2019,716,535,105,76,40,20,609,47,669,32,19,303,58,162,33,2,0,0,0
431554,Tortosa,Tarragona,2020,405,261,65,79,27,22,304,52,353,31,8,102,29,106,28,0,0,0,0
431554,Tortosa,Tarragona,2021,528,314,119,95,38,31,340,119,409,34,13,102,17,143,31,0,0,0,0
431554,Tortosa,Tarragona,2022,799,710,52,37,20,13,707,59,740,20,59,263,86,228,51,0,0,0,0
431554,Tortosa,Tarragona,2023,1011,828,135,48,37,15,926,33,978,26,34,392,113,260,100,1,0,0,0
431567,Ulldecona,Tarragona,2011,0,0,0,0,0,0,0,0,0,0,0,0,0,0,0,0,0,0,0
431567,Ulldecona,Tarragona,2012,9,8,0,1,0,0,9,0,9,4,0,5,0,0,0,0,0,0,0
431567,Ulldecona,Tarragona,2013,3,2,0,1,0,0,3,0,3,1,2,0,0,0,0,0,0,0,0
431567,Ulldecona,Tarragona,2014,4,0,4,0,0,0,4,0,4,0,4,0,0,0,0,0,0,0,0
431567,Ulldecona,Tarragona,2015,1,0,0,1,0,0,1,0,1,1,0,0,0,0,0,0,0,0,0
431567,Ulldecona,Tarragona,2016,0,0,0,0,0,0,0,0,0,0,0,0,0,0,0,0,0,0,0
431567,Ulldecona,Tarragona,2017,0,0,0,0,0,0,0,0,0,0,0,0,0,0,0,0,0,0,0
431567,Ulldecona,Tarragona,2018,0,0,0,0,0,0,0,0,0,0,0,0,0,0,0,0,0,0,0
431567,Ulldecona,Tarragona,2019,2,2,0,0,0,0,2,0,2,0,0,2,0,0,0,0,0,0,0
431567,Ulldecona,Tarragona,2020,7,4,0,3,0,0,3,4,3,0,0,2,0,0,1,0,0,0,0
431567,Ulldecona,Tarragona,2021,10,8,2,0,0,0,9,1,9,1,0,5,0,2,1,0,0,0,0
431567,Ulldecona,Tarragona,2022,3,2,1,0,0,0,3,0,3,0,0,2,0,1,0,0,0,0,0
431567,Ulldecona,Tarragona,2023,19,17,0,2,0,0,17,2,17,2,0,8,1,5,1,0,0,0,0
431573,Ulldemolins,Tarragona,2011,0,0,0,0,0,0,0,0,0,0,0,0,0,0,0,0,0,0,0
431573,Ulldemolins,Tarragona,2012,0,0,0,0,0,0,0,0,0,0,0,0,0,0,0,0,0,0,0
431573,Ulldemolins,Tarragona,2013,0,0,0,0,0,0,0,0,0,0,0,0,0,0,0,0,0,0,0
431573,Ulldemolins,Tarragona,2014,0,0,0,0,0,0,0,0,0,0,0,0,0,0,0,0,0,0,0
431573,Ulldemolins,Tarragona,2015,0,0,0,0,0,0,0,0,0,0,0,0,0,0,0,0,0,0,0
431573,Ulldemolins,Tarragona,2016,2,0,0,2,0,0,2,0,2,2,0,0,0,0,0,0,0,0,0
431573,Ulldemolins,Tarragona,2017,1,0,0,1,0,0,1,0,1,1,0,0,0,0,0,0,0,0,0
431573,Ulldemolins,Tarragona,2018,0,0,0,0,0,0,0,0,0,0,0,0,0,0,0,0,0,0,0
431573,Ulldemolins,Tarragona,2019,0,0,0,0,0,0,0,0,0,0,0,0,0,0,0,0,0,0,0
431573,Ulldemolins,Tarragona,2020,0,0,0,0,0,0,0,0,0,0,0,0,0,0,0,0,0,0,0
431573,Ulldemolins,Tarragona,2021,0,0,0,0,0,0,0,0,0,0,0,0,0,0,0,0,0,0,0
431573,Ulldemolins,Tarragona,2022,2,2,0,0,0,0,2,0,2,0,0,0,0,2,0,0,0,0,0
431573,Ulldemolins,Tarragona,2023,2,1,0,1,1,0,1,0,2,0,0,0,0,1,0,0,0,0,0
431589,Vallclara,Tarragona,2011,0,0,0,0,0,0,0,0,0,0,0,0,0,0,0,0,0,0,0
431589,Vallclara,Tarragona,2012,0,0,0,0,0,0,0,0,0,0,0,0,0,0,0,0,0,0,0
431589,Vallclara,Tarragona,2013,0,0,0,0,0,0,0,0,0,0,0,0,0,0,0,0,0,0,0
431589,Vallclara,Tarragona,2014,0,0,0,0,0,0,0,0,0,0,0,0,0,0,0,0,0,0,0
431589,Vallclara,Tarragona,2015,0,0,0,0,0,0,0,0,0,0,0,0,0,0,0,0,0,0,0
431589,Vallclara,Tarragona,2016,0,0,0,0,0,0,0,0,0,0,0,0,0,0,0,0,0,0,0
431589,Vallclara,Tarragona,2017,0,0,0,0,0,0,0,0,0,0,0,0,0,0,0,0,0,0,0
431589,Vallclara,Tarragona,2018,1,1,0,0,0,0,1,0,1,0,0,0,0,1,0,0,0,0,0
431589,Vallclara,Tarragona,2019,1,0,1,0,0,0,1,0,1,0,0,0,0,1,0,0,0,0,0
431589,Vallclara,Tarragona,2020,0,0,0,0,0,0,0,0,0,0,0,0,0,0,0,0,0,0,0
431589,Vallclara,Tarragona,2021,0,0,0,0,0,0,0,0,0,0,0,0,0,0,0,0,0,0,0
431592,Vallfogona de Riucorb,Tarragona,2011,1,0,0,1,1,0,0,0,1,0,0,0,0,0,0,0,0,0,0
431592,Vallfogona de Riucorb,Tarragona,2012,0,0,0,0,0,0,0,0,0,0,0,0,0,0,0,0,0,0,0
431592,Vallfogona de Riucorb,Tarragona,2013,0,0,0,0,0,0,0,0,0,0,0,0,0,0,0,0,0,0,0
431592,Vallfogona de Riucorb,Tarragona,2014,0,0,0,0,0,0,0,0,0,0,0,0,0,0,0,0,0,0,0
431592,Vallfogona de Riucorb,Tarragona,2015,0,0,0,0,0,0,0,0,0,0,0,0,0,0,0,0,0,0,0
431592,Vallfogona de Riucorb,Tarragona,2016,0,0,0,0,0,0,0,0,0,0,0,0,0,0,0,0,0,0,0
431592,Vallfogona de Riucorb,Tarragona,2017,0,0,0,0,0,0,0,0,0,0,0,0,0,0,0,0,0,0,0
431592,Vallfogona de Riucorb,Tarragona,2018,0,0,0,0,0,0,0,0,0,0,0,0,0,0,0,0,0,0,0
431592,Vallfogona de Riucorb,Tarragona,2019,0,0,0,0,0,0,0,0,0,0,0,0,0,0,0,0,0,0,0
431592,Vallfogona de Riucorb,Tarragona,2020,0,0,0,0,0,0,0,0,0,0,0,0,0,0,0,0,0,0,0
431592,Vallfogona de Riucorb,Tarragona,2021,0,0,0,0,0,0,0,0,0,0,0,0,0,0,0,0,0,0,0
431606,Vallmoll,Tarragona,2011,10,1,0,9,7,2,1,0,10,0,0,0,0,1,0,0,0,0,0
431606,Vallmoll,Tarragona,2012,4,0,1,3,2,1,1,0,4,0,0,0,0,1,0,0,0,0,0
431606,Vallmoll,Tarragona,2013,5,1,1,3,2,1,2,0,5,0,0,0,0,2,0,0,0,0,0
431606,Vallmoll,Tarragona,2014,5,1,3,1,0,3,2,0,5,0,0,0,0,2,0,0,0,0,0
431606,Vallmoll,Tarragona,2015,7,0,3,4,0,4,3,0,7,0,0,0,0,3,0,0,0,0,0
431606,Vallmoll,Tarragona,2016,9,0,1,8,1,4,4,0,9,0,0,0,0,4,0,0,0,0,0
431606,Vallmoll,Tarragona,2017,11,3,0,8,5,2,3,1,10,0,2,0,0,1,0,0,0,0,0
431606,Vallmoll,Tarragona,2018,11,1,5,5,5,1,4,1,10,0,1,0,0,3,0,0,0,0,0
431606,Vallmoll,Tarragona,2019,2,0,2,0,0,0,2,0,2,0,0,0,0,2,0,0,0,0,0
431606,Vallmoll,Tarragona,2020,2,0,0,2,1,0,1,0,2,0,0,0,0,1,0,0,0,0,0
431606,Vallmoll,Tarragona,2021,4,3,0,1,0,0,0,4,0,0,0,0,0,0,0,0,0,0,0
431606,Vallmoll,Tarragona,2022,10,4,2,4,0,3,5,2,8,0,0,2,0,3,0,0,0,0,0
431606,Vallmoll,Tarragona,2023,18,8,10,0,0,0,15,3,15,0,0,0,0,15,0,0,0,0,0
431613,Valls,Tarragona,2011,185,56,48,81,68,25,92,0,185,15,2,42,2,29,2,0,0,0,0
431613,Valls,Tarragona,2012,173,71,42,60,49,23,101,0,173,11,2,36,15,36,1,0,0,0,0
431613,Valls,Tarragona,2013,116,41,17,58,38,24,53,1,115,7,2,17,1,22,4,0,0,0,0
431613,Valls,Tarragona,2014,86,18,22,46,21,21,44,0,86,10,0,12,3,18,1,0,0,0,0
431613,Valls,Tarragona,2015,96,17,42,37,14,31,51,0,96,9,3,13,4,22,0,0,0,0,0
431613,Valls,Tarragona,2016,112,30,46,36,16,31,65,0,112,8,1,17,3,35,1,0,0,0,0
431613,Valls,Tarragona,2017,131,38,50,43,27,22,82,0,131,4,3,45,5,18,7,0,0,0,0
431613,Valls,Tarragona,2018,206,105,60,41,32,24,150,0,206,3,10,63,3,61,10,0,0,0,0
431613,Valls,Tarragona,2019,257,109,97,51,40,22,195,0,257,5,2,80,0,103,5,0,0,0,0
431613,Valls,Tarragona,2020,193,124,52,17,10,7,170,6,187,7,12,67,15,64,5,0,0,0,0
431613,Valls,Tarragona,2021,179,83,70,26,5,10,93,71,108,8,2,25,13,42,3,0,0,0,0
431613,Valls,Tarragona,2022,190,118,55,17,11,4,154,21,169,1,8,32,13,94,6,0,0,0,0
431613,Valls,Tarragona,2023,284,155,104,25,12,18,241,13,271,4,16,60,14,144,3,0,0,0,0
431628,Vandellòs i l'Hospitalet de l'Infant,Tarragona,2011,126,45,36,45,24,37,65,0,126,23,14,5,1,19,3,0,0,0,0
431628,Vandellòs i l'Hospitalet de l'Infant,Tarragona,2012,95,26,30,39,24,31,38,2,93,8,7,2,0,18,3,0,0,0,0
431628,Vandellòs i l'Hospitalet de l'Infant,Tarragona,2013,71,15,32,24,16,23,31,1,70,7,3,3,0,18,0,0,0,0,0
431628,Vandellòs i l'Hospitalet de l'Infant,Tarragona,2014,56,19,17,20,8,23,25,0,56,8,1,3,0,12,1,0,0,0,0
431628,Vandellòs i l'Hospitalet de l'Infant,Tarragona,2015,54,16,28,10,5,15,34,0,54,11,4,3,0,14,2,0,0,0,0
431628,Vandellòs i l'Hospitalet de l'Infant,Tarragona,2016,60,15,22,23,13,16,31,0,60,10,1,5,0,14,1,0,0,0,0
431628,Vandellòs i l'Hospitalet de l'Infant,Tarragona,2017,49,0,18,31,14,19,16,0,49,9,0,2,0,4,1,0,0,0,0
431628,Vandellòs i l'Hospitalet de l'Infant,Tarragona,2018,70,43,15,12,3,21,46,0,70,6,5,17,1,17,0,0,0,0,0
431628,Vandellòs i l'Hospitalet de l'Infant,Tarragona,2019,95,33,38,24,6,26,63,0,95,7,5,21,0,29,1,0,0,0,0
431628,Vandellòs i l'Hospitalet de l'Infant,Tarragona,2020,86,26,51,9,3,19,64,0,86,7,2,18,0,34,3,0,0,0,0
431628,Vandellòs i l'Hospitalet de l'Infant,Tarragona,2021,99,38,41,20,5,16,70,8,91,6,0,18,3,39,4,0,0,0,0
431628,Vandellòs i l'Hospitalet de l'Infant,Tarragona,2022,101,53,36,12,3,21,74,3,98,1,6,16,17,30,4,0,0,0,0
431628,Vandellòs i l'Hospitalet de l'Infant,Tarragona,2023,116,52,54,10,1,22,93,0,116,2,11,3,9,65,3,0,0,0,0
431634,el Vendrell,Tarragona,2011,470,164,130,176,107,83,276,4,466,28,15,68,1,157,6,1,0,0,0
431634,el Vendrell,Tarragona,2012,363,93,115,155,95,73,195,0,363,26,9,42,1,112,3,2,0,0,0
431634,el Vendrell,Tarragona,2013,331,60,120,151,81,69,181,0,331,34,7,35,1,98,5,1,0,0,0
431634,el Vendrell,Tarragona,2014,265,85,62,118,76,56,132,1,264,26,4,44,1,51,6,0,0,0,0
431634,el Vendrell,Tarragona,2015,287,93,82,112,66,55,166,0,287,27,9,56,1,64,9,0,0,0,0
431634,el Vendrell,Tarragona,2016,282,72,96,114,81,47,154,0,282,21,15,52,0,57,8,1,0,0,0
431634,el Vendrell,Tarragona,2017,288,67,122,99,66,54,168,0,288,25,15,28,0,92,5,3,0,0,0
431634,el Vendrell,Tarragona,2018,284,67,117,100,55,45,184,0,284,30,13,40,0,93,7,1,0,0,0
431634,el Vendrell,Tarragona,2019,290,93,100,97,56,29,205,0,290,33,14,48,2,98,10,0,0,0,0
431634,el Vendrell,Tarragona,2020,234,82,72,80,37,31,146,20,214,14,13,39,3,69,8,0,0,0,0
431634,el Vendrell,Tarragona,2021,314,146,93,75,26,27,138,123,191,8,16,50,0,58,6,0,0,0,0
431634,el Vendrell,Tarragona,2022,305,198,57,50,14,20,245,26,279,7,22,108,5,99,2,2,0,0,0
431634,el Vendrell,Tarragona,2023,390,165,161,64,34,35,313,8,382,18,26,63,7,190,7,2,0,0,0
431649,Vespella de Gaià,Tarragona,2011,1,0,1,0,1,0,0,0,1,0,0,0,0,0,0,0,0,0,0
431649,Vespella de Gaià,Tarragona,2012,0,0,0,0,0,0,0,0,0,0,0,0,0,0,0,0,0,0,0
431649,Vespella de Gaià,Tarragona,2013,1,0,0,1,1,0,0,0,1,0,0,0,0,0,0,0,0,0,0
431649,Vespella de Gaià,Tarragona,2014,0,0,0,0,0,0,0,0,0,0,0,0,0,0,0,0,0,0,0
431649,Vespella de Gaià,Tarragona,2015,0,0,0,0,0,0,0,0,0,0,0,0,0,0,0,0,0,0,0
431649,Vespella de Gaià,Tarragona,2016,0,0,0,0,0,0,0,0,0,0,0,0,0,0,0,0,0,0,0
431649,Vespella de Gaià,Tarragona,2017,1,0,0,1,0,0,1,0,1,0,1,0,0,0,0,0,0,0,0
431649,Vespella de Gaià,Tarragona,2018,0,0,0,0,0,0,0,0,0,0,0,0,0,0,0,0,0,0,0
431649,Vespella de Gaià,Tarragona,2019,0,0,0,0,0,0,0,0,0,0,0,0,0,0,0,0,0,0,0
431649,Vespella de Gaià,Tarragona,2020,0,0,0,0,0,0,0,0,0,0,0,0,0,0,0,0,0,0,0
431649,Vespella de Gaià,Tarragona,2021,0,0,0,0,0,0,0,0,0,0,0,0,0,0,0,0,0,0,0
431652,Vilabella,Tarragona,2011,2,0,0,2,1,1,0,0,2,0,0,0,0,0,0,0,0,0,0
431652,Vilabella,Tarragona,2012,0,0,0,0,0,0,0,0,0,0,0,0,0,0,0,0,0,0,0
431652,Vilabella,Tarragona,2013,0,0,0,0,0,0,0,0,0,0,0,0,0,0,0,0,0,0,0
431652,Vilabella,Tarragona,2014,0,0,0,0,0,0,0,0,0,0,0,0,0,0,0,0,0,0,0
431652,Vilabella,Tarragona,2015,2,0,0,2,2,0,0,0,2,0,0,0,0,0,0,0,0,0,0
431652,Vilabella,Tarragona,2016,2,0,0,2,2,0,0,0,2,0,0,0,0,0,0,0,0,0,0
431652,Vilabella,Tarragona,2017,4,0,0,4,4,0,0,0,4,0,0,0,0,0,0,0,0,0,0
431652,Vilabella,Tarragona,2018,2,0,0,2,2,0,0,0,2,0,0,0,0,0,0,0,0,0,0
431652,Vilabella,Tarragona,2019,3,1,0,2,2,0,1,0,3,0,0,0,0,1,0,0,0,0,0
431652,Vilabella,Tarragona,2020,2,1,0,1,1,0,1,0,2,0,1,0,0,0,0,0,0,0,0
431652,Vilabella,Tarragona,2021,5,1,1,3,3,0,2,0,5,0,2,0,0,0,0,0,0,0,0
431652,Vilabella,Tarragona,2022,1,0,0,1,1,0,0,0,1,0,0,0,0,0,0,0,0,0,0
431665,Vilallonga del Camp,Tarragona,2011,8,1,5,2,1,3,4,0,8,0,0,0,0,4,0,0,0,0,0
431665,Vilallonga del Camp,Tarragona,2012,20,18,0,2,1,2,17,0,20,5,0,3,1,8,0,0,0,0,0
431665,Vilallonga del Camp,Tarragona,2013,2,0,0,2,1,1,0,0,2,0,0,0,0,0,0,0,0,0,0
431665,Vilallonga del Camp,Tarragona,2014,0,0,0,0,0,0,0,0,0,0,0,0,0,0,0,0,0,0,0
431665,Vilallonga del Camp,Tarragona,2015,1,1,0,0,0,1,0,0,1,0,0,0,0,0,0,0,0,0,0
431665,Vilallonga del Camp,Tarragona,2016,9,1,3,5,2,5,2,0,9,1,0,1,0,0,0,0,0,0,0
431665,Vilallonga del Camp,Tarragona,2017,3,2,0,1,1,0,2,0,3,0,0,2,0,0,0,0,0,0,0
431665,Vilallonga del Camp,Tarragona,2018,4,4,0,0,0,0,4,0,4,0,0,3,0,1,0,0,0,0,0
431665,Vilallonga del Camp,Tarragona,2019,3,1,2,0,0,0,3,0,3,0,0,1,0,2,0,0,0,0,0
431665,Vilallonga del Camp,Tarragona,2020,4,2,2,0,0,2,0,2,2,0,0,0,0,0,0,0,0,0,0
431665,Vilallonga del Camp,Tarragona,2021,7,3,3,1,1,0,0,6,1,0,0,0,0,0,0,0,0,0,0
431665,Vilallonga del Camp,Tarragona,2022,5,2,1,2,2,0,2,1,4,0,0,0,1,1,0,0,0,0,0
431665,Vilallonga del Camp,Tarragona,2023,4,1,2,1,1,0,3,0,4,0,2,0,1,0,0,0,0,0,0
431671,Vilanova d'Escornalbou,Tarragona,2011,5,3,0,2,0,0,5,0,5,3,0,0,0,2,0,0,0,0,0
431671,Vilanova d'Escornalbou,Tarragona,2012,2,0,0,2,2,0,0,0,2,0,0,0,0,0,0,0,0,0,0
431671,Vilanova d'Escornalbou,Tarragona,2013,3,0,1,2,2,1,0,0,3,0,0,0,0,0,0,0,0,0,0
431671,Vilanova d'Escornalbou,Tarragona,2014,2,0,2,0,0,2,0,0,2,0,0,0,0,0,0,0,0,0,0
431671,Vilanova d'Escornalbou,Tarragona,2015,0,0,0,0,0,0,0,0,0,0,0,0,0,0,0,0,0,0,0
431671,Vilanova d'Escornalbou,Tarragona,2016,1,1,0,0,0,0,1,0,1,1,0,0,0,0,0,0,0,0,0
431671,Vilanova d'Escornalbou,Tarragona,2017,3,0,3,0,0,0,3,0,3,3,0,0,0,0,0,0,0,0,0
431671,Vilanova d'Escornalbou,Tarragona,2018,2,0,0,2,0,0,2,0,2,0,0,0,0,2,0,0,0,0,0
431671,Vilanova d'Escornalbou,Tarragona,2019,0,0,0,0,0,0,0,0,0,0,0,0,0,0,0,0,0,0,0
431671,Vilanova d'Escornalbou,Tarragona,2020,0,0,0,0,0,0,0,0,0,0,0,0,0,0,0,0,0,0,0
431671,Vilanova d'Escornalbou,Tarragona,2021,2,0,0,2,2,0,0,0,2,0,0,0,0,0,0,0,0,0,0
431671,Vilanova d'Escornalbou,Tarragona,2022,1,0,0,1,1,0,0,0,1,0,0,0,0,0,0,0,0,0,0
431671,Vilanova d'Escornalbou,Tarragona,2023,1,1,0,0,0,0,1,0,1,1,0,0,0,0,0,0,0,0,0
431687,Vilanova de Prades,Tarragona,2011,0,0,0,0,0,0,0,0,0,0,0,0,0,0,0,0,0,0,0
431687,Vilanova de Prades,Tarragona,2012,0,0,0,0,0,0,0,0,0,0,0,0,0,0,0,0,0,0,0
431687,Vilanova de Prades,Tarragona,2013,0,0,0,0,0,0,0,0,0,0,0,0,0,0,0,0,0,0,0
431687,Vilanova de Prades,Tarragona,2014,0,0,0,0,0,0,0,0,0,0,0,0,0,0,0,0,0,0,0
431687,Vilanova de Prades,Tarragona,2015,0,0,0,0,0,0,0,0,0,0,0,0,0,0,0,0,0,0,0
431687,Vilanova de Prades,Tarragona,2016,0,0,0,0,0,0,0,0,0,0,0,0,0,0,0,0,0,0,0
431687,Vilanova de Prades,Tarragona,2017,0,0,0,0,0,0,0,0,0,0,0,0,0,0,0,0,0,0,0
431687,Vilanova de Prades,Tarragona,2018,0,0,0,0,0,0,0,0,0,0,0,0,0,0,0,0,0,0,0
431687,Vilanova de Prades,Tarragona,2019,0,0,0,0,0,0,0,0,0,0,0,0,0,0,0,0,0,0,0
431687,Vilanova de Prades,Tarragona,2020,0,0,0,0,0,0,0,0,0,0,0,0,0,0,0,0,0,0,0
431687,Vilanova de Prades,Tarragona,2021,1,1,0,0,0,0,0,1,0,0,0,0,0,0,0,0,0,0,0
431690,Vilaplana,Tarragona,2011,4,0,0,4,4,0,0,0,4,0,0,0,0,0,0,0,0,0,0
431690,Vilaplana,Tarragona,2012,8,1,0,7,7,0,1,0,8,0,0,0,0,0,1,0,0,0,0
431690,Vilaplana,Tarragona,2013,5,1,0,4,4,1,0,0,5,0,0,0,0,0,0,0,0,0,0
431690,Vilaplana,Tarragona,2014,4,2,2,0,0,2,2,0,4,0,0,2,0,0,0,0,0,0,0
431690,Vilaplana,Tarragona,2015,0,0,0,0,0,0,0,0,0,0,0,0,0,0,0,0,0,0,0
431690,Vilaplana,Tarragona,2016,1,0,0,1,1,0,0,0,1,0,0,0,0,0,0,0,0,0,0
431690,Vilaplana,Tarragona,2017,1,0,0,1,1,0,0,0,1,0,0,0,0,0,0,0,0,0,0
431690,Vilaplana,Tarragona,2018,1,0,0,1,0,1,0,0,1,0,0,0,0,0,0,0,0,0,0
431690,Vilaplana,Tarragona,2019,1,0,0,1,0,1,0,0,1,0,0,0,0,0,0,0,0,0,0
431690,Vilaplana,Tarragona,2020,1,1,0,0,0,0,1,0,1,0,0,1,0,0,0,0,0,0,0
431690,Vilaplana,Tarragona,2021,1,1,0,0,0,0,1,0,1,1,0,0,0,0,0,0,0,0,0
431704,Vila-rodona,Tarragona,2011,6,0,1,5,3,2,1,0,6,0,0,0,0,1,0,0,0,0,0
431704,Vila-rodona,Tarragona,2012,4,0,1,3,3,0,1,0,4,0,0,1,0,0,0,0,0,0,0
431704,Vila-rodona,Tarragona,2013,3,0,2,1,0,0,3,0,3,2,0,1,0,0,0,0,0,0,0
431704,Vila-rodona,Tarragona,2014,3,0,0,3,0,0,3,0,3,3,0,0,0,0,0,0,0,0,0
431704,Vila-rodona,Tarragona,2015,2,0,0,2,1,0,1,0,2,1,0,0,0,0,0,0,0,0,0
431704,Vila-rodona,Tarragona,2016,6,0,2,4,3,2,1,0,6,1,0,0,0,0,0,0,0,0,0
431704,Vila-rodona,Tarragona,2017,5,0,0,5,3,0,2,0,5,2,0,0,0,0,0,0,0,0,0
431704,Vila-rodona,Tarragona,2018,1,0,1,0,0,0,1,0,1,1,0,0,0,0,0,0,0,0,0
431704,Vila-rodona,Tarragona,2019,14,11,1,2,0,0,14,0,14,2,0,11,1,0,0,0,0,0,0
431704,Vila-rodona,Tarragona,2020,6,4,0,2,1,0,5,0,6,1,0,3,0,1,0,0,0,0,0
431704,Vila-rodona,Tarragona,2021,3,1,2,0,0,0,3,0,3,1,0,2,0,0,0,0,0,0,0
431704,Vila-rodona,Tarragona,2022,2,1,1,0,0,0,2,0,2,1,0,1,0,0,0,0,0,0,0
431704,Vila-rodona,Tarragona,2023,1,0,1,0,0,0,1,0,1,1,0,0,0,0,0,0,0,0,0
431711,Vila-seca,Tarragona,2011,332,139,119,74,37,84,193,18,314,20,14,63,18,68,8,2,0,0,0
431711,Vila-seca,Tarragona,2012,374,211,121,42,31,50,289,4,370,11,9,128,58,48,35,0,0,0,0
431711,Vila-seca,Tarragona,2013,336,180,110,46,22,62,252,0,336,8,13,96,61,44,30,0,0,0,0
431711,Vila-seca,Tarragona,2014,228,142,49,37,21,43,164,0,228,9,12,65,35,20,22,1,0,0,0
431711,Vila-seca,Tarragona,2015,216,142,17,57,13,49,151,3,213,7,7,73,38,15,10,1,0,0,0
431711,Vila-seca,Tarragona,2016,197,96,59,42,17,55,123,2,195,15,11,45,16,27,9,0,0,0,0
431711,Vila-seca,Tarragona,2017,109,26,39,44,22,28,59,0,109,12,5,15,5,18,3,1,0,0,0
431711,Vila-seca,Tarragona,2018,136,58,44,34,21,29,86,0,136,8,7,17,6,42,6,0,0,0,0
431711,Vila-seca,Tarragona,2019,180,65,70,45,19,39,121,1,179,12,8,28,8,59,4,2,0,0,0
431711,Vila-seca,Tarragona,2020,127,58,29,40,19,27,77,4,123,1,3,28,6,28,11,0,0,0,0
431711,Vila-seca,Tarragona,2021,150,68,43,39,17,20,79,34,116,1,4,27,9,22,15,1,0,0,0
431711,Vila-seca,Tarragona,2022,145,82,46,17,7,13,108,17,128,5,13,20,7,58,3,2,0,0,0
431711,Vila-seca,Tarragona,2023,237,109,88,40,20,27,180,10,227,9,17,20,1,123,7,3,0,0,0
431726,Vilaverd,Tarragona,2011,3,3,0,0,0,0,3,0,3,3,0,0,0,0,0,0,0,0,0
431726,Vilaverd,Tarragona,2012,0,0,0,0,0,0,0,0,0,0,0,0,0,0,0,0,0,0,0
431726,Vilaverd,Tarragona,2013,0,0,0,0,0,0,0,0,0,0,0,0,0,0,0,0,0,0,0
431726,Vilaverd,Tarragona,2014,0,0,0,0,0,0,0,0,0,0,0,0,0,0,0,0,0,0,0
431726,Vilaverd,Tarragona,2015,0,0,0,0,0,0,0,0,0,0,0,0,0,0,0,0,0,0,0
431726,Vilaverd,Tarragona,2016,2,0,0,2,0,2,0,0,2,0,0,0,0,0,0,0,0,0,0
431726,Vilaverd,Tarragona,2017,0,0,0,0,0,0,0,0,0,0,0,0,0,0,0,0,0,0,0
431726,Vilaverd,Tarragona,2018,0,0,0,0,0,0,0,0,0,0,0,0,0,0,0,0,0,0,0
431726,Vilaverd,Tarragona,2019,0,0,0,0,0,0,0,0,0,0,0,0,0,0,0,0,0,0,0
431726,Vilaverd,Tarragona,2020,0,0,0,0,0,0,0,0,0,0,0,0,0,0,0,0,0,0,0
431726,Vilaverd,Tarragona,2021,0,0,0,0,0,0,0,0,0,0,0,0,0,0,0,0,0,0,0
431732,la Vilella Alta,Tarragona,2011,1,0,0,1,1,0,0,0,1,0,0,0,0,0,0,0,0,0,0
431732,la Vilella Alta,Tarragona,2012,1,0,0,1,1,0,0,0,1,0,0,0,0,0,0,0,0,0,0
431732,la Vilella Alta,Tarragona,2013,1,0,0,1,1,0,0,0,1,0,0,0,0,0,0,0,0,0,0
431732,la Vilella Alta,Tarragona,2014,1,0,0,1,1,0,0,0,1,0,0,0,0,0,0,0,0,0,0
431732,la Vilella Alta,Tarragona,2015,0,0,0,0,0,0,0,0,0,0,0,0,0,0,0,0,0,0,0
431732,la Vilella Alta,Tarragona,2016,0,0,0,0,0,0,0,0,0,0,0,0,0,0,0,0,0,0,0
431732,la Vilella Alta,Tarragona,2017,0,0,0,0,0,0,0,0,0,0,0,0,0,0,0,0,0,0,0
431732,la Vilella Alta,Tarragona,2018,0,0,0,0,0,0,0,0,0,0,0,0,0,0,0,0,0,0,0
431732,la Vilella Alta,Tarragona,2019,0,0,0,0,0,0,0,0,0,0,0,0,0,0,0,0,0,0,0
431732,la Vilella Alta,Tarragona,2020,2,0,1,1,0,0,2,0,2,0,0,0,0,2,0,0,0,0,0
431732,la Vilella Alta,Tarragona,2021,0,0,0,0,0,0,0,0,0,0,0,0,0,0,0,0,0,0,0
431732,la Vilella Alta,Tarragona,2022,1,0,1,0,0,0,1,0,1,0,0,0,0,0,0,1,0,0,0
431732,la Vilella Alta,Tarragona,2023,1,0,1,0,0,0,1,0,1,0,0,0,0,0,0,1,0,0,0
431747,La Vilella Baixa,Tarragona,2011,1,0,0,1,1,0,0,0,1,0,0,0,0,0,0,0,0,0,0
431747,La Vilella Baixa,Tarragona,2012,0,0,0,0,0,0,0,0,0,0,0,0,0,0,0,0,0,0,0
431747,La Vilella Baixa,Tarragona,2013,1,1,0,0,0,0,1,0,1,0,0,0,0,1,0,0,0,0,0
431747,La Vilella Baixa,Tarragona,2014,0,0,0,0,0,0,0,0,0,0,0,0,0,0,0,0,0,0,0
431747,La Vilella Baixa,Tarragona,2015,1,1,0,0,0,0,1,0,1,0,0,0,0,1,0,0,0,0,0
431747,La Vilella Baixa,Tarragona,2016,5,1,2,2,1,0,4,0,5,0,0,1,0,3,0,0,0,0,0
431747,La Vilella Baixa,Tarragona,2017,1,0,0,1,0,0,1,0,1,0,0,0,0,1,0,0,0,0,0
431747,La Vilella Baixa,Tarragona,2018,0,0,0,0,0,0,0,0,0,0,0,0,0,0,0,0,0,0,0
431747,La Vilella Baixa,Tarragona,2019,1,1,0,0,0,0,1,0,1,1,0,0,0,0,0,0,0,0,0
431747,La Vilella Baixa,Tarragona,2020,2,1,0,1,1,0,1,0,2,1,0,0,0,0,0,0,0,0,0
431747,La Vilella Baixa,Tarragona,2021,3,1,1,1,0,0,0,3,0,0,0,0,0,0,0,0,0,0,0
431750,Vilalba dels Arcs,Tarragona,2011,1,1,0,0,0,0,1,0,1,0,0,0,0,1,0,0,0,0,0
431750,Vilalba dels Arcs,Tarragona,2012,1,0,0,1,1,0,0,0,1,0,0,0,0,0,0,0,0,0,0
431750,Vilalba dels Arcs,Tarragona,2013,0,0,0,0,0,0,0,0,0,0,0,0,0,0,0,0,0,0,0
431750,Vilalba dels Arcs,Tarragona,2014,1,0,0,1,1,0,0,0,1,0,0,0,0,0,0,0,0,0,0
431750,Vilalba dels Arcs,Tarragona,2015,1,0,0,1,1,0,0,0,1,0,0,0,0,0,0,0,0,0,0
431750,Vilalba dels Arcs,Tarragona,2016,0,0,0,0,0,0,0,0,0,0,0,0,0,0,0,0,0,0,0
431750,Vilalba dels Arcs,Tarragona,2017,0,0,0,0,0,0,0,0,0,0,0,0,0,0,0,0,0,0,0
431750,Vilalba dels Arcs,Tarragona,2018,1,1,0,0,0,0,1,0,1,1,0,0,0,0,0,0,0,0,0
431750,Vilalba dels Arcs,Tarragona,2019,7,0,2,5,5,0,2,0,7,2,0,0,0,0,0,0,0,0,0
431750,Vilalba dels Arcs,Tarragona,2020,1,0,0,1,1,0,0,0,1,0,0,0,0,0,0,0,0,0,0
431750,Vilalba dels Arcs,Tarragona,2021,0,0,0,0,0,0,0,0,0,0,0,0,0,0,0,0,0,0,0
431750,Vilalba dels Arcs,Tarragona,2023,4,4,0,0,0,0,4,0,4,1,1,0,1,1,0,0,0,0,0
431763,Vimbodí i Poblet,Tarragona,2011,7,0,0,7,6,0,1,0,7,1,0,0,0,0,0,0,0,0,0
431763,Vimbodí i Poblet,Tarragona,2012,7,0,0,7,6,0,1,0,7,1,0,0,0,0,0,0,0,0,0
431763,Vimbodí i Poblet,Tarragona,2013,0,0,0,0,0,0,0,0,0,0,0,0,0,0,0,0,0,0,0
431763,Vimbodí i Poblet,Tarragona,2014,1,0,0,1,1,0,0,0,1,0,0,0,0,0,0,0,0,0,0
431763,Vimbodí i Poblet,Tarragona,2015,0,0,0,0,0,0,0,0,0,0,0,0,0,0,0,0,0,0,0
431763,Vimbodí i Poblet,Tarragona,2016,0,0,0,0,0,0,0,0,0,0,0,0,0,0,0,0,0,0,0
431763,Vimbodí i Poblet,Tarragona,2017,0,0,0,0,0,0,0,0,0,0,0,0,0,0,0,0,0,0,0
431763,Vimbodí i Poblet,Tarragona,2018,1,1,0,0,0,0,1,0,1,0,0,1,0,0,0,0,0,0,0
431763,Vimbodí i Poblet,Tarragona,2019,0,0,0,0,0,0,0,0,0,0,0,0,0,0,0,0,0,0,0
431763,Vimbodí i Poblet,Tarragona,2020,0,0,0,0,0,0,0,0,0,0,0,0,0,0,0,0,0,0,0
431763,Vimbodí i Poblet,Tarragona,2021,1,0,0,1,1,0,0,0,1,0,0,0,0,0,0,0,0,0,0
431779,Vinebre,Tarragona,2011,7,0,0,7,4,3,0,0,7,0,0,0,0,0,0,0,0,0,0
431779,Vinebre,Tarragona,2012,2,0,0,2,0,2,0,0,2,0,0,0,0,0,0,0,0,0,0
431779,Vinebre,Tarragona,2013,0,0,0,0,0,0,0,0,0,0,0,0,0,0,0,0,0,0,0
431779,Vinebre,Tarragona,2014,0,0,0,0,0,0,0,0,0,0,0,0,0,0,0,0,0,0,0
431779,Vinebre,Tarragona,2015,0,0,0,0,0,0,0,0,0,0,0,0,0,0,0,0,0,0,0
431779,Vinebre,Tarragona,2016,0,0,0,0,0,0,0,0,0,0,0,0,0,0,0,0,0,0,0
431779,Vinebre,Tarragona,2017,2,0,2,0,0,0,2,0,2,0,0,0,1,1,0,0,0,0,0
431779,Vinebre,Tarragona,2018,2,0,2,0,0,0,2,0,2,0,0,0,1,1,0,0,0,0,0
431779,Vinebre,Tarragona,2019,0,0,0,0,0,0,0,0,0,0,0,0,0,0,0,0,0,0,0
431779,Vinebre,Tarragona,2020,3,3,0,0,0,0,3,0,3,0,0,1,2,0,0,0,0,0,0
431779,Vinebre,Tarragona,2021,0,0,0,0,0,0,0,0,0,0,0,0,0,0,0,0,0,0,0
431779,Vinebre,Tarragona,2022,4,4,0,0,0,0,4,0,4,0,0,4,0,0,0,0,0,0,0
431779,Vinebre,Tarragona,2023,1,1,0,0,0,0,1,0,1,0,0,1,0,0,0,0,0,0,0
431785,Vinyols i els Arcs,Tarragona,2011,15,3,6,6,6,5,4,0,15,4,0,0,0,0,0,0,0,0,0
431785,Vinyols i els Arcs,Tarragona,2012,15,0,9,6,5,5,5,0,15,3,0,2,0,0,0,0,0,0,0
431785,Vinyols i els Arcs,Tarragona,2013,8,0,4,4,2,2,4,0,8,2,0,2,0,0,0,0,0,0,0
431785,Vinyols i els Arcs,Tarragona,2014,11,3,0,8,3,6,2,0,11,0,0,0,0,2,0,0,0,0,0
431785,Vinyols i els Arcs,Tarragona,2015,11,1,3,7,3,4,4,0,11,1,0,0,0,3,0,0,0,0,0
431785,Vinyols i els Arcs,Tarragona,2016,9,1,1,7,4,1,4,0,9,3,0,0,0,1,0,0,0,0,0
431785,Vinyols i els Arcs,Tarragona,2017,5,1,0,4,1,2,2,0,5,2,0,0,0,0,0,0,0,0,0
431785,Vinyols i els Arcs,Tarragona,2018,7,3,1,3,4,1,2,0,7,1,0,1,0,0,0,0,0,0,0
431785,Vinyols i els Arcs,Tarragona,2019,8,5,0,3,3,0,5,0,8,0,0,5,0,0,0,0,0,0,0
431785,Vinyols i els Arcs,Tarragona,2020,2,0,1,1,1,0,1,0,2,0,0,1,0,0,0,0,0,0,0
431785,Vinyols i els Arcs,Tarragona,2021,2,2,0,0,0,0,1,1,1,0,0,1,0,0,0,0,0,0,0
431785,Vinyols i els Arcs,Tarragona,2022,3,1,1,1,1,0,2,0,3,0,0,2,0,0,0,0,0,0,0
431785,Vinyols i els Arcs,Tarragona,2023,3,1,1,1,2,0,1,0,3,0,0,1,0,0,0,0,0,0,0
439018,Deltebre,Tarragona,2011,54,44,2,8,4,2,48,0,54,12,6,15,4,4,7,0,0,0,0
439018,Deltebre,Tarragona,2012,41,30,3,8,5,3,33,0,41,8,3,5,0,8,9,0,0,0,0
439018,Deltebre,Tarragona,2013,17,9,2,6,0,6,11,0,17,8,3,0,0,0,0,0,0,0,0
439018,Deltebre,Tarragona,2014,36,31,3,2,1,5,30,0,36,5,0,10,0,5,10,0,0,0,0
439018,Deltebre,Tarragona,2015,26,18,2,6,2,5,19,0,26,0,0,8,2,5,4,0,0,0,0
439018,Deltebre,Tarragona,2016,18,1,5,12,7,2,9,0,18,1,0,3,0,5,0,0,0,0,0
439018,Deltebre,Tarragona,2017,27,7,5,15,11,0,16,0,27,3,0,8,1,3,1,0,0,0,0
439018,Deltebre,Tarragona,2018,27,21,0,6,4,0,23,0,27,1,0,14,1,2,5,0,0,0,0
439018,Deltebre,Tarragona,2019,31,25,0,6,6,3,22,0,31,0,1,9,3,7,2,0,0,0,0
439018,Deltebre,Tarragona,2020,20,16,0,4,2,0,16,2,18,0,0,5,0,4,7,0,0,0,0
439018,Deltebre,Tarragona,2021,23,16,7,0,0,0,16,7,16,1,1,7,0,7,0,0,0,0,0
439018,Deltebre,Tarragona,2022,7,4,1,2,0,3,4,0,7,0,0,1,0,1,2,0,0,0,0
439018,Deltebre,Tarragona,2023,15,10,1,4,3,2,10,0,15,1,0,0,0,8,1,0,0,0,0
439023,Sant Jaume d'Enveja,Tarragona,2011,8,4,1,3,2,3,3,0,8,0,0,1,0,0,2,0,0,0,0
439023,Sant Jaume d'Enveja,Tarragona,2012,1,0,0,1,1,0,0,0,1,0,0,0,0,0,0,0,0,0,0
439023,Sant Jaume d'Enveja,Tarragona,2013,5,3,2,0,0,0,5,0,5,0,0,0,0,0,5,0,0,0,0
439023,Sant Jaume d'Enveja,Tarragona,2014,7,7,0,0,0,0,7,0,7,0,0,5,0,0,2,0,0,0,0
439023,Sant Jaume d'Enveja,Tarragona,2015,15,9,0,6,5,0,10,0,15,2,0,0,0,3,5,0,0,0,0
439023,Sant Jaume d'Enveja,Tarragona,2016,6,1,0,5,2,0,4,0,6,0,2,0,0,2,0,0,0,0,0
439023,Sant Jaume d'Enveja,Tarragona,2017,3,2,0,1,1,0,2,0,3,0,0,1,0,0,1,0,0,0,0
439023,Sant Jaume d'Enveja,Tarragona,2018,18,18,0,0,0,0,18,0,18,1,0,3,0,5,9,0,0,0,0
439023,Sant Jaume d'Enveja,Tarragona,2019,25,25,0,0,1,0,24,0,25,1,0,12,0,3,8,0,0,0,0
439023,Sant Jaume d'Enveja,Tarragona,2020,2,2,0,0,0,0,1,1,1,0,0,0,0,1,0,0,0,0,0
439023,Sant Jaume d'Enveja,Tarragona,2021,17,12,1,4,0,0,13,4,13,4,0,4,0,4,1,0,0,0,0
439023,Sant Jaume d'Enveja,Tarragona,2022,12,11,0,1,0,0,9,3,9,1,1,0,0,6,1,0,0,0,0
439023,Sant Jaume d'Enveja,Tarragona,2023,4,2,0,2,0,0,2,2,2,0,0,2,0,0,0,0,0,0,0
439039,Camarles,Tarragona,2011,10,0,0,10,7,0,3,0,10,3,0,0,0,0,0,0,0,0,0
439039,Camarles,Tarragona,2012,3,1,0,2,2,0,1,0,3,1,0,0,0,0,0,0,0,0,0
439039,Camarles,Tarragona,2013,6,5,1,0,0,4,2,0,6,2,0,0,0,0,0,0,0,0,0
439039,Camarles,Tarragona,2014,4,1,3,0,0,0,4,0,4,3,0,1,0,0,0,0,0,0,0
439039,Camarles,Tarragona,2015,37,31,2,4,2,0,35,0,37,9,0,24,0,1,1,0,0,0,0
439039,Camarles,Tarragona,2016,6,2,0,4,0,0,6,0,6,6,0,0,0,0,0,0,0,0,0
439039,Camarles,Tarragona,2017,3,3,0,0,0,0,3,0,3,0,1,1,0,1,0,0,0,0,0
439039,Camarles,Tarragona,2018,2,0,2,0,0,0,2,0,2,0,0,0,0,2,0,0,0,0,0
439039,Camarles,Tarragona,2019,26,15,1,10,9,0,17,0,26,3,0,12,0,1,1,0,0,0,0
439039,Camarles,Tarragona,2020,19,15,0,4,0,0,15,4,15,1,0,10,0,4,0,0,0,0,0
439039,Camarles,Tarragona,2021,4,2,2,0,0,0,1,3,1,1,0,0,0,0,0,0,0,0,0
439039,Camarles,Tarragona,2022,1,1,0,0,0,1,0,0,1,0,0,0,0,0,0,0,0,0,0
439039,Camarles,Tarragona,2023,1,0,1,0,0,1,0,0,1,0,0,0,0,0,0,0,0,0,0
439044,L'Aldea,Tarragona,2011,3,1,1,1,1,0,2,0,3,2,0,0,0,0,0,0,0,0,0
439044,L'Aldea,Tarragona,2012,47,42,2,3,2,0,45,0,47,1,2,11,4,4,23,0,0,0,0
439044,L'Aldea,Tarragona,2013,30,20,6,4,1,0,29,0,30,0,0,3,2,8,16,0,0,0,0
439044,L'Aldea,Tarragona,2014,10,8,0,2,1,0,9,0,10,0,0,1,0,1,7,0,0,0,0
439044,L'Aldea,Tarragona,2015,19,17,0,2,1,0,18,0,19,1,0,2,0,2,13,0,0,0,0
439044,L'Aldea,Tarragona,2016,51,48,0,3,1,0,49,1,50,0,0,31,4,3,11,0,0,0,0
439044,L'Aldea,Tarragona,2017,24,7,1,16,14,2,8,0,24,0,1,1,2,0,4,0,0,0,0
439044,L'Aldea,Tarragona,2018,13,3,3,7,7,2,4,0,13,0,0,0,2,0,2,0,0,0,0
439044,L'Aldea,Tarragona,2019,34,31,0,3,1,2,31,0,34,0,1,22,2,2,4,0,0,0,0
439044,L'Aldea,Tarragona,2020,10,6,0,4,2,1,6,1,9,0,0,1,1,0,4,0,0,0,0
439044,L'Aldea,Tarragona,2021,20,20,0,0,0,0,12,8,12,0,0,2,7,0,3,0,0,0,0
439044,L'Aldea,Tarragona,2022,13,12,0,1,2,0,11,0,13,0,1,7,1,0,2,0,0,0,0
439044,L'Aldea,Tarragona,2023,22,19,3,0,2,0,20,0,22,0,0,12,0,4,4,0,0,0,0
439057,Salou,Tarragona,2011,118,19,42,57,17,36,61,4,114,8,4,4,9,32,4,0,0,0,0
439057,Salou,Tarragona,2012,326,209,56,61,22,65,236,3,323,19,20,16,50,66,65,0,0,0,0
439057,Salou,Tarragona,2013,499,298,125,76,25,106,368,0,499,23,26,30,108,98,82,1,0,0,0
439057,Salou,Tarragona,2014,322,204,75,43,8,70,244,0,322,21,26,16,64,65,51,1,0,0,0
439057,Salou,Tarragona,2015,313,188,60,65,14,64,235,0,313,29,50,10,40,53,52,1,0,0,0
439057,Salou,Tarragona,2016,297,145,112,40,9,55,231,2,295,26,62,9,25,57,49,3,0,0,0
439057,Salou,Tarragona,2017,274,116,86,72,31,50,193,0,274,25,39,9,11,76,32,1,0,0,0
439057,Salou,Tarragona,2018,321,155,100,66,26,77,217,1,320,33,35,9,13,84,42,1,0,0,0
439057,Salou,Tarragona,2019,367,197,90,80,39,56,269,3,364,27,37,20,19,113,53,0,0,0,0
439057,Salou,Tarragona,2020,229,101,72,56,20,26,157,26,203,9,23,4,15,76,30,0,0,0,0
439057,Salou,Tarragona,2021,245,79,95,71,14,27,106,98,147,10,19,8,3,53,10,3,0,0,0
439057,Salou,Tarragona,2022,206,104,63,39,4,17,163,22,184,14,26,6,4,106,7,0,0,0,0
439057,Salou,Tarragona,2023,424,226,140,58,21,38,354,11,413,26,70,8,6,224,20,0,0,0,0
439060,l'Ampolla,Tarragona,2011,12,3,0,9,5,0,7,0,12,3,0,4,0,0,0,0,0,0,0
439060,l'Ampolla,Tarragona,2012,6,2,2,2,0,2,4,0,6,1,2,0,0,1,0,0,0,0,0
439060,l'Ampolla,Tarragona,2013,13,5,3,5,1,7,5,0,13,2,2,1,0,0,0,0,0,0,0
439060,l'Ampolla,Tarragona,2014,14,5,3,6,2,3,9,0,14,4,2,0,1,1,0,1,0,0,0
439060,l'Ampolla,Tarragona,2015,11,4,6,1,0,6,5,0,11,1,0,0,0,2,0,2,0,0,0
439060,l'Ampolla,Tarragona,2016,9,4,2,3,0,2,7,0,9,6,0,0,0,0,1,0,0,0,0
439060,l'Ampolla,Tarragona,2017,5,1,4,0,0,0,5,0,5,0,4,0,0,0,1,0,0,0,0
439060,l'Ampolla,Tarragona,2018,2,1,0,1,1,0,1,0,2,0,0,0,0,1,0,0,0,0,0
439060,l'Ampolla,Tarragona,2019,14,5,4,5,4,1,9,0,14,1,2,1,0,5,0,0,0,0,0
439060,l'Ampolla,Tarragona,2020,11,4,0,7,4,0,2,5,6,0,0,0,0,0,2,0,0,0,0
439060,l'Ampolla,Tarragona,2021,9,7,1,1,0,1,4,4,5,1,0,1,0,2,0,0,0,0,0
439060,l'Ampolla,Tarragona,2022,2,2,0,0,0,0,2,0,2,0,0,0,0,2,0,0,0,0,0
439060,l'Ampolla,Tarragona,2023,2,0,1,1,1,0,1,0,2,1,0,0,0,0,0,0,0,0,0
439076,la Canonja,Tarragona,2011,23,11,1,11,10,3,9,1,22,0,0,3,3,3,0,0,0,0,0
439076,la Canonja,Tarragona,2012,14,6,1,7,4,4,6,0,14,1,0,2,0,3,0,0,0,0,0
439076,la Canonja,Tarragona,2013,14,2,4,8,4,4,6,0,14,0,0,2,0,4,0,0,0,0,0
439076,la Canonja,Tarragona,2014,6,1,0,5,4,0,2,0,6,0,1,0,1,0,0,0,0,0,0
439076,la Canonja,Tarragona,2015,7,2,1,4,3,1,3,0,7,0,1,0,0,2,0,0,0,0,0
439076,la Canonja,Tarragona,2016,8,1,4,3,3,4,0,1,7,0,0,0,0,0,0,0,0,0,0
439076,la Canonja,Tarragona,2017,7,0,4,3,2,1,3,1,6,0,0,0,0,3,0,0,0,0,0
439076,la Canonja,Tarragona,2018,18,6,8,4,2,4,12,0,18,1,0,0,0,10,1,0,0,0,0
439076,la Canonja,Tarragona,2019,48,11,25,12,4,10,33,1,47,3,0,1,0,29,0,0,0,0,0
439076,la Canonja,Tarragona,2020,11,4,3,4,1,2,8,0,11,1,0,1,0,6,0,0,0,0,0
439076,la Canonja,Tarragona,2021,8,1,5,2,0,0,7,1,7,2,0,0,0,5,0,0,0,0,0
439076,la Canonja,Tarragona,2022,12,3,6,3,1,2,8,1,11,0,0,0,0,8,0,0,0,0,0
439076,la Canonja,Tarragona,2023,15,5,6,4,4,3,8,0,15,0,0,0,0,8,0,0,0,0,0
