año,ambito,tipo_segmento,segmento,orden_segmento,categoria,orden_categoria,miles,total,pct
2008,al escribir notas personales,Sexo,Hombres,1,Igual catalán que castellano,2,191.3,3034.2,6.304792037439853
2008,al escribir notas personales,Sexo,Hombres,1,Más castellano que catalán,3,133.1,3034.2,4.386658756838706
2008,al escribir notas personales,Sexo,Hombres,1,Más catalán que castellano,1,98.1,3034.2,3.2331421791576034
2008,al escribir notas personales,Sexo,Hombres,1,Otras y no consta,5,263.8,3034.2,8.694219234064992
2008,al escribir notas personales,Sexo,Hombres,1,Solo castellano,4,1642.1,3034.2,54.11970206314679
2008,al escribir notas personales,Sexo,Hombres,1,Solo catalán,0,705.7,3034.2,23.25818996770154
2008,al escribir notas personales,Sexo,Mujeres,2,Igual catalán que castellano,2,232.0,3128.4,7.415931466564378
2008,al escribir notas personales,Sexo,Mujeres,2,Más castellano que catalán,3,113.7,3128.4,3.634445723053318
2008,al escribir notas personales,Sexo,Mujeres,2,Más catalán que castellano,1,104.9,3128.4,3.35315177087329
2008,al escribir notas personales,Sexo,Mujeres,2,Otras y no consta,5,208.4,3128.4,6.661552231172483
2008,al escribir notas personales,Sexo,Mujeres,2,Solo castellano,4,1620.5,3128.4,51.79964198951541
2008,al escribir notas personales,Sexo,Mujeres,2,Solo catalán,0,848.9,3128.4,27.13527681882112
2008,al escribir notas personales,Sexo,total,99,Igual catalán que castellano,2,423.3,6162.5,6.86896551724138
2008,al escribir notas personales,Sexo,total,99,Más castellano que catalán,3,246.8,6162.5,4.004868154158215
2008,al escribir notas personales,Sexo,total,99,Más catalán que castellano,1,203.0,6162.5,3.294117647058824
2008,al escribir notas personales,Sexo,total,99,Otras y no consta,5,472.2,6162.5,7.662474645030426
2008,al escribir notas personales,Sexo,total,99,Solo castellano,4,3262.6,6162.5,52.942799188640976
2008,al escribir notas personales,Sexo,total,99,Solo catalán,0,1554.6,6162.5,25.226774847870182
2008,con el personal médico,Sexo,Hombres,1,Igual catalán que castellano,2,359.7,3034.2,11.854854656911213
2008,con el personal médico,Sexo,Hombres,1,Más castellano que catalán,3,174.6,3034.2,5.754399841803441
2008,con el personal médico,Sexo,Hombres,1,Más catalán que castellano,1,239.3,3034.2,7.886757629688222
2008,con el personal médico,Sexo,Hombres,1,Otras y no consta,5,32.9,3034.2,1.0843055830202362
2008,con el personal médico,Sexo,Hombres,1,Solo castellano,4,1257.5,3034.2,41.44420275525674
2008,con el personal médico,Sexo,Hombres,1,Solo catalán,0,965.9,3034.2,31.833761782347903
2008,con el personal médico,Sexo,Mujeres,2,Igual catalán que castellano,2,354.1,3128.4,11.318885053062269
2008,con el personal médico,Sexo,Mujeres,2,Más castellano que catalán,3,140.0,3128.4,4.475131057409539
2008,con el personal médico,Sexo,Mujeres,2,Más catalán que castellano,1,201.8,3128.4,6.450581767037463
2008,con el personal médico,Sexo,Mujeres,2,Otras y no consta,5,0.0,3128.4,0.0
2008,con el personal médico,Sexo,Mujeres,2,Solo castellano,4,1263.4,3128.4,40.38486127093722
2008,con el personal médico,Sexo,Mujeres,2,Solo catalán,0,1154.0,3128.4,36.88786600179005
2008,con el personal médico,Sexo,total,99,Igual catalán que castellano,2,713.9,6162.5,11.584584178498986
2008,con el personal médico,Sexo,total,99,Más castellano que catalán,3,314.6,6162.5,5.105070993914808
2008,con el personal médico,Sexo,total,99,Más catalán que castellano,1,441.1,6162.5,7.157809330628803
2008,con el personal médico,Sexo,total,99,Otras y no consta,5,52.300000000000004,6162.5,0.8486815415821503
2008,con el personal médico,Sexo,total,99,Solo castellano,4,2520.9,6162.5,40.907099391480735
2008,con el personal médico,Sexo,total,99,Solo catalán,0,2119.9,6162.5,34.400000000000006
2008,con los amigos,Sexo,Hombres,1,Igual catalán que castellano,2,500.2,3034.2,16.485399775888208
2008,con los amigos,Sexo,Hombres,1,Más castellano que catalán,3,315.0,3034.2,10.38164919912992
2008,con los amigos,Sexo,Hombres,1,Más catalán que castellano,1,321.9,3034.2,10.609056753015622
2008,con los amigos,Sexo,Hombres,1,Otras y no consta,5,252.20000000000002,3034.2,8.311910882604971
2008,con los amigos,Sexo,Hombres,1,Solo castellano,4,1018.2,3034.2,33.55744512556853
2008,con los amigos,Sexo,Hombres,1,Solo catalán,0,613.6,3034.2,20.22279348757498
2008,con los amigos,Sexo,Mujeres,2,Igual catalán que castellano,2,537.1,3128.4,17.16852064953331
2008,con los amigos,Sexo,Mujeres,2,Más castellano que catalán,3,237.6,3128.4,7.59493670886076
2008,con los amigos,Sexo,Mujeres,2,Más catalán que castellano,1,341.0,3128.4,10.900140646976089
2008,con los amigos,Sexo,Mujeres,2,Otras y no consta,5,157.5,3128.4,5.03452243958573
2008,con los amigos,Sexo,Mujeres,2,Solo castellano,4,1072.4,3128.4,34.27950389975707
2008,con los amigos,Sexo,Mujeres,2,Solo catalán,0,772.9,3128.4,24.705919959084515
2008,con los amigos,Sexo,total,99,Igual catalán que castellano,2,1037.3,6162.5,16.832454361054765
2008,con los amigos,Sexo,total,99,Más castellano que catalán,3,552.5,6162.5,8.96551724137931
2008,con los amigos,Sexo,total,99,Más catalán que castellano,1,662.9,6162.5,10.756997971602434
2008,con los amigos,Sexo,total,99,Otras y no consta,5,432.8,6162.5,7.023123732251521
2008,con los amigos,Sexo,total,99,Solo castellano,4,2090.6,6162.5,33.924543610547666
2008,con los amigos,Sexo,total,99,Solo catalán,0,1386.5,6162.5,22.49898580121704
2008,con los compañeros de estudio,Sexo,Hombres,1,Igual catalán que castellano,2,88.1,469.6,18.76064735945485
2008,con los compañeros de estudio,Sexo,Hombres,1,Más castellano que catalán,3,38.3,469.6,8.15587734241908
2008,con los compañeros de estudio,Sexo,Hombres,1,Más catalán que castellano,1,83.0,469.6,17.674616695059626
2008,con los compañeros de estudio,Sexo,Hombres,1,Otras y no consta,5,0.0,469.6,0.0
2008,con los compañeros de estudio,Sexo,Hombres,1,Solo castellano,4,94.7,469.6,20.166098807495743
2008,con los compañeros de estudio,Sexo,Hombres,1,Solo catalán,0,136.1,469.6,28.98211243611584
2008,con los compañeros de estudio,Sexo,Mujeres,2,Igual catalán que castellano,2,100.0,517.3,19.33114247052001
2008,con los compañeros de estudio,Sexo,Mujeres,2,Más castellano que catalán,3,37.8,517.3,7.307171853856563
2008,con los compañeros de estudio,Sexo,Mujeres,2,Más catalán que castellano,1,68.2,517.3,13.183839164894648
2008,con los compañeros de estudio,Sexo,Mujeres,2,Otras y no consta,5,0.0,517.3,0.0
2008,con los compañeros de estudio,Sexo,Mujeres,2,Solo castellano,4,92.8,517.3,17.939300212642568
2008,con los compañeros de estudio,Sexo,Mujeres,2,Solo catalán,0,193.6,517.3,37.42509182292674
2008,con los compañeros de estudio,Sexo,total,99,Igual catalán que castellano,2,188.0,986.9,19.04954909311987
2008,con los compañeros de estudio,Sexo,total,99,Más castellano que catalán,3,76.1,986.9,7.71101428716182
2008,con los compañeros de estudio,Sexo,total,99,Más catalán que castellano,1,151.2,986.9,15.320701185530448
2008,con los compañeros de estudio,Sexo,total,99,Otras y no consta,5,26.5,986.9,2.6851758030195563
2008,con los compañeros de estudio,Sexo,total,99,Solo castellano,4,187.5,986.9,18.998885398723274
2008,con los compañeros de estudio,Sexo,total,99,Solo catalán,0,329.7,986.9,33.407640085115005
2008,con los compañeros de trabajo,Sexo,Hombres,1,Igual catalán que castellano,2,395.1,1963.1,20.12633080332128
2008,con los compañeros de trabajo,Sexo,Hombres,1,Más castellano que catalán,3,201.3,1963.1,10.254189801844023
2008,con los compañeros de trabajo,Sexo,Hombres,1,Más catalán que castellano,1,193.4,1963.1,9.851765065457695
2008,con los compañeros de trabajo,Sexo,Hombres,1,Otras y no consta,5,125.7,1963.1,6.4031378941470125
2008,con los compañeros de trabajo,Sexo,Hombres,1,Solo castellano,4,660.7,1963.1,33.655952320309716
2008,con los compañeros de trabajo,Sexo,Hombres,1,Solo catalán,0,387.0,1963.1,19.71371809892517
2008,con los compañeros de trabajo,Sexo,Mujeres,2,Igual catalán que castellano,2,270.9,1490.4,18.176328502415455
2008,con los compañeros de trabajo,Sexo,Mujeres,2,Más castellano que catalán,3,134.2,1490.4,9.004294149221684
2008,con los compañeros de trabajo,Sexo,Mujeres,2,Más catalán que castellano,1,170.4,1490.4,11.43317230273752
2008,con los compañeros de trabajo,Sexo,Mujeres,2,Otras y no consta,5,57.099999999999994,1490.4,3.8311862587224903
2008,con los compañeros de trabajo,Sexo,Mujeres,2,Solo castellano,4,449.0,1490.4,30.12614063338701
2008,con los compañeros de trabajo,Sexo,Mujeres,2,Solo catalán,0,408.9,1490.4,27.43558776167471
2008,con los compañeros de trabajo,Sexo,total,99,Igual catalán que castellano,2,666.0,3453.5,19.284783552917332
2008,con los compañeros de trabajo,Sexo,total,99,Más castellano que catalán,3,335.5,3453.5,9.714782105110757
2008,con los compañeros de trabajo,Sexo,total,99,Más catalán que castellano,1,363.8,3453.5,10.53424062545244
2008,con los compañeros de trabajo,Sexo,total,99,Otras y no consta,5,182.7,3453.5,5.290285217894889
2008,con los compañeros de trabajo,Sexo,total,99,Solo castellano,4,1109.7,3453.5,32.132619082090635
2008,con los compañeros de trabajo,Sexo,total,99,Solo catalán,0,795.9,3453.5,23.046185029680032
2008,con los miembros del hogar,Sexo,Hombres,1,Igual catalán que castellano,2,210.9,2832.7,7.445193631517634
2008,con los miembros del hogar,Sexo,Hombres,1,Más castellano que catalán,3,160.8,2832.7,5.676562996434498
2008,con los miembros del hogar,Sexo,Hombres,1,Más catalán que castellano,1,104.1,2832.7,3.6749391040350194
2008,con los miembros del hogar,Sexo,Hombres,1,Otras y no consta,5,260.0,2832.7,9.178522257916475
2008,con los miembros del hogar,Sexo,Hombres,1,Solo castellano,4,1224.7,2832.7,43.23437003565503
2008,con los miembros del hogar,Sexo,Hombres,1,Solo catalán,0,869.0,2832.7,30.677445546651605
2008,con los miembros del hogar,Sexo,Mujeres,2,Igual catalán que castellano,2,257.5,2844.1,9.053830737315847
2008,con los miembros del hogar,Sexo,Mujeres,2,Más castellano que catalán,3,179.2,2844.1,6.300762983017474
2008,con los miembros del hogar,Sexo,Mujeres,2,Más catalán que castellano,1,100.3,2844.1,3.5265989240884634
2008,con los miembros del hogar,Sexo,Mujeres,2,Otras y no consta,5,188.8,2844.1,6.638303857107697
2008,con los miembros del hogar,Sexo,Mujeres,2,Solo castellano,4,1191.8,2844.1,41.90429309799234
2008,con los miembros del hogar,Sexo,Mujeres,2,Solo catalán,0,926.6,2844.1,32.579726451249954
2008,con los miembros del hogar,Sexo,total,99,Igual catalán que castellano,2,468.3,5676.8,8.249365839909808
2008,con los miembros del hogar,Sexo,total,99,Más castellano que catalán,3,340.0,5676.8,5.989289740698985
2008,con los miembros del hogar,Sexo,total,99,Más catalán que castellano,1,204.4,5676.8,3.6006200676437428
2008,con los miembros del hogar,Sexo,total,99,Otras y no consta,5,448.7,5676.8,7.904100901916572
2008,con los miembros del hogar,Sexo,total,99,Solo castellano,4,2416.5,5676.8,42.56799605411499
2008,con los miembros del hogar,Sexo,total,99,Solo catalán,0,1795.5,5676.8,31.62873449830891
2008,con los vecinos,Sexo,Hombres,1,Igual catalán que castellano,2,513.2,3034.2,16.913848790455475
2008,con los vecinos,Sexo,Hombres,1,Más castellano que catalán,3,286.4,3034.2,9.439061367081933
2008,con los vecinos,Sexo,Hombres,1,Más catalán que castellano,1,265.4,3034.2,8.746951420473271
2008,con los vecinos,Sexo,Hombres,1,Otras y no consta,5,84.0,3034.2,2.7684397864346453
2008,con los vecinos,Sexo,Hombres,1,Solo castellano,4,1249.9,3034.2,41.19372486981742
2008,con los vecinos,Sexo,Hombres,1,Solo catalán,0,635.2,3034.2,20.934678004086745
2008,con los vecinos,Sexo,Mujeres,2,Igual catalán que castellano,2,503.6,3128.4,16.097685717938884
2008,con los vecinos,Sexo,Mujeres,2,Más castellano que catalán,3,246.0,3128.4,7.863444572305331
2008,con los vecinos,Sexo,Mujeres,2,Más catalán que castellano,1,319.0,3128.4,10.196905766526019
2008,con los vecinos,Sexo,Mujeres,2,Otras y no consta,5,70.19999999999999,3128.4,2.2439585730724967
2008,con los vecinos,Sexo,Mujeres,2,Solo castellano,4,1225.0,3128.4,39.15739675233346
2008,con los vecinos,Sexo,Mujeres,2,Solo catalán,0,764.6,3128.4,24.44060861782381
2008,con los vecinos,Sexo,total,99,Igual catalán que castellano,2,1016.8,6162.5,16.499797160243407
2008,con los vecinos,Sexo,total,99,Más castellano que catalán,3,532.4,6162.5,8.639350912778903
2008,con los vecinos,Sexo,total,99,Más catalán que castellano,1,584.4,6162.5,9.48316430020284
2008,con los vecinos,Sexo,total,99,Otras y no consta,5,154.10000000000002,6162.5,2.500608519269777
2008,con los vecinos,Sexo,total,99,Solo castellano,4,2474.9,6162.5,40.160649087221095
2008,con los vecinos,Sexo,total,99,Solo catalán,0,1399.8,6162.5,22.714807302231236
2008,en el gran comercio,Sexo,Hombres,1,Igual catalán que castellano,2,461.5,3034.2,15.209940017137964
2008,en el gran comercio,Sexo,Hombres,1,Más castellano que catalán,3,320.2,3034.2,10.553028804956826
2008,en el gran comercio,Sexo,Hombres,1,Más catalán que castellano,1,295.7,3034.2,9.745567200580055
2008,en el gran comercio,Sexo,Hombres,1,Otras y no consta,5,54.6,3034.2,1.7994858611825193
2008,en el gran comercio,Sexo,Hombres,1,Solo castellano,4,1238.1,3034.2,40.80482499505636
2008,en el gran comercio,Sexo,Hombres,1,Solo catalán,0,662.5,3034.2,21.834420934678008
2008,en el gran comercio,Sexo,Mujeres,2,Igual catalán que castellano,2,491.2,3128.4,15.70131696713975
2008,en el gran comercio,Sexo,Mujeres,2,Más castellano que catalán,3,265.0,3128.4,8.470783787239483
2008,en el gran comercio,Sexo,Mujeres,2,Más catalán que castellano,1,312.7,3128.4,9.99552486894259
2008,en el gran comercio,Sexo,Mujeres,2,Otras y no consta,5,48.9,3128.4,1.5630993479094741
2008,en el gran comercio,Sexo,Mujeres,2,Solo castellano,4,1187.9,3128.4,37.97148702211994
2008,en el gran comercio,Sexo,Mujeres,2,Solo catalán,0,810.4,3128.4,25.904615778033495
2008,en el gran comercio,Sexo,total,99,Igual catalán que castellano,2,952.7,6162.5,15.459634888438135
2008,en el gran comercio,Sexo,total,99,Más castellano que catalán,3,585.2,6162.5,9.496146044624746
2008,en el gran comercio,Sexo,total,99,Más catalán que castellano,1,608.3,6162.5,9.8709939148073
2008,en el gran comercio,Sexo,total,99,Otras y no consta,5,112.4,6162.5,1.8239350912778907
2008,en el gran comercio,Sexo,total,99,Solo castellano,4,2425.9,6162.5,39.36551724137931
2008,en el gran comercio,Sexo,total,99,Solo catalán,0,1472.9,6162.5,23.901014198782963
2008,en el pequeño comercio,Sexo,Hombres,1,Igual catalán que castellano,2,469.5,3034.2,15.473600949179357
2008,en el pequeño comercio,Sexo,Hombres,1,Más castellano que catalán,3,258.7,3034.2,8.526135389888603
2008,en el pequeño comercio,Sexo,Hombres,1,Más catalán que castellano,1,326.3,3034.2,10.75407026563839
2008,en el pequeño comercio,Sexo,Hombres,1,Otras y no consta,5,68.9,3034.2,2.270779777206513
2008,en el pequeño comercio,Sexo,Hombres,1,Solo castellano,4,1116.4,3034.2,36.793883066376644
2008,en el pequeño comercio,Sexo,Hombres,1,Solo catalán,0,794.6,3034.2,26.188122075011538
2008,en el pequeño comercio,Sexo,Mujeres,2,Igual catalán que castellano,2,451.3,3128.4,14.425904615778034
2008,en el pequeño comercio,Sexo,Mujeres,2,Más castellano que catalán,3,202.3,3128.4,6.466564377956783
2008,en el pequeño comercio,Sexo,Mujeres,2,Más catalán que castellano,1,351.0,3128.4,11.219792865362486
2008,en el pequeño comercio,Sexo,Mujeres,2,Otras y no consta,5,47.1,3128.4,1.5055619485999232
2008,en el pequeño comercio,Sexo,Mujeres,2,Solo castellano,4,1104.8,3128.4,35.31517708732898
2008,en el pequeño comercio,Sexo,Mujeres,2,Solo catalán,0,971.9,3128.4,31.066999104973785
2008,en el pequeño comercio,Sexo,total,99,Igual catalán que castellano,2,920.7,6162.5,14.940365111561867
2008,en el pequeño comercio,Sexo,total,99,Más castellano que catalán,3,461.0,6162.5,7.480730223123732
2008,en el pequeño comercio,Sexo,total,99,Más catalán que castellano,1,677.3,6162.5,10.990669371196754
2008,en el pequeño comercio,Sexo,total,99,Otras y no consta,5,116.0,6162.5,1.8823529411764703
2008,en el pequeño comercio,Sexo,total,99,Solo castellano,4,2221.1,6162.5,36.042190669371195
2008,en el pequeño comercio,Sexo,total,99,Solo catalán,0,1766.4,6162.5,28.66369168356998
2008,en la entidad financiera,Sexo,Hombres,1,Igual catalán que castellano,2,335.6,3034.2,11.060576099136512
2008,en la entidad financiera,Sexo,Hombres,1,Más castellano que catalán,3,181.4,3034.2,5.978511634038627
2008,en la entidad financiera,Sexo,Hombres,1,Más catalán que castellano,1,231.7,3034.2,7.636279744248895
2008,en la entidad financiera,Sexo,Hombres,1,Otras y no consta,5,44.5,3034.2,1.4666139344802585
2008,en la entidad financiera,Sexo,Hombres,1,Solo castellano,4,1156.7,3034.2,38.122075011535166
2008,en la entidad financiera,Sexo,Hombres,1,Solo catalán,0,1084.2,3034.2,35.73264781491003
2008,en la entidad financiera,Sexo,Mujeres,2,Igual catalán que castellano,2,331.1,3128.4,10.58368495077356
2008,en la entidad financiera,Sexo,Mujeres,2,Más castellano que catalán,3,149.0,3128.4,4.762818053957294
2008,en la entidad financiera,Sexo,Mujeres,2,Más catalán que castellano,1,219.7,3128.4,7.022759237949111
2008,en la entidad financiera,Sexo,Mujeres,2,Otras y no consta,5,63.1,3128.4,2.017005498018156
2008,en la entidad financiera,Sexo,Mujeres,2,Solo castellano,4,1134.8,3128.4,36.27413374248817
2008,en la entidad financiera,Sexo,Mujeres,2,Solo catalán,0,1230.8,3128.4,39.34279503899757
2008,en la entidad financiera,Sexo,total,99,Igual catalán que castellano,2,666.7,6162.5,10.818661257606491
2008,en la entidad financiera,Sexo,total,99,Más castellano que catalán,3,330.4,6162.5,5.361460446247464
2008,en la entidad financiera,Sexo,total,99,Más catalán que castellano,1,451.4,6162.5,7.324949290060852
2008,en la entidad financiera,Sexo,total,99,Otras y no consta,5,107.5,6162.5,1.7444219066937119
2008,en la entidad financiera,Sexo,total,99,Solo castellano,4,2291.6,6162.5,37.186206896551724
2008,en la entidad financiera,Sexo,total,99,Solo catalán,0,2315.0,6162.5,37.5659229208925
2013,al contestar al personal médico en la consulta,Sexo,Hombres,1,Igual catalán que castellano,2,0.0,0.0,
2013,al contestar al personal médico en la consulta,Sexo,Hombres,1,Más castellano que catalán,3,0.0,0.0,
2013,al contestar al personal médico en la consulta,Sexo,Hombres,1,Más catalán que castellano,1,0.0,0.0,
2013,al contestar al personal médico en la consulta,Sexo,Hombres,1,Otras y no consta,5,0.0,0.0,
2013,al contestar al personal médico en la consulta,Sexo,Hombres,1,Solo castellano,4,0.0,0.0,
2013,al contestar al personal médico en la consulta,Sexo,Hombres,1,Solo catalán,0,0.0,0.0,
2013,al contestar al personal médico en la consulta,Sexo,Mujeres,2,Igual catalán que castellano,2,0.0,0.0,
2013,al contestar al personal médico en la consulta,Sexo,Mujeres,2,Más castellano que catalán,3,0.0,0.0,
2013,al contestar al personal médico en la consulta,Sexo,Mujeres,2,Más catalán que castellano,1,0.0,0.0,
2013,al contestar al personal médico en la consulta,Sexo,Mujeres,2,Otras y no consta,5,0.0,0.0,
2013,al contestar al personal médico en la consulta,Sexo,Mujeres,2,Solo castellano,4,0.0,0.0,
2013,al contestar al personal médico en la consulta,Sexo,Mujeres,2,Solo catalán,0,0.0,0.0,
2013,al contestar al personal médico en la consulta,Sexo,total,99,Igual catalán que castellano,2,0.0,0.0,
2013,al contestar al personal médico en la consulta,Sexo,total,99,Más castellano que catalán,3,0.0,0.0,
2013,al contestar al personal médico en la consulta,Sexo,total,99,Más catalán que castellano,1,0.0,0.0,
2013,al contestar al personal médico en la consulta,Sexo,total,99,Otras y no consta,5,0.0,0.0,
2013,al contestar al personal médico en la consulta,Sexo,total,99,Solo castellano,4,0.0,0.0,
2013,al contestar al personal médico en la consulta,Sexo,total,99,Solo catalán,0,0.0,0.0,
2013,al escribir mensajes de móvil,Sexo,Hombres,1,Igual catalán que castellano,2,0.0,0.0,
2013,al escribir mensajes de móvil,Sexo,Hombres,1,Más castellano que catalán,3,0.0,0.0,
2013,al escribir mensajes de móvil,Sexo,Hombres,1,Más catalán que castellano,1,0.0,0.0,
2013,al escribir mensajes de móvil,Sexo,Hombres,1,Otras y no consta,5,0.0,0.0,
2013,al escribir mensajes de móvil,Sexo,Hombres,1,Solo castellano,4,0.0,0.0,
2013,al escribir mensajes de móvil,Sexo,Hombres,1,Solo catalán,0,0.0,0.0,
2013,al escribir mensajes de móvil,Sexo,Mujeres,2,Igual catalán que castellano,2,0.0,0.0,
2013,al escribir mensajes de móvil,Sexo,Mujeres,2,Más castellano que catalán,3,0.0,0.0,
2013,al escribir mensajes de móvil,Sexo,Mujeres,2,Más catalán que castellano,1,0.0,0.0,
2013,al escribir mensajes de móvil,Sexo,Mujeres,2,Otras y no consta,5,0.0,0.0,
2013,al escribir mensajes de móvil,Sexo,Mujeres,2,Solo castellano,4,0.0,0.0,
2013,al escribir mensajes de móvil,Sexo,Mujeres,2,Solo catalán,0,0.0,0.0,
2013,al escribir mensajes de móvil,Sexo,total,99,Igual catalán que castellano,2,0.0,0.0,
2013,al escribir mensajes de móvil,Sexo,total,99,Más castellano que catalán,3,0.0,0.0,
2013,al escribir mensajes de móvil,Sexo,total,99,Más catalán que castellano,1,0.0,0.0,
2013,al escribir mensajes de móvil,Sexo,total,99,Otras y no consta,5,0.0,0.0,
2013,al escribir mensajes de móvil,Sexo,total,99,Solo castellano,4,0.0,0.0,
2013,al escribir mensajes de móvil,Sexo,total,99,Solo catalán,0,0.0,0.0,
2013,al hacer publicaciones en las redes sociales,Sexo,Hombres,1,Igual catalán que castellano,2,0.0,0.0,
2013,al hacer publicaciones en las redes sociales,Sexo,Hombres,1,Más castellano que catalán,3,0.0,0.0,
2013,al hacer publicaciones en las redes sociales,Sexo,Hombres,1,Más catalán que castellano,1,0.0,0.0,
2013,al hacer publicaciones en las redes sociales,Sexo,Hombres,1,Otras y no consta,5,0.0,0.0,
2013,al hacer publicaciones en las redes sociales,Sexo,Hombres,1,Solo castellano,4,0.0,0.0,
2013,al hacer publicaciones en las redes sociales,Sexo,Hombres,1,Solo catalán,0,0.0,0.0,
2013,al hacer publicaciones en las redes sociales,Sexo,Mujeres,2,Igual catalán que castellano,2,0.0,0.0,
2013,al hacer publicaciones en las redes sociales,Sexo,Mujeres,2,Más castellano que catalán,3,0.0,0.0,
2013,al hacer publicaciones en las redes sociales,Sexo,Mujeres,2,Más catalán que castellano,1,0.0,0.0,
2013,al hacer publicaciones en las redes sociales,Sexo,Mujeres,2,Otras y no consta,5,0.0,0.0,
2013,al hacer publicaciones en las redes sociales,Sexo,Mujeres,2,Solo castellano,4,0.0,0.0,
2013,al hacer publicaciones en las redes sociales,Sexo,Mujeres,2,Solo catalán,0,0.0,0.0,
2013,al hacer publicaciones en las redes sociales,Sexo,total,99,Igual catalán que castellano,2,0.0,0.0,
2013,al hacer publicaciones en las redes sociales,Sexo,total,99,Más castellano que catalán,3,0.0,0.0,
2013,al hacer publicaciones en las redes sociales,Sexo,total,99,Más catalán que castellano,1,0.0,0.0,
2013,al hacer publicaciones en las redes sociales,Sexo,total,99,Otras y no consta,5,0.0,0.0,
2013,al hacer publicaciones en las redes sociales,Sexo,total,99,Solo castellano,4,0.0,0.0,
2013,al hacer publicaciones en las redes sociales,Sexo,total,99,Solo catalán,0,0.0,0.0,
2013,con el personal de un restaurante o bar,Sexo,Hombres,1,Igual catalán que castellano,2,0.0,0.0,
2013,con el personal de un restaurante o bar,Sexo,Hombres,1,Más castellano que catalán,3,0.0,0.0,
2013,con el personal de un restaurante o bar,Sexo,Hombres,1,Más catalán que castellano,1,0.0,0.0,
2013,con el personal de un restaurante o bar,Sexo,Hombres,1,Otras y no consta,5,0.0,0.0,
2013,con el personal de un restaurante o bar,Sexo,Hombres,1,Solo castellano,4,0.0,0.0,
2013,con el personal de un restaurante o bar,Sexo,Hombres,1,Solo catalán,0,0.0,0.0,
2013,con el personal de un restaurante o bar,Sexo,Mujeres,2,Igual catalán que castellano,2,0.0,0.0,
2013,con el personal de un restaurante o bar,Sexo,Mujeres,2,Más castellano que catalán,3,0.0,0.0,
2013,con el personal de un restaurante o bar,Sexo,Mujeres,2,Más catalán que castellano,1,0.0,0.0,
2013,con el personal de un restaurante o bar,Sexo,Mujeres,2,Otras y no consta,5,0.0,0.0,
2013,con el personal de un restaurante o bar,Sexo,Mujeres,2,Solo castellano,4,0.0,0.0,
2013,con el personal de un restaurante o bar,Sexo,Mujeres,2,Solo catalán,0,0.0,0.0,
2013,con el personal de un restaurante o bar,Sexo,total,99,Igual catalán que castellano,2,0.0,0.0,
2013,con el personal de un restaurante o bar,Sexo,total,99,Más castellano que catalán,3,0.0,0.0,
2013,con el personal de un restaurante o bar,Sexo,total,99,Más catalán que castellano,1,0.0,0.0,
2013,con el personal de un restaurante o bar,Sexo,total,99,Otras y no consta,5,0.0,0.0,
2013,con el personal de un restaurante o bar,Sexo,total,99,Solo castellano,4,0.0,0.0,
2013,con el personal de un restaurante o bar,Sexo,total,99,Solo catalán,0,0.0,0.0,
2013,con el personal médico,Sexo,Hombres,1,Igual catalán que castellano,2,401.9,3044.9,13.19911983973201
2013,con el personal médico,Sexo,Hombres,1,Más castellano que catalán,3,234.5,3044.9,7.701402344904594
2013,con el personal médico,Sexo,Hombres,1,Más catalán que castellano,1,373.8,3044.9,12.276265230385235
2013,con el personal médico,Sexo,Hombres,1,Otras y no consta,5,43.6,3044.9,1.4319025255345004
2013,con el personal médico,Sexo,Hombres,1,Solo castellano,4,1137.0,3044.9,37.34112778744787
2013,con el personal médico,Sexo,Hombres,1,Solo catalán,0,841.8,3044.9,27.646228119150052
2013,con el personal médico,Sexo,Mujeres,2,Igual catalán que castellano,2,351.3,3208.9,10.94767677397239
2013,con el personal médico,Sexo,Mujeres,2,Más castellano que catalán,3,212.0,3208.9,6.606625323319518
2013,con el personal médico,Sexo,Mujeres,2,Más catalán que castellano,1,404.9,3208.9,12.61803110100034
2013,con el personal médico,Sexo,Mujeres,2,Otras y no consta,5,17.3,3208.9,0.5391255570444701
2013,con el personal médico,Sexo,Mujeres,2,Solo castellano,4,1314.5,3208.9,40.96419333728068
2013,con el personal médico,Sexo,Mujeres,2,Solo catalán,0,896.7,3208.9,27.944155318021753
2013,con el personal médico,Sexo,total,99,Igual catalán que castellano,2,753.1,6253.8,12.042278294796764
2013,con el personal médico,Sexo,total,99,Más castellano que catalán,3,446.5,6253.8,7.139659087274937
2013,con el personal médico,Sexo,total,99,Más catalán que castellano,1,778.7,6253.8,12.451629409319134
2013,con el personal médico,Sexo,total,99,Otras y no consta,5,84.6,6253.8,1.352777511273146
2013,con el personal médico,Sexo,total,99,Solo castellano,4,2451.6,6253.8,39.201765326681375
2013,con el personal médico,Sexo,total,99,Solo catalán,0,1738.4,6253.8,27.797499120534713
2013,con la Administración de la Generalitat de Catalunya,Sexo,Hombres,1,Igual catalán que castellano,2,210.8,3044.9,6.9230516601530425
2013,con la Administración de la Generalitat de Catalunya,Sexo,Hombres,1,Más castellano que catalán,3,209.5,3044.9,6.8803573187953635
2013,con la Administración de la Generalitat de Catalunya,Sexo,Hombres,1,Más catalán que castellano,1,270.7,3044.9,8.89027554271076
2013,con la Administración de la Generalitat de Catalunya,Sexo,Hombres,1,Otras y no consta,5,275.8,3044.9,9.057768728037045
2013,con la Administración de la Generalitat de Catalunya,Sexo,Hombres,1,Solo castellano,4,920.9,3044.9,30.24401458175966
2013,con la Administración de la Generalitat de Catalunya,Sexo,Hombres,1,Solo catalán,0,1148.5,3044.9,37.71880849945811
2013,con la Administración de la Generalitat de Catalunya,Sexo,Mujeres,2,Igual catalán que castellano,2,213.9,3208.9,6.665835644613419
2013,con la Administración de la Generalitat de Catalunya,Sexo,Mujeres,2,Más castellano que catalán,3,184.6,3208.9,5.752750163607467
2013,con la Administración de la Generalitat de Catalunya,Sexo,Mujeres,2,Más catalán que castellano,1,273.7,3208.9,8.529402599021472
2013,con la Administración de la Generalitat de Catalunya,Sexo,Mujeres,2,Otras y no consta,5,392.4,3208.9,12.228489513540465
2013,con la Administración de la Generalitat de Catalunya,Sexo,Mujeres,2,Solo castellano,4,945.4,3208.9,29.461809342765434
2013,con la Administración de la Generalitat de Catalunya,Sexo,Mujeres,2,Solo catalán,0,1197.2,3208.9,37.3087350805572
2013,con la Administración de la Generalitat de Catalunya,Sexo,total,99,Igual catalán que castellano,2,424.8,6253.8,6.7926700566055835
2013,con la Administración de la Generalitat de Catalunya,Sexo,total,99,Más castellano que catalán,3,394.1,6253.8,6.30176852473696
2013,con la Administración de la Generalitat de Catalunya,Sexo,total,99,Más catalán que castellano,1,544.4,6253.8,8.705107294764783
2013,con la Administración de la Generalitat de Catalunya,Sexo,total,99,Otras y no consta,5,668.2,6253.8,10.68470370015031
2013,con la Administración de la Generalitat de Catalunya,Sexo,total,99,Solo castellano,4,1866.3,6253.8,29.842655665355462
2013,con la Administración de la Generalitat de Catalunya,Sexo,total,99,Solo catalán,0,2345.7,6253.8,37.50839489590329
2013,con la Administración del Estado en Cataluña,Sexo,Hombres,1,Igual catalán que castellano,2,341.9,3044.9,11.228611777069855
2013,con la Administración del Estado en Cataluña,Sexo,Hombres,1,Más castellano que catalán,3,323.1,3044.9,10.611185917435712
2013,con la Administración del Estado en Cataluña,Sexo,Hombres,1,Más catalán que castellano,1,394.8,3044.9,12.96594305231699
2013,con la Administración del Estado en Cataluña,Sexo,Hombres,1,Otras y no consta,5,154.5,3044.9,5.074058261355052
2013,con la Administración del Estado en Cataluña,Sexo,Hombres,1,Solo castellano,4,1175.7,3044.9,38.61210548786496
2013,con la Administración del Estado en Cataluña,Sexo,Hombres,1,Solo catalán,0,647.2,3044.9,21.255213635915794
2013,con la Administración del Estado en Cataluña,Sexo,Mujeres,2,Igual catalán que castellano,2,343.0,3208.9,10.68902115989903
2013,con la Administración del Estado en Cataluña,Sexo,Mujeres,2,Más castellano que catalán,3,302.2,3208.9,9.417557418429992
2013,con la Administración del Estado en Cataluña,Sexo,Mujeres,2,Más catalán que castellano,1,417.9,3208.9,13.023154351958613
2013,con la Administración del Estado en Cataluña,Sexo,Mujeres,2,Otras y no consta,5,217.7,3208.9,6.784256287201221
2013,con la Administración del Estado en Cataluña,Sexo,Mujeres,2,Solo castellano,4,1167.7,3208.9,36.38941693415189
2013,con la Administración del Estado en Cataluña,Sexo,Mujeres,2,Solo catalán,0,756.7,3208.9,23.58128953847113
2013,con la Administración del Estado en Cataluña,Sexo,total,99,Igual catalán que castellano,2,684.8,6253.8,10.950142313473407
2013,con la Administración del Estado en Cataluña,Sexo,total,99,Más castellano que catalán,3,625.2,6253.8,9.997121749976015
2013,con la Administración del Estado en Cataluña,Sexo,total,99,Más catalán que castellano,1,812.7,6253.8,12.995298858294158
2013,con la Administración del Estado en Cataluña,Sexo,total,99,Otras y no consta,5,372.2,6253.8,5.9515814384854
2013,con la Administración del Estado en Cataluña,Sexo,total,99,Solo castellano,4,2343.4,6253.8,37.47161725670792
2013,con la Administración del Estado en Cataluña,Sexo,total,99,Solo catalán,0,1403.9,6253.8,22.44875115929515
2013,con la Administración local,Sexo,Hombres,1,Igual catalán que castellano,2,248.2,3044.9,8.151335019212453
2013,con la Administración local,Sexo,Hombres,1,Más castellano que catalán,3,219.1,3044.9,7.195638608821307
2013,con la Administración local,Sexo,Hombres,1,Más catalán que castellano,1,318.7,3044.9,10.466681992840487
2013,con la Administración local,Sexo,Hombres,1,Otras y no consta,5,127.7,3044.9,4.193897993365956
2013,con la Administración local,Sexo,Hombres,1,Solo castellano,4,970.4,3044.9,31.86968373345594
2013,con la Administración local,Sexo,Hombres,1,Solo catalán,0,1153.7,3044.9,37.88958586488883
2013,con la Administración local,Sexo,Mujeres,2,Igual catalán que castellano,2,246.1,3208.9,7.669294773910062
2013,con la Administración local,Sexo,Mujeres,2,Más castellano que catalán,3,197.6,3208.9,6.157873414565739
2013,con la Administración local,Sexo,Mujeres,2,Más catalán que castellano,1,333.9,3208.9,10.405434884228239
2013,con la Administración local,Sexo,Mujeres,2,Otras y no consta,5,195.8,3208.9,6.101779425971516
2013,con la Administración local,Sexo,Mujeres,2,Solo castellano,4,1041.7,3208.9,32.46283773255632
2013,con la Administración local,Sexo,Mujeres,2,Solo catalán,0,1191.2,3208.9,37.12175511857646
2013,con la Administración local,Sexo,total,99,Igual catalán que castellano,2,494.3,6253.8,7.903994371422176
2013,con la Administración local,Sexo,total,99,Más castellano que catalán,3,416.7,6253.8,6.663148805526239
2013,con la Administración local,Sexo,total,99,Más catalán que castellano,1,652.6,6253.8,10.43525536473824
2013,con la Administración local,Sexo,total,99,Otras y no consta,5,333.3,6253.8,5.32955962774633
2013,con la Administración local,Sexo,total,99,Solo castellano,4,2012.1,6253.8,32.17403818478365
2013,con la Administración local,Sexo,total,99,Solo catalán,0,2344.8,6253.8,37.494003645783366
2013,con la policía local o Mossos d'Esquadra,Sexo,Hombres,1,Igual catalán que castellano,2,0.0,0.0,
2013,con la policía local o Mossos d'Esquadra,Sexo,Hombres,1,Más castellano que catalán,3,0.0,0.0,
2013,con la policía local o Mossos d'Esquadra,Sexo,Hombres,1,Más catalán que castellano,1,0.0,0.0,
2013,con la policía local o Mossos d'Esquadra,Sexo,Hombres,1,Otras y no consta,5,0.0,0.0,
2013,con la policía local o Mossos d'Esquadra,Sexo,Hombres,1,Solo castellano,4,0.0,0.0,
2013,con la policía local o Mossos d'Esquadra,Sexo,Hombres,1,Solo catalán,0,0.0,0.0,
2013,con la policía local o Mossos d'Esquadra,Sexo,Mujeres,2,Igual catalán que castellano,2,0.0,0.0,
2013,con la policía local o Mossos d'Esquadra,Sexo,Mujeres,2,Más castellano que catalán,3,0.0,0.0,
2013,con la policía local o Mossos d'Esquadra,Sexo,Mujeres,2,Más catalán que castellano,1,0.0,0.0,
2013,con la policía local o Mossos d'Esquadra,Sexo,Mujeres,2,Otras y no consta,5,0.0,0.0,
2013,con la policía local o Mossos d'Esquadra,Sexo,Mujeres,2,Solo castellano,4,0.0,0.0,
2013,con la policía local o Mossos d'Esquadra,Sexo,Mujeres,2,Solo catalán,0,0.0,0.0,
2013,con la policía local o Mossos d'Esquadra,Sexo,total,99,Igual catalán que castellano,2,0.0,0.0,
2013,con la policía local o Mossos d'Esquadra,Sexo,total,99,Más castellano que catalán,3,0.0,0.0,
2013,con la policía local o Mossos d'Esquadra,Sexo,total,99,Más catalán que castellano,1,0.0,0.0,
2013,con la policía local o Mossos d'Esquadra,Sexo,total,99,Otras y no consta,5,0.0,0.0,
2013,con la policía local o Mossos d'Esquadra,Sexo,total,99,Solo castellano,4,0.0,0.0,
2013,con la policía local o Mossos d'Esquadra,Sexo,total,99,Solo catalán,0,0.0,0.0,
2013,con los amigos,Sexo,Hombres,1,Igual catalán que castellano,2,457.7,3044.9,15.031692338007815
2013,con los amigos,Sexo,Hombres,1,Más castellano que catalán,3,416.5,3044.9,13.678610134979802
2013,con los amigos,Sexo,Hombres,1,Más catalán que castellano,1,488.8,3044.9,16.053072350487703
2013,con los amigos,Sexo,Hombres,1,Otras y no consta,5,349.0,3044.9,11.461788564484877
2013,con los amigos,Sexo,Hombres,1,Solo castellano,4,867.7,3044.9,28.49683076619922
2013,con los amigos,Sexo,Hombres,1,Solo catalán,0,456.0,3044.9,14.975861276232388
2013,con los amigos,Sexo,Mujeres,2,Igual catalán que castellano,2,525.1,3208.9,16.363863006014522
2013,con los amigos,Sexo,Mujeres,2,Más castellano que catalán,3,402.3,3208.9,12.537006450808688
2013,con los amigos,Sexo,Mujeres,2,Más catalán que castellano,1,502.6,3208.9,15.662688148586742
2013,con los amigos,Sexo,Mujeres,2,Otras y no consta,5,225.5,3208.9,7.027330237776185
2013,con los amigos,Sexo,Mujeres,2,Solo castellano,4,1049.9,3208.9,32.71837701393001
2013,con los amigos,Sexo,Mujeres,2,Solo catalán,0,483.6,3208.9,15.07058493564773
2013,con los amigos,Sexo,total,99,Igual catalán que castellano,2,982.8,6253.8,15.715245130960376
2013,con los amigos,Sexo,total,99,Más castellano que catalán,3,818.8,6253.8,13.092839553551439
2013,con los amigos,Sexo,total,99,Más catalán que castellano,1,991.4,6253.8,15.852761520995234
2013,con los amigos,Sexo,total,99,Otras y no consta,5,603.5,6253.8,9.650132719306661
2013,con los amigos,Sexo,total,99,Solo castellano,4,1917.6,6253.8,30.662956922191302
2013,con los amigos,Sexo,total,99,Solo catalán,0,939.6,6253.8,15.024465125203875
2013,con los compañeros de deporte,Sexo,Hombres,1,Igual catalán que castellano,2,0.0,0.0,
2013,con los compañeros de deporte,Sexo,Hombres,1,Más castellano que catalán,3,0.0,0.0,
2013,con los compañeros de deporte,Sexo,Hombres,1,Más catalán que castellano,1,0.0,0.0,
2013,con los compañeros de deporte,Sexo,Hombres,1,Otras y no consta,5,0.0,0.0,
2013,con los compañeros de deporte,Sexo,Hombres,1,Solo castellano,4,0.0,0.0,
2013,con los compañeros de deporte,Sexo,Hombres,1,Solo catalán,0,0.0,0.0,
2013,con los compañeros de deporte,Sexo,Mujeres,2,Igual catalán que castellano,2,0.0,0.0,
2013,con los compañeros de deporte,Sexo,Mujeres,2,Más castellano que catalán,3,0.0,0.0,
2013,con los compañeros de deporte,Sexo,Mujeres,2,Más catalán que castellano,1,0.0,0.0,
2013,con los compañeros de deporte,Sexo,Mujeres,2,Otras y no consta,5,0.0,0.0,
2013,con los compañeros de deporte,Sexo,Mujeres,2,Solo castellano,4,0.0,0.0,
2013,con los compañeros de deporte,Sexo,Mujeres,2,Solo catalán,0,0.0,0.0,
2013,con los compañeros de deporte,Sexo,total,99,Igual catalán que castellano,2,0.0,0.0,
2013,con los compañeros de deporte,Sexo,total,99,Más castellano que catalán,3,0.0,0.0,
2013,con los compañeros de deporte,Sexo,total,99,Más catalán que castellano,1,0.0,0.0,
2013,con los compañeros de deporte,Sexo,total,99,Otras y no consta,5,0.0,0.0,
2013,con los compañeros de deporte,Sexo,total,99,Solo castellano,4,0.0,0.0,
2013,con los compañeros de deporte,Sexo,total,99,Solo catalán,0,0.0,0.0,
2013,con los compañeros de estudio,Sexo,Hombres,1,Igual catalán que castellano,2,95.0,550.4,17.260174418604652
2013,con los compañeros de estudio,Sexo,Hombres,1,Más castellano que catalán,3,74.2,550.4,13.481104651162793
2013,con los compañeros de estudio,Sexo,Hombres,1,Más catalán que castellano,1,127.9,550.4,23.237645348837212
2013,con los compañeros de estudio,Sexo,Hombres,1,Otras y no consta,5,0.0,550.4,0.0
2013,con los compañeros de estudio,Sexo,Hombres,1,Solo castellano,4,102.9,550.4,18.695494186046513
2013,con los compañeros de estudio,Sexo,Hombres,1,Solo catalán,0,101.2,550.4,18.386627906976745
2013,con los compañeros de estudio,Sexo,Mujeres,2,Igual catalán que castellano,2,97.5,553.4,17.61835923382725
2013,con los compañeros de estudio,Sexo,Mujeres,2,Más castellano que catalán,3,82.5,553.4,14.907842428623058
2013,con los compañeros de estudio,Sexo,Mujeres,2,Más catalán que castellano,1,119.4,553.4,21.575713769425374
2013,con los compañeros de estudio,Sexo,Mujeres,2,Otras y no consta,5,13.1,553.4,2.3671846765449946
2013,con los compañeros de estudio,Sexo,Mujeres,2,Solo castellano,4,80.2,553.4,14.492229851825083
2013,con los compañeros de estudio,Sexo,Mujeres,2,Solo catalán,0,125.4,553.4,22.659920491507048
2013,con los compañeros de estudio,Sexo,total,99,Igual catalán que castellano,2,192.5,1103.8,17.43975357854684
2013,con los compañeros de estudio,Sexo,total,99,Más castellano que catalán,3,156.6,1103.8,14.18735278130096
2013,con los compañeros de estudio,Sexo,total,99,Más catalán que castellano,1,247.3,1103.8,22.404421090777316
2013,con los compañeros de estudio,Sexo,total,99,Otras y no consta,5,86.6,1103.8,7.845624207283929
2013,con los compañeros de estudio,Sexo,total,99,Solo castellano,4,183.1,1103.8,16.588150027178834
2013,con los compañeros de estudio,Sexo,total,99,Solo catalán,0,226.6,1103.8,20.529081355317995
2013,con los compañeros de trabajo,Sexo,Hombres,1,Igual catalán que castellano,2,253.8,1536.4,16.51913564175996
2013,con los compañeros de trabajo,Sexo,Hombres,1,Más castellano que catalán,3,234.9,1536.4,15.288987242905494
2013,con los compañeros de trabajo,Sexo,Hombres,1,Más catalán que castellano,1,228.6,1536.4,14.87893777662067
2013,con los compañeros de trabajo,Sexo,Hombres,1,Otras y no consta,5,165.8,1536.4,10.791460557146577
2013,con los compañeros de trabajo,Sexo,Hombres,1,Solo castellano,4,404.4,1536.4,26.32127050247331
2013,con los compañeros de trabajo,Sexo,Hombres,1,Solo catalán,0,233.8,1536.4,15.217391304347828
2013,con los compañeros de trabajo,Sexo,Mujeres,2,Igual catalán que castellano,2,251.8,1419.9,17.733643214310867
2013,con los compañeros de trabajo,Sexo,Mujeres,2,Más castellano que catalán,3,164.8,1419.9,11.606451158532291
2013,con los compañeros de trabajo,Sexo,Mujeres,2,Más catalán que castellano,1,254.0,1419.9,17.888583703077682
2013,con los compañeros de trabajo,Sexo,Mujeres,2,Otras y no consta,5,123.8,1419.9,8.718923867878019
2013,con los compañeros de trabajo,Sexo,Mujeres,2,Solo castellano,4,365.3,1419.9,25.72716388478062
2013,con los compañeros de trabajo,Sexo,Mujeres,2,Solo catalán,0,258.6,1419.9,18.21255017959011
2013,con los compañeros de trabajo,Sexo,total,99,Igual catalán que castellano,2,505.6,2956.3,17.102459155024864
2013,con los compañeros de trabajo,Sexo,total,99,Más castellano que catalán,3,399.8,2956.3,13.523661333423536
2013,con los compañeros de trabajo,Sexo,total,99,Más catalán que castellano,1,482.6,2956.3,16.32445962858979
2013,con los compañeros de trabajo,Sexo,total,99,Otras y no consta,5,302.1,2956.3,10.218854649392823
2013,con los compañeros de trabajo,Sexo,total,99,Solo castellano,4,769.7,2956.3,26.035923282481484
2013,con los compañeros de trabajo,Sexo,total,99,Solo catalán,0,492.4,2956.3,16.655955078983865
2013,con los miembros del hogar,Sexo,Hombres,1,Igual catalán que castellano,2,217.1,2777.1,7.8175074718231246
2013,con los miembros del hogar,Sexo,Hombres,1,Más castellano que catalán,3,285.5,2777.1,10.280508444060352
2013,con los miembros del hogar,Sexo,Hombres,1,Más catalán que castellano,1,131.4,2777.1,4.731554499297829
2013,con los miembros del hogar,Sexo,Hombres,1,Otras y no consta,5,319.0,2777.1,11.48680277987829
2013,con los miembros del hogar,Sexo,Hombres,1,Solo castellano,4,1053.0,2777.1,37.9172518094415
2013,con los miembros del hogar,Sexo,Hombres,1,Solo catalán,0,767.4,2777.1,27.633142486766772
2013,con los miembros del hogar,Sexo,Mujeres,2,Igual catalán que castellano,2,235.3,2849.5,8.257589050710651
2013,con los miembros del hogar,Sexo,Mujeres,2,Más castellano que catalán,3,279.2,2849.5,9.798210212317949
2013,con los miembros del hogar,Sexo,Mujeres,2,Más catalán que castellano,1,161.8,2849.5,5.678189155992279
2013,con los miembros del hogar,Sexo,Mujeres,2,Otras y no consta,5,260.5,2849.5,9.141954728899806
2013,con los miembros del hogar,Sexo,Mujeres,2,Solo castellano,4,1176.9,2849.5,41.3019828040007
2013,con los miembros del hogar,Sexo,Mujeres,2,Solo catalán,0,733.2,2849.5,25.730829970170205
2013,con los miembros del hogar,Sexo,total,99,Igual catalán que castellano,2,452.4,5626.6,8.04037962535101
2013,con los miembros del hogar,Sexo,total,99,Más castellano que catalán,3,564.7,5626.6,10.036256353748268
2013,con los miembros del hogar,Sexo,total,99,Más catalán que castellano,1,293.2,5626.6,5.210962215192123
2013,con los miembros del hogar,Sexo,total,99,Otras y no consta,5,579.5,5626.6,10.299292645647458
2013,con los miembros del hogar,Sexo,total,99,Solo castellano,4,2229.9,5626.6,39.63139373689262
2013,con los miembros del hogar,Sexo,total,99,Solo catalán,0,1500.6,5626.6,26.669747271887108
2013,con los vecinos,Sexo,Hombres,1,Igual catalán que castellano,2,474.7,3044.9,15.590002955762095
2013,con los vecinos,Sexo,Hombres,1,Más castellano que catalán,3,356.5,3044.9,11.708102072317645
2013,con los vecinos,Sexo,Hombres,1,Más catalán que castellano,1,456.6,3044.9,14.99556635685901
2013,con los vecinos,Sexo,Hombres,1,Otras y no consta,5,130.7,3044.9,4.292423396499063
2013,con los vecinos,Sexo,Hombres,1,Solo castellano,4,1110.2,3044.9,36.46096751945877
2013,con los vecinos,Sexo,Hombres,1,Solo catalán,0,514.7,3044.9,16.903674997536868
2013,con los vecinos,Sexo,Mujeres,2,Igual catalán que castellano,2,504.6,3208.9,15.725014802580322
2013,con los vecinos,Sexo,Mujeres,2,Más castellano que catalán,3,359.4,3208.9,11.200099722646389
2013,con los vecinos,Sexo,Mujeres,2,Más catalán que castellano,1,458.5,3208.9,14.288385428028297
2013,con los vecinos,Sexo,Mujeres,2,Otras y no consta,5,80.30000000000001,3208.9,2.5024151578422518
2013,con los vecinos,Sexo,Mujeres,2,Solo castellano,4,1237.4,3208.9,38.56150082582816
2013,con los vecinos,Sexo,Mujeres,2,Solo catalán,0,566.5,3208.9,17.654024743681635
2013,con los vecinos,Sexo,total,99,Igual catalán que castellano,2,979.3,6253.8,15.659279158271769
2013,con los vecinos,Sexo,total,99,Más castellano que catalán,3,715.9,6253.8,11.447439956506443
2013,con los vecinos,Sexo,total,99,Más catalán que castellano,1,915.1,6253.8,14.632703316383639
2013,con los vecinos,Sexo,total,99,Otras y no consta,5,214.7,6253.8,3.4331126674981607
2013,con los vecinos,Sexo,total,99,Solo castellano,4,2347.6,6253.8,37.538776423934245
2013,con los vecinos,Sexo,total,99,Solo catalán,0,1081.2,6253.8,17.288688477405735
2013,con los órganos judiciales,Sexo,Hombres,1,Igual catalán que castellano,2,0.0,0.0,
2013,con los órganos judiciales,Sexo,Hombres,1,Más castellano que catalán,3,0.0,0.0,
2013,con los órganos judiciales,Sexo,Hombres,1,Más catalán que castellano,1,0.0,0.0,
2013,con los órganos judiciales,Sexo,Hombres,1,Otras y no consta,5,0.0,0.0,
2013,con los órganos judiciales,Sexo,Hombres,1,Solo castellano,4,0.0,0.0,
2013,con los órganos judiciales,Sexo,Hombres,1,Solo catalán,0,0.0,0.0,
2013,con los órganos judiciales,Sexo,Mujeres,2,Igual catalán que castellano,2,0.0,0.0,
2013,con los órganos judiciales,Sexo,Mujeres,2,Más castellano que catalán,3,0.0,0.0,
2013,con los órganos judiciales,Sexo,Mujeres,2,Más catalán que castellano,1,0.0,0.0,
2013,con los órganos judiciales,Sexo,Mujeres,2,Otras y no consta,5,0.0,0.0,
2013,con los órganos judiciales,Sexo,Mujeres,2,Solo castellano,4,0.0,0.0,
2013,con los órganos judiciales,Sexo,Mujeres,2,Solo catalán,0,0.0,0.0,
2013,con los órganos judiciales,Sexo,total,99,Igual catalán que castellano,2,0.0,0.0,
2013,con los órganos judiciales,Sexo,total,99,Más castellano que catalán,3,0.0,0.0,
2013,con los órganos judiciales,Sexo,total,99,Más catalán que castellano,1,0.0,0.0,
2013,con los órganos judiciales,Sexo,total,99,Otras y no consta,5,0.0,0.0,
2013,con los órganos judiciales,Sexo,total,99,Solo castellano,4,0.0,0.0,
2013,con los órganos judiciales,Sexo,total,99,Solo catalán,0,0.0,0.0,
2013,con usuarios o clientes de Cataluña,Sexo,Hombres,1,Igual catalán que castellano,2,320.6,1374.5,23.324845398326666
2013,con usuarios o clientes de Cataluña,Sexo,Hombres,1,Más castellano que catalán,3,204.1,1374.5,14.84903601309567
2013,con usuarios o clientes de Cataluña,Sexo,Hombres,1,Más catalán que castellano,1,348.6,1374.5,25.361949799927245
2013,con usuarios o clientes de Cataluña,Sexo,Hombres,1,Otras y no consta,5,53.400000000000006,1374.5,3.885049108766825
2013,con usuarios o clientes de Cataluña,Sexo,Hombres,1,Solo castellano,4,270.0,1374.5,19.6435067297199
2013,con usuarios o clientes de Cataluña,Sexo,Hombres,1,Solo catalán,0,159.8,1374.5,11.626045834849037
2013,con usuarios o clientes de Cataluña,Sexo,Mujeres,2,Igual catalán que castellano,2,319.7,1323.5,24.155647903286738
2013,con usuarios o clientes de Cataluña,Sexo,Mujeres,2,Más castellano que catalán,3,137.4,1323.5,10.381564034756328
2013,con usuarios o clientes de Cataluña,Sexo,Mujeres,2,Más catalán que castellano,1,387.8,1323.5,29.301095579901776
2013,con usuarios o clientes de Cataluña,Sexo,Mujeres,2,Otras y no consta,5,54.6,1323.5,4.125425009444655
2013,con usuarios o clientes de Cataluña,Sexo,Mujeres,2,Solo castellano,4,225.1,1323.5,17.007933509633546
2013,con usuarios o clientes de Cataluña,Sexo,Mujeres,2,Solo catalán,0,180.3,1323.5,13.622969399319986
2013,con usuarios o clientes de Cataluña,Sexo,total,99,Igual catalán que castellano,2,640.3,2698.0,23.73239436619718
2013,con usuarios o clientes de Cataluña,Sexo,total,99,Más castellano que catalán,3,341.5,2698.0,12.657524091919942
2013,con usuarios o clientes de Cataluña,Sexo,total,99,Más catalán que castellano,1,736.4,2698.0,27.294292068198665
2013,con usuarios o clientes de Cataluña,Sexo,total,99,Otras y no consta,5,136.7,2698.0,5.066716085989621
2013,con usuarios o clientes de Cataluña,Sexo,total,99,Solo castellano,4,495.1,2698.0,18.35063009636768
2013,con usuarios o clientes de Cataluña,Sexo,total,99,Solo catalán,0,340.1,2698.0,12.605633802816902
2013,en el centro de culto,Sexo,Hombres,1,Igual catalán que castellano,2,0.0,0.0,
2013,en el centro de culto,Sexo,Hombres,1,Más castellano que catalán,3,0.0,0.0,
2013,en el centro de culto,Sexo,Hombres,1,Más catalán que castellano,1,0.0,0.0,
2013,en el centro de culto,Sexo,Hombres,1,Otras y no consta,5,0.0,0.0,
2013,en el centro de culto,Sexo,Hombres,1,Solo castellano,4,0.0,0.0,
2013,en el centro de culto,Sexo,Hombres,1,Solo catalán,0,0.0,0.0,
2013,en el centro de culto,Sexo,Mujeres,2,Igual catalán que castellano,2,0.0,0.0,
2013,en el centro de culto,Sexo,Mujeres,2,Más castellano que catalán,3,0.0,0.0,
2013,en el centro de culto,Sexo,Mujeres,2,Más catalán que castellano,1,0.0,0.0,
2013,en el centro de culto,Sexo,Mujeres,2,Otras y no consta,5,0.0,0.0,
2013,en el centro de culto,Sexo,Mujeres,2,Solo castellano,4,0.0,0.0,
2013,en el centro de culto,Sexo,Mujeres,2,Solo catalán,0,0.0,0.0,
2013,en el centro de culto,Sexo,total,99,Igual catalán que castellano,2,0.0,0.0,
2013,en el centro de culto,Sexo,total,99,Más castellano que catalán,3,0.0,0.0,
2013,en el centro de culto,Sexo,total,99,Más catalán que castellano,1,0.0,0.0,
2013,en el centro de culto,Sexo,total,99,Otras y no consta,5,0.0,0.0,
2013,en el centro de culto,Sexo,total,99,Solo castellano,4,0.0,0.0,
2013,en el centro de culto,Sexo,total,99,Solo catalán,0,0.0,0.0,
2013,en el gran comercio,Sexo,Hombres,1,Igual catalán que castellano,2,476.5,3044.9,15.64911819764196
2013,en el gran comercio,Sexo,Hombres,1,Más castellano que catalán,3,380.4,3044.9,12.49302111727807
2013,en el gran comercio,Sexo,Hombres,1,Más catalán que castellano,1,489.8,3044.9,16.08591415153207
2013,en el gran comercio,Sexo,Hombres,1,Otras y no consta,5,51.8,3044.9,1.701205294098328
2013,en el gran comercio,Sexo,Hombres,1,Solo castellano,4,1092.8,3044.9,35.88952018128674
2013,en el gran comercio,Sexo,Hombres,1,Solo catalán,0,539.4,3044.9,17.714867483332785
2013,en el gran comercio,Sexo,Mujeres,2,Igual catalán que castellano,2,480.3,3208.9,14.967745956558323
2013,en el gran comercio,Sexo,Mujeres,2,Más castellano que catalán,3,423.2,3208.9,13.188319985041602
2013,en el gran comercio,Sexo,Mujeres,2,Más catalán que castellano,1,494.8,3208.9,15.41961419801178
2013,en el gran comercio,Sexo,Mujeres,2,Otras y no consta,5,74.7,3208.9,2.327900526660226
2013,en el gran comercio,Sexo,Mujeres,2,Solo castellano,4,1151.9,3208.9,35.89703636760261
2013,en el gran comercio,Sexo,Mujeres,2,Solo catalán,0,576.9,3208.9,17.978123344448253
2013,en el gran comercio,Sexo,total,99,Igual catalán que castellano,2,956.8,6253.8,15.299497905273594
2013,en el gran comercio,Sexo,total,99,Más castellano que catalán,3,803.6,6253.8,12.849787329303783
2013,en el gran comercio,Sexo,total,99,Más catalán que castellano,1,984.6,6253.8,15.74402763120023
2013,en el gran comercio,Sexo,total,99,Otras y no consta,5,132.9,6253.8,2.1251079343758996
2013,en el gran comercio,Sexo,total,99,Solo castellano,4,2244.7,6253.8,35.893376826889245
2013,en el gran comercio,Sexo,total,99,Solo catalán,0,1116.4,6253.8,17.851546259874
2013,en el pequeño comercio,Sexo,Hombres,1,Igual catalán que castellano,2,463.6,3044.9,15.225458964169594
2013,en el pequeño comercio,Sexo,Hombres,1,Más castellano que catalán,3,342.5,3044.9,11.248316857696476
2013,en el pequeño comercio,Sexo,Hombres,1,Más catalán que castellano,1,546.2,3044.9,17.938191730434497
2013,en el pequeño comercio,Sexo,Hombres,1,Otras y no consta,5,63.3,3044.9,2.0788860061085748
2013,en el pequeño comercio,Sexo,Hombres,1,Solo castellano,4,1001.9,3044.9,32.90420046635357
2013,en el pequeño comercio,Sexo,Hombres,1,Solo catalán,0,626.4,3044.9,20.572104174192912
2013,en el pequeño comercio,Sexo,Mujeres,2,Igual catalán que castellano,2,469.1,3208.9,14.618716694194273
2013,en el pequeño comercio,Sexo,Mujeres,2,Más castellano que catalán,3,337.4,3208.9,10.514506528717005
2013,en el pequeño comercio,Sexo,Mujeres,2,Más catalán que castellano,1,558.1,3208.9,17.392252796908597
2013,en el pequeño comercio,Sexo,Mujeres,2,Otras y no consta,5,51.3,3208.9,1.598678674935336
2013,en el pequeño comercio,Sexo,Mujeres,2,Solo castellano,4,1071.7,3208.9,33.397737542460035
2013,en el pequeño comercio,Sexo,Mujeres,2,Solo catalán,0,713.4,3208.9,22.23191747951011
2013,en el pequeño comercio,Sexo,total,99,Igual catalán que castellano,2,932.6,6253.8,14.912533179826665
2013,en el pequeño comercio,Sexo,total,99,Más castellano que catalán,3,679.8,6253.8,10.870190923918257
2013,en el pequeño comercio,Sexo,total,99,Más catalán que castellano,1,1104.3,6253.8,17.65806389715053
2013,en el pequeño comercio,Sexo,total,99,Otras y no consta,5,122.6,6253.8,1.9604080718922894
2013,en el pequeño comercio,Sexo,total,99,Solo castellano,4,2073.6,6253.8,33.157440276312
2013,en el pequeño comercio,Sexo,total,99,Solo catalán,0,1339.8,6253.8,21.42377434519812
2013,en la entidad financiera,Sexo,Hombres,1,Igual catalán que castellano,2,369.6,3044.9,12.138329665998885
2013,en la entidad financiera,Sexo,Hombres,1,Más castellano que catalán,3,255.0,3044.9,8.374659266314165
2013,en la entidad financiera,Sexo,Hombres,1,Más catalán que castellano,1,338.8,3044.9,11.12680219383231
2013,en la entidad financiera,Sexo,Hombres,1,Otras y no consta,5,82.39999999999999,3044.9,2.7061644060560277
2013,en la entidad financiera,Sexo,Hombres,1,Solo castellano,4,1062.5,3044.9,34.89441360964235
2013,en la entidad financiera,Sexo,Hombres,1,Solo catalán,0,927.6,3044.9,30.46405464875694
2013,en la entidad financiera,Sexo,Mujeres,2,Igual catalán que castellano,2,347.8,3208.9,10.838605129483623
2013,en la entidad financiera,Sexo,Mujeres,2,Más castellano que catalán,3,230.5,3208.9,7.183146872760136
2013,en la entidad financiera,Sexo,Mujeres,2,Más catalán que castellano,1,383.4,3208.9,11.948019570569352
2013,en la entidad financiera,Sexo,Mujeres,2,Otras y no consta,5,90.5,3208.9,2.8202810932095113
2013,en la entidad financiera,Sexo,Mujeres,2,Solo castellano,4,1158.1,3208.9,36.0902489949827
2013,en la entidad financiera,Sexo,Mujeres,2,Solo catalán,0,991.3,3208.9,30.8922060519181
2013,en la entidad financiera,Sexo,total,99,Igual catalán que castellano,2,717.4,6253.8,11.471425373372988
2013,en la entidad financiera,Sexo,total,99,Más castellano que catalán,3,485.5,6253.8,7.76327992580511
2013,en la entidad financiera,Sexo,total,99,Más catalán que castellano,1,722.2,6253.8,11.548178707345933
2013,en la entidad financiera,Sexo,total,99,Otras y no consta,5,189.1,6253.8,3.023761552975791
2013,en la entidad financiera,Sexo,total,99,Solo castellano,4,2220.5,6253.8,35.50641210144232
2013,en la entidad financiera,Sexo,total,99,Solo catalán,0,1918.8,6253.8,30.68214525568454
2018,al contestar al personal médico en la consulta,Sexo,Hombres,1,Igual catalán que castellano,2,0.0,0.0,
2018,al contestar al personal médico en la consulta,Sexo,Hombres,1,Más castellano que catalán,3,0.0,0.0,
2018,al contestar al personal médico en la consulta,Sexo,Hombres,1,Más catalán que castellano,1,0.0,0.0,
2018,al contestar al personal médico en la consulta,Sexo,Hombres,1,Otras y no consta,5,0.0,0.0,
2018,al contestar al personal médico en la consulta,Sexo,Hombres,1,Solo castellano,4,0.0,0.0,
2018,al contestar al personal médico en la consulta,Sexo,Hombres,1,Solo catalán,0,0.0,0.0,
2018,al contestar al personal médico en la consulta,Sexo,Mujeres,2,Igual catalán que castellano,2,0.0,0.0,
2018,al contestar al personal médico en la consulta,Sexo,Mujeres,2,Más castellano que catalán,3,0.0,0.0,
2018,al contestar al personal médico en la consulta,Sexo,Mujeres,2,Más catalán que castellano,1,0.0,0.0,
2018,al contestar al personal médico en la consulta,Sexo,Mujeres,2,Otras y no consta,5,0.0,0.0,
2018,al contestar al personal médico en la consulta,Sexo,Mujeres,2,Solo castellano,4,0.0,0.0,
2018,al contestar al personal médico en la consulta,Sexo,Mujeres,2,Solo catalán,0,0.0,0.0,
2018,al contestar al personal médico en la consulta,Sexo,total,99,Igual catalán que castellano,2,0.0,0.0,
2018,al contestar al personal médico en la consulta,Sexo,total,99,Más castellano que catalán,3,0.0,0.0,
2018,al contestar al personal médico en la consulta,Sexo,total,99,Más catalán que castellano,1,0.0,0.0,
2018,al contestar al personal médico en la consulta,Sexo,total,99,Otras y no consta,5,0.0,0.0,
2018,al contestar al personal médico en la consulta,Sexo,total,99,Solo castellano,4,0.0,0.0,
2018,al contestar al personal médico en la consulta,Sexo,total,99,Solo catalán,0,0.0,0.0,
2018,al escribir mensajes de móvil,Sexo,Hombres,1,Igual catalán que castellano,2,423.8,3094.9,13.693495751074348
2018,al escribir mensajes de móvil,Sexo,Hombres,1,Más castellano que catalán,3,349.2,3094.9,11.283078613202365
2018,al escribir mensajes de móvil,Sexo,Hombres,1,Más catalán que castellano,1,356.7,3094.9,11.525412775857054
2018,al escribir mensajes de móvil,Sexo,Hombres,1,Otras y no consta,5,576.0999999999999,3094.9,18.614494814048914
2018,al escribir mensajes de móvil,Sexo,Hombres,1,Solo castellano,4,1036.3,3094.9,33.4841190345407
2018,al escribir mensajes de móvil,Sexo,Hombres,1,Solo catalán,0,340.1,3094.9,10.989046495848008
2018,al escribir mensajes de móvil,Sexo,Mujeres,2,Igual catalán que castellano,2,440.6,3291.7,13.38518090956041
2018,al escribir mensajes de móvil,Sexo,Mujeres,2,Más castellano que catalán,3,306.8,3291.7,9.320411945195492
2018,al escribir mensajes de móvil,Sexo,Mujeres,2,Más catalán que castellano,1,394.9,3291.7,11.996840538323662
2018,al escribir mensajes de móvil,Sexo,Mujeres,2,Otras y no consta,5,670.6,3291.7,20.372451924537476
2018,al escribir mensajes de móvil,Sexo,Mujeres,2,Solo castellano,4,1062.9,3291.7,32.290305920952704
2018,al escribir mensajes de móvil,Sexo,Mujeres,2,Solo catalán,0,416.0,3291.7,12.63784670534982
2018,al escribir mensajes de móvil,Sexo,total,99,Igual catalán que castellano,2,864.3,6386.6,13.533022265368114
2018,al escribir mensajes de móvil,Sexo,total,99,Más castellano que catalán,3,656.0,6386.6,10.271505965615507
2018,al escribir mensajes de móvil,Sexo,total,99,Más catalán que castellano,1,751.6,6386.6,11.768390066702157
2018,al escribir mensajes de móvil,Sexo,total,99,Otras y no consta,5,1259.5,6386.6,19.72097829831209
2018,al escribir mensajes de móvil,Sexo,total,99,Solo castellano,4,2099.2,6386.6,32.86881908996962
2018,al escribir mensajes de móvil,Sexo,total,99,Solo catalán,0,756.1,6386.6,11.838850092380921
2018,al hacer publicaciones en las redes sociales,Sexo,Hombres,1,Igual catalán que castellano,2,0.0,0.0,
2018,al hacer publicaciones en las redes sociales,Sexo,Hombres,1,Más castellano que catalán,3,0.0,0.0,
2018,al hacer publicaciones en las redes sociales,Sexo,Hombres,1,Más catalán que castellano,1,0.0,0.0,
2018,al hacer publicaciones en las redes sociales,Sexo,Hombres,1,Otras y no consta,5,0.0,0.0,
2018,al hacer publicaciones en las redes sociales,Sexo,Hombres,1,Solo castellano,4,0.0,0.0,
2018,al hacer publicaciones en las redes sociales,Sexo,Hombres,1,Solo catalán,0,0.0,0.0,
2018,al hacer publicaciones en las redes sociales,Sexo,Mujeres,2,Igual catalán que castellano,2,0.0,0.0,
2018,al hacer publicaciones en las redes sociales,Sexo,Mujeres,2,Más castellano que catalán,3,0.0,0.0,
2018,al hacer publicaciones en las redes sociales,Sexo,Mujeres,2,Más catalán que castellano,1,0.0,0.0,
2018,al hacer publicaciones en las redes sociales,Sexo,Mujeres,2,Otras y no consta,5,0.0,0.0,
2018,al hacer publicaciones en las redes sociales,Sexo,Mujeres,2,Solo castellano,4,0.0,0.0,
2018,al hacer publicaciones en las redes sociales,Sexo,Mujeres,2,Solo catalán,0,0.0,0.0,
2018,al hacer publicaciones en las redes sociales,Sexo,total,99,Igual catalán que castellano,2,0.0,0.0,
2018,al hacer publicaciones en las redes sociales,Sexo,total,99,Más castellano que catalán,3,0.0,0.0,
2018,al hacer publicaciones en las redes sociales,Sexo,total,99,Más catalán que castellano,1,0.0,0.0,
2018,al hacer publicaciones en las redes sociales,Sexo,total,99,Otras y no consta,5,0.0,0.0,
2018,al hacer publicaciones en las redes sociales,Sexo,total,99,Solo castellano,4,0.0,0.0,
2018,al hacer publicaciones en las redes sociales,Sexo,total,99,Solo catalán,0,0.0,0.0,
2018,con el personal de un restaurante o bar,Sexo,Hombres,1,Igual catalán que castellano,2,0.0,0.0,
2018,con el personal de un restaurante o bar,Sexo,Hombres,1,Más castellano que catalán,3,0.0,0.0,
2018,con el personal de un restaurante o bar,Sexo,Hombres,1,Más catalán que castellano,1,0.0,0.0,
2018,con el personal de un restaurante o bar,Sexo,Hombres,1,Otras y no consta,5,0.0,0.0,
2018,con el personal de un restaurante o bar,Sexo,Hombres,1,Solo castellano,4,0.0,0.0,
2018,con el personal de un restaurante o bar,Sexo,Hombres,1,Solo catalán,0,0.0,0.0,
2018,con el personal de un restaurante o bar,Sexo,Mujeres,2,Igual catalán que castellano,2,0.0,0.0,
2018,con el personal de un restaurante o bar,Sexo,Mujeres,2,Más castellano que catalán,3,0.0,0.0,
2018,con el personal de un restaurante o bar,Sexo,Mujeres,2,Más catalán que castellano,1,0.0,0.0,
2018,con el personal de un restaurante o bar,Sexo,Mujeres,2,Otras y no consta,5,0.0,0.0,
2018,con el personal de un restaurante o bar,Sexo,Mujeres,2,Solo castellano,4,0.0,0.0,
2018,con el personal de un restaurante o bar,Sexo,Mujeres,2,Solo catalán,0,0.0,0.0,
2018,con el personal de un restaurante o bar,Sexo,total,99,Igual catalán que castellano,2,0.0,0.0,
2018,con el personal de un restaurante o bar,Sexo,total,99,Más castellano que catalán,3,0.0,0.0,
2018,con el personal de un restaurante o bar,Sexo,total,99,Más catalán que castellano,1,0.0,0.0,
2018,con el personal de un restaurante o bar,Sexo,total,99,Otras y no consta,5,0.0,0.0,
2018,con el personal de un restaurante o bar,Sexo,total,99,Solo castellano,4,0.0,0.0,
2018,con el personal de un restaurante o bar,Sexo,total,99,Solo catalán,0,0.0,0.0,
2018,con el personal médico,Sexo,Hombres,1,Igual catalán que castellano,2,460.8,3094.9,14.889010953504153
2018,con el personal médico,Sexo,Hombres,1,Más castellano que catalán,3,230.0,3094.9,7.431580988077159
2018,con el personal médico,Sexo,Hombres,1,Más catalán que castellano,1,405.5,3094.9,13.102200394196903
2018,con el personal médico,Sexo,Hombres,1,Otras y no consta,5,47.300000000000004,3094.9,1.5283207858089116
2018,con el personal médico,Sexo,Hombres,1,Solo castellano,4,1137.7,3094.9,36.760476913632104
2018,con el personal médico,Sexo,Hombres,1,Solo catalán,0,808.2,3094.9,26.113929367669392
2018,con el personal médico,Sexo,Mujeres,2,Igual catalán que castellano,2,463.5,3291.7,14.080870067138562
2018,con el personal médico,Sexo,Mujeres,2,Más castellano que catalán,3,205.5,3291.7,6.242974754686029
2018,con el personal médico,Sexo,Mujeres,2,Más catalán que castellano,1,397.8,3291.7,12.084940911990765
2018,con el personal médico,Sexo,Mujeres,2,Otras y no consta,5,21.3,3291.7,0.6470820548652673
2018,con el personal médico,Sexo,Mujeres,2,Solo castellano,4,1311.6,3291.7,39.845672448886596
2018,con el personal médico,Sexo,Mujeres,2,Solo catalán,0,877.4,3291.7,26.654919950177717
2018,con el personal médico,Sexo,total,99,Igual catalán que castellano,2,924.3,6386.6,14.472489274418313
2018,con el personal médico,Sexo,total,99,Más castellano que catalán,3,435.5,6386.6,6.8189647073560264
2018,con el personal médico,Sexo,total,99,Más catalán que castellano,1,803.4,6386.6,12.57946325118216
2018,con el personal médico,Sexo,total,99,Otras y no consta,5,86.5,6386.6,1.3543982713807032
2018,con el personal médico,Sexo,total,99,Solo castellano,4,2449.3,6386.6,38.350609087777535
2018,con el personal médico,Sexo,total,99,Solo catalán,0,1685.6,6386.6,26.39275984091692
2018,con la Administración de la Generalitat de Catalunya,Sexo,Hombres,1,Igual catalán que castellano,2,256.7,3094.9,8.294290607127856
2018,con la Administración de la Generalitat de Catalunya,Sexo,Hombres,1,Más castellano que catalán,3,165.7,3094.9,5.353969433584283
2018,con la Administración de la Generalitat de Catalunya,Sexo,Hombres,1,Más catalán que castellano,1,271.7,3094.9,8.778958932437234
2018,con la Administración de la Generalitat de Catalunya,Sexo,Hombres,1,Otras y no consta,5,333.3,3094.9,10.769330188374422
2018,con la Administración de la Generalitat de Catalunya,Sexo,Hombres,1,Solo castellano,4,888.9,3094.9,28.721444957833853
2018,con la Administración de la Generalitat de Catalunya,Sexo,Hombres,1,Solo catalán,0,1175.9,3094.9,37.99476558208666
2018,con la Administración de la Generalitat de Catalunya,Sexo,Mujeres,2,Igual catalán que castellano,2,239.7,3291.7,7.281951575173923
2018,con la Administración de la Generalitat de Catalunya,Sexo,Mujeres,2,Más castellano que catalán,3,146.7,3291.7,4.456663729987544
2018,con la Administración de la Generalitat de Catalunya,Sexo,Mujeres,2,Más catalán que castellano,1,265.6,3291.7,8.068779050338732
2018,con la Administración de la Generalitat de Catalunya,Sexo,Mujeres,2,Otras y no consta,5,466.0,3291.7,14.156818665127444
2018,con la Administración de la Generalitat de Catalunya,Sexo,Mujeres,2,Solo castellano,4,955.0,3291.7,29.01236443175259
2018,con la Administración de la Generalitat de Catalunya,Sexo,Mujeres,2,Solo catalán,0,1212.6,3291.7,36.8381079685269
2018,con la Administración de la Generalitat de Catalunya,Sexo,total,99,Igual catalán que castellano,2,496.5,6386.6,7.774089499890395
2018,con la Administración de la Generalitat de Catalunya,Sexo,total,99,Más castellano que catalán,3,312.3,6386.6,4.889925782106285
2018,con la Administración de la Generalitat de Catalunya,Sexo,total,99,Más catalán que castellano,1,537.3,6386.6,8.41292706604453
2018,con la Administración de la Generalitat de Catalunya,Sexo,total,99,Otras y no consta,5,799.2,6386.6,12.51370056054865
2018,con la Administración de la Generalitat de Catalunya,Sexo,total,99,Solo castellano,4,1843.8,6386.6,28.86982118811261
2018,con la Administración de la Generalitat de Catalunya,Sexo,total,99,Solo catalán,0,2388.5,6386.6,37.39861585194
2018,con la Administración del Estado en Cataluña,Sexo,Hombres,1,Igual catalán que castellano,2,437.5,3094.9,14.136159488190248
2018,con la Administración del Estado en Cataluña,Sexo,Hombres,1,Más castellano que catalán,3,307.5,3094.9,9.935700668842289
2018,con la Administración del Estado en Cataluña,Sexo,Hombres,1,Más catalán que castellano,1,358.2,3094.9,11.573879608387992
2018,con la Administración del Estado en Cataluña,Sexo,Hombres,1,Otras y no consta,5,184.2,3094.9,5.951727034799186
2018,con la Administración del Estado en Cataluña,Sexo,Hombres,1,Solo castellano,4,1226.0,3094.9,39.613557788619985
2018,con la Administración del Estado en Cataluña,Sexo,Hombres,1,Solo catalán,0,577.0,3094.9,18.64357491356748
2018,con la Administración del Estado en Cataluña,Sexo,Mujeres,2,Igual catalán que castellano,2,430.1,3291.7,13.066196798007109
2018,con la Administración del Estado en Cataluña,Sexo,Mujeres,2,Más castellano que catalán,3,264.3,3291.7,8.029285779384514
2018,con la Administración del Estado en Cataluña,Sexo,Mujeres,2,Más catalán que castellano,1,378.9,3291.7,11.510769511194823
2018,con la Administración del Estado en Cataluña,Sexo,Mujeres,2,Otras y no consta,5,245.9,3291.7,7.4703040981863476
2018,con la Administración del Estado en Cataluña,Sexo,Mujeres,2,Solo castellano,4,1259.6,3291.7,38.26594161071786
2018,con la Administración del Estado en Cataluña,Sexo,Mujeres,2,Solo catalán,0,706.1,3291.7,21.450922015979586
2018,con la Administración del Estado en Cataluña,Sexo,total,99,Igual catalán que castellano,2,867.6,6386.6,13.584692950865875
2018,con la Administración del Estado en Cataluña,Sexo,total,99,Más castellano que catalán,3,571.8,6386.6,8.953120596248395
2018,con la Administración del Estado en Cataluña,Sexo,total,99,Más catalán que castellano,1,737.1,6386.6,11.541352206181694
2018,con la Administración del Estado en Cataluña,Sexo,total,99,Otras y no consta,5,430.1,6386.6,6.734412676541508
2018,con la Administración del Estado en Cataluña,Sexo,total,99,Solo castellano,4,2485.6,6386.6,38.9189866282529
2018,con la Administración del Estado en Cataluña,Sexo,total,99,Solo catalán,0,1283.1,6386.6,20.0905019885385
2018,con la Administración local,Sexo,Hombres,1,Igual catalán que castellano,2,293.6,3094.9,9.48657468738893
2018,con la Administración local,Sexo,Hombres,1,Más castellano que catalán,3,200.8,3094.9,6.488093314808233
2018,con la Administración local,Sexo,Hombres,1,Más catalán que castellano,1,302.3,3094.9,9.76768231606837
2018,con la Administración local,Sexo,Hombres,1,Otras y no consta,5,179.89999999999998,3094.9,5.812788781543829
2018,con la Administración local,Sexo,Hombres,1,Solo castellano,4,948.3,3094.9,30.640731526058996
2018,con la Administración local,Sexo,Hombres,1,Solo catalán,0,1166.6,3094.9,37.69427122039484
2018,con la Administración local,Sexo,Mujeres,2,Igual catalán que castellano,2,289.7,3291.7,8.800923534951545
2018,con la Administración local,Sexo,Mujeres,2,Más castellano que catalán,3,182.6,3291.7,5.547285597107877
2018,con la Administración local,Sexo,Mujeres,2,Más catalán que castellano,1,311.9,3291.7,9.475347085092809
2018,con la Administración local,Sexo,Mujeres,2,Otras y no consta,5,212.0,3291.7,6.44044110945712
2018,con la Administración local,Sexo,Mujeres,2,Solo castellano,4,1037.4,3291.7,31.515630221466118
2018,con la Administración local,Sexo,Mujeres,2,Solo catalán,0,1256.4,3291.7,38.1687274052921
2018,con la Administración local,Sexo,total,99,Igual catalán que castellano,2,583.2,6386.6,9.131619327967933
2018,con la Administración local,Sexo,total,99,Más castellano que catalán,3,383.4,6386.6,6.00319418783077
2018,con la Administración local,Sexo,total,99,Más catalán que castellano,1,614.3,6386.6,9.618576394325618
2018,con la Administración local,Sexo,total,99,Otras y no consta,5,395.1,6386.6,6.186390254595559
2018,con la Administración local,Sexo,total,99,Solo castellano,4,1985.7,6386.6,31.09166066451633
2018,con la Administración local,Sexo,total,99,Solo catalán,0,2422.9,6386.6,37.937243603795444
2018,con la policía local o Mossos d'Esquadra,Sexo,Hombres,1,Igual catalán que castellano,2,0.0,0.0,
2018,con la policía local o Mossos d'Esquadra,Sexo,Hombres,1,Más castellano que catalán,3,0.0,0.0,
2018,con la policía local o Mossos d'Esquadra,Sexo,Hombres,1,Más catalán que castellano,1,0.0,0.0,
2018,con la policía local o Mossos d'Esquadra,Sexo,Hombres,1,Otras y no consta,5,0.0,0.0,
2018,con la policía local o Mossos d'Esquadra,Sexo,Hombres,1,Solo castellano,4,0.0,0.0,
2018,con la policía local o Mossos d'Esquadra,Sexo,Hombres,1,Solo catalán,0,0.0,0.0,
2018,con la policía local o Mossos d'Esquadra,Sexo,Mujeres,2,Igual catalán que castellano,2,0.0,0.0,
2018,con la policía local o Mossos d'Esquadra,Sexo,Mujeres,2,Más castellano que catalán,3,0.0,0.0,
2018,con la policía local o Mossos d'Esquadra,Sexo,Mujeres,2,Más catalán que castellano,1,0.0,0.0,
2018,con la policía local o Mossos d'Esquadra,Sexo,Mujeres,2,Otras y no consta,5,0.0,0.0,
2018,con la policía local o Mossos d'Esquadra,Sexo,Mujeres,2,Solo castellano,4,0.0,0.0,
2018,con la policía local o Mossos d'Esquadra,Sexo,Mujeres,2,Solo catalán,0,0.0,0.0,
2018,con la policía local o Mossos d'Esquadra,Sexo,total,99,Igual catalán que castellano,2,0.0,0.0,
2018,con la policía local o Mossos d'Esquadra,Sexo,total,99,Más castellano que catalán,3,0.0,0.0,
2018,con la policía local o Mossos d'Esquadra,Sexo,total,99,Más catalán que castellano,1,0.0,0.0,
2018,con la policía local o Mossos d'Esquadra,Sexo,total,99,Otras y no consta,5,0.0,0.0,
2018,con la policía local o Mossos d'Esquadra,Sexo,total,99,Solo castellano,4,0.0,0.0,
2018,con la policía local o Mossos d'Esquadra,Sexo,total,99,Solo catalán,0,0.0,0.0,
2018,con los amigos,Sexo,Hombres,1,Igual catalán que castellano,2,571.3,3094.9,18.459400949949917
2018,con los amigos,Sexo,Hombres,1,Más castellano que catalán,3,466.5,3094.9,15.073184917121715
2018,con los amigos,Sexo,Hombres,1,Más catalán que castellano,1,511.7,3094.9,16.533652137387314
2018,con los amigos,Sexo,Hombres,1,Otras y no consta,5,303.5,3094.9,9.80645578209312
2018,con los amigos,Sexo,Hombres,1,Solo castellano,4,844.5,3094.9,27.28682671491809
2018,con los amigos,Sexo,Hombres,1,Solo catalán,0,391.8,3094.9,12.659536657081006
2018,con los amigos,Sexo,Mujeres,2,Igual catalán que castellano,2,600.4,3291.7,18.23981529300969
2018,con los amigos,Sexo,Mujeres,2,Más castellano que catalán,3,368.0,3291.7,11.179633623963301
2018,con los amigos,Sexo,Mujeres,2,Más catalán que castellano,1,539.1,3291.7,16.377555670322327
2018,con los amigos,Sexo,Mujeres,2,Otras y no consta,5,318.4,3291.7,9.6728134398639
2018,con los amigos,Sexo,Mujeres,2,Solo castellano,4,1003.2,3291.7,30.476653400978222
2018,con los amigos,Sexo,Mujeres,2,Solo catalán,0,462.7,3291.7,14.056566515782118
2018,con los amigos,Sexo,total,99,Igual catalán que castellano,2,1171.7,6386.6,18.346224908401968
2018,con los amigos,Sexo,total,99,Más castellano que catalán,3,834.5,6386.6,13.066420317539848
2018,con los amigos,Sexo,total,99,Más catalán que castellano,1,1050.8,6386.6,16.453198885165815
2018,con los amigos,Sexo,total,99,Otras y no consta,5,627.4,6386.6,9.823693357968246
2018,con los amigos,Sexo,total,99,Solo castellano,4,1847.6,6386.6,28.92932076535245
2018,con los amigos,Sexo,total,99,Solo catalán,0,854.6,6386.6,13.381141765571666
2018,con los compañeros de deporte,Sexo,Hombres,1,Igual catalán que castellano,2,0.0,0.0,
2018,con los compañeros de deporte,Sexo,Hombres,1,Más castellano que catalán,3,0.0,0.0,
2018,con los compañeros de deporte,Sexo,Hombres,1,Más catalán que castellano,1,0.0,0.0,
2018,con los compañeros de deporte,Sexo,Hombres,1,Otras y no consta,5,0.0,0.0,
2018,con los compañeros de deporte,Sexo,Hombres,1,Solo castellano,4,0.0,0.0,
2018,con los compañeros de deporte,Sexo,Hombres,1,Solo catalán,0,0.0,0.0,
2018,con los compañeros de deporte,Sexo,Mujeres,2,Igual catalán que castellano,2,0.0,0.0,
2018,con los compañeros de deporte,Sexo,Mujeres,2,Más castellano que catalán,3,0.0,0.0,
2018,con los compañeros de deporte,Sexo,Mujeres,2,Más catalán que castellano,1,0.0,0.0,
2018,con los compañeros de deporte,Sexo,Mujeres,2,Otras y no consta,5,0.0,0.0,
2018,con los compañeros de deporte,Sexo,Mujeres,2,Solo castellano,4,0.0,0.0,
2018,con los compañeros de deporte,Sexo,Mujeres,2,Solo catalán,0,0.0,0.0,
2018,con los compañeros de deporte,Sexo,total,99,Igual catalán que castellano,2,0.0,0.0,
2018,con los compañeros de deporte,Sexo,total,99,Más castellano que catalán,3,0.0,0.0,
2018,con los compañeros de deporte,Sexo,total,99,Más catalán que castellano,1,0.0,0.0,
2018,con los compañeros de deporte,Sexo,total,99,Otras y no consta,5,0.0,0.0,
2018,con los compañeros de deporte,Sexo,total,99,Solo castellano,4,0.0,0.0,
2018,con los compañeros de deporte,Sexo,total,99,Solo catalán,0,0.0,0.0,
2018,con los compañeros de estudio,Sexo,Hombres,1,Igual catalán que castellano,2,91.9,511.2,17.977308294209703
2018,con los compañeros de estudio,Sexo,Hombres,1,Más castellano que catalán,3,73.0,511.2,14.280125195618155
2018,con los compañeros de estudio,Sexo,Hombres,1,Más catalán que castellano,1,99.2,511.2,19.405320813771517
2018,con los compañeros de estudio,Sexo,Hombres,1,Otras y no consta,5,17.9,511.2,3.501564945226917
2018,con los compañeros de estudio,Sexo,Hombres,1,Solo castellano,4,109.0,511.2,21.322378716744915
2018,con los compañeros de estudio,Sexo,Hombres,1,Solo catalán,0,81.1,511.2,15.864632237871673
2018,con los compañeros de estudio,Sexo,Mujeres,2,Igual catalán que castellano,2,115.8,572.9,20.212951649502532
2018,con los compañeros de estudio,Sexo,Mujeres,2,Más castellano que catalán,3,66.4,572.9,11.590155349973818
2018,con los compañeros de estudio,Sexo,Mujeres,2,Más catalán que castellano,1,97.2,572.9,16.96631174725083
2018,con los compañeros de estudio,Sexo,Mujeres,2,Otras y no consta,5,39.0,572.9,6.807470762785826
2018,con los compañeros de estudio,Sexo,Mujeres,2,Solo castellano,4,107.1,572.9,18.694362017804153
2018,con los compañeros de estudio,Sexo,Mujeres,2,Solo catalán,0,116.7,572.9,20.37004712864374
2018,con los compañeros de estudio,Sexo,total,99,Igual catalán que castellano,2,207.6,1084.2,19.14775871610404
2018,con los compañeros de estudio,Sexo,total,99,Más castellano que catalán,3,139.4,1084.2,12.85740638258624
2018,con los compañeros de estudio,Sexo,total,99,Más catalán que castellano,1,196.4,1084.2,18.11473897804833
2018,con los compañeros de estudio,Sexo,total,99,Otras y no consta,5,127.0,1084.2,11.713705958310275
2018,con los compañeros de estudio,Sexo,total,99,Solo castellano,4,216.0,1084.2,19.92252351964582
2018,con los compañeros de estudio,Sexo,total,99,Solo catalán,0,197.8,1084.2,18.243866445305297
2018,con los compañeros de trabajo,Sexo,Hombres,1,Igual catalán que castellano,2,369.9,1744.4,21.20499885347397
2018,con los compañeros de trabajo,Sexo,Hombres,1,Más castellano que catalán,3,243.1,1744.4,13.936023847741344
2018,con los compañeros de trabajo,Sexo,Hombres,1,Más catalán que castellano,1,252.9,1744.4,14.497821600550331
2018,con los compañeros de trabajo,Sexo,Hombres,1,Otras y no consta,5,184.8,1744.4,10.593900481540931
2018,con los compañeros de trabajo,Sexo,Hombres,1,Solo castellano,4,473.3,1744.4,27.132538408621876
2018,con los compañeros de trabajo,Sexo,Hombres,1,Solo catalán,0,216.7,1744.4,12.422609493235495
2018,con los compañeros de trabajo,Sexo,Mujeres,2,Igual catalán que castellano,2,296.2,1558.0,19.01155327342747
2018,con los compañeros de trabajo,Sexo,Mujeres,2,Más castellano que catalán,3,192.5,1558.0,12.35558408215661
2018,con los compañeros de trabajo,Sexo,Mujeres,2,Más catalán que castellano,1,245.9,1558.0,15.783055198973042
2018,con los compañeros de trabajo,Sexo,Mujeres,2,Otras y no consta,5,145.0,1558.0,9.306803594351733
2018,con los compañeros de trabajo,Sexo,Mujeres,2,Solo castellano,4,386.1,1558.0,24.781771501925547
2018,con los compañeros de trabajo,Sexo,Mujeres,2,Solo catalán,0,288.2,1558.0,18.498074454428753
2018,con los compañeros de trabajo,Sexo,total,99,Igual catalán que castellano,2,666.0,3302.5,20.166540499621497
2018,con los compañeros de trabajo,Sexo,total,99,Más castellano que catalán,3,435.6,3302.5,13.190007570022711
2018,con los compañeros de trabajo,Sexo,total,99,Más catalán que castellano,1,498.7,3302.5,15.100681302043906
2018,con los compañeros de trabajo,Sexo,total,99,Otras y no consta,5,329.9,3302.5,9.989401968205904
2018,con los compañeros de trabajo,Sexo,total,99,Solo castellano,4,859.4,3302.5,26.022710068130205
2018,con los compañeros de trabajo,Sexo,total,99,Solo catalán,0,504.8,3302.5,15.285389856169568
2018,con los miembros del hogar,Sexo,Hombres,1,Igual catalán que castellano,2,196.4,2835.7,6.925979475967134
2018,con los miembros del hogar,Sexo,Hombres,1,Más castellano que catalán,3,298.9,2835.7,10.540607257467292
2018,con los miembros del hogar,Sexo,Hombres,1,Más catalán que castellano,1,163.7,2835.7,5.772825052015375
2018,con los miembros del hogar,Sexo,Hombres,1,Otras y no consta,5,341.8,2835.7,12.05346122650492
2018,con los miembros del hogar,Sexo,Hombres,1,Solo castellano,4,1063.7,2835.7,37.51102020665092
2018,con los miembros del hogar,Sexo,Hombres,1,Solo catalán,0,766.3,2835.7,27.023309941108014
2018,con los miembros del hogar,Sexo,Mujeres,2,Igual catalán que castellano,2,249.1,2903.8,8.578414491356154
2018,con los miembros del hogar,Sexo,Mujeres,2,Más castellano que catalán,3,279.1,2903.8,9.611543494731043
2018,con los miembros del hogar,Sexo,Mujeres,2,Más catalán que castellano,1,160.0,2903.8,5.510021351332736
2018,con los miembros del hogar,Sexo,Mujeres,2,Otras y no consta,5,312.2,2903.8,10.751429161788002
2018,con los miembros del hogar,Sexo,Mujeres,2,Solo castellano,4,1102.6,2903.8,37.97093463737171
2018,con los miembros del hogar,Sexo,Mujeres,2,Solo catalán,0,796.6,2903.8,27.433018802947863
2018,con los miembros del hogar,Sexo,total,99,Igual catalán que castellano,2,445.4,5739.5,7.760257862183116
2018,con los miembros del hogar,Sexo,total,99,Más castellano que catalán,3,578.0,5739.5,10.070563637947556
2018,con los miembros del hogar,Sexo,total,99,Más catalán que castellano,1,323.7,5739.5,5.639864099660249
2018,con los miembros del hogar,Sexo,total,99,Otras y no consta,5,653.9,5739.5,11.392978482446207
2018,con los miembros del hogar,Sexo,total,99,Solo castellano,4,2166.2,5739.5,37.74196358567819
2018,con los miembros del hogar,Sexo,total,99,Solo catalán,0,1562.9,5739.5,27.230594999564424
2018,con los vecinos,Sexo,Hombres,1,Igual catalán que castellano,2,526.8,3094.9,17.02155158486542
2018,con los vecinos,Sexo,Hombres,1,Más castellano que catalán,3,367.5,3094.9,11.874373970079809
2018,con los vecinos,Sexo,Hombres,1,Más catalán que castellano,1,464.4,3094.9,15.005331351578402
2018,con los vecinos,Sexo,Hombres,1,Otras y no consta,5,130.1,3094.9,4.203689941516688
2018,con los vecinos,Sexo,Hombres,1,Solo castellano,4,1097.6,3094.9,35.46479692397169
2018,con los vecinos,Sexo,Hombres,1,Solo catalán,0,503.5,3094.9,16.268700119551518
2018,con los vecinos,Sexo,Mujeres,2,Igual catalán que castellano,2,567.9,3291.7,17.25248351915424
2018,con los vecinos,Sexo,Mujeres,2,Más castellano que catalán,3,329.3,3291.7,10.003949327095423
2018,con los vecinos,Sexo,Mujeres,2,Más catalán que castellano,1,451.8,3291.7,13.725430628550598
2018,con los vecinos,Sexo,Mujeres,2,Otras y no consta,5,107.80000000000001,3291.7,3.2749035452805546
2018,con los vecinos,Sexo,Mujeres,2,Solo castellano,4,1265.1,3291.7,38.433028526293405
2018,con los vecinos,Sexo,Mujeres,2,Solo catalán,0,567.4,3291.7,17.23729379955646
2018,con los vecinos,Sexo,total,99,Igual catalán que castellano,2,1094.7,6386.6,17.140575580120878
2018,con los vecinos,Sexo,total,99,Más castellano que catalán,3,696.8,6386.6,10.910343531769641
2018,con los vecinos,Sexo,total,99,Más catalán que castellano,1,916.2,6386.6,14.345661228196535
2018,con los vecinos,Sexo,total,99,Otras y no consta,5,245.39999999999998,6386.6,3.8424200670153126
2018,con los vecinos,Sexo,total,99,Solo castellano,4,2362.7,6386.6,36.994645038048404
2018,con los vecinos,Sexo,total,99,Solo catalán,0,1070.8,6386.6,16.766354554849215
2018,con los órganos judiciales,Sexo,Hombres,1,Igual catalán que castellano,2,0.0,0.0,
2018,con los órganos judiciales,Sexo,Hombres,1,Más castellano que catalán,3,0.0,0.0,
2018,con los órganos judiciales,Sexo,Hombres,1,Más catalán que castellano,1,0.0,0.0,
2018,con los órganos judiciales,Sexo,Hombres,1,Otras y no consta,5,0.0,0.0,
2018,con los órganos judiciales,Sexo,Hombres,1,Solo castellano,4,0.0,0.0,
2018,con los órganos judiciales,Sexo,Hombres,1,Solo catalán,0,0.0,0.0,
2018,con los órganos judiciales,Sexo,Mujeres,2,Igual catalán que castellano,2,0.0,0.0,
2018,con los órganos judiciales,Sexo,Mujeres,2,Más castellano que catalán,3,0.0,0.0,
2018,con los órganos judiciales,Sexo,Mujeres,2,Más catalán que castellano,1,0.0,0.0,
2018,con los órganos judiciales,Sexo,Mujeres,2,Otras y no consta,5,0.0,0.0,
2018,con los órganos judiciales,Sexo,Mujeres,2,Solo castellano,4,0.0,0.0,
2018,con los órganos judiciales,Sexo,Mujeres,2,Solo catalán,0,0.0,0.0,
2018,con los órganos judiciales,Sexo,total,99,Igual catalán que castellano,2,0.0,0.0,
2018,con los órganos judiciales,Sexo,total,99,Más castellano que catalán,3,0.0,0.0,
2018,con los órganos judiciales,Sexo,total,99,Más catalán que castellano,1,0.0,0.0,
2018,con los órganos judiciales,Sexo,total,99,Otras y no consta,5,0.0,0.0,
2018,con los órganos judiciales,Sexo,total,99,Solo castellano,4,0.0,0.0,
2018,con los órganos judiciales,Sexo,total,99,Solo catalán,0,0.0,0.0,
2018,con usuarios o clientes de Cataluña,Sexo,Hombres,1,Igual catalán que castellano,2,426.9,1526.4,27.96776729559748
2018,con usuarios o clientes de Cataluña,Sexo,Hombres,1,Más castellano que catalán,3,203.3,1526.4,13.318920335429768
2018,con usuarios o clientes de Cataluña,Sexo,Hombres,1,Más catalán que castellano,1,348.5,1526.4,22.83149895178197
2018,con usuarios o clientes de Cataluña,Sexo,Hombres,1,Otras y no consta,5,99.39999999999999,1526.4,6.512054507337525
2018,con usuarios o clientes de Cataluña,Sexo,Hombres,1,Solo castellano,4,292.7,1526.4,19.17583857442348
2018,con usuarios o clientes de Cataluña,Sexo,Hombres,1,Solo catalán,0,143.5,1526.4,9.401205450733752
2018,con usuarios o clientes de Cataluña,Sexo,Mujeres,2,Igual catalán que castellano,2,396.5,1448.0,27.382596685082873
2018,con usuarios o clientes de Cataluña,Sexo,Mujeres,2,Más castellano que catalán,3,147.5,1448.0,10.18646408839779
2018,con usuarios o clientes de Cataluña,Sexo,Mujeres,2,Más catalán que castellano,1,356.6,1448.0,24.62707182320442
2018,con usuarios o clientes de Cataluña,Sexo,Mujeres,2,Otras y no consta,5,85.8,1448.0,5.925414364640884
2018,con usuarios o clientes de Cataluña,Sexo,Mujeres,2,Solo castellano,4,253.2,1448.0,17.486187845303867
2018,con usuarios o clientes de Cataluña,Sexo,Mujeres,2,Solo catalán,0,192.6,1448.0,13.301104972375692
2018,con usuarios o clientes de Cataluña,Sexo,total,99,Igual catalán que castellano,2,823.4,2974.4,27.682894029047873
2018,con usuarios o clientes de Cataluña,Sexo,total,99,Más castellano que catalán,3,350.8,2974.4,11.793975255513717
2018,con usuarios o clientes de Cataluña,Sexo,total,99,Más catalán que castellano,1,705.2,2974.4,23.708983324367942
2018,con usuarios o clientes de Cataluña,Sexo,total,99,Otras y no consta,5,213.0,2974.4,7.161108122646584
2018,con usuarios o clientes de Cataluña,Sexo,total,99,Solo castellano,4,545.9,2974.4,18.353281334050564
2018,con usuarios o clientes de Cataluña,Sexo,total,99,Solo catalán,0,336.1,2974.4,11.29975793437332
2018,en el centro de culto,Sexo,Hombres,1,Igual catalán que castellano,2,0.0,0.0,
2018,en el centro de culto,Sexo,Hombres,1,Más castellano que catalán,3,0.0,0.0,
2018,en el centro de culto,Sexo,Hombres,1,Más catalán que castellano,1,0.0,0.0,
2018,en el centro de culto,Sexo,Hombres,1,Otras y no consta,5,0.0,0.0,
2018,en el centro de culto,Sexo,Hombres,1,Solo castellano,4,0.0,0.0,
2018,en el centro de culto,Sexo,Hombres,1,Solo catalán,0,0.0,0.0,
2018,en el centro de culto,Sexo,Mujeres,2,Igual catalán que castellano,2,0.0,0.0,
2018,en el centro de culto,Sexo,Mujeres,2,Más castellano que catalán,3,0.0,0.0,
2018,en el centro de culto,Sexo,Mujeres,2,Más catalán que castellano,1,0.0,0.0,
2018,en el centro de culto,Sexo,Mujeres,2,Otras y no consta,5,0.0,0.0,
2018,en el centro de culto,Sexo,Mujeres,2,Solo castellano,4,0.0,0.0,
2018,en el centro de culto,Sexo,Mujeres,2,Solo catalán,0,0.0,0.0,
2018,en el centro de culto,Sexo,total,99,Igual catalán que castellano,2,0.0,0.0,
2018,en el centro de culto,Sexo,total,99,Más castellano que catalán,3,0.0,0.0,
2018,en el centro de culto,Sexo,total,99,Más catalán que castellano,1,0.0,0.0,
2018,en el centro de culto,Sexo,total,99,Otras y no consta,5,0.0,0.0,
2018,en el centro de culto,Sexo,total,99,Solo castellano,4,0.0,0.0,
2018,en el centro de culto,Sexo,total,99,Solo catalán,0,0.0,0.0,
2018,en el gran comercio,Sexo,Hombres,1,Igual catalán que castellano,2,615.8,3094.9,19.89725031503441
2018,en el gran comercio,Sexo,Hombres,1,Más castellano que catalán,3,383.5,3094.9,12.39135351707648
2018,en el gran comercio,Sexo,Hombres,1,Más catalán que castellano,1,501.6,3094.9,16.207308798345665
2018,en el gran comercio,Sexo,Hombres,1,Otras y no consta,5,58.3,3094.9,1.8837442243691234
2018,en el gran comercio,Sexo,Hombres,1,Solo castellano,4,1045.6,3094.9,33.78461339623251
2018,en el gran comercio,Sexo,Hombres,1,Solo catalán,0,486.4,3094.9,15.716178228698826
2018,en el gran comercio,Sexo,Mujeres,2,Igual catalán que castellano,2,576.9,3291.7,17.525898471914207
2018,en el gran comercio,Sexo,Mujeres,2,Más castellano que catalán,3,378.1,3291.7,11.486465959838382
2018,en el gran comercio,Sexo,Mujeres,2,Más catalán que castellano,1,511.5,3291.7,15.53908314852508
2018,en el gran comercio,Sexo,Mujeres,2,Otras y no consta,5,62.9,3291.7,1.9108667254002492
2018,en el gran comercio,Sexo,Mujeres,2,Solo castellano,4,1145.9,3291.7,34.81179937418356
2018,en el gran comercio,Sexo,Mujeres,2,Solo catalán,0,602.7,3291.7,18.309688003159465
2018,en el gran comercio,Sexo,total,99,Igual catalán que castellano,2,1192.7,6386.6,18.675038361569534
2018,en el gran comercio,Sexo,total,99,Más castellano que catalán,3,761.6,6386.6,11.924967901543857
2018,en el gran comercio,Sexo,total,99,Más catalán que castellano,1,1013.2,6386.6,15.864466226161026
2018,en el gran comercio,Sexo,total,99,Otras y no consta,5,137.1,6386.6,2.1466821156797042
2018,en el gran comercio,Sexo,total,99,Solo castellano,4,2191.5,6386.6,34.314032505558515
2018,en el gran comercio,Sexo,total,99,Solo catalán,0,1089.1,6386.6,17.052891992609524
2018,en el pequeño comercio,Sexo,Hombres,1,Igual catalán que castellano,2,615.0,3094.9,19.871401337684578
2018,en el pequeño comercio,Sexo,Hombres,1,Más castellano que catalán,3,311.6,3094.9,10.068176677760187
2018,en el pequeño comercio,Sexo,Hombres,1,Más catalán que castellano,1,560.4,3094.9,18.107208633558432
2018,en el pequeño comercio,Sexo,Hombres,1,Otras y no consta,5,55.2,3094.9,1.783579437138518
2018,en el pequeño comercio,Sexo,Hombres,1,Solo castellano,4,972.6,3094.9,31.425894213060197
2018,en el pequeño comercio,Sexo,Hombres,1,Solo catalán,0,576.2,3094.9,18.61772593621765
2018,en el pequeño comercio,Sexo,Mujeres,2,Igual catalán que castellano,2,547.4,3291.7,16.62970501564541
2018,en el pequeño comercio,Sexo,Mujeres,2,Más castellano que catalán,3,329.4,3291.7,10.006987271014976
2018,en el pequeño comercio,Sexo,Mujeres,2,Más catalán que castellano,1,586.2,3291.7,17.80842725643285
2018,en el pequeño comercio,Sexo,Mujeres,2,Otras y no consta,5,52.6,3291.7,1.5979585016860591
2018,en el pequeño comercio,Sexo,Mujeres,2,Solo castellano,4,1080.8,3291.7,32.83409788255309
2018,en el pequeño comercio,Sexo,Mujeres,2,Solo catalán,0,694.4,3291.7,21.09548257739162
2018,en el pequeño comercio,Sexo,total,99,Igual catalán que castellano,2,1162.4,6386.6,18.20060752199919
2018,en el pequeño comercio,Sexo,total,99,Más castellano que catalán,3,641.0,6386.6,10.036639213352958
2018,en el pequeño comercio,Sexo,total,99,Más catalán que castellano,1,1146.6,6386.6,17.953214542949297
2018,en el pequeño comercio,Sexo,total,99,Otras y no consta,5,112.6,6386.6,1.7630664203175397
2018,en el pequeño comercio,Sexo,total,99,Solo castellano,4,2053.4,6386.6,32.15169260639464
2018,en el pequeño comercio,Sexo,total,99,Solo catalán,0,1270.6,6386.6,19.894779694986376
2018,en la entidad financiera,Sexo,Hombres,1,Igual catalán que castellano,2,410.3,3094.9,13.257294258295907
2018,en la entidad financiera,Sexo,Hombres,1,Más castellano que catalán,3,231.7,3094.9,7.486510064945555
2018,en la entidad financiera,Sexo,Hombres,1,Más catalán que castellano,1,363.9,3094.9,11.758053572005558
2018,en la entidad financiera,Sexo,Hombres,1,Otras y no consta,5,116.7,3094.9,3.770719570906976
2018,en la entidad financiera,Sexo,Hombres,1,Solo castellano,4,1058.7,3094.9,34.20789040033604
2018,en la entidad financiera,Sexo,Hombres,1,Solo catalán,0,909.3,3094.9,29.380593880254608
2018,en la entidad financiera,Sexo,Mujeres,2,Igual catalán que castellano,2,382.0,3291.7,11.604945772701036
2018,en la entidad financiera,Sexo,Mujeres,2,Más castellano que catalán,3,214.9,3291.7,6.528541483124221
2018,en la entidad financiera,Sexo,Mujeres,2,Más catalán que castellano,1,374.5,3291.7,11.377099978734394
2018,en la entidad financiera,Sexo,Mujeres,2,Otras y no consta,5,144.0,3291.7,4.374639244159553
2018,en la entidad financiera,Sexo,Mujeres,2,Solo castellano,4,1160.7,3291.7,35.26141507427773
2018,en la entidad financiera,Sexo,Mujeres,2,Solo catalán,0,1012.0,3291.7,30.743992465899083
2018,en la entidad financiera,Sexo,total,99,Igual catalán que castellano,2,792.3,6386.6,12.405661854507875
2018,en la entidad financiera,Sexo,total,99,Más castellano que catalán,3,446.6,6386.6,6.992766104030314
2018,en la entidad financiera,Sexo,total,99,Más catalán que castellano,1,738.4,6386.6,11.561707324711112
2018,en la entidad financiera,Sexo,total,99,Otras y no consta,5,268.6,6386.6,4.205680643848057
2018,en la entidad financiera,Sexo,total,99,Solo castellano,4,2219.4,6386.6,34.75088466476686
2018,en la entidad financiera,Sexo,total,99,Solo catalán,0,1921.4,6386.6,30.0848651864842
2023,al contestar al personal médico en la consulta,Sexo,Hombres,1,Igual catalán que castellano,2,558.5,3312.0,16.86292270531401
2023,al contestar al personal médico en la consulta,Sexo,Hombres,1,Más castellano que catalán,3,317.8,3312.0,9.595410628019325
2023,al contestar al personal médico en la consulta,Sexo,Hombres,1,Más catalán que castellano,1,408.0,3312.0,12.318840579710146
2023,al contestar al personal médico en la consulta,Sexo,Hombres,1,Otras y no consta,5,156.3,3312.0,4.719202898550725
2023,al contestar al personal médico en la consulta,Sexo,Hombres,1,Solo castellano,4,1208.0,3312.0,36.473429951690825
2023,al contestar al personal médico en la consulta,Sexo,Hombres,1,Solo catalán,0,661.9,3312.0,19.98490338164251
2023,al contestar al personal médico en la consulta,Sexo,Mujeres,2,Igual catalán que castellano,2,547.8,3473.0,15.773106824071407
2023,al contestar al personal médico en la consulta,Sexo,Mujeres,2,Más castellano que catalán,3,333.6,3473.0,9.605528361646993
2023,al contestar al personal médico en la consulta,Sexo,Mujeres,2,Más catalán que castellano,1,357.7,3473.0,10.299452922545349
2023,al contestar al personal médico en la consulta,Sexo,Mujeres,2,Otras y no consta,5,130.6,3473.0,3.76043766196372
2023,al contestar al personal médico en la consulta,Sexo,Mujeres,2,Solo castellano,4,1385.8,3473.0,39.90210192916786
2023,al contestar al personal médico en la consulta,Sexo,Mujeres,2,Solo catalán,0,716.9,3473.0,20.642096170457815
2023,al contestar al personal médico en la consulta,Sexo,total,99,Igual catalán que castellano,2,1106.4,6785.1,16.30631825617898
2023,al contestar al personal médico en la consulta,Sexo,total,99,Más castellano que catalán,3,651.4,6785.1,9.60044804055946
2023,al contestar al personal médico en la consulta,Sexo,total,99,Más catalán que castellano,1,765.7,6785.1,11.285021591428276
2023,al contestar al personal médico en la consulta,Sexo,total,99,Otras y no consta,5,286.9,6785.1,4.228382779914813
2023,al contestar al personal médico en la consulta,Sexo,total,99,Solo castellano,4,2593.8,6785.1,38.22788168192068
2023,al contestar al personal médico en la consulta,Sexo,total,99,Solo catalán,0,1378.7,6785.1,20.319523662142046
2023,al escribir mensajes de móvil,Sexo,Hombres,1,Igual catalán que castellano,2,430.2,3312.0,12.98913043478261
2023,al escribir mensajes de móvil,Sexo,Hombres,1,Más castellano que catalán,3,368.8,3312.0,11.135265700483092
2023,al escribir mensajes de móvil,Sexo,Hombres,1,Más catalán que castellano,1,387.3,3312.0,11.693840579710145
2023,al escribir mensajes de móvil,Sexo,Hombres,1,Otras y no consta,5,584.5,3312.0,17.64794685990338
2023,al escribir mensajes de móvil,Sexo,Hombres,1,Solo castellano,4,1119.7,3312.0,33.807367149758456
2023,al escribir mensajes de móvil,Sexo,Hombres,1,Solo catalán,0,421.5,3312.0,12.72644927536232
2023,al escribir mensajes de móvil,Sexo,Mujeres,2,Igual catalán que castellano,2,480.5,3473.0,13.835300892600058
2023,al escribir mensajes de móvil,Sexo,Mujeres,2,Más castellano que catalán,3,340.1,3473.0,9.792686438237835
2023,al escribir mensajes de móvil,Sexo,Mujeres,2,Más catalán que castellano,1,383.5,3473.0,11.042326518859776
2023,al escribir mensajes de móvil,Sexo,Mujeres,2,Otras y no consta,5,618.3,3473.0,17.80305211632594
2023,al escribir mensajes de móvil,Sexo,Mujeres,2,Solo castellano,4,1174.2,3473.0,33.80938669737979
2023,al escribir mensajes de móvil,Sexo,Mujeres,2,Solo catalán,0,463.8,3473.0,13.354448603512814
2023,al escribir mensajes de móvil,Sexo,total,99,Igual catalán que castellano,2,910.7,6785.1,13.422057154647685
2023,al escribir mensajes de móvil,Sexo,total,99,Más castellano que catalán,3,708.8,6785.1,10.446419360068383
2023,al escribir mensajes de móvil,Sexo,total,99,Más catalán que castellano,1,770.9,6785.1,11.361660108178214
2023,al escribir mensajes de móvil,Sexo,total,99,Otras y no consta,5,1215.5,6785.1,17.914253290297857
2023,al escribir mensajes de móvil,Sexo,total,99,Solo castellano,4,2293.9,6785.1,33.80790261013102
2023,al escribir mensajes de móvil,Sexo,total,99,Solo catalán,0,885.2,6785.1,13.04623365904703
2023,al hacer publicaciones en las redes sociales,Sexo,Hombres,1,Igual catalán que castellano,2,206.2,2103.0,9.805040418449833
2023,al hacer publicaciones en las redes sociales,Sexo,Hombres,1,Más castellano que catalán,3,191.6,2103.0,9.110794103661437
2023,al hacer publicaciones en las redes sociales,Sexo,Hombres,1,Más catalán que castellano,1,120.3,2103.0,5.720399429386591
2023,al hacer publicaciones en las redes sociales,Sexo,Hombres,1,Otras y no consta,5,383.1,2103.0,18.216833095577748
2023,al hacer publicaciones en las redes sociales,Sexo,Hombres,1,Solo castellano,4,898.6,2103.0,42.729434141702335
2023,al hacer publicaciones en las redes sociales,Sexo,Hombres,1,Solo catalán,0,303.1,2103.0,14.412743699476938
2023,al hacer publicaciones en las redes sociales,Sexo,Mujeres,2,Igual catalán que castellano,2,227.9,2278.6,10.00175546388133
2023,al hacer publicaciones en las redes sociales,Sexo,Mujeres,2,Más castellano que catalán,3,195.1,2278.6,8.562275081190204
2023,al hacer publicaciones en las redes sociales,Sexo,Mujeres,2,Más catalán que castellano,1,136.0,2278.6,5.968577196524182
2023,al hacer publicaciones en las redes sociales,Sexo,Mujeres,2,Otras y no consta,5,382.4,2278.6,16.782234705520935
2023,al hacer publicaciones en las redes sociales,Sexo,Mujeres,2,Solo castellano,4,999.1,2278.6,43.8470990959361
2023,al hacer publicaciones en las redes sociales,Sexo,Mujeres,2,Solo catalán,0,338.2,2278.6,14.842447116650575
2023,al hacer publicaciones en las redes sociales,Sexo,total,99,Igual catalán que castellano,2,434.1,4381.6,9.907339784553587
2023,al hacer publicaciones en las redes sociales,Sexo,total,99,Más castellano que catalán,3,386.7,4381.6,8.825543180573305
2023,al hacer publicaciones en las redes sociales,Sexo,total,99,Más catalán que castellano,1,256.3,4381.6,5.849461383969326
2023,al hacer publicaciones en las redes sociales,Sexo,total,99,Otras y no consta,5,765.5,4381.6,17.4707869271499
2023,al hacer publicaciones en las redes sociales,Sexo,total,99,Solo castellano,4,1897.7,4381.6,43.31066277159029
2023,al hacer publicaciones en las redes sociales,Sexo,total,99,Solo catalán,0,641.3,4381.6,14.636205952163591
2023,con el personal de un restaurante o bar,Sexo,Hombres,1,Igual catalán que castellano,2,600.6,3312.0,18.134057971014496
2023,con el personal de un restaurante o bar,Sexo,Hombres,1,Más castellano que catalán,3,325.5,3312.0,9.827898550724639
2023,con el personal de un restaurante o bar,Sexo,Hombres,1,Más catalán que castellano,1,491.9,3312.0,14.852053140096618
2023,con el personal de un restaurante o bar,Sexo,Hombres,1,Otras y no consta,5,148.1,3312.0,4.471618357487923
2023,con el personal de un restaurante o bar,Sexo,Hombres,1,Solo castellano,4,1166.5,3312.0,35.22041062801932
2023,con el personal de un restaurante o bar,Sexo,Hombres,1,Solo catalán,0,577.2,3312.0,17.42753623188406
2023,con el personal de un restaurante o bar,Sexo,Mujeres,2,Igual catalán que castellano,2,608.0,3473.0,17.506478548805067
2023,con el personal de un restaurante o bar,Sexo,Mujeres,2,Más castellano que catalán,3,346.8,3473.0,9.985603224877627
2023,con el personal de un restaurante o bar,Sexo,Mujeres,2,Más catalán que castellano,1,459.7,3473.0,13.236395047509358
2023,con el personal de un restaurante o bar,Sexo,Mujeres,2,Otras y no consta,5,176.2,3473.0,5.073423553124099
2023,con el personal de un restaurante o bar,Sexo,Mujeres,2,Solo castellano,4,1280.5,3473.0,36.870141088396196
2023,con el personal de un restaurante o bar,Sexo,Mujeres,2,Solo catalán,0,601.2,3473.0,17.310682407140803
2023,con el personal de un restaurante o bar,Sexo,total,99,Igual catalán que castellano,2,1208.6,6785.1,17.81255987384121
2023,con el personal de un restaurante o bar,Sexo,total,99,Más castellano que catalán,3,672.4,6785.1,9.909949742818823
2023,con el personal de un restaurante o bar,Sexo,total,99,Más catalán que castellano,1,951.6,6785.1,14.024848565238537
2023,con el personal de un restaurante o bar,Sexo,total,99,Otras y no consta,5,324.4,6785.1,4.7810643910922455
2023,con el personal de un restaurante o bar,Sexo,total,99,Solo castellano,4,2447.0,6785.1,36.064317401364754
2023,con el personal de un restaurante o bar,Sexo,total,99,Solo catalán,0,1178.4,6785.1,17.367466949639653
2023,con el personal médico,Sexo,Hombres,1,Igual catalán que castellano,2,417.4,3312.0,12.602657004830917
2023,con el personal médico,Sexo,Hombres,1,Más castellano que catalán,3,217.5,3312.0,6.567028985507246
2023,con el personal médico,Sexo,Hombres,1,Más catalán que castellano,1,377.7,3312.0,11.403985507246377
2023,con el personal médico,Sexo,Hombres,1,Otras y no consta,5,102.1,3312.0,3.0827294685990334
2023,con el personal médico,Sexo,Hombres,1,Solo castellano,4,1313.0,3312.0,39.643719806763286
2023,con el personal médico,Sexo,Hombres,1,Solo catalán,0,883.1,3312.0,26.663647342995166
2023,con el personal médico,Sexo,Mujeres,2,Igual catalán que castellano,2,419.3,3473.0,12.073135617621652
2023,con el personal médico,Sexo,Mujeres,2,Más castellano que catalán,3,230.6,3473.0,6.639792686438238
2023,con el personal médico,Sexo,Mujeres,2,Más catalán que castellano,1,365.0,3473.0,10.50964583933199
2023,con el personal médico,Sexo,Mujeres,2,Otras y no consta,5,74.4,3473.0,2.1422401382090412
2023,con el personal médico,Sexo,Mujeres,2,Solo castellano,4,1483.7,3473.0,42.72099049812842
2023,con el personal médico,Sexo,Mujeres,2,Solo catalán,0,897.6,3473.0,25.845090699683272
2023,con el personal médico,Sexo,total,99,Igual catalán que castellano,2,836.7,6785.1,12.331432108590883
2023,con el personal médico,Sexo,total,99,Más castellano que catalán,3,448.2,6785.1,6.605650616792677
2023,con el personal médico,Sexo,total,99,Más catalán que castellano,1,742.7,6785.1,10.946043536572784
2023,con el personal médico,Sexo,total,99,Otras y no consta,5,178.9,6785.1,2.6366597397238065
2023,con el personal médico,Sexo,total,99,Solo castellano,4,2796.7,6785.1,41.21825765279804
2023,con el personal médico,Sexo,total,99,Solo catalán,0,1780.7,6785.1,26.244270533964126
2023,con la Administración de la Generalitat de Catalunya,Sexo,Hombres,1,Igual catalán que castellano,2,222.4,3312.0,6.7149758454106285
2023,con la Administración de la Generalitat de Catalunya,Sexo,Hombres,1,Más castellano que catalán,3,118.0,3312.0,3.5628019323671496
2023,con la Administración de la Generalitat de Catalunya,Sexo,Hombres,1,Más catalán que castellano,1,272.1,3312.0,8.215579710144928
2023,con la Administración de la Generalitat de Catalunya,Sexo,Hombres,1,Otras y no consta,5,623.0,3312.0,18.81038647342995
2023,con la Administración de la Generalitat de Catalunya,Sexo,Hombres,1,Solo castellano,4,843.3,3312.0,25.461956521739125
2023,con la Administración de la Generalitat de Catalunya,Sexo,Hombres,1,Solo catalán,0,1214.8,3312.0,36.67874396135266
2023,con la Administración de la Generalitat de Catalunya,Sexo,Mujeres,2,Igual catalán que castellano,2,221.5,3473.0,6.377771379211057
2023,con la Administración de la Generalitat de Catalunya,Sexo,Mujeres,2,Más castellano que catalán,3,120.5,3473.0,3.469622804491794
2023,con la Administración de la Generalitat de Catalunya,Sexo,Mujeres,2,Más catalán que castellano,1,256.2,3473.0,7.376907572703714
2023,con la Administración de la Generalitat de Catalunya,Sexo,Mujeres,2,Otras y no consta,5,753.5,3473.0,21.69594010941549
2023,con la Administración de la Generalitat de Catalunya,Sexo,Mujeres,2,Solo castellano,4,882.0,3473.0,25.395911315865245
2023,con la Administración de la Generalitat de Catalunya,Sexo,Mujeres,2,Solo catalán,0,1221.0,3473.0,35.15692484883386
2023,con la Administración de la Generalitat de Catalunya,Sexo,total,99,Igual catalán que castellano,2,443.9,6785.1,6.542276458710998
2023,con la Administración de la Generalitat de Catalunya,Sexo,total,99,Más castellano que catalán,3,238.4,6785.1,3.513581229458667
2023,con la Administración de la Generalitat de Catalunya,Sexo,total,99,Más catalán que castellano,1,528.3,6785.1,7.786178538267674
2023,con la Administración de la Generalitat de Catalunya,Sexo,total,99,Otras y no consta,5,1412.2,6785.1,20.81325256812722
2023,con la Administración de la Generalitat de Catalunya,Sexo,total,99,Solo castellano,4,1725.4,6785.1,25.429249384681142
2023,con la Administración de la Generalitat de Catalunya,Sexo,total,99,Solo catalán,0,2435.8,6785.1,35.89924982682643
2023,con la Administración del Estado en Cataluña,Sexo,Hombres,1,Igual catalán que castellano,2,354.9,3312.0,10.715579710144926
2023,con la Administración del Estado en Cataluña,Sexo,Hombres,1,Más castellano que catalán,3,297.2,3312.0,8.973429951690822
2023,con la Administración del Estado en Cataluña,Sexo,Hombres,1,Más catalán que castellano,1,355.2,3312.0,10.72463768115942
2023,con la Administración del Estado en Cataluña,Sexo,Hombres,1,Otras y no consta,5,452.3,3312.0,13.656400966183574
2023,con la Administración del Estado en Cataluña,Sexo,Hombres,1,Solo castellano,4,1223.4,3312.0,36.93840579710145
2023,con la Administración del Estado en Cataluña,Sexo,Hombres,1,Solo catalán,0,624.0,3312.0,18.84057971014493
2023,con la Administración del Estado en Cataluña,Sexo,Mujeres,2,Igual catalán que castellano,2,386.9,3473.0,11.140224589691908
2023,con la Administración del Estado en Cataluña,Sexo,Mujeres,2,Más castellano que catalán,3,272.0,3473.0,7.831845666570689
2023,con la Administración del Estado en Cataluña,Sexo,Mujeres,2,Más catalán que castellano,1,354.6,3473.0,10.21019291678664
2023,con la Administración del Estado en Cataluña,Sexo,Mujeres,2,Otras y no consta,5,528.2,3473.0,15.208753239274403
2023,con la Administración del Estado en Cataluña,Sexo,Mujeres,2,Solo castellano,4,1213.1,3473.0,34.929455801900374
2023,con la Administración del Estado en Cataluña,Sexo,Mujeres,2,Solo catalán,0,706.5,3473.0,20.342643247912466
2023,con la Administración del Estado en Cataluña,Sexo,total,99,Igual catalán que castellano,2,741.9,6785.1,10.934252995534331
2023,con la Administración del Estado en Cataluña,Sexo,total,99,Más castellano que catalán,3,569.2,6785.1,8.388969948858529
2023,con la Administración del Estado en Cataluña,Sexo,total,99,Más catalán que castellano,1,709.8,6785.1,10.461157536366448
2023,con la Administración del Estado en Cataluña,Sexo,total,99,Otras y no consta,5,995.8,6785.1,14.676275957613003
2023,con la Administración del Estado en Cataluña,Sexo,total,99,Solo castellano,4,2436.5,6785.1,35.90956655023507
2023,con la Administración del Estado en Cataluña,Sexo,total,99,Solo catalán,0,1330.5,6785.1,19.60914356457532
2023,con la Administración local,Sexo,Hombres,1,Igual catalán que castellano,2,288.3,3312.0,8.704710144927537
2023,con la Administración local,Sexo,Hombres,1,Más castellano que catalán,3,149.8,3312.0,4.5229468599033815
2023,con la Administración local,Sexo,Hombres,1,Más catalán que castellano,1,329.0,3312.0,9.933574879227052
2023,con la Administración local,Sexo,Hombres,1,Otras y no consta,5,294.4,3312.0,8.888888888888888
2023,con la Administración local,Sexo,Hombres,1,Solo castellano,4,1004.8,3312.0,30.33816425120773
2023,con la Administración local,Sexo,Hombres,1,Solo catalán,0,1244.5,3312.0,37.57548309178744
2023,con la Administración local,Sexo,Mujeres,2,Igual catalán que castellano,2,281.6,3473.0,8.108263748920242
2023,con la Administración local,Sexo,Mujeres,2,Más castellano que catalán,3,156.1,3473.0,4.494673193204722
2023,con la Administración local,Sexo,Mujeres,2,Más catalán que castellano,1,340.6,3473.0,9.807083213360208
2023,con la Administración local,Sexo,Mujeres,2,Otras y no consta,5,314.9,3473.0,9.067088972070255
2023,con la Administración local,Sexo,Mujeres,2,Solo castellano,4,1068.5,3473.0,30.76590843651022
2023,con la Administración local,Sexo,Mujeres,2,Solo catalán,0,1299.2,3473.0,37.40858047797293
2023,con la Administración local,Sexo,total,99,Igual catalán que castellano,2,570.0,6785.1,8.40076048989698
2023,con la Administración local,Sexo,total,99,Más castellano que catalán,3,306.0,6785.1,4.509881947207852
2023,con la Administración local,Sexo,total,99,Más catalán que castellano,1,669.6,6785.1,9.868682849184243
2023,con la Administración local,Sexo,total,99,Otras y no consta,5,622.5,6785.1,9.174514745545386
2023,con la Administración local,Sexo,total,99,Solo castellano,4,2073.4,6785.1,30.558134736407716
2023,con la Administración local,Sexo,total,99,Solo catalán,0,2543.7,6785.1,37.489499049387625
2023,con la policía local o Mossos d'Esquadra,Sexo,Hombres,1,Igual catalán que castellano,2,299.2,3312.0,9.033816425120772
2023,con la policía local o Mossos d'Esquadra,Sexo,Hombres,1,Más castellano que catalán,3,171.3,3312.0,5.172101449275362
2023,con la policía local o Mossos d'Esquadra,Sexo,Hombres,1,Más catalán que castellano,1,320.1,3312.0,9.664855072463768
2023,con la policía local o Mossos d'Esquadra,Sexo,Hombres,1,Otras y no consta,5,439.5,3312.0,13.269927536231885
2023,con la policía local o Mossos d'Esquadra,Sexo,Hombres,1,Solo castellano,4,992.9,3312.0,29.978864734299513
2023,con la policía local o Mossos d'Esquadra,Sexo,Hombres,1,Solo catalán,0,1071.5,3312.0,32.35205314009662
2023,con la policía local o Mossos d'Esquadra,Sexo,Mujeres,2,Igual catalán que castellano,2,324.2,3473.0,9.334868989346386
2023,con la policía local o Mossos d'Esquadra,Sexo,Mujeres,2,Más castellano que catalán,3,172.4,3473.0,4.964008062194069
2023,con la policía local o Mossos d'Esquadra,Sexo,Mujeres,2,Más catalán que castellano,1,293.6,3473.0,8.453786351857184
2023,con la policía local o Mossos d'Esquadra,Sexo,Mujeres,2,Otras y no consta,5,591.4,3473.0,17.028505614742297
2023,con la policía local o Mossos d'Esquadra,Sexo,Mujeres,2,Solo castellano,4,1074.0,3473.0,30.92427296285632
2023,con la policía local o Mossos d'Esquadra,Sexo,Mujeres,2,Solo catalán,0,996.6,3473.0,28.695652173913043
2023,con la policía local o Mossos d'Esquadra,Sexo,total,99,Igual catalán que castellano,2,623.4,6785.1,9.187779104213643
2023,con la policía local o Mossos d'Esquadra,Sexo,total,99,Más castellano que catalán,3,343.7,6785.1,5.065511193644897
2023,con la policía local o Mossos d'Esquadra,Sexo,total,99,Más catalán que castellano,1,613.7,6785.1,9.044818794122415
2023,con la policía local o Mossos d'Esquadra,Sexo,total,99,Otras y no consta,5,1069.2,6785.1,15.758058097890967
2023,con la policía local o Mossos d'Esquadra,Sexo,total,99,Solo castellano,4,2066.9,6785.1,30.462336590470297
2023,con la policía local o Mossos d'Esquadra,Sexo,total,99,Solo catalán,0,2068.0,6785.1,30.478548584398162
2023,con los amigos,Sexo,Hombres,1,Igual catalán que castellano,2,570.9,3312.0,17.23731884057971
2023,con los amigos,Sexo,Hombres,1,Más castellano que catalán,3,414.3,3312.0,12.509057971014492
2023,con los amigos,Sexo,Hombres,1,Más catalán que castellano,1,491.7,3312.0,14.846014492753623
2023,con los amigos,Sexo,Hombres,1,Otras y no consta,5,370.5,3312.0,11.18659420289855
2023,con los amigos,Sexo,Hombres,1,Solo castellano,4,985.2,3312.0,29.746376811594207
2023,con los amigos,Sexo,Hombres,1,Solo catalán,0,479.6,3312.0,14.480676328502415
2023,con los amigos,Sexo,Mujeres,2,Igual catalán que castellano,2,571.6,3473.0,16.458393319896345
2023,con los amigos,Sexo,Mujeres,2,Más castellano que catalán,3,398.5,3473.0,11.474229772530952
2023,con los amigos,Sexo,Mujeres,2,Más catalán que castellano,1,489.4,3473.0,14.091563489778288
2023,con los amigos,Sexo,Mujeres,2,Otras y no consta,5,334.79999999999995,3473.0,9.640080621940685
2023,con los amigos,Sexo,Mujeres,2,Solo castellano,4,1141.5,3473.0,32.86783760437662
2023,con los amigos,Sexo,Mujeres,2,Solo catalán,0,537.1,3473.0,15.465015836452636
2023,con los amigos,Sexo,total,99,Igual catalán que castellano,2,1142.4,6785.1,16.836892602909316
2023,con los amigos,Sexo,total,99,Más castellano que catalán,3,812.8,6785.1,11.97918969506713
2023,con los amigos,Sexo,total,99,Más catalán que castellano,1,981.1,6785.1,14.459624766031451
2023,con los amigos,Sexo,total,99,Otras y no consta,5,705.3,6785.1,10.394835743025157
2023,con los amigos,Sexo,total,99,Solo castellano,4,2126.7,6785.1,31.34367953309457
2023,con los amigos,Sexo,total,99,Solo catalán,0,1016.7,6785.1,14.98430384224256
2023,con los compañeros de deporte,Sexo,Hombres,1,Igual catalán que castellano,2,401.8,2255.3,17.815811643683766
2023,con los compañeros de deporte,Sexo,Hombres,1,Más castellano que catalán,3,229.1,2255.3,10.158293796834123
2023,con los compañeros de deporte,Sexo,Hombres,1,Más catalán que castellano,1,323.4,2255.3,14.339555713208885
2023,con los compañeros de deporte,Sexo,Hombres,1,Otras y no consta,5,153.3,2255.3,6.797321864053563
2023,con los compañeros de deporte,Sexo,Hombres,1,Solo castellano,4,738.9,2255.3,32.76282534474349
2023,con los compañeros de deporte,Sexo,Hombres,1,Solo catalán,0,403.3,2255.3,17.882321642353567
2023,con los compañeros de deporte,Sexo,Mujeres,2,Igual catalán que castellano,2,347.3,2193.6,15.832421590080234
2023,con los compañeros de deporte,Sexo,Mujeres,2,Más castellano que catalán,3,211.5,2193.6,9.641684901531729
2023,con los compañeros de deporte,Sexo,Mujeres,2,Más catalán que castellano,1,304.7,2193.6,13.890408460977389
2023,con los compañeros de deporte,Sexo,Mujeres,2,Otras y no consta,5,99.5,2193.6,4.535922684172138
2023,con los compañeros de deporte,Sexo,Mujeres,2,Solo castellano,4,764.9,2193.6,34.86962071480671
2023,con los compañeros de deporte,Sexo,Mujeres,2,Solo catalán,0,457.6,2193.6,20.860685630926334
2023,con los compañeros de deporte,Sexo,total,99,Igual catalán que castellano,2,749.2,4448.9,16.840117781923624
2023,con los compañeros de deporte,Sexo,total,99,Más castellano que catalán,3,440.6,4448.9,9.903571669401426
2023,con los compañeros de deporte,Sexo,total,99,Más catalán que castellano,1,628.1,4448.9,14.118096608150331
2023,con los compañeros de deporte,Sexo,total,99,Otras y no consta,5,259.7,4448.9,5.837398008496483
2023,con los compañeros de deporte,Sexo,total,99,Solo castellano,4,1503.8,4448.9,33.80161388208322
2023,con los compañeros de deporte,Sexo,total,99,Solo catalán,0,860.9,4448.9,19.35085077210097
2023,con los compañeros de estudio,Sexo,Hombres,1,Igual catalán que castellano,2,87.4,545.8,16.013191645291318
2023,con los compañeros de estudio,Sexo,Hombres,1,Más castellano que catalán,3,66.9,545.8,12.257237083180653
2023,con los compañeros de estudio,Sexo,Hombres,1,Más catalán que castellano,1,84.8,545.8,15.536826676438256
2023,con los compañeros de estudio,Sexo,Hombres,1,Otras y no consta,5,53.4,545.8,9.783803591058996
2023,con los compañeros de estudio,Sexo,Hombres,1,Solo castellano,4,114.5,545.8,20.978380359105902
2023,con los compañeros de estudio,Sexo,Hombres,1,Solo catalán,0,111.5,545.8,20.428728471967755
2023,con los compañeros de estudio,Sexo,Mujeres,2,Igual catalán que castellano,2,110.8,702.1,15.781227745335421
2023,con los compañeros de estudio,Sexo,Mujeres,2,Más castellano que catalán,3,69.7,702.1,9.927360774818402
2023,con los compañeros de estudio,Sexo,Mujeres,2,Más catalán que castellano,1,93.0,702.1,13.245976356644352
2023,con los compañeros de estudio,Sexo,Mujeres,2,Otras y no consta,5,68.7,702.1,9.784930921521152
2023,con los compañeros de estudio,Sexo,Mujeres,2,Solo castellano,4,172.5,702.1,24.569149693775817
2023,con los compañeros de estudio,Sexo,Mujeres,2,Solo catalán,0,165.0,702.1,23.50092579404643
2023,con los compañeros de estudio,Sexo,total,99,Igual catalán que castellano,2,198.2,1247.9,15.882682907284234
2023,con los compañeros de estudio,Sexo,total,99,Más castellano que catalán,3,136.6,1247.9,10.946389935090952
2023,con los compañeros de estudio,Sexo,total,99,Más catalán que castellano,1,177.8,1247.9,14.247936533376071
2023,con los compañeros de estudio,Sexo,total,99,Otras y no consta,5,160.3,1247.9,12.845580575366617
2023,con los compañeros de estudio,Sexo,total,99,Solo castellano,4,287.0,1247.9,22.998637711355073
2023,con los compañeros de estudio,Sexo,total,99,Solo catalán,0,276.5,1247.9,22.157224136549402
2023,con los compañeros de trabajo,Sexo,Hombres,1,Igual catalán que castellano,2,331.6,1862.6,17.80307097605498
2023,con los compañeros de trabajo,Sexo,Hombres,1,Más castellano que catalán,3,213.3,1862.6,11.451734135079997
2023,con los compañeros de trabajo,Sexo,Hombres,1,Más catalán que castellano,1,276.8,1862.6,14.860947063244929
2023,con los compañeros de trabajo,Sexo,Hombres,1,Otras y no consta,5,229.4,1862.6,12.316117255449372
2023,con los compañeros de trabajo,Sexo,Hombres,1,Solo castellano,4,530.0,1862.6,28.45484806184903
2023,con los compañeros de trabajo,Sexo,Hombres,1,Solo catalán,0,268.6,1862.6,14.42070224417481
2023,con los compañeros de trabajo,Sexo,Mujeres,2,Igual catalán que castellano,2,280.7,1604.9,17.49018630444264
2023,con los compañeros de trabajo,Sexo,Mujeres,2,Más castellano que catalán,3,179.7,1604.9,11.196959312106673
2023,con los compañeros de trabajo,Sexo,Mujeres,2,Más catalán que castellano,1,255.3,1604.9,15.90753317963736
2023,con los compañeros de trabajo,Sexo,Mujeres,2,Otras y no consta,5,197.8,1604.9,12.324755436475792
2023,con los compañeros de trabajo,Sexo,Mujeres,2,Solo castellano,4,377.2,1604.9,23.503021995139882
2023,con los compañeros de trabajo,Sexo,Mujeres,2,Solo catalán,0,309.2,1604.9,19.26599788148794
2023,con los compañeros de trabajo,Sexo,total,99,Igual catalán que castellano,2,612.3,3467.5,17.658255227108867
2023,con los compañeros de trabajo,Sexo,total,99,Más castellano que catalán,3,393.0,3467.5,11.333813987022351
2023,con los compañeros de trabajo,Sexo,total,99,Más catalán que castellano,1,532.1,3467.5,15.345349675558762
2023,con los compañeros de trabajo,Sexo,total,99,Otras y no consta,5,445.09999999999997,3467.5,12.83633741888969
2023,con los compañeros de trabajo,Sexo,total,99,Solo castellano,4,907.2,3467.5,26.162941600576783
2023,con los compañeros de trabajo,Sexo,total,99,Solo catalán,0,577.9,3467.5,16.66618601297765
2023,con los miembros del hogar,Sexo,Hombres,1,Igual catalán que castellano,2,220.2,2966.3,7.4233894076796
2023,con los miembros del hogar,Sexo,Hombres,1,Más castellano que catalán,3,261.3,2966.3,8.808953915652497
2023,con los miembros del hogar,Sexo,Hombres,1,Más catalán que castellano,1,156.8,2966.3,5.286046590027981
2023,con los miembros del hogar,Sexo,Hombres,1,Otras y no consta,5,398.7,2966.3,13.440987088291811
2023,con los miembros del hogar,Sexo,Hombres,1,Solo castellano,4,1121.5,2966.3,37.80804369079324
2023,con los miembros del hogar,Sexo,Hombres,1,Solo catalán,0,802.1,2966.3,27.040420726157166
2023,con los miembros del hogar,Sexo,Mujeres,2,Igual catalán que castellano,2,222.0,3045.0,7.29064039408867
2023,con los miembros del hogar,Sexo,Mujeres,2,Más castellano que catalán,3,249.2,3045.0,8.183908045977011
2023,con los miembros del hogar,Sexo,Mujeres,2,Más catalán que castellano,1,136.5,3045.0,4.482758620689655
2023,con los miembros del hogar,Sexo,Mujeres,2,Otras y no consta,5,384.5,3045.0,12.627257799671593
2023,con los miembros del hogar,Sexo,Mujeres,2,Solo castellano,4,1242.9,3045.0,40.81773399014779
2023,con los miembros del hogar,Sexo,Mujeres,2,Solo catalán,0,802.6,3045.0,26.357963875205254
2023,con los miembros del hogar,Sexo,total,99,Igual catalán que castellano,2,442.2,6011.3,7.356145925174255
2023,con los miembros del hogar,Sexo,total,99,Más castellano que catalán,3,510.5,6011.3,8.492339427411707
2023,con los miembros del hogar,Sexo,total,99,Más catalán que castellano,1,293.4,6011.3,4.880807811954153
2023,con los miembros del hogar,Sexo,total,99,Otras y no consta,5,783.3,6011.3,13.03045930164856
2023,con los miembros del hogar,Sexo,total,99,Solo castellano,4,2364.3,6011.3,39.33092675461215
2023,con los miembros del hogar,Sexo,total,99,Solo catalán,0,1604.7,6011.3,26.694724934706304
2023,con los vecinos,Sexo,Hombres,1,Igual catalán que castellano,2,502.2,3312.0,15.163043478260867
2023,con los vecinos,Sexo,Hombres,1,Más castellano que catalán,3,350.6,3312.0,10.58574879227053
2023,con los vecinos,Sexo,Hombres,1,Más catalán que castellano,1,511.8,3312.0,15.452898550724639
2023,con los vecinos,Sexo,Hombres,1,Otras y no consta,5,199.1,3312.0,6.011473429951691
2023,con los vecinos,Sexo,Hombres,1,Solo castellano,4,1190.0,3312.0,35.929951690821255
2023,con los vecinos,Sexo,Hombres,1,Solo catalán,0,553.1,3312.0,16.69987922705314
2023,con los vecinos,Sexo,Mujeres,2,Igual catalán que castellano,2,514.9,3473.0,14.82579902101929
2023,con los vecinos,Sexo,Mujeres,2,Más castellano que catalán,3,365.4,3473.0,10.521163259429887
2023,con los vecinos,Sexo,Mujeres,2,Más catalán que castellano,1,450.2,3473.0,12.96285632018428
2023,con los vecinos,Sexo,Mujeres,2,Otras y no consta,5,195.4,3473.0,5.626259717823208
2023,con los vecinos,Sexo,Mujeres,2,Solo castellano,4,1318.1,3473.0,37.952778577598615
2023,con los vecinos,Sexo,Mujeres,2,Solo catalán,0,626.4,3473.0,18.036279873308377
2023,con los vecinos,Sexo,total,99,Igual catalán que castellano,2,1017.2,6785.1,14.991672930391593
2023,con los vecinos,Sexo,total,99,Más castellano que catalán,3,716.0,6785.1,10.552534229414452
2023,con los vecinos,Sexo,total,99,Más catalán que castellano,1,961.9,6785.1,14.176651781108603
2023,con los vecinos,Sexo,total,99,Otras y no consta,5,402.4,6785.1,5.930642142341306
2023,con los vecinos,Sexo,total,99,Solo castellano,4,2508.1,6785.1,36.96481997317652
2023,con los vecinos,Sexo,total,99,Solo catalán,0,1179.5,6785.1,17.38367894356752
2023,con los órganos judiciales,Sexo,Hombres,1,Igual catalán que castellano,2,333.5,3312.0,10.069444444444445
2023,con los órganos judiciales,Sexo,Hombres,1,Más castellano que catalán,3,238.2,3312.0,7.192028985507245
2023,con los órganos judiciales,Sexo,Hombres,1,Más catalán que castellano,1,320.5,3312.0,9.676932367149758
2023,con los órganos judiciales,Sexo,Hombres,1,Otras y no consta,5,838.2,3312.0,25.307971014492754
2023,con los órganos judiciales,Sexo,Hombres,1,Solo castellano,4,1071.3,3312.0,32.346014492753625
2023,con los órganos judiciales,Sexo,Hombres,1,Solo catalán,0,494.6,3312.0,14.933574879227054
2023,con los órganos judiciales,Sexo,Mujeres,2,Igual catalán que castellano,2,337.6,3473.0,9.720702562625974
2023,con los órganos judiciales,Sexo,Mujeres,2,Más castellano que catalán,3,229.6,3473.0,6.610999136193492
2023,con los órganos judiciales,Sexo,Mujeres,2,Más catalán que castellano,1,312.4,3473.0,8.995105096458394
2023,con los órganos judiciales,Sexo,Mujeres,2,Otras y no consta,5,939.3,3473.0,27.04578174488914
2023,con los órganos judiciales,Sexo,Mujeres,2,Solo castellano,4,1064.1,3473.0,30.63921681543334
2023,con los órganos judiciales,Sexo,Mujeres,2,Solo catalán,0,569.4,3473.0,16.395047509357905
2023,con los órganos judiciales,Sexo,total,99,Igual catalán que castellano,2,671.1,6785.1,9.89079011363134
2023,con los órganos judiciales,Sexo,total,99,Más castellano que catalán,3,467.8,6785.1,6.894518872234749
2023,con los órganos judiciales,Sexo,total,99,Más catalán que castellano,1,632.8,6785.1,9.326317961415453
2023,con los órganos judiciales,Sexo,total,99,Otras y no consta,5,1813.6000000000001,6785.1,26.72915653417046
2023,con los órganos judiciales,Sexo,total,99,Solo castellano,4,2135.4,6785.1,31.471901666887742
2023,con los órganos judiciales,Sexo,total,99,Solo catalán,0,1064.0,6785.1,15.681419581141029
2023,con usuarios o clientes de Cataluña,Sexo,Hombres,1,Igual catalán que castellano,2,398.4,1582.6,25.17376469101479
2023,con usuarios o clientes de Cataluña,Sexo,Hombres,1,Más castellano que catalán,3,182.3,1582.6,11.519019335271075
2023,con usuarios o clientes de Cataluña,Sexo,Hombres,1,Más catalán que castellano,1,338.2,1582.6,21.369897636800204
2023,con usuarios o clientes de Cataluña,Sexo,Hombres,1,Otras y no consta,5,196.1,1582.6,12.391002148363453
2023,con usuarios o clientes de Cataluña,Sexo,Hombres,1,Solo castellano,4,296.3,1582.6,18.72235561733856
2023,con usuarios o clientes de Cataluña,Sexo,Hombres,1,Solo catalán,0,153.9,1582.6,9.724503980791104
2023,con usuarios o clientes de Cataluña,Sexo,Mujeres,2,Igual catalán que castellano,2,370.0,1454.5,25.438294946717082
2023,con usuarios o clientes de Cataluña,Sexo,Mujeres,2,Más castellano que catalán,3,195.9,1454.5,13.468545892059128
2023,con usuarios o clientes de Cataluña,Sexo,Mujeres,2,Más catalán que castellano,1,293.6,1454.5,20.18563080096253
2023,con usuarios o clientes de Cataluña,Sexo,Mujeres,2,Otras y no consta,5,164.0,1454.5,11.275352354761086
2023,con usuarios o clientes de Cataluña,Sexo,Mujeres,2,Solo castellano,4,225.6,1454.5,15.510484702646957
2023,con usuarios o clientes de Cataluña,Sexo,Mujeres,2,Solo catalán,0,186.6,1454.5,12.829150910965966
2023,con usuarios o clientes de Cataluña,Sexo,total,99,Igual catalán que castellano,2,768.4,3037.1,25.300451088209147
2023,con usuarios o clientes de Cataluña,Sexo,total,99,Más castellano que catalán,3,378.3,3037.1,12.455961278851536
2023,con usuarios o clientes de Cataluña,Sexo,total,99,Más catalán que castellano,1,631.8,3037.1,20.802739455401532
2023,con usuarios o clientes de Cataluña,Sexo,total,99,Otras y no consta,5,383.79999999999995,3037.1,12.63705508544335
2023,con usuarios o clientes de Cataluña,Sexo,total,99,Solo castellano,4,521.9,3037.1,17.18415593823055
2023,con usuarios o clientes de Cataluña,Sexo,total,99,Solo catalán,0,340.6,3037.1,11.214645550031282
2023,en el centro de culto,Sexo,Hombres,1,Igual catalán que castellano,2,140.2,1281.5,10.94030433086227
2023,en el centro de culto,Sexo,Hombres,1,Más castellano que catalán,3,63.2,1281.5,4.931720639875146
2023,en el centro de culto,Sexo,Hombres,1,Más catalán que castellano,1,111.0,1281.5,8.661724541552868
2023,en el centro de culto,Sexo,Hombres,1,Otras y no consta,5,293.5,1281.5,22.902848224736637
2023,en el centro de culto,Sexo,Hombres,1,Solo castellano,4,417.4,1281.5,32.57120561841592
2023,en el centro de culto,Sexo,Hombres,1,Solo catalán,0,253.2,1281.5,19.758095981271946
2023,en el centro de culto,Sexo,Mujeres,2,Igual catalán que castellano,2,152.0,1389.9,10.936038563925461
2023,en el centro de culto,Sexo,Mujeres,2,Más castellano que catalán,3,84.2,1389.9,6.057989783437658
2023,en el centro de culto,Sexo,Mujeres,2,Más catalán que castellano,1,112.9,1389.9,8.1228865385999
2023,en el centro de culto,Sexo,Mujeres,2,Otras y no consta,5,199.7,1389.9,14.367940139578387
2023,en el centro de culto,Sexo,Mujeres,2,Solo castellano,4,540.5,1389.9,38.887689761853366
2023,en el centro de culto,Sexo,Mujeres,2,Solo catalán,0,299.6,1389.9,21.555507590474136
2023,en el centro de culto,Sexo,total,99,Igual catalán que castellano,2,292.2,2671.4,10.938084899303735
2023,en el centro de culto,Sexo,total,99,Más castellano que catalán,3,147.5,2671.4,5.521449427266602
2023,en el centro de culto,Sexo,total,99,Más catalán que castellano,1,223.9,2671.4,8.381373062813505
2023,en el centro de culto,Sexo,total,99,Otras y no consta,5,493.0,2671.4,18.45474283147413
2023,en el centro de culto,Sexo,total,99,Solo castellano,4,957.9,2671.4,35.85760275510968
2023,en el centro de culto,Sexo,total,99,Solo catalán,0,552.8,2671.4,20.69326944673205
2023,en el gran comercio,Sexo,Hombres,1,Igual catalán que castellano,2,545.1,3312.0,16.458333333333332
2023,en el gran comercio,Sexo,Hombres,1,Más castellano que catalán,3,376.2,3312.0,11.358695652173912
2023,en el gran comercio,Sexo,Hombres,1,Más catalán que castellano,1,517.7,3312.0,15.631038647342995
2023,en el gran comercio,Sexo,Hombres,1,Otras y no consta,5,161.7,3312.0,4.882246376811594
2023,en el gran comercio,Sexo,Hombres,1,Solo castellano,4,1189.0,3312.0,35.899758454106276
2023,en el gran comercio,Sexo,Hombres,1,Solo catalán,0,520.2,3312.0,15.706521739130435
2023,en el gran comercio,Sexo,Mujeres,2,Igual catalán que castellano,2,554.8,3473.0,15.974661675784624
2023,en el gran comercio,Sexo,Mujeres,2,Más castellano que catalán,3,418.9,3473.0,12.061618197523755
2023,en el gran comercio,Sexo,Mujeres,2,Más catalán que castellano,1,470.8,3473.0,13.55600345522603
2023,en el gran comercio,Sexo,Mujeres,2,Otras y no consta,5,166.3,3473.0,4.788367405701123
2023,en el gran comercio,Sexo,Mujeres,2,Solo castellano,4,1301.4,3473.0,37.471926288511376
2023,en el gran comercio,Sexo,Mujeres,2,Solo catalán,0,549.7,3473.0,15.827814569536425
2023,en el gran comercio,Sexo,total,99,Igual catalán que castellano,2,1099.8,6785.1,16.209046292611752
2023,en el gran comercio,Sexo,total,99,Más castellano que catalán,3,795.1,6785.1,11.718323974591383
2023,en el gran comercio,Sexo,total,99,Más catalán que castellano,1,988.5,6785.1,14.568687270637131
2023,en el gran comercio,Sexo,total,99,Otras y no consta,5,338.7,6785.1,4.991820312154573
2023,en el gran comercio,Sexo,total,99,Solo castellano,4,2490.5,6785.1,36.705428070330576
2023,en el gran comercio,Sexo,total,99,Solo catalán,0,1069.8,6785.1,15.766901003669803
2023,en el pequeño comercio,Sexo,Hombres,1,Igual catalán que castellano,2,538.0,3312.0,16.243961352657006
2023,en el pequeño comercio,Sexo,Hombres,1,Más castellano que catalán,3,305.2,3312.0,9.214975845410628
2023,en el pequeño comercio,Sexo,Hombres,1,Más catalán que castellano,1,589.4,3312.0,17.795893719806763
2023,en el pequeño comercio,Sexo,Hombres,1,Otras y no consta,5,157.3,3312.0,4.749396135265701
2023,en el pequeño comercio,Sexo,Hombres,1,Solo castellano,4,1083.8,3312.0,32.72342995169082
2023,en el pequeño comercio,Sexo,Hombres,1,Solo catalán,0,632.6,3312.0,19.10024154589372
2023,en el pequeño comercio,Sexo,Mujeres,2,Igual catalán que castellano,2,561.4,3473.0,16.16469910739994
2023,en el pequeño comercio,Sexo,Mujeres,2,Más castellano que catalán,3,328.4,3473.0,9.455801900374315
2023,en el pequeño comercio,Sexo,Mujeres,2,Más catalán que castellano,1,554.4,3473.0,15.963144255686727
2023,en el pequeño comercio,Sexo,Mujeres,2,Otras y no consta,5,139.9,3473.0,4.028217679239851
2023,en el pequeño comercio,Sexo,Mujeres,2,Solo castellano,4,1180.2,3473.0,33.98214799884826
2023,en el pequeño comercio,Sexo,Mujeres,2,Solo catalán,0,706.3,3473.0,20.33688453786352
2023,en el pequeño comercio,Sexo,total,99,Igual catalán que castellano,2,1099.4,6785.1,16.203151022092527
2023,en el pequeño comercio,Sexo,total,99,Más castellano que catalán,3,633.6,6785.1,9.338108502453906
2023,en el pequeño comercio,Sexo,total,99,Más catalán que castellano,1,1143.8,6785.1,16.857526049726605
2023,en el pequeño comercio,Sexo,total,99,Otras y no consta,5,305.20000000000005,6785.1,4.498091406169401
2023,en el pequeño comercio,Sexo,total,99,Solo castellano,4,2264.0,6785.1,33.36723113881888
2023,en el pequeño comercio,Sexo,total,99,Solo catalán,0,1339.0,6785.1,19.73441806310887
2023,en la entidad financiera,Sexo,Hombres,1,Igual catalán que castellano,2,370.3,3312.0,11.180555555555555
2023,en la entidad financiera,Sexo,Hombres,1,Más castellano que catalán,3,207.9,3312.0,6.2771739130434785
2023,en la entidad financiera,Sexo,Hombres,1,Más catalán que castellano,1,385.4,3312.0,11.636473429951689
2023,en la entidad financiera,Sexo,Hombres,1,Otras y no consta,5,303.0,3312.0,9.148550724637682
2023,en la entidad financiera,Sexo,Hombres,1,Solo castellano,4,1124.9,3312.0,33.96437198067633
2023,en la entidad financiera,Sexo,Hombres,1,Solo catalán,0,917.7,3312.0,27.708333333333336
2023,en la entidad financiera,Sexo,Mujeres,2,Igual catalán que castellano,2,403.7,3473.0,11.623956233803627
2023,en la entidad financiera,Sexo,Mujeres,2,Más castellano que catalán,3,198.2,3473.0,5.706881658508494
2023,en la entidad financiera,Sexo,Mujeres,2,Más catalán que castellano,1,373.2,3473.0,10.745752951338899
2023,en la entidad financiera,Sexo,Mujeres,2,Otras y no consta,5,304.3,3473.0,8.761877339475959
2023,en la entidad financiera,Sexo,Mujeres,2,Solo castellano,4,1234.0,3473.0,35.53124100201555
2023,en la entidad financiera,Sexo,Mujeres,2,Solo catalán,0,958.9,3473.0,27.61013532968615
2023,en la entidad financiera,Sexo,total,99,Igual catalán que castellano,2,774.0,6785.1,11.407348454702214
2023,en la entidad financiera,Sexo,total,99,Más castellano que catalán,3,406.1,6785.1,5.985173394644146
2023,en la entidad financiera,Sexo,total,99,Más catalán que castellano,1,758.7,6785.1,11.181854357341821
2023,en la entidad financiera,Sexo,total,99,Otras y no consta,5,610.7,6785.1,9.00060426522822
2023,en la entidad financiera,Sexo,total,99,Solo castellano,4,2358.9,6785.1,34.76588406950524
2023,en la entidad financiera,Sexo,total,99,Solo catalán,0,1876.6,6785.1,27.657661640948543
2008,al escribir notas personales,Edad,65 años o más,65,Igual catalán que castellano,2,45.2,1174.6,3.848118508428402
2008,al escribir notas personales,Edad,65 años o más,65,Más castellano que catalán,3,36.6,1174.6,3.1159543674442367
2008,al escribir notas personales,Edad,65 años o más,65,Más catalán que castellano,1,41.0,1174.6,3.4905499744593906
2008,al escribir notas personales,Edad,65 años o más,65,Otras y no consta,5,72.4,1174.6,6.1638004427039
2008,al escribir notas personales,Edad,65 años o más,65,Solo castellano,4,694.6,1174.6,59.13502468925592
2008,al escribir notas personales,Edad,65 años o más,65,Solo catalán,0,265.9,1174.6,22.637493614847607
2008,al escribir notas personales,Edad,De 15 a 29 años,15,Igual catalán que castellano,2,113.5,1347.1,8.425506643901716
2008,al escribir notas personales,Edad,De 15 a 29 años,15,Más castellano que catalán,3,67.6,1347.1,5.018187216984633
2008,al escribir notas personales,Edad,De 15 a 29 años,15,Más catalán que castellano,1,57.0,1347.1,4.2313117066290555
2008,al escribir notas personales,Edad,De 15 a 29 años,15,Otras y no consta,5,132.1,1347.1,9.806250463959618
2008,al escribir notas personales,Edad,De 15 a 29 años,15,Solo castellano,4,600.8,1347.1,44.59951005864449
2008,al escribir notas personales,Edad,De 15 a 29 años,15,Solo catalán,0,376.1,1347.1,27.919233909880486
2008,al escribir notas personales,Edad,De 30 a 44 años,30,Igual catalán que castellano,2,145.8,1892.2,7.705316562731213
2008,al escribir notas personales,Edad,De 30 a 44 años,30,Más castellano que catalán,3,68.0,1892.2,3.59370045449741
2008,al escribir notas personales,Edad,De 30 a 44 años,30,Más catalán que castellano,1,61.7,1892.2,3.2607546770954445
2008,al escribir notas personales,Edad,De 30 a 44 años,30,Otras y no consta,5,169.8,1892.2,8.973681429024417
2008,al escribir notas personales,Edad,De 30 a 44 años,30,Solo castellano,4,955.1,1892.2,50.47563682485995
2008,al escribir notas personales,Edad,De 30 a 44 años,30,Solo catalán,0,491.9,1892.2,25.996194905401122
2008,al escribir notas personales,Edad,De 45 a 64 años,45,Igual catalán que castellano,2,118.8,1748.7,6.793618116314977
2008,al escribir notas personales,Edad,De 45 a 64 años,45,Más castellano que catalán,3,74.7,1748.7,4.271744724652599
2008,al escribir notas personales,Edad,De 45 a 64 años,45,Más catalán que castellano,1,43.4,1748.7,2.4818436552867844
2008,al escribir notas personales,Edad,De 45 a 64 años,45,Otras y no consta,5,79.0,1748.7,4.517641676674101
2008,al escribir notas personales,Edad,De 45 a 64 años,45,Solo castellano,4,1012.1,1748.7,57.87728026533997
2008,al escribir notas personales,Edad,De 45 a 64 años,45,Solo catalán,0,420.8,1748.7,24.063590095499514
2008,al escribir notas personales,Edad,total,99,Igual catalán que castellano,2,423.3,6162.5,6.86896551724138
2008,al escribir notas personales,Edad,total,99,Más castellano que catalán,3,246.8,6162.5,4.004868154158215
2008,al escribir notas personales,Edad,total,99,Más catalán que castellano,1,203.0,6162.5,3.294117647058824
2008,al escribir notas personales,Edad,total,99,Otras y no consta,5,472.2,6162.5,7.662474645030426
2008,al escribir notas personales,Edad,total,99,Solo castellano,4,3262.6,6162.5,52.942799188640976
2008,al escribir notas personales,Edad,total,99,Solo catalán,0,1554.6,6162.5,25.226774847870182
2008,con el personal médico,Edad,65 años o más,65,Igual catalán que castellano,2,99.2,1174.6,8.445428230887112
2008,con el personal médico,Edad,65 años o más,65,Más castellano que catalán,3,42.3,1174.6,3.601225949259322
2008,con el personal médico,Edad,65 años o más,65,Más catalán que castellano,1,69.1,1174.6,5.882853737442534
2008,con el personal médico,Edad,65 años o más,65,Otras y no consta,5,0.0,1174.6,0.0
2008,con el personal médico,Edad,65 años o más,65,Solo castellano,4,465.6,1174.6,39.639026051421766
2008,con el personal médico,Edad,65 años o más,65,Solo catalán,0,489.8,1174.6,41.69930189000512
2008,con el personal médico,Edad,De 15 a 29 años,15,Igual catalán que castellano,2,184.4,1347.1,13.688664538638559
2008,con el personal médico,Edad,De 15 a 29 años,15,Más castellano que catalán,3,103.6,1347.1,7.690594610645089
2008,con el personal médico,Edad,De 15 a 29 años,15,Más catalán que castellano,1,102.7,1347.1,7.623784425803579
2008,con el personal médico,Edad,De 15 a 29 años,15,Otras y no consta,5,0.0,1347.1,0.0
2008,con el personal médico,Edad,De 15 a 29 años,15,Solo castellano,4,531.4,1347.1,39.44770247197684
2008,con el personal médico,Edad,De 15 a 29 años,15,Solo catalán,0,413.8,1347.1,30.717838319352687
2008,con el personal médico,Edad,De 30 a 44 años,30,Igual catalán que castellano,2,238.1,1892.2,12.58323644435049
2008,con el personal médico,Edad,De 30 a 44 años,30,Más castellano que catalán,3,103.4,1892.2,5.464538632279886
2008,con el personal médico,Edad,De 30 a 44 años,30,Más catalán que castellano,1,151.2,1892.2,7.990698657647183
2008,con el personal médico,Edad,De 30 a 44 años,30,Otras y no consta,5,0.0,1892.2,0.0
2008,con el personal médico,Edad,De 30 a 44 años,30,Solo castellano,4,787.5,1892.2,41.61822217524575
2008,con el personal médico,Edad,De 30 a 44 años,30,Solo catalán,0,594.4,1892.2,31.41316985519501
2008,con el personal médico,Edad,De 45 a 64 años,45,Igual catalán que castellano,2,192.2,1748.7,10.991021901984329
2008,con el personal médico,Edad,De 45 a 64 años,45,Más castellano que catalán,3,65.3,1748.7,3.7342025504660605
2008,con el personal médico,Edad,De 45 a 64 años,45,Más catalán que castellano,1,118.2,1748.7,6.759306913707326
2008,con el personal médico,Edad,De 45 a 64 años,45,Otras y no consta,5,0.0,1748.7,0.0
2008,con el personal médico,Edad,De 45 a 64 años,45,Solo castellano,4,736.4,1748.7,42.111282667124144
2008,con el personal médico,Edad,De 45 a 64 años,45,Solo catalán,0,621.9,1748.7,35.56356150283067
2008,con el personal médico,Edad,total,99,Igual catalán que castellano,2,713.9,6162.5,11.584584178498986
2008,con el personal médico,Edad,total,99,Más castellano que catalán,3,314.6,6162.5,5.105070993914808
2008,con el personal médico,Edad,total,99,Más catalán que castellano,1,441.1,6162.5,7.157809330628803
2008,con el personal médico,Edad,total,99,Otras y no consta,5,52.300000000000004,6162.5,0.8486815415821503
2008,con el personal médico,Edad,total,99,Solo castellano,4,2520.9,6162.5,40.907099391480735
2008,con el personal médico,Edad,total,99,Solo catalán,0,2119.9,6162.5,34.400000000000006
2008,con los amigos,Edad,65 años o más,65,Igual catalán que castellano,2,136.1,1174.6,11.586923207900563
2008,con los amigos,Edad,65 años o más,65,Más castellano que catalán,3,63.0,1174.6,5.363528009535162
2008,con los amigos,Edad,65 años o más,65,Más catalán que castellano,1,130.3,1174.6,11.093138089562405
2008,con los amigos,Edad,65 años o más,65,Otras y no consta,5,20.8,1174.6,1.7708155967989105
2008,con los amigos,Edad,65 años o más,65,Solo castellano,4,438.3,1174.6,37.314830580623195
2008,con los amigos,Edad,65 años o más,65,Solo catalán,0,374.0,1174.6,31.840626596288104
2008,con los amigos,Edad,De 15 a 29 años,15,Igual catalán que castellano,2,229.8,1347.1,17.058867196199245
2008,con los amigos,Edad,De 15 a 29 años,15,Más castellano que catalán,3,178.0,1347.1,13.2135698908767
2008,con los amigos,Edad,De 15 a 29 años,15,Más catalán que castellano,1,156.9,1347.1,11.64724222403682
2008,con los amigos,Edad,De 15 a 29 años,15,Otras y no consta,5,133.0,1347.1,9.873060648801129
2008,con los amigos,Edad,De 15 a 29 años,15,Solo castellano,4,406.5,1347.1,30.17593348674932
2008,con los amigos,Edad,De 15 a 29 años,15,Solo catalán,0,242.5,1347.1,18.001633137851684
2008,con los amigos,Edad,De 30 a 44 años,30,Igual catalán que castellano,2,362.5,1892.2,19.15759433463693
2008,con los amigos,Edad,De 30 a 44 años,30,Más castellano que catalán,3,157.4,1892.2,8.318359581439594
2008,con los amigos,Edad,De 30 a 44 años,30,Más catalán que castellano,1,188.1,1892.2,9.940809639572985
2008,con los amigos,Edad,De 30 a 44 años,30,Otras y no consta,5,193.89999999999998,1892.2,10.247331148927174
2008,con los amigos,Edad,De 30 a 44 años,30,Solo castellano,4,633.7,1892.2,33.490117323750134
2008,con los amigos,Edad,De 30 a 44 años,30,Solo catalán,0,352.2,1892.2,18.61325441285276
2008,con los amigos,Edad,De 45 a 64 años,45,Igual catalán que castellano,2,308.9,1748.7,17.66455080917253
2008,con los amigos,Edad,De 45 a 64 años,45,Más castellano que catalán,3,154.1,1748.7,8.812260536398467
2008,con los amigos,Edad,De 45 a 64 años,45,Más catalán que castellano,1,187.6,1748.7,10.727969348659002
2008,con los amigos,Edad,De 45 a 64 años,45,Otras y no consta,5,62.1,1748.7,3.551209469891919
2008,con los amigos,Edad,De 45 a 64 años,45,Solo castellano,4,612.0,1748.7,34.997426659804425
2008,con los amigos,Edad,De 45 a 64 años,45,Solo catalán,0,417.8,1748.7,23.892034082461258
2008,con los amigos,Edad,total,99,Igual catalán que castellano,2,1037.3,6162.5,16.832454361054765
2008,con los amigos,Edad,total,99,Más castellano que catalán,3,552.5,6162.5,8.96551724137931
2008,con los amigos,Edad,total,99,Más catalán que castellano,1,662.9,6162.5,10.756997971602434
2008,con los amigos,Edad,total,99,Otras y no consta,5,432.8,6162.5,7.023123732251521
2008,con los amigos,Edad,total,99,Solo castellano,4,2090.6,6162.5,33.924543610547666
2008,con los amigos,Edad,total,99,Solo catalán,0,1386.5,6162.5,22.49898580121704
2008,con los compañeros de estudio,Edad,65 años o más,65,Igual catalán que castellano,2,0.0,34.0,0.0
2008,con los compañeros de estudio,Edad,65 años o más,65,Más castellano que catalán,3,0.0,34.0,0.0
2008,con los compañeros de estudio,Edad,65 años o más,65,Más catalán que castellano,1,0.0,34.0,0.0
2008,con los compañeros de estudio,Edad,65 años o más,65,Otras y no consta,5,0.0,34.0,0.0
2008,con los compañeros de estudio,Edad,65 años o más,65,Solo castellano,4,0.0,34.0,0.0
2008,con los compañeros de estudio,Edad,65 años o más,65,Solo catalán,0,15.0,34.0,44.11764705882353
2008,con los compañeros de estudio,Edad,De 15 a 29 años,15,Igual catalán que castellano,2,120.4,625.8,19.239373601789712
2008,con los compañeros de estudio,Edad,De 15 a 29 años,15,Más castellano que catalán,3,66.9,625.8,10.690316395014383
2008,con los compañeros de estudio,Edad,De 15 a 29 años,15,Más catalán que castellano,1,108.4,625.8,17.321828060083096
2008,con los compañeros de estudio,Edad,De 15 a 29 años,15,Otras y no consta,5,0.0,625.8,0.0
2008,con los compañeros de estudio,Edad,De 15 a 29 años,15,Solo castellano,4,104.9,625.8,16.762543943752
2008,con los compañeros de estudio,Edad,De 15 a 29 años,15,Solo catalán,0,206.6,625.8,33.01374240971556
2008,con los compañeros de estudio,Edad,De 30 a 44 años,30,Igual catalán que castellano,2,39.4,207.6,18.978805394990367
2008,con los compañeros de estudio,Edad,De 30 a 44 años,30,Más castellano que catalán,3,0.0,207.6,0.0
2008,con los compañeros de estudio,Edad,De 30 a 44 años,30,Más catalán que castellano,1,27.8,207.6,13.391136801541425
2008,con los compañeros de estudio,Edad,De 30 a 44 años,30,Otras y no consta,5,0.0,207.6,0.0
2008,con los compañeros de estudio,Edad,De 30 a 44 años,30,Solo castellano,4,50.9,207.6,24.51830443159923
2008,con los compañeros de estudio,Edad,De 30 a 44 años,30,Solo catalán,0,62.3,207.6,30.009633911368017
2008,con los compañeros de estudio,Edad,De 45 a 64 años,45,Igual catalán que castellano,2,22.1,119.5,18.493723849372387
2008,con los compañeros de estudio,Edad,De 45 a 64 años,45,Más castellano que catalán,3,0.0,119.5,0.0
2008,con los compañeros de estudio,Edad,De 45 a 64 años,45,Más catalán que castellano,1,0.0,119.5,0.0
2008,con los compañeros de estudio,Edad,De 45 a 64 años,45,Otras y no consta,5,0.0,119.5,0.0
2008,con los compañeros de estudio,Edad,De 45 a 64 años,45,Solo castellano,4,26.1,119.5,21.841004184100417
2008,con los compañeros de estudio,Edad,De 45 a 64 años,45,Solo catalán,0,45.9,119.5,38.41004184100419
2008,con los compañeros de estudio,Edad,total,99,Igual catalán que castellano,2,188.0,986.9,19.04954909311987
2008,con los compañeros de estudio,Edad,total,99,Más castellano que catalán,3,76.1,986.9,7.71101428716182
2008,con los compañeros de estudio,Edad,total,99,Más catalán que castellano,1,151.2,986.9,15.320701185530448
2008,con los compañeros de estudio,Edad,total,99,Otras y no consta,5,26.5,986.9,2.6851758030195563
2008,con los compañeros de estudio,Edad,total,99,Solo castellano,4,187.5,986.9,18.998885398723274
2008,con los compañeros de estudio,Edad,total,99,Solo catalán,0,329.7,986.9,33.407640085115005
2008,con los compañeros de trabajo,Edad,65 años o más,65,Igual catalán que castellano,2,0.0,35.2,0.0
2008,con los compañeros de trabajo,Edad,65 años o más,65,Más castellano que catalán,3,0.0,35.2,0.0
2008,con los compañeros de trabajo,Edad,65 años o más,65,Más catalán que castellano,1,0.0,35.2,0.0
2008,con los compañeros de trabajo,Edad,65 años o más,65,Otras y no consta,5,0.0,35.2,0.0
2008,con los compañeros de trabajo,Edad,65 años o más,65,Solo castellano,4,0.0,35.2,0.0
2008,con los compañeros de trabajo,Edad,65 años o más,65,Solo catalán,0,0.0,35.2,0.0
2008,con los compañeros de trabajo,Edad,De 15 a 29 años,15,Igual catalán que castellano,2,126.1,740.2,17.035936233450418
2008,con los compañeros de trabajo,Edad,De 15 a 29 años,15,Más castellano que catalán,3,79.8,740.2,10.780870035125641
2008,con los compañeros de trabajo,Edad,De 15 a 29 años,15,Más catalán que castellano,1,68.9,740.2,9.308295055390435
2008,con los compañeros de trabajo,Edad,De 15 a 29 años,15,Otras y no consta,5,31.9,740.2,4.3096460416103755
2008,con los compañeros de trabajo,Edad,De 15 a 29 años,15,Solo castellano,4,270.2,740.2,36.50364766279384
2008,con los compañeros de trabajo,Edad,De 15 a 29 años,15,Solo catalán,0,148.4,740.2,20.048635503917858
2008,con los compañeros de trabajo,Edad,De 30 a 44 años,30,Igual catalán que castellano,2,299.7,1575.5,19.02253252935576
2008,con los compañeros de trabajo,Edad,De 30 a 44 años,30,Más castellano que catalán,3,155.5,1575.5,9.869882576959697
2008,con los compañeros de trabajo,Edad,De 30 a 44 años,30,Más catalán que castellano,1,171.1,1575.5,10.860044430339574
2008,con los compañeros de trabajo,Edad,De 30 a 44 años,30,Otras y no consta,5,86.3,1575.5,5.477626150428435
2008,con los compañeros de trabajo,Edad,De 30 a 44 años,30,Solo castellano,4,514.1,1575.5,32.63091082196129
2008,con los compañeros de trabajo,Edad,De 30 a 44 años,30,Solo catalán,0,348.9,1575.5,22.14535068232307
2008,con los compañeros de trabajo,Edad,De 45 a 64 años,45,Igual catalán que castellano,2,232.6,1102.6,21.095592236531836
2008,con los compañeros de trabajo,Edad,De 45 a 64 años,45,Más castellano que catalán,3,97.4,1102.6,8.833665880645748
2008,con los compañeros de trabajo,Edad,De 45 a 64 años,45,Más catalán que castellano,1,119.2,1102.6,10.81081081081081
2008,con los compañeros de trabajo,Edad,De 45 a 64 años,45,Otras y no consta,5,46.8,1102.6,4.244512969345184
2008,con los compañeros de trabajo,Edad,De 45 a 64 años,45,Solo castellano,4,318.5,1102.6,28.886268819154726
2008,con los compañeros de trabajo,Edad,De 45 a 64 años,45,Solo catalán,0,288.2,1102.6,26.13821875566842
2008,con los compañeros de trabajo,Edad,total,99,Igual catalán que castellano,2,666.0,3453.5,19.284783552917332
2008,con los compañeros de trabajo,Edad,total,99,Más castellano que catalán,3,335.5,3453.5,9.714782105110757
2008,con los compañeros de trabajo,Edad,total,99,Más catalán que castellano,1,363.8,3453.5,10.53424062545244
2008,con los compañeros de trabajo,Edad,total,99,Otras y no consta,5,182.7,3453.5,5.290285217894889
2008,con los compañeros de trabajo,Edad,total,99,Solo castellano,4,1109.7,3453.5,32.132619082090635
2008,con los compañeros de trabajo,Edad,total,99,Solo catalán,0,795.9,3453.5,23.046185029680032
2008,con los miembros del hogar,Edad,65 años o más,65,Igual catalán que castellano,2,49.9,919.8,5.4250924113937815
2008,con los miembros del hogar,Edad,65 años o más,65,Más castellano que catalán,3,23.6,919.8,2.565775168514895
2008,con los miembros del hogar,Edad,65 años o más,65,Más catalán que castellano,1,21.2,919.8,2.304848880191346
2008,con los miembros del hogar,Edad,65 años o más,65,Otras y no consta,5,19.4,919.8,2.109154163948684
2008,con los miembros del hogar,Edad,65 años o más,65,Solo castellano,4,407.6,919.8,44.31398130028267
2008,con los miembros del hogar,Edad,65 años o más,65,Solo catalán,0,392.2,919.8,42.639704283539906
2008,con los miembros del hogar,Edad,De 15 a 29 años,15,Igual catalán que castellano,2,82.6,1304.9,6.329986972181775
2008,con los miembros del hogar,Edad,De 15 a 29 años,15,Más castellano que catalán,3,81.5,1304.9,6.245689324852479
2008,con los miembros del hogar,Edad,De 15 a 29 años,15,Más catalán que castellano,1,49.6,1304.9,3.8010575523028582
2008,con los miembros del hogar,Edad,De 15 a 29 años,15,Otras y no consta,5,156.5,1304.9,11.993256188213655
2008,con los miembros del hogar,Edad,De 15 a 29 años,15,Solo castellano,4,578.5,1304.9,44.33289907272588
2008,con los miembros del hogar,Edad,De 15 a 29 años,15,Solo catalán,0,354.7,1304.9,27.182159552456124
2008,con los miembros del hogar,Edad,De 30 a 44 años,30,Igual catalán que castellano,2,191.3,1793.5,10.66629495400056
2008,con los miembros del hogar,Edad,De 30 a 44 años,30,Más castellano que catalán,3,126.9,1793.5,7.075550599386675
2008,con los miembros del hogar,Edad,De 30 a 44 años,30,Más catalán que castellano,1,73.5,1793.5,4.098132143852802
2008,con los miembros del hogar,Edad,De 30 a 44 años,30,Otras y no consta,5,193.2,1793.5,10.772233063841648
2008,con los miembros del hogar,Edad,De 30 a 44 años,30,Solo castellano,4,698.7,1793.5,38.95734597156398
2008,con los miembros del hogar,Edad,De 30 a 44 años,30,Solo catalán,0,509.3,1793.5,28.396989127404517
2008,con los miembros del hogar,Edad,De 45 a 64 años,45,Igual catalán que castellano,2,144.5,1658.6,8.712166887736645
2008,con los miembros del hogar,Edad,De 45 a 64 años,45,Más castellano que catalán,3,108.0,1658.6,6.5115157361630285
2008,con los miembros del hogar,Edad,De 45 a 64 años,45,Más catalán que castellano,1,60.1,1658.6,3.623537923549982
2008,con los miembros del hogar,Edad,De 45 a 64 años,45,Otras y no consta,5,73.6,1658.6,4.43747739057036
2008,con los miembros del hogar,Edad,De 45 a 64 años,45,Solo castellano,4,731.8,1658.6,44.12154829374171
2008,con los miembros del hogar,Edad,De 45 a 64 años,45,Solo catalán,0,539.3,1658.6,32.51537441215483
2008,con los miembros del hogar,Edad,total,99,Igual catalán que castellano,2,468.3,5676.8,8.249365839909808
2008,con los miembros del hogar,Edad,total,99,Más castellano que catalán,3,340.0,5676.8,5.989289740698985
2008,con los miembros del hogar,Edad,total,99,Más catalán que castellano,1,204.4,5676.8,3.6006200676437428
2008,con los miembros del hogar,Edad,total,99,Otras y no consta,5,448.7,5676.8,7.904100901916572
2008,con los miembros del hogar,Edad,total,99,Solo castellano,4,2416.5,5676.8,42.56799605411499
2008,con los miembros del hogar,Edad,total,99,Solo catalán,0,1795.5,5676.8,31.62873449830891
2008,con los vecinos,Edad,65 años o más,65,Igual catalán que castellano,2,163.4,1174.6,13.911118678699133
2008,con los vecinos,Edad,65 años o más,65,Más castellano que catalán,3,77.4,1174.6,6.589477268857484
2008,con los vecinos,Edad,65 años o más,65,Más catalán que castellano,1,105.2,1174.6,8.956240422271412
2008,con los vecinos,Edad,65 años o más,65,Otras y no consta,5,6.1,1174.6,0.5193257279073727
2008,con los vecinos,Edad,65 años o más,65,Solo castellano,4,446.2,1174.6,37.987399965945855
2008,con los vecinos,Edad,65 años o más,65,Solo catalán,0,361.4,1174.6,30.767920994381065
2008,con los vecinos,Edad,De 15 a 29 años,15,Igual catalán que castellano,2,186.9,1347.1,13.874248385420534
2008,con los vecinos,Edad,De 15 a 29 años,15,Más castellano que catalán,3,147.1,1347.1,10.919753544651474
2008,con los vecinos,Edad,De 15 a 29 años,15,Más catalán que castellano,1,121.3,1347.1,9.004528245861481
2008,con los vecinos,Edad,De 15 a 29 años,15,Otras y no consta,5,53.5,1347.1,3.971494321134289
2008,con los vecinos,Edad,De 15 a 29 años,15,Solo castellano,4,571.0,1347.1,42.38735060500334
2008,con los vecinos,Edad,De 15 a 29 años,15,Solo catalán,0,267.3,1347.1,19.842624897928886
2008,con los vecinos,Edad,De 30 a 44 años,30,Igual catalán que castellano,2,343.7,1892.2,18.164041856040587
2008,con los vecinos,Edad,De 30 a 44 años,30,Más castellano que catalán,3,164.5,1892.2,8.693584187717999
2008,con los vecinos,Edad,De 30 a 44 años,30,Más catalán que castellano,1,191.4,1892.2,10.1152098086883
2008,con los vecinos,Edad,De 30 a 44 años,30,Otras y no consta,5,51.4,1892.2,2.716414755311278
2008,con los vecinos,Edad,De 30 a 44 años,30,Solo castellano,4,773.6,1892.2,40.883627523517596
2008,con los vecinos,Edad,De 30 a 44 años,30,Solo catalán,0,367.7,1892.2,19.432406722333788
2008,con los vecinos,Edad,De 45 a 64 años,45,Igual catalán que castellano,2,322.8,1748.7,18.459427002916453
2008,con los vecinos,Edad,De 45 a 64 años,45,Más castellano que catalán,3,143.5,1748.7,8.206095956996625
2008,con los vecinos,Edad,De 45 a 64 años,45,Más catalán que castellano,1,166.5,1748.7,9.521358723623264
2008,con los vecinos,Edad,De 45 a 64 años,45,Otras y no consta,5,15.3,1748.7,0.8749356664951106
2008,con los vecinos,Edad,De 45 a 64 años,45,Solo castellano,4,684.1,1748.7,39.120489506490536
2008,con los vecinos,Edad,De 45 a 64 años,45,Solo catalán,0,403.5,1748.7,23.074283753645563
2008,con los vecinos,Edad,total,99,Igual catalán que castellano,2,1016.8,6162.5,16.499797160243407
2008,con los vecinos,Edad,total,99,Más castellano que catalán,3,532.4,6162.5,8.639350912778903
2008,con los vecinos,Edad,total,99,Más catalán que castellano,1,584.4,6162.5,9.48316430020284
2008,con los vecinos,Edad,total,99,Otras y no consta,5,154.10000000000002,6162.5,2.500608519269777
2008,con los vecinos,Edad,total,99,Solo castellano,4,2474.9,6162.5,40.160649087221095
2008,con los vecinos,Edad,total,99,Solo catalán,0,1399.8,6162.5,22.714807302231236
2008,en el gran comercio,Edad,65 años o más,65,Igual catalán que castellano,2,152.3,1174.6,12.966116124638177
2008,en el gran comercio,Edad,65 años o más,65,Más castellano que catalán,3,61.1,1174.6,5.201770815596799
2008,en el gran comercio,Edad,65 años o más,65,Más catalán que castellano,1,122.1,1174.6,10.395028094670526
2008,en el gran comercio,Edad,65 años o más,65,Otras y no consta,5,55.6,1174.6,4.733526306827857
2008,en el gran comercio,Edad,65 años o más,65,Solo castellano,4,436.4,1174.6,37.15307338668483
2008,en el gran comercio,Edad,65 años o más,65,Solo catalán,0,341.2,1174.6,29.04818661672059
2008,en el gran comercio,Edad,De 15 a 29 años,15,Igual catalán que castellano,2,242.2,1347.1,17.979363076237846
2008,en el gran comercio,Edad,De 15 a 29 años,15,Más castellano que catalán,3,165.6,1347.1,12.293074010838097
2008,en el gran comercio,Edad,De 15 a 29 años,15,Más catalán que castellano,1,114.9,1347.1,8.529433598099622
2008,en el gran comercio,Edad,De 15 a 29 años,15,Otras y no consta,5,0.0,1347.1,0.0
2008,en el gran comercio,Edad,De 15 a 29 años,15,Solo castellano,4,537.8,1347.1,39.922797119738696
2008,en el gran comercio,Edad,De 15 a 29 años,15,Solo catalán,0,266.8,1347.1,19.80550812857249
2008,en el gran comercio,Edad,De 30 a 44 años,30,Igual catalán que castellano,2,292.4,1892.2,15.452911954338862
2008,en el gran comercio,Edad,De 30 a 44 años,30,Más castellano que catalán,3,211.0,1892.2,11.151041116161082
2008,en el gran comercio,Edad,De 30 a 44 años,30,Más catalán que castellano,1,193.7,1892.2,10.236761441708065
2008,en el gran comercio,Edad,De 30 a 44 años,30,Otras y no consta,5,0.0,1892.2,0.0
2008,en el gran comercio,Edad,De 30 a 44 años,30,Solo castellano,4,756.5,1892.2,39.97991755628369
2008,en el gran comercio,Edad,De 30 a 44 años,30,Solo catalán,0,420.0,1892.2,22.19638516013106
2008,en el gran comercio,Edad,De 45 a 64 años,45,Igual catalán que castellano,2,265.7,1748.7,15.194144221421627
2008,en el gran comercio,Edad,De 45 a 64 años,45,Más castellano que catalán,3,147.5,1748.7,8.434837307714302
2008,en el gran comercio,Edad,De 45 a 64 años,45,Más catalán que castellano,1,177.6,1748.7,10.156115971864814
2008,en el gran comercio,Edad,De 45 a 64 años,45,Otras y no consta,5,0.0,1748.7,0.0
2008,en el gran comercio,Edad,De 45 a 64 años,45,Solo castellano,4,695.2,1748.7,39.755246754732084
2008,en el gran comercio,Edad,De 45 a 64 años,45,Solo catalán,0,444.9,1748.7,25.441756733573513
2008,en el gran comercio,Edad,total,99,Igual catalán que castellano,2,952.7,6162.5,15.459634888438135
2008,en el gran comercio,Edad,total,99,Más castellano que catalán,3,585.2,6162.5,9.496146044624746
2008,en el gran comercio,Edad,total,99,Más catalán que castellano,1,608.3,6162.5,9.8709939148073
2008,en el gran comercio,Edad,total,99,Otras y no consta,5,112.4,6162.5,1.8239350912778907
2008,en el gran comercio,Edad,total,99,Solo castellano,4,2425.9,6162.5,39.36551724137931
2008,en el gran comercio,Edad,total,99,Solo catalán,0,1472.9,6162.5,23.901014198782963
2008,en el pequeño comercio,Edad,65 años o más,65,Igual catalán que castellano,2,132.4,1174.6,11.271922356546911
2008,en el pequeño comercio,Edad,65 años o más,65,Más castellano que catalán,3,56.4,1174.6,4.80163459901243
2008,en el pequeño comercio,Edad,65 años o más,65,Más catalán que castellano,1,120.4,1174.6,10.25029797377831
2008,en el pequeño comercio,Edad,65 años o más,65,Otras y no consta,5,26.3,1174.6,2.239060105567853
2008,en el pequeño comercio,Edad,65 años o más,65,Solo castellano,4,429.9,1174.6,36.59969351268517
2008,en el pequeño comercio,Edad,65 años o más,65,Solo catalán,0,409.0,1174.6,34.82036437936319
2008,en el pequeño comercio,Edad,De 15 a 29 años,15,Igual catalán que castellano,2,240.9,1347.1,17.882859475911218
2008,en el pequeño comercio,Edad,De 15 a 29 años,15,Más castellano que catalán,3,130.9,1347.1,9.71717021750427
2008,en el pequeño comercio,Edad,De 15 a 29 años,15,Más catalán que castellano,1,144.0,1347.1,10.689629574641824
2008,en el pequeño comercio,Edad,De 15 a 29 años,15,Otras y no consta,5,19.6,1347.1,1.454977358770693
2008,en el pequeño comercio,Edad,De 15 a 29 años,15,Solo castellano,4,472.6,1347.1,35.08277039566477
2008,en el pequeño comercio,Edad,De 15 a 29 años,15,Solo catalán,0,325.4,1347.1,24.155593497142007
2008,en el pequeño comercio,Edad,De 30 a 44 años,30,Igual catalán que castellano,2,293.0,1892.2,15.484621075996193
2008,en el pequeño comercio,Edad,De 30 a 44 años,30,Más castellano que catalán,3,142.6,1892.2,7.536201247225452
2008,en el pequeño comercio,Edad,De 30 a 44 años,30,Más catalán que castellano,1,228.7,1892.2,12.08646020505232
2008,en el pequeño comercio,Edad,De 30 a 44 años,30,Otras y no consta,5,26.2,1892.2,1.3846316457034138
2008,en el pequeño comercio,Edad,De 30 a 44 años,30,Solo castellano,4,696.1,1892.2,36.787865976112464
2008,en el pequeño comercio,Edad,De 30 a 44 años,30,Solo catalán,0,494.7,1892.2,26.144170806468658
2008,en el pequeño comercio,Edad,De 45 a 64 años,45,Igual catalán que castellano,2,254.3,1748.7,14.542231371876252
2008,en el pequeño comercio,Edad,De 45 a 64 años,45,Más castellano que catalán,3,131.1,1748.7,7.496997769771829
2008,en el pequeño comercio,Edad,De 45 a 64 años,45,Más catalán que castellano,1,184.4,1748.7,10.544976268084863
2008,en el pequeño comercio,Edad,De 45 a 64 años,45,Otras y no consta,5,9.8,1748.7,0.5604163092583061
2008,en el pequeño comercio,Edad,De 45 a 64 años,45,Solo castellano,4,622.6,1748.7,35.60359123920627
2008,en el pequeño comercio,Edad,De 45 a 64 años,45,Solo catalán,0,537.4,1748.7,30.731400468919766
2008,en el pequeño comercio,Edad,total,99,Igual catalán que castellano,2,920.7,6162.5,14.940365111561867
2008,en el pequeño comercio,Edad,total,99,Más castellano que catalán,3,461.0,6162.5,7.480730223123732
2008,en el pequeño comercio,Edad,total,99,Más catalán que castellano,1,677.3,6162.5,10.990669371196754
2008,en el pequeño comercio,Edad,total,99,Otras y no consta,5,116.0,6162.5,1.8823529411764703
2008,en el pequeño comercio,Edad,total,99,Solo castellano,4,2221.1,6162.5,36.042190669371195
2008,en el pequeño comercio,Edad,total,99,Solo catalán,0,1766.4,6162.5,28.66369168356998
2008,en la entidad financiera,Edad,65 años o más,65,Igual catalán que castellano,2,96.0,1174.6,8.172995062148818
2008,en la entidad financiera,Edad,65 años o más,65,Más castellano que catalán,3,39.8,1174.6,3.38838753618253
2008,en la entidad financiera,Edad,65 años o más,65,Más catalán que castellano,1,62.1,1174.6,5.286906180827517
2008,en la entidad financiera,Edad,65 años o más,65,Otras y no consta,5,29.8,1174.6,2.5370338838753623
2008,en la entidad financiera,Edad,65 años o más,65,Solo castellano,4,434.3,1174.6,36.97428911970032
2008,en la entidad financiera,Edad,65 años o más,65,Solo catalán,0,508.5,1174.6,43.29133321981951
2008,en la entidad financiera,Edad,De 15 a 29 años,15,Igual catalán que castellano,2,190.6,1347.1,14.148912478657858
2008,en la entidad financiera,Edad,De 15 a 29 años,15,Más castellano que catalán,3,104.6,1347.1,7.76482814935788
2008,en la entidad financiera,Edad,De 15 a 29 años,15,Más catalán que castellano,1,116.9,1347.1,8.677900675525203
2008,en la entidad financiera,Edad,De 15 a 29 años,15,Otras y no consta,5,40.2,1347.1,2.984188256254176
2008,en la entidad financiera,Edad,De 15 a 29 años,15,Solo castellano,4,465.3,1347.1,34.540865563061395
2008,en la entidad financiera,Edad,De 15 a 29 años,15,Solo catalán,0,424.3,1347.1,31.497290475836987
2008,en la entidad financiera,Edad,De 30 a 44 años,30,Igual catalán que castellano,2,216.8,1892.2,11.457562625515273
2008,en la entidad financiera,Edad,De 30 a 44 años,30,Más castellano que catalán,3,108.6,1892.2,5.739351019976747
2008,en la entidad financiera,Edad,De 30 a 44 años,30,Más catalán que castellano,1,156.5,1892.2,8.2707958989536
2008,en la entidad financiera,Edad,De 30 a 44 años,30,Otras y no consta,5,0.0,1892.2,0.0
2008,en la entidad financiera,Edad,De 30 a 44 años,30,Solo castellano,4,739.1,1892.2,39.060353028221115
2008,en la entidad financiera,Edad,De 30 a 44 años,30,Solo catalán,0,661.1,1892.2,34.93816721276821
2008,en la entidad financiera,Edad,De 45 a 64 años,45,Igual catalán que castellano,2,163.3,1748.7,9.338365643049123
2008,en la entidad financiera,Edad,De 45 a 64 años,45,Más castellano que catalán,3,77.5,1748.7,4.431863670154972
2008,en la entidad financiera,Edad,De 45 a 64 años,45,Más catalán que castellano,1,115.9,1748.7,6.627780637044661
2008,en la entidad financiera,Edad,De 45 a 64 años,45,Otras y no consta,5,3.0,1748.7,0.171556013038257
2008,en la entidad financiera,Edad,De 45 a 64 años,45,Solo castellano,4,652.8,1748.7,37.33058843712472
2008,en la entidad financiera,Edad,De 45 a 64 años,45,Solo catalán,0,721.1,1748.7,41.23634700062904
2008,en la entidad financiera,Edad,total,99,Igual catalán que castellano,2,666.7,6162.5,10.818661257606491
2008,en la entidad financiera,Edad,total,99,Más castellano que catalán,3,330.4,6162.5,5.361460446247464
2008,en la entidad financiera,Edad,total,99,Más catalán que castellano,1,451.4,6162.5,7.324949290060852
2008,en la entidad financiera,Edad,total,99,Otras y no consta,5,107.5,6162.5,1.7444219066937119
2008,en la entidad financiera,Edad,total,99,Solo castellano,4,2291.6,6162.5,37.186206896551724
2008,en la entidad financiera,Edad,total,99,Solo catalán,0,2315.0,6162.5,37.5659229208925
2013,al contestar al personal médico en la consulta,Edad,65 años o más,65,Igual catalán que castellano,2,0.0,0.0,
2013,al contestar al personal médico en la consulta,Edad,65 años o más,65,Más castellano que catalán,3,0.0,0.0,
2013,al contestar al personal médico en la consulta,Edad,65 años o más,65,Más catalán que castellano,1,0.0,0.0,
2013,al contestar al personal médico en la consulta,Edad,65 años o más,65,Otras y no consta,5,0.0,0.0,
2013,al contestar al personal médico en la consulta,Edad,65 años o más,65,Solo castellano,4,0.0,0.0,
2013,al contestar al personal médico en la consulta,Edad,65 años o más,65,Solo catalán,0,0.0,0.0,
2013,al contestar al personal médico en la consulta,Edad,De 15 a 29 años,15,Igual catalán que castellano,2,0.0,0.0,
2013,al contestar al personal médico en la consulta,Edad,De 15 a 29 años,15,Más castellano que catalán,3,0.0,0.0,
2013,al contestar al personal médico en la consulta,Edad,De 15 a 29 años,15,Más catalán que castellano,1,0.0,0.0,
2013,al contestar al personal médico en la consulta,Edad,De 15 a 29 años,15,Otras y no consta,5,0.0,0.0,
2013,al contestar al personal médico en la consulta,Edad,De 15 a 29 años,15,Solo castellano,4,0.0,0.0,
2013,al contestar al personal médico en la consulta,Edad,De 15 a 29 años,15,Solo catalán,0,0.0,0.0,
2013,al contestar al personal médico en la consulta,Edad,De 30 a 44 años,30,Igual catalán que castellano,2,0.0,0.0,
2013,al contestar al personal médico en la consulta,Edad,De 30 a 44 años,30,Más castellano que catalán,3,0.0,0.0,
2013,al contestar al personal médico en la consulta,Edad,De 30 a 44 años,30,Más catalán que castellano,1,0.0,0.0,
2013,al contestar al personal médico en la consulta,Edad,De 30 a 44 años,30,Otras y no consta,5,0.0,0.0,
2013,al contestar al personal médico en la consulta,Edad,De 30 a 44 años,30,Solo castellano,4,0.0,0.0,
2013,al contestar al personal médico en la consulta,Edad,De 30 a 44 años,30,Solo catalán,0,0.0,0.0,
2013,al contestar al personal médico en la consulta,Edad,De 45 a 64 años,45,Igual catalán que castellano,2,0.0,0.0,
2013,al contestar al personal médico en la consulta,Edad,De 45 a 64 años,45,Más castellano que catalán,3,0.0,0.0,
2013,al contestar al personal médico en la consulta,Edad,De 45 a 64 años,45,Más catalán que castellano,1,0.0,0.0,
2013,al contestar al personal médico en la consulta,Edad,De 45 a 64 años,45,Otras y no consta,5,0.0,0.0,
2013,al contestar al personal médico en la consulta,Edad,De 45 a 64 años,45,Solo castellano,4,0.0,0.0,
2013,al contestar al personal médico en la consulta,Edad,De 45 a 64 años,45,Solo catalán,0,0.0,0.0,
2013,al contestar al personal médico en la consulta,Edad,total,99,Igual catalán que castellano,2,0.0,0.0,
2013,al contestar al personal médico en la consulta,Edad,total,99,Más castellano que catalán,3,0.0,0.0,
2013,al contestar al personal médico en la consulta,Edad,total,99,Más catalán que castellano,1,0.0,0.0,
2013,al contestar al personal médico en la consulta,Edad,total,99,Otras y no consta,5,0.0,0.0,
2013,al contestar al personal médico en la consulta,Edad,total,99,Solo castellano,4,0.0,0.0,
2013,al contestar al personal médico en la consulta,Edad,total,99,Solo catalán,0,0.0,0.0,
2013,al escribir mensajes de móvil,Edad,65 años o más,65,Igual catalán que castellano,2,0.0,0.0,
2013,al escribir mensajes de móvil,Edad,65 años o más,65,Más castellano que catalán,3,0.0,0.0,
2013,al escribir mensajes de móvil,Edad,65 años o más,65,Más catalán que castellano,1,0.0,0.0,
2013,al escribir mensajes de móvil,Edad,65 años o más,65,Otras y no consta,5,0.0,0.0,
2013,al escribir mensajes de móvil,Edad,65 años o más,65,Solo castellano,4,0.0,0.0,
2013,al escribir mensajes de móvil,Edad,65 años o más,65,Solo catalán,0,0.0,0.0,
2013,al escribir mensajes de móvil,Edad,De 15 a 29 años,15,Igual catalán que castellano,2,0.0,0.0,
2013,al escribir mensajes de móvil,Edad,De 15 a 29 años,15,Más castellano que catalán,3,0.0,0.0,
2013,al escribir mensajes de móvil,Edad,De 15 a 29 años,15,Más catalán que castellano,1,0.0,0.0,
2013,al escribir mensajes de móvil,Edad,De 15 a 29 años,15,Otras y no consta,5,0.0,0.0,
2013,al escribir mensajes de móvil,Edad,De 15 a 29 años,15,Solo castellano,4,0.0,0.0,
2013,al escribir mensajes de móvil,Edad,De 15 a 29 años,15,Solo catalán,0,0.0,0.0,
2013,al escribir mensajes de móvil,Edad,De 30 a 44 años,30,Igual catalán que castellano,2,0.0,0.0,
2013,al escribir mensajes de móvil,Edad,De 30 a 44 años,30,Más castellano que catalán,3,0.0,0.0,
2013,al escribir mensajes de móvil,Edad,De 30 a 44 años,30,Más catalán que castellano,1,0.0,0.0,
2013,al escribir mensajes de móvil,Edad,De 30 a 44 años,30,Otras y no consta,5,0.0,0.0,
2013,al escribir mensajes de móvil,Edad,De 30 a 44 años,30,Solo castellano,4,0.0,0.0,
2013,al escribir mensajes de móvil,Edad,De 30 a 44 años,30,Solo catalán,0,0.0,0.0,
2013,al escribir mensajes de móvil,Edad,De 45 a 64 años,45,Igual catalán que castellano,2,0.0,0.0,
2013,al escribir mensajes de móvil,Edad,De 45 a 64 años,45,Más castellano que catalán,3,0.0,0.0,
2013,al escribir mensajes de móvil,Edad,De 45 a 64 años,45,Más catalán que castellano,1,0.0,0.0,
2013,al escribir mensajes de móvil,Edad,De 45 a 64 años,45,Otras y no consta,5,0.0,0.0,
2013,al escribir mensajes de móvil,Edad,De 45 a 64 años,45,Solo castellano,4,0.0,0.0,
2013,al escribir mensajes de móvil,Edad,De 45 a 64 años,45,Solo catalán,0,0.0,0.0,
2013,al escribir mensajes de móvil,Edad,total,99,Igual catalán que castellano,2,0.0,0.0,
2013,al escribir mensajes de móvil,Edad,total,99,Más castellano que catalán,3,0.0,0.0,
2013,al escribir mensajes de móvil,Edad,total,99,Más catalán que castellano,1,0.0,0.0,
2013,al escribir mensajes de móvil,Edad,total,99,Otras y no consta,5,0.0,0.0,
2013,al escribir mensajes de móvil,Edad,total,99,Solo castellano,4,0.0,0.0,
2013,al escribir mensajes de móvil,Edad,total,99,Solo catalán,0,0.0,0.0,
2013,al hacer publicaciones en las redes sociales,Edad,65 años o más,65,Igual catalán que castellano,2,0.0,0.0,
2013,al hacer publicaciones en las redes sociales,Edad,65 años o más,65,Más castellano que catalán,3,0.0,0.0,
2013,al hacer publicaciones en las redes sociales,Edad,65 años o más,65,Más catalán que castellano,1,0.0,0.0,
2013,al hacer publicaciones en las redes sociales,Edad,65 años o más,65,Otras y no consta,5,0.0,0.0,
2013,al hacer publicaciones en las redes sociales,Edad,65 años o más,65,Solo castellano,4,0.0,0.0,
2013,al hacer publicaciones en las redes sociales,Edad,65 años o más,65,Solo catalán,0,0.0,0.0,
2013,al hacer publicaciones en las redes sociales,Edad,De 15 a 29 años,15,Igual catalán que castellano,2,0.0,0.0,
2013,al hacer publicaciones en las redes sociales,Edad,De 15 a 29 años,15,Más castellano que catalán,3,0.0,0.0,
2013,al hacer publicaciones en las redes sociales,Edad,De 15 a 29 años,15,Más catalán que castellano,1,0.0,0.0,
2013,al hacer publicaciones en las redes sociales,Edad,De 15 a 29 años,15,Otras y no consta,5,0.0,0.0,
2013,al hacer publicaciones en las redes sociales,Edad,De 15 a 29 años,15,Solo castellano,4,0.0,0.0,
2013,al hacer publicaciones en las redes sociales,Edad,De 15 a 29 años,15,Solo catalán,0,0.0,0.0,
2013,al hacer publicaciones en las redes sociales,Edad,De 30 a 44 años,30,Igual catalán que castellano,2,0.0,0.0,
2013,al hacer publicaciones en las redes sociales,Edad,De 30 a 44 años,30,Más castellano que catalán,3,0.0,0.0,
2013,al hacer publicaciones en las redes sociales,Edad,De 30 a 44 años,30,Más catalán que castellano,1,0.0,0.0,
2013,al hacer publicaciones en las redes sociales,Edad,De 30 a 44 años,30,Otras y no consta,5,0.0,0.0,
2013,al hacer publicaciones en las redes sociales,Edad,De 30 a 44 años,30,Solo castellano,4,0.0,0.0,
2013,al hacer publicaciones en las redes sociales,Edad,De 30 a 44 años,30,Solo catalán,0,0.0,0.0,
2013,al hacer publicaciones en las redes sociales,Edad,De 45 a 64 años,45,Igual catalán que castellano,2,0.0,0.0,
2013,al hacer publicaciones en las redes sociales,Edad,De 45 a 64 años,45,Más castellano que catalán,3,0.0,0.0,
2013,al hacer publicaciones en las redes sociales,Edad,De 45 a 64 años,45,Más catalán que castellano,1,0.0,0.0,
2013,al hacer publicaciones en las redes sociales,Edad,De 45 a 64 años,45,Otras y no consta,5,0.0,0.0,
2013,al hacer publicaciones en las redes sociales,Edad,De 45 a 64 años,45,Solo castellano,4,0.0,0.0,
2013,al hacer publicaciones en las redes sociales,Edad,De 45 a 64 años,45,Solo catalán,0,0.0,0.0,
2013,al hacer publicaciones en las redes sociales,Edad,total,99,Igual catalán que castellano,2,0.0,0.0,
2013,al hacer publicaciones en las redes sociales,Edad,total,99,Más castellano que catalán,3,0.0,0.0,
2013,al hacer publicaciones en las redes sociales,Edad,total,99,Más catalán que castellano,1,0.0,0.0,
2013,al hacer publicaciones en las redes sociales,Edad,total,99,Otras y no consta,5,0.0,0.0,
2013,al hacer publicaciones en las redes sociales,Edad,total,99,Solo castellano,4,0.0,0.0,
2013,al hacer publicaciones en las redes sociales,Edad,total,99,Solo catalán,0,0.0,0.0,
2013,con el personal de un restaurante o bar,Edad,65 años o más,65,Igual catalán que castellano,2,0.0,0.0,
2013,con el personal de un restaurante o bar,Edad,65 años o más,65,Más castellano que catalán,3,0.0,0.0,
2013,con el personal de un restaurante o bar,Edad,65 años o más,65,Más catalán que castellano,1,0.0,0.0,
2013,con el personal de un restaurante o bar,Edad,65 años o más,65,Otras y no consta,5,0.0,0.0,
2013,con el personal de un restaurante o bar,Edad,65 años o más,65,Solo castellano,4,0.0,0.0,
2013,con el personal de un restaurante o bar,Edad,65 años o más,65,Solo catalán,0,0.0,0.0,
2013,con el personal de un restaurante o bar,Edad,De 15 a 29 años,15,Igual catalán que castellano,2,0.0,0.0,
2013,con el personal de un restaurante o bar,Edad,De 15 a 29 años,15,Más castellano que catalán,3,0.0,0.0,
2013,con el personal de un restaurante o bar,Edad,De 15 a 29 años,15,Más catalán que castellano,1,0.0,0.0,
2013,con el personal de un restaurante o bar,Edad,De 15 a 29 años,15,Otras y no consta,5,0.0,0.0,
2013,con el personal de un restaurante o bar,Edad,De 15 a 29 años,15,Solo castellano,4,0.0,0.0,
2013,con el personal de un restaurante o bar,Edad,De 15 a 29 años,15,Solo catalán,0,0.0,0.0,
2013,con el personal de un restaurante o bar,Edad,De 30 a 44 años,30,Igual catalán que castellano,2,0.0,0.0,
2013,con el personal de un restaurante o bar,Edad,De 30 a 44 años,30,Más castellano que catalán,3,0.0,0.0,
2013,con el personal de un restaurante o bar,Edad,De 30 a 44 años,30,Más catalán que castellano,1,0.0,0.0,
2013,con el personal de un restaurante o bar,Edad,De 30 a 44 años,30,Otras y no consta,5,0.0,0.0,
2013,con el personal de un restaurante o bar,Edad,De 30 a 44 años,30,Solo castellano,4,0.0,0.0,
2013,con el personal de un restaurante o bar,Edad,De 30 a 44 años,30,Solo catalán,0,0.0,0.0,
2013,con el personal de un restaurante o bar,Edad,De 45 a 64 años,45,Igual catalán que castellano,2,0.0,0.0,
2013,con el personal de un restaurante o bar,Edad,De 45 a 64 años,45,Más castellano que catalán,3,0.0,0.0,
2013,con el personal de un restaurante o bar,Edad,De 45 a 64 años,45,Más catalán que castellano,1,0.0,0.0,
2013,con el personal de un restaurante o bar,Edad,De 45 a 64 años,45,Otras y no consta,5,0.0,0.0,
2013,con el personal de un restaurante o bar,Edad,De 45 a 64 años,45,Solo castellano,4,0.0,0.0,
2013,con el personal de un restaurante o bar,Edad,De 45 a 64 años,45,Solo catalán,0,0.0,0.0,
2013,con el personal de un restaurante o bar,Edad,total,99,Igual catalán que castellano,2,0.0,0.0,
2013,con el personal de un restaurante o bar,Edad,total,99,Más castellano que catalán,3,0.0,0.0,
2013,con el personal de un restaurante o bar,Edad,total,99,Más catalán que castellano,1,0.0,0.0,
2013,con el personal de un restaurante o bar,Edad,total,99,Otras y no consta,5,0.0,0.0,
2013,con el personal de un restaurante o bar,Edad,total,99,Solo castellano,4,0.0,0.0,
2013,con el personal de un restaurante o bar,Edad,total,99,Solo catalán,0,0.0,0.0,
2013,con el personal médico,Edad,65 años o más,65,Igual catalán que castellano,2,101.8,1338.4,7.606096832038253
2013,con el personal médico,Edad,65 años o más,65,Más castellano que catalán,3,41.2,1338.4,3.0783024506873877
2013,con el personal médico,Edad,65 años o más,65,Más catalán que castellano,1,128.4,1338.4,9.593544530783024
2013,con el personal médico,Edad,65 años o más,65,Otras y no consta,5,0.0,1338.4,0.0
2013,con el personal médico,Edad,65 años o más,65,Solo castellano,4,608.1,1338.4,45.434847579199044
2013,con el personal médico,Edad,65 años o más,65,Solo catalán,0,439.6,1338.4,32.84518828451883
2013,con el personal médico,Edad,De 15 a 29 años,15,Igual catalán que castellano,2,181.6,1126.7,16.117866335315522
2013,con el personal médico,Edad,De 15 a 29 años,15,Más castellano que catalán,3,92.6,1126.7,8.218691754681814
2013,con el personal médico,Edad,De 15 a 29 años,15,Más catalán que castellano,1,162.4,1126.7,14.413774740392297
2013,con el personal médico,Edad,De 15 a 29 años,15,Otras y no consta,5,0.0,1126.7,0.0
2013,con el personal médico,Edad,De 15 a 29 años,15,Solo castellano,4,362.6,1126.7,32.1824798082897
2013,con el personal médico,Edad,De 15 a 29 años,15,Solo catalán,0,310.1,1126.7,27.5228543534215
2013,con el personal médico,Edad,De 30 a 44 años,30,Igual catalán que castellano,2,247.3,1863.6,13.27001502468341
2013,con el personal médico,Edad,De 30 a 44 años,30,Más castellano que catalán,3,184.7,1863.6,9.910925091221293
2013,con el personal médico,Edad,De 30 a 44 años,30,Más catalán que castellano,1,247.0,1863.6,13.25391714960292
2013,con el personal médico,Edad,De 30 a 44 años,30,Otras y no consta,5,20.4,1863.6,1.0946555054732776
2013,con el personal médico,Edad,De 30 a 44 años,30,Solo castellano,4,711.9,1863.6,38.20025756600129
2013,con el personal médico,Edad,De 30 a 44 años,30,Solo catalán,0,445.5,1863.6,23.905344494526723
2013,con el personal médico,Edad,De 45 a 64 años,45,Igual catalán que castellano,2,222.4,1925.2,11.552046540619157
2013,con el personal médico,Edad,De 45 a 64 años,45,Más castellano que catalán,3,128.1,1925.2,6.653854145023893
2013,con el personal médico,Edad,De 45 a 64 años,45,Más catalán que castellano,1,240.9,1925.2,12.512985663827134
2013,con el personal médico,Edad,De 45 a 64 años,45,Otras y no consta,5,0.0,1925.2,0.0
2013,con el personal médico,Edad,De 45 a 64 años,45,Solo castellano,4,769.0,1925.2,39.943901932266776
2013,con el personal médico,Edad,De 45 a 64 años,45,Solo catalán,0,543.1,1925.2,28.21005609806773
2013,con el personal médico,Edad,total,99,Igual catalán que castellano,2,753.1,6253.8,12.042278294796764
2013,con el personal médico,Edad,total,99,Más castellano que catalán,3,446.5,6253.8,7.139659087274937
2013,con el personal médico,Edad,total,99,Más catalán que castellano,1,778.7,6253.8,12.451629409319134
2013,con el personal médico,Edad,total,99,Otras y no consta,5,84.6,6253.8,1.352777511273146
2013,con el personal médico,Edad,total,99,Solo castellano,4,2451.6,6253.8,39.201765326681375
2013,con el personal médico,Edad,total,99,Solo catalán,0,1738.4,6253.8,27.797499120534713
2013,con la Administración de la Generalitat de Catalunya,Edad,65 años o más,65,Igual catalán que castellano,2,58.4,1338.4,4.363419007770472
2013,con la Administración de la Generalitat de Catalunya,Edad,65 años o más,65,Más castellano que catalán,3,42.0,1338.4,3.1380753138075312
2013,con la Administración de la Generalitat de Catalunya,Edad,65 años o más,65,Más catalán que castellano,1,65.5,1338.4,4.893903167961746
2013,con la Administración de la Generalitat de Catalunya,Edad,65 años o más,65,Otras y no consta,5,228.8,1338.4,17.09503885236103
2013,con la Administración de la Generalitat de Catalunya,Edad,65 años o más,65,Solo castellano,4,467.9,1338.4,34.9596533173939
2013,con la Administración de la Generalitat de Catalunya,Edad,65 años o más,65,Solo catalán,0,471.7,1338.4,35.24357441721458
2013,con la Administración de la Generalitat de Catalunya,Edad,De 15 a 29 años,15,Igual catalán que castellano,2,102.8,1126.7,9.123990414484778
2013,con la Administración de la Generalitat de Catalunya,Edad,De 15 a 29 años,15,Más castellano que catalán,3,80.6,1126.7,7.153634507854796
2013,con la Administración de la Generalitat de Catalunya,Edad,De 15 a 29 años,15,Más catalán que castellano,1,112.3,1126.7,9.967160734889498
2013,con la Administración de la Generalitat de Catalunya,Edad,De 15 a 29 años,15,Otras y no consta,5,172.1,1126.7,15.274696014910798
2013,con la Administración de la Generalitat de Catalunya,Edad,De 15 a 29 años,15,Solo castellano,4,223.2,1126.7,19.810064790982512
2013,con la Administración de la Generalitat de Catalunya,Edad,De 15 a 29 años,15,Solo catalán,0,432.4,1126.7,38.37756279400018
2013,con la Administración de la Generalitat de Catalunya,Edad,De 30 a 44 años,30,Igual catalán que castellano,2,144.0,1863.6,7.726980038634901
2013,con la Administración de la Generalitat de Catalunya,Edad,De 30 a 44 años,30,Más castellano que catalán,3,164.4,1863.6,8.821635544108178
2013,con la Administración de la Generalitat de Catalunya,Edad,De 30 a 44 años,30,Más catalán que castellano,1,206.3,1863.6,11.069972097016528
2013,con la Administración de la Generalitat de Catalunya,Edad,De 30 a 44 años,30,Otras y no consta,5,115.6,1863.6,6.203047864348573
2013,con la Administración de la Generalitat de Catalunya,Edad,De 30 a 44 años,30,Solo castellano,4,546.0,1863.6,29.298132646490664
2013,con la Administración de la Generalitat de Catalunya,Edad,De 30 a 44 años,30,Solo catalán,0,685.2,1863.6,36.767546683837736
2013,con la Administración de la Generalitat de Catalunya,Edad,De 45 a 64 años,45,Igual catalán que castellano,2,119.5,1925.2,6.207147309370455
2013,con la Administración de la Generalitat de Catalunya,Edad,De 45 a 64 años,45,Más castellano que catalán,3,107.2,1925.2,5.56825264907542
2013,con la Administración de la Generalitat de Catalunya,Edad,De 45 a 64 años,45,Más catalán que castellano,1,160.3,1925.2,8.326407645958863
2013,con la Administración de la Generalitat de Catalunya,Edad,De 45 a 64 años,45,Otras y no consta,5,151.7,1925.2,7.879700810305422
2013,con la Administración de la Generalitat de Catalunya,Edad,De 45 a 64 años,45,Solo castellano,4,629.2,1925.2,32.682318720132976
2013,con la Administración de la Generalitat de Catalunya,Edad,De 45 a 64 años,45,Solo catalán,0,756.4,1925.2,39.28942447537918
2013,con la Administración de la Generalitat de Catalunya,Edad,total,99,Igual catalán que castellano,2,424.8,6253.8,6.7926700566055835
2013,con la Administración de la Generalitat de Catalunya,Edad,total,99,Más castellano que catalán,3,394.1,6253.8,6.30176852473696
2013,con la Administración de la Generalitat de Catalunya,Edad,total,99,Más catalán que castellano,1,544.4,6253.8,8.705107294764783
2013,con la Administración de la Generalitat de Catalunya,Edad,total,99,Otras y no consta,5,668.2,6253.8,10.68470370015031
2013,con la Administración de la Generalitat de Catalunya,Edad,total,99,Solo castellano,4,1866.3,6253.8,29.842655665355462
2013,con la Administración de la Generalitat de Catalunya,Edad,total,99,Solo catalán,0,2345.7,6253.8,37.50839489590329
2013,con la Administración del Estado en Cataluña,Edad,65 años o más,65,Igual catalán que castellano,2,110.4,1338.4,8.248655110579797
2013,con la Administración del Estado en Cataluña,Edad,65 años o más,65,Más castellano que catalán,3,73.4,1338.4,5.484160191273162
2013,con la Administración del Estado en Cataluña,Edad,65 años o más,65,Más catalán que castellano,1,146.2,1338.4,10.923490735206215
2013,con la Administración del Estado en Cataluña,Edad,65 años o más,65,Otras y no consta,5,146.4,1338.4,10.938433950986253
2013,con la Administración del Estado en Cataluña,Edad,65 años o más,65,Solo castellano,4,565.3,1338.4,42.236999402271366
2013,con la Administración del Estado en Cataluña,Edad,65 años o más,65,Solo catalán,0,292.9,1338.4,21.884339509862517
2013,con la Administración del Estado en Cataluña,Edad,De 15 a 29 años,15,Igual catalán que castellano,2,153.1,1126.7,13.588355374101358
2013,con la Administración del Estado en Cataluña,Edad,De 15 a 29 años,15,Más castellano que catalán,3,123.3,1126.7,10.943463211147598
2013,con la Administración del Estado en Cataluña,Edad,De 15 a 29 años,15,Más catalán que castellano,1,130.7,1126.7,11.600248513357592
2013,con la Administración del Estado en Cataluña,Edad,De 15 a 29 años,15,Otras y no consta,5,109.1,1126.7,9.683145469068961
2013,con la Administración del Estado en Cataluña,Edad,De 15 a 29 años,15,Solo castellano,4,310.3,1126.7,27.54060530753528
2013,con la Administración del Estado en Cataluña,Edad,De 15 a 29 años,15,Solo catalán,0,296.2,1126.7,26.28916304251353
2013,con la Administración del Estado en Cataluña,Edad,De 30 a 44 años,30,Igual catalán que castellano,2,217.9,1863.6,11.69242326679545
2013,con la Administración del Estado en Cataluña,Edad,De 30 a 44 años,30,Más castellano que catalán,3,240.2,1863.6,12.889031981111826
2013,con la Administración del Estado en Cataluña,Edad,De 30 a 44 años,30,Más catalán que castellano,1,278.6,1863.6,14.949559991414468
2013,con la Administración del Estado en Cataluña,Edad,De 30 a 44 años,30,Otras y no consta,5,55.7,1863.6,2.988838806610861
2013,con la Administración del Estado en Cataluña,Edad,De 30 a 44 años,30,Solo castellano,4,689.9,1863.6,37.019746726765405
2013,con la Administración del Estado en Cataluña,Edad,De 30 a 44 años,30,Solo catalán,0,377.8,1863.6,20.272590684696286
2013,con la Administración del Estado en Cataluña,Edad,De 45 a 64 años,45,Igual catalán que castellano,2,203.5,1925.2,10.570330355287762
2013,con la Administración del Estado en Cataluña,Edad,De 45 a 64 años,45,Más castellano que catalán,3,188.3,1925.2,9.780801994597963
2013,con la Administración del Estado en Cataluña,Edad,De 45 a 64 años,45,Más catalán que castellano,1,257.2,1925.2,13.359650945356325
2013,con la Administración del Estado en Cataluña,Edad,De 45 a 64 años,45,Otras y no consta,5,61.0,1925.2,3.1685019738209017
2013,con la Administración del Estado en Cataluña,Edad,De 45 a 64 años,45,Solo castellano,4,778.0,1925.2,40.411385830043635
2013,con la Administración del Estado en Cataluña,Edad,De 45 a 64 años,45,Solo catalán,0,437.1,1925.2,22.70413463536256
2013,con la Administración del Estado en Cataluña,Edad,total,99,Igual catalán que castellano,2,684.8,6253.8,10.950142313473407
2013,con la Administración del Estado en Cataluña,Edad,total,99,Más castellano que catalán,3,625.2,6253.8,9.997121749976015
2013,con la Administración del Estado en Cataluña,Edad,total,99,Más catalán que castellano,1,812.7,6253.8,12.995298858294158
2013,con la Administración del Estado en Cataluña,Edad,total,99,Otras y no consta,5,372.2,6253.8,5.9515814384854
2013,con la Administración del Estado en Cataluña,Edad,total,99,Solo castellano,4,2343.4,6253.8,37.47161725670792
2013,con la Administración del Estado en Cataluña,Edad,total,99,Solo catalán,0,1403.9,6253.8,22.44875115929515
2013,con la Administración local,Edad,65 años o más,65,Igual catalán que castellano,2,75.0,1338.4,5.603705917513448
2013,con la Administración local,Edad,65 años o más,65,Más castellano que catalán,3,48.3,1338.4,3.608786610878661
2013,con la Administración local,Edad,65 años o más,65,Más catalán que castellano,1,91.6,1338.4,6.843992827256424
2013,con la Administración local,Edad,65 años o más,65,Otras y no consta,5,127.89999999999999,1338.4,9.556186491332934
2013,con la Administración local,Edad,65 años o más,65,Solo castellano,4,510.0,1338.4,38.10520023909145
2013,con la Administración local,Edad,65 años o más,65,Solo catalán,0,483.5,1338.4,36.1252241482367
2013,con la Administración local,Edad,De 15 a 29 años,15,Igual catalán que castellano,2,122.3,1126.7,10.854708440578682
2013,con la Administración local,Edad,De 15 a 29 años,15,Más castellano que catalán,3,86.8,1126.7,7.703914085382088
2013,con la Administración local,Edad,De 15 a 29 años,15,Más catalán que castellano,1,130.2,1126.7,11.555871128073132
2013,con la Administración local,Edad,De 15 a 29 años,15,Otras y no consta,5,113.10000000000001,1126.7,10.038164551344634
2013,con la Administración local,Edad,De 15 a 29 años,15,Solo castellano,4,235.2,1126.7,20.87512203780953
2013,con la Administración local,Edad,De 15 a 29 años,15,Solo catalán,0,436.5,1126.7,38.74145735333274
2013,con la Administración local,Edad,De 30 a 44 años,30,Igual catalán que castellano,2,162.0,1863.6,8.692852543464264
2013,con la Administración local,Edad,De 30 a 44 años,30,Más castellano que catalán,3,166.2,1863.6,8.918222794591115
2013,con la Administración local,Edad,De 30 a 44 años,30,Más catalán que castellano,1,238.4,1863.6,12.79244473062889
2013,con la Administración local,Edad,De 30 a 44 años,30,Otras y no consta,5,37.400000000000006,1863.6,2.006868426701009
2013,con la Administración local,Edad,De 30 a 44 años,30,Solo castellano,4,587.5,1863.6,31.525005365958364
2013,con la Administración local,Edad,De 30 a 44 años,30,Solo catalán,0,668.8,1863.6,35.88752951277098
2013,con la Administración local,Edad,De 45 a 64 años,45,Igual catalán que castellano,2,135.0,1925.2,7.012258466652815
2013,con la Administración local,Edad,De 45 a 64 años,45,Más castellano que catalán,3,115.4,1925.2,5.994182422605443
2013,con la Administración local,Edad,De 45 a 64 años,45,Más catalán que castellano,1,192.3,1925.2,9.98857261583212
2013,con la Administración local,Edad,De 45 a 64 años,45,Otras y no consta,5,45.1,1925.2,2.342613754415126
2013,con la Administración local,Edad,De 45 a 64 años,45,Solo castellano,4,679.5,1925.2,35.29503428215251
2013,con la Administración local,Edad,De 45 a 64 años,45,Solo catalán,0,756.1,1925.2,39.27384167878662
2013,con la Administración local,Edad,total,99,Igual catalán que castellano,2,494.3,6253.8,7.903994371422176
2013,con la Administración local,Edad,total,99,Más castellano que catalán,3,416.7,6253.8,6.663148805526239
2013,con la Administración local,Edad,total,99,Más catalán que castellano,1,652.6,6253.8,10.43525536473824
2013,con la Administración local,Edad,total,99,Otras y no consta,5,333.3,6253.8,5.32955962774633
2013,con la Administración local,Edad,total,99,Solo castellano,4,2012.1,6253.8,32.17403818478365
2013,con la Administración local,Edad,total,99,Solo catalán,0,2344.8,6253.8,37.494003645783366
2013,con la policía local o Mossos d'Esquadra,Edad,65 años o más,65,Igual catalán que castellano,2,0.0,0.0,
2013,con la policía local o Mossos d'Esquadra,Edad,65 años o más,65,Más castellano que catalán,3,0.0,0.0,
2013,con la policía local o Mossos d'Esquadra,Edad,65 años o más,65,Más catalán que castellano,1,0.0,0.0,
2013,con la policía local o Mossos d'Esquadra,Edad,65 años o más,65,Otras y no consta,5,0.0,0.0,
2013,con la policía local o Mossos d'Esquadra,Edad,65 años o más,65,Solo castellano,4,0.0,0.0,
2013,con la policía local o Mossos d'Esquadra,Edad,65 años o más,65,Solo catalán,0,0.0,0.0,
2013,con la policía local o Mossos d'Esquadra,Edad,De 15 a 29 años,15,Igual catalán que castellano,2,0.0,0.0,
2013,con la policía local o Mossos d'Esquadra,Edad,De 15 a 29 años,15,Más castellano que catalán,3,0.0,0.0,
2013,con la policía local o Mossos d'Esquadra,Edad,De 15 a 29 años,15,Más catalán que castellano,1,0.0,0.0,
2013,con la policía local o Mossos d'Esquadra,Edad,De 15 a 29 años,15,Otras y no consta,5,0.0,0.0,
2013,con la policía local o Mossos d'Esquadra,Edad,De 15 a 29 años,15,Solo castellano,4,0.0,0.0,
2013,con la policía local o Mossos d'Esquadra,Edad,De 15 a 29 años,15,Solo catalán,0,0.0,0.0,
2013,con la policía local o Mossos d'Esquadra,Edad,De 30 a 44 años,30,Igual catalán que castellano,2,0.0,0.0,
2013,con la policía local o Mossos d'Esquadra,Edad,De 30 a 44 años,30,Más castellano que catalán,3,0.0,0.0,
2013,con la policía local o Mossos d'Esquadra,Edad,De 30 a 44 años,30,Más catalán que castellano,1,0.0,0.0,
2013,con la policía local o Mossos d'Esquadra,Edad,De 30 a 44 años,30,Otras y no consta,5,0.0,0.0,
2013,con la policía local o Mossos d'Esquadra,Edad,De 30 a 44 años,30,Solo castellano,4,0.0,0.0,
2013,con la policía local o Mossos d'Esquadra,Edad,De 30 a 44 años,30,Solo catalán,0,0.0,0.0,
2013,con la policía local o Mossos d'Esquadra,Edad,De 45 a 64 años,45,Igual catalán que castellano,2,0.0,0.0,
2013,con la policía local o Mossos d'Esquadra,Edad,De 45 a 64 años,45,Más castellano que catalán,3,0.0,0.0,
2013,con la policía local o Mossos d'Esquadra,Edad,De 45 a 64 años,45,Más catalán que castellano,1,0.0,0.0,
2013,con la policía local o Mossos d'Esquadra,Edad,De 45 a 64 años,45,Otras y no consta,5,0.0,0.0,
2013,con la policía local o Mossos d'Esquadra,Edad,De 45 a 64 años,45,Solo castellano,4,0.0,0.0,
2013,con la policía local o Mossos d'Esquadra,Edad,De 45 a 64 años,45,Solo catalán,0,0.0,0.0,
2013,con la policía local o Mossos d'Esquadra,Edad,total,99,Igual catalán que castellano,2,0.0,0.0,
2013,con la policía local o Mossos d'Esquadra,Edad,total,99,Más castellano que catalán,3,0.0,0.0,
2013,con la policía local o Mossos d'Esquadra,Edad,total,99,Más catalán que castellano,1,0.0,0.0,
2013,con la policía local o Mossos d'Esquadra,Edad,total,99,Otras y no consta,5,0.0,0.0,
2013,con la policía local o Mossos d'Esquadra,Edad,total,99,Solo castellano,4,0.0,0.0,
2013,con la policía local o Mossos d'Esquadra,Edad,total,99,Solo catalán,0,0.0,0.0,
2013,con los amigos,Edad,65 años o más,65,Igual catalán que castellano,2,145.7,1338.4,10.886132695756125
2013,con los amigos,Edad,65 años o más,65,Más castellano que catalán,3,83.5,1338.4,6.238792588164973
2013,con los amigos,Edad,65 años o más,65,Más catalán que castellano,1,211.9,1338.4,15.832337118947997
2013,con los amigos,Edad,65 años o más,65,Otras y no consta,5,33.7,1338.4,2.517931858936043
2013,con los amigos,Edad,65 años o más,65,Solo castellano,4,555.1,1338.4,41.47489539748953
2013,con los amigos,Edad,65 años o más,65,Solo catalán,0,300.5,1338.4,22.452181709503886
2013,con los amigos,Edad,De 15 a 29 años,15,Igual catalán que castellano,2,187.4,1126.7,16.632644004615248
2013,con los amigos,Edad,De 15 a 29 años,15,Más castellano que catalán,3,199.3,1126.7,17.68882577438537
2013,con los amigos,Edad,De 15 a 29 años,15,Más catalán que castellano,1,202.4,1126.7,17.96396556314902
2013,con los amigos,Edad,De 15 a 29 años,15,Otras y no consta,5,123.5,1126.7,10.961214165261381
2013,con los amigos,Edad,De 15 a 29 años,15,Solo castellano,4,261.0,1126.7,23.164995118487617
2013,con los amigos,Edad,De 15 a 29 años,15,Solo catalán,0,144.2,1126.7,12.798437916037987
2013,con los amigos,Edad,De 30 a 44 años,30,Igual catalán que castellano,2,344.8,1863.6,18.501824425842457
2013,con los amigos,Edad,De 30 a 44 años,30,Más castellano que catalán,3,308.0,1863.6,16.527151749302426
2013,con los amigos,Edad,De 30 a 44 años,30,Más catalán que castellano,1,240.2,1863.6,12.889031981111826
2013,con los amigos,Edad,De 30 a 44 años,30,Otras y no consta,5,270.8,1863.6,14.531015239321743
2013,con los amigos,Edad,De 30 a 44 años,30,Solo castellano,4,477.8,1863.6,25.638549044859417
2013,con los amigos,Edad,De 30 a 44 años,30,Solo catalán,0,209.6,1863.6,11.24704872290191
2013,con los amigos,Edad,De 45 a 64 años,45,Igual catalán que castellano,2,304.9,1925.2,15.837315603573654
2013,con los amigos,Edad,De 45 a 64 años,45,Más castellano que catalán,3,228.0,1925.2,11.842925410346977
2013,con los amigos,Edad,De 45 a 64 años,45,Más catalán que castellano,1,337.0,1925.2,17.504674838977767
2013,con los amigos,Edad,De 45 a 64 años,45,Otras y no consta,5,135.7,1925.2,7.048618325368793
2013,con los amigos,Edad,De 45 a 64 años,45,Solo castellano,4,623.8,1925.2,32.401828381466856
2013,con los amigos,Edad,De 45 a 64 años,45,Solo catalán,0,285.3,1925.2,14.819239559526284
2013,con los amigos,Edad,total,99,Igual catalán que castellano,2,982.8,6253.8,15.715245130960376
2013,con los amigos,Edad,total,99,Más castellano que catalán,3,818.8,6253.8,13.092839553551439
2013,con los amigos,Edad,total,99,Más catalán que castellano,1,991.4,6253.8,15.852761520995234
2013,con los amigos,Edad,total,99,Otras y no consta,5,603.5,6253.8,9.650132719306661
2013,con los amigos,Edad,total,99,Solo castellano,4,1917.6,6253.8,30.662956922191302
2013,con los amigos,Edad,total,99,Solo catalán,0,939.6,6253.8,15.024465125203875
2013,con los compañeros de deporte,Edad,65 años o más,65,Igual catalán que castellano,2,0.0,0.0,
2013,con los compañeros de deporte,Edad,65 años o más,65,Más castellano que catalán,3,0.0,0.0,
2013,con los compañeros de deporte,Edad,65 años o más,65,Más catalán que castellano,1,0.0,0.0,
2013,con los compañeros de deporte,Edad,65 años o más,65,Otras y no consta,5,0.0,0.0,
2013,con los compañeros de deporte,Edad,65 años o más,65,Solo castellano,4,0.0,0.0,
2013,con los compañeros de deporte,Edad,65 años o más,65,Solo catalán,0,0.0,0.0,
2013,con los compañeros de deporte,Edad,De 15 a 29 años,15,Igual catalán que castellano,2,0.0,0.0,
2013,con los compañeros de deporte,Edad,De 15 a 29 años,15,Más castellano que catalán,3,0.0,0.0,
2013,con los compañeros de deporte,Edad,De 15 a 29 años,15,Más catalán que castellano,1,0.0,0.0,
2013,con los compañeros de deporte,Edad,De 15 a 29 años,15,Otras y no consta,5,0.0,0.0,
2013,con los compañeros de deporte,Edad,De 15 a 29 años,15,Solo castellano,4,0.0,0.0,
2013,con los compañeros de deporte,Edad,De 15 a 29 años,15,Solo catalán,0,0.0,0.0,
2013,con los compañeros de deporte,Edad,De 30 a 44 años,30,Igual catalán que castellano,2,0.0,0.0,
2013,con los compañeros de deporte,Edad,De 30 a 44 años,30,Más castellano que catalán,3,0.0,0.0,
2013,con los compañeros de deporte,Edad,De 30 a 44 años,30,Más catalán que castellano,1,0.0,0.0,
2013,con los compañeros de deporte,Edad,De 30 a 44 años,30,Otras y no consta,5,0.0,0.0,
2013,con los compañeros de deporte,Edad,De 30 a 44 años,30,Solo castellano,4,0.0,0.0,
2013,con los compañeros de deporte,Edad,De 30 a 44 años,30,Solo catalán,0,0.0,0.0,
2013,con los compañeros de deporte,Edad,De 45 a 64 años,45,Igual catalán que castellano,2,0.0,0.0,
2013,con los compañeros de deporte,Edad,De 45 a 64 años,45,Más castellano que catalán,3,0.0,0.0,
2013,con los compañeros de deporte,Edad,De 45 a 64 años,45,Más catalán que castellano,1,0.0,0.0,
2013,con los compañeros de deporte,Edad,De 45 a 64 años,45,Otras y no consta,5,0.0,0.0,
2013,con los compañeros de deporte,Edad,De 45 a 64 años,45,Solo castellano,4,0.0,0.0,
2013,con los compañeros de deporte,Edad,De 45 a 64 años,45,Solo catalán,0,0.0,0.0,
2013,con los compañeros de deporte,Edad,total,99,Igual catalán que castellano,2,0.0,0.0,
2013,con los compañeros de deporte,Edad,total,99,Más castellano que catalán,3,0.0,0.0,
2013,con los compañeros de deporte,Edad,total,99,Más catalán que castellano,1,0.0,0.0,
2013,con los compañeros de deporte,Edad,total,99,Otras y no consta,5,0.0,0.0,
2013,con los compañeros de deporte,Edad,total,99,Solo castellano,4,0.0,0.0,
2013,con los compañeros de deporte,Edad,total,99,Solo catalán,0,0.0,0.0,
2013,con los compañeros de estudio,Edad,65 años o más,65,Igual catalán que castellano,2,0.0,54.9,0.0
2013,con los compañeros de estudio,Edad,65 años o más,65,Más castellano que catalán,3,0.0,54.9,0.0
2013,con los compañeros de estudio,Edad,65 años o más,65,Más catalán que castellano,1,0.0,54.9,0.0
2013,con los compañeros de estudio,Edad,65 años o más,65,Otras y no consta,5,0.0,54.9,0.0
2013,con los compañeros de estudio,Edad,65 años o más,65,Solo castellano,4,0.0,54.9,0.0
2013,con los compañeros de estudio,Edad,65 años o más,65,Solo catalán,0,16.2,54.9,29.508196721311474
2013,con los compañeros de estudio,Edad,De 15 a 29 años,15,Igual catalán que castellano,2,121.3,636.7,19.05135856761426
2013,con los compañeros de estudio,Edad,De 15 a 29 años,15,Más castellano que catalán,3,120.0,636.7,18.847180775875607
2013,con los compañeros de estudio,Edad,De 15 a 29 años,15,Más catalán que castellano,1,146.3,636.7,22.977854562588345
2013,con los compañeros de estudio,Edad,De 15 a 29 años,15,Otras y no consta,5,17.4,636.7,2.732841212501963
2013,con los compañeros de estudio,Edad,De 15 a 29 años,15,Solo castellano,4,100.0,636.7,15.70598397989634
2013,con los compañeros de estudio,Edad,De 15 a 29 años,15,Solo catalán,0,115.5,636.7,18.140411496780274
2013,con los compañeros de estudio,Edad,De 30 a 44 años,30,Igual catalán que castellano,2,48.8,257.8,18.929402637703642
2013,con los compañeros de estudio,Edad,De 30 a 44 años,30,Más castellano que catalán,3,24.4,257.8,9.464701318851821
2013,con los compañeros de estudio,Edad,De 30 a 44 años,30,Más catalán que castellano,1,43.3,257.8,16.795965865011635
2013,con los compañeros de estudio,Edad,De 30 a 44 años,30,Otras y no consta,5,0.0,257.8,0.0
2013,con los compañeros de estudio,Edad,De 30 a 44 años,30,Solo castellano,4,51.7,257.8,20.054305663304888
2013,con los compañeros de estudio,Edad,De 30 a 44 años,30,Solo catalán,0,56.1,257.8,21.761055081458494
2013,con los compañeros de estudio,Edad,De 45 a 64 años,45,Igual catalán que castellano,2,0.0,154.3,0.0
2013,con los compañeros de estudio,Edad,De 45 a 64 años,45,Más castellano que catalán,3,0.0,154.3,0.0
2013,con los compañeros de estudio,Edad,De 45 a 64 años,45,Más catalán que castellano,1,40.9,154.3,26.50680492546986
2013,con los compañeros de estudio,Edad,De 45 a 64 años,45,Otras y no consta,5,0.0,154.3,0.0
2013,con los compañeros de estudio,Edad,De 45 a 64 años,45,Solo castellano,4,26.7,154.3,17.30395333765392
2013,con los compañeros de estudio,Edad,De 45 a 64 años,45,Solo catalán,0,38.8,154.3,25.14581983149708
2013,con los compañeros de estudio,Edad,total,99,Igual catalán que castellano,2,192.5,1103.8,17.43975357854684
2013,con los compañeros de estudio,Edad,total,99,Más castellano que catalán,3,156.6,1103.8,14.18735278130096
2013,con los compañeros de estudio,Edad,total,99,Más catalán que castellano,1,247.3,1103.8,22.404421090777316
2013,con los compañeros de estudio,Edad,total,99,Otras y no consta,5,86.6,1103.8,7.845624207283929
2013,con los compañeros de estudio,Edad,total,99,Solo castellano,4,183.1,1103.8,16.588150027178834
2013,con los compañeros de estudio,Edad,total,99,Solo catalán,0,226.6,1103.8,20.529081355317995
2013,con los compañeros de trabajo,Edad,65 años o más,65,Igual catalán que castellano,2,0.0,66.7,0.0
2013,con los compañeros de trabajo,Edad,65 años o más,65,Más castellano que catalán,3,0.0,66.7,0.0
2013,con los compañeros de trabajo,Edad,65 años o más,65,Más catalán que castellano,1,0.0,66.7,0.0
2013,con los compañeros de trabajo,Edad,65 años o más,65,Otras y no consta,5,0.0,66.7,0.0
2013,con los compañeros de trabajo,Edad,65 años o más,65,Solo castellano,4,22.6,66.7,33.883058470764624
2013,con los compañeros de trabajo,Edad,65 años o más,65,Solo catalán,0,10.5,66.7,15.742128935532232
2013,con los compañeros de trabajo,Edad,De 15 a 29 años,15,Igual catalán que castellano,2,62.6,381.4,16.413214472994234
2013,con los compañeros de trabajo,Edad,De 15 a 29 años,15,Más castellano que catalán,3,66.5,381.4,17.435762978500264
2013,con los compañeros de trabajo,Edad,De 15 a 29 años,15,Más catalán que castellano,1,52.4,381.4,13.738856843209229
2013,con los compañeros de trabajo,Edad,De 15 a 29 años,15,Otras y no consta,5,0.0,381.4,0.0
2013,con los compañeros de trabajo,Edad,De 15 a 29 años,15,Solo castellano,4,116.3,381.4,30.492920818038804
2013,con los compañeros de trabajo,Edad,De 15 a 29 años,15,Solo catalán,0,50.7,381.4,13.293130571578397
2013,con los compañeros de trabajo,Edad,De 30 a 44 años,30,Igual catalán que castellano,2,238.7,1333.9,17.89489466976535
2013,con los compañeros de trabajo,Edad,De 30 a 44 años,30,Más castellano que catalán,3,198.4,1333.9,14.873678686558211
2013,con los compañeros de trabajo,Edad,De 30 a 44 años,30,Más catalán que castellano,1,206.2,1333.9,15.458430167178946
2013,con los compañeros de trabajo,Edad,De 30 a 44 años,30,Otras y no consta,5,133.8,1333.9,10.03073693680186
2013,con los compañeros de trabajo,Edad,De 30 a 44 años,30,Solo castellano,4,333.7,1333.9,25.01686783117175
2013,con los compañeros de trabajo,Edad,De 30 a 44 años,30,Solo catalán,0,209.5,1333.9,15.705825024364644
2013,con los compañeros de trabajo,Edad,De 45 a 64 años,45,Igual catalán que castellano,2,195.7,1174.3,16.66524738141872
2013,con los compañeros de trabajo,Edad,De 45 a 64 años,45,Más castellano que catalán,3,129.1,1174.3,10.993783530613984
2013,con los compañeros de trabajo,Edad,De 45 a 64 años,45,Más catalán que castellano,1,211.7,1174.3,18.027761219449882
2013,con los compañeros de trabajo,Edad,De 45 a 64 años,45,Otras y no consta,5,109.0,1174.3,9.282125521587329
2013,con los compañeros de trabajo,Edad,De 45 a 64 años,45,Solo castellano,4,297.1,1174.3,25.300178829941245
2013,con los compañeros de trabajo,Edad,De 45 a 64 años,45,Solo catalán,0,221.6,1174.3,18.87081665673167
2013,con los compañeros de trabajo,Edad,total,99,Igual catalán que castellano,2,505.6,2956.3,17.102459155024864
2013,con los compañeros de trabajo,Edad,total,99,Más castellano que catalán,3,399.8,2956.3,13.523661333423536
2013,con los compañeros de trabajo,Edad,total,99,Más catalán que castellano,1,482.6,2956.3,16.32445962858979
2013,con los compañeros de trabajo,Edad,total,99,Otras y no consta,5,302.1,2956.3,10.218854649392823
2013,con los compañeros de trabajo,Edad,total,99,Solo castellano,4,769.7,2956.3,26.035923282481484
2013,con los compañeros de trabajo,Edad,total,99,Solo catalán,0,492.4,2956.3,16.655955078983865
2013,con los miembros del hogar,Edad,65 años o más,65,Igual catalán que castellano,2,54.0,1066.2,5.06471581316826
2013,con los miembros del hogar,Edad,65 años o más,65,Más castellano que catalán,3,38.9,1066.2,3.6484712061526916
2013,con los miembros del hogar,Edad,65 años o más,65,Más catalán que castellano,1,35.2,1066.2,3.3014443819170887
2013,con los miembros del hogar,Edad,65 años o más,65,Otras y no consta,5,18.2,1066.2,1.7069968111048581
2013,con los miembros del hogar,Edad,65 años o más,65,Solo castellano,4,536.9,1066.2,50.356405927593315
2013,con los miembros del hogar,Edad,65 años o más,65,Solo catalán,0,372.7,1066.2,34.95591821421872
2013,con los miembros del hogar,Edad,De 15 a 29 años,15,Igual catalán que castellano,2,75.2,1092.4,6.883925302087148
2013,con los miembros del hogar,Edad,De 15 a 29 años,15,Más castellano que catalán,3,121.8,1092.4,11.149761991944342
2013,con los miembros del hogar,Edad,De 15 a 29 años,15,Más catalán que castellano,1,73.5,1092.4,6.728304650311241
2013,con los miembros del hogar,Edad,De 15 a 29 años,15,Otras y no consta,5,138.0,1092.4,12.632735261808861
2013,con los miembros del hogar,Edad,De 15 a 29 años,15,Solo castellano,4,400.7,1092.4,36.68070303917978
2013,con los miembros del hogar,Edad,De 15 a 29 años,15,Solo catalán,0,273.1,1092.4,25.0
2013,con los miembros del hogar,Edad,De 30 a 44 años,30,Igual catalán que castellano,2,179.0,1723.9,10.383432913742094
2013,con los miembros del hogar,Edad,De 30 a 44 años,30,Más castellano que catalán,3,238.8,1723.9,13.852311619003421
2013,con los miembros del hogar,Edad,De 30 a 44 años,30,Más catalán que castellano,1,90.2,1723.9,5.232322060444341
2013,con los miembros del hogar,Edad,De 30 a 44 años,30,Otras y no consta,5,271.3,1723.9,15.737571784906319
2013,con los miembros del hogar,Edad,De 30 a 44 años,30,Solo castellano,4,573.8,1723.9,33.28499332907941
2013,con los miembros del hogar,Edad,De 30 a 44 años,30,Solo catalán,0,368.1,1723.9,21.352746679041708
2013,con los miembros del hogar,Edad,De 45 a 64 años,45,Igual catalán que castellano,2,144.1,1744.1,8.262140932285993
2013,con los miembros del hogar,Edad,De 45 a 64 años,45,Más castellano que catalán,3,165.2,1744.1,9.471933948741471
2013,con los miembros del hogar,Edad,De 45 a 64 años,45,Más catalán que castellano,1,94.3,1744.1,5.406800068803395
2013,con los miembros del hogar,Edad,De 45 a 64 años,45,Otras y no consta,5,130.9,1744.1,7.505303594977352
2013,con los miembros del hogar,Edad,De 45 a 64 años,45,Solo castellano,4,718.4,1744.1,41.19029872140359
2013,con los miembros del hogar,Edad,De 45 a 64 años,45,Solo catalán,0,486.8,1744.1,27.91124362135199
2013,con los miembros del hogar,Edad,total,99,Igual catalán que castellano,2,452.4,5626.6,8.04037962535101
2013,con los miembros del hogar,Edad,total,99,Más castellano que catalán,3,564.7,5626.6,10.036256353748268
2013,con los miembros del hogar,Edad,total,99,Más catalán que castellano,1,293.2,5626.6,5.210962215192123
2013,con los miembros del hogar,Edad,total,99,Otras y no consta,5,579.5,5626.6,10.299292645647458
2013,con los miembros del hogar,Edad,total,99,Solo castellano,4,2229.9,5626.6,39.63139373689262
2013,con los miembros del hogar,Edad,total,99,Solo catalán,0,1500.6,5626.6,26.669747271887108
2013,con los vecinos,Edad,65 años o más,65,Igual catalán que castellano,2,138.2,1338.4,10.325762104004781
2013,con los vecinos,Edad,65 años o más,65,Más castellano que catalán,3,89.9,1338.4,6.716975493126121
2013,con los vecinos,Edad,65 años o más,65,Más catalán que castellano,1,199.4,1338.4,14.898386132695757
2013,con los vecinos,Edad,65 años o más,65,Otras y no consta,5,5.7,1338.4,0.4258816497310221
2013,con los vecinos,Edad,65 años o más,65,Solo castellano,4,591.0,1338.4,44.157202630005976
2013,con los vecinos,Edad,65 años o más,65,Solo catalán,0,298.9,1338.4,22.332635983263597
2013,con los vecinos,Edad,De 15 a 29 años,15,Igual catalán que castellano,2,189.8,1126.7,16.84565545398065
2013,con los vecinos,Edad,De 15 a 29 años,15,Más castellano que catalán,3,128.2,1126.7,11.378361586935297
2013,con los vecinos,Edad,De 15 a 29 años,15,Más catalán que castellano,1,175.4,1126.7,15.567586757788233
2013,con los vecinos,Edad,De 15 a 29 años,15,Otras y no consta,5,55.400000000000006,1126.7,4.917014289518062
2013,con los vecinos,Edad,De 15 a 29 años,15,Solo castellano,4,373.2,1126.7,33.123280376320224
2013,con los vecinos,Edad,De 15 a 29 años,15,Solo catalán,0,197.1,1126.7,17.49356527913375
2013,con los vecinos,Edad,De 30 a 44 años,30,Igual catalán que castellano,2,323.2,1863.6,17.34277742004722
2013,con los vecinos,Edad,De 30 a 44 años,30,Más castellano que catalán,3,288.2,1863.6,15.464691993990126
2013,con los vecinos,Edad,De 30 a 44 años,30,Más catalán que castellano,1,236.8,1863.6,12.70658939686628
2013,con los vecinos,Edad,De 30 a 44 años,30,Otras y no consta,5,83.3,1863.6,4.4698433140158835
2013,con los vecinos,Edad,De 30 a 44 años,30,Solo castellano,4,664.3,1863.6,35.64606138656364
2013,con los vecinos,Edad,De 30 a 44 años,30,Solo catalán,0,267.1,1863.6,14.33247477999571
2013,con los vecinos,Edad,De 45 a 64 años,45,Igual catalán que castellano,2,328.1,1925.2,17.04238520673177
2013,con los vecinos,Edad,De 45 a 64 años,45,Más castellano que catalán,3,209.6,1925.2,10.887180552669852
2013,con los vecinos,Edad,De 45 a 64 años,45,Más catalán que castellano,1,303.5,1925.2,15.7645958861417
2013,con los vecinos,Edad,De 45 a 64 años,45,Otras y no consta,5,44.400000000000006,1925.2,2.3062538956991485
2013,con los vecinos,Edad,De 45 a 64 años,45,Solo castellano,4,719.1,1925.2,37.35196343237066
2013,con los vecinos,Edad,De 45 a 64 años,45,Solo catalán,0,318.1,1925.2,16.522958653646374
2013,con los vecinos,Edad,total,99,Igual catalán que castellano,2,979.3,6253.8,15.659279158271769
2013,con los vecinos,Edad,total,99,Más castellano que catalán,3,715.9,6253.8,11.447439956506443
2013,con los vecinos,Edad,total,99,Más catalán que castellano,1,915.1,6253.8,14.632703316383639
2013,con los vecinos,Edad,total,99,Otras y no consta,5,214.7,6253.8,3.4331126674981607
2013,con los vecinos,Edad,total,99,Solo castellano,4,2347.6,6253.8,37.538776423934245
2013,con los vecinos,Edad,total,99,Solo catalán,0,1081.2,6253.8,17.288688477405735
2013,con los órganos judiciales,Edad,65 años o más,65,Igual catalán que castellano,2,0.0,0.0,
2013,con los órganos judiciales,Edad,65 años o más,65,Más castellano que catalán,3,0.0,0.0,
2013,con los órganos judiciales,Edad,65 años o más,65,Más catalán que castellano,1,0.0,0.0,
2013,con los órganos judiciales,Edad,65 años o más,65,Otras y no consta,5,0.0,0.0,
2013,con los órganos judiciales,Edad,65 años o más,65,Solo castellano,4,0.0,0.0,
2013,con los órganos judiciales,Edad,65 años o más,65,Solo catalán,0,0.0,0.0,
2013,con los órganos judiciales,Edad,De 15 a 29 años,15,Igual catalán que castellano,2,0.0,0.0,
2013,con los órganos judiciales,Edad,De 15 a 29 años,15,Más castellano que catalán,3,0.0,0.0,
2013,con los órganos judiciales,Edad,De 15 a 29 años,15,Más catalán que castellano,1,0.0,0.0,
2013,con los órganos judiciales,Edad,De 15 a 29 años,15,Otras y no consta,5,0.0,0.0,
2013,con los órganos judiciales,Edad,De 15 a 29 años,15,Solo castellano,4,0.0,0.0,
2013,con los órganos judiciales,Edad,De 15 a 29 años,15,Solo catalán,0,0.0,0.0,
2013,con los órganos judiciales,Edad,De 30 a 44 años,30,Igual catalán que castellano,2,0.0,0.0,
2013,con los órganos judiciales,Edad,De 30 a 44 años,30,Más castellano que catalán,3,0.0,0.0,
2013,con los órganos judiciales,Edad,De 30 a 44 años,30,Más catalán que castellano,1,0.0,0.0,
2013,con los órganos judiciales,Edad,De 30 a 44 años,30,Otras y no consta,5,0.0,0.0,
2013,con los órganos judiciales,Edad,De 30 a 44 años,30,Solo castellano,4,0.0,0.0,
2013,con los órganos judiciales,Edad,De 30 a 44 años,30,Solo catalán,0,0.0,0.0,
2013,con los órganos judiciales,Edad,De 45 a 64 años,45,Igual catalán que castellano,2,0.0,0.0,
2013,con los órganos judiciales,Edad,De 45 a 64 años,45,Más castellano que catalán,3,0.0,0.0,
2013,con los órganos judiciales,Edad,De 45 a 64 años,45,Más catalán que castellano,1,0.0,0.0,
2013,con los órganos judiciales,Edad,De 45 a 64 años,45,Otras y no consta,5,0.0,0.0,
2013,con los órganos judiciales,Edad,De 45 a 64 años,45,Solo castellano,4,0.0,0.0,
2013,con los órganos judiciales,Edad,De 45 a 64 años,45,Solo catalán,0,0.0,0.0,
2013,con los órganos judiciales,Edad,total,99,Igual catalán que castellano,2,0.0,0.0,
2013,con los órganos judiciales,Edad,total,99,Más castellano que catalán,3,0.0,0.0,
2013,con los órganos judiciales,Edad,total,99,Más catalán que castellano,1,0.0,0.0,
2013,con los órganos judiciales,Edad,total,99,Otras y no consta,5,0.0,0.0,
2013,con los órganos judiciales,Edad,total,99,Solo castellano,4,0.0,0.0,
2013,con los órganos judiciales,Edad,total,99,Solo catalán,0,0.0,0.0,
2013,con usuarios o clientes de Cataluña,Edad,65 años o más,65,Igual catalán que castellano,2,0.0,61.6,0.0
2013,con usuarios o clientes de Cataluña,Edad,65 años o más,65,Más castellano que catalán,3,0.0,61.6,0.0
2013,con usuarios o clientes de Cataluña,Edad,65 años o más,65,Más catalán que castellano,1,17.8,61.6,28.8961038961039
2013,con usuarios o clientes de Cataluña,Edad,65 años o más,65,Otras y no consta,5,0.0,61.6,0.0
2013,con usuarios o clientes de Cataluña,Edad,65 años o más,65,Solo castellano,4,0.0,61.6,0.0
2013,con usuarios o clientes de Cataluña,Edad,65 años o más,65,Solo catalán,0,0.0,61.6,0.0
2013,con usuarios o clientes de Cataluña,Edad,De 15 a 29 años,15,Igual catalán que castellano,2,94.1,346.9,27.12597290285385
2013,con usuarios o clientes de Cataluña,Edad,De 15 a 29 años,15,Más castellano que catalán,3,43.1,346.9,12.424329778034018
2013,con usuarios o clientes de Cataluña,Edad,De 15 a 29 años,15,Más catalán que castellano,1,85.6,346.9,24.67569904871721
2013,con usuarios o clientes de Cataluña,Edad,De 15 a 29 años,15,Otras y no consta,5,0.0,346.9,0.0
2013,con usuarios o clientes de Cataluña,Edad,De 15 a 29 años,15,Solo castellano,4,50.9,346.9,14.672816373594696
2013,con usuarios o clientes de Cataluña,Edad,De 15 a 29 años,15,Solo catalán,0,46.3,346.9,13.346785817238397
2013,con usuarios o clientes de Cataluña,Edad,De 30 a 44 años,30,Igual catalán que castellano,2,292.0,1209.6,24.140211640211643
2013,con usuarios o clientes de Cataluña,Edad,De 30 a 44 años,30,Más castellano que catalán,3,171.0,1209.6,14.136904761904761
2013,con usuarios o clientes de Cataluña,Edad,De 30 a 44 años,30,Más catalán que castellano,1,327.2,1209.6,27.05026455026455
2013,con usuarios o clientes de Cataluña,Edad,De 30 a 44 años,30,Otras y no consta,5,55.2,1209.6,4.563492063492064
2013,con usuarios o clientes de Cataluña,Edad,De 30 a 44 años,30,Solo castellano,4,206.0,1209.6,17.030423280423282
2013,con usuarios o clientes de Cataluña,Edad,De 30 a 44 años,30,Solo catalán,0,143.7,1209.6,11.879960317460316
2013,con usuarios o clientes de Cataluña,Edad,De 45 a 64 años,45,Igual catalán que castellano,2,241.7,1079.8,22.38377477310613
2013,con usuarios o clientes de Cataluña,Edad,De 45 a 64 años,45,Más castellano que catalán,3,123.4,1079.8,11.428042230042601
2013,con usuarios o clientes de Cataluña,Edad,De 45 a 64 años,45,Más catalán que castellano,1,305.7,1079.8,28.31079829598074
2013,con usuarios o clientes de Cataluña,Edad,De 45 a 64 años,45,Otras y no consta,5,18.4,1079.8,1.7040192628264492
2013,con usuarios o clientes de Cataluña,Edad,De 45 a 64 años,45,Solo castellano,4,220.0,1079.8,20.37414335988146
2013,con usuarios o clientes de Cataluña,Edad,De 45 a 64 años,45,Solo catalán,0,142.0,1079.8,13.150583441378034
2013,con usuarios o clientes de Cataluña,Edad,total,99,Igual catalán que castellano,2,640.3,2698.0,23.73239436619718
2013,con usuarios o clientes de Cataluña,Edad,total,99,Más castellano que catalán,3,341.5,2698.0,12.657524091919942
2013,con usuarios o clientes de Cataluña,Edad,total,99,Más catalán que castellano,1,736.4,2698.0,27.294292068198665
2013,con usuarios o clientes de Cataluña,Edad,total,99,Otras y no consta,5,136.7,2698.0,5.066716085989621
2013,con usuarios o clientes de Cataluña,Edad,total,99,Solo castellano,4,495.1,2698.0,18.35063009636768
2013,con usuarios o clientes de Cataluña,Edad,total,99,Solo catalán,0,340.1,2698.0,12.605633802816902
2013,en el centro de culto,Edad,65 años o más,65,Igual catalán que castellano,2,0.0,0.0,
2013,en el centro de culto,Edad,65 años o más,65,Más castellano que catalán,3,0.0,0.0,
2013,en el centro de culto,Edad,65 años o más,65,Más catalán que castellano,1,0.0,0.0,
2013,en el centro de culto,Edad,65 años o más,65,Otras y no consta,5,0.0,0.0,
2013,en el centro de culto,Edad,65 años o más,65,Solo castellano,4,0.0,0.0,
2013,en el centro de culto,Edad,65 años o más,65,Solo catalán,0,0.0,0.0,
2013,en el centro de culto,Edad,De 15 a 29 años,15,Igual catalán que castellano,2,0.0,0.0,
2013,en el centro de culto,Edad,De 15 a 29 años,15,Más castellano que catalán,3,0.0,0.0,
2013,en el centro de culto,Edad,De 15 a 29 años,15,Más catalán que castellano,1,0.0,0.0,
2013,en el centro de culto,Edad,De 15 a 29 años,15,Otras y no consta,5,0.0,0.0,
2013,en el centro de culto,Edad,De 15 a 29 años,15,Solo castellano,4,0.0,0.0,
2013,en el centro de culto,Edad,De 15 a 29 años,15,Solo catalán,0,0.0,0.0,
2013,en el centro de culto,Edad,De 30 a 44 años,30,Igual catalán que castellano,2,0.0,0.0,
2013,en el centro de culto,Edad,De 30 a 44 años,30,Más castellano que catalán,3,0.0,0.0,
2013,en el centro de culto,Edad,De 30 a 44 años,30,Más catalán que castellano,1,0.0,0.0,
2013,en el centro de culto,Edad,De 30 a 44 años,30,Otras y no consta,5,0.0,0.0,
2013,en el centro de culto,Edad,De 30 a 44 años,30,Solo castellano,4,0.0,0.0,
2013,en el centro de culto,Edad,De 30 a 44 años,30,Solo catalán,0,0.0,0.0,
2013,en el centro de culto,Edad,De 45 a 64 años,45,Igual catalán que castellano,2,0.0,0.0,
2013,en el centro de culto,Edad,De 45 a 64 años,45,Más castellano que catalán,3,0.0,0.0,
2013,en el centro de culto,Edad,De 45 a 64 años,45,Más catalán que castellano,1,0.0,0.0,
2013,en el centro de culto,Edad,De 45 a 64 años,45,Otras y no consta,5,0.0,0.0,
2013,en el centro de culto,Edad,De 45 a 64 años,45,Solo castellano,4,0.0,0.0,
2013,en el centro de culto,Edad,De 45 a 64 años,45,Solo catalán,0,0.0,0.0,
2013,en el centro de culto,Edad,total,99,Igual catalán que castellano,2,0.0,0.0,
2013,en el centro de culto,Edad,total,99,Más castellano que catalán,3,0.0,0.0,
2013,en el centro de culto,Edad,total,99,Más catalán que castellano,1,0.0,0.0,
2013,en el centro de culto,Edad,total,99,Otras y no consta,5,0.0,0.0,
2013,en el centro de culto,Edad,total,99,Solo castellano,4,0.0,0.0,
2013,en el centro de culto,Edad,total,99,Solo catalán,0,0.0,0.0,
2013,en el gran comercio,Edad,65 años o más,65,Igual catalán que castellano,2,133.1,1338.4,9.944710101613866
2013,en el gran comercio,Edad,65 años o más,65,Más castellano que catalán,3,85.9,1338.4,6.418111177525404
2013,en el gran comercio,Edad,65 años o más,65,Más catalán que castellano,1,193.2,1338.4,14.435146443514643
2013,en el gran comercio,Edad,65 años o más,65,Otras y no consta,5,80.9,1338.4,6.044530783024507
2013,en el gran comercio,Edad,65 años o más,65,Solo castellano,4,556.5,1338.4,41.579497907949786
2013,en el gran comercio,Edad,65 años o más,65,Solo catalán,0,281.5,1338.4,21.032576210400478
2013,en el gran comercio,Edad,De 15 a 29 años,15,Igual catalán que castellano,2,216.0,1126.7,19.171030442886305
2013,en el gran comercio,Edad,De 15 a 29 años,15,Más castellano que catalán,3,184.2,1126.7,16.34862873879471
2013,en el gran comercio,Edad,De 15 a 29 años,15,Más catalán que castellano,1,191.9,1126.7,17.03204047217538
2013,en el gran comercio,Edad,De 15 a 29 años,15,Otras y no consta,5,0.0,1126.7,0.0
2013,en el gran comercio,Edad,De 15 a 29 años,15,Solo castellano,4,345.2,1126.7,30.63814680039052
2013,en el gran comercio,Edad,De 15 a 29 años,15,Solo catalán,0,176.9,1126.7,15.700718913641609
2013,en el gran comercio,Edad,De 30 a 44 años,30,Igual catalán que castellano,2,312.3,1863.6,16.757887958789443
2013,en el gran comercio,Edad,De 30 a 44 años,30,Más castellano que catalán,3,318.4,1863.6,17.085211418759393
2013,en el gran comercio,Edad,De 30 a 44 años,30,Más catalán que castellano,1,296.0,1863.6,15.88323674608285
2013,en el gran comercio,Edad,De 30 a 44 años,30,Otras y no consta,5,0.0,1863.6,0.0
2013,en el gran comercio,Edad,De 30 a 44 años,30,Solo castellano,4,636.4,1863.6,34.14895900407813
2013,en el gran comercio,Edad,De 30 a 44 años,30,Solo catalán,0,281.7,1863.6,15.115904700579524
2013,en el gran comercio,Edad,De 45 a 64 años,45,Igual catalán que castellano,2,295.4,1925.2,15.34386037814253
2013,en el gran comercio,Edad,De 45 a 64 años,45,Más castellano que catalán,3,215.1,1925.2,11.172865156866818
2013,en el gran comercio,Edad,De 45 a 64 años,45,Más catalán que castellano,1,303.5,1925.2,15.7645958861417
2013,en el gran comercio,Edad,De 45 a 64 años,45,Otras y no consta,5,26.2,1925.2,1.3608975690837315
2013,en el gran comercio,Edad,De 45 a 64 años,45,Solo castellano,4,706.7,1925.2,36.707874506544776
2013,en el gran comercio,Edad,De 45 a 64 años,45,Solo catalán,0,376.3,1925.2,19.546021192603366
2013,en el gran comercio,Edad,total,99,Igual catalán que castellano,2,956.8,6253.8,15.299497905273594
2013,en el gran comercio,Edad,total,99,Más castellano que catalán,3,803.6,6253.8,12.849787329303783
2013,en el gran comercio,Edad,total,99,Más catalán que castellano,1,984.6,6253.8,15.74402763120023
2013,en el gran comercio,Edad,total,99,Otras y no consta,5,132.9,6253.8,2.1251079343758996
2013,en el gran comercio,Edad,total,99,Solo castellano,4,2244.7,6253.8,35.893376826889245
2013,en el gran comercio,Edad,total,99,Solo catalán,0,1116.4,6253.8,17.851546259874
2013,en el pequeño comercio,Edad,65 años o más,65,Igual catalán que castellano,2,127.5,1338.4,9.526300059772863
2013,en el pequeño comercio,Edad,65 años o más,65,Más castellano que catalán,3,76.6,1338.4,5.723251643753735
2013,en el pequeño comercio,Edad,65 años o más,65,Más catalán que castellano,1,199.8,1338.4,14.92827256425583
2013,en el pequeño comercio,Edad,65 años o más,65,Otras y no consta,5,38.1,1338.4,2.8466826060968318
2013,en el pequeño comercio,Edad,65 años o más,65,Solo castellano,4,549.8,1338.4,41.07890017931858
2013,en el pequeño comercio,Edad,65 años o más,65,Solo catalán,0,338.4,1338.4,25.283921099820677
2013,en el pequeño comercio,Edad,De 15 a 29 años,15,Igual catalán que castellano,2,207.3,1126.7,18.398863938936717
2013,en el pequeño comercio,Edad,De 15 a 29 años,15,Más castellano que catalán,3,164.5,1126.7,14.600159758587022
2013,en el pequeño comercio,Edad,De 15 a 29 años,15,Más catalán que castellano,1,225.3,1126.7,19.996449809177243
2013,en el pequeño comercio,Edad,De 15 a 29 años,15,Otras y no consta,5,2.0,1126.7,0.17750954113783615
2013,en el pequeño comercio,Edad,De 15 a 29 años,15,Solo castellano,4,288.2,1126.7,25.57912487796219
2013,en el pequeño comercio,Edad,De 15 a 29 años,15,Solo catalán,0,220.5,1126.7,19.570426910446436
2013,en el pequeño comercio,Edad,De 30 a 44 años,30,Igual catalán que castellano,2,315.5,1863.6,16.92959862631466
2013,en el pequeño comercio,Edad,De 30 a 44 años,30,Más castellano que catalán,3,259.9,1863.6,13.946125778063962
2013,en el pequeño comercio,Edad,De 30 a 44 años,30,Más catalán que castellano,1,329.9,1863.6,17.70229663017815
2013,en el pequeño comercio,Edad,De 30 a 44 años,30,Otras y no consta,5,15.1,1863.6,0.810259712384632
2013,en el pequeño comercio,Edad,De 30 a 44 años,30,Solo castellano,4,582.9,1863.6,31.278171281390854
2013,en el pequeño comercio,Edad,De 30 a 44 años,30,Solo catalán,0,346.5,1863.6,18.59304571796523
2013,en el pequeño comercio,Edad,De 45 a 64 años,45,Igual catalán que castellano,2,282.3,1925.2,14.663411593600664
2013,en el pequeño comercio,Edad,De 45 a 64 años,45,Más castellano que catalán,3,178.8,1925.2,9.28734676916684
2013,en el pequeño comercio,Edad,De 45 a 64 años,45,Más catalán que castellano,1,349.2,1925.2,18.13837523374195
2013,en el pequeño comercio,Edad,De 45 a 64 años,45,Otras y no consta,5,13.0,1925.2,0.6752545190110119
2013,en el pequeño comercio,Edad,De 45 a 64 años,45,Solo castellano,4,652.8,1925.2,33.9081653854145
2013,en el pequeño comercio,Edad,De 45 a 64 años,45,Solo catalán,0,434.4,1925.2,22.5638894660295
2013,en el pequeño comercio,Edad,total,99,Igual catalán que castellano,2,932.6,6253.8,14.912533179826665
2013,en el pequeño comercio,Edad,total,99,Más castellano que catalán,3,679.8,6253.8,10.870190923918257
2013,en el pequeño comercio,Edad,total,99,Más catalán que castellano,1,1104.3,6253.8,17.65806389715053
2013,en el pequeño comercio,Edad,total,99,Otras y no consta,5,122.6,6253.8,1.9604080718922894
2013,en el pequeño comercio,Edad,total,99,Solo castellano,4,2073.6,6253.8,33.157440276312
2013,en el pequeño comercio,Edad,total,99,Solo catalán,0,1339.8,6253.8,21.42377434519812
2013,en la entidad financiera,Edad,65 años o más,65,Igual catalán que castellano,2,99.8,1338.4,7.456664674237895
2013,en la entidad financiera,Edad,65 años o más,65,Más castellano que catalán,3,47.6,1338.4,3.556485355648535
2013,en la entidad financiera,Edad,65 años o más,65,Más catalán que castellano,1,106.1,1338.4,7.927375971309026
2013,en la entidad financiera,Edad,65 años o más,65,Otras y no consta,5,61.2,1338.4,4.572624028690974
2013,en la entidad financiera,Edad,65 años o más,65,Solo castellano,4,560.6,1338.4,41.88583383144052
2013,en la entidad financiera,Edad,65 años o más,65,Solo catalán,0,457.3,1338.4,34.167662881052
2013,en la entidad financiera,Edad,De 15 a 29 años,15,Igual catalán que castellano,2,161.0,1126.7,14.28951806159581
2013,en la entidad financiera,Edad,De 15 a 29 años,15,Más castellano que catalán,3,114.8,1126.7,10.189047661311795
2013,en la entidad financiera,Edad,De 15 a 29 años,15,Más catalán que castellano,1,148.3,1126.7,13.162332475370553
2013,en la entidad financiera,Edad,De 15 a 29 años,15,Otras y no consta,5,62.7,1126.7,5.564924114671164
2013,en la entidad financiera,Edad,De 15 a 29 años,15,Solo castellano,4,305.5,1126.7,27.114582408804473
2013,en la entidad financiera,Edad,De 15 a 29 años,15,Solo catalán,0,329.3,1126.7,29.226945948344724
2013,en la entidad financiera,Edad,De 30 a 44 años,30,Igual catalán que castellano,2,247.0,1863.6,13.25391714960292
2013,en la entidad financiera,Edad,De 30 a 44 años,30,Más castellano que catalán,3,194.1,1863.6,10.415325177076626
2013,en la entidad financiera,Edad,De 30 a 44 años,30,Más catalán que castellano,1,237.0,1863.6,12.717321313586607
2013,en la entidad financiera,Edad,De 30 a 44 años,30,Otras y no consta,5,17.4,1863.6,0.9336767546683838
2013,en la entidad financiera,Edad,De 30 a 44 años,30,Solo castellano,4,646.6,1863.6,34.69628675681477
2013,en la entidad financiera,Edad,De 30 a 44 años,30,Solo catalán,0,511.8,1863.6,27.46297488731488
2013,en la entidad financiera,Edad,De 45 a 64 años,45,Igual catalán que castellano,2,209.7,1925.2,10.892374818200706
2013,en la entidad financiera,Edad,De 45 a 64 años,45,Más castellano que catalán,3,128.9,1925.2,6.695408269270725
2013,en la entidad financiera,Edad,De 45 a 64 años,45,Más catalán que castellano,1,230.9,1925.2,11.993559110741742
2013,en la entidad financiera,Edad,De 45 a 64 años,45,Otras y no consta,5,25.5,1925.2,1.324537710367754
2013,en la entidad financiera,Edad,De 45 a 64 años,45,Solo castellano,4,707.8,1925.2,36.76501142738417
2013,en la entidad financiera,Edad,De 45 a 64 años,45,Solo catalán,0,620.4,1925.2,32.225223353417825
2013,en la entidad financiera,Edad,total,99,Igual catalán que castellano,2,717.4,6253.8,11.471425373372988
2013,en la entidad financiera,Edad,total,99,Más castellano que catalán,3,485.5,6253.8,7.76327992580511
2013,en la entidad financiera,Edad,total,99,Más catalán que castellano,1,722.2,6253.8,11.548178707345933
2013,en la entidad financiera,Edad,total,99,Otras y no consta,5,189.1,6253.8,3.023761552975791
2013,en la entidad financiera,Edad,total,99,Solo castellano,4,2220.5,6253.8,35.50641210144232
2013,en la entidad financiera,Edad,total,99,Solo catalán,0,1918.8,6253.8,30.68214525568454
2018,al contestar al personal médico en la consulta,Edad,65 años o más,65,Igual catalán que castellano,2,0.0,0.0,
2018,al contestar al personal médico en la consulta,Edad,65 años o más,65,Más castellano que catalán,3,0.0,0.0,
2018,al contestar al personal médico en la consulta,Edad,65 años o más,65,Más catalán que castellano,1,0.0,0.0,
2018,al contestar al personal médico en la consulta,Edad,65 años o más,65,Otras y no consta,5,0.0,0.0,
2018,al contestar al personal médico en la consulta,Edad,65 años o más,65,Solo castellano,4,0.0,0.0,
2018,al contestar al personal médico en la consulta,Edad,65 años o más,65,Solo catalán,0,0.0,0.0,
2018,al contestar al personal médico en la consulta,Edad,De 15 a 29 años,15,Igual catalán que castellano,2,0.0,0.0,
2018,al contestar al personal médico en la consulta,Edad,De 15 a 29 años,15,Más castellano que catalán,3,0.0,0.0,
2018,al contestar al personal médico en la consulta,Edad,De 15 a 29 años,15,Más catalán que castellano,1,0.0,0.0,
2018,al contestar al personal médico en la consulta,Edad,De 15 a 29 años,15,Otras y no consta,5,0.0,0.0,
2018,al contestar al personal médico en la consulta,Edad,De 15 a 29 años,15,Solo castellano,4,0.0,0.0,
2018,al contestar al personal médico en la consulta,Edad,De 15 a 29 años,15,Solo catalán,0,0.0,0.0,
2018,al contestar al personal médico en la consulta,Edad,De 30 a 44 años,30,Igual catalán que castellano,2,0.0,0.0,
2018,al contestar al personal médico en la consulta,Edad,De 30 a 44 años,30,Más castellano que catalán,3,0.0,0.0,
2018,al contestar al personal médico en la consulta,Edad,De 30 a 44 años,30,Más catalán que castellano,1,0.0,0.0,
2018,al contestar al personal médico en la consulta,Edad,De 30 a 44 años,30,Otras y no consta,5,0.0,0.0,
2018,al contestar al personal médico en la consulta,Edad,De 30 a 44 años,30,Solo castellano,4,0.0,0.0,
2018,al contestar al personal médico en la consulta,Edad,De 30 a 44 años,30,Solo catalán,0,0.0,0.0,
2018,al contestar al personal médico en la consulta,Edad,De 45 a 64 años,45,Igual catalán que castellano,2,0.0,0.0,
2018,al contestar al personal médico en la consulta,Edad,De 45 a 64 años,45,Más castellano que catalán,3,0.0,0.0,
2018,al contestar al personal médico en la consulta,Edad,De 45 a 64 años,45,Más catalán que castellano,1,0.0,0.0,
2018,al contestar al personal médico en la consulta,Edad,De 45 a 64 años,45,Otras y no consta,5,0.0,0.0,
2018,al contestar al personal médico en la consulta,Edad,De 45 a 64 años,45,Solo castellano,4,0.0,0.0,
2018,al contestar al personal médico en la consulta,Edad,De 45 a 64 años,45,Solo catalán,0,0.0,0.0,
2018,al contestar al personal médico en la consulta,Edad,total,99,Igual catalán que castellano,2,0.0,0.0,
2018,al contestar al personal médico en la consulta,Edad,total,99,Más castellano que catalán,3,0.0,0.0,
2018,al contestar al personal médico en la consulta,Edad,total,99,Más catalán que castellano,1,0.0,0.0,
2018,al contestar al personal médico en la consulta,Edad,total,99,Otras y no consta,5,0.0,0.0,
2018,al contestar al personal médico en la consulta,Edad,total,99,Solo castellano,4,0.0,0.0,
2018,al contestar al personal médico en la consulta,Edad,total,99,Solo catalán,0,0.0,0.0,
2018,al escribir mensajes de móvil,Edad,65 años o más,65,Igual catalán que castellano,2,86.4,1432.1,6.033098247329098
2018,al escribir mensajes de móvil,Edad,65 años o más,65,Más castellano que catalán,3,40.5,1432.1,2.8280148034355146
2018,al escribir mensajes de móvil,Edad,65 años o más,65,Más catalán que castellano,1,80.7,1432.1,5.635081349067804
2018,al escribir mensajes de móvil,Edad,65 años o más,65,Otras y no consta,5,600.2,1432.1,41.91048111165422
2018,al escribir mensajes de móvil,Edad,65 años o más,65,Solo castellano,4,402.8,1432.1,28.126527477131486
2018,al escribir mensajes de móvil,Edad,65 años o más,65,Solo catalán,0,210.0,1432.1,14.663780462258222
2018,al escribir mensajes de móvil,Edad,De 15 a 29 años,15,Igual catalán que castellano,2,251.1,1168.0,21.498287671232877
2018,al escribir mensajes de móvil,Edad,De 15 a 29 años,15,Más castellano que catalán,3,202.0,1168.0,17.294520547945204
2018,al escribir mensajes de móvil,Edad,De 15 a 29 años,15,Más catalán que castellano,1,157.7,1168.0,13.501712328767123
2018,al escribir mensajes de móvil,Edad,De 15 a 29 años,15,Otras y no consta,5,137.89999999999998,1168.0,11.806506849315067
2018,al escribir mensajes de móvil,Edad,De 15 a 29 años,15,Solo castellano,4,307.3,1168.0,26.309931506849317
2018,al escribir mensajes de móvil,Edad,De 15 a 29 años,15,Solo catalán,0,94.1,1168.0,8.056506849315067
2018,al escribir mensajes de móvil,Edad,De 30 a 44 años,30,Igual catalán que castellano,2,257.3,1693.7,15.19159237173053
2018,al escribir mensajes de móvil,Edad,De 30 a 44 años,30,Más castellano que catalán,3,226.5,1693.7,13.373088504457694
2018,al escribir mensajes de móvil,Edad,De 30 a 44 años,30,Más catalán que castellano,1,227.2,1693.7,13.414418137804804
2018,al escribir mensajes de móvil,Edad,De 30 a 44 años,30,Otras y no consta,5,236.3,1693.7,13.951703371317233
2018,al escribir mensajes de móvil,Edad,De 30 a 44 años,30,Solo castellano,4,586.3,1693.7,34.61652004487217
2018,al escribir mensajes de móvil,Edad,De 30 a 44 años,30,Solo catalán,0,154.3,1693.7,9.110232036370078
2018,al escribir mensajes de móvil,Edad,De 45 a 64 años,45,Igual catalán que castellano,2,269.5,2092.8,12.877484709480122
2018,al escribir mensajes de móvil,Edad,De 45 a 64 años,45,Más castellano que catalán,3,187.1,2092.8,8.940175840978593
2018,al escribir mensajes de móvil,Edad,De 45 a 64 años,45,Más catalán que castellano,1,285.9,2092.8,13.661123853211008
2018,al escribir mensajes de móvil,Edad,De 45 a 64 años,45,Otras y no consta,5,246.40000000000003,2092.8,11.773700305810399
2018,al escribir mensajes de móvil,Edad,De 45 a 64 años,45,Solo castellano,4,802.8,2092.8,38.36009174311926
2018,al escribir mensajes de móvil,Edad,De 45 a 64 años,45,Solo catalán,0,297.8,2092.8,14.22974006116208
2018,al escribir mensajes de móvil,Edad,total,99,Igual catalán que castellano,2,864.3,6386.6,13.533022265368114
2018,al escribir mensajes de móvil,Edad,total,99,Más castellano que catalán,3,656.0,6386.6,10.271505965615507
2018,al escribir mensajes de móvil,Edad,total,99,Más catalán que castellano,1,751.6,6386.6,11.768390066702157
2018,al escribir mensajes de móvil,Edad,total,99,Otras y no consta,5,1259.5,6386.6,19.72097829831209
2018,al escribir mensajes de móvil,Edad,total,99,Solo castellano,4,2099.2,6386.6,32.86881908996962
2018,al escribir mensajes de móvil,Edad,total,99,Solo catalán,0,756.1,6386.6,11.838850092380921
2018,al hacer publicaciones en las redes sociales,Edad,65 años o más,65,Igual catalán que castellano,2,0.0,0.0,
2018,al hacer publicaciones en las redes sociales,Edad,65 años o más,65,Más castellano que catalán,3,0.0,0.0,
2018,al hacer publicaciones en las redes sociales,Edad,65 años o más,65,Más catalán que castellano,1,0.0,0.0,
2018,al hacer publicaciones en las redes sociales,Edad,65 años o más,65,Otras y no consta,5,0.0,0.0,
2018,al hacer publicaciones en las redes sociales,Edad,65 años o más,65,Solo castellano,4,0.0,0.0,
2018,al hacer publicaciones en las redes sociales,Edad,65 años o más,65,Solo catalán,0,0.0,0.0,
2018,al hacer publicaciones en las redes sociales,Edad,De 15 a 29 años,15,Igual catalán que castellano,2,0.0,0.0,
2018,al hacer publicaciones en las redes sociales,Edad,De 15 a 29 años,15,Más castellano que catalán,3,0.0,0.0,
2018,al hacer publicaciones en las redes sociales,Edad,De 15 a 29 años,15,Más catalán que castellano,1,0.0,0.0,
2018,al hacer publicaciones en las redes sociales,Edad,De 15 a 29 años,15,Otras y no consta,5,0.0,0.0,
2018,al hacer publicaciones en las redes sociales,Edad,De 15 a 29 años,15,Solo castellano,4,0.0,0.0,
2018,al hacer publicaciones en las redes sociales,Edad,De 15 a 29 años,15,Solo catalán,0,0.0,0.0,
2018,al hacer publicaciones en las redes sociales,Edad,De 30 a 44 años,30,Igual catalán que castellano,2,0.0,0.0,
2018,al hacer publicaciones en las redes sociales,Edad,De 30 a 44 años,30,Más castellano que catalán,3,0.0,0.0,
2018,al hacer publicaciones en las redes sociales,Edad,De 30 a 44 años,30,Más catalán que castellano,1,0.0,0.0,
2018,al hacer publicaciones en las redes sociales,Edad,De 30 a 44 años,30,Otras y no consta,5,0.0,0.0,
2018,al hacer publicaciones en las redes sociales,Edad,De 30 a 44 años,30,Solo castellano,4,0.0,0.0,
2018,al hacer publicaciones en las redes sociales,Edad,De 30 a 44 años,30,Solo catalán,0,0.0,0.0,
2018,al hacer publicaciones en las redes sociales,Edad,De 45 a 64 años,45,Igual catalán que castellano,2,0.0,0.0,
2018,al hacer publicaciones en las redes sociales,Edad,De 45 a 64 años,45,Más castellano que catalán,3,0.0,0.0,
2018,al hacer publicaciones en las redes sociales,Edad,De 45 a 64 años,45,Más catalán que castellano,1,0.0,0.0,
2018,al hacer publicaciones en las redes sociales,Edad,De 45 a 64 años,45,Otras y no consta,5,0.0,0.0,
2018,al hacer publicaciones en las redes sociales,Edad,De 45 a 64 años,45,Solo castellano,4,0.0,0.0,
2018,al hacer publicaciones en las redes sociales,Edad,De 45 a 64 años,45,Solo catalán,0,0.0,0.0,
2018,al hacer publicaciones en las redes sociales,Edad,total,99,Igual catalán que castellano,2,0.0,0.0,
2018,al hacer publicaciones en las redes sociales,Edad,total,99,Más castellano que catalán,3,0.0,0.0,
2018,al hacer publicaciones en las redes sociales,Edad,total,99,Más catalán que castellano,1,0.0,0.0,
2018,al hacer publicaciones en las redes sociales,Edad,total,99,Otras y no consta,5,0.0,0.0,
2018,al hacer publicaciones en las redes sociales,Edad,total,99,Solo castellano,4,0.0,0.0,
2018,al hacer publicaciones en las redes sociales,Edad,total,99,Solo catalán,0,0.0,0.0,
2018,con el personal de un restaurante o bar,Edad,65 años o más,65,Igual catalán que castellano,2,0.0,0.0,
2018,con el personal de un restaurante o bar,Edad,65 años o más,65,Más castellano que catalán,3,0.0,0.0,
2018,con el personal de un restaurante o bar,Edad,65 años o más,65,Más catalán que castellano,1,0.0,0.0,
2018,con el personal de un restaurante o bar,Edad,65 años o más,65,Otras y no consta,5,0.0,0.0,
2018,con el personal de un restaurante o bar,Edad,65 años o más,65,Solo castellano,4,0.0,0.0,
2018,con el personal de un restaurante o bar,Edad,65 años o más,65,Solo catalán,0,0.0,0.0,
2018,con el personal de un restaurante o bar,Edad,De 15 a 29 años,15,Igual catalán que castellano,2,0.0,0.0,
2018,con el personal de un restaurante o bar,Edad,De 15 a 29 años,15,Más castellano que catalán,3,0.0,0.0,
2018,con el personal de un restaurante o bar,Edad,De 15 a 29 años,15,Más catalán que castellano,1,0.0,0.0,
2018,con el personal de un restaurante o bar,Edad,De 15 a 29 años,15,Otras y no consta,5,0.0,0.0,
2018,con el personal de un restaurante o bar,Edad,De 15 a 29 años,15,Solo castellano,4,0.0,0.0,
2018,con el personal de un restaurante o bar,Edad,De 15 a 29 años,15,Solo catalán,0,0.0,0.0,
2018,con el personal de un restaurante o bar,Edad,De 30 a 44 años,30,Igual catalán que castellano,2,0.0,0.0,
2018,con el personal de un restaurante o bar,Edad,De 30 a 44 años,30,Más castellano que catalán,3,0.0,0.0,
2018,con el personal de un restaurante o bar,Edad,De 30 a 44 años,30,Más catalán que castellano,1,0.0,0.0,
2018,con el personal de un restaurante o bar,Edad,De 30 a 44 años,30,Otras y no consta,5,0.0,0.0,
2018,con el personal de un restaurante o bar,Edad,De 30 a 44 años,30,Solo castellano,4,0.0,0.0,
2018,con el personal de un restaurante o bar,Edad,De 30 a 44 años,30,Solo catalán,0,0.0,0.0,
2018,con el personal de un restaurante o bar,Edad,De 45 a 64 años,45,Igual catalán que castellano,2,0.0,0.0,
2018,con el personal de un restaurante o bar,Edad,De 45 a 64 años,45,Más castellano que catalán,3,0.0,0.0,
2018,con el personal de un restaurante o bar,Edad,De 45 a 64 años,45,Más catalán que castellano,1,0.0,0.0,
2018,con el personal de un restaurante o bar,Edad,De 45 a 64 años,45,Otras y no consta,5,0.0,0.0,
2018,con el personal de un restaurante o bar,Edad,De 45 a 64 años,45,Solo castellano,4,0.0,0.0,
2018,con el personal de un restaurante o bar,Edad,De 45 a 64 años,45,Solo catalán,0,0.0,0.0,
2018,con el personal de un restaurante o bar,Edad,total,99,Igual catalán que castellano,2,0.0,0.0,
2018,con el personal de un restaurante o bar,Edad,total,99,Más castellano que catalán,3,0.0,0.0,
2018,con el personal de un restaurante o bar,Edad,total,99,Más catalán que castellano,1,0.0,0.0,
2018,con el personal de un restaurante o bar,Edad,total,99,Otras y no consta,5,0.0,0.0,
2018,con el personal de un restaurante o bar,Edad,total,99,Solo castellano,4,0.0,0.0,
2018,con el personal de un restaurante o bar,Edad,total,99,Solo catalán,0,0.0,0.0,
2018,con el personal médico,Edad,65 años o más,65,Igual catalán que castellano,2,158.6,1432.1,11.074645625305497
2018,con el personal médico,Edad,65 años o más,65,Más castellano que catalán,3,47.3,1432.1,3.3028419803086377
2018,con el personal médico,Edad,65 años o más,65,Más catalán que castellano,1,146.1,1432.1,10.201801550171078
2018,con el personal médico,Edad,65 años o más,65,Otras y no consta,5,0.0,1432.1,0.0
2018,con el personal médico,Edad,65 años o más,65,Solo castellano,4,590.9,1432.1,41.261085119754206
2018,con el personal médico,Edad,65 años o más,65,Solo catalán,0,481.6,1432.1,33.62893652677886
2018,con el personal médico,Edad,De 15 a 29 años,15,Igual catalán que castellano,2,210.7,1168.0,18.039383561643834
2018,con el personal médico,Edad,De 15 a 29 años,15,Más castellano que catalán,3,110.1,1168.0,9.426369863013697
2018,con el personal médico,Edad,De 15 a 29 años,15,Más catalán que castellano,1,148.5,1168.0,12.71404109589041
2018,con el personal médico,Edad,De 15 a 29 años,15,Otras y no consta,5,0.0,1168.0,0.0
2018,con el personal médico,Edad,De 15 a 29 años,15,Solo castellano,4,366.7,1168.0,31.395547945205475
2018,con el personal médico,Edad,De 15 a 29 años,15,Solo catalán,0,309.7,1168.0,26.515410958904106
2018,con el personal médico,Edad,De 30 a 44 años,30,Igual catalán que castellano,2,248.0,1693.7,14.6424986715475
2018,con el personal médico,Edad,De 30 a 44 años,30,Más castellano que catalán,3,134.6,1693.7,7.9470980693156985
2018,con el personal médico,Edad,De 30 a 44 años,30,Más catalán que castellano,1,227.4,1693.7,13.426226604475408
2018,con el personal médico,Edad,De 30 a 44 años,30,Otras y no consta,5,19.7,1693.7,1.1631339670543779
2018,con el personal médico,Edad,De 30 a 44 años,30,Solo castellano,4,675.2,1693.7,39.86538347995513
2018,con el personal médico,Edad,De 30 a 44 años,30,Solo catalán,0,377.8,1693.7,22.30619354076873
2018,con el personal médico,Edad,De 45 a 64 años,45,Igual catalán que castellano,2,307.0,2092.8,14.669342507645258
2018,con el personal médico,Edad,De 45 a 64 años,45,Más castellano que catalán,3,143.4,2092.8,6.852064220183486
2018,con el personal médico,Edad,De 45 a 64 años,45,Más catalán que castellano,1,281.4,2092.8,13.446100917431188
2018,con el personal médico,Edad,De 45 a 64 años,45,Otras y no consta,5,19.2,2092.8,0.9174311926605503
2018,con el personal médico,Edad,De 45 a 64 años,45,Solo castellano,4,816.5,2092.8,39.01471712538226
2018,con el personal médico,Edad,De 45 a 64 años,45,Solo catalán,0,516.6,2092.8,24.684633027522935
2018,con el personal médico,Edad,total,99,Igual catalán que castellano,2,924.3,6386.6,14.472489274418313
2018,con el personal médico,Edad,total,99,Más castellano que catalán,3,435.5,6386.6,6.8189647073560264
2018,con el personal médico,Edad,total,99,Más catalán que castellano,1,803.4,6386.6,12.57946325118216
2018,con el personal médico,Edad,total,99,Otras y no consta,5,86.5,6386.6,1.3543982713807032
2018,con el personal médico,Edad,total,99,Solo castellano,4,2449.3,6386.6,38.350609087777535
2018,con el personal médico,Edad,total,99,Solo catalán,0,1685.6,6386.6,26.39275984091692
2018,con la Administración de la Generalitat de Catalunya,Edad,65 años o más,65,Igual catalán que castellano,2,93.2,1432.1,6.507925424202221
2018,con la Administración de la Generalitat de Catalunya,Edad,65 años o más,65,Más castellano que catalán,3,38.9,1432.1,2.7162907618183088
2018,con la Administración de la Generalitat de Catalunya,Edad,65 años o más,65,Más catalán que castellano,1,57.3,1432.1,4.001117240416172
2018,con la Administración de la Generalitat de Catalunya,Edad,65 años o más,65,Otras y no consta,5,271.9,1432.1,18.98610432232386
2018,con la Administración de la Generalitat de Catalunya,Edad,65 años o más,65,Solo castellano,4,451.2,1432.1,31.506179736051955
2018,con la Administración de la Generalitat de Catalunya,Edad,65 años o más,65,Solo catalán,0,519.4,1432.1,36.268417009985335
2018,con la Administración de la Generalitat de Catalunya,Edad,De 15 a 29 años,15,Igual catalán que castellano,2,115.5,1168.0,9.888698630136988
2018,con la Administración de la Generalitat de Catalunya,Edad,De 15 a 29 años,15,Más castellano que catalán,3,65.3,1168.0,5.590753424657533
2018,con la Administración de la Generalitat de Catalunya,Edad,De 15 a 29 años,15,Más catalán que castellano,1,118.3,1168.0,10.128424657534246
2018,con la Administración de la Generalitat de Catalunya,Edad,De 15 a 29 años,15,Otras y no consta,5,206.1,1168.0,17.64554794520548
2018,con la Administración de la Generalitat de Catalunya,Edad,De 15 a 29 años,15,Solo castellano,4,228.5,1168.0,19.56335616438356
2018,con la Administración de la Generalitat de Catalunya,Edad,De 15 a 29 años,15,Solo catalán,0,433.9,1168.0,37.14897260273972
2018,con la Administración de la Generalitat de Catalunya,Edad,De 30 a 44 años,30,Igual catalán que castellano,2,114.9,1693.7,6.783964102261321
2018,con la Administración de la Generalitat de Catalunya,Edad,De 30 a 44 años,30,Más castellano que catalán,3,98.9,1693.7,5.839286768613096
2018,con la Administración de la Generalitat de Catalunya,Edad,De 30 a 44 años,30,Más catalán que castellano,1,186.4,1693.7,11.00549093700183
2018,con la Administración de la Generalitat de Catalunya,Edad,De 30 a 44 años,30,Otras y no consta,5,116.2,1693.7,6.86071913562024
2018,con la Administración de la Generalitat de Catalunya,Edad,De 30 a 44 años,30,Solo castellano,4,532.1,1693.7,31.416425577138806
2018,con la Administración de la Generalitat de Catalunya,Edad,De 30 a 44 años,30,Solo catalán,0,641.9,1693.7,37.89927377929976
2018,con la Administración de la Generalitat de Catalunya,Edad,De 45 a 64 años,45,Igual catalán que castellano,2,172.9,2092.8,8.261659021406727
2018,con la Administración de la Generalitat de Catalunya,Edad,De 45 a 64 años,45,Más castellano que catalán,3,109.2,2092.8,5.217889908256881
2018,con la Administración de la Generalitat de Catalunya,Edad,De 45 a 64 años,45,Más catalán que castellano,1,175.2,2092.8,8.371559633027521
2018,con la Administración de la Generalitat de Catalunya,Edad,De 45 a 64 años,45,Otras y no consta,5,205.0,2092.8,9.795489296636086
2018,con la Administración de la Generalitat de Catalunya,Edad,De 45 a 64 años,45,Solo castellano,4,631.9,2092.8,30.193998470948006
2018,con la Administración de la Generalitat de Catalunya,Edad,De 45 a 64 años,45,Solo catalán,0,793.3,2092.8,37.90615443425076
2018,con la Administración de la Generalitat de Catalunya,Edad,total,99,Igual catalán que castellano,2,496.5,6386.6,7.774089499890395
2018,con la Administración de la Generalitat de Catalunya,Edad,total,99,Más castellano que catalán,3,312.3,6386.6,4.889925782106285
2018,con la Administración de la Generalitat de Catalunya,Edad,total,99,Más catalán que castellano,1,537.3,6386.6,8.41292706604453
2018,con la Administración de la Generalitat de Catalunya,Edad,total,99,Otras y no consta,5,799.2,6386.6,12.51370056054865
2018,con la Administración de la Generalitat de Catalunya,Edad,total,99,Solo castellano,4,1843.8,6386.6,28.86982118811261
2018,con la Administración de la Generalitat de Catalunya,Edad,total,99,Solo catalán,0,2388.5,6386.6,37.39861585194
2018,con la Administración del Estado en Cataluña,Edad,65 años o más,65,Igual catalán que castellano,2,173.6,1432.1,12.122058515466797
2018,con la Administración del Estado en Cataluña,Edad,65 años o más,65,Más castellano que catalán,3,73.8,1432.1,5.153271419593604
2018,con la Administración del Estado en Cataluña,Edad,65 años o más,65,Más catalán que castellano,1,122.5,1432.1,8.553871936317297
2018,con la Administración del Estado en Cataluña,Edad,65 años o más,65,Otras y no consta,5,159.8,1432.1,11.1584386565184
2018,con la Administración del Estado en Cataluña,Edad,65 años o más,65,Solo castellano,4,578.3,1432.1,40.381258292018714
2018,con la Administración del Estado en Cataluña,Edad,65 años o más,65,Solo catalán,0,323.4,1432.1,22.58222191187766
2018,con la Administración del Estado en Cataluña,Edad,De 15 a 29 años,15,Igual catalán que castellano,2,173.2,1168.0,14.82876712328767
2018,con la Administración del Estado en Cataluña,Edad,De 15 a 29 años,15,Más castellano que catalán,3,118.7,1168.0,10.162671232876713
2018,con la Administración del Estado en Cataluña,Edad,De 15 a 29 años,15,Más catalán que castellano,1,127.4,1168.0,10.907534246575343
2018,con la Administración del Estado en Cataluña,Edad,De 15 a 29 años,15,Otras y no consta,5,136.5,1168.0,11.686643835616438
2018,con la Administración del Estado en Cataluña,Edad,De 15 a 29 años,15,Solo castellano,4,369.1,1168.0,31.601027397260278
2018,con la Administración del Estado en Cataluña,Edad,De 15 a 29 años,15,Solo catalán,0,241.7,1168.0,20.69349315068493
2018,con la Administración del Estado en Cataluña,Edad,De 30 a 44 años,30,Igual catalán que castellano,2,200.6,1693.7,11.84389207061463
2018,con la Administración del Estado en Cataluña,Edad,De 30 a 44 años,30,Más castellano que catalán,3,175.4,1693.7,10.356025270118675
2018,con la Administración del Estado en Cataluña,Edad,De 30 a 44 años,30,Más catalán que castellano,1,214.4,1693.7,12.658676270886227
2018,con la Administración del Estado en Cataluña,Edad,De 30 a 44 años,30,Otras y no consta,5,56.6,1693.7,3.341796067780599
2018,con la Administración del Estado en Cataluña,Edad,De 30 a 44 años,30,Solo castellano,4,718.0,1693.7,42.39239534746413
2018,con la Administración del Estado en Cataluña,Edad,De 30 a 44 años,30,Solo catalán,0,324.9,1693.7,19.18285410639428
2018,con la Administración del Estado en Cataluña,Edad,De 45 a 64 años,45,Igual catalán que castellano,2,320.1,2092.8,15.295298165137613
2018,con la Administración del Estado en Cataluña,Edad,De 45 a 64 años,45,Más castellano que catalán,3,203.8,2092.8,9.738149847094801
2018,con la Administración del Estado en Cataluña,Edad,De 45 a 64 años,45,Más catalán que castellano,1,272.8,2092.8,13.035168195718654
2018,con la Administración del Estado en Cataluña,Edad,De 45 a 64 años,45,Otras y no consta,5,77.2,2092.8,3.6888379204892963
2018,con la Administración del Estado en Cataluña,Edad,De 45 a 64 años,45,Solo castellano,4,820.1,2092.8,39.18673547400611
2018,con la Administración del Estado en Cataluña,Edad,De 45 a 64 años,45,Solo catalán,0,393.2,2092.8,18.788226299694188
2018,con la Administración del Estado en Cataluña,Edad,total,99,Igual catalán que castellano,2,867.6,6386.6,13.584692950865875
2018,con la Administración del Estado en Cataluña,Edad,total,99,Más castellano que catalán,3,571.8,6386.6,8.953120596248395
2018,con la Administración del Estado en Cataluña,Edad,total,99,Más catalán que castellano,1,737.1,6386.6,11.541352206181694
2018,con la Administración del Estado en Cataluña,Edad,total,99,Otras y no consta,5,430.1,6386.6,6.734412676541508
2018,con la Administración del Estado en Cataluña,Edad,total,99,Solo castellano,4,2485.6,6386.6,38.9189866282529
2018,con la Administración del Estado en Cataluña,Edad,total,99,Solo catalán,0,1283.1,6386.6,20.0905019885385
2018,con la Administración local,Edad,65 años o más,65,Igual catalán que castellano,2,110.7,1432.1,7.729907129390407
2018,con la Administración local,Edad,65 años o más,65,Más castellano que catalán,3,50.8,1432.1,3.547238321346275
2018,con la Administración local,Edad,65 años o más,65,Más catalán que castellano,1,78.1,1432.1,5.453529781439843
2018,con la Administración local,Edad,65 años o más,65,Otras y no consta,5,118.2,1432.1,8.253613574471057
2018,con la Administración local,Edad,65 años o más,65,Solo castellano,4,500.3,1432.1,34.93471126317995
2018,con la Administración local,Edad,65 años o más,65,Solo catalán,0,573.4,1432.1,40.03910341456602
2018,con la Administración local,Edad,De 15 a 29 años,15,Igual catalán que castellano,2,130.5,1168.0,11.172945205479452
2018,con la Administración local,Edad,De 15 a 29 años,15,Más castellano que catalán,3,77.6,1168.0,6.643835616438356
2018,con la Administración local,Edad,De 15 a 29 años,15,Más catalán que castellano,1,138.5,1168.0,11.857876712328768
2018,con la Administración local,Edad,De 15 a 29 años,15,Otras y no consta,5,148.1,1168.0,12.679794520547944
2018,con la Administración local,Edad,De 15 a 29 años,15,Solo castellano,4,250.5,1168.0,21.44691780821918
2018,con la Administración local,Edad,De 15 a 29 años,15,Solo catalán,0,420.2,1168.0,35.976027397260275
2018,con la Administración local,Edad,De 30 a 44 años,30,Igual catalán que castellano,2,140.8,1693.7,8.313160536104387
2018,con la Administración local,Edad,De 30 a 44 años,30,Más castellano que catalán,3,122.2,1693.7,7.214973135738324
2018,con la Administración local,Edad,De 30 a 44 años,30,Más catalán que castellano,1,201.5,1693.7,11.897030170632343
2018,con la Administración local,Edad,De 30 a 44 años,30,Otras y no consta,5,52.0,1693.7,3.070201334356734
2018,con la Administración local,Edad,De 30 a 44 años,30,Solo castellano,4,558.9,1693.7,32.998760110999584
2018,con la Administración local,Edad,De 30 a 44 años,30,Solo catalán,0,617.4,1693.7,36.45273661215091
2018,con la Administración local,Edad,De 45 a 64 años,45,Igual catalán que castellano,2,201.2,2092.8,9.613914373088683
2018,con la Administración local,Edad,De 45 a 64 años,45,Más castellano que catalán,3,132.8,2092.8,6.345565749235474
2018,con la Administración local,Edad,De 45 a 64 años,45,Más catalán que castellano,1,196.2,2092.8,9.374999999999998
2018,con la Administración local,Edad,De 45 a 64 años,45,Otras y no consta,5,73.2,2092.8,3.4977064220183482
2018,con la Administración local,Edad,De 45 a 64 años,45,Solo castellano,4,676.0,2092.8,32.30122324159021
2018,con la Administración local,Edad,De 45 a 64 años,45,Solo catalán,0,811.9,2092.8,38.79491590214067
2018,con la Administración local,Edad,total,99,Igual catalán que castellano,2,583.2,6386.6,9.131619327967933
2018,con la Administración local,Edad,total,99,Más castellano que catalán,3,383.4,6386.6,6.00319418783077
2018,con la Administración local,Edad,total,99,Más catalán que castellano,1,614.3,6386.6,9.618576394325618
2018,con la Administración local,Edad,total,99,Otras y no consta,5,395.1,6386.6,6.186390254595559
2018,con la Administración local,Edad,total,99,Solo castellano,4,1985.7,6386.6,31.09166066451633
2018,con la Administración local,Edad,total,99,Solo catalán,0,2422.9,6386.6,37.937243603795444
2018,con la policía local o Mossos d'Esquadra,Edad,65 años o más,65,Igual catalán que castellano,2,0.0,0.0,
2018,con la policía local o Mossos d'Esquadra,Edad,65 años o más,65,Más castellano que catalán,3,0.0,0.0,
2018,con la policía local o Mossos d'Esquadra,Edad,65 años o más,65,Más catalán que castellano,1,0.0,0.0,
2018,con la policía local o Mossos d'Esquadra,Edad,65 años o más,65,Otras y no consta,5,0.0,0.0,
2018,con la policía local o Mossos d'Esquadra,Edad,65 años o más,65,Solo castellano,4,0.0,0.0,
2018,con la policía local o Mossos d'Esquadra,Edad,65 años o más,65,Solo catalán,0,0.0,0.0,
2018,con la policía local o Mossos d'Esquadra,Edad,De 15 a 29 años,15,Igual catalán que castellano,2,0.0,0.0,
2018,con la policía local o Mossos d'Esquadra,Edad,De 15 a 29 años,15,Más castellano que catalán,3,0.0,0.0,
2018,con la policía local o Mossos d'Esquadra,Edad,De 15 a 29 años,15,Más catalán que castellano,1,0.0,0.0,
2018,con la policía local o Mossos d'Esquadra,Edad,De 15 a 29 años,15,Otras y no consta,5,0.0,0.0,
2018,con la policía local o Mossos d'Esquadra,Edad,De 15 a 29 años,15,Solo castellano,4,0.0,0.0,
2018,con la policía local o Mossos d'Esquadra,Edad,De 15 a 29 años,15,Solo catalán,0,0.0,0.0,
2018,con la policía local o Mossos d'Esquadra,Edad,De 30 a 44 años,30,Igual catalán que castellano,2,0.0,0.0,
2018,con la policía local o Mossos d'Esquadra,Edad,De 30 a 44 años,30,Más castellano que catalán,3,0.0,0.0,
2018,con la policía local o Mossos d'Esquadra,Edad,De 30 a 44 años,30,Más catalán que castellano,1,0.0,0.0,
2018,con la policía local o Mossos d'Esquadra,Edad,De 30 a 44 años,30,Otras y no consta,5,0.0,0.0,
2018,con la policía local o Mossos d'Esquadra,Edad,De 30 a 44 años,30,Solo castellano,4,0.0,0.0,
2018,con la policía local o Mossos d'Esquadra,Edad,De 30 a 44 años,30,Solo catalán,0,0.0,0.0,
2018,con la policía local o Mossos d'Esquadra,Edad,De 45 a 64 años,45,Igual catalán que castellano,2,0.0,0.0,
2018,con la policía local o Mossos d'Esquadra,Edad,De 45 a 64 años,45,Más castellano que catalán,3,0.0,0.0,
2018,con la policía local o Mossos d'Esquadra,Edad,De 45 a 64 años,45,Más catalán que castellano,1,0.0,0.0,
2018,con la policía local o Mossos d'Esquadra,Edad,De 45 a 64 años,45,Otras y no consta,5,0.0,0.0,
2018,con la policía local o Mossos d'Esquadra,Edad,De 45 a 64 años,45,Solo castellano,4,0.0,0.0,
2018,con la policía local o Mossos d'Esquadra,Edad,De 45 a 64 años,45,Solo catalán,0,0.0,0.0,
2018,con la policía local o Mossos d'Esquadra,Edad,total,99,Igual catalán que castellano,2,0.0,0.0,
2018,con la policía local o Mossos d'Esquadra,Edad,total,99,Más castellano que catalán,3,0.0,0.0,
2018,con la policía local o Mossos d'Esquadra,Edad,total,99,Más catalán que castellano,1,0.0,0.0,
2018,con la policía local o Mossos d'Esquadra,Edad,total,99,Otras y no consta,5,0.0,0.0,
2018,con la policía local o Mossos d'Esquadra,Edad,total,99,Solo castellano,4,0.0,0.0,
2018,con la policía local o Mossos d'Esquadra,Edad,total,99,Solo catalán,0,0.0,0.0,
2018,con los amigos,Edad,65 años o más,65,Igual catalán que castellano,2,226.8,1432.1,15.836882899238883
2018,con los amigos,Edad,65 años o más,65,Más castellano que catalán,3,82.9,1432.1,5.788701906291461
2018,con los amigos,Edad,65 años o más,65,Más catalán que castellano,1,229.7,1432.1,16.039382724670066
2018,con los amigos,Edad,65 años o más,65,Otras y no consta,5,36.599999999999994,1432.1,2.5556874519935757
2018,con los amigos,Edad,65 años o más,65,Solo castellano,4,507.3,1432.1,35.42350394525523
2018,con los amigos,Edad,65 años o más,65,Solo catalán,0,324.4,1432.1,22.652049437888415
2018,con los amigos,Edad,De 15 a 29 años,15,Igual catalán que castellano,2,229.5,1168.0,19.648972602739725
2018,con los amigos,Edad,De 15 a 29 años,15,Más castellano que catalán,3,221.5,1168.0,18.964041095890412
2018,con los amigos,Edad,De 15 a 29 años,15,Más catalán que castellano,1,197.0,1168.0,16.866438356164384
2018,con los amigos,Edad,De 15 a 29 años,15,Otras y no consta,5,126.4,1168.0,10.821917808219178
2018,con los amigos,Edad,De 15 a 29 años,15,Solo castellano,4,265.1,1168.0,22.69691780821918
2018,con los amigos,Edad,De 15 a 29 años,15,Solo catalán,0,120.3,1168.0,10.299657534246576
2018,con los amigos,Edad,De 30 a 44 años,30,Igual catalán que castellano,2,301.2,1693.7,17.78355080592785
2018,con los amigos,Edad,De 30 a 44 años,30,Más castellano que catalán,3,261.6,1693.7,15.445474405148493
2018,con los amigos,Edad,De 30 a 44 años,30,Más catalán que castellano,1,262.0,1693.7,15.469091338489696
2018,con los amigos,Edad,De 30 a 44 años,30,Otras y no consta,5,250.4,1693.7,14.784200271594733
2018,con los amigos,Edad,De 30 a 44 años,30,Solo castellano,4,459.2,1693.7,27.11223947570408
2018,con los amigos,Edad,De 30 a 44 años,30,Solo catalán,0,143.9,1693.7,8.496191769498731
2018,con los amigos,Edad,De 45 a 64 años,45,Igual catalán que castellano,2,414.1,2092.8,19.786888379204893
2018,con los amigos,Edad,De 45 a 64 años,45,Más castellano que catalán,3,268.6,2092.8,12.83448012232416
2018,con los amigos,Edad,De 45 a 64 años,45,Más catalán que castellano,1,362.0,2092.8,17.297400611620795
2018,con los amigos,Edad,De 45 a 64 años,45,Otras y no consta,5,146.29999999999998,2092.8,6.990634556574922
2018,con los amigos,Edad,De 45 a 64 años,45,Solo castellano,4,616.1,2092.8,29.439029051987763
2018,con los amigos,Edad,De 45 a 64 años,45,Solo catalán,0,266.0,2092.8,12.710244648318042
2018,con los amigos,Edad,total,99,Igual catalán que castellano,2,1171.7,6386.6,18.346224908401968
2018,con los amigos,Edad,total,99,Más castellano que catalán,3,834.5,6386.6,13.066420317539848
2018,con los amigos,Edad,total,99,Más catalán que castellano,1,1050.8,6386.6,16.453198885165815
2018,con los amigos,Edad,total,99,Otras y no consta,5,627.4,6386.6,9.823693357968246
2018,con los amigos,Edad,total,99,Solo castellano,4,1847.6,6386.6,28.92932076535245
2018,con los amigos,Edad,total,99,Solo catalán,0,854.6,6386.6,13.381141765571666
2018,con los compañeros de deporte,Edad,65 años o más,65,Igual catalán que castellano,2,0.0,0.0,
2018,con los compañeros de deporte,Edad,65 años o más,65,Más castellano que catalán,3,0.0,0.0,
2018,con los compañeros de deporte,Edad,65 años o más,65,Más catalán que castellano,1,0.0,0.0,
2018,con los compañeros de deporte,Edad,65 años o más,65,Otras y no consta,5,0.0,0.0,
2018,con los compañeros de deporte,Edad,65 años o más,65,Solo castellano,4,0.0,0.0,
2018,con los compañeros de deporte,Edad,65 años o más,65,Solo catalán,0,0.0,0.0,
2018,con los compañeros de deporte,Edad,De 15 a 29 años,15,Igual catalán que castellano,2,0.0,0.0,
2018,con los compañeros de deporte,Edad,De 15 a 29 años,15,Más castellano que catalán,3,0.0,0.0,
2018,con los compañeros de deporte,Edad,De 15 a 29 años,15,Más catalán que castellano,1,0.0,0.0,
2018,con los compañeros de deporte,Edad,De 15 a 29 años,15,Otras y no consta,5,0.0,0.0,
2018,con los compañeros de deporte,Edad,De 15 a 29 años,15,Solo castellano,4,0.0,0.0,
2018,con los compañeros de deporte,Edad,De 15 a 29 años,15,Solo catalán,0,0.0,0.0,
2018,con los compañeros de deporte,Edad,De 30 a 44 años,30,Igual catalán que castellano,2,0.0,0.0,
2018,con los compañeros de deporte,Edad,De 30 a 44 años,30,Más castellano que catalán,3,0.0,0.0,
2018,con los compañeros de deporte,Edad,De 30 a 44 años,30,Más catalán que castellano,1,0.0,0.0,
2018,con los compañeros de deporte,Edad,De 30 a 44 años,30,Otras y no consta,5,0.0,0.0,
2018,con los compañeros de deporte,Edad,De 30 a 44 años,30,Solo castellano,4,0.0,0.0,
2018,con los compañeros de deporte,Edad,De 30 a 44 años,30,Solo catalán,0,0.0,0.0,
2018,con los compañeros de deporte,Edad,De 45 a 64 años,45,Igual catalán que castellano,2,0.0,0.0,
2018,con los compañeros de deporte,Edad,De 45 a 64 años,45,Más castellano que catalán,3,0.0,0.0,
2018,con los compañeros de deporte,Edad,De 45 a 64 años,45,Más catalán que castellano,1,0.0,0.0,
2018,con los compañeros de deporte,Edad,De 45 a 64 años,45,Otras y no consta,5,0.0,0.0,
2018,con los compañeros de deporte,Edad,De 45 a 64 años,45,Solo castellano,4,0.0,0.0,
2018,con los compañeros de deporte,Edad,De 45 a 64 años,45,Solo catalán,0,0.0,0.0,
2018,con los compañeros de deporte,Edad,total,99,Igual catalán que castellano,2,0.0,0.0,
2018,con los compañeros de deporte,Edad,total,99,Más castellano que catalán,3,0.0,0.0,
2018,con los compañeros de deporte,Edad,total,99,Más catalán que castellano,1,0.0,0.0,
2018,con los compañeros de deporte,Edad,total,99,Otras y no consta,5,0.0,0.0,
2018,con los compañeros de deporte,Edad,total,99,Solo castellano,4,0.0,0.0,
2018,con los compañeros de deporte,Edad,total,99,Solo catalán,0,0.0,0.0,
2018,con los compañeros de estudio,Edad,65 años o más,65,Igual catalán que castellano,2,0.0,57.1,0.0
2018,con los compañeros de estudio,Edad,65 años o más,65,Más castellano que catalán,3,0.0,57.1,0.0
2018,con los compañeros de estudio,Edad,65 años o más,65,Más catalán que castellano,1,0.0,57.1,0.0
2018,con los compañeros de estudio,Edad,65 años o más,65,Otras y no consta,5,0.0,57.1,0.0
2018,con los compañeros de estudio,Edad,65 años o más,65,Solo castellano,4,0.0,57.1,0.0
2018,con los compañeros de estudio,Edad,65 años o más,65,Solo catalán,0,21.4,57.1,37.478108581436075
2018,con los compañeros de estudio,Edad,De 15 a 29 años,15,Igual catalán que castellano,2,139.0,655.7,21.198718926338262
2018,con los compañeros de estudio,Edad,De 15 a 29 años,15,Más castellano que catalán,3,101.4,655.7,15.464389202379136
2018,con los compañeros de estudio,Edad,De 15 a 29 años,15,Más catalán que castellano,1,134.9,655.7,20.57343297239591
2018,con los compañeros de estudio,Edad,De 15 a 29 años,15,Otras y no consta,5,28.9,655.7,4.407503431447308
2018,con los compañeros de estudio,Edad,De 15 a 29 años,15,Solo castellano,4,125.3,655.7,19.109348787555284
2018,con los compañeros de estudio,Edad,De 15 a 29 años,15,Solo catalán,0,102.1,655.7,15.571145340857099
2018,con los compañeros de estudio,Edad,De 30 a 44 años,30,Igual catalán que castellano,2,33.2,203.4,16.322517207472963
2018,con los compañeros de estudio,Edad,De 30 a 44 años,30,Más castellano que catalán,3,24.6,203.4,12.094395280235988
2018,con los compañeros de estudio,Edad,De 30 a 44 años,30,Más catalán que castellano,1,28.4,203.4,13.962635201573253
2018,con los compañeros de estudio,Edad,De 30 a 44 años,30,Otras y no consta,5,0.0,203.4,0.0
2018,con los compañeros de estudio,Edad,De 30 a 44 años,30,Solo castellano,4,51.4,203.4,25.27040314650934
2018,con los compañeros de estudio,Edad,De 30 a 44 años,30,Solo catalán,0,37.4,203.4,18.3874139626352
2018,con los compañeros de estudio,Edad,De 45 a 64 años,45,Igual catalán que castellano,2,29.0,168.0,17.261904761904763
2018,con los compañeros de estudio,Edad,De 45 a 64 años,45,Más castellano que catalán,3,0.0,168.0,0.0
2018,con los compañeros de estudio,Edad,De 45 a 64 años,45,Más catalán que castellano,1,21.1,168.0,12.55952380952381
2018,con los compañeros de estudio,Edad,De 45 a 64 años,45,Otras y no consta,5,0.0,168.0,0.0
2018,con los compañeros de estudio,Edad,De 45 a 64 años,45,Solo castellano,4,33.0,168.0,19.642857142857142
2018,con los compañeros de estudio,Edad,De 45 a 64 años,45,Solo catalán,0,36.9,168.0,21.964285714285715
2018,con los compañeros de estudio,Edad,total,99,Igual catalán que castellano,2,207.6,1084.2,19.14775871610404
2018,con los compañeros de estudio,Edad,total,99,Más castellano que catalán,3,139.4,1084.2,12.85740638258624
2018,con los compañeros de estudio,Edad,total,99,Más catalán que castellano,1,196.4,1084.2,18.11473897804833
2018,con los compañeros de estudio,Edad,total,99,Otras y no consta,5,127.0,1084.2,11.713705958310275
2018,con los compañeros de estudio,Edad,total,99,Solo castellano,4,216.0,1084.2,19.92252351964582
2018,con los compañeros de estudio,Edad,total,99,Solo catalán,0,197.8,1084.2,18.243866445305297
2018,con los compañeros de trabajo,Edad,65 años o más,65,Igual catalán que castellano,2,0.0,35.6,0.0
2018,con los compañeros de trabajo,Edad,65 años o más,65,Más castellano que catalán,3,0.0,35.6,0.0
2018,con los compañeros de trabajo,Edad,65 años o más,65,Más catalán que castellano,1,0.0,35.6,0.0
2018,con los compañeros de trabajo,Edad,65 años o más,65,Otras y no consta,5,0.0,35.6,0.0
2018,con los compañeros de trabajo,Edad,65 años o más,65,Solo castellano,4,0.0,35.6,0.0
2018,con los compañeros de trabajo,Edad,65 años o más,65,Solo catalán,0,0.0,35.6,0.0
2018,con los compañeros de trabajo,Edad,De 15 a 29 años,15,Igual catalán que castellano,2,111.6,501.6,22.248803827751193
2018,con los compañeros de trabajo,Edad,De 15 a 29 años,15,Más castellano que catalán,3,68.7,501.6,13.696172248803828
2018,con los compañeros de trabajo,Edad,De 15 a 29 años,15,Más catalán que castellano,1,62.7,501.6,12.5
2018,con los compañeros de trabajo,Edad,De 15 a 29 años,15,Otras y no consta,5,54.7,501.6,10.905103668261564
2018,con los compañeros de trabajo,Edad,De 15 a 29 años,15,Solo castellano,4,116.5,501.6,23.225677830940988
2018,con los compañeros de trabajo,Edad,De 15 a 29 años,15,Solo catalán,0,78.2,501.6,15.59011164274322
2018,con los compañeros de trabajo,Edad,De 30 a 44 años,30,Igual catalán que castellano,2,275.5,1369.8,20.112425171557895
2018,con los compañeros de trabajo,Edad,De 30 a 44 años,30,Más castellano que catalán,3,194.0,1369.8,14.162651481968172
2018,con los compañeros de trabajo,Edad,De 30 a 44 años,30,Más catalán que castellano,1,210.0,1369.8,15.33070521243977
2018,con los compañeros de trabajo,Edad,De 30 a 44 años,30,Otras y no consta,5,120.3,1369.8,8.782303985983356
2018,con los compañeros de trabajo,Edad,De 30 a 44 años,30,Solo castellano,4,385.2,1369.8,28.12089356110381
2018,con los compañeros de trabajo,Edad,De 30 a 44 años,30,Solo catalán,0,180.0,1369.8,13.14060446780552
2018,con los compañeros de trabajo,Edad,De 45 a 64 años,45,Igual catalán que castellano,2,274.9,1395.4,19.700444317041704
2018,con los compañeros de trabajo,Edad,De 45 a 64 años,45,Más castellano que catalán,3,171.3,1395.4,12.276049878171134
2018,con los compañeros de trabajo,Edad,De 45 a 64 años,45,Más catalán que castellano,1,219.1,1395.4,15.701590941665472
2018,con los compañeros de trabajo,Edad,De 45 a 64 años,45,Otras y no consta,5,142.2,1395.4,10.190626343700728
2018,con los compañeros de trabajo,Edad,De 45 a 64 años,45,Solo castellano,4,346.3,1395.4,24.817256700587645
2018,con los compañeros de trabajo,Edad,De 45 a 64 años,45,Solo catalán,0,239.8,1395.4,17.18503654865988
2018,con los compañeros de trabajo,Edad,total,99,Igual catalán que castellano,2,666.0,3302.5,20.166540499621497
2018,con los compañeros de trabajo,Edad,total,99,Más castellano que catalán,3,435.6,3302.5,13.190007570022711
2018,con los compañeros de trabajo,Edad,total,99,Más catalán que castellano,1,498.7,3302.5,15.100681302043906
2018,con los compañeros de trabajo,Edad,total,99,Otras y no consta,5,337.9,3302.5,10.231642694928084
2018,con los compañeros de trabajo,Edad,total,99,Solo castellano,4,859.4,3302.5,26.022710068130205
2018,con los compañeros de trabajo,Edad,total,99,Solo catalán,0,504.8,3302.5,15.285389856169568
2018,con los miembros del hogar,Edad,65 años o más,65,Igual catalán que castellano,2,61.6,1125.0,5.475555555555555
2018,con los miembros del hogar,Edad,65 años o más,65,Más castellano que catalán,3,60.5,1125.0,5.377777777777778
2018,con los miembros del hogar,Edad,65 años o más,65,Más catalán que castellano,1,45.0,1125.0,4.0
2018,con los miembros del hogar,Edad,65 años o más,65,Otras y no consta,5,44.0,1125.0,3.911111111111111
2018,con los miembros del hogar,Edad,65 años o más,65,Solo castellano,4,480.1,1125.0,42.675555555555555
2018,con los miembros del hogar,Edad,65 años o más,65,Solo catalán,0,426.1,1125.0,37.87555555555556
2018,con los miembros del hogar,Edad,De 15 a 29 años,15,Igual catalán que castellano,2,87.3,1134.1,7.697733885900715
2018,con los miembros del hogar,Edad,De 15 a 29 años,15,Más castellano que catalán,3,119.3,1134.1,10.51935455427211
2018,con los miembros del hogar,Edad,De 15 a 29 años,15,Más catalán que castellano,1,75.7,1134.1,6.674896393616084
2018,con los miembros del hogar,Edad,De 15 a 29 años,15,Otras y no consta,5,140.9,1134.1,12.423948505422803
2018,con los miembros del hogar,Edad,De 15 a 29 años,15,Solo castellano,4,414.6,1134.1,36.557622784586904
2018,con los miembros del hogar,Edad,De 15 a 29 años,15,Solo catalán,0,280.4,1134.1,24.724451106604356
2018,con los miembros del hogar,Edad,De 30 a 44 años,30,Igual catalán que castellano,2,141.8,1563.4,9.069975694000256
2018,con los miembros del hogar,Edad,De 30 a 44 años,30,Más castellano que catalán,3,214.5,1563.4,13.720097223998975
2018,con los miembros del hogar,Edad,De 30 a 44 años,30,Más catalán que castellano,1,103.0,1563.4,6.588205193808366
2018,con los miembros del hogar,Edad,De 30 a 44 años,30,Otras y no consta,5,275.1,1563.4,17.59626455161827
2018,con los miembros del hogar,Edad,De 30 a 44 años,30,Solo castellano,4,507.5,1563.4,32.461302289881026
2018,con los miembros del hogar,Edad,De 30 a 44 años,30,Solo catalán,0,320.8,1563.4,20.519380836638096
2018,con los miembros del hogar,Edad,De 45 a 64 años,45,Igual catalán que castellano,2,154.7,1917.0,8.069900886802294
2018,con los miembros del hogar,Edad,De 45 a 64 años,45,Más castellano que catalán,3,183.8,1917.0,9.587897756911842
2018,con los miembros del hogar,Edad,De 45 a 64 años,45,Más catalán que castellano,1,100.0,1917.0,5.216484089723526
2018,con los miembros del hogar,Edad,De 45 a 64 años,45,Otras y no consta,5,166.4,1917.0,8.680229525299948
2018,con los miembros del hogar,Edad,De 45 a 64 años,45,Solo castellano,4,764.0,1917.0,39.85393844548774
2018,con los miembros del hogar,Edad,De 45 a 64 años,45,Solo catalán,0,535.6,1917.0,27.93948878455921
2018,con los miembros del hogar,Edad,total,99,Igual catalán que castellano,2,445.4,5739.5,7.760257862183116
2018,con los miembros del hogar,Edad,total,99,Más castellano que catalán,3,578.0,5739.5,10.070563637947556
2018,con los miembros del hogar,Edad,total,99,Más catalán que castellano,1,323.7,5739.5,5.639864099660249
2018,con los miembros del hogar,Edad,total,99,Otras y no consta,5,653.9,5739.5,11.392978482446207
2018,con los miembros del hogar,Edad,total,99,Solo castellano,4,2166.2,5739.5,37.74196358567819
2018,con los miembros del hogar,Edad,total,99,Solo catalán,0,1562.9,5739.5,27.230594999564424
2018,con los vecinos,Edad,65 años o más,65,Igual catalán que castellano,2,220.9,1432.1,15.424900495775438
2018,con los vecinos,Edad,65 años o más,65,Más castellano que catalán,3,83.6,1432.1,5.837581174498988
2018,con los vecinos,Edad,65 años o más,65,Más catalán que castellano,1,196.4,1432.1,13.714126108511977
2018,con los vecinos,Edad,65 años o más,65,Otras y no consta,5,4.8,1432.1,0.3351721248516165
2018,con los vecinos,Edad,65 años o más,65,Solo castellano,4,567.4,1432.1,39.620138258501505
2018,con los vecinos,Edad,65 años o más,65,Solo catalán,0,336.6,1432.1,23.50394525521961
2018,con los vecinos,Edad,De 15 a 29 años,15,Igual catalán que castellano,2,199.3,1168.0,17.06335616438356
2018,con los vecinos,Edad,De 15 a 29 años,15,Más castellano que catalán,3,154.6,1168.0,13.236301369863012
2018,con los vecinos,Edad,De 15 a 29 años,15,Más catalán que castellano,1,143.7,1168.0,12.30308219178082
2018,con los vecinos,Edad,De 15 a 29 años,15,Otras y no consta,5,56.2,1168.0,4.811643835616438
2018,con los vecinos,Edad,De 15 a 29 años,15,Solo castellano,4,399.8,1168.0,34.22945205479452
2018,con los vecinos,Edad,De 15 a 29 años,15,Solo catalán,0,205.2,1168.0,17.56849315068493
2018,con los vecinos,Edad,De 30 a 44 años,30,Igual catalán que castellano,2,292.6,1693.7,17.27578673909193
2018,con los vecinos,Edad,De 30 a 44 años,30,Más castellano que catalán,3,224.3,1693.7,13.243195371081065
2018,con los vecinos,Edad,De 30 a 44 años,30,Más catalán que castellano,1,235.1,1693.7,13.880852571293618
2018,con los vecinos,Edad,De 30 a 44 años,30,Otras y no consta,5,83.2,1693.7,4.912322134970775
2018,con los vecinos,Edad,De 30 a 44 años,30,Solo castellano,4,644.2,1693.7,38.03507114601169
2018,con los vecinos,Edad,De 30 a 44 años,30,Solo catalán,0,210.8,1693.7,12.446123870815375
2018,con los vecinos,Edad,De 45 a 64 años,45,Igual catalán que castellano,2,381.9,2092.8,18.24827981651376
2018,con los vecinos,Edad,De 45 a 64 años,45,Más castellano que catalán,3,234.4,2092.8,11.200305810397552
2018,con los vecinos,Edad,De 45 a 64 años,45,Más catalán que castellano,1,341.1,2092.8,16.29873853211009
2018,con los vecinos,Edad,De 45 a 64 años,45,Otras y no consta,5,63.6,2092.8,3.038990825688073
2018,con los vecinos,Edad,De 45 a 64 años,45,Solo castellano,4,751.3,2092.8,35.899273700305805
2018,con los vecinos,Edad,De 45 a 64 años,45,Solo catalán,0,318.2,2092.8,15.204510703363914
2018,con los vecinos,Edad,total,99,Igual catalán que castellano,2,1094.7,6386.6,17.140575580120878
2018,con los vecinos,Edad,total,99,Más castellano que catalán,3,696.8,6386.6,10.910343531769641
2018,con los vecinos,Edad,total,99,Más catalán que castellano,1,916.2,6386.6,14.345661228196535
2018,con los vecinos,Edad,total,99,Otras y no consta,5,245.39999999999998,6386.6,3.8424200670153126
2018,con los vecinos,Edad,total,99,Solo castellano,4,2362.7,6386.6,36.994645038048404
2018,con los vecinos,Edad,total,99,Solo catalán,0,1070.8,6386.6,16.766354554849215
2018,con los órganos judiciales,Edad,65 años o más,65,Igual catalán que castellano,2,0.0,0.0,
2018,con los órganos judiciales,Edad,65 años o más,65,Más castellano que catalán,3,0.0,0.0,
2018,con los órganos judiciales,Edad,65 años o más,65,Más catalán que castellano,1,0.0,0.0,
2018,con los órganos judiciales,Edad,65 años o más,65,Otras y no consta,5,0.0,0.0,
2018,con los órganos judiciales,Edad,65 años o más,65,Solo castellano,4,0.0,0.0,
2018,con los órganos judiciales,Edad,65 años o más,65,Solo catalán,0,0.0,0.0,
2018,con los órganos judiciales,Edad,De 15 a 29 años,15,Igual catalán que castellano,2,0.0,0.0,
2018,con los órganos judiciales,Edad,De 15 a 29 años,15,Más castellano que catalán,3,0.0,0.0,
2018,con los órganos judiciales,Edad,De 15 a 29 años,15,Más catalán que castellano,1,0.0,0.0,
2018,con los órganos judiciales,Edad,De 15 a 29 años,15,Otras y no consta,5,0.0,0.0,
2018,con los órganos judiciales,Edad,De 15 a 29 años,15,Solo castellano,4,0.0,0.0,
2018,con los órganos judiciales,Edad,De 15 a 29 años,15,Solo catalán,0,0.0,0.0,
2018,con los órganos judiciales,Edad,De 30 a 44 años,30,Igual catalán que castellano,2,0.0,0.0,
2018,con los órganos judiciales,Edad,De 30 a 44 años,30,Más castellano que catalán,3,0.0,0.0,
2018,con los órganos judiciales,Edad,De 30 a 44 años,30,Más catalán que castellano,1,0.0,0.0,
2018,con los órganos judiciales,Edad,De 30 a 44 años,30,Otras y no consta,5,0.0,0.0,
2018,con los órganos judiciales,Edad,De 30 a 44 años,30,Solo castellano,4,0.0,0.0,
2018,con los órganos judiciales,Edad,De 30 a 44 años,30,Solo catalán,0,0.0,0.0,
2018,con los órganos judiciales,Edad,De 45 a 64 años,45,Igual catalán que castellano,2,0.0,0.0,
2018,con los órganos judiciales,Edad,De 45 a 64 años,45,Más castellano que catalán,3,0.0,0.0,
2018,con los órganos judiciales,Edad,De 45 a 64 años,45,Más catalán que castellano,1,0.0,0.0,
2018,con los órganos judiciales,Edad,De 45 a 64 años,45,Otras y no consta,5,0.0,0.0,
2018,con los órganos judiciales,Edad,De 45 a 64 años,45,Solo castellano,4,0.0,0.0,
2018,con los órganos judiciales,Edad,De 45 a 64 años,45,Solo catalán,0,0.0,0.0,
2018,con los órganos judiciales,Edad,total,99,Igual catalán que castellano,2,0.0,0.0,
2018,con los órganos judiciales,Edad,total,99,Más castellano que catalán,3,0.0,0.0,
2018,con los órganos judiciales,Edad,total,99,Más catalán que castellano,1,0.0,0.0,
2018,con los órganos judiciales,Edad,total,99,Otras y no consta,5,0.0,0.0,
2018,con los órganos judiciales,Edad,total,99,Solo castellano,4,0.0,0.0,
2018,con los órganos judiciales,Edad,total,99,Solo catalán,0,0.0,0.0,
2018,con usuarios o clientes de Cataluña,Edad,65 años o más,65,Igual catalán que castellano,2,0.0,33.4,0.0
2018,con usuarios o clientes de Cataluña,Edad,65 años o más,65,Más castellano que catalán,3,0.0,33.4,0.0
2018,con usuarios o clientes de Cataluña,Edad,65 años o más,65,Más catalán que castellano,1,0.0,33.4,0.0
2018,con usuarios o clientes de Cataluña,Edad,65 años o más,65,Otras y no consta,5,0.0,33.4,0.0
2018,con usuarios o clientes de Cataluña,Edad,65 años o más,65,Solo castellano,4,0.0,33.4,0.0
2018,con usuarios o clientes de Cataluña,Edad,65 años o más,65,Solo catalán,0,0.0,33.4,0.0
2018,con usuarios o clientes de Cataluña,Edad,De 15 a 29 años,15,Igual catalán que castellano,2,143.1,440.2,32.50795093139482
2018,con usuarios o clientes de Cataluña,Edad,De 15 a 29 años,15,Más castellano que catalán,3,50.6,440.2,11.49477510222626
2018,con usuarios o clientes de Cataluña,Edad,De 15 a 29 años,15,Más catalán que castellano,1,82.4,440.2,18.71876419809178
2018,con usuarios o clientes de Cataluña,Edad,De 15 a 29 años,15,Otras y no consta,5,27.4,440.2,6.224443434802362
2018,con usuarios o clientes de Cataluña,Edad,De 15 a 29 años,15,Solo castellano,4,57.2,440.2,12.99409359382099
2018,con usuarios o clientes de Cataluña,Edad,De 15 a 29 años,15,Solo catalán,0,58.6,440.2,13.312130849613812
2018,con usuarios o clientes de Cataluña,Edad,De 30 a 44 años,30,Igual catalán que castellano,2,324.2,1243.5,26.07157217531162
2018,con usuarios o clientes de Cataluña,Edad,De 30 a 44 años,30,Más castellano que catalán,3,159.4,1243.5,12.818657016485727
2018,con usuarios o clientes de Cataluña,Edad,De 30 a 44 años,30,Más catalán que castellano,1,279.8,1243.5,22.501005227181345
2018,con usuarios o clientes de Cataluña,Edad,De 30 a 44 años,30,Otras y no consta,5,73.30000000000001,1243.5,5.894652191395256
2018,con usuarios o clientes de Cataluña,Edad,De 30 a 44 años,30,Solo castellano,4,252.7,1243.5,20.321672698029754
2018,con usuarios o clientes de Cataluña,Edad,De 30 a 44 años,30,Solo catalán,0,128.8,1243.5,10.357860876558103
2018,con usuarios o clientes de Cataluña,Edad,De 45 a 64 años,45,Igual catalán que castellano,2,349.0,1257.3,27.757893899626186
2018,con usuarios o clientes de Cataluña,Edad,De 45 a 64 años,45,Más castellano que catalán,3,137.2,1257.3,10.912272329595165
2018,con usuarios o clientes de Cataluña,Edad,De 45 a 64 años,45,Más catalán que castellano,1,334.3,1257.3,26.58872186431242
2018,con usuarios o clientes de Cataluña,Edad,De 45 a 64 años,45,Otras y no consta,5,45.7,1257.3,3.634772926111509
2018,con usuarios o clientes de Cataluña,Edad,De 45 a 64 años,45,Solo castellano,4,227.6,1257.3,18.102282669211803
2018,con usuarios o clientes de Cataluña,Edad,De 45 a 64 años,45,Solo catalán,0,146.8,1257.3,11.675813250616402
2018,con usuarios o clientes de Cataluña,Edad,total,99,Igual catalán que castellano,2,823.4,2974.4,27.682894029047873
2018,con usuarios o clientes de Cataluña,Edad,total,99,Más castellano que catalán,3,350.8,2974.4,11.793975255513717
2018,con usuarios o clientes de Cataluña,Edad,total,99,Más catalán que castellano,1,705.2,2974.4,23.708983324367942
2018,con usuarios o clientes de Cataluña,Edad,total,99,Otras y no consta,5,213.0,2974.4,7.161108122646584
2018,con usuarios o clientes de Cataluña,Edad,total,99,Solo castellano,4,545.9,2974.4,18.353281334050564
2018,con usuarios o clientes de Cataluña,Edad,total,99,Solo catalán,0,336.1,2974.4,11.29975793437332
2018,en el centro de culto,Edad,65 años o más,65,Igual catalán que castellano,2,0.0,0.0,
2018,en el centro de culto,Edad,65 años o más,65,Más castellano que catalán,3,0.0,0.0,
2018,en el centro de culto,Edad,65 años o más,65,Más catalán que castellano,1,0.0,0.0,
2018,en el centro de culto,Edad,65 años o más,65,Otras y no consta,5,0.0,0.0,
2018,en el centro de culto,Edad,65 años o más,65,Solo castellano,4,0.0,0.0,
2018,en el centro de culto,Edad,65 años o más,65,Solo catalán,0,0.0,0.0,
2018,en el centro de culto,Edad,De 15 a 29 años,15,Igual catalán que castellano,2,0.0,0.0,
2018,en el centro de culto,Edad,De 15 a 29 años,15,Más castellano que catalán,3,0.0,0.0,
2018,en el centro de culto,Edad,De 15 a 29 años,15,Más catalán que castellano,1,0.0,0.0,
2018,en el centro de culto,Edad,De 15 a 29 años,15,Otras y no consta,5,0.0,0.0,
2018,en el centro de culto,Edad,De 15 a 29 años,15,Solo castellano,4,0.0,0.0,
2018,en el centro de culto,Edad,De 15 a 29 años,15,Solo catalán,0,0.0,0.0,
2018,en el centro de culto,Edad,De 30 a 44 años,30,Igual catalán que castellano,2,0.0,0.0,
2018,en el centro de culto,Edad,De 30 a 44 años,30,Más castellano que catalán,3,0.0,0.0,
2018,en el centro de culto,Edad,De 30 a 44 años,30,Más catalán que castellano,1,0.0,0.0,
2018,en el centro de culto,Edad,De 30 a 44 años,30,Otras y no consta,5,0.0,0.0,
2018,en el centro de culto,Edad,De 30 a 44 años,30,Solo castellano,4,0.0,0.0,
2018,en el centro de culto,Edad,De 30 a 44 años,30,Solo catalán,0,0.0,0.0,
2018,en el centro de culto,Edad,De 45 a 64 años,45,Igual catalán que castellano,2,0.0,0.0,
2018,en el centro de culto,Edad,De 45 a 64 años,45,Más castellano que catalán,3,0.0,0.0,
2018,en el centro de culto,Edad,De 45 a 64 años,45,Más catalán que castellano,1,0.0,0.0,
2018,en el centro de culto,Edad,De 45 a 64 años,45,Otras y no consta,5,0.0,0.0,
2018,en el centro de culto,Edad,De 45 a 64 años,45,Solo castellano,4,0.0,0.0,
2018,en el centro de culto,Edad,De 45 a 64 años,45,Solo catalán,0,0.0,0.0,
2018,en el centro de culto,Edad,total,99,Igual catalán que castellano,2,0.0,0.0,
2018,en el centro de culto,Edad,total,99,Más castellano que catalán,3,0.0,0.0,
2018,en el centro de culto,Edad,total,99,Más catalán que castellano,1,0.0,0.0,
2018,en el centro de culto,Edad,total,99,Otras y no consta,5,0.0,0.0,
2018,en el centro de culto,Edad,total,99,Solo castellano,4,0.0,0.0,
2018,en el centro de culto,Edad,total,99,Solo catalán,0,0.0,0.0,
2018,en el gran comercio,Edad,65 años o más,65,Igual catalán que castellano,2,214.6,1432.1,14.984987081907688
2018,en el gran comercio,Edad,65 años o más,65,Más castellano que catalán,3,78.7,1432.1,5.495426297046296
2018,en el gran comercio,Edad,65 años o más,65,Más catalán que castellano,1,196.4,1432.1,13.714126108511977
2018,en el gran comercio,Edad,65 años o más,65,Otras y no consta,5,50.7,1432.1,3.5402555687452
2018,en el gran comercio,Edad,65 años o más,65,Solo castellano,4,524.4,1432.1,36.6175546400391
2018,en el gran comercio,Edad,65 años o más,65,Solo catalán,0,364.0,1432.1,25.417219467914254
2018,en el gran comercio,Edad,De 15 a 29 años,15,Igual catalán que castellano,2,252.4,1168.0,21.60958904109589
2018,en el gran comercio,Edad,De 15 a 29 años,15,Más castellano que catalán,3,202.5,1168.0,17.33732876712329
2018,en el gran comercio,Edad,De 15 a 29 años,15,Más catalán que castellano,1,177.0,1168.0,15.154109589041095
2018,en el gran comercio,Edad,De 15 a 29 años,15,Otras y no consta,5,16.1,1168.0,1.3784246575342467
2018,en el gran comercio,Edad,De 15 a 29 años,15,Solo castellano,4,353.0,1168.0,30.222602739726028
2018,en el gran comercio,Edad,De 15 a 29 años,15,Solo catalán,0,160.5,1168.0,13.741438356164384
2018,en el gran comercio,Edad,De 30 a 44 años,30,Igual catalán que castellano,2,317.1,1693.7,18.722323906240774
2018,en el gran comercio,Edad,De 30 a 44 años,30,Más castellano que catalán,3,236.7,1693.7,13.975320304658439
2018,en el gran comercio,Edad,De 30 a 44 años,30,Más catalán que castellano,1,264.5,1693.7,15.616697171872232
2018,en el gran comercio,Edad,De 30 a 44 años,30,Otras y no consta,5,21.6,1693.7,1.275314400425105
2018,en el gran comercio,Edad,De 30 a 44 años,30,Solo castellano,4,623.4,1693.7,36.806990612269
2018,en el gran comercio,Edad,De 30 a 44 años,30,Solo catalán,0,223.0,1693.7,13.166440337722147
2018,en el gran comercio,Edad,De 45 a 64 años,45,Igual catalán que castellano,2,408.5,2092.8,19.519304281345565
2018,en el gran comercio,Edad,De 45 a 64 años,45,Más castellano que catalán,3,243.7,2092.8,11.644686544342505
2018,en el gran comercio,Edad,De 45 a 64 años,45,Más catalán que castellano,1,375.2,2092.8,17.92813455657492
2018,en el gran comercio,Edad,De 45 a 64 años,45,Otras y no consta,5,23.0,2092.8,1.099006116207951
2018,en el gran comercio,Edad,De 45 a 64 años,45,Solo castellano,4,690.7,2092.8,33.003631498470945
2018,en el gran comercio,Edad,De 45 a 64 años,45,Solo catalán,0,341.5,2092.8,16.317851681957187
2018,en el gran comercio,Edad,total,99,Igual catalán que castellano,2,1192.7,6386.6,18.675038361569534
2018,en el gran comercio,Edad,total,99,Más castellano que catalán,3,761.6,6386.6,11.924967901543857
2018,en el gran comercio,Edad,total,99,Más catalán que castellano,1,1013.2,6386.6,15.864466226161026
2018,en el gran comercio,Edad,total,99,Otras y no consta,5,137.1,6386.6,2.1466821156797042
2018,en el gran comercio,Edad,total,99,Solo castellano,4,2191.5,6386.6,34.314032505558515
2018,en el gran comercio,Edad,total,99,Solo catalán,0,1089.1,6386.6,17.052891992609524
2018,en el pequeño comercio,Edad,65 años o más,65,Igual catalán que castellano,2,207.4,1432.1,14.482228894630264
2018,en el pequeño comercio,Edad,65 años o más,65,Más castellano que catalán,3,79.1,1432.1,5.523357307450597
2018,en el pequeño comercio,Edad,65 años o más,65,Más catalán que castellano,1,190.7,1432.1,13.316109210250682
2018,en el pequeño comercio,Edad,65 años o más,65,Otras y no consta,5,23.400000000000002,1432.1,1.6339641086516306
2018,en el pequeño comercio,Edad,65 años o más,65,Solo castellano,4,515.0,1432.1,35.96117589553802
2018,en el pequeño comercio,Edad,65 años o más,65,Solo catalán,0,413.4,1432.1,28.866699252845475
2018,en el pequeño comercio,Edad,De 15 a 29 años,15,Igual catalán que castellano,2,251.8,1168.0,21.558219178082194
2018,en el pequeño comercio,Edad,De 15 a 29 años,15,Más castellano que catalán,3,152.6,1168.0,13.065068493150683
2018,en el pequeño comercio,Edad,De 15 a 29 años,15,Más catalán que castellano,1,233.9,1168.0,20.02568493150685
2018,en el pequeño comercio,Edad,De 15 a 29 años,15,Otras y no consta,5,0.0,1168.0,0.0
2018,en el pequeño comercio,Edad,De 15 a 29 años,15,Solo castellano,4,320.9,1168.0,27.474315068493148
2018,en el pequeño comercio,Edad,De 15 a 29 años,15,Solo catalán,0,187.7,1168.0,16.070205479452053
2018,en el pequeño comercio,Edad,De 30 a 44 años,30,Igual catalán que castellano,2,313.3,1693.7,18.49796303949932
2018,en el pequeño comercio,Edad,De 30 a 44 años,30,Más castellano que catalán,3,191.9,1693.7,11.330223770443409
2018,en el pequeño comercio,Edad,De 30 a 44 años,30,Más catalán que castellano,1,322.8,1693.7,19.058865206352955
2018,en el pequeño comercio,Edad,De 30 a 44 años,30,Otras y no consta,5,29.7,1693.7,1.753557300584519
2018,en el pequeño comercio,Edad,De 30 a 44 años,30,Solo castellano,4,564.3,1693.7,33.31758871110586
2018,en el pequeño comercio,Edad,De 30 a 44 años,30,Solo catalán,0,264.4,1693.7,15.61079293853693
2018,en el pequeño comercio,Edad,De 45 a 64 años,45,Igual catalán que castellano,2,389.9,2092.8,18.630542813455655
2018,en el pequeño comercio,Edad,De 45 a 64 años,45,Más castellano que catalán,3,217.5,2092.8,10.392775229357797
2018,en el pequeño comercio,Edad,De 45 a 64 años,45,Más catalán que castellano,1,399.2,2092.8,19.07492354740061
2018,en el pequeño comercio,Edad,De 45 a 64 años,45,Otras y no consta,5,11.0,2092.8,0.5256116207951069
2018,en el pequeño comercio,Edad,De 45 a 64 años,45,Solo castellano,4,653.2,2092.8,31.211773700305812
2018,en el pequeño comercio,Edad,De 45 a 64 años,45,Solo catalán,0,405.1,2092.8,19.356842507645258
2018,en el pequeño comercio,Edad,total,99,Igual catalán que castellano,2,1162.4,6386.6,18.20060752199919
2018,en el pequeño comercio,Edad,total,99,Más castellano que catalán,3,641.0,6386.6,10.036639213352958
2018,en el pequeño comercio,Edad,total,99,Más catalán que castellano,1,1146.6,6386.6,17.953214542949297
2018,en el pequeño comercio,Edad,total,99,Otras y no consta,5,112.6,6386.6,1.7630664203175397
2018,en el pequeño comercio,Edad,total,99,Solo castellano,4,2053.4,6386.6,32.15169260639464
2018,en el pequeño comercio,Edad,total,99,Solo catalán,0,1270.6,6386.6,19.894779694986376
2018,en la entidad financiera,Edad,65 años o más,65,Igual catalán que castellano,2,135.6,1432.1,9.468612527058166
2018,en la entidad financiera,Edad,65 años o más,65,Más castellano que catalán,3,40.4,1432.1,2.821032050834439
2018,en la entidad financiera,Edad,65 años o más,65,Más catalán que castellano,1,98.3,1432.1,6.864045806857064
2018,en la entidad financiera,Edad,65 años o más,65,Otras y no consta,5,45.1,1432.1,3.14922142308498
2018,en la entidad financiera,Edad,65 años o más,65,Solo castellano,4,546.3,1432.1,38.1467774596746
2018,en la entidad financiera,Edad,65 años o más,65,Solo catalán,0,564.2,1432.1,39.396690175267096
2018,en la entidad financiera,Edad,De 15 a 29 años,15,Igual catalán que castellano,2,178.0,1168.0,15.23972602739726
2018,en la entidad financiera,Edad,De 15 a 29 años,15,Más castellano que catalán,3,104.5,1168.0,8.946917808219178
2018,en la entidad financiera,Edad,De 15 a 29 años,15,Más catalán que castellano,1,153.1,1168.0,13.107876712328768
2018,en la entidad financiera,Edad,De 15 a 29 años,15,Otras y no consta,5,118.9,1168.0,10.179794520547945
2018,en la entidad financiera,Edad,De 15 a 29 años,15,Solo castellano,4,313.1,1168.0,26.80650684931507
2018,en la entidad financiera,Edad,De 15 a 29 años,15,Solo catalán,0,296.4,1168.0,25.37671232876712
2018,en la entidad financiera,Edad,De 30 a 44 años,30,Igual catalán que castellano,2,213.2,1693.7,12.587825470862606
2018,en la entidad financiera,Edad,De 30 a 44 años,30,Más castellano que catalán,3,145.0,1693.7,8.561138336187046
2018,en la entidad financiera,Edad,De 30 a 44 años,30,Más catalán que castellano,1,222.8,1693.7,13.154631871051544
2018,en la entidad financiera,Edad,De 30 a 44 años,30,Otras y no consta,5,45.9,1693.7,2.7100431009033477
2018,en la entidad financiera,Edad,De 30 a 44 años,30,Solo castellano,4,619.8,1693.7,36.59443821219814
2018,en la entidad financiera,Edad,De 30 a 44 años,30,Solo catalán,0,439.0,1693.7,25.919584341973195
2018,en la entidad financiera,Edad,De 45 a 64 años,45,Igual catalán que castellano,2,265.5,2092.8,12.686353211009175
2018,en la entidad financiera,Edad,De 45 a 64 años,45,Más castellano que catalán,3,156.7,2092.8,7.487576452599387
2018,en la entidad financiera,Edad,De 45 a 64 años,45,Más catalán que castellano,1,264.1,2092.8,12.619457186544341
2018,en la entidad financiera,Edad,De 45 a 64 años,45,Otras y no consta,5,37.7,2092.8,1.8014143730886851
2018,en la entidad financiera,Edad,De 45 a 64 años,45,Solo castellano,4,740.3,2092.8,35.3736620795107
2018,en la entidad financiera,Edad,De 45 a 64 años,45,Solo catalán,0,621.8,2092.8,29.711391437308865
2018,en la entidad financiera,Edad,total,99,Igual catalán que castellano,2,792.3,6386.6,12.405661854507875
2018,en la entidad financiera,Edad,total,99,Más castellano que catalán,3,446.6,6386.6,6.992766104030314
2018,en la entidad financiera,Edad,total,99,Más catalán que castellano,1,738.4,6386.6,11.561707324711112
2018,en la entidad financiera,Edad,total,99,Otras y no consta,5,268.6,6386.6,4.205680643848057
2018,en la entidad financiera,Edad,total,99,Solo castellano,4,2219.4,6386.6,34.75088466476686
2018,en la entidad financiera,Edad,total,99,Solo catalán,0,1921.4,6386.6,30.0848651864842
2023,al contestar al personal médico en la consulta,Edad,65 años o más,65,Igual catalán que castellano,2,200.4,1529.2,13.104891446507978
2023,al contestar al personal médico en la consulta,Edad,65 años o más,65,Más castellano que catalán,3,87.5,1529.2,5.721946115616008
2023,al contestar al personal médico en la consulta,Edad,65 años o más,65,Más catalán que castellano,1,154.1,1529.2,10.07716453047345
2023,al contestar al personal médico en la consulta,Edad,65 años o más,65,Otras y no consta,5,36.9,1529.2,2.4130264190426365
2023,al contestar al personal médico en la consulta,Edad,65 años o más,65,Solo castellano,4,632.2,1529.2,41.34187810619932
2023,al contestar al personal médico en la consulta,Edad,65 años o más,65,Solo catalán,0,408.6,1529.2,26.71985351817944
2023,al contestar al personal médico en la consulta,Edad,De 15 a 29 años,15,Igual catalán que castellano,2,243.3,1313.4,18.524440383736867
2023,al contestar al personal médico en la consulta,Edad,De 15 a 29 años,15,Más castellano que catalán,3,162.5,1313.4,12.372468402619155
2023,al contestar al personal médico en la consulta,Edad,De 15 a 29 años,15,Más catalán que castellano,1,154.3,1313.4,11.748134612456221
2023,al contestar al personal médico en la consulta,Edad,De 15 a 29 años,15,Otras y no consta,5,40.8,1313.4,3.1064412973960707
2023,al contestar al personal médico en la consulta,Edad,De 15 a 29 años,15,Solo castellano,4,429.5,1313.4,32.70138571646109
2023,al contestar al personal médico en la consulta,Edad,De 15 a 29 años,15,Solo catalán,0,260.3,1313.4,19.818790924318563
2023,al contestar al personal médico en la consulta,Edad,De 30 a 44 años,30,Igual catalán que castellano,2,260.8,1621.7,16.081889375346858
2023,al contestar al personal médico en la consulta,Edad,De 30 a 44 años,30,Más castellano que catalán,3,172.5,1621.7,10.636985879015848
2023,al contestar al personal médico en la consulta,Edad,De 30 a 44 años,30,Más catalán que castellano,1,175.7,1621.7,10.834309675032372
2023,al contestar al personal médico en la consulta,Edad,De 30 a 44 años,30,Otras y no consta,5,66.6,1621.7,4.106801504593944
2023,al contestar al personal médico en la consulta,Edad,De 30 a 44 años,30,Solo castellano,4,682.4,1621.7,42.07929950052414
2023,al contestar al personal médico en la consulta,Edad,De 30 a 44 años,30,Solo catalán,0,249.4,1621.7,15.378923352037985
2023,al contestar al personal médico en la consulta,Edad,De 45 a 64 años,45,Igual catalán que castellano,2,401.8,2320.8,17.312995518786625
2023,al contestar al personal médico en la consulta,Edad,De 45 a 64 años,45,Más castellano que catalán,3,229.0,2320.8,9.867287142364702
2023,al contestar al personal médico en la consulta,Edad,De 45 a 64 años,45,Más catalán que castellano,1,281.5,2320.8,12.129438124784556
2023,al contestar al personal médico en la consulta,Edad,De 45 a 64 años,45,Otras y no consta,5,89.2,2320.8,3.8435022406066874
2023,al contestar al personal médico en la consulta,Edad,De 45 a 64 años,45,Solo castellano,4,849.8,2320.8,36.61668390210272
2023,al contestar al personal médico en la consulta,Edad,De 45 a 64 años,45,Solo catalán,0,460.4,2320.8,19.837986901068593
2023,al contestar al personal médico en la consulta,Edad,total,99,Igual catalán que castellano,2,1106.4,6785.1,16.30631825617898
2023,al contestar al personal médico en la consulta,Edad,total,99,Más castellano que catalán,3,651.4,6785.1,9.60044804055946
2023,al contestar al personal médico en la consulta,Edad,total,99,Más catalán que castellano,1,765.7,6785.1,11.285021591428276
2023,al contestar al personal médico en la consulta,Edad,total,99,Otras y no consta,5,286.9,6785.1,4.228382779914813
2023,al contestar al personal médico en la consulta,Edad,total,99,Solo castellano,4,2593.8,6785.1,38.22788168192068
2023,al contestar al personal médico en la consulta,Edad,total,99,Solo catalán,0,1378.7,6785.1,20.319523662142046
2023,al escribir mensajes de móvil,Edad,65 años o más,65,Igual catalán que castellano,2,107.8,1529.2,7.049437614438922
2023,al escribir mensajes de móvil,Edad,65 años o más,65,Más castellano que catalán,3,60.5,1529.2,3.9563170285116396
2023,al escribir mensajes de móvil,Edad,65 años o más,65,Más catalán que castellano,1,123.9,1529.2,8.102275699712267
2023,al escribir mensajes de móvil,Edad,65 años o más,65,Otras y no consta,5,456.3,1529.2,29.839131572063827
2023,al escribir mensajes de móvil,Edad,65 años o más,65,Solo castellano,4,475.8,1529.2,31.114308134972536
2023,al escribir mensajes de móvil,Edad,65 años o más,65,Solo catalán,0,285.3,1529.2,18.656814020402827
2023,al escribir mensajes de móvil,Edad,De 15 a 29 años,15,Igual catalán que castellano,2,217.0,1313.4,16.522003959189888
2023,al escribir mensajes de móvil,Edad,De 15 a 29 años,15,Más castellano que catalán,3,216.8,1313.4,16.506776305771282
2023,al escribir mensajes de móvil,Edad,De 15 a 29 años,15,Más catalán que castellano,1,147.1,1313.4,11.199939089386323
2023,al escribir mensajes de móvil,Edad,De 15 a 29 años,15,Otras y no consta,5,132.0,1313.4,10.050251256281406
2023,al escribir mensajes de móvil,Edad,De 15 a 29 años,15,Solo castellano,4,436.8,1313.4,33.25719506624029
2023,al escribir mensajes de móvil,Edad,De 15 a 29 años,15,Solo catalán,0,126.4,1313.4,9.623876960560377
2023,al escribir mensajes de móvil,Edad,De 30 a 44 años,30,Igual catalán que castellano,2,226.5,1621.7,13.966824936794723
2023,al escribir mensajes de móvil,Edad,De 30 a 44 años,30,Más castellano que catalán,3,212.9,1621.7,13.128198803724485
2023,al escribir mensajes de móvil,Edad,De 30 a 44 años,30,Más catalán que castellano,1,181.1,1621.7,11.16729358081026
2023,al escribir mensajes de móvil,Edad,De 30 a 44 años,30,Otras y no consta,5,306.3,1621.7,18.887587099956836
2023,al escribir mensajes de móvil,Edad,De 30 a 44 años,30,Solo castellano,4,546.2,1621.7,33.68070543257076
2023,al escribir mensajes de móvil,Edad,De 30 a 44 años,30,Solo catalán,0,133.5,1621.7,8.232102115064437
2023,al escribir mensajes de móvil,Edad,De 45 a 64 años,45,Igual catalán que castellano,2,359.3,2320.8,15.481730437780076
2023,al escribir mensajes de móvil,Edad,De 45 a 64 años,45,Más castellano que catalán,3,218.6,2320.8,9.419165804894863
2023,al escribir mensajes de móvil,Edad,De 45 a 64 años,45,Más catalán que castellano,1,318.9,2320.8,13.740951396070319
2023,al escribir mensajes de móvil,Edad,De 45 a 64 años,45,Otras y no consta,5,243.8,2320.8,10.504998276456394
2023,al escribir mensajes de móvil,Edad,De 45 a 64 años,45,Solo castellano,4,835.1,2320.8,35.98328162702516
2023,al escribir mensajes de móvil,Edad,De 45 a 64 años,45,Solo catalán,0,340.0,2320.8,14.650120648052395
2023,al escribir mensajes de móvil,Edad,total,99,Igual catalán que castellano,2,910.7,6785.1,13.422057154647685
2023,al escribir mensajes de móvil,Edad,total,99,Más castellano que catalán,3,708.8,6785.1,10.446419360068383
2023,al escribir mensajes de móvil,Edad,total,99,Más catalán que castellano,1,770.9,6785.1,11.361660108178214
2023,al escribir mensajes de móvil,Edad,total,99,Otras y no consta,5,1215.5,6785.1,17.914253290297857
2023,al escribir mensajes de móvil,Edad,total,99,Solo castellano,4,2293.9,6785.1,33.80790261013102
2023,al escribir mensajes de móvil,Edad,total,99,Solo catalán,0,885.2,6785.1,13.04623365904703
2023,al hacer publicaciones en las redes sociales,Edad,65 años o más,65,Igual catalán que castellano,2,46.3,492.8,9.395292207792206
2023,al hacer publicaciones en las redes sociales,Edad,65 años o más,65,Más castellano que catalán,3,20.1,492.8,4.078733766233766
2023,al hacer publicaciones en las redes sociales,Edad,65 años o más,65,Más catalán que castellano,1,35.8,492.8,7.264610389610389
2023,al hacer publicaciones en las redes sociales,Edad,65 años o más,65,Otras y no consta,5,44.3,492.8,8.98944805194805
2023,al hacer publicaciones en las redes sociales,Edad,65 años o más,65,Solo castellano,4,205.4,492.8,41.6801948051948
2023,al hacer publicaciones en las redes sociales,Edad,65 años o más,65,Solo catalán,0,122.4,492.8,24.83766233766234
2023,al hacer publicaciones en las redes sociales,Edad,De 15 a 29 años,15,Igual catalán que castellano,2,116.2,1171.9,9.915521802201553
2023,al hacer publicaciones en las redes sociales,Edad,De 15 a 29 años,15,Más castellano que catalán,3,140.4,1171.9,11.980544415052478
2023,al hacer publicaciones en las redes sociales,Edad,De 15 a 29 años,15,Más catalán que castellano,1,60.6,1171.9,5.171089683420087
2023,al hacer publicaciones en las redes sociales,Edad,De 15 a 29 años,15,Otras y no consta,5,192.0,1171.9,16.383650482123045
2023,al hacer publicaciones en las redes sociales,Edad,De 15 a 29 años,15,Solo castellano,4,528.1,1171.9,45.06357197713115
2023,al hacer publicaciones en las redes sociales,Edad,De 15 a 29 años,15,Solo catalán,0,120.2,1171.9,10.25684785391245
2023,al hacer publicaciones en las redes sociales,Edad,De 30 a 44 años,30,Igual catalán que castellano,2,113.8,1269.0,8.96769109535067
2023,al hacer publicaciones en las redes sociales,Edad,De 30 a 44 años,30,Más castellano que catalán,3,118.3,1269.0,9.322301024428684
2023,al hacer publicaciones en las redes sociales,Edad,De 30 a 44 años,30,Más catalán que castellano,1,58.2,1269.0,4.58628841607565
2023,al hacer publicaciones en las redes sociales,Edad,De 30 a 44 años,30,Otras y no consta,5,311.79999999999995,1269.0,24.57052797478329
2023,al hacer publicaciones en las redes sociales,Edad,De 30 a 44 años,30,Solo castellano,4,513.9,1269.0,40.49645390070922
2023,al hacer publicaciones en las redes sociales,Edad,De 30 a 44 años,30,Solo catalán,0,153.1,1269.0,12.06461780929866
2023,al hacer publicaciones en las redes sociales,Edad,De 45 a 64 años,45,Igual catalán que castellano,2,157.7,1447.9,10.891636162718418
2023,al hacer publicaciones en las redes sociales,Edad,De 45 a 64 años,45,Más castellano que catalán,3,108.0,1447.9,7.459078665653705
2023,al hacer publicaciones en las redes sociales,Edad,De 45 a 64 años,45,Más catalán que castellano,1,101.6,1447.9,7.017059189170522
2023,al hacer publicaciones en las redes sociales,Edad,De 45 a 64 años,45,Otras y no consta,5,174.3,1447.9,12.038124179846674
2023,al hacer publicaciones en las redes sociales,Edad,De 45 a 64 años,45,Solo castellano,4,650.4,1447.9,44.92022929760342
2023,al hacer publicaciones en las redes sociales,Edad,De 45 a 64 años,45,Solo catalán,0,245.6,1447.9,16.96249741004213
2023,al hacer publicaciones en las redes sociales,Edad,total,99,Igual catalán que castellano,2,434.1,4381.6,9.907339784553587
2023,al hacer publicaciones en las redes sociales,Edad,total,99,Más castellano que catalán,3,386.7,4381.6,8.825543180573305
2023,al hacer publicaciones en las redes sociales,Edad,total,99,Más catalán que castellano,1,256.3,4381.6,5.849461383969326
2023,al hacer publicaciones en las redes sociales,Edad,total,99,Otras y no consta,5,765.5,4381.6,17.4707869271499
2023,al hacer publicaciones en las redes sociales,Edad,total,99,Solo castellano,4,1897.7,4381.6,43.31066277159029
2023,al hacer publicaciones en las redes sociales,Edad,total,99,Solo catalán,0,641.3,4381.6,14.636205952163591
2023,con el personal de un restaurante o bar,Edad,65 años o más,65,Igual catalán que castellano,2,214.7,1529.2,14.040020925974364
2023,con el personal de un restaurante o bar,Edad,65 años o más,65,Más castellano que catalán,3,61.2,1529.2,4.002092597436569
2023,con el personal de un restaurante o bar,Edad,65 años o más,65,Más catalán que castellano,1,199.9,1529.2,13.0721946115616
2023,con el personal de un restaurante o bar,Edad,65 años o más,65,Otras y no consta,5,89.30000000000001,1529.2,5.839654721422967
2023,con el personal de un restaurante o bar,Edad,65 años o más,65,Solo castellano,4,553.9,1529.2,36.221553753596645
2023,con el personal de un restaurante o bar,Edad,65 años o más,65,Solo catalán,0,398.8,1529.2,26.07899555323045
2023,con el personal de un restaurante o bar,Edad,De 15 a 29 años,15,Igual catalán que castellano,2,260.9,1313.4,19.864473884574384
2023,con el personal de un restaurante o bar,Edad,De 15 a 29 años,15,Más castellano que catalán,3,195.5,1313.4,14.885031216689507
2023,con el personal de un restaurante o bar,Edad,De 15 a 29 años,15,Más catalán que castellano,1,165.8,1313.4,12.623724684026191
2023,con el personal de un restaurante o bar,Edad,De 15 a 29 años,15,Otras y no consta,5,46.8,1313.4,3.563270899954316
2023,con el personal de un restaurante o bar,Edad,De 15 a 29 años,15,Solo castellano,4,453.0,1313.4,34.49063499314755
2023,con el personal de un restaurante o bar,Edad,De 15 a 29 años,15,Solo catalán,0,182.2,1313.4,13.872392264352062
2023,con el personal de un restaurante o bar,Edad,De 30 a 44 años,30,Igual catalán que castellano,2,297.2,1621.7,18.32644755503484
2023,con el personal de un restaurante o bar,Edad,De 30 a 44 años,30,Más castellano que catalán,3,187.2,1621.7,11.543442066966762
2023,con el personal de un restaurante o bar,Edad,De 30 a 44 años,30,Más catalán que castellano,1,189.8,1621.7,11.70376765123019
2023,con el personal de un restaurante o bar,Edad,De 30 a 44 años,30,Otras y no consta,5,70.8,1621.7,4.365788986865635
2023,con el personal de un restaurante o bar,Edad,De 30 a 44 años,30,Solo castellano,4,663.9,1621.7,40.9385213048036
2023,con el personal de un restaurante o bar,Edad,De 30 a 44 años,30,Solo catalán,0,200.6,1621.7,12.369735462785965
2023,con el personal de un restaurante o bar,Edad,De 45 a 64 años,45,Igual catalán que castellano,2,435.8,2320.8,18.77800758359186
2023,con el personal de un restaurante o bar,Edad,De 45 a 64 años,45,Más castellano que catalán,3,228.4,2320.8,9.841433988279903
2023,con el personal de un restaurante o bar,Edad,De 45 a 64 años,45,Más catalán que castellano,1,396.0,2320.8,17.063081695966904
2023,con el personal de un restaurante o bar,Edad,De 45 a 64 años,45,Otras y no consta,5,75.8,2320.8,3.2661151327128572
2023,con el personal de un restaurante o bar,Edad,De 45 a 64 años,45,Solo castellano,4,776.3,2320.8,33.44967252671492
2023,con el personal de un restaurante o bar,Edad,De 45 a 64 años,45,Solo catalán,0,396.9,2320.8,17.101861427094104
2023,con el personal de un restaurante o bar,Edad,total,99,Igual catalán que castellano,2,1208.6,6785.1,17.81255987384121
2023,con el personal de un restaurante o bar,Edad,total,99,Más castellano que catalán,3,672.4,6785.1,9.909949742818823
2023,con el personal de un restaurante o bar,Edad,total,99,Más catalán que castellano,1,951.6,6785.1,14.024848565238537
2023,con el personal de un restaurante o bar,Edad,total,99,Otras y no consta,5,324.4,6785.1,4.7810643910922455
2023,con el personal de un restaurante o bar,Edad,total,99,Solo castellano,4,2447.0,6785.1,36.064317401364754
2023,con el personal de un restaurante o bar,Edad,total,99,Solo catalán,0,1178.4,6785.1,17.367466949639653
2023,con el personal médico,Edad,65 años o más,65,Igual catalán que castellano,2,141.9,1529.2,9.279361757781848
2023,con el personal médico,Edad,65 años o más,65,Más castellano que catalán,3,46.8,1529.2,3.0604237509809047
2023,con el personal médico,Edad,65 años o más,65,Más catalán que castellano,1,118.8,1529.2,7.76876798325922
2023,con el personal médico,Edad,65 años o más,65,Otras y no consta,5,10.3,1529.2,0.6735547998953701
2023,con el personal médico,Edad,65 años o más,65,Solo castellano,4,666.8,1529.2,43.604499084488616
2023,con el personal médico,Edad,65 años o más,65,Solo catalán,0,528.4,1529.2,34.554015171331415
2023,con el personal médico,Edad,De 15 a 29 años,15,Igual catalán que castellano,2,183.6,1313.4,13.97898583828232
2023,con el personal médico,Edad,De 15 a 29 años,15,Más castellano que catalán,3,125.6,1313.4,9.562966346885943
2023,con el personal médico,Edad,De 15 a 29 años,15,Más catalán que castellano,1,155.6,1313.4,11.847114359677173
2023,con el personal médico,Edad,De 15 a 29 años,15,Otras y no consta,5,16.5,1313.4,1.2562814070351758
2023,con el personal médico,Edad,De 15 a 29 años,15,Solo castellano,4,478.0,1313.4,36.39409167047358
2023,con el personal médico,Edad,De 15 a 29 años,15,Solo catalán,0,333.4,1313.4,25.384498248819853
2023,con el personal médico,Edad,De 30 a 44 años,30,Igual catalán que castellano,2,204.3,1621.7,12.597891101930072
2023,con el personal médico,Edad,De 30 a 44 años,30,Más castellano que catalán,3,118.4,1621.7,7.300980452611457
2023,con el personal médico,Edad,De 30 a 44 años,30,Más catalán que castellano,1,178.5,1621.7,11.006967996546834
2023,con el personal médico,Edad,De 30 a 44 años,30,Otras y no consta,5,46.5,1621.7,2.8673614108651413
2023,con el personal médico,Edad,De 30 a 44 años,30,Solo castellano,4,748.3,1621.7,46.14293642473947
2023,con el personal médico,Edad,De 30 a 44 años,30,Solo catalán,0,313.1,1621.7,19.306900166491953
2023,con el personal médico,Edad,De 45 a 64 años,45,Igual catalán que castellano,2,306.9,2320.8,13.223888314374351
2023,con el personal médico,Edad,De 45 a 64 años,45,Más castellano que catalán,3,157.4,2320.8,6.782144088245433
2023,con el personal médico,Edad,De 45 a 64 años,45,Más catalán que castellano,1,289.8,2320.8,12.4870734229576
2023,con el personal médico,Edad,De 45 a 64 años,45,Otras y no consta,5,44.4,2320.8,1.9131334022750774
2023,con el personal médico,Edad,De 45 a 64 años,45,Solo castellano,4,903.5,2320.8,38.93054119269217
2023,con el personal médico,Edad,De 45 a 64 años,45,Solo catalán,0,605.8,2320.8,26.103067907618062
2023,con el personal médico,Edad,total,99,Igual catalán que castellano,2,836.7,6785.1,12.331432108590883
2023,con el personal médico,Edad,total,99,Más castellano que catalán,3,448.2,6785.1,6.605650616792677
2023,con el personal médico,Edad,total,99,Más catalán que castellano,1,742.7,6785.1,10.946043536572784
2023,con el personal médico,Edad,total,99,Otras y no consta,5,178.9,6785.1,2.6366597397238065
2023,con el personal médico,Edad,total,99,Solo castellano,4,2796.7,6785.1,41.21825765279804
2023,con el personal médico,Edad,total,99,Solo catalán,0,1780.7,6785.1,26.244270533964126
2023,con la Administración de la Generalitat de Catalunya,Edad,65 años o más,65,Igual catalán que castellano,2,76.4,1529.2,4.996076379806435
2023,con la Administración de la Generalitat de Catalunya,Edad,65 años o más,65,Más castellano que catalán,3,25.3,1529.2,1.654459848286686
2023,con la Administración de la Generalitat de Catalunya,Edad,65 años o más,65,Más catalán que castellano,1,60.3,1529.2,3.943238294533089
2023,con la Administración de la Generalitat de Catalunya,Edad,65 años o más,65,Otras y no consta,5,453.4,1529.2,29.649489929374834
2023,con la Administración de la Generalitat de Catalunya,Edad,65 años o más,65,Solo castellano,4,366.3,1529.2,23.95370128171593
2023,con la Administración de la Generalitat de Catalunya,Edad,65 años o más,65,Solo catalán,0,542.2,1529.2,35.456447815851426
2023,con la Administración de la Generalitat de Catalunya,Edad,De 15 a 29 años,15,Igual catalán que castellano,2,113.0,1313.4,8.603624181513627
2023,con la Administración de la Generalitat de Catalunya,Edad,De 15 a 29 años,15,Más castellano que catalán,3,59.3,1313.4,4.514999238617329
2023,con la Administración de la Generalitat de Catalunya,Edad,De 15 a 29 años,15,Más catalán que castellano,1,129.8,1313.4,9.882747068676718
2023,con la Administración de la Generalitat de Catalunya,Edad,De 15 a 29 años,15,Otras y no consta,5,314.6,1313.4,23.953098827470686
2023,con la Administración de la Generalitat de Catalunya,Edad,De 15 a 29 años,15,Solo castellano,4,255.1,1313.4,19.42287193543475
2023,con la Administración de la Generalitat de Catalunya,Edad,De 15 a 29 años,15,Solo catalán,0,425.8,1313.4,32.41967412821684
2023,con la Administración de la Generalitat de Catalunya,Edad,De 30 a 44 años,30,Igual catalán que castellano,2,120.3,1621.7,7.418141456496269
2023,con la Administración de la Generalitat de Catalunya,Edad,De 30 a 44 años,30,Más castellano que catalán,3,54.2,1621.7,3.3421717950299072
2023,con la Administración de la Generalitat de Catalunya,Edad,De 30 a 44 años,30,Más catalán que castellano,1,138.1,1621.7,8.515755071838193
2023,con la Administración de la Generalitat de Catalunya,Edad,De 30 a 44 años,30,Otras y no consta,5,245.1,1621.7,15.113769501140778
2023,con la Administración de la Generalitat de Catalunya,Edad,De 30 a 44 años,30,Solo castellano,4,507.0,1621.7,31.263488931368315
2023,con la Administración de la Generalitat de Catalunya,Edad,De 30 a 44 años,30,Solo catalán,0,530.9,1621.7,32.737251032866745
2023,con la Administración de la Generalitat de Catalunya,Edad,De 45 a 64 años,45,Igual catalán que castellano,2,134.1,2320.8,5.778179937952429
2023,con la Administración de la Generalitat de Catalunya,Edad,De 45 a 64 años,45,Más castellano que catalán,3,99.6,2320.8,4.291623578076525
2023,con la Administración de la Generalitat de Catalunya,Edad,De 45 a 64 años,45,Más catalán que castellano,1,200.1,2320.8,8.622026887280247
2023,con la Administración de la Generalitat de Catalunya,Edad,De 45 a 64 años,45,Otras y no consta,5,335.7,2320.8,14.464839710444672
2023,con la Administración de la Generalitat de Catalunya,Edad,De 45 a 64 años,45,Solo castellano,4,597.0,2320.8,25.72388831437435
2023,con la Administración de la Generalitat de Catalunya,Edad,De 45 a 64 años,45,Solo catalán,0,936.8,2320.8,40.36539124439848
2023,con la Administración de la Generalitat de Catalunya,Edad,total,99,Igual catalán que castellano,2,443.9,6785.1,6.542276458710998
2023,con la Administración de la Generalitat de Catalunya,Edad,total,99,Más castellano que catalán,3,238.4,6785.1,3.513581229458667
2023,con la Administración de la Generalitat de Catalunya,Edad,total,99,Más catalán que castellano,1,528.3,6785.1,7.786178538267674
2023,con la Administración de la Generalitat de Catalunya,Edad,total,99,Otras y no consta,5,1412.2,6785.1,20.81325256812722
2023,con la Administración de la Generalitat de Catalunya,Edad,total,99,Solo castellano,4,1725.4,6785.1,25.429249384681142
2023,con la Administración de la Generalitat de Catalunya,Edad,total,99,Solo catalán,0,2435.8,6785.1,35.89924982682643
2023,con la Administración del Estado en Cataluña,Edad,65 años o más,65,Igual catalán que castellano,2,150.7,1529.2,9.854826052838083
2023,con la Administración del Estado en Cataluña,Edad,65 años o más,65,Más castellano que catalán,3,68.0,1529.2,4.4467695527072975
2023,con la Administración del Estado en Cataluña,Edad,65 años o más,65,Más catalán que castellano,1,130.3,1529.2,8.520795187025897
2023,con la Administración del Estado en Cataluña,Edad,65 años o más,65,Otras y no consta,5,334.6,1529.2,21.880721946115617
2023,con la Administración del Estado en Cataluña,Edad,65 años o más,65,Solo castellano,4,516.1,1529.2,33.74967303165054
2023,con la Administración del Estado en Cataluña,Edad,65 años o más,65,Solo catalán,0,322.6,1529.2,21.095997907402563
2023,con la Administración del Estado en Cataluña,Edad,De 15 a 29 años,15,Igual catalán que castellano,2,142.0,1313.4,10.811633927211815
2023,con la Administración del Estado en Cataluña,Edad,De 15 a 29 años,15,Más castellano que catalán,3,132.7,1313.4,10.103548043246533
2023,con la Administración del Estado en Cataluña,Edad,De 15 a 29 años,15,Más catalán que castellano,1,140.8,1313.4,10.720268006700168
2023,con la Administración del Estado en Cataluña,Edad,De 15 a 29 años,15,Otras y no consta,5,248.8,1313.4,18.94320085274859
2023,con la Administración del Estado en Cataluña,Edad,De 15 a 29 años,15,Solo castellano,4,364.9,1313.4,27.782853662250645
2023,con la Administración del Estado en Cataluña,Edad,De 15 a 29 años,15,Solo catalán,0,263.9,1313.4,20.09288868585351
2023,con la Administración del Estado en Cataluña,Edad,De 30 a 44 años,30,Igual catalán que castellano,2,186.7,1621.7,11.51261022383918
2023,con la Administración del Estado en Cataluña,Edad,De 30 a 44 años,30,Más castellano que catalán,3,139.5,1621.7,8.602084232595425
2023,con la Administración del Estado en Cataluña,Edad,De 30 a 44 años,30,Más catalán que castellano,1,159.0,1621.7,9.804526114571129
2023,con la Administración del Estado en Cataluña,Edad,De 30 a 44 años,30,Otras y no consta,5,150.1,1621.7,9.255719306900167
2023,con la Administración del Estado en Cataluña,Edad,De 30 a 44 años,30,Solo castellano,4,710.7,1621.7,43.824381821545295
2023,con la Administración del Estado en Cataluña,Edad,De 30 a 44 años,30,Solo catalán,0,265.2,1621.7,16.35320959486958
2023,con la Administración del Estado en Cataluña,Edad,De 45 a 64 años,45,Igual catalán que castellano,2,262.5,2320.8,11.310754912099275
2023,con la Administración del Estado en Cataluña,Edad,De 45 a 64 años,45,Más castellano que catalán,3,229.0,2320.8,9.867287142364702
2023,con la Administración del Estado en Cataluña,Edad,De 45 a 64 años,45,Más catalán que castellano,1,279.7,2320.8,12.05187866253016
2023,con la Administración del Estado en Cataluña,Edad,De 45 a 64 años,45,Otras y no consta,5,216.5,2320.8,9.32867976559807
2023,con la Administración del Estado en Cataluña,Edad,De 45 a 64 años,45,Solo castellano,4,844.8,2320.8,36.40124095139606
2023,con la Administración del Estado en Cataluña,Edad,De 45 a 64 años,45,Solo catalán,0,478.8,2320.8,20.63081695966908
2023,con la Administración del Estado en Cataluña,Edad,total,99,Igual catalán que castellano,2,741.9,6785.1,10.934252995534331
2023,con la Administración del Estado en Cataluña,Edad,total,99,Más castellano que catalán,3,569.2,6785.1,8.388969948858529
2023,con la Administración del Estado en Cataluña,Edad,total,99,Más catalán que castellano,1,709.8,6785.1,10.461157536366448
2023,con la Administración del Estado en Cataluña,Edad,total,99,Otras y no consta,5,995.8,6785.1,14.676275957613003
2023,con la Administración del Estado en Cataluña,Edad,total,99,Solo castellano,4,2436.5,6785.1,35.90956655023507
2023,con la Administración del Estado en Cataluña,Edad,total,99,Solo catalán,0,1330.5,6785.1,19.60914356457532
2023,con la Administración local,Edad,65 años o más,65,Igual catalán que castellano,2,99.4,1529.2,6.500130787339787
2023,con la Administración local,Edad,65 años o más,65,Más castellano que catalán,3,33.0,1529.2,2.1579911064608948
2023,con la Administración local,Edad,65 años o más,65,Más catalán que castellano,1,81.0,1529.2,5.296887261313104
2023,con la Administración local,Edad,65 años o más,65,Otras y no consta,5,222.0,1529.2,14.517394716191474
2023,con la Administración local,Edad,65 años o más,65,Solo castellano,4,463.2,1529.2,30.290347894323826
2023,con la Administración local,Edad,65 años o más,65,Solo catalán,0,627.8,1529.2,41.05414595867119
2023,con la Administración local,Edad,De 15 a 29 años,15,Igual catalán que castellano,2,139.3,1313.4,10.606060606060606
2023,con la Administración local,Edad,De 15 a 29 años,15,Más castellano que catalán,3,73.3,1313.4,5.580934977919902
2023,con la Administración local,Edad,De 15 a 29 años,15,Más catalán que castellano,1,149.2,1313.4,11.35982945028171
2023,con la Administración local,Edad,De 15 a 29 años,15,Otras y no consta,5,184.3,1313.4,14.03228262524745
2023,con la Administración local,Edad,De 15 a 29 años,15,Solo castellano,4,307.0,1313.4,23.374447997563575
2023,con la Administración local,Edad,De 15 a 29 años,15,Solo catalán,0,441.1,1313.4,33.584589614740366
2023,con la Administración local,Edad,De 30 a 44 años,30,Igual catalán que castellano,2,143.5,1621.7,8.848738977616081
2023,con la Administración local,Edad,De 30 a 44 años,30,Más castellano que catalán,3,81.6,1621.7,5.0317567984214095
2023,con la Administración local,Edad,De 30 a 44 años,30,Más catalán que castellano,1,186.0,1621.7,11.469445643460565
2023,con la Administración local,Edad,De 30 a 44 años,30,Otras y no consta,5,81.30000000000001,1621.7,5.013257692544861
2023,con la Administración local,Edad,De 30 a 44 años,30,Solo castellano,4,599.5,1621.7,36.967379909971015
2023,con la Administración local,Edad,De 30 a 44 años,30,Solo catalán,0,526.5,1621.7,32.465930813344016
2023,con la Administración local,Edad,De 45 a 64 años,45,Igual catalán que castellano,2,187.7,2320.8,8.087728369527749
2023,con la Administración local,Edad,De 45 a 64 años,45,Más castellano que catalán,3,118.1,2320.8,5.088762495691141
2023,con la Administración local,Edad,De 45 a 64 años,45,Más catalán que castellano,1,253.4,2320.8,10.918648741813167
2023,con la Administración local,Edad,De 45 a 64 años,45,Otras y no consta,5,96.5,2320.8,4.1580489486384
2023,con la Administración local,Edad,De 45 a 64 años,45,Solo castellano,4,703.6,2320.8,30.31713202344019
2023,con la Administración local,Edad,De 45 a 64 años,45,Solo catalán,0,948.4,2320.8,40.865218890037916
2023,con la Administración local,Edad,total,99,Igual catalán que castellano,2,570.0,6785.1,8.40076048989698
2023,con la Administración local,Edad,total,99,Más castellano que catalán,3,306.0,6785.1,4.509881947207852
2023,con la Administración local,Edad,total,99,Más catalán que castellano,1,669.6,6785.1,9.868682849184243
2023,con la Administración local,Edad,total,99,Otras y no consta,5,622.5,6785.1,9.174514745545386
2023,con la Administración local,Edad,total,99,Solo castellano,4,2073.4,6785.1,30.558134736407716
2023,con la Administración local,Edad,total,99,Solo catalán,0,2543.7,6785.1,37.489499049387625
2023,con la policía local o Mossos d'Esquadra,Edad,65 años o más,65,Igual catalán que castellano,2,101.5,1529.2,6.637457494114569
2023,con la policía local o Mossos d'Esquadra,Edad,65 años o más,65,Más castellano que catalán,3,31.2,1529.2,2.0402825006539365
2023,con la policía local o Mossos d'Esquadra,Edad,65 años o más,65,Más catalán que castellano,1,85.4,1529.2,5.584619408841225
2023,con la policía local o Mossos d'Esquadra,Edad,65 años o más,65,Otras y no consta,5,354.9,1529.2,23.208213444938526
2023,con la policía local o Mossos d'Esquadra,Edad,65 años o más,65,Solo castellano,4,444.2,1529.2,29.047868166361496
2023,con la policía local o Mossos d'Esquadra,Edad,65 años o más,65,Solo catalán,0,505.7,1529.2,33.069578864765894
2023,con la policía local o Mossos d'Esquadra,Edad,De 15 a 29 años,15,Igual catalán que castellano,2,159.5,1313.4,12.144053601340033
2023,con la policía local o Mossos d'Esquadra,Edad,De 15 a 29 años,15,Más castellano que catalán,3,106.6,1313.4,8.116339272118166
2023,con la policía local o Mossos d'Esquadra,Edad,De 15 a 29 años,15,Más catalán que castellano,1,146.0,1313.4,11.116186995583979
2023,con la policía local o Mossos d'Esquadra,Edad,De 15 a 29 años,15,Otras y no consta,5,221.3,1313.4,16.849398507689965
2023,con la policía local o Mossos d'Esquadra,Edad,De 15 a 29 años,15,Solo castellano,4,349.2,1313.4,26.5874828688899
2023,con la policía local o Mossos d'Esquadra,Edad,De 15 a 29 años,15,Solo catalán,0,314.6,1313.4,23.953098827470686
2023,con la policía local o Mossos d'Esquadra,Edad,De 30 a 44 años,30,Igual catalán que castellano,2,149.6,1621.7,9.224887463772584
2023,con la policía local o Mossos d'Esquadra,Edad,De 30 a 44 años,30,Más castellano que catalán,3,88.3,1621.7,5.44490349633101
2023,con la policía local o Mossos d'Esquadra,Edad,De 30 a 44 años,30,Más catalán que castellano,1,171.6,1621.7,10.581488561386198
2023,con la policía local o Mossos d'Esquadra,Edad,De 30 a 44 años,30,Otras y no consta,5,207.5,1621.7,12.7952148979466
2023,con la policía local o Mossos d'Esquadra,Edad,De 30 a 44 años,30,Solo castellano,4,580.1,1621.7,35.77110439662083
2023,con la policía local o Mossos d'Esquadra,Edad,De 30 a 44 años,30,Solo catalán,0,415.6,1621.7,25.627428007646298
2023,con la policía local o Mossos d'Esquadra,Edad,De 45 a 64 años,45,Igual catalán que castellano,2,212.9,2320.8,9.173560841089278
2023,con la policía local o Mossos d'Esquadra,Edad,De 45 a 64 años,45,Más castellano que catalán,3,117.6,2320.8,5.0672182006204745
2023,con la policía local o Mossos d'Esquadra,Edad,De 45 a 64 años,45,Más catalán que castellano,1,210.6,2320.8,9.07445708376422
2023,con la policía local o Mossos d'Esquadra,Edad,De 45 a 64 años,45,Otras y no consta,5,236.2,2320.8,10.177524991382281
2023,con la policía local o Mossos d'Esquadra,Edad,De 45 a 64 años,45,Solo castellano,4,693.4,2320.8,29.877628403998617
2023,con la policía local o Mossos d'Esquadra,Edad,De 45 a 64 años,45,Solo catalán,0,832.2,2320.8,35.8583247156153
2023,con la policía local o Mossos d'Esquadra,Edad,total,99,Igual catalán que castellano,2,623.4,6785.1,9.187779104213643
2023,con la policía local o Mossos d'Esquadra,Edad,total,99,Más castellano que catalán,3,343.7,6785.1,5.065511193644897
2023,con la policía local o Mossos d'Esquadra,Edad,total,99,Más catalán que castellano,1,613.7,6785.1,9.044818794122415
2023,con la policía local o Mossos d'Esquadra,Edad,total,99,Otras y no consta,5,1069.2,6785.1,15.758058097890967
2023,con la policía local o Mossos d'Esquadra,Edad,total,99,Solo castellano,4,2066.9,6785.1,30.462336590470297
2023,con la policía local o Mossos d'Esquadra,Edad,total,99,Solo catalán,0,2068.0,6785.1,30.478548584398162
2023,con los amigos,Edad,65 años o más,65,Igual catalán que castellano,2,230.7,1529.2,15.086319644258433
2023,con los amigos,Edad,65 años o más,65,Más castellano que catalán,3,77.0,1529.2,5.035312581742088
2023,con los amigos,Edad,65 años o más,65,Más catalán que castellano,1,231.2,1529.2,15.119016479204811
2023,con los amigos,Edad,65 años o más,65,Otras y no consta,5,60.3,1529.2,3.943238294533089
2023,con los amigos,Edad,65 años o más,65,Solo castellano,4,556.7,1529.2,36.40465602929637
2023,con los amigos,Edad,65 años o más,65,Solo catalán,0,370.2,1529.2,24.20873659429767
2023,con los amigos,Edad,De 15 a 29 años,15,Igual catalán que castellano,2,209.1,1313.4,15.920511649154864
2023,con los amigos,Edad,De 15 a 29 años,15,Más castellano que catalán,3,252.2,1313.4,19.20207096086493
2023,con los amigos,Edad,De 15 a 29 años,15,Más catalán que castellano,1,174.6,1313.4,13.29374143444495
2023,con los amigos,Edad,De 15 a 29 años,15,Otras y no consta,5,117.0,1313.4,8.908177249885792
2023,con los amigos,Edad,De 15 a 29 años,15,Solo castellano,4,385.3,1313.4,29.336074310948685
2023,con los amigos,Edad,De 15 a 29 años,15,Solo catalán,0,156.0,1313.4,11.87756966651439
2023,con los amigos,Edad,De 30 a 44 años,30,Igual catalán que castellano,2,267.7,1621.7,16.50736881050749
2023,con los amigos,Edad,De 30 a 44 años,30,Más castellano que catalán,3,229.8,1621.7,14.170315101436765
2023,con los amigos,Edad,De 30 a 44 años,30,Más catalán que castellano,1,193.5,1621.7,11.931923290374298
2023,con los amigos,Edad,De 30 a 44 años,30,Otras y no consta,5,260.8,1621.7,16.081889375346858
2023,con los amigos,Edad,De 30 a 44 años,30,Solo castellano,4,500.3,1621.7,30.850342233458715
2023,con los amigos,Edad,De 30 a 44 años,30,Solo catalán,0,151.9,1621.7,9.366713942159462
2023,con los amigos,Edad,De 45 a 64 años,45,Igual catalán que castellano,2,435.0,2320.8,18.743536711478797
2023,con los amigos,Edad,De 45 a 64 años,45,Más castellano que catalán,3,253.8,2320.8,10.9358841778697
2023,con los amigos,Edad,De 45 a 64 años,45,Más catalán que castellano,1,381.8,2320.8,16.451223715960012
2023,con los amigos,Edad,De 45 a 64 años,45,Otras y no consta,5,220.7,2320.8,9.509651844191657
2023,con los amigos,Edad,De 45 a 64 años,45,Solo castellano,4,684.4,2320.8,29.489831092726643
2023,con los amigos,Edad,De 45 a 64 años,45,Solo catalán,0,338.6,2320.8,14.589796621854534
2023,con los amigos,Edad,total,99,Igual catalán que castellano,2,1142.4,6785.1,16.836892602909316
2023,con los amigos,Edad,total,99,Más castellano que catalán,3,812.8,6785.1,11.97918969506713
2023,con los amigos,Edad,total,99,Más catalán que castellano,1,981.1,6785.1,14.459624766031451
2023,con los amigos,Edad,total,99,Otras y no consta,5,705.3,6785.1,10.394835743025157
2023,con los amigos,Edad,total,99,Solo castellano,4,2126.7,6785.1,31.34367953309457
2023,con los amigos,Edad,total,99,Solo catalán,0,1016.7,6785.1,14.98430384224256
2023,con los compañeros de deporte,Edad,65 años o más,65,Igual catalán que castellano,2,107.5,755.4,14.230871061689172
2023,con los compañeros de deporte,Edad,65 años o más,65,Más castellano que catalán,3,34.9,755.4,4.620068837701879
2023,con los compañeros de deporte,Edad,65 años o más,65,Más catalán que castellano,1,109.6,755.4,14.50886947312682
2023,con los compañeros de deporte,Edad,65 años o más,65,Otras y no consta,5,25.6,755.4,3.388933015620863
2023,con los compañeros de deporte,Edad,65 años o más,65,Solo castellano,4,250.1,755.4,33.10828700026477
2023,con los compañeros de deporte,Edad,65 años o más,65,Solo catalán,0,219.5,755.4,29.05745300503045
2023,con los compañeros de deporte,Edad,De 15 a 29 años,15,Igual catalán que castellano,2,138.1,1021.3,13.521981787917362
2023,con los compañeros de deporte,Edad,De 15 a 29 años,15,Más castellano que catalán,3,145.7,1021.3,14.266131401155391
2023,con los compañeros de deporte,Edad,De 15 a 29 años,15,Más catalán que castellano,1,119.3,1021.3,11.681190639381182
2023,con los compañeros de deporte,Edad,De 15 a 29 años,15,Otras y no consta,5,32.4,1021.3,3.1724272985410753
2023,con los compañeros de deporte,Edad,De 15 a 29 años,15,Solo castellano,4,391.4,1021.3,38.32370508175854
2023,con los compañeros de deporte,Edad,De 15 a 29 años,15,Solo catalán,0,172.3,1021.3,16.870655047488498
2023,con los compañeros de deporte,Edad,De 30 a 44 años,30,Igual catalán que castellano,2,199.3,1145.7,17.395478746617787
2023,con los compañeros de deporte,Edad,De 30 a 44 años,30,Más castellano que catalán,3,132.1,1145.7,11.53006895347822
2023,con los compañeros de deporte,Edad,De 30 a 44 años,30,Más catalán que castellano,1,139.1,1145.7,12.141049140263593
2023,con los compañeros de deporte,Edad,De 30 a 44 años,30,Otras y no consta,5,76.30000000000001,1145.7,6.659684035960549
2023,con los compañeros de deporte,Edad,De 30 a 44 años,30,Solo castellano,4,424.6,1145.7,37.0603124727241
2023,con los compañeros de deporte,Edad,De 30 a 44 años,30,Solo catalán,0,156.6,1145.7,13.668499607227021
2023,con los compañeros de deporte,Edad,De 45 a 64 años,45,Igual catalán que castellano,2,304.3,1526.5,19.934490664919753
2023,con los compañeros de deporte,Edad,De 45 a 64 años,45,Más castellano que catalán,3,127.8,1526.5,8.372093023255815
2023,con los compañeros de deporte,Edad,De 45 a 64 años,45,Más catalán que castellano,1,260.1,1526.5,17.03897805437275
2023,con los compañeros de deporte,Edad,De 45 a 64 años,45,Otras y no consta,5,73.1,1526.5,4.788732394366197
2023,con los compañeros de deporte,Edad,De 45 a 64 años,45,Solo castellano,4,437.7,1526.5,28.67343596462496
2023,con los compañeros de deporte,Edad,De 45 a 64 años,45,Solo catalán,0,312.6,1526.5,20.47821814608582
2023,con los compañeros de deporte,Edad,total,99,Igual catalán que castellano,2,749.2,4448.9,16.840117781923624
2023,con los compañeros de deporte,Edad,total,99,Más castellano que catalán,3,440.6,4448.9,9.903571669401426
2023,con los compañeros de deporte,Edad,total,99,Más catalán que castellano,1,628.1,4448.9,14.118096608150331
2023,con los compañeros de deporte,Edad,total,99,Otras y no consta,5,259.7,4448.9,5.837398008496483
2023,con los compañeros de deporte,Edad,total,99,Solo castellano,4,1503.8,4448.9,33.80161388208322
2023,con los compañeros de deporte,Edad,total,99,Solo catalán,0,860.9,4448.9,19.35085077210097
2023,con los compañeros de estudio,Edad,65 años o más,65,Igual catalán que castellano,2,0.0,62.4,0.0
2023,con los compañeros de estudio,Edad,65 años o más,65,Más castellano que catalán,3,0.0,62.4,0.0
2023,con los compañeros de estudio,Edad,65 años o más,65,Más catalán que castellano,1,0.0,62.4,0.0
2023,con los compañeros de estudio,Edad,65 años o más,65,Otras y no consta,5,0.0,62.4,0.0
2023,con los compañeros de estudio,Edad,65 años o más,65,Solo castellano,4,0.0,62.4,0.0
2023,con los compañeros de estudio,Edad,65 años o más,65,Solo catalán,0,29.7,62.4,47.59615384615385
2023,con los compañeros de estudio,Edad,De 15 a 29 años,15,Igual catalán que castellano,2,136.0,717.3,18.959988847065386
2023,con los compañeros de estudio,Edad,De 15 a 29 años,15,Más castellano que catalán,3,102.2,717.3,14.247873971838843
2023,con los compañeros de estudio,Edad,De 15 a 29 años,15,Más catalán que castellano,1,123.8,717.3,17.25916631813746
2023,con los compañeros de estudio,Edad,De 15 a 29 años,15,Otras y no consta,5,23.8,717.3,3.3179980482364426
2023,con los compañeros de estudio,Edad,De 15 a 29 años,15,Solo castellano,4,159.7,717.3,22.264045727031924
2023,con los compañeros de estudio,Edad,De 15 a 29 años,15,Solo catalán,0,133.2,717.3,18.569636135508155
2023,con los compañeros de estudio,Edad,De 30 a 44 años,30,Igual catalán que castellano,2,22.2,236.2,9.398814563928875
2023,con los compañeros de estudio,Edad,De 30 a 44 años,30,Más castellano que catalán,3,17.5,236.2,7.408975444538527
2023,con los compañeros de estudio,Edad,De 30 a 44 años,30,Más catalán que castellano,1,20.8,236.2,8.806096528365792
2023,con los compañeros de estudio,Edad,De 30 a 44 años,30,Otras y no consta,5,32.4,236.2,13.717188823031329
2023,con los compañeros de estudio,Edad,De 30 a 44 años,30,Solo castellano,4,67.7,236.2,28.662150719729045
2023,con los compañeros de estudio,Edad,De 30 a 44 años,30,Solo catalán,0,43.6,236.2,18.458933107535987
2023,con los compañeros de estudio,Edad,De 45 a 64 años,45,Igual catalán que castellano,2,30.7,232.0,13.232758620689655
2023,con los compañeros de estudio,Edad,De 45 a 64 años,45,Más castellano que catalán,3,0.0,232.0,0.0
2023,con los compañeros de estudio,Edad,De 45 a 64 años,45,Más catalán que castellano,1,24.5,232.0,10.560344827586206
2023,con los compañeros de estudio,Edad,De 45 a 64 años,45,Otras y no consta,5,21.5,232.0,9.267241379310345
2023,con los compañeros de estudio,Edad,De 45 a 64 años,45,Solo castellano,4,53.3,232.0,22.974137931034484
2023,con los compañeros de estudio,Edad,De 45 a 64 años,45,Solo catalán,0,70.1,232.0,30.21551724137931
2023,con los compañeros de estudio,Edad,total,99,Igual catalán que castellano,2,198.2,1247.9,15.882682907284234
2023,con los compañeros de estudio,Edad,total,99,Más castellano que catalán,3,136.6,1247.9,10.946389935090952
2023,con los compañeros de estudio,Edad,total,99,Más catalán que castellano,1,177.8,1247.9,14.247936533376071
2023,con los compañeros de estudio,Edad,total,99,Otras y no consta,5,160.3,1247.9,12.845580575366617
2023,con los compañeros de estudio,Edad,total,99,Solo castellano,4,287.0,1247.9,22.998637711355073
2023,con los compañeros de estudio,Edad,total,99,Solo catalán,0,276.5,1247.9,22.157224136549402
2023,con los compañeros de trabajo,Edad,65 años o más,65,Igual catalán que castellano,2,0.0,60.5,0.0
2023,con los compañeros de trabajo,Edad,65 años o más,65,Más castellano que catalán,3,0.0,60.5,0.0
2023,con los compañeros de trabajo,Edad,65 años o más,65,Más catalán que castellano,1,0.0,60.5,0.0
2023,con los compañeros de trabajo,Edad,65 años o más,65,Otras y no consta,5,0.0,60.5,0.0
2023,con los compañeros de trabajo,Edad,65 años o más,65,Solo castellano,4,0.0,60.5,0.0
2023,con los compañeros de trabajo,Edad,65 años o más,65,Solo catalán,0,17.2,60.5,28.4297520661157
2023,con los compañeros de trabajo,Edad,De 15 a 29 años,15,Igual catalán que castellano,2,114.9,595.1,19.307679381616534
2023,con los compañeros de trabajo,Edad,De 15 a 29 años,15,Más castellano que catalán,3,62.5,595.1,10.502436565283144
2023,con los compañeros de trabajo,Edad,De 15 a 29 años,15,Más catalán que castellano,1,70.4,595.1,11.829944547134936
2023,con los compañeros de trabajo,Edad,De 15 a 29 años,15,Otras y no consta,5,82.0,595.1,13.779196773651487
2023,con los compañeros de trabajo,Edad,De 15 a 29 años,15,Solo castellano,4,170.7,595.1,28.684254747101324
2023,con los compañeros de trabajo,Edad,De 15 a 29 años,15,Solo catalán,0,93.0,595.1,15.62762560914132
2023,con los compañeros de trabajo,Edad,De 30 a 44 años,30,Igual catalán que castellano,2,194.0,1238.4,15.665374677002584
2023,con los compañeros de trabajo,Edad,De 30 a 44 años,30,Más castellano que catalán,3,149.0,1238.4,12.031653746770026
2023,con los compañeros de trabajo,Edad,De 30 a 44 años,30,Más catalán que castellano,1,176.6,1238.4,14.260335917312661
2023,con los compañeros de trabajo,Edad,De 30 a 44 años,30,Otras y no consta,5,202.0,1238.4,16.311369509043928
2023,con los compañeros de trabajo,Edad,De 30 a 44 años,30,Solo castellano,4,326.0,1238.4,26.324289405684752
2023,con los compañeros de trabajo,Edad,De 30 a 44 años,30,Solo catalán,0,180.5,1238.4,14.575258397932817
2023,con los compañeros de trabajo,Edad,De 45 a 64 años,45,Igual catalán que castellano,2,296.4,1573.6,18.835790543975598
2023,con los compañeros de trabajo,Edad,De 45 a 64 años,45,Más castellano que catalán,3,174.9,1573.6,11.114641586171835
2023,con los compañeros de trabajo,Edad,De 45 a 64 años,45,Más catalán que castellano,1,276.0,1573.6,17.539400101677682
2023,con los compañeros de trabajo,Edad,De 45 a 64 años,45,Otras y no consta,5,136.4,1573.6,8.668022369089986
2023,con los compañeros de trabajo,Edad,De 45 a 64 años,45,Solo castellano,4,397.0,1573.6,25.228774783934927
2023,con los compañeros de trabajo,Edad,De 45 a 64 años,45,Solo catalán,0,287.2,1573.6,18.251143873919677
2023,con los compañeros de trabajo,Edad,total,99,Igual catalán que castellano,2,612.3,3467.5,17.658255227108867
2023,con los compañeros de trabajo,Edad,total,99,Más castellano que catalán,3,393.0,3467.5,11.333813987022351
2023,con los compañeros de trabajo,Edad,total,99,Más catalán que castellano,1,532.1,3467.5,15.345349675558762
2023,con los compañeros de trabajo,Edad,total,99,Otras y no consta,5,445.09999999999997,3467.5,12.83633741888969
2023,con los compañeros de trabajo,Edad,total,99,Solo castellano,4,907.2,3467.5,26.162941600576783
2023,con los compañeros de trabajo,Edad,total,99,Solo catalán,0,577.9,3467.5,16.66618601297765
2023,con los miembros del hogar,Edad,65 años o más,65,Igual catalán que castellano,2,56.2,1200.4,4.681772742419193
2023,con los miembros del hogar,Edad,65 años o más,65,Más castellano que catalán,3,67.4,1200.4,5.614795068310563
2023,con los miembros del hogar,Edad,65 años o más,65,Más catalán que castellano,1,41.3,1200.4,3.4405198267244246
2023,con los miembros del hogar,Edad,65 años o más,65,Otras y no consta,5,48.5,1200.4,4.040319893368877
2023,con los miembros del hogar,Edad,65 años o más,65,Solo castellano,4,548.0,1200.4,45.65144951682772
2023,con los miembros del hogar,Edad,65 años o más,65,Solo catalán,0,437.7,1200.4,36.462845718093966
2023,con los miembros del hogar,Edad,De 15 a 29 años,15,Igual catalán que castellano,2,93.0,1267.9,7.334963325183373
2023,con los miembros del hogar,Edad,De 15 a 29 años,15,Más castellano que catalán,3,113.4,1267.9,8.943923022320371
2023,con los miembros del hogar,Edad,De 15 a 29 años,15,Más catalán que castellano,1,70.8,1267.9,5.584036595946052
2023,con los miembros del hogar,Edad,De 15 a 29 años,15,Otras y no consta,5,201.6,1267.9,15.900307595236216
2023,con los miembros del hogar,Edad,De 15 a 29 años,15,Solo castellano,4,496.5,1267.9,39.159239687672525
2023,con los miembros del hogar,Edad,De 15 a 29 años,15,Solo catalán,0,290.4,1267.9,22.9040145121855
2023,con los miembros del hogar,Edad,De 30 a 44 años,30,Igual catalán que castellano,2,115.0,1472.3,7.810908102968145
2023,con los miembros del hogar,Edad,De 30 a 44 años,30,Más castellano que catalán,3,147.3,1472.3,10.004754465801808
2023,con los miembros del hogar,Edad,De 30 a 44 años,30,Más catalán que castellano,1,72.5,1472.3,4.924268151871222
2023,con los miembros del hogar,Edad,De 30 a 44 años,30,Otras y no consta,5,309.8,1472.3,21.041907219995927
2023,con los miembros del hogar,Edad,De 30 a 44 años,30,Solo castellano,4,522.4,1472.3,35.48189906948312
2023,con los miembros del hogar,Edad,De 30 a 44 años,30,Solo catalán,0,301.9,1472.3,20.505331793792024
2023,con los miembros del hogar,Edad,De 45 a 64 años,45,Igual catalán que castellano,2,177.9,2070.6,8.591712547087802
2023,con los miembros del hogar,Edad,De 45 a 64 años,45,Más castellano que catalán,3,182.4,2070.6,8.8090408577224
2023,con los miembros del hogar,Edad,De 45 a 64 años,45,Más catalán que castellano,1,108.8,2070.6,5.254515599343185
2023,con los miembros del hogar,Edad,De 45 a 64 años,45,Otras y no consta,5,222.4,2070.6,10.740848063363277
2023,con los miembros del hogar,Edad,De 45 a 64 años,45,Solo castellano,4,797.5,2070.6,38.51540616246499
2023,con los miembros del hogar,Edad,De 45 a 64 años,45,Solo catalán,0,574.8,2070.6,27.7600695450594
2023,con los miembros del hogar,Edad,total,99,Igual catalán que castellano,2,442.2,6011.3,7.356145925174255
2023,con los miembros del hogar,Edad,total,99,Más castellano que catalán,3,510.5,6011.3,8.492339427411707
2023,con los miembros del hogar,Edad,total,99,Más catalán que castellano,1,293.4,6011.3,4.880807811954153
2023,con los miembros del hogar,Edad,total,99,Otras y no consta,5,783.3,6011.3,13.03045930164856
2023,con los miembros del hogar,Edad,total,99,Solo castellano,4,2364.3,6011.3,39.33092675461215
2023,con los miembros del hogar,Edad,total,99,Solo catalán,0,1604.7,6011.3,26.694724934706304
2023,con los vecinos,Edad,65 años o más,65,Igual catalán que castellano,2,215.1,1529.2,14.066178393931466
2023,con los vecinos,Edad,65 años o más,65,Más castellano que catalán,3,94.2,1529.2,6.160083703897463
2023,con los vecinos,Edad,65 años o más,65,Más catalán que castellano,1,198.2,1529.2,12.961025372743917
2023,con los vecinos,Edad,65 años o más,65,Otras y no consta,5,34.8,1529.2,2.275699712267852
2023,con los vecinos,Edad,65 años o más,65,Solo castellano,4,585.7,1529.2,38.30107245618624
2023,con los vecinos,Edad,65 años o más,65,Solo catalán,0,388.8,1529.2,25.4250588543029
2023,con los vecinos,Edad,De 15 a 29 años,15,Igual catalán que castellano,2,196.7,1313.4,14.976397137201156
2023,con los vecinos,Edad,De 15 a 29 años,15,Más castellano que catalán,3,165.9,1313.4,12.631338510735496
2023,con los vecinos,Edad,De 15 a 29 años,15,Más catalán que castellano,1,152.7,1313.4,11.626313385107354
2023,con los vecinos,Edad,De 15 a 29 años,15,Otras y no consta,5,84.80000000000001,1313.4,6.456525049489874
2023,con los vecinos,Edad,De 15 a 29 años,15,Solo castellano,4,470.2,1313.4,35.800213187147854
2023,con los vecinos,Edad,De 15 a 29 años,15,Solo catalán,0,231.9,1313.4,17.6564641388762
2023,con los vecinos,Edad,De 30 a 44 años,30,Igual catalán que castellano,2,221.3,1621.7,13.646173768267866
2023,con los vecinos,Edad,De 30 a 44 años,30,Más castellano que catalán,3,196.3,1621.7,12.10458161188876
2023,con los vecinos,Edad,De 30 a 44 años,30,Más catalán que castellano,1,210.5,1621.7,12.980205956712092
2023,con los vecinos,Edad,De 30 a 44 años,30,Otras y no consta,5,116.0,1621.7,7.152987605599062
2023,con los vecinos,Edad,De 30 a 44 años,30,Solo castellano,4,662.4,1621.7,40.846025775420856
2023,con los vecinos,Edad,De 30 a 44 años,30,Solo catalán,0,209.8,1621.7,12.937041376333477
2023,con los vecinos,Edad,De 45 a 64 años,45,Igual catalán que castellano,2,384.0,2320.8,16.546018614270942
2023,con los vecinos,Edad,De 45 a 64 años,45,Más castellano que catalán,3,259.6,2320.8,11.185798000689417
2023,con los vecinos,Edad,De 45 a 64 años,45,Más catalán que castellano,1,400.5,2320.8,17.256980351602895
2023,con los vecinos,Edad,De 45 a 64 años,45,Otras y no consta,5,137.7,2320.8,5.9332988624612195
2023,con los vecinos,Edad,De 45 a 64 años,45,Solo castellano,4,789.8,2320.8,34.031368493622885
2023,con los vecinos,Edad,De 45 a 64 años,45,Solo catalán,0,349.0,2320.8,15.037917959324371
2023,con los vecinos,Edad,total,99,Igual catalán que castellano,2,1017.2,6785.1,14.991672930391593
2023,con los vecinos,Edad,total,99,Más castellano que catalán,3,716.0,6785.1,10.552534229414452
2023,con los vecinos,Edad,total,99,Más catalán que castellano,1,961.9,6785.1,14.176651781108603
2023,con los vecinos,Edad,total,99,Otras y no consta,5,402.4,6785.1,5.930642142341306
2023,con los vecinos,Edad,total,99,Solo castellano,4,2508.1,6785.1,36.96481997317652
2023,con los vecinos,Edad,total,99,Solo catalán,0,1179.5,6785.1,17.38367894356752
2023,con los órganos judiciales,Edad,65 años o más,65,Igual catalán que castellano,2,129.4,1529.2,8.461940884122416
2023,con los órganos judiciales,Edad,65 años o más,65,Más castellano que catalán,3,53.6,1529.2,3.5051007062516346
2023,con los órganos judiciales,Edad,65 años o más,65,Más catalán que castellano,1,125.3,1529.2,8.193826837562124
2023,con los órganos judiciales,Edad,65 años o más,65,Otras y no consta,5,535.6,1529.2,35.02484959455925
2023,con los órganos judiciales,Edad,65 años o más,65,Solo castellano,4,427.7,1529.2,27.968872613131047
2023,con los órganos judiciales,Edad,65 años o más,65,Solo catalán,0,251.6,1529.2,16.453047345017
2023,con los órganos judiciales,Edad,De 15 a 29 años,15,Igual catalán que castellano,2,130.5,1313.4,9.936043855641845
2023,con los órganos judiciales,Edad,De 15 a 29 años,15,Más castellano que catalán,3,95.0,1313.4,7.23313537383889
2023,con los órganos judiciales,Edad,De 15 a 29 años,15,Más catalán que castellano,1,99.4,1313.4,7.5681437490482715
2023,con los órganos judiciales,Edad,De 15 a 29 años,15,Otras y no consta,5,468.3,1313.4,35.655550479671085
2023,con los órganos judiciales,Edad,De 15 a 29 años,15,Solo castellano,4,338.8,1313.4,25.795644891122276
2023,con los órganos judiciales,Edad,De 15 a 29 años,15,Solo catalán,0,165.5,1313.4,12.600883203898277
2023,con los órganos judiciales,Edad,De 30 a 44 años,30,Igual catalán que castellano,2,176.4,1621.7,10.87747425541099
2023,con los órganos judiciales,Edad,De 30 a 44 años,30,Más castellano que catalán,3,129.3,1621.7,7.97311463279275
2023,con los órganos judiciales,Edad,De 30 a 44 años,30,Más catalán que castellano,1,152.3,1621.7,9.391379416661529
2023,con los órganos judiciales,Edad,De 30 a 44 años,30,Otras y no consta,5,325.40000000000003,1621.7,20.065363507430476
2023,con los órganos judiciales,Edad,De 30 a 44 años,30,Solo castellano,4,602.7,1621.7,37.16470370598755
2023,con los órganos judiciales,Edad,De 30 a 44 años,30,Solo catalán,0,227.3,1621.7,14.016155885798852
2023,con los órganos judiciales,Edad,De 45 a 64 años,45,Igual catalán que castellano,2,234.8,2320.8,10.117200965184418
2023,con los órganos judiciales,Edad,De 45 a 64 años,45,Más castellano que catalán,3,189.9,2320.8,8.182523267838675
2023,con los órganos judiciales,Edad,De 45 a 64 años,45,Más catalán que castellano,1,255.8,2320.8,11.02206135815236
2023,con los órganos judiciales,Edad,De 45 a 64 años,45,Otras y no consta,5,433.0,2320.8,18.65735953119614
2023,con los órganos judiciales,Edad,De 45 a 64 años,45,Solo castellano,4,766.3,2320.8,33.018786625301615
2023,con los órganos judiciales,Edad,De 45 a 64 años,45,Solo catalán,0,419.6,2320.8,18.07997242330231
2023,con los órganos judiciales,Edad,total,99,Igual catalán que castellano,2,671.1,6785.1,9.89079011363134
2023,con los órganos judiciales,Edad,total,99,Más castellano que catalán,3,467.8,6785.1,6.894518872234749
2023,con los órganos judiciales,Edad,total,99,Más catalán que castellano,1,632.8,6785.1,9.326317961415453
2023,con los órganos judiciales,Edad,total,99,Otras y no consta,5,1813.6000000000001,6785.1,26.72915653417046
2023,con los órganos judiciales,Edad,total,99,Solo castellano,4,2135.4,6785.1,31.471901666887742
2023,con los órganos judiciales,Edad,total,99,Solo catalán,0,1064.0,6785.1,15.681419581141029
2023,con usuarios o clientes de Cataluña,Edad,65 años o más,65,Igual catalán que castellano,2,17.2,51.7,33.26885880077369
2023,con usuarios o clientes de Cataluña,Edad,65 años o más,65,Más castellano que catalán,3,0.0,51.7,0.0
2023,con usuarios o clientes de Cataluña,Edad,65 años o más,65,Más catalán que castellano,1,0.0,51.7,0.0
2023,con usuarios o clientes de Cataluña,Edad,65 años o más,65,Otras y no consta,5,0.0,51.7,0.0
2023,con usuarios o clientes de Cataluña,Edad,65 años o más,65,Solo castellano,4,0.0,51.7,0.0
2023,con usuarios o clientes de Cataluña,Edad,65 años o más,65,Solo catalán,0,0.0,51.7,0.0
2023,con usuarios o clientes de Cataluña,Edad,De 15 a 29 años,15,Igual catalán que castellano,2,140.4,516.0,27.209302325581397
2023,con usuarios o clientes de Cataluña,Edad,De 15 a 29 años,15,Más castellano que catalán,3,67.8,516.0,13.13953488372093
2023,con usuarios o clientes de Cataluña,Edad,De 15 a 29 años,15,Más catalán que castellano,1,85.4,516.0,16.550387596899228
2023,con usuarios o clientes de Cataluña,Edad,De 15 a 29 años,15,Otras y no consta,5,63.599999999999994,516.0,12.325581395348836
2023,con usuarios o clientes de Cataluña,Edad,De 15 a 29 años,15,Solo castellano,4,66.9,516.0,12.965116279069768
2023,con usuarios o clientes de Cataluña,Edad,De 15 a 29 años,15,Solo catalán,0,72.9,516.0,14.127906976744187
2023,con usuarios o clientes de Cataluña,Edad,De 30 a 44 años,30,Igual catalán que castellano,2,250.0,1080.3,23.14171989262242
2023,con usuarios o clientes de Cataluña,Edad,De 30 a 44 años,30,Más castellano que catalán,3,131.8,1080.3,12.200314727390541
2023,con usuarios o clientes de Cataluña,Edad,De 30 a 44 años,30,Más catalán que castellano,1,196.2,1080.3,18.161621771730076
2023,con usuarios o clientes de Cataluña,Edad,De 30 a 44 años,30,Otras y no consta,5,173.6,1080.3,16.06961029343701
2023,con usuarios o clientes de Cataluña,Edad,De 30 a 44 años,30,Solo castellano,4,200.0,1080.3,18.51337591409794
2023,con usuarios o clientes de Cataluña,Edad,De 30 a 44 años,30,Solo catalán,0,111.4,1080.3,10.311950384152551
2023,con usuarios o clientes de Cataluña,Edad,De 45 a 64 años,45,Igual catalán que castellano,2,360.7,1389.1,25.966453099128934
2023,con usuarios o clientes de Cataluña,Edad,De 45 a 64 años,45,Más castellano que catalán,3,174.6,1389.1,12.569289468000862
2023,con usuarios o clientes de Cataluña,Edad,De 45 a 64 años,45,Más catalán que castellano,1,335.7,1389.1,24.166726657548054
2023,con usuarios o clientes de Cataluña,Edad,De 45 a 64 años,45,Otras y no consta,5,96.9,1389.1,6.975739687567491
2023,con usuarios o clientes de Cataluña,Edad,De 45 a 64 años,45,Solo castellano,4,249.7,1389.1,17.975667698509827
2023,con usuarios o clientes de Cataluña,Edad,De 45 a 64 años,45,Solo catalán,0,147.9,1389.1,10.647181628392484
2023,con usuarios o clientes de Cataluña,Edad,total,99,Igual catalán que castellano,2,768.4,3037.1,25.300451088209147
2023,con usuarios o clientes de Cataluña,Edad,total,99,Más castellano que catalán,3,378.3,3037.1,12.455961278851536
2023,con usuarios o clientes de Cataluña,Edad,total,99,Más catalán que castellano,1,631.8,3037.1,20.802739455401532
2023,con usuarios o clientes de Cataluña,Edad,total,99,Otras y no consta,5,383.79999999999995,3037.1,12.63705508544335
2023,con usuarios o clientes de Cataluña,Edad,total,99,Solo castellano,4,521.9,3037.1,17.18415593823055
2023,con usuarios o clientes de Cataluña,Edad,total,99,Solo catalán,0,340.6,3037.1,11.214645550031282
2023,en el centro de culto,Edad,65 años o más,65,Igual catalán que castellano,2,84.2,706.4,11.919592298980747
2023,en el centro de culto,Edad,65 años o más,65,Más castellano que catalán,3,21.7,706.4,3.0719139297848246
2023,en el centro de culto,Edad,65 años o más,65,Más catalán que castellano,1,64.0,706.4,9.060022650056625
2023,en el centro de culto,Edad,65 años o más,65,Otras y no consta,5,52.0,706.4,7.361268403171008
2023,en el centro de culto,Edad,65 años o más,65,Solo castellano,4,261.7,706.4,37.046998867497166
2023,en el centro de culto,Edad,65 años o más,65,Solo catalán,0,219.9,706.4,31.129671574178936
2023,en el centro de culto,Edad,De 15 a 29 años,15,Igual catalán que castellano,2,49.6,488.7,10.149375895232248
2023,en el centro de culto,Edad,De 15 a 29 años,15,Más castellano que catalán,3,42.6,488.7,8.717004297114794
2023,en el centro de culto,Edad,De 15 a 29 años,15,Más catalán que castellano,1,25.4,488.7,5.197462656026191
2023,en el centro de culto,Edad,De 15 a 29 años,15,Otras y no consta,5,89.3,488.7,18.272969101698383
2023,en el centro de culto,Edad,De 15 a 29 años,15,Solo castellano,4,175.5,488.7,35.91160220994475
2023,en el centro de culto,Edad,De 15 a 29 años,15,Solo catalán,0,80.8,488.7,16.53366073255576
2023,en el centro de culto,Edad,De 30 a 44 años,30,Igual catalán que castellano,2,58.6,587.7,9.971073677046112
2023,en el centro de culto,Edad,De 30 a 44 años,30,Más castellano que catalán,3,34.1,587.7,5.80228007486813
2023,en el centro de culto,Edad,De 30 a 44 años,30,Más catalán que castellano,1,43.5,587.7,7.401735579377233
2023,en el centro de culto,Edad,De 30 a 44 años,30,Otras y no consta,5,159.6,587.7,27.15671260847371
2023,en el centro de culto,Edad,De 30 a 44 años,30,Solo castellano,4,222.0,587.7,37.774374680959674
2023,en el centro de culto,Edad,De 30 a 44 años,30,Solo catalán,0,66.2,587.7,11.264250467925812
2023,en el centro de culto,Edad,De 45 a 64 años,45,Igual catalán que castellano,2,99.8,888.6,11.231150123790231
2023,en el centro de culto,Edad,De 45 a 64 años,45,Más castellano que catalán,3,49.1,888.6,5.525545802385776
2023,en el centro de culto,Edad,De 45 a 64 años,45,Más catalán que castellano,1,91.0,888.6,10.240828269187485
2023,en el centro de culto,Edad,De 45 a 64 años,45,Otras y no consta,5,158.3,888.6,17.81453972541076
2023,en el centro de culto,Edad,De 45 a 64 años,45,Solo castellano,4,298.7,888.6,33.61467476930002
2023,en el centro de culto,Edad,De 45 a 64 años,45,Solo catalán,0,185.9,888.6,20.920549178483007
2023,en el centro de culto,Edad,total,99,Igual catalán que castellano,2,292.2,2671.4,10.938084899303735
2023,en el centro de culto,Edad,total,99,Más castellano que catalán,3,147.5,2671.4,5.521449427266602
2023,en el centro de culto,Edad,total,99,Más catalán que castellano,1,223.9,2671.4,8.381373062813505
2023,en el centro de culto,Edad,total,99,Otras y no consta,5,493.0,2671.4,18.45474283147413
2023,en el centro de culto,Edad,total,99,Solo castellano,4,957.9,2671.4,35.85760275510968
2023,en el centro de culto,Edad,total,99,Solo catalán,0,552.8,2671.4,20.69326944673205
2023,en el gran comercio,Edad,65 años o más,65,Igual catalán que castellano,2,209.3,1529.2,13.686895108553493
2023,en el gran comercio,Edad,65 años o más,65,Más castellano que catalán,3,76.6,1529.2,5.009155113784985
2023,en el gran comercio,Edad,65 años o más,65,Más catalán que castellano,1,199.4,1529.2,13.039497776615224
2023,en el gran comercio,Edad,65 años o más,65,Otras y no consta,5,112.5,1529.2,7.356787862934867
2023,en el gran comercio,Edad,65 años o más,65,Solo castellano,4,557.6,1529.2,36.463510332199846
2023,en el gran comercio,Edad,65 años o más,65,Solo catalán,0,358.2,1529.2,23.424012555584618
2023,en el gran comercio,Edad,De 15 a 29 años,15,Igual catalán que castellano,2,230.5,1313.4,17.54987056494594
2023,en el gran comercio,Edad,De 15 a 29 años,15,Más castellano que catalán,3,231.5,1313.4,17.62600883203898
2023,en el gran comercio,Edad,De 15 a 29 años,15,Más catalán que castellano,1,169.1,1313.4,12.874980965433224
2023,en el gran comercio,Edad,De 15 a 29 años,15,Otras y no consta,5,46.2,1313.4,3.5175879396984926
2023,en el gran comercio,Edad,De 15 a 29 años,15,Solo castellano,4,462.6,1313.4,35.22156235724075
2023,en el gran comercio,Edad,De 15 a 29 años,15,Solo catalán,0,159.5,1313.4,12.144053601340033
2023,en el gran comercio,Edad,De 30 a 44 años,30,Igual catalán que castellano,2,255.2,1621.7,15.736572732317935
2023,en el gran comercio,Edad,De 30 a 44 años,30,Más castellano que catalán,3,228.4,1621.7,14.083985940679533
2023,en el gran comercio,Edad,De 30 a 44 años,30,Más catalán que castellano,1,206.3,1621.7,12.721218474440402
2023,en el gran comercio,Edad,De 30 a 44 años,30,Otras y no consta,5,59.3,1621.7,3.656656594931245
2023,en el gran comercio,Edad,De 30 a 44 años,30,Solo castellano,4,676.7,1621.7,41.727816488869706
2023,en el gran comercio,Edad,De 30 a 44 años,30,Solo catalán,0,186.4,1621.7,11.494111117962632
2023,en el gran comercio,Edad,De 45 a 64 años,45,Igual catalán que castellano,2,404.8,2320.8,17.442261289210617
2023,en el gran comercio,Edad,De 45 a 64 años,45,Más castellano que catalán,3,258.6,2320.8,11.142709410548086
2023,en el gran comercio,Edad,De 45 a 64 años,45,Más catalán que castellano,1,413.7,2320.8,17.825749741468456
2023,en el gran comercio,Edad,De 45 a 64 años,45,Otras y no consta,5,74.2,2320.8,3.1971733884867284
2023,en el gran comercio,Edad,De 45 a 64 años,45,Solo castellano,4,793.6,2320.8,34.195105136159945
2023,en el gran comercio,Edad,De 45 a 64 años,45,Solo catalán,0,365.6,2320.8,15.753188555670459
2023,en el gran comercio,Edad,total,99,Igual catalán que castellano,2,1099.8,6785.1,16.209046292611752
2023,en el gran comercio,Edad,total,99,Más castellano que catalán,3,795.1,6785.1,11.718323974591383
2023,en el gran comercio,Edad,total,99,Más catalán que castellano,1,988.5,6785.1,14.568687270637131
2023,en el gran comercio,Edad,total,99,Otras y no consta,5,338.7,6785.1,4.991820312154573
2023,en el gran comercio,Edad,total,99,Solo castellano,4,2490.5,6785.1,36.705428070330576
2023,en el gran comercio,Edad,total,99,Solo catalán,0,1069.8,6785.1,15.766901003669803
2023,en el pequeño comercio,Edad,65 años o más,65,Igual catalán que castellano,2,202.4,1529.2,13.235678786293487
2023,en el pequeño comercio,Edad,65 años o más,65,Más castellano que catalán,3,80.0,1529.2,5.23149359142035
2023,en el pequeño comercio,Edad,65 años o más,65,Más catalán que castellano,1,211.6,1529.2,13.837300549306827
2023,en el pequeño comercio,Edad,65 años o más,65,Otras y no consta,5,65.7,1529.2,4.296364111953963
2023,en el pequeño comercio,Edad,65 años o más,65,Solo castellano,4,534.0,1529.2,34.92021972273084
2023,en el pequeño comercio,Edad,65 años o más,65,Solo catalán,0,422.2,1529.2,27.6092074287209
2023,en el pequeño comercio,Edad,De 15 a 29 años,15,Igual catalán que castellano,2,250.4,1313.4,19.065022080097457
2023,en el pequeño comercio,Edad,De 15 a 29 años,15,Más castellano que catalán,3,175.7,1313.4,13.377493528247294
2023,en el pequeño comercio,Edad,De 15 a 29 años,15,Más catalán que castellano,1,223.4,1313.4,17.00928886858535
2023,en el pequeño comercio,Edad,De 15 a 29 años,15,Otras y no consta,5,46.8,1313.4,3.563270899954316
2023,en el pequeño comercio,Edad,De 15 a 29 años,15,Solo castellano,4,394.8,1313.4,30.05938784833257
2023,en el pequeño comercio,Edad,De 15 a 29 años,15,Solo catalán,0,210.3,1313.4,16.011877569666513
2023,en el pequeño comercio,Edad,De 30 a 44 años,30,Igual catalán que castellano,2,253.4,1621.7,15.625578097058643
2023,en el pequeño comercio,Edad,De 30 a 44 años,30,Más castellano que catalán,3,171.1,1621.7,10.550656718258617
2023,en el pequeño comercio,Edad,De 30 a 44 años,30,Más catalán que castellano,1,265.1,1621.7,16.347043226244065
2023,en el pequeño comercio,Edad,De 30 a 44 años,30,Otras y no consta,5,71.5,1621.7,4.408953567244249
2023,en el pequeño comercio,Edad,De 30 a 44 años,30,Solo castellano,4,604.3,1621.7,37.2633656039958
2023,en el pequeño comercio,Edad,De 30 a 44 años,30,Solo catalán,0,243.1,1621.7,14.990442128630448
2023,en el pequeño comercio,Edad,De 45 a 64 años,45,Igual catalán que castellano,2,393.2,2320.8,16.94243364357118
2023,en el pequeño comercio,Edad,De 45 a 64 años,45,Más castellano que catalán,3,206.7,2320.8,8.90641158221303
2023,en el pequeño comercio,Edad,De 45 a 64 años,45,Más catalán que castellano,1,443.7,2320.8,19.118407445708375
2023,en el pequeño comercio,Edad,De 45 a 64 años,45,Otras y no consta,5,66.4,2320.8,2.8610823853843503
2023,en el pequeño comercio,Edad,De 45 a 64 años,45,Solo castellano,4,731.0,2320.8,31.497759393312645
2023,en el pequeño comercio,Edad,De 45 a 64 años,45,Solo catalán,0,463.4,2320.8,19.967252671492584
2023,en el pequeño comercio,Edad,total,99,Igual catalán que castellano,2,1099.4,6785.1,16.203151022092527
2023,en el pequeño comercio,Edad,total,99,Más castellano que catalán,3,633.6,6785.1,9.338108502453906
2023,en el pequeño comercio,Edad,total,99,Más catalán que castellano,1,1143.8,6785.1,16.857526049726605
2023,en el pequeño comercio,Edad,total,99,Otras y no consta,5,305.20000000000005,6785.1,4.498091406169401
2023,en el pequeño comercio,Edad,total,99,Solo castellano,4,2264.0,6785.1,33.36723113881888
2023,en el pequeño comercio,Edad,total,99,Solo catalán,0,1339.0,6785.1,19.73441806310887
2023,en la entidad financiera,Edad,65 años o más,65,Igual catalán que castellano,2,131.2,1529.2,8.579649489929373
2023,en la entidad financiera,Edad,65 años o más,65,Más castellano que catalán,3,46.0,1529.2,3.0081088150667017
2023,en la entidad financiera,Edad,65 años o más,65,Más catalán que castellano,1,111.9,1529.2,7.317551660999215
2023,en la entidad financiera,Edad,65 años o más,65,Otras y no consta,5,125.3,1529.2,8.193826837562124
2023,en la entidad financiera,Edad,65 años o más,65,Solo castellano,4,544.5,1529.2,35.60685325660476
2023,en la entidad financiera,Edad,65 años o más,65,Solo catalán,0,559.9,1529.2,36.61391577295318
2023,en la entidad financiera,Edad,De 15 a 29 años,15,Igual catalán que castellano,2,188.1,1313.4,14.321608040201003
2023,en la entidad financiera,Edad,De 15 a 29 años,15,Más castellano que catalán,3,123.0,1313.4,9.365006852444038
2023,en la entidad financiera,Edad,De 15 a 29 años,15,Más catalán que castellano,1,141.6,1313.4,10.781178620374599
2023,en la entidad financiera,Edad,De 15 a 29 años,15,Otras y no consta,5,155.7,1313.4,11.854728186386476
2023,en la entidad financiera,Edad,De 15 a 29 años,15,Solo castellano,4,402.0,1313.4,30.607583371402463
2023,en la entidad financiera,Edad,De 15 a 29 años,15,Solo catalán,0,278.6,1313.4,21.21212121212121
2023,en la entidad financiera,Edad,De 30 a 44 años,30,Igual catalán que castellano,2,194.7,1621.7,12.005919713880495
2023,en la entidad financiera,Edad,De 30 a 44 años,30,Más castellano que catalán,3,96.2,1621.7,5.932046617746809
2023,en la entidad financiera,Edad,De 30 a 44 años,30,Más catalán que castellano,1,186.4,1621.7,11.494111117962632
2023,en la entidad financiera,Edad,De 30 a 44 años,30,Otras y no consta,5,134.7,1621.7,8.306098538570634
2023,en la entidad financiera,Edad,De 30 a 44 años,30,Solo castellano,4,643.7,1621.7,39.692914842449284
2023,en la entidad financiera,Edad,De 30 a 44 años,30,Solo catalán,0,351.4,1621.7,21.668619350064745
2023,en la entidad financiera,Edad,De 45 a 64 años,45,Igual catalán que castellano,2,260.0,2320.8,11.20303343674595
2023,en la entidad financiera,Edad,De 45 a 64 años,45,Más castellano que catalán,3,140.9,2320.8,6.071182350913478
2023,en la entidad financiera,Edad,De 45 a 64 años,45,Más catalán que castellano,1,318.7,2320.8,13.732333678042053
2023,en la entidad financiera,Edad,De 45 a 64 años,45,Otras y no consta,5,136.0,2320.8,5.8600482592209575
2023,en la entidad financiera,Edad,De 45 a 64 años,45,Solo castellano,4,768.8,2320.8,33.126508100654945
2023,en la entidad financiera,Edad,De 45 a 64 años,45,Solo catalán,0,686.7,2320.8,29.588934850051707
2023,en la entidad financiera,Edad,total,99,Igual catalán que castellano,2,774.0,6785.1,11.407348454702214
2023,en la entidad financiera,Edad,total,99,Más castellano que catalán,3,406.1,6785.1,5.985173394644146
2023,en la entidad financiera,Edad,total,99,Más catalán que castellano,1,758.7,6785.1,11.181854357341821
2023,en la entidad financiera,Edad,total,99,Otras y no consta,5,610.7,6785.1,9.00060426522822
2023,en la entidad financiera,Edad,total,99,Solo castellano,4,2358.9,6785.1,34.76588406950524
2023,en la entidad financiera,Edad,total,99,Solo catalán,0,1876.6,6785.1,27.657661640948543
2008,al escribir notas personales,Lugar de nacimiento,Cataluña,1,Igual catalán que castellano,2,432.0,3614.3,11.952521926790803
2008,al escribir notas personales,Lugar de nacimiento,Cataluña,1,Más castellano que catalán,3,176.4,3614.3,4.880613120106244
2008,al escribir notas personales,Lugar de nacimiento,Cataluña,1,Más catalán que castellano,1,355.4,3614.3,9.833162714771877
2008,al escribir notas personales,Lugar de nacimiento,Cataluña,1,Otras y no consta,5,60.9,3614.3,1.6849735771795369
2008,al escribir notas personales,Lugar de nacimiento,Cataluña,1,Solo castellano,4,562.8,3614.3,15.571479954624683
2008,al escribir notas personales,Lugar de nacimiento,Cataluña,1,Solo catalán,0,2026.8,3614.3,56.07724870652685
2008,al escribir notas personales,Lugar de nacimiento,Extranjero,3,Igual catalán que castellano,2,78.2,1050.1,7.4469098181125615
2008,al escribir notas personales,Lugar de nacimiento,Extranjero,3,Más castellano que catalán,3,50.2,1050.1,4.780497095514714
2008,al escribir notas personales,Lugar de nacimiento,Extranjero,3,Más catalán que castellano,1,21.4,1050.1,2.0379011522712123
2008,al escribir notas personales,Lugar de nacimiento,Extranjero,3,Otras y no consta,5,16.9,1050.1,1.6093705361394155
2008,al escribir notas personales,Lugar de nacimiento,Extranjero,3,Solo castellano,4,792.6,1050.1,75.47852585468051
2008,al escribir notas personales,Lugar de nacimiento,Extranjero,3,Solo catalán,0,79.2,1050.1,7.542138843919628
2008,al escribir notas personales,Lugar de nacimiento,Resto de España,2,Igual catalán que castellano,2,156.5,1498.2,10.445868375383792
2008,al escribir notas personales,Lugar de nacimiento,Resto de España,2,Más castellano que catalán,3,103.9,1498.2,6.934988653050326
2008,al escribir notas personales,Lugar de nacimiento,Resto de España,2,Más catalán que castellano,1,74.6,1498.2,4.979308503537578
2008,al escribir notas personales,Lugar de nacimiento,Resto de España,2,Otras y no consta,5,0.0,1498.2,0.0
2008,al escribir notas personales,Lugar de nacimiento,Resto de España,2,Solo castellano,4,936.1,1498.2,62.48164464023495
2008,al escribir notas personales,Lugar de nacimiento,Resto de España,2,Solo catalán,0,208.9,1498.2,13.94339874516086
2008,al escribir notas personales,Lugar de nacimiento,total,99,Igual catalán que castellano,2,666.7,6162.5,10.818661257606491
2008,al escribir notas personales,Lugar de nacimiento,total,99,Más castellano que catalán,3,330.4,6162.5,5.361460446247464
2008,al escribir notas personales,Lugar de nacimiento,total,99,Más catalán que castellano,1,451.4,6162.5,7.324949290060852
2008,al escribir notas personales,Lugar de nacimiento,total,99,Otras y no consta,5,107.5,6162.5,1.7444219066937119
2008,al escribir notas personales,Lugar de nacimiento,total,99,Solo castellano,4,2291.6,6162.5,37.186206896551724
2008,al escribir notas personales,Lugar de nacimiento,total,99,Solo catalán,0,2315.0,6162.5,37.5659229208925
2008,con el personal médico,Lugar de nacimiento,Cataluña,1,Igual catalán que castellano,2,492.6,3614.3,13.62919514152118
2008,con el personal médico,Lugar de nacimiento,Cataluña,1,Más castellano que catalán,3,165.8,3614.3,4.587333646902581
2008,con el personal médico,Lugar de nacimiento,Cataluña,1,Más catalán que castellano,1,357.1,3614.3,9.880198101983787
2008,con el personal médico,Lugar de nacimiento,Cataluña,1,Otras y no consta,5,22.5,3614.3,0.622527183687021
2008,con el personal médico,Lugar de nacimiento,Cataluña,1,Solo castellano,4,699.2,3614.3,19.34537808150956
2008,con el personal médico,Lugar de nacimiento,Cataluña,1,Solo catalán,0,1877.2,3614.3,51.93813463187893
2008,con el personal médico,Lugar de nacimiento,Extranjero,3,Igual catalán que castellano,2,73.3,1050.1,6.980287591657938
2008,con el personal médico,Lugar de nacimiento,Extranjero,3,Más castellano que catalán,3,42.3,1050.1,4.028187791638891
2008,con el personal médico,Lugar de nacimiento,Extranjero,3,Más catalán que castellano,1,25.2,1050.1,2.399771450338063
2008,con el personal médico,Lugar de nacimiento,Extranjero,3,Otras y no consta,5,0.0,1050.1,0.0
2008,con el personal médico,Lugar de nacimiento,Extranjero,3,Solo castellano,4,827.8,1050.1,78.83058756308922
2008,con el personal médico,Lugar de nacimiento,Extranjero,3,Solo catalán,0,59.3,1050.1,5.647081230359014
2008,con el personal médico,Lugar de nacimiento,Resto de España,2,Igual catalán que castellano,2,148.0,1498.2,9.87852089173675
2008,con el personal médico,Lugar de nacimiento,Resto de España,2,Más castellano que catalán,3,106.5,1498.2,7.10853023628354
2008,con el personal médico,Lugar de nacimiento,Resto de España,2,Más catalán que castellano,1,58.8,1498.2,3.9247096515818978
2008,con el personal médico,Lugar de nacimiento,Resto de España,2,Otras y no consta,5,0.0,1498.2,0.0
2008,con el personal médico,Lugar de nacimiento,Resto de España,2,Solo castellano,4,993.9,1498.2,66.33960752903484
2008,con el personal médico,Lugar de nacimiento,Resto de España,2,Solo catalán,0,183.4,1498.2,12.241356294219731
2008,con el personal médico,Lugar de nacimiento,total,99,Igual catalán que castellano,2,713.9,6162.5,11.584584178498986
2008,con el personal médico,Lugar de nacimiento,total,99,Más castellano que catalán,3,314.6,6162.5,5.105070993914808
2008,con el personal médico,Lugar de nacimiento,total,99,Más catalán que castellano,1,441.1,6162.5,7.157809330628803
2008,con el personal médico,Lugar de nacimiento,total,99,Otras y no consta,5,52.300000000000004,6162.5,0.8486815415821503
2008,con el personal médico,Lugar de nacimiento,total,99,Solo castellano,4,2520.9,6162.5,40.907099391480735
2008,con el personal médico,Lugar de nacimiento,total,99,Solo catalán,0,2119.9,6162.5,34.400000000000006
2008,con los amigos,Lugar de nacimiento,Cataluña,1,Igual catalán que castellano,2,752.7,3614.3,20.825609384943142
2008,con los amigos,Lugar de nacimiento,Cataluña,1,Más castellano que catalán,3,308.7,3614.3,8.541072960185927
2008,con los amigos,Lugar de nacimiento,Cataluña,1,Más catalán que castellano,1,565.6,3614.3,15.64895000415018
2008,con los amigos,Lugar de nacimiento,Cataluña,1,Otras y no consta,5,24.2,3614.3,0.6695625708989292
2008,con los amigos,Lugar de nacimiento,Cataluña,1,Solo castellano,4,675.3,3614.3,18.68411587305979
2008,con los amigos,Lugar de nacimiento,Cataluña,1,Solo catalán,0,1277.9,3614.3,35.35677724593974
2008,con los amigos,Lugar de nacimiento,Extranjero,3,Igual catalán que castellano,2,70.5,1050.1,6.713646319398153
2008,con los amigos,Lugar de nacimiento,Extranjero,3,Más castellano que catalán,3,63.6,1050.1,6.056566041329398
2008,con los amigos,Lugar de nacimiento,Extranjero,3,Más catalán que castellano,1,0.0,1050.1,0.0
2008,con los amigos,Lugar de nacimiento,Extranjero,3,Otras y no consta,5,373.0,1050.1,35.520426626035615
2008,con los amigos,Lugar de nacimiento,Extranjero,3,Solo castellano,4,485.6,1050.1,46.243214931911254
2008,con los amigos,Lugar de nacimiento,Extranjero,3,Solo catalán,0,32.8,1050.1,3.1235120464717645
2008,con los amigos,Lugar de nacimiento,Resto de España,2,Igual catalán que castellano,2,214.2,1498.2,14.297156587905485
2008,con los amigos,Lugar de nacimiento,Resto de España,2,Más castellano que catalán,3,180.2,1498.2,12.027766653317313
2008,con los amigos,Lugar de nacimiento,Resto de España,2,Más catalán que castellano,1,77.9,1498.2,5.1995728207181955
2008,con los amigos,Lugar de nacimiento,Resto de España,2,Otras y no consta,5,11.6,1498.2,0.7742624482712588
2008,con los amigos,Lugar de nacimiento,Resto de España,2,Solo castellano,4,929.8,1498.2,62.06114003470831
2008,con los amigos,Lugar de nacimiento,Resto de España,2,Solo catalán,0,75.8,1498.2,5.059404618875984
2008,con los amigos,Lugar de nacimiento,total,99,Igual catalán que castellano,2,1037.3,6162.5,16.832454361054765
2008,con los amigos,Lugar de nacimiento,total,99,Más castellano que catalán,3,552.5,6162.5,8.96551724137931
2008,con los amigos,Lugar de nacimiento,total,99,Más catalán que castellano,1,662.9,6162.5,10.756997971602434
2008,con los amigos,Lugar de nacimiento,total,99,Otras y no consta,5,432.8,6162.5,7.023123732251521
2008,con los amigos,Lugar de nacimiento,total,99,Solo castellano,4,2090.6,6162.5,33.924543610547666
2008,con los amigos,Lugar de nacimiento,total,99,Solo catalán,0,1386.5,6162.5,22.49898580121704
2008,con los compañeros de estudio,Lugar de nacimiento,Cataluña,1,Igual catalán que castellano,2,144.1,759.2,18.980505795574288
2008,con los compañeros de estudio,Lugar de nacimiento,Cataluña,1,Más castellano que catalán,3,61.3,759.2,8.074288724973655
2008,con los compañeros de estudio,Lugar de nacimiento,Cataluña,1,Más catalán que castellano,1,131.6,759.2,17.33403582718651
2008,con los compañeros de estudio,Lugar de nacimiento,Cataluña,1,Otras y no consta,5,15.7,759.2,2.067966280295047
2008,con los compañeros de estudio,Lugar de nacimiento,Cataluña,1,Solo castellano,4,97.6,759.2,12.855637513171757
2008,con los compañeros de estudio,Lugar de nacimiento,Cataluña,1,Solo catalán,0,291.4,759.2,38.38250790305584
2008,con los compañeros de estudio,Lugar de nacimiento,Extranjero,3,Igual catalán que castellano,2,0.0,155.3,0.0
2008,con los compañeros de estudio,Lugar de nacimiento,Extranjero,3,Más castellano que catalán,3,0.0,155.3,0.0
2008,con los compañeros de estudio,Lugar de nacimiento,Extranjero,3,Más catalán que castellano,1,0.0,155.3,0.0
2008,con los compañeros de estudio,Lugar de nacimiento,Extranjero,3,Otras y no consta,5,0.0,155.3,0.0
2008,con los compañeros de estudio,Lugar de nacimiento,Extranjero,3,Solo castellano,4,73.4,155.3,47.26336123631681
2008,con los compañeros de estudio,Lugar de nacimiento,Extranjero,3,Solo catalán,0,21.5,155.3,13.844172569220861
2008,con los compañeros de estudio,Lugar de nacimiento,Resto de España,2,Igual catalán que castellano,2,24.2,72.5,33.37931034482759
2008,con los compañeros de estudio,Lugar de nacimiento,Resto de España,2,Más castellano que catalán,3,0.0,72.5,0.0
2008,con los compañeros de estudio,Lugar de nacimiento,Resto de España,2,Más catalán que castellano,1,0.0,72.5,0.0
2008,con los compañeros de estudio,Lugar de nacimiento,Resto de España,2,Otras y no consta,5,0.0,72.5,0.0
2008,con los compañeros de estudio,Lugar de nacimiento,Resto de España,2,Solo castellano,4,16.5,72.5,22.758620689655174
2008,con los compañeros de estudio,Lugar de nacimiento,Resto de España,2,Solo catalán,0,16.9,72.5,23.310344827586206
2008,con los compañeros de estudio,Lugar de nacimiento,total,99,Igual catalán que castellano,2,188.0,986.9,19.04954909311987
2008,con los compañeros de estudio,Lugar de nacimiento,total,99,Más castellano que catalán,3,76.1,986.9,7.71101428716182
2008,con los compañeros de estudio,Lugar de nacimiento,total,99,Más catalán que castellano,1,151.2,986.9,15.320701185530448
2008,con los compañeros de estudio,Lugar de nacimiento,total,99,Otras y no consta,5,26.5,986.9,2.6851758030195563
2008,con los compañeros de estudio,Lugar de nacimiento,total,99,Solo castellano,4,187.5,986.9,18.998885398723274
2008,con los compañeros de estudio,Lugar de nacimiento,total,99,Solo catalán,0,329.7,986.9,33.407640085115005
2008,con los compañeros de trabajo,Lugar de nacimiento,Cataluña,1,Igual catalán que castellano,2,477.2,2133.1,22.37119684965543
2008,con los compañeros de trabajo,Lugar de nacimiento,Cataluña,1,Más castellano que catalán,3,192.5,2133.1,9.024424546434767
2008,con los compañeros de trabajo,Lugar de nacimiento,Cataluña,1,Más catalán que castellano,1,307.7,2133.1,14.42501523604144
2008,con los compañeros de trabajo,Lugar de nacimiento,Cataluña,1,Otras y no consta,5,50.2,2133.1,2.3533824012001316
2008,con los compañeros de trabajo,Lugar de nacimiento,Cataluña,1,Solo castellano,4,396.8,2133.1,18.602034597534107
2008,con los compañeros de trabajo,Lugar de nacimiento,Cataluña,1,Solo catalán,0,708.7,2133.1,33.223946369134126
2008,con los compañeros de trabajo,Lugar de nacimiento,Extranjero,3,Igual catalán que castellano,2,72.2,732.5,9.85665529010239
2008,con los compañeros de trabajo,Lugar de nacimiento,Extranjero,3,Más castellano que catalán,3,44.5,732.5,6.075085324232082
2008,con los compañeros de trabajo,Lugar de nacimiento,Extranjero,3,Más catalán que castellano,1,0.0,732.5,0.0
2008,con los compañeros de trabajo,Lugar de nacimiento,Extranjero,3,Otras y no consta,5,105.6,732.5,14.416382252559726
2008,con los compañeros de trabajo,Lugar de nacimiento,Extranjero,3,Solo castellano,4,455.2,732.5,62.143344709897605
2008,con los compañeros de trabajo,Lugar de nacimiento,Extranjero,3,Solo catalán,0,32.0,732.5,4.368600682593857
2008,con los compañeros de trabajo,Lugar de nacimiento,Resto de España,2,Igual catalán que castellano,2,116.5,587.9,19.81629528831434
2008,con los compañeros de trabajo,Lugar de nacimiento,Resto de España,2,Más castellano que catalán,3,98.5,587.9,16.754550093553323
2008,con los compañeros de trabajo,Lugar de nacimiento,Resto de España,2,Más catalán que castellano,1,45.1,587.9,7.671372682428985
2008,con los compañeros de trabajo,Lugar de nacimiento,Resto de España,2,Otras y no consta,5,0.0,587.9,0.0
2008,con los compañeros de trabajo,Lugar de nacimiento,Resto de España,2,Solo castellano,4,257.7,587.9,43.833985371661846
2008,con los compañeros de trabajo,Lugar de nacimiento,Resto de España,2,Solo catalán,0,55.2,587.9,9.389351930600442
2008,con los compañeros de trabajo,Lugar de nacimiento,total,99,Igual catalán que castellano,2,666.0,3453.5,19.284783552917332
2008,con los compañeros de trabajo,Lugar de nacimiento,total,99,Más castellano que catalán,3,335.5,3453.5,9.714782105110757
2008,con los compañeros de trabajo,Lugar de nacimiento,total,99,Más catalán que castellano,1,363.8,3453.5,10.53424062545244
2008,con los compañeros de trabajo,Lugar de nacimiento,total,99,Otras y no consta,5,182.7,3453.5,5.290285217894889
2008,con los compañeros de trabajo,Lugar de nacimiento,total,99,Solo castellano,4,1109.7,3453.5,32.132619082090635
2008,con los compañeros de trabajo,Lugar de nacimiento,total,99,Solo catalán,0,795.9,3453.5,23.046185029680032
2008,con los miembros del hogar,Lugar de nacimiento,Cataluña,1,Igual catalán que castellano,2,342.0,3365.2,10.162843218828005
2008,con los miembros del hogar,Lugar de nacimiento,Cataluña,1,Más castellano que catalán,3,199.6,3365.2,5.931296802567456
2008,con los miembros del hogar,Lugar de nacimiento,Cataluña,1,Más catalán que castellano,1,157.2,3365.2,4.6713419707595385
2008,con los miembros del hogar,Lugar de nacimiento,Cataluña,1,Otras y no consta,5,21.1,3365.2,0.6270058243195056
2008,con los miembros del hogar,Lugar de nacimiento,Cataluña,1,Solo castellano,4,975.6,3365.2,28.990847497919887
2008,con los miembros del hogar,Lugar de nacimiento,Cataluña,1,Solo catalán,0,1668.5,3365.2,49.581005586592184
2008,con los miembros del hogar,Lugar de nacimiento,Extranjero,3,Igual catalán que castellano,2,30.4,1001.0,3.036963036963037
2008,con los miembros del hogar,Lugar de nacimiento,Extranjero,3,Más castellano que catalán,3,37.2,1001.0,3.7162837162837166
2008,con los miembros del hogar,Lugar de nacimiento,Extranjero,3,Más catalán que castellano,1,0.0,1001.0,0.0
2008,con los miembros del hogar,Lugar de nacimiento,Extranjero,3,Otras y no consta,5,407.9,1001.0,40.74925074925075
2008,con los miembros del hogar,Lugar de nacimiento,Extranjero,3,Solo castellano,4,481.9,1001.0,48.14185814185814
2008,con los miembros del hogar,Lugar de nacimiento,Extranjero,3,Solo catalán,0,34.8,1001.0,3.4765234765234765
2008,con los miembros del hogar,Lugar de nacimiento,Resto de España,2,Igual catalán que castellano,2,95.9,1310.5,7.317817626859978
2008,con los miembros del hogar,Lugar de nacimiento,Resto de España,2,Más castellano que catalán,3,103.3,1310.5,7.882487600152613
2008,con los miembros del hogar,Lugar de nacimiento,Resto de España,2,Más catalán que castellano,1,40.3,1310.5,3.0751621518504386
2008,con los miembros del hogar,Lugar de nacimiento,Resto de España,2,Otras y no consta,5,10.1,1310.5,0.770698206791301
2008,con los miembros del hogar,Lugar de nacimiento,Resto de España,2,Solo castellano,4,959.1,1310.5,73.18580694391453
2008,con los miembros del hogar,Lugar de nacimiento,Resto de España,2,Solo catalán,0,92.2,1310.5,7.03548264021366
2008,con los miembros del hogar,Lugar de nacimiento,total,99,Igual catalán que castellano,2,468.3,5676.8,8.249365839909808
2008,con los miembros del hogar,Lugar de nacimiento,total,99,Más castellano que catalán,3,340.0,5676.8,5.989289740698985
2008,con los miembros del hogar,Lugar de nacimiento,total,99,Más catalán que castellano,1,204.4,5676.8,3.6006200676437428
2008,con los miembros del hogar,Lugar de nacimiento,total,99,Otras y no consta,5,448.7,5676.8,7.904100901916572
2008,con los miembros del hogar,Lugar de nacimiento,total,99,Solo castellano,4,2416.5,5676.8,42.56799605411499
2008,con los miembros del hogar,Lugar de nacimiento,total,99,Solo catalán,0,1795.5,5676.8,31.62873449830891
2008,con los vecinos,Lugar de nacimiento,Cataluña,1,Igual catalán que castellano,2,724.1,3614.3,20.034308164789863
2008,con los vecinos,Lugar de nacimiento,Cataluña,1,Más castellano que catalán,3,307.4,3614.3,8.505104722906234
2008,con los vecinos,Lugar de nacimiento,Cataluña,1,Más catalán que castellano,1,492.5,3614.3,13.626428354038126
2008,con los vecinos,Lugar de nacimiento,Cataluña,1,Otras y no consta,5,46.2,3614.3,1.2782558171706833
2008,con los vecinos,Lugar de nacimiento,Cataluña,1,Solo castellano,4,795.5,3614.3,22.009794427690007
2008,con los vecinos,Lugar de nacimiento,Cataluña,1,Solo catalán,0,1248.7,3614.3,34.548875300888135
2008,con los vecinos,Lugar de nacimiento,Extranjero,3,Igual catalán que castellano,2,79.7,1050.1,7.58975335682316
2008,con los vecinos,Lugar de nacimiento,Extranjero,3,Más castellano que catalán,3,66.2,1050.1,6.304161508427769
2008,con los vecinos,Lugar de nacimiento,Extranjero,3,Más catalán que castellano,1,18.6,1050.1,1.7712598800114276
2008,con los vecinos,Lugar de nacimiento,Extranjero,3,Otras y no consta,5,91.1,1050.1,8.675364251023712
2008,con los vecinos,Lugar de nacimiento,Extranjero,3,Solo castellano,4,746.6,1050.1,71.09799066755548
2008,con los vecinos,Lugar de nacimiento,Extranjero,3,Solo catalán,0,47.9,1050.1,4.561470336158462
2008,con los vecinos,Lugar de nacimiento,Resto de España,2,Igual catalán que castellano,2,212.9,1498.2,14.210385796288879
2008,con los vecinos,Lugar de nacimiento,Resto de España,2,Más castellano que catalán,3,158.8,1498.2,10.599385929782407
2008,con los vecinos,Lugar de nacimiento,Resto de España,2,Más catalán que castellano,1,73.4,1498.2,4.899212388199173
2008,con los vecinos,Lugar de nacimiento,Resto de España,2,Otras y no consta,5,0.0,1498.2,0.0
2008,con los vecinos,Lugar de nacimiento,Resto de España,2,Solo castellano,4,932.8,1498.2,62.261380323054325
2008,con los vecinos,Lugar de nacimiento,Resto de España,2,Solo catalán,0,103.3,1498.2,6.894940595381123
2008,con los vecinos,Lugar de nacimiento,total,99,Igual catalán que castellano,2,1016.8,6162.5,16.499797160243407
2008,con los vecinos,Lugar de nacimiento,total,99,Más castellano que catalán,3,532.4,6162.5,8.639350912778903
2008,con los vecinos,Lugar de nacimiento,total,99,Más catalán que castellano,1,584.4,6162.5,9.48316430020284
2008,con los vecinos,Lugar de nacimiento,total,99,Otras y no consta,5,154.10000000000002,6162.5,2.500608519269777
2008,con los vecinos,Lugar de nacimiento,total,99,Solo castellano,4,2474.9,6162.5,40.160649087221095
2008,con los vecinos,Lugar de nacimiento,total,99,Solo catalán,0,1399.8,6162.5,22.714807302231236
2008,en el gran comercio,Lugar de nacimiento,Cataluña,1,Igual catalán que castellano,2,679.4,3614.3,18.79755415986498
2008,en el gran comercio,Lugar de nacimiento,Cataluña,1,Más castellano que catalán,3,369.5,3614.3,10.22327974988241
2008,en el gran comercio,Lugar de nacimiento,Cataluña,1,Más catalán que castellano,1,521.6,3614.3,14.431563511606674
2008,en el gran comercio,Lugar de nacimiento,Cataluña,1,Otras y no consta,5,51.1,3614.3,1.4138284038403008
2008,en el gran comercio,Lugar de nacimiento,Cataluña,1,Solo castellano,4,677.4,3614.3,18.74221841020391
2008,en el gran comercio,Lugar de nacimiento,Cataluña,1,Solo catalán,0,1315.1,3614.3,36.38602218963561
2008,en el gran comercio,Lugar de nacimiento,Extranjero,3,Igual catalán que castellano,2,85.7,1050.1,8.161127511665557
2008,en el gran comercio,Lugar de nacimiento,Extranjero,3,Más castellano que catalán,3,59.8,1050.1,5.694695743262547
2008,en el gran comercio,Lugar de nacimiento,Extranjero,3,Más catalán que castellano,1,18.9,1050.1,1.7998285877535474
2008,en el gran comercio,Lugar de nacimiento,Extranjero,3,Otras y no consta,5,16.2,1050.1,1.5427102180744692
2008,en el gran comercio,Lugar de nacimiento,Extranjero,3,Solo castellano,4,811.6,1050.1,77.28787734501476
2008,en el gran comercio,Lugar de nacimiento,Extranjero,3,Solo catalán,0,40.9,1050.1,3.894867155508999
2008,en el gran comercio,Lugar de nacimiento,Resto de España,2,Igual catalán que castellano,2,187.6,1498.2,12.521692697904152
2008,en el gran comercio,Lugar de nacimiento,Resto de España,2,Más castellano que catalán,3,155.9,1498.2,10.405820317714591
2008,en el gran comercio,Lugar de nacimiento,Resto de España,2,Más catalán que castellano,1,67.8,1498.2,4.525430516619943
2008,en el gran comercio,Lugar de nacimiento,Resto de España,2,Otras y no consta,5,30.5,1498.2,2.0357762648511546
2008,en el gran comercio,Lugar de nacimiento,Resto de España,2,Solo castellano,4,937.0,1498.2,62.54171672673875
2008,en el gran comercio,Lugar de nacimiento,Resto de España,2,Solo catalán,0,117.0,1498.2,7.809371245494594
2008,en el gran comercio,Lugar de nacimiento,total,99,Igual catalán que castellano,2,952.7,6162.5,15.459634888438135
2008,en el gran comercio,Lugar de nacimiento,total,99,Más castellano que catalán,3,585.2,6162.5,9.496146044624746
2008,en el gran comercio,Lugar de nacimiento,total,99,Más catalán que castellano,1,608.3,6162.5,9.8709939148073
2008,en el gran comercio,Lugar de nacimiento,total,99,Otras y no consta,5,112.4,6162.5,1.8239350912778907
2008,en el gran comercio,Lugar de nacimiento,total,99,Solo castellano,4,2425.9,6162.5,39.36551724137931
2008,en el gran comercio,Lugar de nacimiento,total,99,Solo catalán,0,1472.9,6162.5,23.901014198782963
2008,en el pequeño comercio,Lugar de nacimiento,Cataluña,1,Igual catalán que castellano,2,626.6,3614.3,17.33669036881277
2008,en el pequeño comercio,Lugar de nacimiento,Cataluña,1,Más castellano que catalán,3,245.7,3614.3,6.797996845862269
2008,en el pequeño comercio,Lugar de nacimiento,Cataluña,1,Más catalán que castellano,1,564.0,3614.3,15.604681404421324
2008,en el pequeño comercio,Lugar de nacimiento,Cataluña,1,Otras y no consta,5,34.8,3614.3,0.9628420441025922
2008,en el pequeño comercio,Lugar de nacimiento,Cataluña,1,Solo castellano,4,566.8,3614.3,15.68215145394682
2008,en el pequeño comercio,Lugar de nacimiento,Cataluña,1,Solo catalán,0,1576.4,3614.3,43.615637882854216
2008,en el pequeño comercio,Lugar de nacimiento,Extranjero,3,Igual catalán que castellano,2,91.1,1050.1,8.675364251023712
2008,en el pequeño comercio,Lugar de nacimiento,Extranjero,3,Más castellano que catalán,3,61.6,1050.1,5.866107989715266
2008,en el pequeño comercio,Lugar de nacimiento,Extranjero,3,Más catalán que castellano,1,21.8,1050.1,2.075992762594039
2008,en el pequeño comercio,Lugar de nacimiento,Extranjero,3,Otras y no consta,5,47.9,1050.1,4.561470336158462
2008,en el pequeño comercio,Lugar de nacimiento,Extranjero,3,Solo castellano,4,756.6,1050.1,72.05028092562614
2008,en el pequeño comercio,Lugar de nacimiento,Extranjero,3,Solo catalán,0,58.0,1050.1,5.523283496809828
2008,en el pequeño comercio,Lugar de nacimiento,Resto de España,2,Igual catalán que castellano,2,203.1,1498.2,13.556267521025228
2008,en el pequeño comercio,Lugar de nacimiento,Resto de España,2,Más castellano que catalán,3,153.7,1498.2,10.25897743959418
2008,en el pequeño comercio,Lugar de nacimiento,Resto de España,2,Más catalán que castellano,1,91.5,1498.2,6.107328794553464
2008,en el pequeño comercio,Lugar de nacimiento,Resto de España,2,Otras y no consta,5,18.5,1498.2,1.2348151114670938
2008,en el pequeño comercio,Lugar de nacimiento,Resto de España,2,Solo castellano,4,897.8,1498.2,59.92524362568415
2008,en el pequeño comercio,Lugar de nacimiento,Resto de España,2,Solo catalán,0,132.0,1498.2,8.810572687224669
2008,en el pequeño comercio,Lugar de nacimiento,total,99,Igual catalán que castellano,2,920.7,6162.5,14.940365111561867
2008,en el pequeño comercio,Lugar de nacimiento,total,99,Más castellano que catalán,3,461.0,6162.5,7.480730223123732
2008,en el pequeño comercio,Lugar de nacimiento,total,99,Más catalán que castellano,1,677.3,6162.5,10.990669371196754
2008,en el pequeño comercio,Lugar de nacimiento,total,99,Otras y no consta,5,116.0,6162.5,1.8823529411764703
2008,en el pequeño comercio,Lugar de nacimiento,total,99,Solo castellano,4,2221.1,6162.5,36.042190669371195
2008,en el pequeño comercio,Lugar de nacimiento,total,99,Solo catalán,0,1766.4,6162.5,28.66369168356998
2008,en la entidad financiera,Lugar de nacimiento,Cataluña,1,Igual catalán que castellano,2,432.0,3614.3,11.952521926790803
2008,en la entidad financiera,Lugar de nacimiento,Cataluña,1,Más castellano que catalán,3,176.4,3614.3,4.880613120106244
2008,en la entidad financiera,Lugar de nacimiento,Cataluña,1,Más catalán que castellano,1,355.4,3614.3,9.833162714771877
2008,en la entidad financiera,Lugar de nacimiento,Cataluña,1,Otras y no consta,5,60.9,3614.3,1.6849735771795369
2008,en la entidad financiera,Lugar de nacimiento,Cataluña,1,Solo castellano,4,562.8,3614.3,15.571479954624683
2008,en la entidad financiera,Lugar de nacimiento,Cataluña,1,Solo catalán,0,2026.8,3614.3,56.07724870652685
2008,en la entidad financiera,Lugar de nacimiento,Extranjero,3,Igual catalán que castellano,2,78.2,1050.1,7.4469098181125615
2008,en la entidad financiera,Lugar de nacimiento,Extranjero,3,Más castellano que catalán,3,50.2,1050.1,4.780497095514714
2008,en la entidad financiera,Lugar de nacimiento,Extranjero,3,Más catalán que castellano,1,21.4,1050.1,2.0379011522712123
2008,en la entidad financiera,Lugar de nacimiento,Extranjero,3,Otras y no consta,5,16.9,1050.1,1.6093705361394155
2008,en la entidad financiera,Lugar de nacimiento,Extranjero,3,Solo castellano,4,792.6,1050.1,75.47852585468051
2008,en la entidad financiera,Lugar de nacimiento,Extranjero,3,Solo catalán,0,79.2,1050.1,7.542138843919628
2008,en la entidad financiera,Lugar de nacimiento,Resto de España,2,Igual catalán que castellano,2,156.5,1498.2,10.445868375383792
2008,en la entidad financiera,Lugar de nacimiento,Resto de España,2,Más castellano que catalán,3,103.9,1498.2,6.934988653050326
2008,en la entidad financiera,Lugar de nacimiento,Resto de España,2,Más catalán que castellano,1,74.6,1498.2,4.979308503537578
2008,en la entidad financiera,Lugar de nacimiento,Resto de España,2,Otras y no consta,5,0.0,1498.2,0.0
2008,en la entidad financiera,Lugar de nacimiento,Resto de España,2,Solo castellano,4,936.1,1498.2,62.48164464023495
2008,en la entidad financiera,Lugar de nacimiento,Resto de España,2,Solo catalán,0,208.9,1498.2,13.94339874516086
2008,en la entidad financiera,Lugar de nacimiento,total,99,Igual catalán que castellano,2,666.7,6162.5,10.818661257606491
2008,en la entidad financiera,Lugar de nacimiento,total,99,Más castellano que catalán,3,330.4,6162.5,5.361460446247464
2008,en la entidad financiera,Lugar de nacimiento,total,99,Más catalán que castellano,1,451.4,6162.5,7.324949290060852
2008,en la entidad financiera,Lugar de nacimiento,total,99,Otras y no consta,5,107.5,6162.5,1.7444219066937119
2008,en la entidad financiera,Lugar de nacimiento,total,99,Solo castellano,4,2291.6,6162.5,37.186206896551724
2008,en la entidad financiera,Lugar de nacimiento,total,99,Solo catalán,0,2315.0,6162.5,37.5659229208925
2013,al contestar al personal médico en la consulta,Lugar de nacimiento,Cataluña,1,Igual catalán que castellano,2,0.0,0.0,
2013,al contestar al personal médico en la consulta,Lugar de nacimiento,Cataluña,1,Más castellano que catalán,3,0.0,0.0,
2013,al contestar al personal médico en la consulta,Lugar de nacimiento,Cataluña,1,Más catalán que castellano,1,0.0,0.0,
2013,al contestar al personal médico en la consulta,Lugar de nacimiento,Cataluña,1,Otras y no consta,5,0.0,0.0,
2013,al contestar al personal médico en la consulta,Lugar de nacimiento,Cataluña,1,Solo castellano,4,0.0,0.0,
2013,al contestar al personal médico en la consulta,Lugar de nacimiento,Cataluña,1,Solo catalán,0,0.0,0.0,
2013,al contestar al personal médico en la consulta,Lugar de nacimiento,Extranjero,3,Igual catalán que castellano,2,0.0,0.0,
2013,al contestar al personal médico en la consulta,Lugar de nacimiento,Extranjero,3,Más castellano que catalán,3,0.0,0.0,
2013,al contestar al personal médico en la consulta,Lugar de nacimiento,Extranjero,3,Más catalán que castellano,1,0.0,0.0,
2013,al contestar al personal médico en la consulta,Lugar de nacimiento,Extranjero,3,Otras y no consta,5,0.0,0.0,
2013,al contestar al personal médico en la consulta,Lugar de nacimiento,Extranjero,3,Solo castellano,4,0.0,0.0,
2013,al contestar al personal médico en la consulta,Lugar de nacimiento,Extranjero,3,Solo catalán,0,0.0,0.0,
2013,al contestar al personal médico en la consulta,Lugar de nacimiento,Resto de España,2,Igual catalán que castellano,2,0.0,0.0,
2013,al contestar al personal médico en la consulta,Lugar de nacimiento,Resto de España,2,Más castellano que catalán,3,0.0,0.0,
2013,al contestar al personal médico en la consulta,Lugar de nacimiento,Resto de España,2,Más catalán que castellano,1,0.0,0.0,
2013,al contestar al personal médico en la consulta,Lugar de nacimiento,Resto de España,2,Otras y no consta,5,0.0,0.0,
2013,al contestar al personal médico en la consulta,Lugar de nacimiento,Resto de España,2,Solo castellano,4,0.0,0.0,
2013,al contestar al personal médico en la consulta,Lugar de nacimiento,Resto de España,2,Solo catalán,0,0.0,0.0,
2013,al contestar al personal médico en la consulta,Lugar de nacimiento,total,99,Igual catalán que castellano,2,0.0,0.0,
2013,al contestar al personal médico en la consulta,Lugar de nacimiento,total,99,Más castellano que catalán,3,0.0,0.0,
2013,al contestar al personal médico en la consulta,Lugar de nacimiento,total,99,Más catalán que castellano,1,0.0,0.0,
2013,al contestar al personal médico en la consulta,Lugar de nacimiento,total,99,Otras y no consta,5,0.0,0.0,
2013,al contestar al personal médico en la consulta,Lugar de nacimiento,total,99,Solo castellano,4,0.0,0.0,
2013,al contestar al personal médico en la consulta,Lugar de nacimiento,total,99,Solo catalán,0,0.0,0.0,
2013,al escribir mensajes de móvil,Lugar de nacimiento,Cataluña,1,Igual catalán que castellano,2,0.0,0.0,
2013,al escribir mensajes de móvil,Lugar de nacimiento,Cataluña,1,Más castellano que catalán,3,0.0,0.0,
2013,al escribir mensajes de móvil,Lugar de nacimiento,Cataluña,1,Más catalán que castellano,1,0.0,0.0,
2013,al escribir mensajes de móvil,Lugar de nacimiento,Cataluña,1,Otras y no consta,5,0.0,0.0,
2013,al escribir mensajes de móvil,Lugar de nacimiento,Cataluña,1,Solo castellano,4,0.0,0.0,
2013,al escribir mensajes de móvil,Lugar de nacimiento,Cataluña,1,Solo catalán,0,0.0,0.0,
2013,al escribir mensajes de móvil,Lugar de nacimiento,Extranjero,3,Igual catalán que castellano,2,0.0,0.0,
2013,al escribir mensajes de móvil,Lugar de nacimiento,Extranjero,3,Más castellano que catalán,3,0.0,0.0,
2013,al escribir mensajes de móvil,Lugar de nacimiento,Extranjero,3,Más catalán que castellano,1,0.0,0.0,
2013,al escribir mensajes de móvil,Lugar de nacimiento,Extranjero,3,Otras y no consta,5,0.0,0.0,
2013,al escribir mensajes de móvil,Lugar de nacimiento,Extranjero,3,Solo castellano,4,0.0,0.0,
2013,al escribir mensajes de móvil,Lugar de nacimiento,Extranjero,3,Solo catalán,0,0.0,0.0,
2013,al escribir mensajes de móvil,Lugar de nacimiento,Resto de España,2,Igual catalán que castellano,2,0.0,0.0,
2013,al escribir mensajes de móvil,Lugar de nacimiento,Resto de España,2,Más castellano que catalán,3,0.0,0.0,
2013,al escribir mensajes de móvil,Lugar de nacimiento,Resto de España,2,Más catalán que castellano,1,0.0,0.0,
2013,al escribir mensajes de móvil,Lugar de nacimiento,Resto de España,2,Otras y no consta,5,0.0,0.0,
2013,al escribir mensajes de móvil,Lugar de nacimiento,Resto de España,2,Solo castellano,4,0.0,0.0,
2013,al escribir mensajes de móvil,Lugar de nacimiento,Resto de España,2,Solo catalán,0,0.0,0.0,
2013,al escribir mensajes de móvil,Lugar de nacimiento,total,99,Igual catalán que castellano,2,0.0,0.0,
2013,al escribir mensajes de móvil,Lugar de nacimiento,total,99,Más castellano que catalán,3,0.0,0.0,
2013,al escribir mensajes de móvil,Lugar de nacimiento,total,99,Más catalán que castellano,1,0.0,0.0,
2013,al escribir mensajes de móvil,Lugar de nacimiento,total,99,Otras y no consta,5,0.0,0.0,
2013,al escribir mensajes de móvil,Lugar de nacimiento,total,99,Solo castellano,4,0.0,0.0,
2013,al escribir mensajes de móvil,Lugar de nacimiento,total,99,Solo catalán,0,0.0,0.0,
2013,al hacer publicaciones en las redes sociales,Lugar de nacimiento,Cataluña,1,Igual catalán que castellano,2,0.0,0.0,
2013,al hacer publicaciones en las redes sociales,Lugar de nacimiento,Cataluña,1,Más castellano que catalán,3,0.0,0.0,
2013,al hacer publicaciones en las redes sociales,Lugar de nacimiento,Cataluña,1,Más catalán que castellano,1,0.0,0.0,
2013,al hacer publicaciones en las redes sociales,Lugar de nacimiento,Cataluña,1,Otras y no consta,5,0.0,0.0,
2013,al hacer publicaciones en las redes sociales,Lugar de nacimiento,Cataluña,1,Solo castellano,4,0.0,0.0,
2013,al hacer publicaciones en las redes sociales,Lugar de nacimiento,Cataluña,1,Solo catalán,0,0.0,0.0,
2013,al hacer publicaciones en las redes sociales,Lugar de nacimiento,Extranjero,3,Igual catalán que castellano,2,0.0,0.0,
2013,al hacer publicaciones en las redes sociales,Lugar de nacimiento,Extranjero,3,Más castellano que catalán,3,0.0,0.0,
2013,al hacer publicaciones en las redes sociales,Lugar de nacimiento,Extranjero,3,Más catalán que castellano,1,0.0,0.0,
2013,al hacer publicaciones en las redes sociales,Lugar de nacimiento,Extranjero,3,Otras y no consta,5,0.0,0.0,
2013,al hacer publicaciones en las redes sociales,Lugar de nacimiento,Extranjero,3,Solo castellano,4,0.0,0.0,
2013,al hacer publicaciones en las redes sociales,Lugar de nacimiento,Extranjero,3,Solo catalán,0,0.0,0.0,
2013,al hacer publicaciones en las redes sociales,Lugar de nacimiento,Resto de España,2,Igual catalán que castellano,2,0.0,0.0,
2013,al hacer publicaciones en las redes sociales,Lugar de nacimiento,Resto de España,2,Más castellano que catalán,3,0.0,0.0,
2013,al hacer publicaciones en las redes sociales,Lugar de nacimiento,Resto de España,2,Más catalán que castellano,1,0.0,0.0,
2013,al hacer publicaciones en las redes sociales,Lugar de nacimiento,Resto de España,2,Otras y no consta,5,0.0,0.0,
2013,al hacer publicaciones en las redes sociales,Lugar de nacimiento,Resto de España,2,Solo castellano,4,0.0,0.0,
2013,al hacer publicaciones en las redes sociales,Lugar de nacimiento,Resto de España,2,Solo catalán,0,0.0,0.0,
2013,al hacer publicaciones en las redes sociales,Lugar de nacimiento,total,99,Igual catalán que castellano,2,0.0,0.0,
2013,al hacer publicaciones en las redes sociales,Lugar de nacimiento,total,99,Más castellano que catalán,3,0.0,0.0,
2013,al hacer publicaciones en las redes sociales,Lugar de nacimiento,total,99,Más catalán que castellano,1,0.0,0.0,
2013,al hacer publicaciones en las redes sociales,Lugar de nacimiento,total,99,Otras y no consta,5,0.0,0.0,
2013,al hacer publicaciones en las redes sociales,Lugar de nacimiento,total,99,Solo castellano,4,0.0,0.0,
2013,al hacer publicaciones en las redes sociales,Lugar de nacimiento,total,99,Solo catalán,0,0.0,0.0,
2013,con el personal de un restaurante o bar,Lugar de nacimiento,Cataluña,1,Igual catalán que castellano,2,0.0,0.0,
2013,con el personal de un restaurante o bar,Lugar de nacimiento,Cataluña,1,Más castellano que catalán,3,0.0,0.0,
2013,con el personal de un restaurante o bar,Lugar de nacimiento,Cataluña,1,Más catalán que castellano,1,0.0,0.0,
2013,con el personal de un restaurante o bar,Lugar de nacimiento,Cataluña,1,Otras y no consta,5,0.0,0.0,
2013,con el personal de un restaurante o bar,Lugar de nacimiento,Cataluña,1,Solo castellano,4,0.0,0.0,
2013,con el personal de un restaurante o bar,Lugar de nacimiento,Cataluña,1,Solo catalán,0,0.0,0.0,
2013,con el personal de un restaurante o bar,Lugar de nacimiento,Extranjero,3,Igual catalán que castellano,2,0.0,0.0,
2013,con el personal de un restaurante o bar,Lugar de nacimiento,Extranjero,3,Más castellano que catalán,3,0.0,0.0,
2013,con el personal de un restaurante o bar,Lugar de nacimiento,Extranjero,3,Más catalán que castellano,1,0.0,0.0,
2013,con el personal de un restaurante o bar,Lugar de nacimiento,Extranjero,3,Otras y no consta,5,0.0,0.0,
2013,con el personal de un restaurante o bar,Lugar de nacimiento,Extranjero,3,Solo castellano,4,0.0,0.0,
2013,con el personal de un restaurante o bar,Lugar de nacimiento,Extranjero,3,Solo catalán,0,0.0,0.0,
2013,con el personal de un restaurante o bar,Lugar de nacimiento,Resto de España,2,Igual catalán que castellano,2,0.0,0.0,
2013,con el personal de un restaurante o bar,Lugar de nacimiento,Resto de España,2,Más castellano que catalán,3,0.0,0.0,
2013,con el personal de un restaurante o bar,Lugar de nacimiento,Resto de España,2,Más catalán que castellano,1,0.0,0.0,
2013,con el personal de un restaurante o bar,Lugar de nacimiento,Resto de España,2,Otras y no consta,5,0.0,0.0,
2013,con el personal de un restaurante o bar,Lugar de nacimiento,Resto de España,2,Solo castellano,4,0.0,0.0,
2013,con el personal de un restaurante o bar,Lugar de nacimiento,Resto de España,2,Solo catalán,0,0.0,0.0,
2013,con el personal de un restaurante o bar,Lugar de nacimiento,total,99,Igual catalán que castellano,2,0.0,0.0,
2013,con el personal de un restaurante o bar,Lugar de nacimiento,total,99,Más castellano que catalán,3,0.0,0.0,
2013,con el personal de un restaurante o bar,Lugar de nacimiento,total,99,Más catalán que castellano,1,0.0,0.0,
2013,con el personal de un restaurante o bar,Lugar de nacimiento,total,99,Otras y no consta,5,0.0,0.0,
2013,con el personal de un restaurante o bar,Lugar de nacimiento,total,99,Solo castellano,4,0.0,0.0,
2013,con el personal de un restaurante o bar,Lugar de nacimiento,total,99,Solo catalán,0,0.0,0.0,
2013,con el personal médico,Lugar de nacimiento,Cataluña,1,Igual catalán que castellano,2,527.1,3682.2,14.314811797295096
2013,con el personal médico,Lugar de nacimiento,Cataluña,1,Más castellano que catalán,3,259.1,3682.2,7.03655423388192
2013,con el personal médico,Lugar de nacimiento,Cataluña,1,Más catalán que castellano,1,678.4,3682.2,18.42376839932649
2013,con el personal médico,Lugar de nacimiento,Cataluña,1,Otras y no consta,5,34.8,3682.2,0.9450871761446961
2013,con el personal médico,Lugar de nacimiento,Cataluña,1,Solo castellano,4,640.3,3682.2,17.3890608875129
2013,con el personal médico,Lugar de nacimiento,Cataluña,1,Solo catalán,0,1540.5,3682.2,41.836402150888055
2013,con el personal médico,Lugar de nacimiento,Extranjero,3,Igual catalán que castellano,2,97.2,1160.8,8.373535492763612
2013,con el personal médico,Lugar de nacimiento,Extranjero,3,Más castellano que catalán,3,89.7,1160.8,7.727429359062716
2013,con el personal médico,Lugar de nacimiento,Extranjero,3,Más catalán que castellano,1,40.3,1160.8,3.4717436250861473
2013,con el personal médico,Lugar de nacimiento,Extranjero,3,Otras y no consta,5,0.0,1160.8,0.0
2013,con el personal médico,Lugar de nacimiento,Extranjero,3,Solo castellano,4,817.0,1160.8,70.38249483115094
2013,con el personal médico,Lugar de nacimiento,Extranjero,3,Solo catalán,0,80.9,1160.8,6.969331495520331
2013,con el personal médico,Lugar de nacimiento,Resto de España,2,Igual catalán que castellano,2,128.8,1410.8,9.129571874113978
2013,con el personal médico,Lugar de nacimiento,Resto de España,2,Más castellano que catalán,3,97.6,1410.8,6.918060674794442
2013,con el personal médico,Lugar de nacimiento,Resto de España,2,Más catalán que castellano,1,60.1,1410.8,4.259994329458464
2013,con el personal médico,Lugar de nacimiento,Resto de España,2,Otras y no consta,5,0.0,1410.8,0.0
2013,con el personal médico,Lugar de nacimiento,Resto de España,2,Solo castellano,4,994.3,1410.8,70.47774312446839
2013,con el personal médico,Lugar de nacimiento,Resto de España,2,Solo catalán,0,117.0,1410.8,8.293166997448257
2013,con el personal médico,Lugar de nacimiento,total,99,Igual catalán que castellano,2,753.1,6253.8,12.042278294796764
2013,con el personal médico,Lugar de nacimiento,total,99,Más castellano que catalán,3,446.5,6253.8,7.139659087274937
2013,con el personal médico,Lugar de nacimiento,total,99,Más catalán que castellano,1,778.7,6253.8,12.451629409319134
2013,con el personal médico,Lugar de nacimiento,total,99,Otras y no consta,5,84.6,6253.8,1.352777511273146
2013,con el personal médico,Lugar de nacimiento,total,99,Solo castellano,4,2451.6,6253.8,39.201765326681375
2013,con el personal médico,Lugar de nacimiento,total,99,Solo catalán,0,1738.4,6253.8,27.797499120534713
2013,con la Administración de la Generalitat de Catalunya,Lugar de nacimiento,Cataluña,1,Igual catalán que castellano,2,239.4,3682.2,6.5015479876160995
2013,con la Administración de la Generalitat de Catalunya,Lugar de nacimiento,Cataluña,1,Más castellano que catalán,3,198.8,3682.2,5.398946282113954
2013,con la Administración de la Generalitat de Catalunya,Lugar de nacimiento,Cataluña,1,Más catalán que castellano,1,411.6,3682.2,11.17810004888382
2013,con la Administración de la Generalitat de Catalunya,Lugar de nacimiento,Cataluña,1,Otras y no consta,5,383.4,3682.2,10.412253544076911
2013,con la Administración de la Generalitat de Catalunya,Lugar de nacimiento,Cataluña,1,Solo castellano,4,381.1,3682.2,10.34979088588344
2013,con la Administración de la Generalitat de Catalunya,Lugar de nacimiento,Cataluña,1,Solo catalán,0,2065.9,3682.2,56.105045896474934
2013,con la Administración de la Generalitat de Catalunya,Lugar de nacimiento,Extranjero,3,Igual catalán que castellano,2,77.7,1160.8,6.693659545141283
2013,con la Administración de la Generalitat de Catalunya,Lugar de nacimiento,Extranjero,3,Más castellano que catalán,3,96.2,1160.8,8.28738800827016
2013,con la Administración de la Generalitat de Catalunya,Lugar de nacimiento,Extranjero,3,Más catalán que castellano,1,61.8,1160.8,5.323914541695383
2013,con la Administración de la Generalitat de Catalunya,Lugar de nacimiento,Extranjero,3,Otras y no consta,5,100.8,1160.8,8.683666436940042
2013,con la Administración de la Generalitat de Catalunya,Lugar de nacimiento,Extranjero,3,Solo castellano,4,702.9,1160.8,60.55306685044797
2013,con la Administración de la Generalitat de Catalunya,Lugar de nacimiento,Extranjero,3,Solo catalán,0,113.3,1160.8,9.7605099931082
2013,con la Administración de la Generalitat de Catalunya,Lugar de nacimiento,Resto de España,2,Igual catalán que castellano,2,107.7,1410.8,7.633966543804934
2013,con la Administración de la Generalitat de Catalunya,Lugar de nacimiento,Resto de España,2,Más castellano que catalán,3,99.1,1410.8,7.024383328607882
2013,con la Administración de la Generalitat de Catalunya,Lugar de nacimiento,Resto de España,2,Más catalán que castellano,1,71.1,1410.8,5.039693790757017
2013,con la Administración de la Generalitat de Catalunya,Lugar de nacimiento,Resto de España,2,Otras y no consta,5,184.0,1410.8,13.04224553444854
2013,con la Administración de la Generalitat de Catalunya,Lugar de nacimiento,Resto de España,2,Solo castellano,4,782.3,1410.8,55.45080805216897
2013,con la Administración de la Generalitat de Catalunya,Lugar de nacimiento,Resto de España,2,Solo catalán,0,166.6,1410.8,11.808902750212646
2013,con la Administración de la Generalitat de Catalunya,Lugar de nacimiento,total,99,Igual catalán que castellano,2,424.8,6253.8,6.7926700566055835
2013,con la Administración de la Generalitat de Catalunya,Lugar de nacimiento,total,99,Más castellano que catalán,3,394.1,6253.8,6.30176852473696
2013,con la Administración de la Generalitat de Catalunya,Lugar de nacimiento,total,99,Más catalán que castellano,1,544.4,6253.8,8.705107294764783
2013,con la Administración de la Generalitat de Catalunya,Lugar de nacimiento,total,99,Otras y no consta,5,668.2,6253.8,10.68470370015031
2013,con la Administración de la Generalitat de Catalunya,Lugar de nacimiento,total,99,Solo castellano,4,1866.3,6253.8,29.842655665355462
2013,con la Administración de la Generalitat de Catalunya,Lugar de nacimiento,total,99,Solo catalán,0,2345.7,6253.8,37.50839489590329
2013,con la Administración del Estado en Cataluña,Lugar de nacimiento,Cataluña,1,Igual catalán que castellano,2,475.6,3682.2,12.916191407310848
2013,con la Administración del Estado en Cataluña,Lugar de nacimiento,Cataluña,1,Más castellano que catalán,3,410.1,3682.2,11.137363532670687
2013,con la Administración del Estado en Cataluña,Lugar de nacimiento,Cataluña,1,Más catalán que castellano,1,687.8,3682.2,18.67905056759546
2013,con la Administración del Estado en Cataluña,Lugar de nacimiento,Cataluña,1,Otras y no consta,5,236.5,3682.2,6.422790722937374
2013,con la Administración del Estado en Cataluña,Lugar de nacimiento,Cataluña,1,Solo castellano,4,642.7,3682.2,17.454239313453915
2013,con la Administración del Estado en Cataluña,Lugar de nacimiento,Cataluña,1,Solo catalán,0,1227.2,3682.2,33.32790179783825
2013,con la Administración del Estado en Cataluña,Lugar de nacimiento,Extranjero,3,Igual catalán que castellano,2,90.8,1160.8,7.822191592005513
2013,con la Administración del Estado en Cataluña,Lugar de nacimiento,Extranjero,3,Más castellano que catalán,3,98.5,1160.8,8.4855272226051
2013,con la Administración del Estado en Cataluña,Lugar de nacimiento,Extranjero,3,Más catalán que castellano,1,58.1,1160.8,5.005168849069608
2013,con la Administración del Estado en Cataluña,Lugar de nacimiento,Extranjero,3,Otras y no consta,5,48.5,1160.8,4.178152997932461
2013,con la Administración del Estado en Cataluña,Lugar de nacimiento,Extranjero,3,Solo castellano,4,785.1,1160.8,67.63439007580979
2013,con la Administración del Estado en Cataluña,Lugar de nacimiento,Extranjero,3,Solo catalán,0,70.8,1160.8,6.099241902136457
2013,con la Administración del Estado en Cataluña,Lugar de nacimiento,Resto de España,2,Igual catalán que castellano,2,118.4,1410.8,8.3924014743408
2013,con la Administración del Estado en Cataluña,Lugar de nacimiento,Resto de España,2,Más castellano que catalán,3,116.7,1410.8,8.27190246668557
2013,con la Administración del Estado en Cataluña,Lugar de nacimiento,Resto de España,2,Más catalán que castellano,1,66.8,1410.8,4.734902183158492
2013,con la Administración del Estado en Cataluña,Lugar de nacimiento,Resto de España,2,Otras y no consta,5,87.2,1410.8,6.180890275021265
2013,con la Administración del Estado en Cataluña,Lugar de nacimiento,Resto de España,2,Solo castellano,4,915.6,1410.8,64.89934788772328
2013,con la Administración del Estado en Cataluña,Lugar de nacimiento,Resto de España,2,Solo catalán,0,106.0,1410.8,7.513467536149703
2013,con la Administración del Estado en Cataluña,Lugar de nacimiento,total,99,Igual catalán que castellano,2,684.8,6253.8,10.950142313473407
2013,con la Administración del Estado en Cataluña,Lugar de nacimiento,total,99,Más castellano que catalán,3,625.2,6253.8,9.997121749976015
2013,con la Administración del Estado en Cataluña,Lugar de nacimiento,total,99,Más catalán que castellano,1,812.7,6253.8,12.995298858294158
2013,con la Administración del Estado en Cataluña,Lugar de nacimiento,total,99,Otras y no consta,5,372.2,6253.8,5.9515814384854
2013,con la Administración del Estado en Cataluña,Lugar de nacimiento,total,99,Solo castellano,4,2343.4,6253.8,37.47161725670792
2013,con la Administración del Estado en Cataluña,Lugar de nacimiento,total,99,Solo catalán,0,1403.9,6253.8,22.44875115929515
2013,con la Administración local,Lugar de nacimiento,Cataluña,1,Igual catalán que castellano,2,293.1,3682.2,7.959915268046277
2013,con la Administración local,Lugar de nacimiento,Cataluña,1,Más castellano que catalán,3,209.6,3682.2,5.692249198848515
2013,con la Administración local,Lugar de nacimiento,Cataluña,1,Más catalán que castellano,1,507.0,3682.2,13.768942480039106
2013,con la Administración local,Lugar de nacimiento,Cataluña,1,Otras y no consta,5,190.7,3682.2,5.178969094563033
2013,con la Administración local,Lugar de nacimiento,Cataluña,1,Solo castellano,4,420.3,3682.2,11.414371842919994
2013,con la Administración local,Lugar de nacimiento,Cataluña,1,Solo catalán,0,2061.4,3682.2,55.982836347835544
2013,con la Administración local,Lugar de nacimiento,Extranjero,3,Igual catalán que castellano,2,89.7,1160.8,7.727429359062716
2013,con la Administración local,Lugar de nacimiento,Extranjero,3,Más castellano que catalán,3,97.3,1160.8,8.382150241212956
2013,con la Administración local,Lugar de nacimiento,Extranjero,3,Más catalán que castellano,1,64.2,1160.8,5.53066850447967
2013,con la Administración local,Lugar de nacimiento,Extranjero,3,Otras y no consta,5,42.6,1160.8,3.669882839421089
2013,con la Administración local,Lugar de nacimiento,Extranjero,3,Solo castellano,4,739.2,1160.8,63.6802205375603
2013,con la Administración local,Lugar de nacimiento,Extranjero,3,Solo catalán,0,116.4,1160.8,10.027567195037907
2013,con la Administración local,Lugar de nacimiento,Resto de España,2,Igual catalán que castellano,2,111.5,1410.8,7.90331726679898
2013,con la Administración local,Lugar de nacimiento,Resto de España,2,Más castellano que catalán,3,109.8,1410.8,7.782818259143748
2013,con la Administración local,Lugar de nacimiento,Resto de España,2,Más catalán que castellano,1,81.4,1410.8,5.769776013609301
2013,con la Administración local,Lugar de nacimiento,Resto de España,2,Otras y no consta,5,86.4,1410.8,6.124184859654098
2013,con la Administración local,Lugar de nacimiento,Resto de España,2,Solo castellano,4,852.7,1410.8,60.44088460447973
2013,con la Administración local,Lugar de nacimiento,Resto de España,2,Solo catalán,0,167.1,1410.8,11.844343634817125
2013,con la Administración local,Lugar de nacimiento,total,99,Igual catalán que castellano,2,494.3,6253.8,7.903994371422176
2013,con la Administración local,Lugar de nacimiento,total,99,Más castellano que catalán,3,416.7,6253.8,6.663148805526239
2013,con la Administración local,Lugar de nacimiento,total,99,Más catalán que castellano,1,652.6,6253.8,10.43525536473824
2013,con la Administración local,Lugar de nacimiento,total,99,Otras y no consta,5,333.3,6253.8,5.32955962774633
2013,con la Administración local,Lugar de nacimiento,total,99,Solo castellano,4,2012.1,6253.8,32.17403818478365
2013,con la Administración local,Lugar de nacimiento,total,99,Solo catalán,0,2344.8,6253.8,37.494003645783366
2013,con la policía local o Mossos d'Esquadra,Lugar de nacimiento,Cataluña,1,Igual catalán que castellano,2,0.0,0.0,
2013,con la policía local o Mossos d'Esquadra,Lugar de nacimiento,Cataluña,1,Más castellano que catalán,3,0.0,0.0,
2013,con la policía local o Mossos d'Esquadra,Lugar de nacimiento,Cataluña,1,Más catalán que castellano,1,0.0,0.0,
2013,con la policía local o Mossos d'Esquadra,Lugar de nacimiento,Cataluña,1,Otras y no consta,5,0.0,0.0,
2013,con la policía local o Mossos d'Esquadra,Lugar de nacimiento,Cataluña,1,Solo castellano,4,0.0,0.0,
2013,con la policía local o Mossos d'Esquadra,Lugar de nacimiento,Cataluña,1,Solo catalán,0,0.0,0.0,
2013,con la policía local o Mossos d'Esquadra,Lugar de nacimiento,Extranjero,3,Igual catalán que castellano,2,0.0,0.0,
2013,con la policía local o Mossos d'Esquadra,Lugar de nacimiento,Extranjero,3,Más castellano que catalán,3,0.0,0.0,
2013,con la policía local o Mossos d'Esquadra,Lugar de nacimiento,Extranjero,3,Más catalán que castellano,1,0.0,0.0,
2013,con la policía local o Mossos d'Esquadra,Lugar de nacimiento,Extranjero,3,Otras y no consta,5,0.0,0.0,
2013,con la policía local o Mossos d'Esquadra,Lugar de nacimiento,Extranjero,3,Solo castellano,4,0.0,0.0,
2013,con la policía local o Mossos d'Esquadra,Lugar de nacimiento,Extranjero,3,Solo catalán,0,0.0,0.0,
2013,con la policía local o Mossos d'Esquadra,Lugar de nacimiento,Resto de España,2,Igual catalán que castellano,2,0.0,0.0,
2013,con la policía local o Mossos d'Esquadra,Lugar de nacimiento,Resto de España,2,Más castellano que catalán,3,0.0,0.0,
2013,con la policía local o Mossos d'Esquadra,Lugar de nacimiento,Resto de España,2,Más catalán que castellano,1,0.0,0.0,
2013,con la policía local o Mossos d'Esquadra,Lugar de nacimiento,Resto de España,2,Otras y no consta,5,0.0,0.0,
2013,con la policía local o Mossos d'Esquadra,Lugar de nacimiento,Resto de España,2,Solo castellano,4,0.0,0.0,
2013,con la policía local o Mossos d'Esquadra,Lugar de nacimiento,Resto de España,2,Solo catalán,0,0.0,0.0,
2013,con la policía local o Mossos d'Esquadra,Lugar de nacimiento,total,99,Igual catalán que castellano,2,0.0,0.0,
2013,con la policía local o Mossos d'Esquadra,Lugar de nacimiento,total,99,Más castellano que catalán,3,0.0,0.0,
2013,con la policía local o Mossos d'Esquadra,Lugar de nacimiento,total,99,Más catalán que castellano,1,0.0,0.0,
2013,con la policía local o Mossos d'Esquadra,Lugar de nacimiento,total,99,Otras y no consta,5,0.0,0.0,
2013,con la policía local o Mossos d'Esquadra,Lugar de nacimiento,total,99,Solo castellano,4,0.0,0.0,
2013,con la policía local o Mossos d'Esquadra,Lugar de nacimiento,total,99,Solo catalán,0,0.0,0.0,
2013,con los amigos,Lugar de nacimiento,Cataluña,1,Igual catalán que castellano,2,752.2,3682.2,20.428004997012657
2013,con los amigos,Lugar de nacimiento,Cataluña,1,Más castellano que catalán,3,511.5,3682.2,13.891152028678508
2013,con los amigos,Lugar de nacimiento,Cataluña,1,Más catalán que castellano,1,880.9,3682.2,23.923198088099507
2013,con los amigos,Lugar de nacimiento,Cataluña,1,Otras y no consta,5,74.6,3682.2,2.025962739666504
2013,con los amigos,Lugar de nacimiento,Cataluña,1,Solo castellano,4,569.7,3682.2,15.471728857748088
2013,con los amigos,Lugar de nacimiento,Cataluña,1,Solo catalán,0,879.6,3682.2,23.88789310738146
2013,con los amigos,Lugar de nacimiento,Extranjero,3,Igual catalán que castellano,2,85.7,1160.8,7.382839421088905
2013,con los amigos,Lugar de nacimiento,Extranjero,3,Más castellano que catalán,3,118.0,1160.8,10.16540317022743
2013,con los amigos,Lugar de nacimiento,Extranjero,3,Más catalán que castellano,1,29.7,1160.8,2.558580289455548
2013,con los amigos,Lugar de nacimiento,Extranjero,3,Otras y no consta,5,466.0,1160.8,40.144727773949
2013,con los amigos,Lugar de nacimiento,Extranjero,3,Solo castellano,4,424.3,1160.8,36.55237767057202
2013,con los amigos,Lugar de nacimiento,Extranjero,3,Solo catalán,0,15.6,1160.8,1.3439007580978637
2013,con los amigos,Lugar de nacimiento,Resto de España,2,Igual catalán que castellano,2,144.9,1410.8,10.270768358378225
2013,con los amigos,Lugar de nacimiento,Resto de España,2,Más castellano que catalán,3,189.3,1410.8,13.417918911256027
2013,con los amigos,Lugar de nacimiento,Resto de España,2,Más catalán que castellano,1,80.8,1410.8,5.727246952083924
2013,con los amigos,Lugar de nacimiento,Resto de España,2,Otras y no consta,5,11.4,1410.8,0.8080521689821379
2013,con los amigos,Lugar de nacimiento,Resto de España,2,Solo castellano,4,923.6,1410.8,65.46640204139496
2013,con los amigos,Lugar de nacimiento,Resto de España,2,Solo catalán,0,44.4,1410.8,3.1471505528778
2013,con los amigos,Lugar de nacimiento,total,99,Igual catalán que castellano,2,982.8,6253.8,15.715245130960376
2013,con los amigos,Lugar de nacimiento,total,99,Más castellano que catalán,3,818.8,6253.8,13.092839553551439
2013,con los amigos,Lugar de nacimiento,total,99,Más catalán que castellano,1,991.4,6253.8,15.852761520995234
2013,con los amigos,Lugar de nacimiento,total,99,Otras y no consta,5,603.5,6253.8,9.650132719306661
2013,con los amigos,Lugar de nacimiento,total,99,Solo castellano,4,1917.6,6253.8,30.662956922191302
2013,con los amigos,Lugar de nacimiento,total,99,Solo catalán,0,939.6,6253.8,15.024465125203875
2013,con los compañeros de deporte,Lugar de nacimiento,Cataluña,1,Igual catalán que castellano,2,0.0,0.0,
2013,con los compañeros de deporte,Lugar de nacimiento,Cataluña,1,Más castellano que catalán,3,0.0,0.0,
2013,con los compañeros de deporte,Lugar de nacimiento,Cataluña,1,Más catalán que castellano,1,0.0,0.0,
2013,con los compañeros de deporte,Lugar de nacimiento,Cataluña,1,Otras y no consta,5,0.0,0.0,
2013,con los compañeros de deporte,Lugar de nacimiento,Cataluña,1,Solo castellano,4,0.0,0.0,
2013,con los compañeros de deporte,Lugar de nacimiento,Cataluña,1,Solo catalán,0,0.0,0.0,
2013,con los compañeros de deporte,Lugar de nacimiento,Extranjero,3,Igual catalán que castellano,2,0.0,0.0,
2013,con los compañeros de deporte,Lugar de nacimiento,Extranjero,3,Más castellano que catalán,3,0.0,0.0,
2013,con los compañeros de deporte,Lugar de nacimiento,Extranjero,3,Más catalán que castellano,1,0.0,0.0,
2013,con los compañeros de deporte,Lugar de nacimiento,Extranjero,3,Otras y no consta,5,0.0,0.0,
2013,con los compañeros de deporte,Lugar de nacimiento,Extranjero,3,Solo castellano,4,0.0,0.0,
2013,con los compañeros de deporte,Lugar de nacimiento,Extranjero,3,Solo catalán,0,0.0,0.0,
2013,con los compañeros de deporte,Lugar de nacimiento,Resto de España,2,Igual catalán que castellano,2,0.0,0.0,
2013,con los compañeros de deporte,Lugar de nacimiento,Resto de España,2,Más castellano que catalán,3,0.0,0.0,
2013,con los compañeros de deporte,Lugar de nacimiento,Resto de España,2,Más catalán que castellano,1,0.0,0.0,
2013,con los compañeros de deporte,Lugar de nacimiento,Resto de España,2,Otras y no consta,5,0.0,0.0,
2013,con los compañeros de deporte,Lugar de nacimiento,Resto de España,2,Solo castellano,4,0.0,0.0,
2013,con los compañeros de deporte,Lugar de nacimiento,Resto de España,2,Solo catalán,0,0.0,0.0,
2013,con los compañeros de deporte,Lugar de nacimiento,total,99,Igual catalán que castellano,2,0.0,0.0,
2013,con los compañeros de deporte,Lugar de nacimiento,total,99,Más castellano que catalán,3,0.0,0.0,
2013,con los compañeros de deporte,Lugar de nacimiento,total,99,Más catalán que castellano,1,0.0,0.0,
2013,con los compañeros de deporte,Lugar de nacimiento,total,99,Otras y no consta,5,0.0,0.0,
2013,con los compañeros de deporte,Lugar de nacimiento,total,99,Solo castellano,4,0.0,0.0,
2013,con los compañeros de deporte,Lugar de nacimiento,total,99,Solo catalán,0,0.0,0.0,
2013,con los compañeros de estudio,Lugar de nacimiento,Cataluña,1,Igual catalán que castellano,2,138.8,814.2,17.04740849914026
2013,con los compañeros de estudio,Lugar de nacimiento,Cataluña,1,Más castellano que catalán,3,116.8,814.2,14.345369688037335
2013,con los compañeros de estudio,Lugar de nacimiento,Cataluña,1,Más catalán que castellano,1,213.1,814.2,26.172930483910584
2013,con los compañeros de estudio,Lugar de nacimiento,Cataluña,1,Otras y no consta,5,35.6,814.2,4.372390076148366
2013,con los compañeros de estudio,Lugar de nacimiento,Cataluña,1,Solo castellano,4,94.4,814.2,11.594202898550725
2013,con los compañeros de estudio,Lugar de nacimiento,Cataluña,1,Solo catalán,0,190.0,814.2,23.335789732252515
2013,con los compañeros de estudio,Lugar de nacimiento,Extranjero,3,Igual catalán que castellano,2,39.0,193.1,20.196789228379078
2013,con los compañeros de estudio,Lugar de nacimiento,Extranjero,3,Más castellano que catalán,3,31.6,193.1,16.364577938891767
2013,con los compañeros de estudio,Lugar de nacimiento,Extranjero,3,Más catalán que castellano,1,17.0,193.1,8.803728638011393
2013,con los compañeros de estudio,Lugar de nacimiento,Extranjero,3,Otras y no consta,5,0.0,193.1,0.0
2013,con los compañeros de estudio,Lugar de nacimiento,Extranjero,3,Solo castellano,4,60.5,193.1,31.330916623511136
2013,con los compañeros de estudio,Lugar de nacimiento,Extranjero,3,Solo catalán,0,20.8,193.1,10.771620921802176
2013,con los compañeros de estudio,Lugar de nacimiento,Resto de España,2,Igual catalán que castellano,2,0.0,96.5,0.0
2013,con los compañeros de estudio,Lugar de nacimiento,Resto de España,2,Más castellano que catalán,3,0.0,96.5,0.0
2013,con los compañeros de estudio,Lugar de nacimiento,Resto de España,2,Más catalán que castellano,1,0.0,96.5,0.0
2013,con los compañeros de estudio,Lugar de nacimiento,Resto de España,2,Otras y no consta,5,0.0,96.5,0.0
2013,con los compañeros de estudio,Lugar de nacimiento,Resto de España,2,Solo castellano,4,28.1,96.5,29.119170984455963
2013,con los compañeros de estudio,Lugar de nacimiento,Resto de España,2,Solo catalán,0,0.0,96.5,0.0
2013,con los compañeros de estudio,Lugar de nacimiento,total,99,Igual catalán que castellano,2,192.5,1103.8,17.43975357854684
2013,con los compañeros de estudio,Lugar de nacimiento,total,99,Más castellano que catalán,3,156.6,1103.8,14.18735278130096
2013,con los compañeros de estudio,Lugar de nacimiento,total,99,Más catalán que castellano,1,247.3,1103.8,22.404421090777316
2013,con los compañeros de estudio,Lugar de nacimiento,total,99,Otras y no consta,5,86.6,1103.8,7.845624207283929
2013,con los compañeros de estudio,Lugar de nacimiento,total,99,Solo castellano,4,183.1,1103.8,16.588150027178834
2013,con los compañeros de estudio,Lugar de nacimiento,total,99,Solo catalán,0,226.6,1103.8,20.529081355317995
2013,con los compañeros de trabajo,Lugar de nacimiento,Cataluña,1,Igual catalán que castellano,2,407.1,1978.6,20.575154149398568
2013,con los compañeros de trabajo,Lugar de nacimiento,Cataluña,1,Más castellano que catalán,3,267.9,1978.6,13.539876680481147
2013,con los compañeros de trabajo,Lugar de nacimiento,Cataluña,1,Más catalán que castellano,1,422.4,1978.6,21.348428181542506
2013,con los compañeros de trabajo,Lugar de nacimiento,Cataluña,1,Otras y no consta,5,124.3,1978.6,6.282219751339331
2013,con los compañeros de trabajo,Lugar de nacimiento,Cataluña,1,Solo castellano,4,298.3,1978.6,15.076316587486103
2013,con los compañeros de trabajo,Lugar de nacimiento,Cataluña,1,Solo catalán,0,441.6,1978.6,22.318811280703528
2013,con los compañeros de trabajo,Lugar de nacimiento,Extranjero,3,Igual catalán que castellano,2,44.9,572.0,7.84965034965035
2013,con los compañeros de trabajo,Lugar de nacimiento,Extranjero,3,Más castellano que catalán,3,58.6,572.0,10.244755244755245
2013,con los compañeros de trabajo,Lugar de nacimiento,Extranjero,3,Más catalán que castellano,1,26.9,572.0,4.7027972027972025
2013,con los compañeros de trabajo,Lugar de nacimiento,Extranjero,3,Otras y no consta,5,99.1,572.0,17.325174825174823
2013,con los compañeros de trabajo,Lugar de nacimiento,Extranjero,3,Solo castellano,4,285.0,572.0,49.82517482517482
2013,con los compañeros de trabajo,Lugar de nacimiento,Extranjero,3,Solo catalán,0,22.9,572.0,4.003496503496503
2013,con los compañeros de trabajo,Lugar de nacimiento,Resto de España,2,Igual catalán que castellano,2,53.5,405.7,13.187084052255363
2013,con los compañeros de trabajo,Lugar de nacimiento,Resto de España,2,Más castellano que catalán,3,73.3,405.7,18.067537589351737
2013,con los compañeros de trabajo,Lugar de nacimiento,Resto de España,2,Más catalán que castellano,1,33.3,405.7,8.208035494207543
2013,con los compañeros de trabajo,Lugar de nacimiento,Resto de España,2,Otras y no consta,5,0.0,405.7,0.0
2013,con los compañeros de trabajo,Lugar de nacimiento,Resto de España,2,Solo castellano,4,186.4,405.7,45.94527976337196
2013,con los compañeros de trabajo,Lugar de nacimiento,Resto de España,2,Solo catalán,0,27.9,405.7,6.877002711363075
2013,con los compañeros de trabajo,Lugar de nacimiento,total,99,Igual catalán que castellano,2,505.6,2956.3,17.102459155024864
2013,con los compañeros de trabajo,Lugar de nacimiento,total,99,Más castellano que catalán,3,399.8,2956.3,13.523661333423536
2013,con los compañeros de trabajo,Lugar de nacimiento,total,99,Más catalán que castellano,1,482.6,2956.3,16.32445962858979
2013,con los compañeros de trabajo,Lugar de nacimiento,total,99,Otras y no consta,5,302.1,2956.3,10.218854649392823
2013,con los compañeros de trabajo,Lugar de nacimiento,total,99,Solo castellano,4,769.7,2956.3,26.035923282481484
2013,con los compañeros de trabajo,Lugar de nacimiento,total,99,Solo catalán,0,492.4,2956.3,16.655955078983865
2013,con los miembros del hogar,Lugar de nacimiento,Cataluña,1,Igual catalán que castellano,2,351.0,3326.5,10.551630843228619
2013,con los miembros del hogar,Lugar de nacimiento,Cataluña,1,Más castellano que catalán,3,381.1,3326.5,11.456485795881557
2013,con los miembros del hogar,Lugar de nacimiento,Cataluña,1,Más catalán que castellano,1,257.5,3326.5,7.740868781001052
2013,con los miembros del hogar,Lugar de nacimiento,Cataluña,1,Otras y no consta,5,53.400000000000006,3326.5,1.6052908462347815
2013,con los miembros del hogar,Lugar de nacimiento,Cataluña,1,Solo castellano,4,871.8,3326.5,26.207725837967832
2013,con los miembros del hogar,Lugar de nacimiento,Cataluña,1,Solo catalán,0,1410.1,3326.5,42.38989929355178
2013,con los miembros del hogar,Lugar de nacimiento,Extranjero,3,Igual catalán que castellano,2,38.8,1081.6,3.587278106508876
2013,con los miembros del hogar,Lugar de nacimiento,Extranjero,3,Más castellano que catalán,3,69.5,1081.6,6.425665680473373
2013,con los miembros del hogar,Lugar de nacimiento,Extranjero,3,Más catalán que castellano,1,0.0,1081.6,0.0
2013,con los miembros del hogar,Lugar de nacimiento,Extranjero,3,Otras y no consta,5,499.7,1081.6,46.200073964497044
2013,con los miembros del hogar,Lugar de nacimiento,Extranjero,3,Solo castellano,4,425.4,1081.6,39.330621301775146
2013,con los miembros del hogar,Lugar de nacimiento,Extranjero,3,Solo catalán,0,31.5,1081.6,2.9123520710059174
2013,con los miembros del hogar,Lugar de nacimiento,Resto de España,2,Igual catalán que castellano,2,62.6,1218.4,5.137885751805647
2013,con los miembros del hogar,Lugar de nacimiento,Resto de España,2,Más castellano que catalán,3,114.0,1218.4,9.356533158240314
2013,con los miembros del hogar,Lugar de nacimiento,Resto de España,2,Más catalán que castellano,1,23.6,1218.4,1.9369665134602758
2013,con los miembros del hogar,Lugar de nacimiento,Resto de España,2,Otras y no consta,5,18.1,1218.4,1.4855548260013132
2013,con los miembros del hogar,Lugar de nacimiento,Resto de España,2,Solo castellano,4,932.7,1218.4,76.55121470781351
2013,con los miembros del hogar,Lugar de nacimiento,Resto de España,2,Solo catalán,0,59.0,1218.4,4.842416283650689
2013,con los miembros del hogar,Lugar de nacimiento,total,99,Igual catalán que castellano,2,452.4,5626.6,8.04037962535101
2013,con los miembros del hogar,Lugar de nacimiento,total,99,Más castellano que catalán,3,564.7,5626.6,10.036256353748268
2013,con los miembros del hogar,Lugar de nacimiento,total,99,Más catalán que castellano,1,293.2,5626.6,5.210962215192123
2013,con los miembros del hogar,Lugar de nacimiento,total,99,Otras y no consta,5,579.5,5626.6,10.299292645647458
2013,con los miembros del hogar,Lugar de nacimiento,total,99,Solo castellano,4,2229.9,5626.6,39.63139373689262
2013,con los miembros del hogar,Lugar de nacimiento,total,99,Solo catalán,0,1500.6,5626.6,26.669747271887108
2013,con los vecinos,Lugar de nacimiento,Cataluña,1,Igual catalán que castellano,2,726.7,3682.2,19.735484221389388
2013,con los vecinos,Lugar de nacimiento,Cataluña,1,Más castellano que catalán,3,435.3,3682.2,11.821737005051329
2013,con los vecinos,Lugar de nacimiento,Cataluña,1,Más catalán que castellano,1,788.1,3682.2,21.402965618380318
2013,con los vecinos,Lugar de nacimiento,Cataluña,1,Otras y no consta,5,61.0,3682.2,1.6566183260007603
2013,con los vecinos,Lugar de nacimiento,Cataluña,1,Solo castellano,4,689.3,3682.2,18.71978708380859
2013,con los vecinos,Lugar de nacimiento,Cataluña,1,Solo catalán,0,981.7,3682.2,26.660691977622076
2013,con los vecinos,Lugar de nacimiento,Extranjero,3,Igual catalán que castellano,2,100.1,1160.8,8.623363197794625
2013,con los vecinos,Lugar de nacimiento,Extranjero,3,Más castellano que catalán,3,117.0,1160.8,10.079255685733978
2013,con los vecinos,Lugar de nacimiento,Extranjero,3,Más catalán que castellano,1,50.4,1160.8,4.341833218470021
2013,con los vecinos,Lugar de nacimiento,Extranjero,3,Otras y no consta,5,139.1,1160.8,11.983115093039283
2013,con los vecinos,Lugar de nacimiento,Extranjero,3,Solo castellano,4,708.1,1160.8,61.00103376981393
2013,con los vecinos,Lugar de nacimiento,Extranjero,3,Solo catalán,0,43.4,1160.8,3.7388008270158513
2013,con los vecinos,Lugar de nacimiento,Resto de España,2,Igual catalán que castellano,2,152.6,1410.8,10.816557981287213
2013,con los vecinos,Lugar de nacimiento,Resto de España,2,Más castellano que catalán,3,163.6,1410.8,11.596257442585767
2013,con los vecinos,Lugar de nacimiento,Resto de España,2,Más catalán que castellano,1,76.6,1410.8,5.429543521406295
2013,con los vecinos,Lugar de nacimiento,Resto de España,2,Otras y no consta,5,0.0,1410.8,0.0
2013,con los vecinos,Lugar de nacimiento,Resto de España,2,Solo castellano,4,950.2,1410.8,67.35185710235328
2013,con los vecinos,Lugar de nacimiento,Resto de España,2,Solo catalán,0,56.0,1410.8,3.9693790757017298
2013,con los vecinos,Lugar de nacimiento,total,99,Igual catalán que castellano,2,979.3,6253.8,15.659279158271769
2013,con los vecinos,Lugar de nacimiento,total,99,Más castellano que catalán,3,715.9,6253.8,11.447439956506443
2013,con los vecinos,Lugar de nacimiento,total,99,Más catalán que castellano,1,915.1,6253.8,14.632703316383639
2013,con los vecinos,Lugar de nacimiento,total,99,Otras y no consta,5,214.7,6253.8,3.4331126674981607
2013,con los vecinos,Lugar de nacimiento,total,99,Solo castellano,4,2347.6,6253.8,37.538776423934245
2013,con los vecinos,Lugar de nacimiento,total,99,Solo catalán,0,1081.2,6253.8,17.288688477405735
2013,con los órganos judiciales,Lugar de nacimiento,Cataluña,1,Igual catalán que castellano,2,0.0,0.0,
2013,con los órganos judiciales,Lugar de nacimiento,Cataluña,1,Más castellano que catalán,3,0.0,0.0,
2013,con los órganos judiciales,Lugar de nacimiento,Cataluña,1,Más catalán que castellano,1,0.0,0.0,
2013,con los órganos judiciales,Lugar de nacimiento,Cataluña,1,Otras y no consta,5,0.0,0.0,
2013,con los órganos judiciales,Lugar de nacimiento,Cataluña,1,Solo castellano,4,0.0,0.0,
2013,con los órganos judiciales,Lugar de nacimiento,Cataluña,1,Solo catalán,0,0.0,0.0,
2013,con los órganos judiciales,Lugar de nacimiento,Extranjero,3,Igual catalán que castellano,2,0.0,0.0,
2013,con los órganos judiciales,Lugar de nacimiento,Extranjero,3,Más castellano que catalán,3,0.0,0.0,
2013,con los órganos judiciales,Lugar de nacimiento,Extranjero,3,Más catalán que castellano,1,0.0,0.0,
2013,con los órganos judiciales,Lugar de nacimiento,Extranjero,3,Otras y no consta,5,0.0,0.0,
2013,con los órganos judiciales,Lugar de nacimiento,Extranjero,3,Solo castellano,4,0.0,0.0,
2013,con los órganos judiciales,Lugar de nacimiento,Extranjero,3,Solo catalán,0,0.0,0.0,
2013,con los órganos judiciales,Lugar de nacimiento,Resto de España,2,Igual catalán que castellano,2,0.0,0.0,
2013,con los órganos judiciales,Lugar de nacimiento,Resto de España,2,Más castellano que catalán,3,0.0,0.0,
2013,con los órganos judiciales,Lugar de nacimiento,Resto de España,2,Más catalán que castellano,1,0.0,0.0,
2013,con los órganos judiciales,Lugar de nacimiento,Resto de España,2,Otras y no consta,5,0.0,0.0,
2013,con los órganos judiciales,Lugar de nacimiento,Resto de España,2,Solo castellano,4,0.0,0.0,
2013,con los órganos judiciales,Lugar de nacimiento,Resto de España,2,Solo catalán,0,0.0,0.0,
2013,con los órganos judiciales,Lugar de nacimiento,total,99,Igual catalán que castellano,2,0.0,0.0,
2013,con los órganos judiciales,Lugar de nacimiento,total,99,Más castellano que catalán,3,0.0,0.0,
2013,con los órganos judiciales,Lugar de nacimiento,total,99,Más catalán que castellano,1,0.0,0.0,
2013,con los órganos judiciales,Lugar de nacimiento,total,99,Otras y no consta,5,0.0,0.0,
2013,con los órganos judiciales,Lugar de nacimiento,total,99,Solo castellano,4,0.0,0.0,
2013,con los órganos judiciales,Lugar de nacimiento,total,99,Solo catalán,0,0.0,0.0,
2013,con usuarios o clientes de Cataluña,Lugar de nacimiento,Cataluña,1,Igual catalán que castellano,2,483.6,1845.8,26.200021670820245
2013,con usuarios o clientes de Cataluña,Lugar de nacimiento,Cataluña,1,Más castellano que catalán,3,221.4,1845.8,11.99479900314227
2013,con usuarios o clientes de Cataluña,Lugar de nacimiento,Cataluña,1,Más catalán que castellano,1,644.5,1845.8,34.917109112579915
2013,con usuarios o clientes de Cataluña,Lugar de nacimiento,Cataluña,1,Otras y no consta,5,53.599999999999994,1845.8,2.903889912233178
2013,con usuarios o clientes de Cataluña,Lugar de nacimiento,Cataluña,1,Solo castellano,4,123.6,1845.8,6.6962834543287455
2013,con usuarios o clientes de Cataluña,Lugar de nacimiento,Cataluña,1,Solo catalán,0,296.9,1845.8,16.085166323545344
2013,con usuarios o clientes de Cataluña,Lugar de nacimiento,Extranjero,3,Igual catalán que castellano,2,69.5,486.2,14.294529000411355
2013,con usuarios o clientes de Cataluña,Lugar de nacimiento,Extranjero,3,Más castellano que catalán,3,60.6,486.2,12.464006581653642
2013,con usuarios o clientes de Cataluña,Lugar de nacimiento,Extranjero,3,Más catalán que castellano,1,37.2,486.2,7.651172357054711
2013,con usuarios o clientes de Cataluña,Lugar de nacimiento,Extranjero,3,Otras y no consta,5,30.7,486.2,6.314273961332785
2013,con usuarios o clientes de Cataluña,Lugar de nacimiento,Extranjero,3,Solo castellano,4,246.4,486.2,50.678733031674206
2013,con usuarios o clientes de Cataluña,Lugar de nacimiento,Extranjero,3,Solo catalán,0,17.9,486.2,3.6816125051419166
2013,con usuarios o clientes de Cataluña,Lugar de nacimiento,Resto de España,2,Igual catalán que castellano,2,87.2,366.0,23.825136612021858
2013,con usuarios o clientes de Cataluña,Lugar de nacimiento,Resto de España,2,Más castellano que catalán,3,59.5,366.0,16.256830601092894
2013,con usuarios o clientes de Cataluña,Lugar de nacimiento,Resto de España,2,Más catalán que castellano,1,54.8,366.0,14.972677595628415
2013,con usuarios o clientes de Cataluña,Lugar de nacimiento,Resto de España,2,Otras y no consta,5,0.0,366.0,0.0
2013,con usuarios o clientes de Cataluña,Lugar de nacimiento,Resto de España,2,Solo castellano,4,125.1,366.0,34.18032786885246
2013,con usuarios o clientes de Cataluña,Lugar de nacimiento,Resto de España,2,Solo catalán,0,25.3,366.0,6.912568306010929
2013,con usuarios o clientes de Cataluña,Lugar de nacimiento,total,99,Igual catalán que castellano,2,640.3,2698.0,23.73239436619718
2013,con usuarios o clientes de Cataluña,Lugar de nacimiento,total,99,Más castellano que catalán,3,341.5,2698.0,12.657524091919942
2013,con usuarios o clientes de Cataluña,Lugar de nacimiento,total,99,Más catalán que castellano,1,736.4,2698.0,27.294292068198665
2013,con usuarios o clientes de Cataluña,Lugar de nacimiento,total,99,Otras y no consta,5,136.7,2698.0,5.066716085989621
2013,con usuarios o clientes de Cataluña,Lugar de nacimiento,total,99,Solo castellano,4,495.1,2698.0,18.35063009636768
2013,con usuarios o clientes de Cataluña,Lugar de nacimiento,total,99,Solo catalán,0,340.1,2698.0,12.605633802816902
2013,en el centro de culto,Lugar de nacimiento,Cataluña,1,Igual catalán que castellano,2,0.0,0.0,
2013,en el centro de culto,Lugar de nacimiento,Cataluña,1,Más castellano que catalán,3,0.0,0.0,
2013,en el centro de culto,Lugar de nacimiento,Cataluña,1,Más catalán que castellano,1,0.0,0.0,
2013,en el centro de culto,Lugar de nacimiento,Cataluña,1,Otras y no consta,5,0.0,0.0,
2013,en el centro de culto,Lugar de nacimiento,Cataluña,1,Solo castellano,4,0.0,0.0,
2013,en el centro de culto,Lugar de nacimiento,Cataluña,1,Solo catalán,0,0.0,0.0,
2013,en el centro de culto,Lugar de nacimiento,Extranjero,3,Igual catalán que castellano,2,0.0,0.0,
2013,en el centro de culto,Lugar de nacimiento,Extranjero,3,Más castellano que catalán,3,0.0,0.0,
2013,en el centro de culto,Lugar de nacimiento,Extranjero,3,Más catalán que castellano,1,0.0,0.0,
2013,en el centro de culto,Lugar de nacimiento,Extranjero,3,Otras y no consta,5,0.0,0.0,
2013,en el centro de culto,Lugar de nacimiento,Extranjero,3,Solo castellano,4,0.0,0.0,
2013,en el centro de culto,Lugar de nacimiento,Extranjero,3,Solo catalán,0,0.0,0.0,
2013,en el centro de culto,Lugar de nacimiento,Resto de España,2,Igual catalán que castellano,2,0.0,0.0,
2013,en el centro de culto,Lugar de nacimiento,Resto de España,2,Más castellano que catalán,3,0.0,0.0,
2013,en el centro de culto,Lugar de nacimiento,Resto de España,2,Más catalán que castellano,1,0.0,0.0,
2013,en el centro de culto,Lugar de nacimiento,Resto de España,2,Otras y no consta,5,0.0,0.0,
2013,en el centro de culto,Lugar de nacimiento,Resto de España,2,Solo castellano,4,0.0,0.0,
2013,en el centro de culto,Lugar de nacimiento,Resto de España,2,Solo catalán,0,0.0,0.0,
2013,en el centro de culto,Lugar de nacimiento,total,99,Igual catalán que castellano,2,0.0,0.0,
2013,en el centro de culto,Lugar de nacimiento,total,99,Más castellano que catalán,3,0.0,0.0,
2013,en el centro de culto,Lugar de nacimiento,total,99,Más catalán que castellano,1,0.0,0.0,
2013,en el centro de culto,Lugar de nacimiento,total,99,Otras y no consta,5,0.0,0.0,
2013,en el centro de culto,Lugar de nacimiento,total,99,Solo castellano,4,0.0,0.0,
2013,en el centro de culto,Lugar de nacimiento,total,99,Solo catalán,0,0.0,0.0,
2013,en el gran comercio,Lugar de nacimiento,Cataluña,1,Igual catalán que castellano,2,682.3,3682.2,18.529683341480634
2013,en el gran comercio,Lugar de nacimiento,Cataluña,1,Más castellano que catalán,3,504.1,3682.2,13.690185215360383
2013,en el gran comercio,Lugar de nacimiento,Cataluña,1,Más catalán que castellano,1,860.7,3682.2,23.37461300309598
2013,en el gran comercio,Lugar de nacimiento,Cataluña,1,Otras y no consta,5,61.3,3682.2,1.6647656292433872
2013,en el gran comercio,Lugar de nacimiento,Cataluña,1,Solo castellano,4,568.9,3682.2,15.450002715767747
2013,en el gran comercio,Lugar de nacimiento,Cataluña,1,Solo catalán,0,1002.4,3682.2,27.222855901363317
2013,en el gran comercio,Lugar de nacimiento,Extranjero,3,Igual catalán que castellano,2,118.3,1160.8,10.191247415575464
2013,en el gran comercio,Lugar de nacimiento,Extranjero,3,Más castellano que catalán,3,136.3,1160.8,11.741902136457618
2013,en el gran comercio,Lugar de nacimiento,Extranjero,3,Más catalán que castellano,1,49.3,1160.8,4.247070985527222
2013,en el gran comercio,Lugar de nacimiento,Extranjero,3,Otras y no consta,5,0.0,1160.8,0.0
2013,en el gran comercio,Lugar de nacimiento,Extranjero,3,Solo castellano,4,775.5,1160.8,66.80737422467264
2013,en el gran comercio,Lugar de nacimiento,Extranjero,3,Solo catalán,0,44.8,1160.8,3.859407305306685
2013,en el gran comercio,Lugar de nacimiento,Resto de España,2,Igual catalán que castellano,2,156.3,1410.8,11.078820527360364
2013,en el gran comercio,Lugar de nacimiento,Resto de España,2,Más castellano que catalán,3,163.1,1410.8,11.560816557981287
2013,en el gran comercio,Lugar de nacimiento,Resto de España,2,Más catalán que castellano,1,74.6,1410.8,5.287779982988375
2013,en el gran comercio,Lugar de nacimiento,Resto de España,2,Otras y no consta,5,45.6,1410.8,3.2322086759285518
2013,en el gran comercio,Lugar de nacimiento,Resto de España,2,Solo castellano,4,900.3,1410.8,63.81485681882619
2013,en el gran comercio,Lugar de nacimiento,Resto de España,2,Solo catalán,0,69.2,1410.8,4.905018429259995
2013,en el gran comercio,Lugar de nacimiento,total,99,Igual catalán que castellano,2,956.8,6253.8,15.299497905273594
2013,en el gran comercio,Lugar de nacimiento,total,99,Más castellano que catalán,3,803.6,6253.8,12.849787329303783
2013,en el gran comercio,Lugar de nacimiento,total,99,Más catalán que castellano,1,984.6,6253.8,15.74402763120023
2013,en el gran comercio,Lugar de nacimiento,total,99,Otras y no consta,5,132.9,6253.8,2.1251079343758996
2013,en el gran comercio,Lugar de nacimiento,total,99,Solo castellano,4,2244.7,6253.8,35.893376826889245
2013,en el gran comercio,Lugar de nacimiento,total,99,Solo catalán,0,1116.4,6253.8,17.851546259874
2013,en el pequeño comercio,Lugar de nacimiento,Cataluña,1,Igual catalán que castellano,2,644.8,3682.2,17.511270436152298
2013,en el pequeño comercio,Lugar de nacimiento,Cataluña,1,Más castellano que catalán,3,380.7,3682.2,10.33892781489327
2013,en el pequeño comercio,Lugar de nacimiento,Cataluña,1,Más catalán que castellano,1,946.2,3682.2,25.696594427244584
2013,en el pequeño comercio,Lugar de nacimiento,Cataluña,1,Otras y no consta,5,32.7,3682.2,0.8880560534463094
2013,en el pequeño comercio,Lugar de nacimiento,Cataluña,1,Solo castellano,4,478.9,3682.2,13.00581174297974
2013,en el pequeño comercio,Lugar de nacimiento,Cataluña,1,Solo catalán,0,1198.5,3682.2,32.54847645429363
2013,en el pequeño comercio,Lugar de nacimiento,Extranjero,3,Igual catalán que castellano,2,125.2,1160.8,10.78566505858029
2013,en el pequeño comercio,Lugar de nacimiento,Extranjero,3,Más castellano que catalán,3,126.3,1160.8,10.880427291523088
2013,en el pequeño comercio,Lugar de nacimiento,Extranjero,3,Más catalán que castellano,1,65.9,1160.8,5.67711922811854
2013,en el pequeño comercio,Lugar de nacimiento,Extranjero,3,Otras y no consta,5,35.6,1160.8,3.0668504479669196
2013,en el pequeño comercio,Lugar de nacimiento,Extranjero,3,Solo castellano,4,721.3,1160.8,62.1381805651275
2013,en el pequeño comercio,Lugar de nacimiento,Extranjero,3,Solo catalán,0,56.1,1160.8,4.832873880082702
2013,en el pequeño comercio,Lugar de nacimiento,Resto de España,2,Igual catalán que castellano,2,162.6,1410.8,11.525375673376807
2013,en el pequeño comercio,Lugar de nacimiento,Resto de España,2,Más castellano que catalán,3,172.8,1410.8,12.248369719308196
2013,en el pequeño comercio,Lugar de nacimiento,Resto de España,2,Más catalán que castellano,1,92.1,1410.8,6.528210944145166
2013,en el pequeño comercio,Lugar de nacimiento,Resto de España,2,Otras y no consta,5,22.7,1410.8,1.6090161610433795
2013,en el pequeño comercio,Lugar de nacimiento,Resto de España,2,Solo castellano,4,873.5,1410.8,61.91522540402609
2013,en el pequeño comercio,Lugar de nacimiento,Resto de España,2,Solo catalán,0,85.2,1410.8,6.039126736603346
2013,en el pequeño comercio,Lugar de nacimiento,total,99,Igual catalán que castellano,2,932.6,6253.8,14.912533179826665
2013,en el pequeño comercio,Lugar de nacimiento,total,99,Más castellano que catalán,3,679.8,6253.8,10.870190923918257
2013,en el pequeño comercio,Lugar de nacimiento,total,99,Más catalán que castellano,1,1104.3,6253.8,17.65806389715053
2013,en el pequeño comercio,Lugar de nacimiento,total,99,Otras y no consta,5,122.6,6253.8,1.9604080718922894
2013,en el pequeño comercio,Lugar de nacimiento,total,99,Solo castellano,4,2073.6,6253.8,33.157440276312
2013,en el pequeño comercio,Lugar de nacimiento,total,99,Solo catalán,0,1339.8,6253.8,21.42377434519812
2013,en la entidad financiera,Lugar de nacimiento,Cataluña,1,Igual catalán que castellano,2,472.3,3682.2,12.826571071641954
2013,en la entidad financiera,Lugar de nacimiento,Cataluña,1,Más castellano que catalán,3,265.8,3682.2,7.218510672967248
2013,en la entidad financiera,Lugar de nacimiento,Cataluña,1,Más catalán que castellano,1,604.2,3682.2,16.408668730650156
2013,en la entidad financiera,Lugar de nacimiento,Cataluña,1,Otras y no consta,5,111.1,3682.2,3.017217967519418
2013,en la entidad financiera,Lugar de nacimiento,Cataluña,1,Solo castellano,4,532.2,3682.2,14.453315952419752
2013,en la entidad financiera,Lugar de nacimiento,Cataluña,1,Solo catalán,0,1696.6,3682.2,46.07571560480147
2013,en la entidad financiera,Lugar de nacimiento,Extranjero,3,Igual catalán que castellano,2,110.0,1160.8,9.476223294279809
2013,en la entidad financiera,Lugar de nacimiento,Extranjero,3,Más castellano que catalán,3,98.7,1160.8,8.502756719503791
2013,en la entidad financiera,Lugar de nacimiento,Extranjero,3,Más catalán que castellano,1,46.9,1160.8,4.040317022742936
2013,en la entidad financiera,Lugar de nacimiento,Extranjero,3,Otras y no consta,5,29.6,1160.8,2.5499655410062028
2013,en la entidad financiera,Lugar de nacimiento,Extranjero,3,Solo castellano,4,770.3,1160.8,66.35940730530669
2013,en la entidad financiera,Lugar de nacimiento,Extranjero,3,Solo catalán,0,88.7,1160.8,7.6412818745692626
2013,en la entidad financiera,Lugar de nacimiento,Resto de España,2,Igual catalán que castellano,2,135.2,1410.8,9.583215197051317
2013,en la entidad financiera,Lugar de nacimiento,Resto de España,2,Más castellano que catalán,3,121.1,1410.8,8.58378225120499
2013,en la entidad financiera,Lugar de nacimiento,Resto de España,2,Más catalán que castellano,1,71.1,1410.8,5.039693790757017
2013,en la entidad financiera,Lugar de nacimiento,Resto de España,2,Otras y no consta,5,30.1,1410.8,2.13354125318968
2013,en la entidad financiera,Lugar de nacimiento,Resto de España,2,Solo castellano,4,918.0,1410.8,65.06946413382478
2013,en la entidad financiera,Lugar de nacimiento,Resto de España,2,Solo catalán,0,133.5,1410.8,9.462716189396088
2013,en la entidad financiera,Lugar de nacimiento,total,99,Igual catalán que castellano,2,717.4,6253.8,11.471425373372988
2013,en la entidad financiera,Lugar de nacimiento,total,99,Más castellano que catalán,3,485.5,6253.8,7.76327992580511
2013,en la entidad financiera,Lugar de nacimiento,total,99,Más catalán que castellano,1,722.2,6253.8,11.548178707345933
2013,en la entidad financiera,Lugar de nacimiento,total,99,Otras y no consta,5,189.1,6253.8,3.023761552975791
2013,en la entidad financiera,Lugar de nacimiento,total,99,Solo castellano,4,2220.5,6253.8,35.50641210144232
2013,en la entidad financiera,Lugar de nacimiento,total,99,Solo catalán,0,1918.8,6253.8,30.68214525568454
2018,al contestar al personal médico en la consulta,Lugar de nacimiento,Cataluña,1,Igual catalán que castellano,2,0.0,0.0,
2018,al contestar al personal médico en la consulta,Lugar de nacimiento,Cataluña,1,Más castellano que catalán,3,0.0,0.0,
2018,al contestar al personal médico en la consulta,Lugar de nacimiento,Cataluña,1,Más catalán que castellano,1,0.0,0.0,
2018,al contestar al personal médico en la consulta,Lugar de nacimiento,Cataluña,1,Otras y no consta,5,0.0,0.0,
2018,al contestar al personal médico en la consulta,Lugar de nacimiento,Cataluña,1,Solo castellano,4,0.0,0.0,
2018,al contestar al personal médico en la consulta,Lugar de nacimiento,Cataluña,1,Solo catalán,0,0.0,0.0,
2018,al contestar al personal médico en la consulta,Lugar de nacimiento,Extranjero,3,Igual catalán que castellano,2,0.0,0.0,
2018,al contestar al personal médico en la consulta,Lugar de nacimiento,Extranjero,3,Más castellano que catalán,3,0.0,0.0,
2018,al contestar al personal médico en la consulta,Lugar de nacimiento,Extranjero,3,Más catalán que castellano,1,0.0,0.0,
2018,al contestar al personal médico en la consulta,Lugar de nacimiento,Extranjero,3,Otras y no consta,5,0.0,0.0,
2018,al contestar al personal médico en la consulta,Lugar de nacimiento,Extranjero,3,Solo castellano,4,0.0,0.0,
2018,al contestar al personal médico en la consulta,Lugar de nacimiento,Extranjero,3,Solo catalán,0,0.0,0.0,
2018,al contestar al personal médico en la consulta,Lugar de nacimiento,Resto de España,2,Igual catalán que castellano,2,0.0,0.0,
2018,al contestar al personal médico en la consulta,Lugar de nacimiento,Resto de España,2,Más castellano que catalán,3,0.0,0.0,
2018,al contestar al personal médico en la consulta,Lugar de nacimiento,Resto de España,2,Más catalán que castellano,1,0.0,0.0,
2018,al contestar al personal médico en la consulta,Lugar de nacimiento,Resto de España,2,Otras y no consta,5,0.0,0.0,
2018,al contestar al personal médico en la consulta,Lugar de nacimiento,Resto de España,2,Solo castellano,4,0.0,0.0,
2018,al contestar al personal médico en la consulta,Lugar de nacimiento,Resto de España,2,Solo catalán,0,0.0,0.0,
2018,al contestar al personal médico en la consulta,Lugar de nacimiento,total,99,Igual catalán que castellano,2,0.0,0.0,
2018,al contestar al personal médico en la consulta,Lugar de nacimiento,total,99,Más castellano que catalán,3,0.0,0.0,
2018,al contestar al personal médico en la consulta,Lugar de nacimiento,total,99,Más catalán que castellano,1,0.0,0.0,
2018,al contestar al personal médico en la consulta,Lugar de nacimiento,total,99,Otras y no consta,5,0.0,0.0,
2018,al contestar al personal médico en la consulta,Lugar de nacimiento,total,99,Solo castellano,4,0.0,0.0,
2018,al contestar al personal médico en la consulta,Lugar de nacimiento,total,99,Solo catalán,0,0.0,0.0,
2018,al escribir mensajes de móvil,Lugar de nacimiento,Cataluña,1,Igual catalán que castellano,2,692.7,3820.0,18.13350785340314
2018,al escribir mensajes de móvil,Lugar de nacimiento,Cataluña,1,Más castellano que catalán,3,469.4,3820.0,12.287958115183246
2018,al escribir mensajes de móvil,Lugar de nacimiento,Cataluña,1,Más catalán que castellano,1,699.7,3820.0,18.31675392670157
2018,al escribir mensajes de móvil,Lugar de nacimiento,Cataluña,1,Otras y no consta,5,444.09999999999997,3820.0,11.62565445026178
2018,al escribir mensajes de móvil,Lugar de nacimiento,Cataluña,1,Solo castellano,4,793.7,3820.0,20.777486910994767
2018,al escribir mensajes de móvil,Lugar de nacimiento,Cataluña,1,Solo catalán,0,719.0,3820.0,18.82198952879581
2018,al escribir mensajes de móvil,Lugar de nacimiento,Extranjero,3,Igual catalán que castellano,2,84.8,1292.8,6.5594059405940595
2018,al escribir mensajes de móvil,Lugar de nacimiento,Extranjero,3,Más castellano que catalán,3,98.2,1292.8,7.595915841584159
2018,al escribir mensajes de móvil,Lugar de nacimiento,Extranjero,3,Más catalán que castellano,1,17.1,1292.8,1.322710396039604
2018,al escribir mensajes de móvil,Lugar de nacimiento,Extranjero,3,Otras y no consta,5,428.29999999999995,1292.8,33.12964108910891
2018,al escribir mensajes de móvil,Lugar de nacimiento,Extranjero,3,Solo castellano,4,639.0,1292.8,49.42759900990099
2018,al escribir mensajes de móvil,Lugar de nacimiento,Extranjero,3,Solo catalán,0,13.3,1292.8,1.0287747524752475
2018,al escribir mensajes de móvil,Lugar de nacimiento,Resto de España,2,Igual catalán que castellano,2,86.9,1273.7,6.8226426945120515
2018,al escribir mensajes de móvil,Lugar de nacimiento,Resto de España,2,Más castellano que catalán,3,88.4,1273.7,6.940409829630212
2018,al escribir mensajes de móvil,Lugar de nacimiento,Resto de España,2,Más catalán que castellano,1,34.8,1273.7,2.7321975347413043
2018,al escribir mensajes de móvil,Lugar de nacimiento,Resto de España,2,Otras y no consta,5,361.3,1273.7,28.366177278794062
2018,al escribir mensajes de móvil,Lugar de nacimiento,Resto de España,2,Solo castellano,4,666.5,1273.7,52.327863704168955
2018,al escribir mensajes de móvil,Lugar de nacimiento,Resto de España,2,Solo catalán,0,23.8,1273.7,1.8685718772081337
2018,al escribir mensajes de móvil,Lugar de nacimiento,total,99,Igual catalán que castellano,2,864.3,6386.6,13.533022265368114
2018,al escribir mensajes de móvil,Lugar de nacimiento,total,99,Más castellano que catalán,3,656.0,6386.6,10.271505965615507
2018,al escribir mensajes de móvil,Lugar de nacimiento,total,99,Más catalán que castellano,1,751.6,6386.6,11.768390066702157
2018,al escribir mensajes de móvil,Lugar de nacimiento,total,99,Otras y no consta,5,1259.5,6386.6,19.72097829831209
2018,al escribir mensajes de móvil,Lugar de nacimiento,total,99,Solo castellano,4,2099.2,6386.6,32.86881908996962
2018,al escribir mensajes de móvil,Lugar de nacimiento,total,99,Solo catalán,0,756.1,6386.6,11.838850092380921
2018,al hacer publicaciones en las redes sociales,Lugar de nacimiento,Cataluña,1,Igual catalán que castellano,2,0.0,0.0,
2018,al hacer publicaciones en las redes sociales,Lugar de nacimiento,Cataluña,1,Más castellano que catalán,3,0.0,0.0,
2018,al hacer publicaciones en las redes sociales,Lugar de nacimiento,Cataluña,1,Más catalán que castellano,1,0.0,0.0,
2018,al hacer publicaciones en las redes sociales,Lugar de nacimiento,Cataluña,1,Otras y no consta,5,0.0,0.0,
2018,al hacer publicaciones en las redes sociales,Lugar de nacimiento,Cataluña,1,Solo castellano,4,0.0,0.0,
2018,al hacer publicaciones en las redes sociales,Lugar de nacimiento,Cataluña,1,Solo catalán,0,0.0,0.0,
2018,al hacer publicaciones en las redes sociales,Lugar de nacimiento,Extranjero,3,Igual catalán que castellano,2,0.0,0.0,
2018,al hacer publicaciones en las redes sociales,Lugar de nacimiento,Extranjero,3,Más castellano que catalán,3,0.0,0.0,
2018,al hacer publicaciones en las redes sociales,Lugar de nacimiento,Extranjero,3,Más catalán que castellano,1,0.0,0.0,
2018,al hacer publicaciones en las redes sociales,Lugar de nacimiento,Extranjero,3,Otras y no consta,5,0.0,0.0,
2018,al hacer publicaciones en las redes sociales,Lugar de nacimiento,Extranjero,3,Solo castellano,4,0.0,0.0,
2018,al hacer publicaciones en las redes sociales,Lugar de nacimiento,Extranjero,3,Solo catalán,0,0.0,0.0,
2018,al hacer publicaciones en las redes sociales,Lugar de nacimiento,Resto de España,2,Igual catalán que castellano,2,0.0,0.0,
2018,al hacer publicaciones en las redes sociales,Lugar de nacimiento,Resto de España,2,Más castellano que catalán,3,0.0,0.0,
2018,al hacer publicaciones en las redes sociales,Lugar de nacimiento,Resto de España,2,Más catalán que castellano,1,0.0,0.0,
2018,al hacer publicaciones en las redes sociales,Lugar de nacimiento,Resto de España,2,Otras y no consta,5,0.0,0.0,
2018,al hacer publicaciones en las redes sociales,Lugar de nacimiento,Resto de España,2,Solo castellano,4,0.0,0.0,
2018,al hacer publicaciones en las redes sociales,Lugar de nacimiento,Resto de España,2,Solo catalán,0,0.0,0.0,
2018,al hacer publicaciones en las redes sociales,Lugar de nacimiento,total,99,Igual catalán que castellano,2,0.0,0.0,
2018,al hacer publicaciones en las redes sociales,Lugar de nacimiento,total,99,Más castellano que catalán,3,0.0,0.0,
2018,al hacer publicaciones en las redes sociales,Lugar de nacimiento,total,99,Más catalán que castellano,1,0.0,0.0,
2018,al hacer publicaciones en las redes sociales,Lugar de nacimiento,total,99,Otras y no consta,5,0.0,0.0,
2018,al hacer publicaciones en las redes sociales,Lugar de nacimiento,total,99,Solo castellano,4,0.0,0.0,
2018,al hacer publicaciones en las redes sociales,Lugar de nacimiento,total,99,Solo catalán,0,0.0,0.0,
2018,con el personal de un restaurante o bar,Lugar de nacimiento,Cataluña,1,Igual catalán que castellano,2,0.0,0.0,
2018,con el personal de un restaurante o bar,Lugar de nacimiento,Cataluña,1,Más castellano que catalán,3,0.0,0.0,
2018,con el personal de un restaurante o bar,Lugar de nacimiento,Cataluña,1,Más catalán que castellano,1,0.0,0.0,
2018,con el personal de un restaurante o bar,Lugar de nacimiento,Cataluña,1,Otras y no consta,5,0.0,0.0,
2018,con el personal de un restaurante o bar,Lugar de nacimiento,Cataluña,1,Solo castellano,4,0.0,0.0,
2018,con el personal de un restaurante o bar,Lugar de nacimiento,Cataluña,1,Solo catalán,0,0.0,0.0,
2018,con el personal de un restaurante o bar,Lugar de nacimiento,Extranjero,3,Igual catalán que castellano,2,0.0,0.0,
2018,con el personal de un restaurante o bar,Lugar de nacimiento,Extranjero,3,Más castellano que catalán,3,0.0,0.0,
2018,con el personal de un restaurante o bar,Lugar de nacimiento,Extranjero,3,Más catalán que castellano,1,0.0,0.0,
2018,con el personal de un restaurante o bar,Lugar de nacimiento,Extranjero,3,Otras y no consta,5,0.0,0.0,
2018,con el personal de un restaurante o bar,Lugar de nacimiento,Extranjero,3,Solo castellano,4,0.0,0.0,
2018,con el personal de un restaurante o bar,Lugar de nacimiento,Extranjero,3,Solo catalán,0,0.0,0.0,
2018,con el personal de un restaurante o bar,Lugar de nacimiento,Resto de España,2,Igual catalán que castellano,2,0.0,0.0,
2018,con el personal de un restaurante o bar,Lugar de nacimiento,Resto de España,2,Más castellano que catalán,3,0.0,0.0,
2018,con el personal de un restaurante o bar,Lugar de nacimiento,Resto de España,2,Más catalán que castellano,1,0.0,0.0,
2018,con el personal de un restaurante o bar,Lugar de nacimiento,Resto de España,2,Otras y no consta,5,0.0,0.0,
2018,con el personal de un restaurante o bar,Lugar de nacimiento,Resto de España,2,Solo castellano,4,0.0,0.0,
2018,con el personal de un restaurante o bar,Lugar de nacimiento,Resto de España,2,Solo catalán,0,0.0,0.0,
2018,con el personal de un restaurante o bar,Lugar de nacimiento,total,99,Igual catalán que castellano,2,0.0,0.0,
2018,con el personal de un restaurante o bar,Lugar de nacimiento,total,99,Más castellano que catalán,3,0.0,0.0,
2018,con el personal de un restaurante o bar,Lugar de nacimiento,total,99,Más catalán que castellano,1,0.0,0.0,
2018,con el personal de un restaurante o bar,Lugar de nacimiento,total,99,Otras y no consta,5,0.0,0.0,
2018,con el personal de un restaurante o bar,Lugar de nacimiento,total,99,Solo castellano,4,0.0,0.0,
2018,con el personal de un restaurante o bar,Lugar de nacimiento,total,99,Solo catalán,0,0.0,0.0,
2018,con el personal médico,Lugar de nacimiento,Cataluña,1,Igual catalán que castellano,2,672.8,3820.0,17.612565445026178
2018,con el personal médico,Lugar de nacimiento,Cataluña,1,Más castellano que catalán,3,255.8,3820.0,6.696335078534031
2018,con el personal médico,Lugar de nacimiento,Cataluña,1,Más catalán que castellano,1,702.2,3820.0,18.382198952879584
2018,con el personal médico,Lugar de nacimiento,Cataluña,1,Otras y no consta,5,38.6,3820.0,1.0104712041884816
2018,con el personal médico,Lugar de nacimiento,Cataluña,1,Solo castellano,4,669.8,3820.0,17.534031413612563
2018,con el personal médico,Lugar de nacimiento,Cataluña,1,Solo catalán,0,1479.3,3820.0,38.725130890052355
2018,con el personal médico,Lugar de nacimiento,Extranjero,3,Igual catalán que castellano,2,99.4,1292.8,7.6887376237623775
2018,con el personal médico,Lugar de nacimiento,Extranjero,3,Más castellano que catalán,3,92.8,1292.8,7.1782178217821775
2018,con el personal médico,Lugar de nacimiento,Extranjero,3,Más catalán que castellano,1,44.1,1292.8,3.4112004950495054
2018,con el personal médico,Lugar de nacimiento,Extranjero,3,Otras y no consta,5,16.8,1292.8,1.2995049504950495
2018,con el personal médico,Lugar de nacimiento,Extranjero,3,Solo castellano,4,933.3,1292.8,72.1921410891089
2018,con el personal médico,Lugar de nacimiento,Extranjero,3,Solo catalán,0,81.2,1292.8,6.280940594059406
2018,con el personal médico,Lugar de nacimiento,Resto de España,2,Igual catalán que castellano,2,152.1,1273.7,11.941587500981392
2018,con el personal médico,Lugar de nacimiento,Resto de España,2,Más castellano que catalán,3,86.9,1273.7,6.8226426945120515
2018,con el personal médico,Lugar de nacimiento,Resto de España,2,Más catalán que castellano,1,57.2,1273.7,4.49085341917249
2018,con el personal médico,Lugar de nacimiento,Resto de España,2,Otras y no consta,5,0.0,1273.7,0.0
2018,con el personal médico,Lugar de nacimiento,Resto de España,2,Solo castellano,4,846.2,1273.7,66.43636649132449
2018,con el personal médico,Lugar de nacimiento,Resto de España,2,Solo catalán,0,125.1,1273.7,9.821779068854518
2018,con el personal médico,Lugar de nacimiento,total,99,Igual catalán que castellano,2,924.3,6386.6,14.472489274418313
2018,con el personal médico,Lugar de nacimiento,total,99,Más castellano que catalán,3,435.5,6386.6,6.8189647073560264
2018,con el personal médico,Lugar de nacimiento,total,99,Más catalán que castellano,1,803.4,6386.6,12.57946325118216
2018,con el personal médico,Lugar de nacimiento,total,99,Otras y no consta,5,86.5,6386.6,1.3543982713807032
2018,con el personal médico,Lugar de nacimiento,total,99,Solo castellano,4,2449.3,6386.6,38.350609087777535
2018,con el personal médico,Lugar de nacimiento,total,99,Solo catalán,0,1685.6,6386.6,26.39275984091692
2018,con la Administración de la Generalitat de Catalunya,Lugar de nacimiento,Cataluña,1,Igual catalán que castellano,2,314.5,3820.0,8.232984293193716
2018,con la Administración de la Generalitat de Catalunya,Lugar de nacimiento,Cataluña,1,Más castellano que catalán,3,143.8,3820.0,3.7643979057591626
2018,con la Administración de la Generalitat de Catalunya,Lugar de nacimiento,Cataluña,1,Más catalán que castellano,1,433.2,3820.0,11.340314136125654
2018,con la Administración de la Generalitat de Catalunya,Lugar de nacimiento,Cataluña,1,Otras y no consta,5,475.7,3820.0,12.452879581151832
2018,con la Administración de la Generalitat de Catalunya,Lugar de nacimiento,Cataluña,1,Solo castellano,4,397.6,3820.0,10.408376963350786
2018,con la Administración de la Generalitat de Catalunya,Lugar de nacimiento,Cataluña,1,Solo catalán,0,2054.8,3820.0,53.790575916230374
2018,con la Administración de la Generalitat de Catalunya,Lugar de nacimiento,Extranjero,3,Igual catalán que castellano,2,76.6,1292.8,5.925123762376237
2018,con la Administración de la Generalitat de Catalunya,Lugar de nacimiento,Extranjero,3,Más castellano que catalán,3,83.7,1292.8,6.474319306930694
2018,con la Administración de la Generalitat de Catalunya,Lugar de nacimiento,Extranjero,3,Más catalán que castellano,1,56.2,1292.8,4.347153465346535
2018,con la Administración de la Generalitat de Catalunya,Lugar de nacimiento,Extranjero,3,Otras y no consta,5,126.8,1292.8,9.808168316831683
2018,con la Administración de la Generalitat de Catalunya,Lugar de nacimiento,Extranjero,3,Solo castellano,4,798.5,1292.8,61.76516089108911
2018,con la Administración de la Generalitat de Catalunya,Lugar de nacimiento,Extranjero,3,Solo catalán,0,142.7,1292.8,11.038056930693068
2018,con la Administración de la Generalitat de Catalunya,Lugar de nacimiento,Resto de España,2,Igual catalán que castellano,2,105.3,1273.7,8.267252885294809
2018,con la Administración de la Generalitat de Catalunya,Lugar de nacimiento,Resto de España,2,Más castellano que catalán,3,84.8,1273.7,6.657768705346627
2018,con la Administración de la Generalitat de Catalunya,Lugar de nacimiento,Resto de España,2,Más catalán que castellano,1,47.9,1273.7,3.7606971814398995
2018,con la Administración de la Generalitat de Catalunya,Lugar de nacimiento,Resto de España,2,Otras y no consta,5,196.7,1273.7,15.44319698516134
2018,con la Administración de la Generalitat de Catalunya,Lugar de nacimiento,Resto de España,2,Solo castellano,4,647.8,1273.7,50.85970008636256
2018,con la Administración de la Generalitat de Catalunya,Lugar de nacimiento,Resto de España,2,Solo catalán,0,191.1,1273.7,15.003533014053543
2018,con la Administración de la Generalitat de Catalunya,Lugar de nacimiento,total,99,Igual catalán que castellano,2,496.5,6386.6,7.774089499890395
2018,con la Administración de la Generalitat de Catalunya,Lugar de nacimiento,total,99,Más castellano que catalán,3,312.3,6386.6,4.889925782106285
2018,con la Administración de la Generalitat de Catalunya,Lugar de nacimiento,total,99,Más catalán que castellano,1,537.3,6386.6,8.41292706604453
2018,con la Administración de la Generalitat de Catalunya,Lugar de nacimiento,total,99,Otras y no consta,5,799.2,6386.6,12.51370056054865
2018,con la Administración de la Generalitat de Catalunya,Lugar de nacimiento,total,99,Solo castellano,4,1843.8,6386.6,28.86982118811261
2018,con la Administración de la Generalitat de Catalunya,Lugar de nacimiento,total,99,Solo catalán,0,2388.5,6386.6,37.39861585194
2018,con la Administración del Estado en Cataluña,Lugar de nacimiento,Cataluña,1,Igual catalán que castellano,2,633.2,3820.0,16.575916230366495
2018,con la Administración del Estado en Cataluña,Lugar de nacimiento,Cataluña,1,Más castellano que catalán,3,372.3,3820.0,9.74607329842932
2018,con la Administración del Estado en Cataluña,Lugar de nacimiento,Cataluña,1,Más catalán que castellano,1,642.1,3820.0,16.80890052356021
2018,con la Administración del Estado en Cataluña,Lugar de nacimiento,Cataluña,1,Otras y no consta,5,284.4,3820.0,7.445026178010471
2018,con la Administración del Estado en Cataluña,Lugar de nacimiento,Cataluña,1,Solo castellano,4,783.0,3820.0,20.49738219895288
2018,con la Administración del Estado en Cataluña,Lugar de nacimiento,Cataluña,1,Solo catalán,0,1104.7,3820.0,28.918848167539267
2018,con la Administración del Estado en Cataluña,Lugar de nacimiento,Extranjero,3,Igual catalán que castellano,2,90.0,1292.8,6.961633663366337
2018,con la Administración del Estado en Cataluña,Lugar de nacimiento,Extranjero,3,Más castellano que catalán,3,92.5,1292.8,7.155012376237623
2018,con la Administración del Estado en Cataluña,Lugar de nacimiento,Extranjero,3,Más catalán que castellano,1,39.8,1292.8,3.078589108910891
2018,con la Administración del Estado en Cataluña,Lugar de nacimiento,Extranjero,3,Otras y no consta,5,64.2,1292.8,4.965965346534654
2018,con la Administración del Estado en Cataluña,Lugar de nacimiento,Extranjero,3,Solo castellano,4,915.3,1292.8,70.79981435643565
2018,con la Administración del Estado en Cataluña,Lugar de nacimiento,Extranjero,3,Solo catalán,0,80.3,1292.8,6.211324257425742
2018,con la Administración del Estado en Cataluña,Lugar de nacimiento,Resto de España,2,Igual catalán que castellano,2,144.4,1273.7,11.337049540708174
2018,con la Administración del Estado en Cataluña,Lugar de nacimiento,Resto de España,2,Más castellano que catalán,3,107.0,1273.7,8.40072230509539
2018,con la Administración del Estado en Cataluña,Lugar de nacimiento,Resto de España,2,Más catalán que castellano,1,55.3,1273.7,4.341681714689487
2018,con la Administración del Estado en Cataluña,Lugar de nacimiento,Resto de España,2,Otras y no consta,5,81.5,1273.7,6.398681008086676
2018,con la Administración del Estado en Cataluña,Lugar de nacimiento,Resto de España,2,Solo castellano,4,787.3,1273.7,61.81204365235141
2018,con la Administración del Estado en Cataluña,Lugar de nacimiento,Resto de España,2,Solo catalán,0,98.2,1273.7,7.709821779068854
2018,con la Administración del Estado en Cataluña,Lugar de nacimiento,total,99,Igual catalán que castellano,2,867.6,6386.6,13.584692950865875
2018,con la Administración del Estado en Cataluña,Lugar de nacimiento,total,99,Más castellano que catalán,3,571.8,6386.6,8.953120596248395
2018,con la Administración del Estado en Cataluña,Lugar de nacimiento,total,99,Más catalán que castellano,1,737.1,6386.6,11.541352206181694
2018,con la Administración del Estado en Cataluña,Lugar de nacimiento,total,99,Otras y no consta,5,430.1,6386.6,6.734412676541508
2018,con la Administración del Estado en Cataluña,Lugar de nacimiento,total,99,Solo castellano,4,2485.6,6386.6,38.9189866282529
2018,con la Administración del Estado en Cataluña,Lugar de nacimiento,total,99,Solo catalán,0,1283.1,6386.6,20.0905019885385
2018,con la Administración local,Lugar de nacimiento,Cataluña,1,Igual catalán que castellano,2,380.5,3820.0,9.960732984293195
2018,con la Administración local,Lugar de nacimiento,Cataluña,1,Más castellano que catalán,3,185.0,3820.0,4.842931937172775
2018,con la Administración local,Lugar de nacimiento,Cataluña,1,Más catalán que castellano,1,506.0,3820.0,13.24607329842932
2018,con la Administración local,Lugar de nacimiento,Cataluña,1,Otras y no consta,5,233.79999999999998,3820.0,6.120418848167539
2018,con la Administración local,Lugar de nacimiento,Cataluña,1,Solo castellano,4,435.3,3820.0,11.395287958115183
2018,con la Administración local,Lugar de nacimiento,Cataluña,1,Solo catalán,0,2079.3,3820.0,54.431937172774866
2018,con la Administración local,Lugar de nacimiento,Extranjero,3,Igual catalán que castellano,2,78.2,1292.8,6.048886138613862
2018,con la Administración local,Lugar de nacimiento,Extranjero,3,Más castellano que catalán,3,95.7,1292.8,7.402537128712872
2018,con la Administración local,Lugar de nacimiento,Extranjero,3,Más catalán que castellano,1,59.7,1292.8,4.617883663366337
2018,con la Administración local,Lugar de nacimiento,Extranjero,3,Otras y no consta,5,62.3,1292.8,4.818997524752476
2018,con la Administración local,Lugar de nacimiento,Extranjero,3,Solo castellano,4,839.9,1292.8,64.96751237623762
2018,con la Administración local,Lugar de nacimiento,Extranjero,3,Solo catalán,0,144.8,1292.8,11.200495049504951
2018,con la Administración local,Lugar de nacimiento,Resto de España,2,Igual catalán que castellano,2,124.5,1273.7,9.774672214807254
2018,con la Administración local,Lugar de nacimiento,Resto de España,2,Más castellano que catalán,3,102.7,1273.7,8.063123184423333
2018,con la Administración local,Lugar de nacimiento,Resto de España,2,Más catalán que castellano,1,48.5,1273.7,3.8078040354871634
2018,con la Administración local,Lugar de nacimiento,Resto de España,2,Otras y no consta,5,86.6,1273.7,6.7990892674884185
2018,con la Administración local,Lugar de nacimiento,Resto de España,2,Solo castellano,4,710.5,1273.7,55.782366334301635
2018,con la Administración local,Lugar de nacimiento,Resto de España,2,Solo catalán,0,198.9,1273.7,15.615922116667974
2018,con la Administración local,Lugar de nacimiento,total,99,Igual catalán que castellano,2,583.2,6386.6,9.131619327967933
2018,con la Administración local,Lugar de nacimiento,total,99,Más castellano que catalán,3,383.4,6386.6,6.00319418783077
2018,con la Administración local,Lugar de nacimiento,total,99,Más catalán que castellano,1,614.3,6386.6,9.618576394325618
2018,con la Administración local,Lugar de nacimiento,total,99,Otras y no consta,5,395.1,6386.6,6.186390254595559
2018,con la Administración local,Lugar de nacimiento,total,99,Solo castellano,4,1985.7,6386.6,31.09166066451633
2018,con la Administración local,Lugar de nacimiento,total,99,Solo catalán,0,2422.9,6386.6,37.937243603795444
2018,con la policía local o Mossos d'Esquadra,Lugar de nacimiento,Cataluña,1,Igual catalán que castellano,2,0.0,0.0,
2018,con la policía local o Mossos d'Esquadra,Lugar de nacimiento,Cataluña,1,Más castellano que catalán,3,0.0,0.0,
2018,con la policía local o Mossos d'Esquadra,Lugar de nacimiento,Cataluña,1,Más catalán que castellano,1,0.0,0.0,
2018,con la policía local o Mossos d'Esquadra,Lugar de nacimiento,Cataluña,1,Otras y no consta,5,0.0,0.0,
2018,con la policía local o Mossos d'Esquadra,Lugar de nacimiento,Cataluña,1,Solo castellano,4,0.0,0.0,
2018,con la policía local o Mossos d'Esquadra,Lugar de nacimiento,Cataluña,1,Solo catalán,0,0.0,0.0,
2018,con la policía local o Mossos d'Esquadra,Lugar de nacimiento,Extranjero,3,Igual catalán que castellano,2,0.0,0.0,
2018,con la policía local o Mossos d'Esquadra,Lugar de nacimiento,Extranjero,3,Más castellano que catalán,3,0.0,0.0,
2018,con la policía local o Mossos d'Esquadra,Lugar de nacimiento,Extranjero,3,Más catalán que castellano,1,0.0,0.0,
2018,con la policía local o Mossos d'Esquadra,Lugar de nacimiento,Extranjero,3,Otras y no consta,5,0.0,0.0,
2018,con la policía local o Mossos d'Esquadra,Lugar de nacimiento,Extranjero,3,Solo castellano,4,0.0,0.0,
2018,con la policía local o Mossos d'Esquadra,Lugar de nacimiento,Extranjero,3,Solo catalán,0,0.0,0.0,
2018,con la policía local o Mossos d'Esquadra,Lugar de nacimiento,Resto de España,2,Igual catalán que castellano,2,0.0,0.0,
2018,con la policía local o Mossos d'Esquadra,Lugar de nacimiento,Resto de España,2,Más castellano que catalán,3,0.0,0.0,
2018,con la policía local o Mossos d'Esquadra,Lugar de nacimiento,Resto de España,2,Más catalán que castellano,1,0.0,0.0,
2018,con la policía local o Mossos d'Esquadra,Lugar de nacimiento,Resto de España,2,Otras y no consta,5,0.0,0.0,
2018,con la policía local o Mossos d'Esquadra,Lugar de nacimiento,Resto de España,2,Solo castellano,4,0.0,0.0,
2018,con la policía local o Mossos d'Esquadra,Lugar de nacimiento,Resto de España,2,Solo catalán,0,0.0,0.0,
2018,con la policía local o Mossos d'Esquadra,Lugar de nacimiento,total,99,Igual catalán que castellano,2,0.0,0.0,
2018,con la policía local o Mossos d'Esquadra,Lugar de nacimiento,total,99,Más castellano que catalán,3,0.0,0.0,
2018,con la policía local o Mossos d'Esquadra,Lugar de nacimiento,total,99,Más catalán que castellano,1,0.0,0.0,
2018,con la policía local o Mossos d'Esquadra,Lugar de nacimiento,total,99,Otras y no consta,5,0.0,0.0,
2018,con la policía local o Mossos d'Esquadra,Lugar de nacimiento,total,99,Solo castellano,4,0.0,0.0,
2018,con la policía local o Mossos d'Esquadra,Lugar de nacimiento,total,99,Solo catalán,0,0.0,0.0,
2018,con los amigos,Lugar de nacimiento,Cataluña,1,Igual catalán que castellano,2,847.6,3820.0,22.188481675392673
2018,con los amigos,Lugar de nacimiento,Cataluña,1,Más castellano que catalán,3,530.8,3820.0,13.895287958115182
2018,con los amigos,Lugar de nacimiento,Cataluña,1,Más catalán que castellano,1,951.7,3820.0,24.91361256544503
2018,con los amigos,Lugar de nacimiento,Cataluña,1,Otras y no consta,5,99.2,3820.0,2.5968586387434556
2018,con los amigos,Lugar de nacimiento,Cataluña,1,Solo castellano,4,593.6,3820.0,15.539267015706807
2018,con los amigos,Lugar de nacimiento,Cataluña,1,Solo catalán,0,795.8,3820.0,20.83246073298429
2018,con los amigos,Lugar de nacimiento,Extranjero,3,Igual catalán que castellano,2,95.2,1292.8,7.363861386138614
2018,con los amigos,Lugar de nacimiento,Extranjero,3,Más castellano que catalán,3,141.2,1292.8,10.922029702970297
2018,con los amigos,Lugar de nacimiento,Extranjero,3,Más catalán que castellano,1,32.6,1292.8,2.5216584158415842
2018,con los amigos,Lugar de nacimiento,Extranjero,3,Otras y no consta,5,483.5,1292.8,37.39944306930693
2018,con los amigos,Lugar de nacimiento,Extranjero,3,Solo castellano,4,513.6,1292.8,39.72772277227723
2018,con los amigos,Lugar de nacimiento,Extranjero,3,Solo catalán,0,18.9,1292.8,1.4619430693069306
2018,con los amigos,Lugar de nacimiento,Resto de España,2,Igual catalán que castellano,2,229.0,1273.7,17.97911596137238
2018,con los amigos,Lugar de nacimiento,Resto de España,2,Más castellano que catalán,3,162.5,1273.7,12.758106304467297
2018,con los amigos,Lugar de nacimiento,Resto de España,2,Más catalán que castellano,1,66.5,1273.7,5.22100965690508
2018,con los amigos,Lugar de nacimiento,Resto de España,2,Otras y no consta,5,23.8,1273.7,1.8685718772081337
2018,con los amigos,Lugar de nacimiento,Resto de España,2,Solo castellano,4,740.5,1273.7,58.13770903666483
2018,con los amigos,Lugar de nacimiento,Resto de España,2,Solo catalán,0,39.8,1273.7,3.1247546518018368
2018,con los amigos,Lugar de nacimiento,total,99,Igual catalán que castellano,2,1171.7,6386.6,18.346224908401968
2018,con los amigos,Lugar de nacimiento,total,99,Más castellano que catalán,3,834.5,6386.6,13.066420317539848
2018,con los amigos,Lugar de nacimiento,total,99,Más catalán que castellano,1,1050.8,6386.6,16.453198885165815
2018,con los amigos,Lugar de nacimiento,total,99,Otras y no consta,5,627.4,6386.6,9.823693357968246
2018,con los amigos,Lugar de nacimiento,total,99,Solo castellano,4,1847.6,6386.6,28.92932076535245
2018,con los amigos,Lugar de nacimiento,total,99,Solo catalán,0,854.6,6386.6,13.381141765571666
2018,con los compañeros de deporte,Lugar de nacimiento,Cataluña,1,Igual catalán que castellano,2,0.0,0.0,
2018,con los compañeros de deporte,Lugar de nacimiento,Cataluña,1,Más castellano que catalán,3,0.0,0.0,
2018,con los compañeros de deporte,Lugar de nacimiento,Cataluña,1,Más catalán que castellano,1,0.0,0.0,
2018,con los compañeros de deporte,Lugar de nacimiento,Cataluña,1,Otras y no consta,5,0.0,0.0,
2018,con los compañeros de deporte,Lugar de nacimiento,Cataluña,1,Solo castellano,4,0.0,0.0,
2018,con los compañeros de deporte,Lugar de nacimiento,Cataluña,1,Solo catalán,0,0.0,0.0,
2018,con los compañeros de deporte,Lugar de nacimiento,Extranjero,3,Igual catalán que castellano,2,0.0,0.0,
2018,con los compañeros de deporte,Lugar de nacimiento,Extranjero,3,Más castellano que catalán,3,0.0,0.0,
2018,con los compañeros de deporte,Lugar de nacimiento,Extranjero,3,Más catalán que castellano,1,0.0,0.0,
2018,con los compañeros de deporte,Lugar de nacimiento,Extranjero,3,Otras y no consta,5,0.0,0.0,
2018,con los compañeros de deporte,Lugar de nacimiento,Extranjero,3,Solo castellano,4,0.0,0.0,
2018,con los compañeros de deporte,Lugar de nacimiento,Extranjero,3,Solo catalán,0,0.0,0.0,
2018,con los compañeros de deporte,Lugar de nacimiento,Resto de España,2,Igual catalán que castellano,2,0.0,0.0,
2018,con los compañeros de deporte,Lugar de nacimiento,Resto de España,2,Más castellano que catalán,3,0.0,0.0,
2018,con los compañeros de deporte,Lugar de nacimiento,Resto de España,2,Más catalán que castellano,1,0.0,0.0,
2018,con los compañeros de deporte,Lugar de nacimiento,Resto de España,2,Otras y no consta,5,0.0,0.0,
2018,con los compañeros de deporte,Lugar de nacimiento,Resto de España,2,Solo castellano,4,0.0,0.0,
2018,con los compañeros de deporte,Lugar de nacimiento,Resto de España,2,Solo catalán,0,0.0,0.0,
2018,con los compañeros de deporte,Lugar de nacimiento,total,99,Igual catalán que castellano,2,0.0,0.0,
2018,con los compañeros de deporte,Lugar de nacimiento,total,99,Más castellano que catalán,3,0.0,0.0,
2018,con los compañeros de deporte,Lugar de nacimiento,total,99,Más catalán que castellano,1,0.0,0.0,
2018,con los compañeros de deporte,Lugar de nacimiento,total,99,Otras y no consta,5,0.0,0.0,
2018,con los compañeros de deporte,Lugar de nacimiento,total,99,Solo castellano,4,0.0,0.0,
2018,con los compañeros de deporte,Lugar de nacimiento,total,99,Solo catalán,0,0.0,0.0,
2018,con los compañeros de estudio,Lugar de nacimiento,Cataluña,1,Igual catalán que castellano,2,165.0,797.6,20.68706118355065
2018,con los compañeros de estudio,Lugar de nacimiento,Cataluña,1,Más castellano que catalán,3,91.8,797.6,11.509528585757272
2018,con los compañeros de estudio,Lugar de nacimiento,Cataluña,1,Más catalán que castellano,1,169.9,797.6,21.301404212637916
2018,con los compañeros de estudio,Lugar de nacimiento,Cataluña,1,Otras y no consta,5,66.0,797.6,8.27482447342026
2018,con los compañeros de estudio,Lugar de nacimiento,Cataluña,1,Solo castellano,4,117.3,797.6,14.706619859578735
2018,con los compañeros de estudio,Lugar de nacimiento,Cataluña,1,Solo catalán,0,169.6,797.6,21.263791374122366
2018,con los compañeros de estudio,Lugar de nacimiento,Extranjero,3,Igual catalán que castellano,2,33.8,219.2,15.41970802919708
2018,con los compañeros de estudio,Lugar de nacimiento,Extranjero,3,Más castellano que catalán,3,36.3,219.2,16.56021897810219
2018,con los compañeros de estudio,Lugar de nacimiento,Extranjero,3,Más catalán que castellano,1,18.7,219.2,8.531021897810218
2018,con los compañeros de estudio,Lugar de nacimiento,Extranjero,3,Otras y no consta,5,18.6,219.2,8.485401459854016
2018,con los compañeros de estudio,Lugar de nacimiento,Extranjero,3,Solo castellano,4,74.2,219.2,33.85036496350365
2018,con los compañeros de estudio,Lugar de nacimiento,Extranjero,3,Solo catalán,0,20.7,219.2,9.443430656934307
2018,con los compañeros de estudio,Lugar de nacimiento,Resto de España,2,Igual catalán que castellano,2,0.0,67.4,0.0
2018,con los compañeros de estudio,Lugar de nacimiento,Resto de España,2,Más castellano que catalán,3,0.0,67.4,0.0
2018,con los compañeros de estudio,Lugar de nacimiento,Resto de España,2,Más catalán que castellano,1,0.0,67.4,0.0
2018,con los compañeros de estudio,Lugar de nacimiento,Resto de España,2,Otras y no consta,5,0.0,67.4,0.0
2018,con los compañeros de estudio,Lugar de nacimiento,Resto de España,2,Solo castellano,4,24.5,67.4,36.350148367952514
2018,con los compañeros de estudio,Lugar de nacimiento,Resto de España,2,Solo catalán,0,0.0,67.4,0.0
2018,con los compañeros de estudio,Lugar de nacimiento,total,99,Igual catalán que castellano,2,207.6,1084.2,19.14775871610404
2018,con los compañeros de estudio,Lugar de nacimiento,total,99,Más castellano que catalán,3,139.4,1084.2,12.85740638258624
2018,con los compañeros de estudio,Lugar de nacimiento,total,99,Más catalán que castellano,1,196.4,1084.2,18.11473897804833
2018,con los compañeros de estudio,Lugar de nacimiento,total,99,Otras y no consta,5,127.0,1084.2,11.713705958310275
2018,con los compañeros de estudio,Lugar de nacimiento,total,99,Solo castellano,4,216.0,1084.2,19.92252351964582
2018,con los compañeros de estudio,Lugar de nacimiento,total,99,Solo catalán,0,197.8,1084.2,18.243866445305297
2018,con los compañeros de trabajo,Lugar de nacimiento,Cataluña,1,Igual catalán que castellano,2,531.9,2212.8,24.03741865509761
2018,con los compañeros de trabajo,Lugar de nacimiento,Cataluña,1,Más castellano que catalán,3,303.2,2212.8,13.702096890817062
2018,con los compañeros de trabajo,Lugar de nacimiento,Cataluña,1,Más catalán que castellano,1,445.8,2212.8,20.14642082429501
2018,con los compañeros de trabajo,Lugar de nacimiento,Cataluña,1,Otras y no consta,5,126.69999999999999,2212.8,5.725777295733911
2018,con los compañeros de trabajo,Lugar de nacimiento,Cataluña,1,Solo castellano,4,337.0,2212.8,15.229573391178597
2018,con los compañeros de trabajo,Lugar de nacimiento,Cataluña,1,Solo catalán,0,453.2,2212.8,20.480838756326825
2018,con los compañeros de trabajo,Lugar de nacimiento,Extranjero,3,Igual catalán que castellano,2,63.6,736.6,8.634265544393157
2018,con los compañeros de trabajo,Lugar de nacimiento,Extranjero,3,Más castellano que catalán,3,85.0,736.6,11.539505837632365
2018,con los compañeros de trabajo,Lugar de nacimiento,Extranjero,3,Más catalán que castellano,1,27.2,736.6,3.6926418680423567
2018,con los compañeros de trabajo,Lugar de nacimiento,Extranjero,3,Otras y no consta,5,149.7,736.6,20.323106163453705
2018,con los compañeros de trabajo,Lugar de nacimiento,Extranjero,3,Solo castellano,4,372.4,736.6,50.55661145805049
2018,con los compañeros de trabajo,Lugar de nacimiento,Extranjero,3,Solo catalán,0,26.1,736.6,3.543307086614173
2018,con los compañeros de trabajo,Lugar de nacimiento,Resto de España,2,Igual catalán que castellano,2,70.5,353.0,19.97167138810198
2018,con los compañeros de trabajo,Lugar de nacimiento,Resto de España,2,Más castellano que catalán,3,47.3,353.0,13.39943342776204
2018,con los compañeros de trabajo,Lugar de nacimiento,Resto de España,2,Más catalán que castellano,1,25.8,353.0,7.308781869688385
2018,con los compañeros de trabajo,Lugar de nacimiento,Resto de España,2,Otras y no consta,5,22.4,353.0,6.345609065155807
2018,con los compañeros de trabajo,Lugar de nacimiento,Resto de España,2,Solo castellano,4,150.0,353.0,42.492917847025495
2018,con los compañeros de trabajo,Lugar de nacimiento,Resto de España,2,Solo catalán,0,25.6,353.0,7.252124645892352
2018,con los compañeros de trabajo,Lugar de nacimiento,total,99,Igual catalán que castellano,2,666.0,3302.5,20.166540499621497
2018,con los compañeros de trabajo,Lugar de nacimiento,total,99,Más castellano que catalán,3,435.6,3302.5,13.190007570022711
2018,con los compañeros de trabajo,Lugar de nacimiento,total,99,Más catalán que castellano,1,498.7,3302.5,15.100681302043906
2018,con los compañeros de trabajo,Lugar de nacimiento,total,99,Otras y no consta,5,329.9,3302.5,9.989401968205904
2018,con los compañeros de trabajo,Lugar de nacimiento,total,99,Solo castellano,4,859.4,3302.5,26.022710068130205
2018,con los compañeros de trabajo,Lugar de nacimiento,total,99,Solo catalán,0,504.8,3302.5,15.285389856169568
2018,con los miembros del hogar,Lugar de nacimiento,Cataluña,1,Igual catalán que castellano,2,345.3,3463.3,9.970259579014234
2018,con los miembros del hogar,Lugar de nacimiento,Cataluña,1,Más castellano que catalán,3,377.0,3463.3,10.885571564692635
2018,con los miembros del hogar,Lugar de nacimiento,Cataluña,1,Más catalán que castellano,1,278.4,3463.3,8.038575924696097
2018,con los miembros del hogar,Lugar de nacimiento,Cataluña,1,Otras y no consta,5,71.8,3463.3,2.073167210464008
2018,con los miembros del hogar,Lugar de nacimiento,Cataluña,1,Solo castellano,4,909.5,3463.3,26.26108047238183
2018,con los miembros del hogar,Lugar de nacimiento,Cataluña,1,Solo catalán,0,1477.6,3463.3,42.66451072676349
2018,con los miembros del hogar,Lugar de nacimiento,Extranjero,3,Igual catalán que castellano,2,38.4,1221.2,3.1444480838519486
2018,con los miembros del hogar,Lugar de nacimiento,Extranjero,3,Más castellano que catalán,3,84.5,1221.2,6.9194235178512935
2018,con los miembros del hogar,Lugar de nacimiento,Extranjero,3,Más catalán que castellano,1,12.0,1221.2,0.982640026203734
2018,con los miembros del hogar,Lugar de nacimiento,Extranjero,3,Otras y no consta,5,546.1,1221.2,44.71830985915493
2018,con los miembros del hogar,Lugar de nacimiento,Extranjero,3,Solo castellano,4,514.4,1221.2,42.12250245660007
2018,con los miembros del hogar,Lugar de nacimiento,Extranjero,3,Solo catalán,0,20.8,1221.2,1.7032427120864724
2018,con los miembros del hogar,Lugar de nacimiento,Resto de España,2,Igual catalán que castellano,2,61.7,1055.1,5.847786939626577
2018,con los miembros del hogar,Lugar de nacimiento,Resto de España,2,Más castellano que catalán,3,116.5,1055.1,11.041607430575302
2018,con los miembros del hogar,Lugar de nacimiento,Resto de España,2,Más catalán que castellano,1,33.2,1055.1,3.1466211733484983
2018,con los miembros del hogar,Lugar de nacimiento,Resto de España,2,Otras y no consta,5,21.1,1055.1,1.99981044450763
2018,con los miembros del hogar,Lugar de nacimiento,Resto de España,2,Solo castellano,4,742.3,1055.1,70.35352099327078
2018,con los miembros del hogar,Lugar de nacimiento,Resto de España,2,Solo catalán,0,64.6,1055.1,6.122642403563643
2018,con los miembros del hogar,Lugar de nacimiento,total,99,Igual catalán que castellano,2,445.4,5739.5,7.760257862183116
2018,con los miembros del hogar,Lugar de nacimiento,total,99,Más castellano que catalán,3,578.0,5739.5,10.070563637947556
2018,con los miembros del hogar,Lugar de nacimiento,total,99,Más catalán que castellano,1,323.7,5739.5,5.639864099660249
2018,con los miembros del hogar,Lugar de nacimiento,total,99,Otras y no consta,5,653.9,5739.5,11.392978482446207
2018,con los miembros del hogar,Lugar de nacimiento,total,99,Solo castellano,4,2166.2,5739.5,37.74196358567819
2018,con los miembros del hogar,Lugar de nacimiento,total,99,Solo catalán,0,1562.9,5739.5,27.230594999564424
2018,con los vecinos,Lugar de nacimiento,Cataluña,1,Igual catalán que castellano,2,790.4,3820.0,20.69109947643979
2018,con los vecinos,Lugar de nacimiento,Cataluña,1,Más castellano que catalán,3,437.8,3820.0,11.460732984293195
2018,con los vecinos,Lugar de nacimiento,Cataluña,1,Más catalán que castellano,1,807.8,3820.0,21.14659685863874
2018,con los vecinos,Lugar de nacimiento,Cataluña,1,Otras y no consta,5,81.6,3820.0,2.1361256544502614
2018,con los vecinos,Lugar de nacimiento,Cataluña,1,Solo castellano,4,735.5,3820.0,19.25392670157068
2018,con los vecinos,Lugar de nacimiento,Cataluña,1,Solo catalán,0,964.5,3820.0,25.24869109947644
2018,con los vecinos,Lugar de nacimiento,Extranjero,3,Igual catalán que castellano,2,111.3,1292.8,8.609220297029703
2018,con los vecinos,Lugar de nacimiento,Extranjero,3,Más castellano que catalán,3,123.1,1292.8,9.521967821782178
2018,con los vecinos,Lugar de nacimiento,Extranjero,3,Más catalán que castellano,1,35.9,1292.8,2.7769183168316833
2018,con los vecinos,Lugar de nacimiento,Extranjero,3,Otras y no consta,5,123.4,1292.8,9.545173267326733
2018,con los vecinos,Lugar de nacimiento,Extranjero,3,Solo castellano,4,825.0,1292.8,63.81497524752475
2018,con los vecinos,Lugar de nacimiento,Extranjero,3,Solo catalán,0,54.6,1292.8,4.223391089108911
2018,con los vecinos,Lugar de nacimiento,Resto de España,2,Igual catalán que castellano,2,193.0,1273.7,15.152704718536548
2018,con los vecinos,Lugar de nacimiento,Resto de España,2,Más castellano que catalán,3,135.9,1273.7,10.669702441705269
2018,con los vecinos,Lugar de nacimiento,Resto de España,2,Más catalán que castellano,1,72.5,1273.7,5.692078197377718
2018,con los vecinos,Lugar de nacimiento,Resto de España,2,Otras y no consta,5,0.0,1273.7,0.0
2018,con los vecinos,Lugar de nacimiento,Resto de España,2,Solo castellano,4,802.2,1273.7,62.9818638611918
2018,con los vecinos,Lugar de nacimiento,Resto de España,2,Solo catalán,0,51.7,1273.7,4.059040590405904
2018,con los vecinos,Lugar de nacimiento,total,99,Igual catalán que castellano,2,1094.7,6386.6,17.140575580120878
2018,con los vecinos,Lugar de nacimiento,total,99,Más castellano que catalán,3,696.8,6386.6,10.910343531769641
2018,con los vecinos,Lugar de nacimiento,total,99,Más catalán que castellano,1,916.2,6386.6,14.345661228196535
2018,con los vecinos,Lugar de nacimiento,total,99,Otras y no consta,5,245.39999999999998,6386.6,3.8424200670153126
2018,con los vecinos,Lugar de nacimiento,total,99,Solo castellano,4,2362.7,6386.6,36.994645038048404
2018,con los vecinos,Lugar de nacimiento,total,99,Solo catalán,0,1070.8,6386.6,16.766354554849215
2018,con los órganos judiciales,Lugar de nacimiento,Cataluña,1,Igual catalán que castellano,2,0.0,0.0,
2018,con los órganos judiciales,Lugar de nacimiento,Cataluña,1,Más castellano que catalán,3,0.0,0.0,
2018,con los órganos judiciales,Lugar de nacimiento,Cataluña,1,Más catalán que castellano,1,0.0,0.0,
2018,con los órganos judiciales,Lugar de nacimiento,Cataluña,1,Otras y no consta,5,0.0,0.0,
2018,con los órganos judiciales,Lugar de nacimiento,Cataluña,1,Solo castellano,4,0.0,0.0,
2018,con los órganos judiciales,Lugar de nacimiento,Cataluña,1,Solo catalán,0,0.0,0.0,
2018,con los órganos judiciales,Lugar de nacimiento,Extranjero,3,Igual catalán que castellano,2,0.0,0.0,
2018,con los órganos judiciales,Lugar de nacimiento,Extranjero,3,Más castellano que catalán,3,0.0,0.0,
2018,con los órganos judiciales,Lugar de nacimiento,Extranjero,3,Más catalán que castellano,1,0.0,0.0,
2018,con los órganos judiciales,Lugar de nacimiento,Extranjero,3,Otras y no consta,5,0.0,0.0,
2018,con los órganos judiciales,Lugar de nacimiento,Extranjero,3,Solo castellano,4,0.0,0.0,
2018,con los órganos judiciales,Lugar de nacimiento,Extranjero,3,Solo catalán,0,0.0,0.0,
2018,con los órganos judiciales,Lugar de nacimiento,Resto de España,2,Igual catalán que castellano,2,0.0,0.0,
2018,con los órganos judiciales,Lugar de nacimiento,Resto de España,2,Más castellano que catalán,3,0.0,0.0,
2018,con los órganos judiciales,Lugar de nacimiento,Resto de España,2,Más catalán que castellano,1,0.0,0.0,
2018,con los órganos judiciales,Lugar de nacimiento,Resto de España,2,Otras y no consta,5,0.0,0.0,
2018,con los órganos judiciales,Lugar de nacimiento,Resto de España,2,Solo castellano,4,0.0,0.0,
2018,con los órganos judiciales,Lugar de nacimiento,Resto de España,2,Solo catalán,0,0.0,0.0,
2018,con los órganos judiciales,Lugar de nacimiento,total,99,Igual catalán que castellano,2,0.0,0.0,
2018,con los órganos judiciales,Lugar de nacimiento,total,99,Más castellano que catalán,3,0.0,0.0,
2018,con los órganos judiciales,Lugar de nacimiento,total,99,Más catalán que castellano,1,0.0,0.0,
2018,con los órganos judiciales,Lugar de nacimiento,total,99,Otras y no consta,5,0.0,0.0,
2018,con los órganos judiciales,Lugar de nacimiento,total,99,Solo castellano,4,0.0,0.0,
2018,con los órganos judiciales,Lugar de nacimiento,total,99,Solo catalán,0,0.0,0.0,
2018,con usuarios o clientes de Cataluña,Lugar de nacimiento,Cataluña,1,Igual catalán que castellano,2,667.5,2030.5,32.87367643437577
2018,con usuarios o clientes de Cataluña,Lugar de nacimiento,Cataluña,1,Más castellano que catalán,3,224.5,2030.5,11.056390051711402
2018,con usuarios o clientes de Cataluña,Lugar de nacimiento,Cataluña,1,Más catalán que castellano,1,612.8,2030.5,30.179758680128042
2018,con usuarios o clientes de Cataluña,Lugar de nacimiento,Cataluña,1,Otras y no consta,5,81.4,2030.5,4.008864811622753
2018,con usuarios o clientes de Cataluña,Lugar de nacimiento,Cataluña,1,Solo castellano,4,136.7,2030.5,6.732331937946317
2018,con usuarios o clientes de Cataluña,Lugar de nacimiento,Cataluña,1,Solo catalán,0,291.6,2030.5,14.360994828859889
2018,con usuarios o clientes de Cataluña,Lugar de nacimiento,Extranjero,3,Igual catalán que castellano,2,71.5,621.9,11.497025245216273
2018,con usuarios o clientes de Cataluña,Lugar de nacimiento,Extranjero,3,Más castellano que catalán,3,74.5,621.9,11.979417912847726
2018,con usuarios o clientes de Cataluña,Lugar de nacimiento,Extranjero,3,Más catalán que castellano,1,46.7,621.9,7.509245859462937
2018,con usuarios o clientes de Cataluña,Lugar de nacimiento,Extranjero,3,Otras y no consta,5,86.8,621.9,13.957227850136677
2018,con usuarios o clientes de Cataluña,Lugar de nacimiento,Extranjero,3,Solo castellano,4,307.2,621.9,49.39700916546069
2018,con usuarios o clientes de Cataluña,Lugar de nacimiento,Extranjero,3,Solo catalán,0,25.8,621.9,4.148576941630488
2018,con usuarios o clientes de Cataluña,Lugar de nacimiento,Resto de España,2,Igual catalán que castellano,2,84.4,322.0,26.211180124223603
2018,con usuarios o clientes de Cataluña,Lugar de nacimiento,Resto de España,2,Más castellano que catalán,3,51.8,322.0,16.08695652173913
2018,con usuarios o clientes de Cataluña,Lugar de nacimiento,Resto de España,2,Más catalán que castellano,1,45.7,322.0,14.192546583850932
2018,con usuarios o clientes de Cataluña,Lugar de nacimiento,Resto de España,2,Otras y no consta,5,11.4,322.0,3.540372670807453
2018,con usuarios o clientes de Cataluña,Lugar de nacimiento,Resto de España,2,Solo castellano,4,102.0,322.0,31.67701863354037
2018,con usuarios o clientes de Cataluña,Lugar de nacimiento,Resto de España,2,Solo catalán,0,18.7,322.0,5.807453416149068
2018,con usuarios o clientes de Cataluña,Lugar de nacimiento,total,99,Igual catalán que castellano,2,823.4,2974.4,27.682894029047873
2018,con usuarios o clientes de Cataluña,Lugar de nacimiento,total,99,Más castellano que catalán,3,350.8,2974.4,11.793975255513717
2018,con usuarios o clientes de Cataluña,Lugar de nacimiento,total,99,Más catalán que castellano,1,705.2,2974.4,23.708983324367942
2018,con usuarios o clientes de Cataluña,Lugar de nacimiento,total,99,Otras y no consta,5,213.0,2974.4,7.161108122646584
2018,con usuarios o clientes de Cataluña,Lugar de nacimiento,total,99,Solo castellano,4,545.9,2974.4,18.353281334050564
2018,con usuarios o clientes de Cataluña,Lugar de nacimiento,total,99,Solo catalán,0,336.1,2974.4,11.29975793437332
2018,en el centro de culto,Lugar de nacimiento,Cataluña,1,Igual catalán que castellano,2,0.0,0.0,
2018,en el centro de culto,Lugar de nacimiento,Cataluña,1,Más castellano que catalán,3,0.0,0.0,
2018,en el centro de culto,Lugar de nacimiento,Cataluña,1,Más catalán que castellano,1,0.0,0.0,
2018,en el centro de culto,Lugar de nacimiento,Cataluña,1,Otras y no consta,5,0.0,0.0,
2018,en el centro de culto,Lugar de nacimiento,Cataluña,1,Solo castellano,4,0.0,0.0,
2018,en el centro de culto,Lugar de nacimiento,Cataluña,1,Solo catalán,0,0.0,0.0,
2018,en el centro de culto,Lugar de nacimiento,Extranjero,3,Igual catalán que castellano,2,0.0,0.0,
2018,en el centro de culto,Lugar de nacimiento,Extranjero,3,Más castellano que catalán,3,0.0,0.0,
2018,en el centro de culto,Lugar de nacimiento,Extranjero,3,Más catalán que castellano,1,0.0,0.0,
2018,en el centro de culto,Lugar de nacimiento,Extranjero,3,Otras y no consta,5,0.0,0.0,
2018,en el centro de culto,Lugar de nacimiento,Extranjero,3,Solo castellano,4,0.0,0.0,
2018,en el centro de culto,Lugar de nacimiento,Extranjero,3,Solo catalán,0,0.0,0.0,
2018,en el centro de culto,Lugar de nacimiento,Resto de España,2,Igual catalán que castellano,2,0.0,0.0,
2018,en el centro de culto,Lugar de nacimiento,Resto de España,2,Más castellano que catalán,3,0.0,0.0,
2018,en el centro de culto,Lugar de nacimiento,Resto de España,2,Más catalán que castellano,1,0.0,0.0,
2018,en el centro de culto,Lugar de nacimiento,Resto de España,2,Otras y no consta,5,0.0,0.0,
2018,en el centro de culto,Lugar de nacimiento,Resto de España,2,Solo castellano,4,0.0,0.0,
2018,en el centro de culto,Lugar de nacimiento,Resto de España,2,Solo catalán,0,0.0,0.0,
2018,en el centro de culto,Lugar de nacimiento,total,99,Igual catalán que castellano,2,0.0,0.0,
2018,en el centro de culto,Lugar de nacimiento,total,99,Más castellano que catalán,3,0.0,0.0,
2018,en el centro de culto,Lugar de nacimiento,total,99,Más catalán que castellano,1,0.0,0.0,
2018,en el centro de culto,Lugar de nacimiento,total,99,Otras y no consta,5,0.0,0.0,
2018,en el centro de culto,Lugar de nacimiento,total,99,Solo castellano,4,0.0,0.0,
2018,en el centro de culto,Lugar de nacimiento,total,99,Solo catalán,0,0.0,0.0,
2018,en el gran comercio,Lugar de nacimiento,Cataluña,1,Igual catalán que castellano,2,856.7,3820.0,22.426701570680628
2018,en el gran comercio,Lugar de nacimiento,Cataluña,1,Más castellano que catalán,3,495.4,3820.0,12.968586387434556
2018,en el gran comercio,Lugar de nacimiento,Cataluña,1,Más catalán que castellano,1,877.5,3820.0,22.971204188481675
2018,en el gran comercio,Lugar de nacimiento,Cataluña,1,Otras y no consta,5,63.6,3820.0,1.6649214659685865
2018,en el gran comercio,Lugar de nacimiento,Cataluña,1,Solo castellano,4,564.3,3820.0,14.772251308900522
2018,en el gran comercio,Lugar de nacimiento,Cataluña,1,Solo catalán,0,960.3,3820.0,25.13874345549738
2018,en el gran comercio,Lugar de nacimiento,Extranjero,3,Igual catalán que castellano,2,116.1,1292.8,8.980507425742575
2018,en el gran comercio,Lugar de nacimiento,Extranjero,3,Más castellano que catalán,3,138.6,1292.8,10.720915841584159
2018,en el gran comercio,Lugar de nacimiento,Extranjero,3,Más catalán que castellano,1,53.8,1292.8,4.161509900990099
2018,en el gran comercio,Lugar de nacimiento,Extranjero,3,Otras y no consta,5,38.4,1292.8,2.9702970297029703
2018,en el gran comercio,Lugar de nacimiento,Extranjero,3,Solo castellano,4,888.8,1292.8,68.75
2018,en el gran comercio,Lugar de nacimiento,Extranjero,3,Solo catalán,0,46.5,1292.8,3.596844059405941
2018,en el gran comercio,Lugar de nacimiento,Resto de España,2,Igual catalán que castellano,2,220.0,1273.7,17.27251315066342
2018,en el gran comercio,Lugar de nacimiento,Resto de España,2,Más castellano que catalán,3,127.7,1273.7,10.025908769725996
2018,en el gran comercio,Lugar de nacimiento,Resto de España,2,Más catalán que castellano,1,81.9,1273.7,6.4300855774515195
2018,en el gran comercio,Lugar de nacimiento,Resto de España,2,Otras y no consta,5,22.7,1273.7,1.7822093114548168
2018,en el gran comercio,Lugar de nacimiento,Resto de España,2,Solo castellano,4,738.4,1273.7,57.9728350474994
2018,en el gran comercio,Lugar de nacimiento,Resto de España,2,Solo catalán,0,82.3,1273.7,6.46149014681636
2018,en el gran comercio,Lugar de nacimiento,total,99,Igual catalán que castellano,2,1192.7,6386.6,18.675038361569534
2018,en el gran comercio,Lugar de nacimiento,total,99,Más castellano que catalán,3,761.6,6386.6,11.924967901543857
2018,en el gran comercio,Lugar de nacimiento,total,99,Más catalán que castellano,1,1013.2,6386.6,15.864466226161026
2018,en el gran comercio,Lugar de nacimiento,total,99,Otras y no consta,5,137.1,6386.6,2.1466821156797042
2018,en el gran comercio,Lugar de nacimiento,total,99,Solo castellano,4,2191.5,6386.6,34.314032505558515
2018,en el gran comercio,Lugar de nacimiento,total,99,Solo catalán,0,1089.1,6386.6,17.052891992609524
2018,en el pequeño comercio,Lugar de nacimiento,Cataluña,1,Igual catalán que castellano,2,832.1,3820.0,21.782722513089006
2018,en el pequeño comercio,Lugar de nacimiento,Cataluña,1,Más castellano que catalán,3,369.3,3820.0,9.667539267015707
2018,en el pequeño comercio,Lugar de nacimiento,Cataluña,1,Más catalán que castellano,1,980.4,3820.0,25.664921465968586
2018,en el pequeño comercio,Lugar de nacimiento,Cataluña,1,Otras y no consta,5,36.6,3820.0,0.9581151832460734
2018,en el pequeño comercio,Lugar de nacimiento,Cataluña,1,Solo castellano,4,476.4,3820.0,12.471204188481675
2018,en el pequeño comercio,Lugar de nacimiento,Cataluña,1,Solo catalán,0,1124.0,3820.0,29.42408376963351
2018,en el pequeño comercio,Lugar de nacimiento,Extranjero,3,Igual catalán que castellano,2,120.1,1292.8,9.289913366336632
2018,en el pequeño comercio,Lugar de nacimiento,Extranjero,3,Más castellano que catalán,3,133.0,1292.8,10.287747524752476
2018,en el pequeño comercio,Lugar de nacimiento,Extranjero,3,Más catalán que castellano,1,72.0,1292.8,5.569306930693069
2018,en el pequeño comercio,Lugar de nacimiento,Extranjero,3,Otras y no consta,5,47.099999999999994,1292.8,3.643254950495049
2018,en el pequeño comercio,Lugar de nacimiento,Extranjero,3,Solo castellano,4,853.3,1292.8,66.00402227722772
2018,en el pequeño comercio,Lugar de nacimiento,Extranjero,3,Solo catalán,0,53.8,1292.8,4.161509900990099
2018,en el pequeño comercio,Lugar de nacimiento,Resto de España,2,Igual catalán que castellano,2,210.2,1273.7,16.503101201224776
2018,en el pequeño comercio,Lugar de nacimiento,Resto de España,2,Más castellano que catalán,3,138.7,1273.7,10.889534427259164
2018,en el pequeño comercio,Lugar de nacimiento,Resto de España,2,Más catalán que castellano,1,94.2,1273.7,7.395776085420429
2018,en el pequeño comercio,Lugar de nacimiento,Resto de España,2,Otras y no consta,5,0.0,1273.7,0.0
2018,en el pequeño comercio,Lugar de nacimiento,Resto de España,2,Solo castellano,4,723.7,1273.7,56.81871712334144
2018,en el pequeño comercio,Lugar de nacimiento,Resto de España,2,Solo catalán,0,92.8,1273.7,7.285860092643478
2018,en el pequeño comercio,Lugar de nacimiento,total,99,Igual catalán que castellano,2,1162.4,6386.6,18.20060752199919
2018,en el pequeño comercio,Lugar de nacimiento,total,99,Más castellano que catalán,3,641.0,6386.6,10.036639213352958
2018,en el pequeño comercio,Lugar de nacimiento,total,99,Más catalán que castellano,1,1146.6,6386.6,17.953214542949297
2018,en el pequeño comercio,Lugar de nacimiento,total,99,Otras y no consta,5,112.6,6386.6,1.7630664203175397
2018,en el pequeño comercio,Lugar de nacimiento,total,99,Solo castellano,4,2053.4,6386.6,32.15169260639464
2018,en el pequeño comercio,Lugar de nacimiento,total,99,Solo catalán,0,1270.6,6386.6,19.894779694986376
2018,en la entidad financiera,Lugar de nacimiento,Cataluña,1,Igual catalán que castellano,2,539.1,3820.0,14.11256544502618
2018,en la entidad financiera,Lugar de nacimiento,Cataluña,1,Más castellano que catalán,3,259.2,3820.0,6.785340314136125
2018,en la entidad financiera,Lugar de nacimiento,Cataluña,1,Más catalán que castellano,1,629.4,3820.0,16.476439790575917
2018,en la entidad financiera,Lugar de nacimiento,Cataluña,1,Otras y no consta,5,163.3,3820.0,4.274869109947644
2018,en la entidad financiera,Lugar de nacimiento,Cataluña,1,Solo castellano,4,552.5,3820.0,14.463350785340316
2018,en la entidad financiera,Lugar de nacimiento,Cataluña,1,Solo catalán,0,1676.3,3820.0,43.882198952879584
2018,en la entidad financiera,Lugar de nacimiento,Extranjero,3,Igual catalán que castellano,2,98.3,1292.8,7.603650990099011
2018,en la entidad financiera,Lugar de nacimiento,Extranjero,3,Más castellano que catalán,3,101.8,1292.8,7.874381188118812
2018,en la entidad financiera,Lugar de nacimiento,Extranjero,3,Más catalán que castellano,1,51.3,1292.8,3.9681311881188117
2018,en la entidad financiera,Lugar de nacimiento,Extranjero,3,Otras y no consta,5,54.3,1292.8,4.200185643564357
2018,en la entidad financiera,Lugar de nacimiento,Extranjero,3,Solo castellano,4,881.4,1292.8,68.17759900990099
2018,en la entidad financiera,Lugar de nacimiento,Extranjero,3,Solo catalán,0,89.2,1292.8,6.899752475247525
2018,en la entidad financiera,Lugar de nacimiento,Resto de España,2,Igual catalán que castellano,2,154.9,1273.7,12.16141948653529
2018,en la entidad financiera,Lugar de nacimiento,Resto de España,2,Más castellano que catalán,3,85.6,1273.7,6.720577844076312
2018,en la entidad financiera,Lugar de nacimiento,Resto de España,2,Más catalán que castellano,1,57.6,1273.7,4.522257988537333
2018,en la entidad financiera,Lugar de nacimiento,Resto de España,2,Otras y no consta,5,32.6,1273.7,2.559472403234671
2018,en la entidad financiera,Lugar de nacimiento,Resto de España,2,Solo castellano,4,785.5,1273.7,61.67072309020962
2018,en la entidad financiera,Lugar de nacimiento,Resto de España,2,Solo catalán,0,155.8,1273.7,12.232079767606187
2018,en la entidad financiera,Lugar de nacimiento,total,99,Igual catalán que castellano,2,792.3,6386.6,12.405661854507875
2018,en la entidad financiera,Lugar de nacimiento,total,99,Más castellano que catalán,3,446.6,6386.6,6.992766104030314
2018,en la entidad financiera,Lugar de nacimiento,total,99,Más catalán que castellano,1,738.4,6386.6,11.561707324711112
2018,en la entidad financiera,Lugar de nacimiento,total,99,Otras y no consta,5,268.6,6386.6,4.205680643848057
2018,en la entidad financiera,Lugar de nacimiento,total,99,Solo castellano,4,2219.4,6386.6,34.75088466476686
2018,en la entidad financiera,Lugar de nacimiento,total,99,Solo catalán,0,1921.4,6386.6,30.0848651864842
2023,al contestar al personal médico en la consulta,Lugar de nacimiento,Cataluña,1,Igual catalán que castellano,2,797.8,3987.7,20.00652004915114
2023,al contestar al personal médico en la consulta,Lugar de nacimiento,Cataluña,1,Más castellano que catalán,3,418.3,3987.7,10.489755999699076
2023,al contestar al personal médico en la consulta,Lugar de nacimiento,Cataluña,1,Más catalán que castellano,1,656.1,3987.7,16.453093261779976
2023,al contestar al personal médico en la consulta,Lugar de nacimiento,Cataluña,1,Otras y no consta,5,128.4,3987.7,3.219901196178249
2023,al contestar al personal médico en la consulta,Lugar de nacimiento,Cataluña,1,Solo castellano,4,839.7,3987.7,21.057251046969434
2023,al contestar al personal médico en la consulta,Lugar de nacimiento,Cataluña,1,Solo catalán,0,1139.3,3987.7,28.57035383805201
2023,al contestar al personal médico en la consulta,Lugar de nacimiento,Extranjero,3,Igual catalán que castellano,2,154.2,1663.9,9.267383857202956
2023,al contestar al personal médico en la consulta,Lugar de nacimiento,Extranjero,3,Más castellano que catalán,3,126.9,1663.9,7.626660256025001
2023,al contestar al personal médico en la consulta,Lugar de nacimiento,Extranjero,3,Más catalán que castellano,1,63.4,1663.9,3.810325139731955
2023,al contestar al personal médico en la consulta,Lugar de nacimiento,Extranjero,3,Otras y no consta,5,113.0,1663.9,6.791273514033295
2023,al contestar al personal médico en la consulta,Lugar de nacimiento,Extranjero,3,Solo castellano,4,1079.7,1663.9,64.88971693010397
2023,al contestar al personal médico en la consulta,Lugar de nacimiento,Extranjero,3,Solo catalán,0,122.2,1663.9,7.344191357653705
2023,al contestar al personal médico en la consulta,Lugar de nacimiento,Resto de España,2,Igual catalán que castellano,2,154.4,1133.4,13.622728074819127
2023,al contestar al personal médico en la consulta,Lugar de nacimiento,Resto de España,2,Más castellano que catalán,3,106.2,1133.4,9.370037056643726
2023,al contestar al personal médico en la consulta,Lugar de nacimiento,Resto de España,2,Más catalán que castellano,1,46.2,1133.4,4.076230809952356
2023,al contestar al personal médico en la consulta,Lugar de nacimiento,Resto de España,2,Otras y no consta,5,32.1,1133.4,2.832186341979883
2023,al contestar al personal médico en la consulta,Lugar de nacimiento,Resto de España,2,Solo castellano,4,674.4,1133.4,59.502382212811
2023,al contestar al personal médico en la consulta,Lugar de nacimiento,Resto de España,2,Solo catalán,0,117.2,1133.4,10.340568201870477
2023,al contestar al personal médico en la consulta,Lugar de nacimiento,total,99,Igual catalán que castellano,2,1106.4,6785.1,16.30631825617898
2023,al contestar al personal médico en la consulta,Lugar de nacimiento,total,99,Más castellano que catalán,3,651.4,6785.1,9.60044804055946
2023,al contestar al personal médico en la consulta,Lugar de nacimiento,total,99,Más catalán que castellano,1,765.7,6785.1,11.285021591428276
2023,al contestar al personal médico en la consulta,Lugar de nacimiento,total,99,Otras y no consta,5,286.9,6785.1,4.228382779914813
2023,al contestar al personal médico en la consulta,Lugar de nacimiento,total,99,Solo castellano,4,2593.8,6785.1,38.22788168192068
2023,al contestar al personal médico en la consulta,Lugar de nacimiento,total,99,Solo catalán,0,1378.7,6785.1,20.319523662142046
2023,al escribir mensajes de móvil,Lugar de nacimiento,Cataluña,1,Igual catalán que castellano,2,724.8,3987.7,18.175890864408053
2023,al escribir mensajes de móvil,Lugar de nacimiento,Cataluña,1,Más castellano que catalán,3,515.5,3987.7,12.927251297740552
2023,al escribir mensajes de móvil,Lugar de nacimiento,Cataluña,1,Más catalán que castellano,1,694.2,3987.7,17.408531233543147
2023,al escribir mensajes de móvil,Lugar de nacimiento,Cataluña,1,Otras y no consta,5,350.79999999999995,3987.7,8.797050931614713
2023,al escribir mensajes de móvil,Lugar de nacimiento,Cataluña,1,Solo castellano,4,871.1,3987.7,21.84467236753016
2023,al escribir mensajes de móvil,Lugar de nacimiento,Cataluña,1,Solo catalán,0,831.2,3987.7,20.844095593951405
2023,al escribir mensajes de móvil,Lugar de nacimiento,Extranjero,3,Igual catalán que castellano,2,89.4,1663.9,5.372919045615722
2023,al escribir mensajes de móvil,Lugar de nacimiento,Extranjero,3,Más castellano que catalán,3,112.5,1663.9,6.761223631227837
2023,al escribir mensajes de móvil,Lugar de nacimiento,Extranjero,3,Más catalán que castellano,1,28.9,1663.9,1.736883226155418
2023,al escribir mensajes de móvil,Lugar de nacimiento,Extranjero,3,Otras y no consta,5,575.9,1663.9,34.61145501532544
2023,al escribir mensajes de móvil,Lugar de nacimiento,Extranjero,3,Solo castellano,4,825.0,1663.9,49.582306629004144
2023,al escribir mensajes de móvil,Lugar de nacimiento,Extranjero,3,Solo catalán,0,23.4,1663.9,1.4063345152953903
2023,al escribir mensajes de móvil,Lugar de nacimiento,Resto de España,2,Igual catalán que castellano,2,96.5,1133.4,8.514205046761955
2023,al escribir mensajes de móvil,Lugar de nacimiento,Resto de España,2,Más castellano que catalán,3,80.8,1133.4,7.128992412211045
2023,al escribir mensajes de móvil,Lugar de nacimiento,Resto de España,2,Más catalán que castellano,1,47.7,1133.4,4.20857596611964
2023,al escribir mensajes de móvil,Lugar de nacimiento,Resto de España,2,Otras y no consta,5,273.0,1133.4,24.086818422445734
2023,al escribir mensajes de móvil,Lugar de nacimiento,Resto de España,2,Solo castellano,4,597.8,1133.4,52.74395623786835
2023,al escribir mensajes de móvil,Lugar de nacimiento,Resto de España,2,Solo catalán,0,30.6,1133.4,2.6998411858125992
2023,al escribir mensajes de móvil,Lugar de nacimiento,total,99,Igual catalán que castellano,2,910.7,6785.1,13.422057154647685
2023,al escribir mensajes de móvil,Lugar de nacimiento,total,99,Más castellano que catalán,3,708.8,6785.1,10.446419360068383
2023,al escribir mensajes de móvil,Lugar de nacimiento,total,99,Más catalán que castellano,1,770.9,6785.1,11.361660108178214
2023,al escribir mensajes de móvil,Lugar de nacimiento,total,99,Otras y no consta,5,1215.5,6785.1,17.914253290297857
2023,al escribir mensajes de móvil,Lugar de nacimiento,total,99,Solo castellano,4,2293.9,6785.1,33.80790261013102
2023,al escribir mensajes de móvil,Lugar de nacimiento,total,99,Solo catalán,0,885.2,6785.1,13.04623365904703
2023,al hacer publicaciones en las redes sociales,Lugar de nacimiento,Cataluña,1,Igual catalán que castellano,2,334.6,2620.9,12.766606890762716
2023,al hacer publicaciones en las redes sociales,Lugar de nacimiento,Cataluña,1,Más castellano que catalán,3,287.5,2620.9,10.9695142889847
2023,al hacer publicaciones en las redes sociales,Lugar de nacimiento,Cataluña,1,Más catalán que castellano,1,231.6,2620.9,8.83665916288298
2023,al hacer publicaciones en las redes sociales,Lugar de nacimiento,Cataluña,1,Otras y no consta,5,298.5,2620.9,11.389217444389331
2023,al hacer publicaciones en las redes sociales,Lugar de nacimiento,Cataluña,1,Solo castellano,4,865.6,2620.9,33.026822847113586
2023,al hacer publicaciones en las redes sociales,Lugar de nacimiento,Cataluña,1,Solo catalán,0,603.1,2620.9,23.01117936586669
2023,al hacer publicaciones en las redes sociales,Lugar de nacimiento,Extranjero,3,Igual catalán que castellano,2,45.1,1266.1,3.5621198957428324
2023,al hacer publicaciones en las redes sociales,Lugar de nacimiento,Extranjero,3,Más castellano que catalán,3,64.6,1266.1,5.102282600110575
2023,al hacer publicaciones en las redes sociales,Lugar de nacimiento,Extranjero,3,Más catalán que castellano,1,0.0,1266.1,0.0
2023,al hacer publicaciones en las redes sociales,Lugar de nacimiento,Extranjero,3,Otras y no consta,5,409.5,1266.1,32.34341679172261
2023,al hacer publicaciones en las redes sociales,Lugar de nacimiento,Extranjero,3,Solo castellano,4,711.8,1266.1,56.219887844562045
2023,al hacer publicaciones en las redes sociales,Lugar de nacimiento,Extranjero,3,Solo catalán,0,19.1,1266.1,1.508569623252508
2023,al hacer publicaciones en las redes sociales,Lugar de nacimiento,Resto de España,2,Igual catalán que castellano,2,54.3,494.6,10.978568540234532
2023,al hacer publicaciones en las redes sociales,Lugar de nacimiento,Resto de España,2,Más castellano que catalán,3,34.6,494.6,6.995551961180752
2023,al hacer publicaciones en las redes sociales,Lugar de nacimiento,Resto de España,2,Más catalán que castellano,1,0.0,494.6,0.0
2023,al hacer publicaciones en las redes sociales,Lugar de nacimiento,Resto de España,2,Otras y no consta,5,32.4,494.6,6.550748079255964
2023,al hacer publicaciones en las redes sociales,Lugar de nacimiento,Resto de España,2,Solo castellano,4,320.3,494.6,64.75940153659523
2023,al hacer publicaciones en las redes sociales,Lugar de nacimiento,Resto de España,2,Solo catalán,0,19.2,494.6,3.8819247877072383
2023,al hacer publicaciones en las redes sociales,Lugar de nacimiento,total,99,Igual catalán que castellano,2,434.1,4381.6,9.907339784553587
2023,al hacer publicaciones en las redes sociales,Lugar de nacimiento,total,99,Más castellano que catalán,3,386.7,4381.6,8.825543180573305
2023,al hacer publicaciones en las redes sociales,Lugar de nacimiento,total,99,Más catalán que castellano,1,256.3,4381.6,5.849461383969326
2023,al hacer publicaciones en las redes sociales,Lugar de nacimiento,total,99,Otras y no consta,5,765.5,4381.6,17.4707869271499
2023,al hacer publicaciones en las redes sociales,Lugar de nacimiento,total,99,Solo castellano,4,1897.7,4381.6,43.31066277159029
2023,al hacer publicaciones en las redes sociales,Lugar de nacimiento,total,99,Solo catalán,0,641.3,4381.6,14.636205952163591
2023,con el personal de un restaurante o bar,Lugar de nacimiento,Cataluña,1,Igual catalán que castellano,2,889.9,3987.7,22.3161220753818
2023,con el personal de un restaurante o bar,Lugar de nacimiento,Cataluña,1,Más castellano que catalán,3,454.9,3987.7,11.407578303282593
2023,con el personal de un restaurante o bar,Lugar de nacimiento,Cataluña,1,Más catalán que castellano,1,830.8,3987.7,20.834064749103494
2023,con el personal de un restaurante o bar,Lugar de nacimiento,Cataluña,1,Otras y no consta,5,88.0,3987.7,2.2067858665396094
2023,con el personal de un restaurante o bar,Lugar de nacimiento,Cataluña,1,Solo castellano,4,686.7,3987.7,17.220452892644886
2023,con el personal de un restaurante o bar,Lugar de nacimiento,Cataluña,1,Solo catalán,0,1033.1,3987.7,25.90716453093262
2023,con el personal de un restaurante o bar,Lugar de nacimiento,Extranjero,3,Igual catalán que castellano,2,137.0,1663.9,8.233667888695233
2023,con el personal de un restaurante o bar,Lugar de nacimiento,Extranjero,3,Más castellano que catalán,3,127.0,1663.9,7.632670232586094
2023,con el personal de un restaurante o bar,Lugar de nacimiento,Extranjero,3,Más catalán que castellano,1,58.3,1663.9,3.503816335116293
2023,con el personal de un restaurante o bar,Lugar de nacimiento,Extranjero,3,Otras y no consta,5,179.5,1663.9,10.787907927159084
2023,con el personal de un restaurante o bar,Lugar de nacimiento,Extranjero,3,Solo castellano,4,1089.2,1663.9,65.46066470340766
2023,con el personal de un restaurante o bar,Lugar de nacimiento,Extranjero,3,Solo catalán,0,72.7,1663.9,4.369252959913457
2023,con el personal de un restaurante o bar,Lugar de nacimiento,Resto de España,2,Igual catalán que castellano,2,181.8,1133.4,16.040232927474854
2023,con el personal de un restaurante o bar,Lugar de nacimiento,Resto de España,2,Más castellano que catalán,3,90.4,1133.4,7.976001411681666
2023,con el personal de un restaurante o bar,Lugar de nacimiento,Resto de España,2,Más catalán que castellano,1,62.4,1133.4,5.505558496559025
2023,con el personal de un restaurante o bar,Lugar de nacimiento,Resto de España,2,Otras y no consta,5,49.6,1133.4,4.376213163931533
2023,con el personal de un restaurante o bar,Lugar de nacimiento,Resto de España,2,Solo castellano,4,671.2,1133.4,59.22004587965414
2023,con el personal de un restaurante o bar,Lugar de nacimiento,Resto de España,2,Solo catalán,0,72.6,1133.4,6.405505558496557
2023,con el personal de un restaurante o bar,Lugar de nacimiento,total,99,Igual catalán que castellano,2,1208.6,6785.1,17.81255987384121
2023,con el personal de un restaurante o bar,Lugar de nacimiento,total,99,Más castellano que catalán,3,672.4,6785.1,9.909949742818823
2023,con el personal de un restaurante o bar,Lugar de nacimiento,total,99,Más catalán que castellano,1,951.6,6785.1,14.024848565238537
2023,con el personal de un restaurante o bar,Lugar de nacimiento,total,99,Otras y no consta,5,324.4,6785.1,4.7810643910922455
2023,con el personal de un restaurante o bar,Lugar de nacimiento,total,99,Solo castellano,4,2447.0,6785.1,36.064317401364754
2023,con el personal de un restaurante o bar,Lugar de nacimiento,total,99,Solo catalán,0,1178.4,6785.1,17.367466949639653
2023,con el personal médico,Lugar de nacimiento,Cataluña,1,Igual catalán que castellano,2,623.4,3987.7,15.633071695463553
2023,con el personal médico,Lugar de nacimiento,Cataluña,1,Más castellano que catalán,3,296.4,3987.7,7.432856032299321
2023,con el personal médico,Lugar de nacimiento,Cataluña,1,Más catalán que castellano,1,657.7,3987.7,16.493216641171603
2023,con el personal médico,Lugar de nacimiento,Cataluña,1,Otras y no consta,5,48.9,3987.7,1.2262707826566692
2023,con el personal médico,Lugar de nacimiento,Cataluña,1,Solo castellano,4,824.0,3987.7,20.663540386689068
2023,con el personal médico,Lugar de nacimiento,Cataluña,1,Solo catalán,0,1533.3,3987.7,38.450736013240714
2023,con el personal médico,Lugar de nacimiento,Extranjero,3,Igual catalán que castellano,2,99.4,1663.9,5.973916701724864
2023,con el personal médico,Lugar de nacimiento,Extranjero,3,Más castellano que catalán,3,72.1,1663.9,4.333193100546907
2023,con el personal médico,Lugar de nacimiento,Extranjero,3,Más catalán que castellano,1,48.1,1663.9,2.8907987258849692
2023,con el personal médico,Lugar de nacimiento,Extranjero,3,Otras y no consta,5,110.2,1663.9,6.622994170322735
2023,con el personal médico,Lugar de nacimiento,Extranjero,3,Solo castellano,4,1207.5,1663.9,72.57046697517879
2023,con el personal médico,Lugar de nacimiento,Extranjero,3,Solo catalán,0,123.3,1663.9,7.41030109982571
2023,con el personal médico,Lugar de nacimiento,Resto de España,2,Igual catalán que castellano,2,113.9,1133.4,10.049408858302453
2023,con el personal médico,Lugar de nacimiento,Resto de España,2,Más castellano que catalán,3,79.7,1133.4,7.03193929768837
2023,con el personal médico,Lugar de nacimiento,Resto de España,2,Más catalán que castellano,1,36.9,1133.4,3.2556908417151926
2023,con el personal médico,Lugar de nacimiento,Resto de España,2,Otras y no consta,5,0.0,1133.4,0.0
2023,con el personal médico,Lugar de nacimiento,Resto de España,2,Solo castellano,4,765.2,1133.4,67.51367566613729
2023,con el personal médico,Lugar de nacimiento,Resto de España,2,Solo catalán,0,124.0,1133.4,10.940532909828834
2023,con el personal médico,Lugar de nacimiento,total,99,Igual catalán que castellano,2,836.7,6785.1,12.331432108590883
2023,con el personal médico,Lugar de nacimiento,total,99,Más castellano que catalán,3,448.2,6785.1,6.605650616792677
2023,con el personal médico,Lugar de nacimiento,total,99,Más catalán que castellano,1,742.7,6785.1,10.946043536572784
2023,con el personal médico,Lugar de nacimiento,total,99,Otras y no consta,5,178.9,6785.1,2.6366597397238065
2023,con el personal médico,Lugar de nacimiento,total,99,Solo castellano,4,2796.7,6785.1,41.21825765279804
2023,con el personal médico,Lugar de nacimiento,total,99,Solo catalán,0,1780.7,6785.1,26.244270533964126
2023,con la Administración de la Generalitat de Catalunya,Lugar de nacimiento,Cataluña,1,Igual catalán que castellano,2,276.7,3987.7,6.938836923539886
2023,con la Administración de la Generalitat de Catalunya,Lugar de nacimiento,Cataluña,1,Más castellano que catalán,3,126.1,3987.7,3.162223838302781
2023,con la Administración de la Generalitat de Catalunya,Lugar de nacimiento,Cataluña,1,Más catalán que castellano,1,410.9,3987.7,10.304185370012789
2023,con la Administración de la Generalitat de Catalunya,Lugar de nacimiento,Cataluña,1,Otras y no consta,5,727.9,3987.7,18.253629911979335
2023,con la Administración de la Generalitat de Catalunya,Lugar de nacimiento,Cataluña,1,Solo castellano,4,376.7,3987.7,9.446548135516714
2023,con la Administración de la Generalitat de Catalunya,Lugar de nacimiento,Cataluña,1,Solo catalán,0,2067.3,3987.7,51.84191388519699
2023,con la Administración de la Generalitat de Catalunya,Lugar de nacimiento,Extranjero,3,Igual catalán que castellano,2,87.9,1663.9,5.282769397199351
2023,con la Administración de la Generalitat de Catalunya,Lugar de nacimiento,Extranjero,3,Más castellano que catalán,3,70.3,1663.9,4.225013522447262
2023,con la Administración de la Generalitat de Catalunya,Lugar de nacimiento,Extranjero,3,Más catalán que castellano,1,59.7,1663.9,3.5879560069715732
2023,con la Administración de la Generalitat de Catalunya,Lugar de nacimiento,Extranjero,3,Otras y no consta,5,357.7,1663.9,21.497686159023978
2023,con la Administración de la Generalitat de Catalunya,Lugar de nacimiento,Extranjero,3,Solo castellano,4,882.9,1663.9,53.06208305787607
2023,con la Administración de la Generalitat de Catalunya,Lugar de nacimiento,Extranjero,3,Solo catalán,0,182.7,1663.9,10.980227177114008
2023,con la Administración de la Generalitat de Catalunya,Lugar de nacimiento,Resto de España,2,Igual catalán que castellano,2,79.3,1133.4,6.996647256043762
2023,con la Administración de la Generalitat de Catalunya,Lugar de nacimiento,Resto de España,2,Más castellano que catalán,3,42.0,1133.4,3.7056643726839598
2023,con la Administración de la Generalitat de Catalunya,Lugar de nacimiento,Resto de España,2,Más catalán que castellano,1,57.8,1133.4,5.09970001764602
2023,con la Administración de la Generalitat de Catalunya,Lugar de nacimiento,Resto de España,2,Otras y no consta,5,298.6,1133.4,26.345509087700727
2023,con la Administración de la Generalitat de Catalunya,Lugar de nacimiento,Resto de España,2,Solo castellano,4,465.8,1133.4,41.09758249514734
2023,con la Administración de la Generalitat de Catalunya,Lugar de nacimiento,Resto de España,2,Solo catalán,0,185.7,1133.4,16.38433033350979
2023,con la Administración de la Generalitat de Catalunya,Lugar de nacimiento,total,99,Igual catalán que castellano,2,443.9,6785.1,6.542276458710998
2023,con la Administración de la Generalitat de Catalunya,Lugar de nacimiento,total,99,Más castellano que catalán,3,238.4,6785.1,3.513581229458667
2023,con la Administración de la Generalitat de Catalunya,Lugar de nacimiento,total,99,Más catalán que castellano,1,528.3,6785.1,7.786178538267674
2023,con la Administración de la Generalitat de Catalunya,Lugar de nacimiento,total,99,Otras y no consta,5,1412.2,6785.1,20.81325256812722
2023,con la Administración de la Generalitat de Catalunya,Lugar de nacimiento,total,99,Solo castellano,4,1725.4,6785.1,25.429249384681142
2023,con la Administración de la Generalitat de Catalunya,Lugar de nacimiento,total,99,Solo catalán,0,2435.8,6785.1,35.89924982682643
2023,con la Administración del Estado en Cataluña,Lugar de nacimiento,Cataluña,1,Igual catalán que castellano,2,539.9,3987.7,13.539132833462899
2023,con la Administración del Estado en Cataluña,Lugar de nacimiento,Cataluña,1,Más castellano que catalán,3,413.9,3987.7,10.379416706372094
2023,con la Administración del Estado en Cataluña,Lugar de nacimiento,Cataluña,1,Más catalán que castellano,1,598.0,3987.7,14.996113047621437
2023,con la Administración del Estado en Cataluña,Lugar de nacimiento,Cataluña,1,Otras y no consta,5,549.0,3987.7,13.767334553752791
2023,con la Administración del Estado en Cataluña,Lugar de nacimiento,Cataluña,1,Solo castellano,4,773.4,3987.7,19.394638513428795
2023,con la Administración del Estado en Cataluña,Lugar de nacimiento,Cataluña,1,Solo catalán,0,1111.2,3987.7,27.86568698748652
2023,con la Administración del Estado en Cataluña,Lugar de nacimiento,Extranjero,3,Igual catalán que castellano,2,94.9,1663.9,5.703467756475749
2023,con la Administración del Estado en Cataluña,Lugar de nacimiento,Extranjero,3,Más castellano que catalán,3,88.0,1663.9,5.288779373760442
2023,con la Administración del Estado en Cataluña,Lugar de nacimiento,Extranjero,3,Más catalán que castellano,1,56.3,1663.9,3.3836168038944647
2023,con la Administración del Estado en Cataluña,Lugar de nacimiento,Extranjero,3,Otras y no consta,5,259.5,1663.9,15.595889176032212
2023,con la Administración del Estado en Cataluña,Lugar de nacimiento,Extranjero,3,Solo castellano,4,1047.5,1663.9,62.954504477432536
2023,con la Administración del Estado en Cataluña,Lugar de nacimiento,Extranjero,3,Solo catalán,0,114.4,1663.9,6.875413185888575
2023,con la Administración del Estado en Cataluña,Lugar de nacimiento,Resto de España,2,Igual catalán que castellano,2,107.1,1133.4,9.449444150344096
2023,con la Administración del Estado en Cataluña,Lugar de nacimiento,Resto de España,2,Más castellano que catalán,3,67.3,1133.4,5.9378860067054875
2023,con la Administración del Estado en Cataluña,Lugar de nacimiento,Resto de España,2,Más catalán que castellano,1,55.5,1133.4,4.896770778189518
2023,con la Administración del Estado en Cataluña,Lugar de nacimiento,Resto de España,2,Otras y no consta,5,178.8,1133.4,15.775542615140287
2023,con la Administración del Estado en Cataluña,Lugar de nacimiento,Resto de España,2,Solo castellano,4,615.6,1133.4,54.31445209105347
2023,con la Administración del Estado en Cataluña,Lugar de nacimiento,Resto de España,2,Solo catalán,0,104.9,1133.4,9.255337921298747
2023,con la Administración del Estado en Cataluña,Lugar de nacimiento,total,99,Igual catalán que castellano,2,741.9,6785.1,10.934252995534331
2023,con la Administración del Estado en Cataluña,Lugar de nacimiento,total,99,Más castellano que catalán,3,569.2,6785.1,8.388969948858529
2023,con la Administración del Estado en Cataluña,Lugar de nacimiento,total,99,Más catalán que castellano,1,709.8,6785.1,10.461157536366448
2023,con la Administración del Estado en Cataluña,Lugar de nacimiento,total,99,Otras y no consta,5,995.8,6785.1,14.676275957613003
2023,con la Administración del Estado en Cataluña,Lugar de nacimiento,total,99,Solo castellano,4,2436.5,6785.1,35.90956655023507
2023,con la Administración del Estado en Cataluña,Lugar de nacimiento,total,99,Solo catalán,0,1330.5,6785.1,19.60914356457532
2023,con la Administración local,Lugar de nacimiento,Cataluña,1,Igual catalán que castellano,2,370.8,3987.7,9.298593174010081
2023,con la Administración local,Lugar de nacimiento,Cataluña,1,Más castellano que catalán,3,162.2,3987.7,4.067507585826416
2023,con la Administración local,Lugar de nacimiento,Cataluña,1,Más catalán que castellano,1,543.5,3987.7,13.629410437094064
2023,con la Administración local,Lugar de nacimiento,Cataluña,1,Otras y no consta,5,318.0,3987.7,7.974521654086315
2023,con la Administración local,Lugar de nacimiento,Cataluña,1,Solo castellano,4,446.7,3987.7,11.201945983900494
2023,con la Administración local,Lugar de nacimiento,Cataluña,1,Solo catalán,0,2145.5,3987.7,53.802944052962864
2023,con la Administración local,Lugar de nacimiento,Extranjero,3,Igual catalán que castellano,2,98.7,1663.9,5.931846865797223
2023,con la Administración local,Lugar de nacimiento,Extranjero,3,Más castellano que catalán,3,84.2,1663.9,5.060400264438968
2023,con la Administración local,Lugar de nacimiento,Extranjero,3,Más catalán que castellano,1,64.4,1663.9,3.8704249053428694
2023,con la Administración local,Lugar de nacimiento,Extranjero,3,Otras y no consta,5,153.0,1663.9,9.19526413846986
2023,con la Administración local,Lugar de nacimiento,Extranjero,3,Solo castellano,4,1055.4,1663.9,63.42929262575876
2023,con la Administración local,Lugar de nacimiento,Extranjero,3,Solo catalán,0,203.2,1663.9,12.212272372137747
2023,con la Administración local,Lugar de nacimiento,Resto de España,2,Igual catalán que castellano,2,100.4,1133.4,8.858302452796893
2023,con la Administración local,Lugar de nacimiento,Resto de España,2,Más castellano que catalán,3,59.5,1133.4,5.249691194635609
2023,con la Administración local,Lugar de nacimiento,Resto de España,2,Más catalán que castellano,1,61.7,1133.4,5.44379742368096
2023,con la Administración local,Lugar de nacimiento,Resto de España,2,Otras y no consta,5,140.4,1133.4,12.387506617257808
2023,con la Administración local,Lugar de nacimiento,Resto de España,2,Solo castellano,4,571.2,1133.4,50.39703546850185
2023,con la Administración local,Lugar de nacimiento,Resto de España,2,Solo catalán,0,195.0,1133.4,17.204870301746954
2023,con la Administración local,Lugar de nacimiento,total,99,Igual catalán que castellano,2,570.0,6785.1,8.40076048989698
2023,con la Administración local,Lugar de nacimiento,total,99,Más castellano que catalán,3,306.0,6785.1,4.509881947207852
2023,con la Administración local,Lugar de nacimiento,total,99,Más catalán que castellano,1,669.6,6785.1,9.868682849184243
2023,con la Administración local,Lugar de nacimiento,total,99,Otras y no consta,5,622.5,6785.1,9.174514745545386
2023,con la Administración local,Lugar de nacimiento,total,99,Solo castellano,4,2073.4,6785.1,30.558134736407716
2023,con la Administración local,Lugar de nacimiento,total,99,Solo catalán,0,2543.7,6785.1,37.489499049387625
2023,con la policía local o Mossos d'Esquadra,Lugar de nacimiento,Cataluña,1,Igual catalán que castellano,2,439.6,3987.7,11.023898487850142
2023,con la policía local o Mossos d'Esquadra,Lugar de nacimiento,Cataluña,1,Más castellano que catalán,3,225.7,3987.7,5.659904205431703
2023,con la policía local o Mossos d'Esquadra,Lugar de nacimiento,Cataluña,1,Más catalán que castellano,1,523.7,3987.7,13.132883617122653
2023,con la policía local o Mossos d'Esquadra,Lugar de nacimiento,Cataluña,1,Otras y no consta,5,472.6,3987.7,11.851443187802493
2023,con la policía local o Mossos d'Esquadra,Lugar de nacimiento,Cataluña,1,Solo castellano,4,528.5,3987.7,13.25325375529754
2023,con la policía local o Mossos d'Esquadra,Lugar de nacimiento,Cataluña,1,Solo catalán,0,1794.0,3987.7,44.988339142864305
2023,con la policía local o Mossos d'Esquadra,Lugar de nacimiento,Extranjero,3,Igual catalán que castellano,2,85.0,1663.9,5.1084800769277
2023,con la policía local o Mossos d'Esquadra,Lugar de nacimiento,Extranjero,3,Más castellano que catalán,3,67.1,1663.9,4.0326942724923365
2023,con la policía local o Mossos d'Esquadra,Lugar de nacimiento,Extranjero,3,Más catalán que castellano,1,38.4,1663.9,2.3078309994591018
2023,con la policía local o Mossos d'Esquadra,Lugar de nacimiento,Extranjero,3,Otras y no consta,5,330.90000000000003,1663.9,19.887012440651482
2023,con la policía local o Mossos d'Esquadra,Lugar de nacimiento,Extranjero,3,Solo castellano,4,982.9,1663.9,59.07205961896748
2023,con la policía local o Mossos d'Esquadra,Lugar de nacimiento,Extranjero,3,Solo catalán,0,137.1,1663.9,8.239677865256324
2023,con la policía local o Mossos d'Esquadra,Lugar de nacimiento,Resto de España,2,Igual catalán que castellano,2,98.9,1133.4,8.725957296629609
2023,con la policía local o Mossos d'Esquadra,Lugar de nacimiento,Resto de España,2,Más castellano que catalán,3,51.0,1133.4,4.499735309687665
2023,con la policía local o Mossos d'Esquadra,Lugar de nacimiento,Resto de España,2,Más catalán que castellano,1,51.6,1133.4,4.552673372154579
2023,con la policía local o Mossos d'Esquadra,Lugar de nacimiento,Resto de España,2,Otras y no consta,5,239.4,1133.4,21.12228692429857
2023,con la policía local o Mossos d'Esquadra,Lugar de nacimiento,Resto de España,2,Solo castellano,4,555.6,1133.4,49.02064584436209
2023,con la policía local o Mossos d'Esquadra,Lugar de nacimiento,Resto de España,2,Solo catalán,0,136.9,1133.4,12.078701252867479
2023,con la policía local o Mossos d'Esquadra,Lugar de nacimiento,total,99,Igual catalán que castellano,2,623.4,6785.1,9.187779104213643
2023,con la policía local o Mossos d'Esquadra,Lugar de nacimiento,total,99,Más castellano que catalán,3,343.7,6785.1,5.065511193644897
2023,con la policía local o Mossos d'Esquadra,Lugar de nacimiento,total,99,Más catalán que castellano,1,613.7,6785.1,9.044818794122415
2023,con la policía local o Mossos d'Esquadra,Lugar de nacimiento,total,99,Otras y no consta,5,1069.2,6785.1,15.758058097890967
2023,con la policía local o Mossos d'Esquadra,Lugar de nacimiento,total,99,Solo castellano,4,2066.9,6785.1,30.462336590470297
2023,con la policía local o Mossos d'Esquadra,Lugar de nacimiento,total,99,Solo catalán,0,2068.0,6785.1,30.478548584398162
2023,con los amigos,Lugar de nacimiento,Cataluña,1,Igual catalán que castellano,2,846.7,3987.7,21.23279083180781
2023,con los amigos,Lugar de nacimiento,Cataluña,1,Más castellano que catalán,3,546.7,3987.7,13.709657195877325
2023,con los amigos,Lugar de nacimiento,Cataluña,1,Más catalán que castellano,1,874.7,3987.7,21.934949971161323
2023,con los amigos,Lugar de nacimiento,Cataluña,1,Otras y no consta,5,92.5,3987.7,2.319632871078567
2023,con los amigos,Lugar de nacimiento,Cataluña,1,Solo castellano,4,685.2,3987.7,17.182837224465235
2023,con los amigos,Lugar de nacimiento,Cataluña,1,Solo catalán,0,941.0,3987.7,23.597562504701962
2023,con los amigos,Lugar de nacimiento,Extranjero,3,Igual catalán que castellano,2,112.1,1663.9,6.737183724983471
2023,con los amigos,Lugar de nacimiento,Extranjero,3,Más castellano que catalán,3,137.0,1663.9,8.233667888695233
2023,con los amigos,Lugar de nacimiento,Extranjero,3,Más catalán que castellano,1,42.5,1663.9,2.55424003846385
2023,con los amigos,Lugar de nacimiento,Extranjero,3,Otras y no consta,5,566.1,1663.9,34.02247731233848
2023,con los amigos,Lugar de nacimiento,Extranjero,3,Solo castellano,4,758.1,1663.9,45.56163230963399
2023,con los amigos,Lugar de nacimiento,Extranjero,3,Solo catalán,0,35.0,1663.9,2.103491796381994
2023,con los amigos,Lugar de nacimiento,Resto de España,2,Igual catalán que castellano,2,183.7,1133.4,16.207870125286746
2023,con los amigos,Lugar de nacimiento,Resto de España,2,Más castellano que catalán,3,129.0,1133.4,11.381683430386447
2023,con los amigos,Lugar de nacimiento,Resto de España,2,Más catalán que castellano,1,64.0,1133.4,5.646726663137462
2023,con los amigos,Lugar de nacimiento,Resto de España,2,Otras y no consta,5,9.2,1133.4,0.8117169578260102
2023,con los amigos,Lugar de nacimiento,Resto de España,2,Solo castellano,4,683.4,1133.4,60.29645314981471
2023,con los amigos,Lugar de nacimiento,Resto de España,2,Solo catalán,0,40.7,1133.4,3.5909652373389798
2023,con los amigos,Lugar de nacimiento,total,99,Igual catalán que castellano,2,1142.4,6785.1,16.836892602909316
2023,con los amigos,Lugar de nacimiento,total,99,Más castellano que catalán,3,812.8,6785.1,11.97918969506713
2023,con los amigos,Lugar de nacimiento,total,99,Más catalán que castellano,1,981.1,6785.1,14.459624766031451
2023,con los amigos,Lugar de nacimiento,total,99,Otras y no consta,5,705.3,6785.1,10.394835743025157
2023,con los amigos,Lugar de nacimiento,total,99,Solo castellano,4,2126.7,6785.1,31.34367953309457
2023,con los amigos,Lugar de nacimiento,total,99,Solo catalán,0,1016.7,6785.1,14.98430384224256
2023,con los compañeros de deporte,Lugar de nacimiento,Cataluña,1,Igual catalán que castellano,2,549.0,2800.0,19.607142857142858
2023,con los compañeros de deporte,Lugar de nacimiento,Cataluña,1,Más castellano que catalán,3,316.3,2800.0,11.29642857142857
2023,con los compañeros de deporte,Lugar de nacimiento,Cataluña,1,Más catalán que castellano,1,544.6,2800.0,19.45
2023,con los compañeros de deporte,Lugar de nacimiento,Cataluña,1,Otras y no consta,5,58.0,2800.0,2.071428571428571
2023,con los compañeros de deporte,Lugar de nacimiento,Cataluña,1,Solo castellano,4,553.3,2800.0,19.760714285714283
2023,con los compañeros de deporte,Lugar de nacimiento,Cataluña,1,Solo catalán,0,765.1,2800.0,27.325
2023,con los compañeros de deporte,Lugar de nacimiento,Extranjero,3,Igual catalán que castellano,2,79.6,1016.3,7.832332972547476
2023,con los compañeros de deporte,Lugar de nacimiento,Extranjero,3,Más castellano que catalán,3,62.6,1016.3,6.159598543737086
2023,con los compañeros de deporte,Lugar de nacimiento,Extranjero,3,Más catalán que castellano,1,44.3,1016.3,4.358949129194135
2023,con los compañeros de deporte,Lugar de nacimiento,Extranjero,3,Otras y no consta,5,169.8,1016.3,16.70766505952967
2023,con los compañeros de deporte,Lugar de nacimiento,Extranjero,3,Solo castellano,4,607.9,1016.3,59.81501525140215
2023,con los compañeros de deporte,Lugar de nacimiento,Extranjero,3,Solo catalán,0,50.9,1016.3,5.008363672144052
2023,con los compañeros de deporte,Lugar de nacimiento,Resto de España,2,Igual catalán que castellano,2,120.6,632.7,19.06116642958748
2023,con los compañeros de deporte,Lugar de nacimiento,Resto de España,2,Más castellano que catalán,3,61.6,632.7,9.736051841315
2023,con los compañeros de deporte,Lugar de nacimiento,Resto de España,2,Más catalán que castellano,1,39.2,632.7,6.1956693535640905
2023,con los compañeros de deporte,Lugar de nacimiento,Resto de España,2,Otras y no consta,5,22.7,632.7,3.5877983246404295
2023,con los compañeros de deporte,Lugar de nacimiento,Resto de España,2,Solo castellano,4,342.5,632.7,54.13308044886992
2023,con los compañeros de deporte,Lugar de nacimiento,Resto de España,2,Solo catalán,0,44.9,632.7,7.09657025446499
2023,con los compañeros de deporte,Lugar de nacimiento,total,99,Igual catalán que castellano,2,749.2,4448.9,16.840117781923624
2023,con los compañeros de deporte,Lugar de nacimiento,total,99,Más castellano que catalán,3,440.6,4448.9,9.903571669401426
2023,con los compañeros de deporte,Lugar de nacimiento,total,99,Más catalán que castellano,1,628.1,4448.9,14.118096608150331
2023,con los compañeros de deporte,Lugar de nacimiento,total,99,Otras y no consta,5,259.7,4448.9,5.837398008496483
2023,con los compañeros de deporte,Lugar de nacimiento,total,99,Solo castellano,4,1503.8,4448.9,33.80161388208322
2023,con los compañeros de deporte,Lugar de nacimiento,total,99,Solo catalán,0,860.9,4448.9,19.35085077210097
2023,con los compañeros de estudio,Lugar de nacimiento,Cataluña,1,Igual catalán que castellano,2,145.7,875.6,16.6400182731841
2023,con los compañeros de estudio,Lugar de nacimiento,Cataluña,1,Más castellano que catalán,3,99.3,875.6,11.340794883508451
2023,con los compañeros de estudio,Lugar de nacimiento,Cataluña,1,Más catalán que castellano,1,146.4,875.6,16.719963453631795
2023,con los compañeros de estudio,Lugar de nacimiento,Cataluña,1,Otras y no consta,5,76.2,875.6,8.702603928734582
2023,con los compañeros de estudio,Lugar de nacimiento,Cataluña,1,Solo castellano,4,159.1,875.6,18.170397441754226
2023,con los compañeros de estudio,Lugar de nacimiento,Cataluña,1,Solo catalán,0,234.0,875.6,26.724531749657377
2023,con los compañeros de estudio,Lugar de nacimiento,Extranjero,3,Igual catalán que castellano,2,36.6,297.3,12.31079717457114
2023,con los compañeros de estudio,Lugar de nacimiento,Extranjero,3,Más castellano que catalán,3,33.4,297.3,11.234443323242516
2023,con los compañeros de estudio,Lugar de nacimiento,Extranjero,3,Más catalán que castellano,1,21.8,297.3,7.332660612176253
2023,con los compañeros de estudio,Lugar de nacimiento,Extranjero,3,Otras y no consta,5,44.9,297.3,15.102589976454759
2023,con los compañeros de estudio,Lugar de nacimiento,Extranjero,3,Solo castellano,4,111.9,297.3,37.638748738647834
2023,con los compañeros de estudio,Lugar de nacimiento,Extranjero,3,Solo catalán,0,27.3,297.3,9.182643794147326
2023,con los compañeros de estudio,Lugar de nacimiento,Resto de España,2,Igual catalán que castellano,2,0.0,75.0,0.0
2023,con los compañeros de estudio,Lugar de nacimiento,Resto de España,2,Más castellano que catalán,3,0.0,75.0,0.0
2023,con los compañeros de estudio,Lugar de nacimiento,Resto de España,2,Más catalán que castellano,1,0.0,75.0,0.0
2023,con los compañeros de estudio,Lugar de nacimiento,Resto de España,2,Otras y no consta,5,0.0,75.0,0.0
2023,con los compañeros de estudio,Lugar de nacimiento,Resto de España,2,Solo castellano,4,16.0,75.0,21.333333333333336
2023,con los compañeros de estudio,Lugar de nacimiento,Resto de España,2,Solo catalán,0,15.3,75.0,20.400000000000002
2023,con los compañeros de estudio,Lugar de nacimiento,total,99,Igual catalán que castellano,2,198.2,1247.9,15.882682907284234
2023,con los compañeros de estudio,Lugar de nacimiento,total,99,Más castellano que catalán,3,136.6,1247.9,10.946389935090952
2023,con los compañeros de estudio,Lugar de nacimiento,total,99,Más catalán que castellano,1,177.8,1247.9,14.247936533376071
2023,con los compañeros de estudio,Lugar de nacimiento,total,99,Otras y no consta,5,160.3,1247.9,12.845580575366617
2023,con los compañeros de estudio,Lugar de nacimiento,total,99,Solo castellano,4,287.0,1247.9,22.998637711355073
2023,con los compañeros de estudio,Lugar de nacimiento,total,99,Solo catalán,0,276.5,1247.9,22.157224136549402
2023,con los compañeros de trabajo,Lugar de nacimiento,Cataluña,1,Igual catalán que castellano,2,480.7,2252.2,21.343575170943968
2023,con los compañeros de trabajo,Lugar de nacimiento,Cataluña,1,Más castellano que catalán,3,291.9,2252.2,12.960660687327946
2023,con los compañeros de trabajo,Lugar de nacimiento,Cataluña,1,Más catalán que castellano,1,486.5,2252.2,21.60110114554658
2023,con los compañeros de trabajo,Lugar de nacimiento,Cataluña,1,Otras y no consta,5,158.8,2252.2,7.050883580499069
2023,con los compañeros de trabajo,Lugar de nacimiento,Cataluña,1,Solo castellano,4,320.6,2252.2,14.234970251309834
2023,con los compañeros de trabajo,Lugar de nacimiento,Cataluña,1,Solo catalán,0,513.7,2252.2,22.80880916437262
2023,con los compañeros de trabajo,Lugar de nacimiento,Extranjero,3,Igual catalán que castellano,2,75.3,924.1,8.148468780435017
2023,con los compañeros de trabajo,Lugar de nacimiento,Extranjero,3,Más castellano que catalán,3,62.9,924.1,6.806622659885293
2023,con los compañeros de trabajo,Lugar de nacimiento,Extranjero,3,Más catalán que castellano,1,20.6,924.1,2.2291959744616388
2023,con los compañeros de trabajo,Lugar de nacimiento,Extranjero,3,Otras y no consta,5,246.2,924.1,26.64213829672113
2023,con los compañeros de trabajo,Lugar de nacimiento,Extranjero,3,Solo castellano,4,479.5,924.1,51.88832377448328
2023,con los compañeros de trabajo,Lugar de nacimiento,Extranjero,3,Solo catalán,0,36.5,924.1,3.949788983876204
2023,con los compañeros de trabajo,Lugar de nacimiento,Resto de España,2,Igual catalán que castellano,2,56.3,291.2,19.333791208791208
2023,con los compañeros de trabajo,Lugar de nacimiento,Resto de España,2,Más castellano que catalán,3,38.2,291.2,13.118131868131869
2023,con los compañeros de trabajo,Lugar de nacimiento,Resto de España,2,Más catalán que castellano,1,25.0,291.2,8.585164835164836
2023,con los compañeros de trabajo,Lugar de nacimiento,Resto de España,2,Otras y no consta,5,0.0,291.2,0.0
2023,con los compañeros de trabajo,Lugar de nacimiento,Resto de España,2,Solo castellano,4,107.2,291.2,36.81318681318682
2023,con los compañeros de trabajo,Lugar de nacimiento,Resto de España,2,Solo catalán,0,27.6,291.2,9.47802197802198
2023,con los compañeros de trabajo,Lugar de nacimiento,total,99,Igual catalán que castellano,2,612.3,3467.5,17.658255227108867
2023,con los compañeros de trabajo,Lugar de nacimiento,total,99,Más castellano que catalán,3,393.0,3467.5,11.333813987022351
2023,con los compañeros de trabajo,Lugar de nacimiento,total,99,Más catalán que castellano,1,532.1,3467.5,15.345349675558762
2023,con los compañeros de trabajo,Lugar de nacimiento,total,99,Otras y no consta,5,445.09999999999997,3467.5,12.83633741888969
2023,con los compañeros de trabajo,Lugar de nacimiento,total,99,Solo castellano,4,907.2,3467.5,26.162941600576783
2023,con los compañeros de trabajo,Lugar de nacimiento,total,99,Solo catalán,0,577.9,3467.5,16.66618601297765
2023,con los miembros del hogar,Lugar de nacimiento,Cataluña,1,Igual catalán que castellano,2,332.7,3547.2,9.379228687415427
2023,con los miembros del hogar,Lugar de nacimiento,Cataluña,1,Más castellano que catalán,3,357.5,3547.2,10.078371673432567
2023,con los miembros del hogar,Lugar de nacimiento,Cataluña,1,Más catalán que castellano,1,257.7,3547.2,7.2648849797023
2023,con los miembros del hogar,Lugar de nacimiento,Cataluña,1,Otras y no consta,5,118.9,3547.2,3.3519395579612095
2023,con los miembros del hogar,Lugar de nacimiento,Cataluña,1,Solo castellano,4,968.6,3547.2,27.30604420387912
2023,con los miembros del hogar,Lugar de nacimiento,Cataluña,1,Solo catalán,0,1508.6,3547.2,42.52931889941362
2023,con los miembros del hogar,Lugar de nacimiento,Extranjero,3,Igual catalán que castellano,2,39.5,1519.3,2.5998815243862308
2023,con los miembros del hogar,Lugar de nacimiento,Extranjero,3,Más castellano que catalán,3,68.7,1519.3,4.5218192588692165
2023,con los miembros del hogar,Lugar de nacimiento,Extranjero,3,Más catalán que castellano,1,0.0,1519.3,0.0
2023,con los miembros del hogar,Lugar de nacimiento,Extranjero,3,Otras y no consta,5,628.8000000000001,1519.3,41.387481076811696
2023,con los miembros del hogar,Lugar de nacimiento,Extranjero,3,Solo castellano,4,726.4,1519.3,47.81149213453564
2023,con los miembros del hogar,Lugar de nacimiento,Extranjero,3,Solo catalán,0,30.1,1519.3,1.9811755413677352
2023,con los miembros del hogar,Lugar de nacimiento,Resto de España,2,Igual catalán que castellano,2,70.0,944.9,7.40819134299926
2023,con los miembros del hogar,Lugar de nacimiento,Resto de España,2,Más castellano que catalán,3,84.3,944.9,8.921579003069107
2023,con los miembros del hogar,Lugar de nacimiento,Resto de España,2,Más catalán que castellano,1,19.7,944.9,2.0848767065297915
2023,con los miembros del hogar,Lugar de nacimiento,Resto de España,2,Otras y no consta,5,20.0,944.9,2.1166260979997884
2023,con los miembros del hogar,Lugar de nacimiento,Resto de España,2,Solo castellano,4,669.3,944.9,70.83289236956291
2023,con los miembros del hogar,Lugar de nacimiento,Resto de España,2,Solo catalán,0,66.0,944.9,6.984866123399301
2023,con los miembros del hogar,Lugar de nacimiento,total,99,Igual catalán que castellano,2,442.2,6011.3,7.356145925174255
2023,con los miembros del hogar,Lugar de nacimiento,total,99,Más castellano que catalán,3,510.5,6011.3,8.492339427411707
2023,con los miembros del hogar,Lugar de nacimiento,total,99,Más catalán que castellano,1,293.4,6011.3,4.880807811954153
2023,con los miembros del hogar,Lugar de nacimiento,total,99,Otras y no consta,5,783.3,6011.3,13.03045930164856
2023,con los miembros del hogar,Lugar de nacimiento,total,99,Solo castellano,4,2364.3,6011.3,39.33092675461215
2023,con los miembros del hogar,Lugar de nacimiento,total,99,Solo catalán,0,1604.7,6011.3,26.694724934706304
2023,con los vecinos,Lugar de nacimiento,Cataluña,1,Igual catalán que castellano,2,730.2,3987.7,18.311307269854808
2023,con los vecinos,Lugar de nacimiento,Cataluña,1,Más castellano que catalán,3,479.9,3987.7,12.034506106276801
2023,con los vecinos,Lugar de nacimiento,Cataluña,1,Más catalán que castellano,1,825.7,3987.7,20.706171477292674
2023,con los vecinos,Lugar de nacimiento,Cataluña,1,Otras y no consta,5,106.10000000000001,3987.7,2.6606815959074157
2023,con los vecinos,Lugar de nacimiento,Cataluña,1,Solo castellano,4,795.3,3987.7,19.94382726885172
2023,con los vecinos,Lugar de nacimiento,Cataluña,1,Solo catalán,0,1046.8,3987.7,26.250720966973446
2023,con los vecinos,Lugar de nacimiento,Extranjero,3,Igual catalán que castellano,2,121.2,1663.9,7.284091592042791
2023,con los vecinos,Lugar de nacimiento,Extranjero,3,Más castellano que catalán,3,121.0,1663.9,7.2720716389206075
2023,con los vecinos,Lugar de nacimiento,Extranjero,3,Más catalán que castellano,1,61.7,1663.9,3.7081555381934006
2023,con los vecinos,Lugar de nacimiento,Extranjero,3,Otras y no consta,5,266.9,1663.9,16.040627441552978
2023,con los vecinos,Lugar de nacimiento,Extranjero,3,Solo castellano,4,1019.5,1663.9,61.271711040326934
2023,con los vecinos,Lugar de nacimiento,Extranjero,3,Solo catalán,0,69.6,1663.9,4.1829436865196215
2023,con los vecinos,Lugar de nacimiento,Resto de España,2,Igual catalán que castellano,2,165.8,1133.4,14.62855126169049
2023,con los vecinos,Lugar de nacimiento,Resto de España,2,Más castellano que catalán,3,115.1,1133.4,10.155284983236278
2023,con los vecinos,Lugar de nacimiento,Resto de España,2,Más catalán que castellano,1,74.6,1133.4,6.581965766719604
2023,con los vecinos,Lugar de nacimiento,Resto de España,2,Otras y no consta,5,15.9,1133.4,1.4028586553732132
2023,con los vecinos,Lugar de nacimiento,Resto de España,2,Solo castellano,4,693.3,1133.4,61.16993118051879
2023,con los vecinos,Lugar de nacimiento,Resto de España,2,Solo catalán,0,63.0,1133.4,5.558496559025939
2023,con los vecinos,Lugar de nacimiento,total,99,Igual catalán que castellano,2,1017.2,6785.1,14.991672930391593
2023,con los vecinos,Lugar de nacimiento,total,99,Más castellano que catalán,3,716.0,6785.1,10.552534229414452
2023,con los vecinos,Lugar de nacimiento,total,99,Más catalán que castellano,1,961.9,6785.1,14.176651781108603
2023,con los vecinos,Lugar de nacimiento,total,99,Otras y no consta,5,402.4,6785.1,5.930642142341306
2023,con los vecinos,Lugar de nacimiento,total,99,Solo castellano,4,2508.1,6785.1,36.96481997317652
2023,con los vecinos,Lugar de nacimiento,total,99,Solo catalán,0,1179.5,6785.1,17.38367894356752
2023,con los órganos judiciales,Lugar de nacimiento,Cataluña,1,Igual catalán que castellano,2,486.9,3987.7,12.210045891115179
2023,con los órganos judiciales,Lugar de nacimiento,Cataluña,1,Más castellano que catalán,3,345.0,3987.7,8.65160368132006
2023,con los órganos judiciales,Lugar de nacimiento,Cataluña,1,Más catalán que castellano,1,547.1,3987.7,13.71968804072523
2023,con los órganos judiciales,Lugar de nacimiento,Cataluña,1,Otras y no consta,5,1038.6,3987.7,26.045088647591342
2023,con los órganos judiciales,Lugar de nacimiento,Cataluña,1,Solo castellano,4,649.8,3987.7,16.295107455425434
2023,con los órganos judiciales,Lugar de nacimiento,Cataluña,1,Solo catalán,0,917.7,3987.7,23.013265792311362
2023,con los órganos judiciales,Lugar de nacimiento,Extranjero,3,Igual catalán que castellano,2,81.5,1663.9,4.898130897289501
2023,con los órganos judiciales,Lugar de nacimiento,Extranjero,3,Más castellano que catalán,3,65.7,1663.9,3.9485546006370575
2023,con los órganos judiciales,Lugar de nacimiento,Extranjero,3,Más catalán que castellano,1,36.1,1663.9,2.1696015385539993
2023,con los órganos judiciales,Lugar de nacimiento,Extranjero,3,Otras y no consta,5,432.9,1663.9,26.01718853296472
2023,con los órganos judiciales,Lugar de nacimiento,Extranjero,3,Solo castellano,4,966.3,1663.9,58.07440350982631
2023,con los órganos judiciales,Lugar de nacimiento,Extranjero,3,Solo catalán,0,75.4,1663.9,4.531522327062924
2023,con los órganos judiciales,Lugar de nacimiento,Resto de España,2,Igual catalán que castellano,2,102.8,1133.4,9.070054702664548
2023,con los órganos judiciales,Lugar de nacimiento,Resto de España,2,Más castellano que catalán,3,57.2,1133.4,5.0467619551791065
2023,con los órganos judiciales,Lugar de nacimiento,Resto de España,2,Más catalán que castellano,1,49.7,1133.4,4.3850361743426856
2023,con los órganos judiciales,Lugar de nacimiento,Resto de España,2,Otras y no consta,5,333.4,1133.4,29.415916710781715
2023,con los órganos judiciales,Lugar de nacimiento,Resto de España,2,Solo castellano,4,519.3,1133.4,45.81789306511381
2023,con los órganos judiciales,Lugar de nacimiento,Resto de España,2,Solo catalán,0,70.9,1133.4,6.25551438150697
2023,con los órganos judiciales,Lugar de nacimiento,total,99,Igual catalán que castellano,2,671.1,6785.1,9.89079011363134
2023,con los órganos judiciales,Lugar de nacimiento,total,99,Más castellano que catalán,3,467.8,6785.1,6.894518872234749
2023,con los órganos judiciales,Lugar de nacimiento,total,99,Más catalán que castellano,1,632.8,6785.1,9.326317961415453
2023,con los órganos judiciales,Lugar de nacimiento,total,99,Otras y no consta,5,1813.6000000000001,6785.1,26.72915653417046
2023,con los órganos judiciales,Lugar de nacimiento,total,99,Solo castellano,4,2135.4,6785.1,31.471901666887742
2023,con los órganos judiciales,Lugar de nacimiento,total,99,Solo catalán,0,1064.0,6785.1,15.681419581141029
2023,con usuarios o clientes de Cataluña,Lugar de nacimiento,Cataluña,1,Igual catalán que castellano,2,597.3,2048.3,29.160767465703263
2023,con usuarios o clientes de Cataluña,Lugar de nacimiento,Cataluña,1,Más castellano que catalán,3,273.5,2048.3,13.352536249572816
2023,con usuarios o clientes de Cataluña,Lugar de nacimiento,Cataluña,1,Más catalán que castellano,1,563.3,2048.3,27.500854367036077
2023,con usuarios o clientes de Cataluña,Lugar de nacimiento,Cataluña,1,Otras y no consta,5,178.60000000000002,2048.3,8.719425865351756
2023,con usuarios o clientes de Cataluña,Lugar de nacimiento,Cataluña,1,Solo castellano,4,134.1,2048.3,6.546892545037347
2023,con usuarios o clientes de Cataluña,Lugar de nacimiento,Cataluña,1,Solo catalán,0,292.0,2048.3,14.255724259141726
2023,con usuarios o clientes de Cataluña,Lugar de nacimiento,Extranjero,3,Igual catalán que castellano,2,102.6,732.0,14.01639344262295
2023,con usuarios o clientes de Cataluña,Lugar de nacimiento,Extranjero,3,Más castellano que catalán,3,66.9,732.0,9.139344262295083
2023,con usuarios o clientes de Cataluña,Lugar de nacimiento,Extranjero,3,Más catalán que castellano,1,33.8,732.0,4.617486338797814
2023,con usuarios o clientes de Cataluña,Lugar de nacimiento,Extranjero,3,Otras y no consta,5,181.5,732.0,24.795081967213115
2023,con usuarios o clientes de Cataluña,Lugar de nacimiento,Extranjero,3,Solo castellano,4,312.8,732.0,42.73224043715847
2023,con usuarios o clientes de Cataluña,Lugar de nacimiento,Extranjero,3,Solo catalán,0,30.1,732.0,4.112021857923497
2023,con usuarios o clientes de Cataluña,Lugar de nacimiento,Resto de España,2,Igual catalán que castellano,2,68.5,256.8,26.674454828660437
2023,con usuarios o clientes de Cataluña,Lugar de nacimiento,Resto de España,2,Más castellano que catalán,3,37.9,256.8,14.758566978193144
2023,con usuarios o clientes de Cataluña,Lugar de nacimiento,Resto de España,2,Más catalán que castellano,1,34.6,256.8,13.473520249221183
2023,con usuarios o clientes de Cataluña,Lugar de nacimiento,Resto de España,2,Otras y no consta,5,0.0,256.8,0.0
2023,con usuarios o clientes de Cataluña,Lugar de nacimiento,Resto de España,2,Solo castellano,4,75.1,256.8,29.24454828660436
2023,con usuarios o clientes de Cataluña,Lugar de nacimiento,Resto de España,2,Solo catalán,0,18.5,256.8,7.20404984423676
2023,con usuarios o clientes de Cataluña,Lugar de nacimiento,total,99,Igual catalán que castellano,2,768.4,3037.1,25.300451088209147
2023,con usuarios o clientes de Cataluña,Lugar de nacimiento,total,99,Más castellano que catalán,3,378.3,3037.1,12.455961278851536
2023,con usuarios o clientes de Cataluña,Lugar de nacimiento,total,99,Más catalán que castellano,1,631.8,3037.1,20.802739455401532
2023,con usuarios o clientes de Cataluña,Lugar de nacimiento,total,99,Otras y no consta,5,383.79999999999995,3037.1,12.63705508544335
2023,con usuarios o clientes de Cataluña,Lugar de nacimiento,total,99,Solo castellano,4,521.9,3037.1,17.18415593823055
2023,con usuarios o clientes de Cataluña,Lugar de nacimiento,total,99,Solo catalán,0,340.6,3037.1,11.214645550031282
2023,en el centro de culto,Lugar de nacimiento,Cataluña,1,Igual catalán que castellano,2,200.2,1383.3,14.472637894889035
2023,en el centro de culto,Lugar de nacimiento,Cataluña,1,Más castellano que catalán,3,87.5,1383.3,6.325453625388564
2023,en el centro de culto,Lugar de nacimiento,Cataluña,1,Más catalán que castellano,1,189.3,1383.3,13.68466710041206
2023,en el centro de culto,Lugar de nacimiento,Cataluña,1,Otras y no consta,5,141.0,1383.3,10.193016699197571
2023,en el centro de culto,Lugar de nacimiento,Cataluña,1,Solo castellano,4,264.5,1383.3,19.12094267331743
2023,en el centro de culto,Lugar de nacimiento,Cataluña,1,Solo catalán,0,490.2,1383.3,35.43699848189113
2023,en el centro de culto,Lugar de nacimiento,Extranjero,3,Igual catalán que castellano,2,21.7,796.4,2.724761426418885
2023,en el centro de culto,Lugar de nacimiento,Extranjero,3,Más castellano que catalán,3,26.1,796.4,3.2772476142641893
2023,en el centro de culto,Lugar de nacimiento,Extranjero,3,Más catalán que castellano,1,0.0,796.4,0.0
2023,en el centro de culto,Lugar de nacimiento,Extranjero,3,Otras y no consta,5,298.4,796.4,37.46860873932697
2023,en el centro de culto,Lugar de nacimiento,Extranjero,3,Solo castellano,4,399.0,796.4,50.1004520341537
2023,en el centro de culto,Lugar de nacimiento,Extranjero,3,Solo catalán,0,24.8,796.4,3.11401305876444
2023,en el centro de culto,Lugar de nacimiento,Resto de España,2,Igual catalán que castellano,2,70.4,491.7,14.317673378076066
2023,en el centro de culto,Lugar de nacimiento,Resto de España,2,Más castellano que catalán,3,33.9,491.7,6.894447834045149
2023,en el centro de culto,Lugar de nacimiento,Resto de España,2,Más catalán que castellano,1,20.6,491.7,4.1895464714256665
2023,en el centro de culto,Lugar de nacimiento,Resto de España,2,Otras y no consta,5,31.4,491.7,6.386007728289607
2023,en el centro de culto,Lugar de nacimiento,Resto de España,2,Solo castellano,4,294.4,491.7,59.87390685377262
2023,en el centro de culto,Lugar de nacimiento,Resto de España,2,Solo catalán,0,37.8,491.7,7.687614399023794
2023,en el centro de culto,Lugar de nacimiento,total,99,Igual catalán que castellano,2,292.2,2671.4,10.938084899303735
2023,en el centro de culto,Lugar de nacimiento,total,99,Más castellano que catalán,3,147.5,2671.4,5.521449427266602
2023,en el centro de culto,Lugar de nacimiento,total,99,Más catalán que castellano,1,223.9,2671.4,8.381373062813505
2023,en el centro de culto,Lugar de nacimiento,total,99,Otras y no consta,5,493.0,2671.4,18.45474283147413
2023,en el centro de culto,Lugar de nacimiento,total,99,Solo castellano,4,957.9,2671.4,35.85760275510968
2023,en el centro de culto,Lugar de nacimiento,total,99,Solo catalán,0,552.8,2671.4,20.69326944673205
2023,en el gran comercio,Lugar de nacimiento,Cataluña,1,Igual catalán que castellano,2,806.0,3987.7,20.21215236853324
2023,en el gran comercio,Lugar de nacimiento,Cataluña,1,Más castellano que catalán,3,548.8,3987.7,13.762319131328834
2023,en el gran comercio,Lugar de nacimiento,Cataluña,1,Más catalán que castellano,1,867.5,3987.7,21.75439476389899
2023,en el gran comercio,Lugar de nacimiento,Cataluña,1,Otras y no consta,5,128.1,3987.7,3.2123780625423177
2023,en el gran comercio,Lugar de nacimiento,Cataluña,1,Solo castellano,4,697.3,3987.7,17.48627028111443
2023,en el gran comercio,Lugar de nacimiento,Cataluña,1,Solo catalán,0,935.3,3987.7,23.45462296561928
2023,en el gran comercio,Lugar de nacimiento,Extranjero,3,Igual catalán que castellano,2,120.9,1663.9,7.266061662359517
2023,en el gran comercio,Lugar de nacimiento,Extranjero,3,Más castellano que catalán,3,142.3,1663.9,8.552196646433078
2023,en el gran comercio,Lugar de nacimiento,Extranjero,3,Más catalán que castellano,1,55.5,1663.9,3.3355369914057333
2023,en el gran comercio,Lugar de nacimiento,Extranjero,3,Otras y no consta,5,142.3,1663.9,8.552196646433078
2023,en el gran comercio,Lugar de nacimiento,Extranjero,3,Solo castellano,4,1122.2,1663.9,67.44395696856782
2023,en el gran comercio,Lugar de nacimiento,Extranjero,3,Solo catalán,0,67.1,1663.9,4.0326942724923365
2023,en el gran comercio,Lugar de nacimiento,Resto de España,2,Igual catalán que castellano,2,172.9,1133.4,15.254985000882302
2023,en el gran comercio,Lugar de nacimiento,Resto de España,2,Más castellano que catalán,3,104.0,1133.4,9.175930827598377
2023,en el gran comercio,Lugar de nacimiento,Resto de España,2,Más catalán que castellano,1,65.4,1133.4,5.770248808893594
2023,en el gran comercio,Lugar de nacimiento,Resto de España,2,Otras y no consta,5,48.5,1133.4,4.279160049408858
2023,en el gran comercio,Lugar de nacimiento,Resto de España,2,Solo castellano,4,671.0,1133.4,59.20239985883183
2023,en el gran comercio,Lugar de nacimiento,Resto de España,2,Solo catalán,0,67.4,1133.4,5.94670901711664
2023,en el gran comercio,Lugar de nacimiento,total,99,Igual catalán que castellano,2,1099.8,6785.1,16.209046292611752
2023,en el gran comercio,Lugar de nacimiento,total,99,Más castellano que catalán,3,795.1,6785.1,11.718323974591383
2023,en el gran comercio,Lugar de nacimiento,total,99,Más catalán que castellano,1,988.5,6785.1,14.568687270637131
2023,en el gran comercio,Lugar de nacimiento,total,99,Otras y no consta,5,338.7,6785.1,4.991820312154573
2023,en el gran comercio,Lugar de nacimiento,total,99,Solo castellano,4,2490.5,6785.1,36.705428070330576
2023,en el gran comercio,Lugar de nacimiento,total,99,Solo catalán,0,1069.8,6785.1,15.766901003669803
2023,en el pequeño comercio,Lugar de nacimiento,Cataluña,1,Igual catalán que castellano,2,795.4,3987.7,19.946334980063696
2023,en el pequeño comercio,Lugar de nacimiento,Cataluña,1,Más castellano que catalán,3,396.6,3987.7,9.945582666700103
2023,en el pequeño comercio,Lugar de nacimiento,Cataluña,1,Más catalán que castellano,1,977.0,3987.7,24.50033854101362
2023,en el pequeño comercio,Lugar de nacimiento,Cataluña,1,Otras y no consta,5,79.39999999999999,3987.7,1.9911227023096019
2023,en el pequeño comercio,Lugar de nacimiento,Cataluña,1,Solo castellano,4,572.8,3987.7,14.364169822203273
2023,en el pequeño comercio,Lugar de nacimiento,Cataluña,1,Solo catalán,0,1163.1,3987.7,29.167189106502494
2023,en el pequeño comercio,Lugar de nacimiento,Extranjero,3,Igual catalán que castellano,2,143.8,1663.9,8.64234629484945
2023,en el pequeño comercio,Lugar de nacimiento,Extranjero,3,Más castellano que catalán,3,128.1,1663.9,7.698779974758098
2023,en el pequeño comercio,Lugar de nacimiento,Extranjero,3,Más catalán que castellano,1,78.7,1663.9,4.729851553578941
2023,en el pequeño comercio,Lugar de nacimiento,Extranjero,3,Otras y no consta,5,181.1,1663.9,10.884067552136546
2023,en el pequeño comercio,Lugar de nacimiento,Extranjero,3,Solo castellano,4,1040.4,1663.9,62.52779614159505
2023,en el pequeño comercio,Lugar de nacimiento,Extranjero,3,Solo catalán,0,86.8,1663.9,5.216659655027344
2023,en el pequeño comercio,Lugar de nacimiento,Resto de España,2,Igual catalán que castellano,2,160.3,1133.4,14.143285689077112
2023,en el pequeño comercio,Lugar de nacimiento,Resto de España,2,Más castellano que catalán,3,108.8,1133.4,9.599435327333685
2023,en el pequeño comercio,Lugar de nacimiento,Resto de España,2,Más catalán que castellano,1,88.1,1133.4,7.773072172225162
2023,en el pequeño comercio,Lugar de nacimiento,Resto de España,2,Otras y no consta,5,31.2,1133.4,2.7527792482795124
2023,en el pequeño comercio,Lugar de nacimiento,Resto de España,2,Solo castellano,4,650.9,1133.4,57.42897476619022
2023,en el pequeño comercio,Lugar de nacimiento,Resto de España,2,Solo catalán,0,89.1,1133.4,7.861302276336684
2023,en el pequeño comercio,Lugar de nacimiento,total,99,Igual catalán que castellano,2,1099.4,6785.1,16.203151022092527
2023,en el pequeño comercio,Lugar de nacimiento,total,99,Más castellano que catalán,3,633.6,6785.1,9.338108502453906
2023,en el pequeño comercio,Lugar de nacimiento,total,99,Más catalán que castellano,1,1143.8,6785.1,16.857526049726605
2023,en el pequeño comercio,Lugar de nacimiento,total,99,Otras y no consta,5,305.20000000000005,6785.1,4.498091406169401
2023,en el pequeño comercio,Lugar de nacimiento,total,99,Solo castellano,4,2264.0,6785.1,33.36723113881888
2023,en el pequeño comercio,Lugar de nacimiento,total,99,Solo catalán,0,1339.0,6785.1,19.73441806310887
2023,en la entidad financiera,Lugar de nacimiento,Cataluña,1,Igual catalán que castellano,2,544.4,3987.7,13.651979838001857
2023,en la entidad financiera,Lugar de nacimiento,Cataluña,1,Más castellano que catalán,3,250.2,3987.7,6.274293452366026
2023,en la entidad financiera,Lugar de nacimiento,Cataluña,1,Más catalán que castellano,1,640.5,3987.7,16.061890312711586
2023,en la entidad financiera,Lugar de nacimiento,Cataluña,1,Otras y no consta,5,306.5,3987.7,7.686134864708981
2023,en la entidad financiera,Lugar de nacimiento,Cataluña,1,Solo castellano,4,609.5,3987.7,15.284499836998771
2023,en la entidad financiera,Lugar de nacimiento,Cataluña,1,Solo catalán,0,1634.8,3987.7,40.996062893397195
2023,en la entidad financiera,Lugar de nacimiento,Extranjero,3,Igual catalán que castellano,2,96.7,1663.9,5.811647334575395
2023,en la entidad financiera,Lugar de nacimiento,Extranjero,3,Más castellano que catalán,3,91.1,1663.9,5.4750886471542755
2023,en la entidad financiera,Lugar de nacimiento,Extranjero,3,Más catalán que castellano,1,58.6,1663.9,3.521846264799567
2023,en la entidad financiera,Lugar de nacimiento,Extranjero,3,Otras y no consta,5,196.9,1663.9,11.83364384878899
2023,en la entidad financiera,Lugar de nacimiento,Extranjero,3,Solo castellano,4,1091.2,1663.9,65.58086423462949
2023,en la entidad financiera,Lugar de nacimiento,Extranjero,3,Solo catalán,0,117.2,1663.9,7.043692529599134
2023,en la entidad financiera,Lugar de nacimiento,Resto de España,2,Igual catalán que castellano,2,132.8,1133.4,11.716957826010235
2023,en la entidad financiera,Lugar de nacimiento,Resto de España,2,Más castellano que catalán,3,64.8,1133.4,5.71731074642668
2023,en la entidad financiera,Lugar de nacimiento,Resto de España,2,Más catalán que castellano,1,59.6,1133.4,5.258514205046762
2023,en la entidad financiera,Lugar de nacimiento,Resto de España,2,Otras y no consta,5,89.4,1133.4,7.887771307570143
2023,en la entidad financiera,Lugar de nacimiento,Resto de España,2,Solo castellano,4,658.2,1133.4,58.07305452620434
2023,en la entidad financiera,Lugar de nacimiento,Resto de España,2,Solo catalán,0,124.6,1133.4,10.993470972295746
2023,en la entidad financiera,Lugar de nacimiento,total,99,Igual catalán que castellano,2,774.0,6785.1,11.407348454702214
2023,en la entidad financiera,Lugar de nacimiento,total,99,Más castellano que catalán,3,406.1,6785.1,5.985173394644146
2023,en la entidad financiera,Lugar de nacimiento,total,99,Más catalán que castellano,1,758.7,6785.1,11.181854357341821
2023,en la entidad financiera,Lugar de nacimiento,total,99,Otras y no consta,5,610.7,6785.1,9.00060426522822
2023,en la entidad financiera,Lugar de nacimiento,total,99,Solo castellano,4,2358.9,6785.1,34.76588406950524
2023,en la entidad financiera,Lugar de nacimiento,total,99,Solo catalán,0,1876.6,6785.1,27.657661640948543
