"Municipi origen inscrits","Codi municipi","Any","Inscripcions Totals","Inscripcions segons nivell. Inicials i B1","Inscripcions segons nivell. B2, B3 i elementals","Inscripcions segons nivell. Intermedis i suficiència","Inscripcions segons origen. Nascuts a Catalunya","Inscripcions segons origen. Nascuts a la resta d'Espanya","Inscripcions segons origen. Nascuts a l'estranger","Inscripcions segons origen. Sense dades","Inscripcions segons origen 2 (resta del món). Nascuts a UE","Inscripcions segons origen 2 (resta del món). Nascuts a resta d'Europa","Inscripcions segons origen 2 (resta del món). Nascuts a Nord d'Àfrica","Inscripcions segons origen 2 (resta del món). Nascuts a la resta d'Àfrica","Inscripcions segons origen 2 (resta del món). Nascuts a Amèrica del sud i central","Inscripcions segons origen 2 (resta del món). Nascuts a Àsia","Inscripcions segons origen 2 (resta del món). Nascuts a resta del món"
"Abella de la Conca","250019","2011","1",,,"1","1",,"0",,,,,,,,
"Abella de la Conca","250019","2012","0",,,,,,"0",,,,,,,,
"Abella de la Conca","250019","2013","0",,,,,,"0",,,,,,,,
"Abella de la Conca","250019","2014","0",,,,,,"0",,,,,,,,
"Abella de la Conca","250019","2015","0",,,,,,"0",,,,,,,,
"Abella de la Conca","250019","2016","0",,,,,,"0",,,,,,,,
"Abella de la Conca","250019","2017","0",,,,,,"0",,,,,,,,
"Abella de la Conca","250019","2018","0",,,,,,"0",,,,,,,,
"Abella de la Conca","250019","2019","0",,,,,,"0",,,,,,,,
"Abella de la Conca","250019","2020","0",,,,,,"0",,,,,,,,
"Abella de la Conca","250019","2021","0",,,,,,"0",,,,,,,,
"Abella de la Conca","250019","2022","1",,,"1","1",,,,,,,,,,
"Abella de la Conca","250019","2023","1",,,"1","1",,,,,,,,,,
"Abrera","080018","2011","161","50","75","36","36","29","92","4","8","7","38","3","34","2",
"Abrera","080018","2012","191","76","74","41","54","38","99",,"8","1","44","1","45",,
"Abrera","080018","2013","90","22","44","24","20","30","40",,"3","3","16","1","16","1",
"Abrera","080018","2014","85","25","50","10","10","38","37",,"5","2","7","3","18","2",
"Abrera","080018","2015","93","6","69","18","19","40","34",,"4","1","13","3","12","1",
"Abrera","080018","2016","88","20","31","37","17","25","45","1","1","3","12","5","24",,
"Abrera","080018","2017","93","21","24","48","19","23","49","2","1","5","6","2","33","2",
"Abrera","080018","2018","116","27","35","54","28","24","63","1","5","2","12",,"43","1",
"Abrera","080018","2019","131","26","62","43","32","11","88",,"4","1","16","1","62","4",
"Abrera","080018","2020","95","35","37","23","18","14","61","2",,"2","10","2","43","4",
"Abrera","080018","2021","63","16","30","17","7","10","36","10","3",,"2","3","28",,
"Abrera","080018","2022","112","71","21","20","5","5","102","7","1","1","41","3","48","1",
"Abrera","080018","2023","108","44","43","21","11","5","92","1","6","1","11",,"73",,
"Àger","250024","2011","0",,,,,,"0",,,,,,,,
"Àger","250024","2012","0",,,,,,"0",,,,,,,,
"Àger","250024","2013","0",,,,,,"0",,,,,,,,
"Àger","250024","2014","1",,,"1",,"1","0",,,,,,,,
"Àger","250024","2015","4",,,"4","1","2","1",,,,,,"1",,
"Àger","250024","2016","3",,,"3",,"2","1",,,,,,"1",,
"Àger","250024","2017","1",,,"1",,"1","0",,,,,,,,
"Àger","250024","2018","2",,,"2",,"2","0",,,,,,,,
"Àger","250024","2019","0",,,,,,"0",,,,,,,,
"Àger","250024","2020","0",,,,,,"0",,,,,,,,
"Àger","250024","2021","0",,,,,,"0",,,,,,,,
"Àger","250024","2022","2",,,"2","1",,"1",,,,,,"1",,
"Àger","250024","2023","8","1","4","3","3","1","4",,,"2",,,"2",,
"Agramunt","250030","2011","53","36","16","1",,,"53",,"8","2","18","5","20",,
"Agramunt","250030","2012","21","8","11","2",,"1","20",,,"2","12","3","3",,
"Agramunt","250030","2013","17","14",,"3","2",,"15",,"2","2","8","2","1",,
"Agramunt","250030","2014","12","10","2",,,,"12",,"1",,"4","5","2",,
"Agramunt","250030","2015","1",,"1",,,,"1",,,,,,"1",,
"Agramunt","250030","2016","15","15",,,,"1","14",,"2",,"8",,"3","1",
"Agramunt","250030","2017","16","15",,"1","1",,"15",,,,"15",,,,
"Agramunt","250030","2018","14","13",,"1","1",,"13",,,,"12",,"1",,
"Agramunt","250030","2019","39","29","10",,,,"39",,,,"30","2","7",,
"Agramunt","250030","2020","21","21",,,,"1","18","2",,,"4",,"14",,
"Agramunt","250030","2021","11","7","4",,,,"4","7",,"2",,,"2",,
"Agramunt","250030","2022","27","19","5","3",,,"27","3","1","9","6","3","5",,
"Agramunt","250030","2023","30","22","8",,,"1","29",,"7","7","2","5","8",,
"Aguilar de Segarra","080023","2011","0",,,,,,"0",,,,,,,,
"Aguilar de Segarra","080023","2012","2",,"1","1",,"1","1",,,,,,"1",,
"Aguilar de Segarra","080023","2013","0",,,,,,"0",,,,,,,,
"Aguilar de Segarra","080023","2014","1",,,"1","1",,"0",,,,,,,,
"Aguilar de Segarra","080023","2015","0",,,,,,"0",,,,,,,,
"Aguilar de Segarra","080023","2016","0",,,,,,"0",,,,,,,,
"Aguilar de Segarra","080023","2017","0",,,,,,"0",,,,,,,,
"Aguilar de Segarra","080023","2018","0",,,,,,"0",,,,,,,,
"Aguilar de Segarra","080023","2019","0",,,,,,"0",,,,,,,,
"Aguilar de Segarra","080023","2020","0",,,,,,"0",,,,,,,,
"Aguilar de Segarra","080023","2021","3",,,"3",,,"0","3",,,,,,,
"Aguilar de Segarra","080023","2022","8","1","2","5",,,"8","8",,,,,,,
"Aguilar de Segarra","080023","2023","3",,"2","1",,,"3","2",,,,,"1",,
"Agullana","170010","2011","10",,"7","3","1","2","6","1","2",,"3",,"1",,
"Agullana","170010","2012","3","2","1",,,,"3",,,"1","1","1",,,
"Agullana","170010","2013","3","3",,,"1",,"2",,"1",,,"1",,,
"Agullana","170010","2014","0",,,,,,"0",,,,,,,,
"Agullana","170010","2015","0",,,,,,"0",,,,,,,,
"Agullana","170010","2016","2","1","1",,,"2","0",,,,,,,,
"Agullana","170010","2017","6","4",,"2",,"3","3",,,,,"1","1","1",
"Agullana","170010","2018","6","4",,"2",,"3","3",,,,,"1","1","1",
"Agullana","170010","2019","3",,"1","2",,"3","0",,,,,,,,
"Agullana","170010","2020","3",,"2","1",,"3","0",,,,,,,,
"Agullana","170010","2021","10","5","2","3",,"5","2","3",,,,,"2",,
"Agullana","170010","2022","5",,"1","4",,"5",,,,,,,,,
"Agullana","170010","2023","3",,,"3",,"3",,,,,,,,,
"Aiguafreda","080142","2011","5","1","1","3","3",,"2",,,,"1",,,"1",
"Aiguafreda","080142","2012","2","1",,"1","1",,"1",,"1",,,,,,
"Aiguafreda","080142","2013","4","1","3",,,,"4",,"2",,,,"2",,
"Aiguafreda","080142","2014","2",,"1","1",,,"2",,"2",,,,,,
"Aiguafreda","080142","2015","2","1",,"1",,"1","1",,"1",,,,,,
"Aiguafreda","080142","2016","2",,"1","1","1","1","0",,,,,,,,
"Aiguafreda","080142","2017","2","1","1",,,,"2",,,,,,"2",,
"Aiguafreda","080142","2018","4","1","2","1",,,"4",,"1",,,,"3",,
"Aiguafreda","080142","2019","20","10","6","4",,"1","19",,"1","1","2",,"13",,"2"
"Aiguafreda","080142","2020","3",,,"3",,"2","1",,"1",,,,,,
"Aiguafreda","080142","2021","13","13",,,,,"13",,,"1","6",,"6",,
"Aiguafreda","080142","2022","4","1","2","1","1",,"3",,,,,,"3",,
"Aiguafreda","080142","2023","31","25","2","4","4",,"27",,"2","2","11",,"12",,
"Aiguamúrcia","430017","2011","7","4","1","2","4",,"3",,"2",,,,"1",,
"Aiguamúrcia","430017","2012","0",,,,,,"0",,,,,,,,
"Aiguamúrcia","430017","2013","1",,,"1","1",,"0",,,,,,,,
"Aiguamúrcia","430017","2014","4","2",,"2","2",,"2",,,,,,"2",,
"Aiguamúrcia","430017","2015","1","1",,,,,"1",,,,,,"1",,
"Aiguamúrcia","430017","2016","0",,,,,,"0",,,,,,,,
"Aiguamúrcia","430017","2017","1",,"1",,,"1","0",,,,,,,,
"Aiguamúrcia","430017","2018","0",,,,,,"0",,,,,,,,
"Aiguamúrcia","430017","2019","5","4",,"1",,"1","4",,,,"1",,"3",,
"Aiguamúrcia","430017","2020","1",,,"1",,"1","0",,,,,,,,
"Aiguamúrcia","430017","2021","0",,,,,,"0",,,,,,,,
"Aiguamúrcia","430017","2022","1","1",,,,,"1",,,,"1",,,,
"Aiguaviva","170025","2011","2",,,"2",,"2","0",,,,,,,,
"Aiguaviva","170025","2012","1",,"1",,,,"1",,,,,,"1",,
"Aiguaviva","170025","2013","2",,"1","1",,"1","1",,,,,,"1",,
"Aiguaviva","170025","2014","0",,,,,,"0",,,,,,,,
"Aiguaviva","170025","2015","0",,,,,,"0",,,,,,,,
"Aiguaviva","170025","2016","2",,,"2","2",,"0",,,,,,,,
"Aiguaviva","170025","2017","1",,,"1","1",,"0",,,,,,,,
"Aiguaviva","170025","2018","0",,,,,,"0",,,,,,,,
"Aiguaviva","170025","2019","2","2",,,,,"2",,,,,,"2",,
"Aiguaviva","170025","2020","0",,,,,,"0",,,,,,,,
"Aiguaviva","170025","2021","6","5",,"1",,,"0","6",,,,,,,
"Aiguaviva","170025","2022","1",,"1",,,,"1",,,,,,"1",,
"Aiguaviva","170025","2023","1",,"1",,,,"1",,,,,,"1",,
"Aitona","250387","2011","79","69",,"10","5","2","72",,"9",,"61","1",,"1",
"Aitona","250387","2012","85","78",,"7","5",,"80",,"3",,"76",,"1",,
"Aitona","250387","2013","30","26","2","2","2",,"28",,"3",,"25",,,,
"Aitona","250387","2014","4","2",,"2","2",,"2",,"1",,"1",,,,
"Aitona","250387","2015","56","55","1",,,,"56",,"3",,"52","1",,,
"Aitona","250387","2016","1","1",,,,,"1",,,,"1",,,,
"Aitona","250387","2017","19","17","1","1",,,"19",,"2",,"17",,,,
"Aitona","250387","2018","13","9","1","3","3",,"10",,,,"10",,,,
"Aitona","250387","2019","28","24","2","2","2",,"26",,"2",,"23",,,"1",
"Aitona","250387","2020","4",,"3","1",,,"3","1",,,"2",,,"1",
"Aitona","250387","2021","4","1","3",,,,"4",,,,"2",,,"2",
"Aitona","250387","2022","23","19","2","2",,,"23",,"6","1","14",,"1","1",
"Aitona","250387","2023","16","1","12","3",,,"16",,"2",,"10",,"1","3",
"Alàs i Cerc","250058","2011","0",,,,,,"0",,,,,,,,
"Alàs i Cerc","250058","2012","0",,,,,,"0",,,,,,,,
"Alàs i Cerc","250058","2013","0",,,,,,"0",,,,,,,,
"Alàs i Cerc","250058","2014","0",,,,,,"0",,,,,,,,
"Alàs i Cerc","250058","2015","0",,,,,,"0",,,,,,,,
"Alàs i Cerc","250058","2016","0",,,,,,"0",,,,,,,,
"Alàs i Cerc","250058","2017","0",,,,,,"0",,,,,,,,
"Alàs i Cerc","250058","2018","0",,,,,,"0",,,,,,,,
"Alàs i Cerc","250058","2019","0",,,,,,"0",,,,,,,,
"Alàs i Cerc","250058","2020","1",,,"1",,"1","0",,,,,,,,
"Alàs i Cerc","250058","2021","3",,,"3",,"3","0",,,,,,,,
"Alàs i Cerc","250058","2022","2",,,"2",,"2",,,,,,,,,
"Albanyà","170031","2011","0",,,,,,"0",,,,,,,,
"Albanyà","170031","2012","0",,,,,,"0",,,,,,,,
"Albanyà","170031","2013","0",,,,,,"0",,,,,,,,
"Albanyà","170031","2014","0",,,,,,"0",,,,,,,,
"Albanyà","170031","2015","0",,,,,,"0",,,,,,,,
"Albanyà","170031","2016","1",,,"1","1",,"0",,,,,,,,
"Albanyà","170031","2017","0",,,,,,"0",,,,,,,,
"Albanyà","170031","2018","0",,,,,,"0",,,,,,,,
"Albanyà","170031","2019","0",,,,,,"0",,,,,,,,
"Albanyà","170031","2020","1",,"1",,,,"1",,"1",,,,,,
"Albanyà","170031","2021","0",,,,,,"0",,,,,,,,
"Albanyà","170031","2022","1","1",,,,,"1",,"1",,,,,,
"Albatàrrec","250077","2011","7",,"3","4","4","2","1",,,,,,"1",,
"Albatàrrec","250077","2012","6","1","3","2","1","4","1",,,,,,"1",,
"Albatàrrec","250077","2013","11","2","4","5","2","5","4",,"1",,"2",,"1",,
"Albatàrrec","250077","2014","8",,"4","4","2","6","0",,,,,,,,
"Albatàrrec","250077","2015","3","1","1","1","1","1","1",,,,,,,"1",
"Albatàrrec","250077","2016","24","16","5","3","3","1","20",,"3","3","6","2","3","3",
"Albatàrrec","250077","2017","18","11","3","4","5",,"13",,"1","1","6",,"3","2",
"Albatàrrec","250077","2018","8","1","1","6","4",,"4",,,,"1",,"1","2",
"Albatàrrec","250077","2019","13","6","2","5","5",,"8",,,"1",,,"7",,
"Albatàrrec","250077","2020","8","2","3","3","2",,"6",,,"2","1",,"3",,
"Albatàrrec","250077","2021","15","3","2","10",,"1","8","6","1",,"5",,"2",,
"Albatàrrec","250077","2022","12","3","5","4","1","1","10","3",,,"3",,"4",,
"Albatàrrec","250077","2023","19","9","7","3","1","3","15","1","2",,"1",,"11",,
"Albesa","250083","2011","40","3","34","3","2","1","37",,"1","1","1","33","1",,
"Albesa","250083","2012","22","21","1",,,"1","21",,,,,"21",,,
"Albesa","250083","2013","1",,"1",,,"1","0",,,,,,,,
"Albesa","250083","2014","0",,,,,,"0",,,,,,,,
"Albesa","250083","2015","0",,,,,,"0",,,,,,,,
"Albesa","250083","2016","0",,,,,,"0",,,,,,,,
"Albesa","250083","2017","1",,"1",,,"1","0",,,,,,,,
"Albesa","250083","2018","2",,"1","1","1","1","0",,,,,,,,
"Albesa","250083","2019","0",,,,,,"0",,,,,,,,
"Albesa","250083","2020","3","3",,,,,"3",,,,,,"3",,
"Albesa","250083","2021","3",,"2","1",,"2","0","1",,,,,,,
"Albesa","250083","2022","4","1","1","2","1","2","1","1",,,,,,,
"Albesa","250083","2023","4","1","1","2","2",,"2","1",,,,,"1",,
"Albinyana","430022","2011","18",,"6","12","6","6","6",,,,,,"6",,
"Albinyana","430022","2012","14","1","2","11","4","2","7","1",,,,,"7",,
"Albinyana","430022","2013","13","3","5","5","2","6","5",,"1",,"1",,"3",,
"Albinyana","430022","2014","3","3",,,,"3","0",,,,,,,,
"Albinyana","430022","2015","9","3","3","3","1","7","1",,,,"1",,,,
"Albinyana","430022","2016","5","1","2","2","2","2","1",,"1",,,,,,
"Albinyana","430022","2017","8",,"1","7","6","2","0",,,,,,,,
"Albinyana","430022","2018","9","1",,"8","6","2","1",,,"1",,,,,
"Albinyana","430022","2019","5","1","1","3","3","2","0",,,,,,,,
"Albinyana","430022","2020","3","2",,"1","1","1","1",,,,,,"1",,
"Albinyana","430022","2021","7","5","1","1",,,"0","7",,,,,,,
"Albinyana","430022","2022","13","4","4","5","6","1","6","4",,"2",,,,,
"Albinyana","430022","2023","12","2","7","3","6",,"6",,,"4",,"1","1",,
"Albons","170046","2011","7","1","2","4","2","1","3","1","3",,,,,,
"Albons","170046","2012","4",,"1","3","1","2","1",,"1",,,,,,
"Albons","170046","2013","2","2",,,,,"2",,,"2",,,,,
"Albons","170046","2014","5","2","2","1","1",,"4",,,"2",,,"2",,
"Albons","170046","2015","5",,"2","3","3",,"2",,"1",,,,,"1",
"Albons","170046","2016","5","2","3",,,,"5",,"4",,,,"1",,
"Albons","170046","2017","8","5","1","2",,,"8",,"5",,,"1","2",,
"Albons","170046","2018","2",,"1","1",,,"2",,"1",,,,"1",,
"Albons","170046","2019","1",,,"1",,,"0","1",,,,,,,
"Albons","170046","2020","3","1",,"2",,,"0","3",,,,,,,
"Albons","170046","2021","4",,,"4",,"3","0","1",,,,,,,
"Albons","170046","2022","2",,,"2","1",,"1","1",,,,,,,
"Albons","170046","2023","3","2",,"1",,"1","2",,"1",,,,"1",,
"Alcanar","430043","2011","0",,,,,,"0",,,,,,,,
"Alcanar","430043","2012","6","2","3","1","1",,"5",,,,"2",,,"3",
"Alcanar","430043","2013","6","1","1","4","3",,"2","1","1",,,,,"1",
"Alcanar","430043","2014","4",,"1","3","1","3","0",,,,,,,,
"Alcanar","430043","2015","7","2",,"5","4","1","2",,,"1",,,,"1",
"Alcanar","430043","2016","3",,,"3","3",,"0",,,,,,,,
"Alcanar","430043","2017","6",,,"6","6",,"0",,,,,,,,
"Alcanar","430043","2018","1",,,"1","1",,"0",,,,,,,,
"Alcanar","430043","2019","8","7",,"1",,"1","7",,,,"7",,,,
"Alcanar","430043","2020","3","2","1",,,,"3",,"1",,"1",,"1",,
"Alcanar","430043","2021","3",,"3",,,,"3",,"3",,,,,,
"Alcanar","430043","2023","4","1","2","1","1",,"3",,"3",,,,,,
"Alcanó","250100","2011","1",,,"1",,,"0","1",,,,,,,
"Alcanó","250100","2012","0",,,,,,"0",,,,,,,,
"Alcanó","250100","2013","1",,,"1","1",,"0",,,,,,,,
"Alcanó","250100","2014","2",,,"2","2",,"0",,,,,,,,
"Alcanó","250100","2015","0",,,,,,"0",,,,,,,,
"Alcanó","250100","2016","0",,,,,,"0",,,,,,,,
"Alcanó","250100","2017","1",,"1",,,,"1",,,,,,"1",,
"Alcanó","250100","2018","1",,"1",,,,"1",,,,,,"1",,
"Alcanó","250100","2019","3",,"2","1",,,"3",,,,,,"3",,
"Alcanó","250100","2020","0",,,,,,"0",,,,,,,,
"Alcanó","250100","2021","0",,,,,,"0",,,,,,,,
"Alcanó","250100","2022","3",,,"3",,,"3",,,,,,"3",,
"Alcarràs","250117","2011","173","83","61","29","27","10","136",,"21",,"22","75","18",,
"Alcarràs","250117","2012","174","86","70","18","18","17","136","3","19","1","27","65","21","2","1"
"Alcarràs","250117","2013","37","26","4","7","4","3","30",,"6","1","5","10","5","3",
"Alcarràs","250117","2014","85","59","20","6","3","3","78","1","17","2","10","28","16","5",
"Alcarràs","250117","2015","46","32","4","10","5",,"41",,"10","1","4","19","5","2",
"Alcarràs","250117","2016","43","28","9","6","2","5","36",,"3","3","5","21","4",,
"Alcarràs","250117","2017","23","8","6","9","1","7","15",,"2","5","5","3",,,
"Alcarràs","250117","2018","47","33","9","5","4",,"43",,"6","3","6","16","12",,
"Alcarràs","250117","2019","104","86","10","8","5","4","95",,"14","2","20","37","21","1",
"Alcarràs","250117","2020","38","23","5","10","9",,"29",,"2",,"9","16","2",,
"Alcarràs","250117","2021","27","10","10","7","7",,"13","7","2","2","3","4","2",,
"Alcarràs","250117","2022","71","56","10","5","4","1","66","7","3","1","12","15","28",,
"Alcarràs","250117","2023","60","31","18","11","10","7","43","1","8",,"3","6","25",,
"Alcoletge","250122","2011","12","5","2","5","5",,"7",,"2",,,"2","3",,
"Alcoletge","250122","2012","39","26","6","7","5","5","29",,"4","1","7","12","5",,
"Alcoletge","250122","2013","9","1","1","7","4","5","0",,,,,,,,
"Alcoletge","250122","2014","5","1","2","2","2","2","1",,,,,,"1",,
"Alcoletge","250122","2015","1","1",,,,,"1",,,,,,"1",,
"Alcoletge","250122","2016","5","1","3","1","1","2","2",,,,,,"2",,
"Alcoletge","250122","2017","2",,"1","1","1",,"1",,,,,,"1",,
"Alcoletge","250122","2018","7","1","2","4","2","3","2",,"1","1",,,,,
"Alcoletge","250122","2019","3","1",,"2","1","1","1",,,,,,"1",,
"Alcoletge","250122","2020","6","2",,"4","3",,"2","1",,,,"1","1",,
"Alcoletge","250122","2021","13","6","2","5","3",,"1","9",,,,"1",,,
"Alcoletge","250122","2022","6","3","2","1",,,"6","4",,,"1","1",,,
"Alcoletge","250122","2023","9","2","5","2","1","2","6","2","3",,,,"1",,
"Alcover","430056","2011","24","9","2","13","11","3","10",,"7",,"2",,"1",,
"Alcover","430056","2012","35","23","3","9","7","4","24",,"3",,"20","1",,,
"Alcover","430056","2013","5",,,"5","3","2","0",,,,,,,,
"Alcover","430056","2014","6","1","4","1","1",,"5",,"1",,"2",,"2",,
"Alcover","430056","2015","4",,"1","3","2","2","0",,,,,,,,
"Alcover","430056","2016","10","2","4","4","3","1","6",,"1","5",,,,,
"Alcover","430056","2017","9","2",,"7",,"4","5",,"2","1",,,"2",,
"Alcover","430056","2018","11","2","5","4",,"2","9",,,"5",,,"4",,
"Alcover","430056","2019","7","2",,"5","1","4","2",,,,"2",,,,
"Alcover","430056","2020","7","1","1","5","5",,"2",,,,"2",,,,
"Alcover","430056","2021","5","1","2","2","2",,"1","2",,"1",,,,,
"Alcover","430056","2022","6",,"4","2",,,"6","1","1","3",,,"1",,
"Alcover","430056","2023","6","2","1","3",,,"6","1","1","2","1",,"1",,
"Aldover","430069","2011","6","4","1","1",,"1","5",,"5",,,,,,
"Aldover","430069","2012","7","4",,"3",,"3","4",,,,,,"4",,
"Aldover","430069","2013","2",,,"2",,"2","0",,,,,,,,
"Aldover","430069","2014","0",,,,,,"0",,,,,,,,
"Aldover","430069","2015","0",,,,,,"0",,,,,,,,
"Aldover","430069","2016","1",,,"1",,,"1",,"1",,,,,,
"Aldover","430069","2017","1","1",,,,,"1",,"1",,,,,,
"Aldover","430069","2018","0",,,,,,"0",,,,,,,,
"Aldover","430069","2019","4","4",,,,"1","3",,"3",,,,,,
"Aldover","430069","2020","1",,"1",,,,"1",,"1",,,,,,
"Aldover","430069","2021","1",,,"1",,"1","0",,,,,,,,
"Aldover","430069","2022","4",,,"4",,"4",,,,,,,,,
"Aldover","430069","2023","2",,,"2",,"2",,,,,,,,,
"Alella","080039","2011","23","4","7","12","7","6","9","1","3",,,,"6",,
"Alella","080039","2012","17","5","7","5","1","6","9","1","5",,,,"3",,"1"
"Alella","080039","2013","26","6","5","15","6","11","9",,"1","1","2",,"3","2",
"Alella","080039","2014","18",,"7","11","10","5","3",,,,"1",,"2",,
"Alella","080039","2015","8","2","4","2","4",,"4",,,,,,"4",,
"Alella","080039","2016","16","5","5","6","4","5","6","1","1","1",,,"4",,
"Alella","080039","2017","12","3","5","4","4","4","4",,,,,,"4",,
"Alella","080039","2018","15","3","4","8","7","3","5",,,,"2",,"3",,
"Alella","080039","2019","25","5","10","10","7","3","15",,"1","1",,,"13",,
"Alella","080039","2020","22","5","5","12","9","3","9","1",,"1",,,"8",,
"Alella","080039","2021","18","7","10","1",,"3","3","12",,"1",,,"2",,
"Alella","080039","2022","21","8","8","5","2","5","14","6",,,,,"8",,
"Alella","080039","2023","42","17","18","7","11","2","29","1",,"1","1",,"22","4",
"Alfara de Carles","430081","2011","0",,,,,,"0",,,,,,,,
"Alfara de Carles","430081","2012","0",,,,,,"0",,,,,,,,
"Alfara de Carles","430081","2013","0",,,,,,"0",,,,,,,,
"Alfara de Carles","430081","2014","0",,,,,,"0",,,,,,,,
"Alfara de Carles","430081","2015","1","1",,,,"1","0",,,,,,,,
"Alfara de Carles","430081","2016","0",,,,,,"0",,,,,,,,
"Alfara de Carles","430081","2017","3","2","1",,,"2","1",,,,,,"1",,
"Alfara de Carles","430081","2018","1","1",,,,,"1",,,,,,"1",,
"Alfara de Carles","430081","2019","0",,,,,,"0",,,,,,,,
"Alfara de Carles","430081","2020","1",,,"1",,"1","0",,,,,,,,
"Alfara de Carles","430081","2021","0",,,,,,"0",,,,,,,,
"Alfarràs","250138","2011","8",,,"8","3","5","0",,,,,,,,
"Alfarràs","250138","2012","4","1","1","2","2","1","1",,,,,,"1",,
"Alfarràs","250138","2013","6","1","4","1","1","2","3",,,,,"1","2",,
"Alfarràs","250138","2014","1",,,"1",,"1","0",,,,,,,,
"Alfarràs","250138","2015","3","1","1","1","2",,"1",,,,,,"1",,
"Alfarràs","250138","2016","2",,"2",,"1",,"1",,,,,,"1",,
"Alfarràs","250138","2017","1",,"1",,"1",,"0",,,,,,,,
"Alfarràs","250138","2018","0",,,,,,"0",,,,,,,,
"Alfarràs","250138","2019","41","33","8",,"2","6","30","3","4",,"10","14",,"2",
"Alfarràs","250138","2020","3",,"3",,,,"3",,"2",,"1",,,,
"Alfarràs","250138","2021","167","133","8","26",,,"18","149",,,"6","5","5","2",
"Alfarràs","430081","2022","422","200","149","73","2","4","416","352","1","5","20","10","27","1",
"Alfarràs","250138","2023","92","18","46","28","2","3","87","59",,"4","10","3","10","1",
"Alfés","250143","2011","2",,,"2","2",,"0",,,,,,,,
"Alfés","250143","2012","0",,,,,,"0",,,,,,,,
"Alfés","250143","2013","0",,,,,,"0",,,,,,,,
"Alfés","250143","2014","0",,,,,,"0",,,,,,,,
"Alfés","250143","2015","3",,,"3","3",,"0",,,,,,,,
"Alfés","250143","2016","2",,,"2","2",,"0",,,,,,,,
"Alfés","250143","2017","0",,,,,,"0",,,,,,,,
"Alfés","250143","2018","0",,,,,,"0",,,,,,,,
"Alfés","250143","2019","3",,,"3",,"3","0",,,,,,,,
"Alfés","250143","2020","2",,,"2",,"2","0",,,,,,,,
"Alfés","250143","2021","0",,,,,,"0",,,,,,,,
"Alforja","430094","2011","19","1","7","11","10","1","7","1","7",,,,,,
"Alforja","430094","2012","15","4","3","8","6",,"9",,"6",,"1",,"2",,
"Alforja","430094","2013","8","2",,"6","4",,"4",,"2",,"1",,"1",,
"Alforja","430094","2014","6",,,"6","4",,"2",,"2",,,,,,
"Alforja","430094","2015","3",,"1","2","2",,"1",,,,,,"1",,
"Alforja","430094","2016","1",,,"1","1",,"0",,,,,,,,
"Alforja","430094","2017","8","4","2","2","1",,"7",,"4","2",,,"1",,
"Alforja","430094","2018","4",,"2","2",,,"4",,"3",,,,"1",,
"Alforja","430094","2019","13",,"1","12","1","1","11",,"3",,,,"8",,
"Alforja","430094","2020","5",,"1","4","1",,"4",,"1",,,,"3",,
"Alforja","430094","2021","4","1",,"3",,,"0","4",,,,,,,
"Alforja","430094","2022","1",,,"1","1",,,,,,,,,,
"Alforja","430094","2023","12","2","8","2",,"5","7",,,"3","3",,"1",,
"Algerri","250156","2011","1",,,"1","1",,"0",,,,,,,,
"Algerri","250156","2012","0",,,,,,"0",,,,,,,,
"Algerri","250156","2013","0",,,,,,"0",,,,,,,,
"Algerri","250156","2014","0",,,,,,"0",,,,,,,,
"Algerri","250156","2015","0",,,,,,"0",,,,,,,,
"Algerri","250156","2016","1",,,"1","1",,"0",,,,,,,,
"Algerri","250156","2017","1",,,"1","1",,"0",,,,,,,,
"Algerri","250156","2018","0",,,,,,"0",,,,,,,,
"Algerri","250156","2019","1",,,"1","1",,"0",,,,,,,,
"Algerri","250156","2020","2",,"1","1","1","1","0",,,,,,,,
"Algerri","250156","2021","4","1","2","1","1","2","0","1",,,,,,,
"Algerri","250156","2022","4",,,"4","3",,"1",,,,"1",,,,
"Algerri","250156","2023","2",,,"2",,,"2",,,,"2",,,,
"Alguaire","250169","2011","60","28","24","8","7","1","52",,"6",,"7","38","1",,
"Alguaire","250169","2012","14",,"4","10","7","3","4",,"4",,,,,,
"Alguaire","250169","2013","8","4","1","3","3",,"5",,,,,"4","1",,
"Alguaire","250169","2014","4","2",,"2","2",,"2",,,,,"2",,,
"Alguaire","250169","2015","1",,"1",,,,"1",,"1",,,,,,
"Alguaire","250169","2016","2","2",,,,"1","1",,"1",,,,,,
"Alguaire","250169","2017","2","1",,"1",,,"2",,,,,,"2",,
"Alguaire","250169","2018","5","1","1","3",,,"5",,,,,,"4","1",
"Alguaire","250169","2019","9","4","1","4","2",,"7",,,,,"4","2","1",
"Alguaire","250169","2020","5","2","2","1",,,"4","1",,,,,"3","1",
"Alguaire","250169","2021","9","6","3",,,,"6","3","1",,,,"4","1",
"Alguaire","250169","2022","3","2",,"1","1",,"2",,,,"1","1",,,
"Alguaire","250169","2023","5","1","3","1","1",,"4",,"2",,,,"2",,
"Alins","250175","2022","1",,"1",,,,"1",,,,,,"1",,
"Alins","250175","2023","3",,"3",,,,"3",,,,,,"3",,
"Alió","430108","2011","3",,"1","2","2","1","0",,,,,,,,
"Alió","430108","2012","1",,,"1","1",,"0",,,,,,,,
"Alió","430108","2013","1","1",,,,,"1",,"1",,,,,,
"Alió","430108","2014","1","1",,,,,"1",,,"1",,,,,
"Alió","430108","2015","3",,"2","1","1",,"2",,,"2",,,,,
"Alió","430108","2016","1",,,"1","1",,"0",,,,,,,,
"Alió","430108","2017","0",,,,,,"0",,,,,,,,
"Alió","430108","2018","5","1","2","2",,"5","0",,,,,,,,
"Alió","430108","2019","3",,"2","1",,"3","0",,,,,,,,
"Alió","430108","2020","2",,,"2",,"2","0",,,,,,,,
"Alió","430108","2021","0",,,,,,"0",,,,,,,,
"Almacelles","250194","2011","12","3","2","7","4","1","7",,,,,,"7",,
"Almacelles","250194","2012","16","3","7","6","3",,"13",,"2",,"2",,"9",,
"Almacelles","250194","2013","12","2","7","3","1","5","6",,,,,,"6",,
"Almacelles","250194","2014","13",,"6","7","4","3","6",,"1",,,,"5",,
"Almacelles","250194","2015","12",,"2","10","6","5","1",,,,,,"1",,
"Almacelles","250194","2016","6",,,"6","3","3","0",,,,,,,,
"Almacelles","250194","2017","12","1",,"11","9","2","1",,"1",,,,,,
"Almacelles","250194","2018","41","31","1","9","10",,"31",,,,"13","16","2",,
"Almacelles","250194","2019","48","39","3","6","6","1","41",,,"3","1","27","10",,
"Almacelles","250194","2020","29","26","1","2","2","3","23","1",,"1","4","17","1",,
"Almacelles","250194","2021","5","3",,"2",,,"0","5",,,,,,,
"Almacelles","250194","2022","39","30","5","4","1","1","37","6","1",,"6","10","11","3",
"Almacelles","250194","2023","54","22","29","3","2","3","49","4","2",,"19","12","11","1",
"Almatret","250208","2011","1",,"1",,,,"1",,,,,"1",,,
"Almatret","250208","2012","1","1",,,,,"1",,,,,"1",,,
"Almatret","250208","2013","1",,,"1","1",,"0",,,,,,,,
"Almatret","250208","2014","0",,,,,,"0",,,,,,,,
"Almatret","250208","2015","0",,,,,,"0",,,,,,,,
"Almatret","250208","2016","0",,,,,,"0",,,,,,,,
"Almatret","250208","2017","0",,,,,,"0",,,,,,,,
"Almatret","250208","2018","0",,,,,,"0",,,,,,,,
"Almatret","250208","2019","0",,,,,,"0",,,,,,,,
"Almatret","250208","2020","0",,,,,,"0",,,,,,,,
"Almatret","250208","2021","1",,,"1",,,"0","1",,,,,,,
"Almenar","250215","2011","29","23","1","5","2","2","24","1","5",,"2","15","2",,
"Almenar","250215","2012","28",,"22","6","4","1","22","1","3",,,"19",,,
"Almenar","250215","2013","0",,,,,,"0",,,,,,,,
"Almenar","250215","2014","5",,,"5","2",,"3",,,,,,"3",,
"Almenar","250215","2015","2",,,"2",,,"2",,,,,,"2",,
"Almenar","250215","2016","1",,,"1","1",,"0",,,,,,,,
"Almenar","250215","2017","0",,,,,,"0",,,,,,,,
"Almenar","250215","2018","1",,,"1","1",,"0",,,,,,,,
"Almenar","250215","2019","0",,,,,,"0",,,,,,,,
"Almenar","250215","2020","3","1","1","1",,,"2","1","1",,,"1",,,
"Almenar","250215","2021","4","3",,"1",,,"0","4",,,,,,,
"Almenar","250215","2022","19","19",,,,,"19","1","1","1","2","9","5",,
"Almenar","250215","2023","4",,"3","1",,,"4",,"1",,,,"3",,
"Almoster","430115","2011","7",,,"7","7",,"0",,,,,,,,
"Almoster","430115","2012","6",,,"6","5","1","0",,,,,,,,
"Almoster","430115","2013","3",,,"3","3",,"0",,,,,,,,
"Almoster","430115","2014","1",,,"1",,"1","0",,,,,,,,
"Almoster","430115","2015","3",,,"3","2","1","0",,,,,,,,
"Almoster","430115","2016","4","2",,"2","2",,"2",,,"1","1",,,,
"Almoster","430115","2017","0",,,,,,"0",,,,,,,,
"Almoster","430115","2018","2","1","1",,,,"2",,,,,,"2",,
"Almoster","430115","2019","3",,"2","1","1",,"2",,,,,,"2",,
"Almoster","430115","2020","0",,,,,,"0",,,,,,,,
"Almoster","430115","2021","6",,,"6","3",,"0","3",,,,,,,
"Almoster","430115","2022","2","1",,"1",,,"2","1",,"1",,,,,
"Almoster","430115","2023","5","1","4",,,,"5",,,"2",,,"3",,
"Alòs de Balaguer","250220","2011","0",,,,,,"0",,,,,,,,
"Alòs de Balaguer","250220","2012","0",,,,,,"0",,,,,,,,
"Alòs de Balaguer","250220","2013","0",,,,,,"0",,,,,,,,
"Alòs de Balaguer","250220","2014","0",,,,,,"0",,,,,,,,
"Alòs de Balaguer","250220","2015","0",,,,,,"0",,,,,,,,
"Alòs de Balaguer","250220","2016","0",,,,,,"0",,,,,,,,
"Alòs de Balaguer","250220","2017","0",,,,,,"0",,,,,,,,
"Alòs de Balaguer","250220","2018","0",,,,,,"0",,,,,,,,
"Alòs de Balaguer","250220","2019","0",,,,,,"0",,,,,,,,
"Alòs de Balaguer","250220","2020","0",,,,,,"0",,,,,,,,
"Alòs de Balaguer","250220","2021","1","1",,,,,"0","1",,,,,,,
"Alp","170062","2011","13","2","5","6","1","2","10",,"1","1",,,"8",,
"Alp","170062","2012","9","1","4","4","3","2","4",,,,,,"4",,
"Alp","170062","2013","5",,"2","3",,"1","4",,,,,,"4",,
"Alp","170062","2014","3","1","2",,,,"3",,,,,,"3",,
"Alp","170062","2015","4",,"1","3","1","1","2",,"1",,,,"1",,
"Alp","170062","2016","1",,,"1","1",,"0",,,,,,,,
"Alp","170062","2017","5",,"1","4","1","1","3",,,,,,"3",,
"Alp","170062","2018","3",,,"3",,"3","0",,,,,,,,
"Alp","170062","2019","5","4",,"1",,"1","4",,,,,,"4",,
"Alp","170062","2020","7","1","6",,,,"6","1",,,,,"6",,
"Alp","170062","2021","8","5","3",,,,"7","1",,,,,"7",,
"Alp","170062","2022","8","4","4",,,,"8",,,,,,"8",,
"Alp","170062","2023","7","3","2","2","2","1","4",,,,,,"4",,
"Alpens","080044","2011","0",,,,,,"0",,,,,,,,
"Alpens","080044","2012","0",,,,,,"0",,,,,,,,
"Alpens","080044","2013","0",,,,,,"0",,,,,,,,
"Alpens","080044","2014","0",,,,,,"0",,,,,,,,
"Alpens","080044","2015","0",,,,,,"0",,,,,,,,
"Alpens","080044","2016","0",,,,,,"0",,,,,,,,
"Alpens","080044","2017","0",,,,,,"0",,,,,,,,
"Alpens","080044","2018","1",,"1",,,,"1",,"1",,,,,,
"Alpens","080044","2019","5",,"5",,,,"5",,"3",,,,"2",,
"Alpens","080044","2020","2",,"2",,,,"2",,,,,,"2",,
"Alpens","080044","2021","3",,"2","1",,,"3",,,,,,"3",,
"Alpens","080044","2022","4",,"2","2",,,"4",,,,,,"4",,
"Alpens","080044","2023","3",,,"3","1",,"2",,,,,,"2",,
"Alpicat","250236","2011","28","4","2","22","14","8","5","1",,,,,"4","1",
"Alpicat","250236","2012","24",,"6","18","13","9","1","1",,,,,"1",,
"Alpicat","250236","2013","20","1","7","12","12","6","1","1",,,,"1",,,
"Alpicat","250236","2014","73","56","2","15","7","7","59",,"12",,"12","30","4","1",
"Alpicat","250236","2015","11","2",,"9","2","4","5",,"3",,,"1","1",,
"Alpicat","250236","2016","10","3","1","6",,"3","7",,"2",,,"2","2",,"1"
"Alpicat","250236","2017","10","3","1","6","2","2","6",,,,,,"5",,"1"
"Alpicat","250236","2018","14",,"4","10","8","2","4",,,,,,"4",,
"Alpicat","250236","2019","21","2","8","11","7","4","10",,"1",,,"1","8",,
"Alpicat","250236","2020","15","1","11","3","3","1","11",,"2",,,"2","7",,
"Alpicat","250236","2021","11","5","4","2","2",,"9",,"3",,,"4","2",,
"Alpicat","250236","2022","33","22","5","6","4","4","25",,"4","5","3","2","11",,
"Alpicat","250236","2023","45","7","25","13","4","5","36",,"5","6","2","1","22",,
"Alt Àneu","250241","2011","3",,"3",,,"1","2",,,,,,"2",,
"Alt Àneu","250241","2012","1",,"1",,,"1","0",,,,,,,,
"Alt Àneu","250241","2013","0",,,,,,"0",,,,,,,,
"Alt Àneu","250241","2014","0",,,,,,"0",,,,,,,,
"Alt Àneu","250241","2015","0",,,,,,"0",,,,,,,,
"Alt Àneu","250241","2016","0",,,,,,"0",,,,,,,,
"Alt Àneu","250241","2017","0",,,,,,"0",,,,,,,,
"Alt Àneu","250241","2018","0",,,,,,"0",,,,,,,,
"Alt Àneu","250241","2019","0",,,,,,"0",,,,,,,,
"Alt Àneu","250241","2020","0",,,,,,"0",,,,,,,,
"Alt Àneu","250241","2021","0",,,,,,"0",,,,,,,,
"Alt Àneu","250241","2022","1",,,"1",,,"1",,,,,,"1",,
"Altafulla","430120","2011","9","1",,"8","2","3","3","1","2",,,,"1",,
"Altafulla","430120","2012","6",,,"6",,,"6",,"3",,,,"3",,
"Altafulla","430120","2013","2",,,"2",,"1","1",,,,,,"1",,
"Altafulla","430120","2014","4",,,"4",,"3","1",,,,,,"1",,
"Altafulla","430120","2015","2",,"1","1",,,"2",,"2",,,,,,
"Altafulla","430120","2016","2",,,"2",,"1","1",,"1",,,,,,
"Altafulla","430120","2017","4",,"4",,,,"4",,,,,,"4",,
"Altafulla","430120","2018","14","7","4","3",,"3","11",,"5",,,,"5","1",
"Altafulla","430120","2019","26","10","11","5","1","4","21",,"2","2",,,"17",,
"Altafulla","430120","2020","8","1","5","2","2",,"5","1",,,,,"5",,
"Altafulla","430120","2021","9","2","3","4",,"1","4","4",,,,,"4",,
"Altafulla","430120","2022","19","12","3","4",,"2","17","2","1","3","3",,"7","1",
"Altafulla","430120","2023","18","3","12","3","2","2","14",,,"2","2",,"10",,
"Amer","170078","2011","31","4","25","2","1","1","27","2","2","2","7",,"14","2",
"Amer","170078","2012","4",,"4",,,,"4",,"1","3",,,,,
"Amer","170078","2013","1","1",,,,,"1",,,,,,"1",,
"Amer","170078","2014","1",,"1",,,,"1",,,,,,"1",,
"Amer","170078","2015","6","1","2","3","1","1","4",,"1",,,,"1","2",
"Amer","170078","2016","15","3",,"12","11","1","2","1","1","1",,,,,
"Amer","170078","2017","15","1","4","10","9","3","1","2",,"1",,,,,
"Amer","170078","2018","5","1","3","1","1","2","1","1",,"1",,,,,
"Amer","170078","2019","11","8","3",,,"1","10",,,"2","2",,"2","4",
"Amer","170078","2020","7",,"7",,,,"7",,,,"3",,"2","2",
"Amer","170078","2021","5","1","3","1",,,"3","2",,,,,"2","1",
"Amer","170078","2022","2","2",,,,,"2",,,,,,"1","1",
"Amer","170078","2023","8","2","4","2","2",,"6",,,,,,"5","1",
"Amposta","430141","2011","135","36","48","51","37","18","79","1","18",,"7",,"31","23",
"Amposta","430141","2012","139","59","50","30","20","8","109","2","16",,"18",,"27","48",
"Amposta","430141","2013","209","139","51","19","6","5","198",,"17","3","43","1","35","99",
"Amposta","430141","2014","189","163","7","19","10","7","172",,"20","7","43","6","34","62",
"Amposta","430141","2015","242","175","23","44","24","13","203","2","24","21","33","9","53","63",
"Amposta","430141","2016","207","113","29","65","34","13","160",,"44","18","19","1","56","22",
"Amposta","430141","2017","169","89","24","56","33","9","127",,"15","10","20","6","45","30","1"
"Amposta","430141","2018","150","72","47","31","23","5","122",,"28","5","27","4","34","24",
"Amposta","430141","2019","408","322","36","50","33","10","363","2","34","5","152","12","82","78",
"Amposta","430141","2020","160","131","6","23","6","6","139","9","8",,"45","7","50","29",
"Amposta","430141","2021","244","151","45","48","22","22","146","54","22","7","24","6","50","37",
"Amposta","430141","2022","200","172","9","19","7","7","186","4","7","8","54","8","68","37",
"Amposta","430141","2023","301","236","32","33","18","16","267","3","22","8","70","7","116","41",
"Anglès","170084","2011","60","39","10","11","7","2","50","1","1",,"29","1","8","11",
"Anglès","170084","2012","75","28","39","8","3","2","68","2","1",,"36",,"5","26",
"Anglès","170084","2013","33","20","4","9","4","3","24","2","1",,"17",,"2","4",
"Anglès","170084","2014","25","19","4","2","3",,"21","1",,"7","5",,,"9",
"Anglès","170084","2015","53","23","26","4","2","1","50",,,"9","10",,"8","23",
"Anglès","170084","2016","62","22","38","2","3","1","58",,"4","12","10",,"15","17",
"Anglès","170084","2017","64","31","29","4","5",,"59",,,"14","14",,"11","20",
"Anglès","170084","2018","70","31","36","3","2",,"68",,,"22","16",,"16","14",
"Anglès","170084","2019","92","43","46","3","2","1","89",,,"13","35",,"22","19",
"Anglès","170084","2020","26","7","16","3","2","1","20","3",,"6","5",,"5","4",
"Anglès","170084","2021","60","26","25","9",,"3","30","27",,"2","11","1","13","3",
"Anglès","170084","2022","43","18","18","7","1","1","41","15",,"1","13",,"11","1",
"Anglès","170084","2023","37","12","23","2","1","2","34","3",,"3","8",,"11","9",
"Anglesola","250273","2011","1",,"1",,,,"1",,,,,,"1",,
"Anglesola","250273","2012","0",,,,,,"0",,,,,,,,
"Anglesola","250273","2013","2",,,"2",,,"2",,,,,,"2",,
"Anglesola","250273","2014","0",,,,,,"0",,,,,,,,
"Anglesola","250273","2015","2",,,"2","2",,"0",,,,,,,,
"Anglesola","250273","2016","3","1",,"2",,,"3",,,"2",,"1",,,
"Anglesola","250273","2017","1","1",,,,,"1",,,,,"1",,,
"Anglesola","250273","2018","1","1",,,,,"1",,,,"1",,,,
"Anglesola","250273","2019","3","1","1","1","1",,"2",,,,"2",,,,
"Anglesola","250273","2020","1",,,"1","1",,"0",,,,,,,,
"Anglesola","250273","2021","2","1",,"1","1",,"1",,"1",,,,,,
"Anglesola","250273","2022","1","1",,,,,"1",,,"1",,,,,
"Anglesola","250273","2023","6",,"1","5","6",,,,,,,,,,
"Arbeca","250292","2011","1",,,"1","1",,"0",,,,,,,,
"Arbeca","250292","2012","24","23",,"1","1",,"23",,"23",,,,,,
"Arbeca","250292","2013","1",,,"1","1",,"0",,,,,,,,
"Arbeca","250292","2014","0",,,,,,"0",,,,,,,,
"Arbeca","250292","2015","0",,,,,,"0",,,,,,,,
"Arbeca","250292","2016","0",,,,,,"0",,,,,,,,
"Arbeca","250292","2017","2","2",,,,,"2",,,,,,"2",,
"Arbeca","250292","2018","0",,,,,,"0",,,,,,,,
"Arbeca","250292","2019","3","2",,"1","1",,"2",,,,"1","1",,,
"Arbeca","250292","2020","1",,,"1","1",,"0",,,,,,,,
"Arbeca","250292","2021","9","6","2","1",,,"2","7",,,,"2",,,
"Arbeca","250292","2022","2","2",,,,,"2",,,,,"2",,,
"Arbeca","250292","2023","22","18","2","2","3",,"19","1",,,"1","4","13",,
"Arbolí","430154","2011","1",,"1",,,,"1",,,,,"1",,,
"Arbolí","430154","2012","1",,"1",,,,"1",,,,,"1",,,
"Arbolí","430154","2013","0",,,,,,"0",,,,,,,,
"Arbolí","430154","2014","1",,"1",,,,"1",,,,,"1",,,
"Arbolí","430154","2015","2",,"1","1",,,"2",,,,,"2",,,
"Arbolí","430154","2016","0",,,,,,"0",,,,,,,,
"Arbolí","430154","2017","0",,,,,,"0",,,,,,,,
"Arbolí","430154","2018","0",,,,,,"0",,,,,,,,
"Arbolí","430154","2019","3",,,"3","3",,"0",,,,,,,,
"Arbolí","430154","2020","0",,,,,,"0",,,,,,,,
"Arbolí","430154","2021","0",,,,,,"0",,,,,,,,
"Arbúcies","170097","2011","135","43","70","22","10","3","121","1","18","2","53","14","16","18",
"Arbúcies","170097","2012","163","50","76","37","18","9","136",,"14","5","65","19","9","24",
"Arbúcies","170097","2013","142","89","53",,"5","2","135",,"4",,"86","14","10","20","1"
"Arbúcies","170097","2014","178","92","57","29","12","2","164",,"9","3","104","14","17","16","1"
"Arbúcies","170097","2015","116","51","57","8","4","4","108",,"7","3","61","7","8","22",
"Arbúcies","170097","2016","114","50","62","2","1","1","111","1","5","3","73","1","1","28",
"Arbúcies","170097","2017","131","89","39","3","2","3","126",,"3","4","87","3","2","26","1"
"Arbúcies","170097","2018","165","61","104",,,"8","157",,"9","3","95","7","15","27","1"
"Arbúcies","170097","2019","123","67","51","5","5","6","112",,"5","1","71","7","18","10",
"Arbúcies","170097","2020","102","18","79","5","3",,"99",,"5",,"65","2","16","10","1"
"Arbúcies","170097","2021","141","59","77","5","4",,"129","8","6","4","89","3","9","18",
"Arbúcies","170097","2022","167","87","80",,,"1","166","4","5","3","113","7","23","11",
"Arbúcies","170097","2023","195","103","91","1","1","3","191","1","1","9","139","3","26","12",
"Arenys de Mar","080060","2011","62","2","41","19","13","15","31","3","2","1","5","3","20",,
"Arenys de Mar","080060","2012","60","5","30","25","13","5","42",,"4","1","8","1","26","2",
"Arenys de Mar","080060","2013","80","7","22","51","27","11","42",,"10","1","2",,"23","6",
"Arenys de Mar","080060","2014","48","1","9","38","22","9","17",,"2","3",,,"12",,
"Arenys de Mar","080060","2015","58","4","10","44","22","17","19",,"1","3",,,"15",,
"Arenys de Mar","080060","2016","68","2","11","55","33","16","19",,"2","3",,"1","13",,
"Arenys de Mar","080060","2017","73","7","26","40","33","11","29",,"7","3",,"3","16",,
"Arenys de Mar","080060","2018","70","5","28","37","25","11","34",,"4",,"4","2","22","2",
"Arenys de Mar","080060","2019","93","19","35","39","13","25","54","1","4",,"15","7","26","2",
"Arenys de Mar","080060","2020","53","3","27","23","5","16","27","5","4",,"2","4","17",,
"Arenys de Mar","080060","2021","44","15","21","8",,"11","14","19",,,"4",,"10",,
"Arenys de Mar","080060","2022","48","26","8","14","6","7","35","6","2","3","6","12","6",,
"Arenys de Mar","080060","2023","75","35","22","18","16","4","55","5","3","3","4","14","24","2",
"Arenys de Munt","080076","2011","8","1",,"7","4","2","1","1",,,,,"1",,
"Arenys de Munt","080076","2012","5",,"2","3","2",,"3",,,,,,"3",,
"Arenys de Munt","080076","2013","11",,"2","9","7",,"4",,,,,,"4",,
"Arenys de Munt","080076","2014","15","2","2","11","5","3","7",,"1",,,,"6",,
"Arenys de Munt","080076","2015","20",,"6","14","5","6","9",,"3",,,,"6",,
"Arenys de Munt","080076","2016","15",,"5","10","5","5","5",,"2",,,,"3",,
"Arenys de Munt","080076","2017","7",,,"7","6",,"1",,"1",,,,,,
"Arenys de Munt","080076","2018","10","2",,"8","8","1","1",,,,,,"1",,
"Arenys de Munt","080076","2019","9","2",,"7","6","1","2",,"1",,,,"1",,
"Arenys de Munt","080076","2020","10","1",,"9","7","3","0",,,,,,,,
"Arenys de Munt","080076","2021","12","3","6","3","3","1","4","4",,,,,"4",,
"Arenys de Munt","080076","2022","6","1","4","1","1","2","3",,,"1","1",,,"1",
"Arenys de Munt","080076","2023","12","5","2","5","2","3","7","2","1","1",,,"2","1",
"Argelaguer","170101","2011","2",,,"2","1","1","0",,,,,,,,
"Argelaguer","170101","2012","4",,,"4","1","2","0","1",,,,,,,
"Argelaguer","170101","2013","1",,,"1",,"1","0",,,,,,,,
"Argelaguer","170101","2014","0",,,,,,"0",,,,,,,,
"Argelaguer","170101","2015","0",,,,,,"0",,,,,,,,
"Argelaguer","170101","2016","0",,,,,,"0",,,,,,,,
"Argelaguer","170101","2017","3","2","1",,,,"3",,,"1",,,"2",,
"Argelaguer","170101","2018","3",,"3",,,,"3",,,"1",,,"2",,
"Argelaguer","170101","2019","3",,"1","2","1",,"2",,"1",,,,"1",,
"Argelaguer","170101","2020","6",,,"6","5",,"1",,"1",,,,,,
"Argelaguer","170101","2021","0",,,,,,"0",,,,,,,,
"Argençola","080082","2011","0",,,,,,"0",,,,,,,,
"Argençola","080082","2012","1",,,"1","1",,"0",,,,,,,,
"Argençola","080082","2013","0",,,,,,"0",,,,,,,,
"Argençola","080082","2014","0",,,,,,"0",,,,,,,,
"Argençola","080082","2015","0",,,,,,"0",,,,,,,,
"Argençola","080082","2016","1",,,"1","1",,"0",,,,,,,,
"Argençola","080082","2017","2",,,"2","2",,"0",,,,,,,,
"Argençola","080082","2018","1",,,"1","1",,"0",,,,,,,,
"Argençola","080082","2019","0",,,,,,"0",,,,,,,,
"Argençola","080082","2020","1","1",,,,,"0","1",,,,,,,
"Argençola","080082","2021","1","1",,,,,"0","1",,,,,,,
"Argençola","080082","2022","1",,"1",,,,"1","1",,,,,,,
"Argençola","080082","2023","1",,,"1","1",,,,,,,,,,
"Argentona","080095","2011","29","5","13","11","5","6","16","2","2",,"3","2","9",,
"Argentona","080095","2012","16","9","1","6","3","1","12",,"3",,"1",,"8",,
"Argentona","080095","2013","13","1","1","11","8","4","1",,"1",,,,,,
"Argentona","080095","2014","19","6","5","8","6","5","7","1","4",,,"1","2",,
"Argentona","080095","2015","24","1","10","13","12","5","7",,"4",,,"2","1",,
"Argentona","080095","2016","13","2","3","8","8","3","2",,"1",,,,"1",,
"Argentona","080095","2017","15","5","2","8","7","4","4",,"2",,"1",,"1",,
"Argentona","080095","2018","22","3","5","14","9","7","6",,"3","1",,,"1","1",
"Argentona","080095","2019","25","4","8","13","11","5","9",,,,"1",,"8",,
"Argentona","080095","2020","23","8","3","12","8","6","5","4",,,,,"4","1",
"Argentona","080095","2021","25","7","6","12","6","4","6","9","2",,,,"2","2",
"Argentona","080095","2022","12","4","4","4","1","1","10","2",,,"1",,"6","1",
"Argentona","080095","2023","31","12","10","9","4","3","24","1","4","4",,,"14","1",
"Arnes","430189","2011","10","8",,"2","10",,"0",,,,,,,,
"Arnes","430189","2012","29","29",,,"25","4","0",,,,,,,,
"Arnes","430189","2013","0",,,,,,"0",,,,,,,,
"Arnes","430189","2014","0",,,,,,"0",,,,,,,,
"Arnes","430189","2015","4",,,"4","4",,"0",,,,,,,,
"Arnes","430189","2016","3",,,"3","3",,"0",,,,,,,,
"Arnes","430189","2017","0",,,,,,"0",,,,,,,,
"Arnes","430189","2018","7","6",,"1","1",,"6",,,,,,"6",,
"Arnes","430189","2019","1",,,"1","1",,"0",,,,,,,,
"Arnes","430189","2020","0",,,,,,"0",,,,,,,,
"Arnes","430189","2021","5","4","1",,,,"1","4",,,,,"1",,
"Arnes","430189","2022","2","1","1",,,,"2","2",,,,,,,
"Arnes","430189","2023","5","1","3","1","1",,"4",,"1",,,,"3",,
"Arsèguel","250328","2011","0",,,,,,"0",,,,,,,,
"Arsèguel","250328","2012","0",,,,,,"0",,,,,,,,
"Arsèguel","250328","2013","0",,,,,,"0",,,,,,,,
"Arsèguel","250328","2014","0",,,,,,"0",,,,,,,,
"Arsèguel","250328","2015","0",,,,,,"0",,,,,,,,
"Arsèguel","250328","2016","0",,,,,,"0",,,,,,,,
"Arsèguel","250328","2017","1",,,"1",,"1","0",,,,,,,,
"Arsèguel","250328","2018","2",,,"2",,"2","0",,,,,,,,
"Arsèguel","250328","2019","1",,,"1","1",,"0",,,,,,,,
"Arsèguel","250328","2020","0",,,,,,"0",,,,,,,,
"Arsèguel","250328","2021","1",,,"1",,"1","0",,,,,,,,
"Artés","080109","2011","85","30","48","7","2","1","82",,"4","5","44","11","16","2",
"Artés","080109","2012","33","1","26","6",,"3","30",,"3","3","11","3","9","1",
"Artés","080109","2013","65","57","3","5","2",,"63",,"2","2","47","1","11",,
"Artés","080109","2014","8","1","3","4","4","2","2",,,,,,"2",,
"Artés","080109","2015","9","2",,"7","5","1","3",,"2",,"1",,,,
"Artés","080109","2016","36","32","2","2","2",,"34",,"1",,"30","2","1",,
"Artés","080109","2017","28","26","1","1",,,"28",,"1","1","20","3","2","1",
"Artés","080109","2018","13","8","4","1","1",,"12",,"1",,"6","1","4",,
"Artés","080109","2019","8","2","6",,,,"8",,"1",,"6",,"1",,
"Artés","080109","2020","6","1","4","1",,,"6",,,"1","3",,"2",,
"Artés","080109","2021","4","2","2",,,,"3","1",,,"2",,"1",,
"Artés","080109","2022","33","32","1",,,,"33","1","1",,"27",,"4",,
"Artés","080109","2023","59","49","3","7","5","1","53",,,"2","39","1","10","1",
"Artesa de Lleida","250334","2011","9","1","2","6","5",,"4",,"4",,,,,,
"Artesa de Lleida","250334","2012","6","1","2","3",,,"6",,"4",,,,"2",,
"Artesa de Lleida","250334","2013","3",,,"3","1",,"2",,"2",,,,,,
"Artesa de Lleida","250334","2014","2","1","1",,,,"2",,,,,,"2",,
"Artesa de Lleida","250334","2015","3","1","1","1","1",,"2",,,,,,"2",,
"Artesa de Lleida","250334","2016","11",,"4","7","6","1","4",,,,,,"4",,
"Artesa de Lleida","250334","2017","17","2","5","10","7","1","9",,"6",,,,"3",,
"Artesa de Lleida","250334","2018","9","1",,"8","6",,"3",,,"1",,,"2",,
"Artesa de Lleida","250334","2019","5","2","1","2","2",,"3",,,,,,"3",,
"Artesa de Lleida","250334","2020","1","1",,,,,"1",,,,,,"1",,
"Artesa de Lleida","250334","2021","1","1",,,,,"1",,,,"1",,,,
"Artesa de Lleida","250334","2022","1","1",,,,,"1",,"1",,,,,,
"Artesa de Lleida","250334","2023","12","1","5","6",,"4","8",,"3",,"1",,"4",,
"Artesa de Segre","250349","2011","27","1","25","1","2","1","24",,"5","5",,"5","9",,
"Artesa de Segre","250349","2012","23","22",,"1","1","1","21",,"2","8",,"4","7",,
"Artesa de Segre","250349","2013","0",,,,,,"0",,,,,,,,
"Artesa de Segre","250349","2014","1",,,"1",,,"0","1",,,,,,,
"Artesa de Segre","250349","2015","1",,,"1",,,"1",,,"1",,,,,
"Artesa de Segre","250349","2016","6","1","2","3","1",,"5",,,"2",,"2","1",,
"Artesa de Segre","250349","2017","3","1",,"2",,,"3",,"1","2",,,,,
"Artesa de Segre","250349","2018","2","1","1",,,,"2",,,"2",,,,,
"Artesa de Segre","250349","2019","1",,"1",,,,"1",,,"1",,,,,
"Artesa de Segre","250349","2020","1",,,"1",,,"1",,,"1",,,,,
"Artesa de Segre","250349","2021","2",,,"2",,,"2",,,"2",,,,,
"Artesa de Segre","250349","2022","10","9","1",,,,"10",,,"1","2",,"7",,
"Artesa de Segre","250349","2023","9",,"5","4","3",,"6",,"1","4",,,"1",,
"Ascó","430192","2011","1","1",,,,,"1",,,,"1",,,,
"Ascó","430192","2012","3",,"2","1",,,"3",,,,"2",,"1",,
"Ascó","430192","2013","6","6",,,,,"6",,,,,,"6",,
"Ascó","430192","2014","5","5",,,,,"5",,"4",,,,"1",,
"Ascó","430192","2015","0",,,,,,"0",,,,,,,,
"Ascó","430192","2016","2","1",,"1","2",,"0",,,,,,,,
"Ascó","430192","2017","0",,,,,,"0",,,,,,,,
"Ascó","430192","2018","0",,,,,,"0",,,,,,,,
"Ascó","430192","2019","27","25","1","1","1",,"26",,,,"21",,"5",,
"Ascó","430192","2020","12","11",,"1","1",,"11",,"1",,"10",,,,
"Ascó","430192","2021","2",,,"2","2",,"0",,,,,,,,
"Ascó","430192","2022","15","1","1","13","13",,"2",,,,"1",,"1",,
"Ascó","430192","2023","6","3",,"3","3",,"3",,,,"3",,,,
"Aspa","250365","2022","1",,,"1","1",,,,,,,,,,
"Aspa","250365","2023","1",,,"1","1",,,,,,,,,,
"Avià","080116","2011","15","1","6","8","5","1","9",,"6",,,,"3",,
"Avià","080116","2012","5","1","1","3","1","1","3",,"2",,"1",,,,
"Avià","080116","2013","1",,,"1","1",,"0",,,,,,,,
"Avià","080116","2014","3","2",,"1","1",,"2",,,,"1",,,,"1"
"Avià","080116","2015","5","1","2","2","2",,"3",,,,,,,,"3"
"Avià","080116","2016","2","1","1",,,,"2",,,"1","1",,,,
"Avià","080116","2017","2",,"2",,,,"2",,,,"2",,,,
"Avià","080116","2018","12","4","6","2","1","1","10",,,"2","5","2","1",,
"Avià","080116","2019","9",,"3","6","1",,"8",,,,"4",,"4",,
"Avià","080116","2020","2",,,"2",,,"2",,,,"2",,,,
"Avià","080116","2021","7","2","1","4",,,"5","2","2",,"3",,,,
"Avià","080116","2022","10","6","4",,,,"10","3",,,"4",,"3",,
"Avià","080116","2023","26","14","11","1","1","1","24",,,"7","5",,"12",,
"Avinyó","080121","2011","7",,"3","4","1",,"6",,,,"2",,"4",,
"Avinyó","080121","2012","1",,,"1",,,"1",,,,,,"1",,
"Avinyó","080121","2013","0",,,,,,"0",,,,,,,,
"Avinyó","080121","2014","0",,,,,,"0",,,,,,,,
"Avinyó","080121","2015","0",,,,,,"0",,,,,,,,
"Avinyó","080121","2016","2",,,"2","1",,"1",,,,,,"1",,
"Avinyó","080121","2017","30","1","24","5","5",,"25",,"2",,"17",,"2","4",
"Avinyó","080121","2018","4","2",,"2","2",,"2",,,,"1",,,"1",
"Avinyó","080121","2019","0",,,,,,"0",,,,,,,,
"Avinyó","080121","2020","0",,,,,,"0",,,,,,,,
"Avinyó","080121","2021","231","181","25","25","3","1","37","190",,,"15",,"16","6",
"Avinyó","080121","2022","545","240","220","85",,"1","544","470",,"5","20","5","41","3",
"Avinyó","080121","2023","147","17","90","40","1",,"146","120",,"3","5","2","16",,
"Avinyonet de Puigventós","170123","2011","5","2","1","2","2",,"3",,,"2",,,"1",,
"Avinyonet de Puigventós","170123","2012","8","1","4","3","3","2","3",,,"3",,,,,
"Avinyonet de Puigventós","170123","2013","6",,"1","5","4",,"2",,,"2",,,,,
"Avinyonet de Puigventós","170123","2014","5","1",,"4","3","1","1",,,"1",,,,,
"Avinyonet de Puigventós","170123","2015","2",,,"2","1",,"1",,,,,,"1",,
"Avinyonet de Puigventós","170123","2016","5","2",,"3","2",,"3",,,,,,"3",,
"Avinyonet de Puigventós","170123","2017","2",,,"2","2",,"0",,,,,,,,
"Avinyonet de Puigventós","170123","2018","4","1","1","2","2",,"2",,,,,,"2",,
"Avinyonet de Puigventós","170123","2019","4",,"1","3","2",,"2",,,,,,"2",,
"Avinyonet de Puigventós","170123","2020","2",,,"2","2",,"0",,,,,,,,
"Avinyonet de Puigventós","170123","2021","0",,,,,,"0",,,,,,,,
"Avinyonet de Puigventós","170123","2022","1","1",,,,,"1",,,,,,"1",,
"Avinyonet de Puigventós","170123","2023","2",,"1","1",,"1","1",,,,,,"1",,
"Avinyonet del Penedès","080137","2011","6","2","2","2",,"1","3","2",,,"1",,"2",,
"Avinyonet del Penedès","080137","2012","6","2","3","1",,,"4","2",,"1","3",,,,
"Avinyonet del Penedès","080137","2013","8","2","1","5","5",,"3",,"1",,"2",,,,
"Avinyonet del Penedès","080137","2014","6","3","2","1","1",,"5",,"2",,"1",,"2",,
"Avinyonet del Penedès","080137","2015","10","4","2","4","2","1","7",,"2",,"1",,"4",,
"Avinyonet del Penedès","080137","2016","3",,"1","2","2",,"1",,,,,,"1",,
"Avinyonet del Penedès","080137","2017","3",,"1","2","2",,"0","1",,,,,,,
"Avinyonet del Penedès","080137","2018","5","2","1","2","2",,"2","1","1",,"1",,,,
"Avinyonet del Penedès","080137","2019","13","11","1","1",,"1","12",,"2",,"7","2","1",,
"Avinyonet del Penedès","080137","2020","4",,"1","3",,"1","2","1",,,"1",,"1",,
"Avinyonet del Penedès","080137","2021","5","4",,"1","1",,"1","3",,,"1",,,,
"Avinyonet del Penedès","080137","2022","3","1","2",,,,"3","2",,,,"1",,,
"Avinyonet del Penedès","080137","2023","3","1","1","1",,,"3",,"1",,,,"1","1",
"Badalona","080155","2011","3,155","1,157","1,092","906","774","540","1,798","43","91","95","177","51","916","466","2"
"Badalona","080155","2012","2,981","1,196","926","859","659","483","1,824","15","91","92","174","69","831","567",
"Badalona","080155","2013","2,386","918","807","661","566","450","1,359","11","58","88","156","71","567","418","1"
"Badalona","080155","2014","1,881","717","640","524","493","351","1,037",,"51","39","139","43","488","273","4"
"Badalona","080155","2015","1,878","794","611","473","389","325","1,159","5","45","57","164","55","525","306","7"
"Badalona","080155","2016","1,931","981","520","430","384","296","1,241","10","51","69","171","38","552","357","3"
"Badalona","080155","2017","2,043","919","745","379","312","286","1,439","6","54","65","161","73","733","348","5"
"Badalona","080155","2018","2,351","1,058","834","459","324","296","1,730","1","56","85","235","44","873","432","5"
"Badalona","080155","2019","2,748","1,308","1,003","437","321","225","2,198","4","69","114","331","67","1,107","500","10"
"Badalona","080155","2020","1,409","609","506","294","156","121","1,014","118","43","52","134","35","606","142","2"
"Badalona","080155","2021","1,582","710","551","321","140","97","829","516","26","35","100","20","522","120","6"
"Badalona","080155","2022","1,727","1,011","500","216","105","92","1,530","153","30","77","138","35","916","179","2"
"Badalona","080155","2023","2,456","1,163","948","345","230","162","2,064","78","66","49","116","54","1,469","227","5"
"Badia del Vallès","089045","2011","131","46","42","43","41","23","62","5","2","6","28","5","20","1",
"Badia del Vallès","089045","2012","133","49","58","26","35","31","67",,"5","6","21","7","26","2",
"Badia del Vallès","089045","2013","112","30","63","19","20","40","52",,"6","8","7","3","27","1",
"Badia del Vallès","089045","2014","104","20","49","35","34","40","30",,"2","2","2","2","20","2",
"Badia del Vallès","089045","2015","158","65","39","54","55","52","50","1","1","2","20","3","22","2",
"Badia del Vallès","089045","2016","152","44","47","61","47","29","75","1","3","4","28","7","33",,
"Badia del Vallès","089045","2017","99","12","28","59","42","27","30",,"3","1","8","4","14",,
"Badia del Vallès","089045","2018","115","41","18","56","36","19","60",,"4","2","22","5","27",,
"Badia del Vallès","089045","2019","119","59","18","42","32","19","66","2","7",,"21","4","32","2",
"Badia del Vallès","089045","2020","63","20","23","20","17","2","43","1","4",,"14","3","19","3",
"Badia del Vallès","089045","2021","42","14","21","7","6","3","29","4",,"1","7","2","15","4",
"Badia del Vallès","089045","2022","81","34","26","21","15","12","54","9",,"1","4","3","34","3",
"Badia del Vallès","089045","2023","124","35","63","26","33","21","70","4",,"1","6","1","56","2",
"Bagà","080168","2011","2","1",,"1","1",,"1",,,,,,"1",,
"Bagà","080168","2012","4",,,"4","3","1","0",,,,,,,,
"Bagà","080168","2013","5",,"2","3","2",,"3",,"1",,,,"2",,
"Bagà","080168","2014","1",,,"1",,,"1",,"1",,,,,,
"Bagà","080168","2015","1",,,"1",,"1","0",,,,,,,,
"Bagà","080168","2016","4","1","2","1",,"1","3",,,,,,"3",,
"Bagà","080168","2017","2",,"2",,,,"2",,,,,,"2",,
"Bagà","080168","2018","2","1",,"1","1",,"1",,,,,,"1",,
"Bagà","080168","2019","2","1",,"1","1",,"1",,,,,,"1",,
"Bagà","080168","2020","1",,,"1","1",,"0",,,,,,,,
"Bagà","080168","2021","9","8",,"1",,,"7","2",,,"1",,"5","1",
"Bagà","080168","2022","4","3",,"1","1",,"3",,,,,"1","2",,
"Bagà","080168","2023","18","12","3","3","3","1","14",,"1",,,,"13",,
"Baix Pallars","250390","2011","2",,,"2",,,"2",,"2",,,,,,
"Baix Pallars","250390","2012","0",,,,,,"0",,,,,,,,
"Baix Pallars","250390","2013","1",,,"1",,,"1",,"1",,,,,,
"Baix Pallars","250390","2014","0",,,,,,"0",,,,,,,,
"Baix Pallars","250390","2015","2",,,"2","1",,"1",,"1",,,,,,
"Baix Pallars","250390","2016","3",,,"3",,"1","2",,"2",,,,,,
"Baix Pallars","250390","2017","3","1",,"2",,,"3",,"3",,,,,,
"Baix Pallars","250390","2018","3",,"1","2",,,"3",,"2",,"1",,,,
"Baix Pallars","250390","2019","0",,,,,,"0",,,,,,,,
"Baix Pallars","250390","2020","1","1",,,,,"1",,,,,,"1",,
"Baix Pallars","250390","2021","0",,,,,,"0",,,,,,,,
"Baix Pallars","250390","2022","4",,,"4",,,"4",,"4",,,,,,
"Baix Pallars","250390","2023","3","1",,"2",,,"3",,"2",,,,"1",,
"Balaguer","250404","2011","142","69","50","23","17","13","110","2","16","1","29","53","9","1","1"
"Balaguer","250404","2012","92","33","51","8","6","11","75",,"10","2","12","41","10",,
"Balaguer","250404","2013","46","35","2","9","6","4","36",,"12","1","12","6","4","1",
"Balaguer","250404","2014","41","13","17","11","8","3","30",,"19","2","1","2","6",,
"Balaguer","250404","2015","31","15",,"16","11",,"20",,"12",,"2","3","3",,
"Balaguer","250404","2016","38","11","4","23","18","2","18",,"12","2","1",,"3",,
"Balaguer","250404","2017","83","35","21","27","23","1","59",,"16","2","20","12","9",,
"Balaguer","250404","2018","42","21",,"21","18","1","23",,"6",,"4","9","4",,
"Balaguer","250404","2019","99","36","38","25","22","2","75",,"21","1","11","17","21","4",
"Balaguer","250404","2020","74","19","30","25","27","4","39","4","8","3","8","3","13","1","3"
"Balaguer","250404","2021","40","19","6","15","9","3","15","13","3","2",,,"8",,"2"
"Balaguer","250404","2022","184","133","30","21","11","6","167","4","8","13","33","63","43","3",
"Balaguer","250404","2023","339","253","56","30","25","5","309","1","31","13","88","52","118","6",
"Balenyà","080174","2011","10","1","3","6","3","1","6",,,,"1",,"2","3",
"Balenyà","080174","2012","9",,"1","8","4",,"5",,,,"1",,"2","2",
"Balenyà","080174","2013","7",,"2","5","2","1","4",,,,"1",,"1","2",
"Balenyà","080174","2014","5","1",,"4","1",,"4",,,,,"1","2","1",
"Balenyà","080174","2015","7","2","2","3","2",,"5",,,,"2","1",,"2",
"Balenyà","080174","2016","10","4","5","1","1","4","5",,,,"3",,"2",,
"Balenyà","080174","2017","6",,"3","3","1","3","2",,"2",,,,,,
"Balenyà","080174","2018","9","2","3","4","2","2","5",,"1",,"3","1",,,
"Balenyà","080174","2019","8","1","5","2","2","1","5",,,,"2",,"3",,
"Balenyà","080174","2020","3",,"3",,,,"3",,,,,,"3",,
"Balenyà","080174","2021","7","4",,"3",,,"4","3",,,,,"4",,
"Balenyà","080174","2022","6","4",,"2",,,"6",,,,"3",,"3",,
"Balenyà","080174","2023","15","6","5","4",,,"15","3",,"2","6",,"4",,
"Balsareny","080180","2011","6",,"2","4","3","1","2",,"2",,,,,,
"Balsareny","080180","2012","6","2","1","3","2",,"4",,"4",,,,,,
"Balsareny","080180","2013","4",,"2","2","1",,"3",,"3",,,,,,
"Balsareny","080180","2014","2",,"2",,,,"2",,"2",,,,,,
"Balsareny","080180","2015","0",,,,,,"0",,,,,,,,
"Balsareny","080180","2016","4","2","1","1",,"3","1",,,,,,"1",,
"Balsareny","080180","2017","3",,,"3",,"2","1",,"1",,,,,,
"Balsareny","080180","2018","2",,,"2","1","1","0",,,,,,,,
"Balsareny","080180","2019","0",,,,,,"0",,,,,,,,
"Balsareny","080180","2020","0",,,,,,"0",,,,,,,,
"Balsareny","080180","2021","0",,,,,,"0",,,,,,,,
"Balsareny","080180","2022","1","1",,,,,"1",,,"1",,,,,
"Balsareny","080180","2023","2","1",,"1",,"1","1",,,,,,"1",,
"Banyeres del Penedès","430206","2011","13","1","3","9","5","4","1","3","1",,,,,,
"Banyeres del Penedès","430206","2012","11","1","5","5","4","6","1",,,,,,"1",,
"Banyeres del Penedès","430206","2013","0",,,,,,"0",,,,,,,,
"Banyeres del Penedès","430206","2014","3","1",,"2","1",,"2",,,"1",,,"1",,
"Banyeres del Penedès","430206","2015","5",,,"5","2",,"3",,,,,,"3",,
"Banyeres del Penedès","430206","2016","4",,,"4","2",,"2",,,,,,"2",,
"Banyeres del Penedès","430206","2017","11","1","6","4","4","1","6",,,,,,"6",,
"Banyeres del Penedès","430206","2018","10","2","1","7","5","3","2",,,,,,"2",,
"Banyeres del Penedès","430206","2019","10","2","3","5",,"4","6",,,,,,"6",,
"Banyeres del Penedès","430206","2020","9","1","1","7",,"6","3",,,,,,"3",,
"Banyeres del Penedès","430206","2021","4",,"2","2",,"2","2",,,,,,"2",,
"Banyeres del Penedès","430206","2022","6","3","1","2","2","2","2",,,,,,"2",,
"Banyeres del Penedès","430206","2023","12","3","5","4","5","4","3",,,,,,"3",,
"Banyoles","170157","2011","204","54","74","76","27","24","151","2","14","9","32","30","62","1","3"
"Banyoles","170157","2012","81","25","17","39","17","8","56",,"4","2","23","7","19","1",
"Banyoles","170157","2013","19",,"1","18","9","3","7",,,,,,"7",,
"Banyoles","170157","2014","53","40",,"13","7","5","41",,"1","1","19","15","4","1",
"Banyoles","170157","2015","56","43","3","10","2","6","48",,"1",,"13","14","18","2",
"Banyoles","170157","2016","78","33","26","19","10","9","59",,"1","2","13","12","28","3",
"Banyoles","170157","2017","73","20","37","16","10","4","59",,"2","1","17","4","31","4",
"Banyoles","170157","2018","77","31","26","20","9","11","57",,"3",,"19","5","28","2",
"Banyoles","170157","2019","142","67","44","31","17","13","112",,"5",,"18","11","77","1",
"Banyoles","170157","2020","65","13","42","10","7","6","52",,"1",,"10","1","39","1",
"Banyoles","170157","2021","106","37","45","24","17","5","61","23",,,"6","3","51","1",
"Banyoles","170157","2022","129","75","35","19","8","9","112","9","3","11","13","2","73","1",
"Banyoles","170157","2023","145","48","66","31","8","18","119","7","6","5","16","5","77","3",
"Barbens","250411","2011","19","17",,"2","2",,"17",,,"1","5","10","1",,
"Barbens","250411","2012","1",,,"1","1",,"0",,,,,,,,
"Barbens","250411","2013","4",,"1","3","3",,"1",,"1",,,,,,
"Barbens","250411","2014","0",,,,,,"0",,,,,,,,
"Barbens","250411","2015","0",,,,,,"0",,,,,,,,
"Barbens","250411","2016","3","2",,"1","1",,"2",,,,,"2",,,
"Barbens","250411","2017","4","3",,"1","1",,"3",,,,"1","1","1",,
"Barbens","250411","2018","1",,,"1","1",,"0",,,,,,,,
"Barbens","250411","2019","1",,,"1","1",,"0",,,,,,,,
"Barbens","250411","2020","1","1",,,,,"0","1",,,,,,,
"Barbens","250411","2021","0",,,,,,"0",,,,,,,,
"Barbens","250411","2022","1",,,"1",,,"1",,"1",,,,,,
"Barbens","250411","2023","17","16",,"1","1",,"16",,"2",,"6","7","1",,
"Barberà de la Conca","430213","2011","3",,,"3","3",,"0",,,,,,,,
"Barberà de la Conca","430213","2012","4",,,"4","4",,"0",,,,,,,,
"Barberà de la Conca","430213","2013","0",,,,,,"0",,,,,,,,
"Barberà de la Conca","430213","2014","0",,,,,,"0",,,,,,,,
"Barberà de la Conca","430213","2015","0",,,,,,"0",,,,,,,,
"Barberà de la Conca","430213","2016","0",,,,,,"0",,,,,,,,
"Barberà de la Conca","430213","2017","0",,,,,,"0",,,,,,,,
"Barberà de la Conca","430213","2018","0",,,,,,"0",,,,,,,,
"Barberà de la Conca","430213","2019","7","7",,,,,"7",,,,"7",,,,
"Barberà de la Conca","430213","2020","0",,,,,,"0",,,,,,,,
"Barberà de la Conca","430213","2021","0",,,,,,"0",,,,,,,,
"Barberà de la Conca","430213","2023","1",,"1",,,"1",,,,,,,,,
"Barberà del Vallès","082520","2011","355","103","147","105","74","91","188","2","18","4","12","13","133","6","2"
"Barberà del Vallès","082520","2012","283","103","110","70","49","84","150",,"10","6","8","8","106","12",
"Barberà del Vallès","082520","2013","295","121","120","54","69","90","135","1","13","11","12","9","77","12","1"
"Barberà del Vallès","082520","2014","330","119","139","72","78","106","144","2","12","4","12","7","87","22",
"Barberà del Vallès","082520","2015","337","149","112","76","63","88","182","4","8","3","35","14","89","33",
"Barberà del Vallès","082520","2016","284","115","88","81","60","62","162",,"16","8","32","6","70","30",
"Barberà del Vallès","082520","2017","312","105","116","91","66","78","167","1","13","15","34","4","70","30","1"
"Barberà del Vallès","082520","2018","316","122","113","81","44","68","202","2","16","11","33","5","112","25",
"Barberà del Vallès","082520","2019","338","171","88","79","49","54","235",,"8","6","56","16","125","23","1"
"Barberà del Vallès","082520","2020","232","124","60","48","26","30","172","4","7","4","40","11","94","15","1"
"Barberà del Vallès","082520","2021","232","94","71","67","34","29","127","42","9","6","19","7","77","9",
"Barberà del Vallès","082520","2022","273","156","74","43","26","13","234","29","4","31","36","8","120","6",
"Barberà del Vallès","082520","2023","347","149","131","67","44","21","282","45","7","9","21","14","173","13",
"Barcelona","080193","2011","31,024","12,426","10,696","7,902","4,099","5,514","20,716","695","3,320","750","786","667","12,900","2,043","250"
"Barcelona","080193","2012","30,266","13,846","9,772","6,648","3,619","5,078","21,383","186","3,019","810","959","655","12,188","3,528","224"
"Barcelona","080193","2013","22,335","10,241","7,202","4,892","2,744","4,154","15,170","207","2,217","813","676","541","8,129","2,626","168"
"Barcelona","080193","2014","19,921","9,428","6,301","4,192","2,209","3,799","13,758","155","2,140","685","653","448","7,301","2,326","205"
"Barcelona","080193","2015","23,339","11,700","7,474","4,165","2,023","3,849","17,300","167","2,557","854","757","461","9,618","2,797","256"
"Barcelona","080193","2016","24,090","12,195","7,857","4,038","1,953","3,664","18,284","189","2,559","946","729","406","10,629","2,795","220"
"Barcelona","080193","2017","25,495","13,327","8,340","3,828","1,737","3,459","20,160","139","2,472","1,083","776","426","12,148","3,021","234"
"Barcelona","080193","2018","24,749","11,989","8,933","3,827","1,729","2,996","19,904","120","2,058","913","812","322","12,566","3,031","202"
"Barcelona","080193","2019","25,323","12,423","8,792","4,108","1,668","2,832","20,697","126","1,743","817","1,022","319","13,645","2,973","178"
"Barcelona","080193","2020","14,886","7,705","4,595","2,586","812","1,525","10,465","2,084","963","358","515","148","7,105","1,281","95"
"Barcelona","080193","2021","24,402","12,197","8,328","3,877","927","2,024","10,798","10,653","1,017","317","430","140","7,836","986","72"
"Barcelona","080193","2022","28,861","14,667","10,186","4,008","650","1,948","26,263","11,611","984","446","567","207","11,040","1,307","101"
"Barcelona","080193","2023","28,991","12,794","11,804","4,393","1,056","2,724","25,211","3,607","1,738","662","602","267","16,494","1,592","249"
"Bàscara","170160","2011","5",,"3","2","1",,"4",,"4",,,,,,
"Bàscara","170160","2012","4","1",,"3",,,"4",,"3",,,,"1",,
"Bàscara","170160","2013","3",,"1","2",,,"3",,"2",,,,"1",,
"Bàscara","170160","2014","1",,,"1",,,"1",,"1",,,,,,
"Bàscara","170160","2015","0",,,,,,"0",,,,,,,,
"Bàscara","170160","2016","1","1",,,,"1","0",,,,,,,,
"Bàscara","170160","2017","1","1",,,,,"1",,,,,,"1",,
"Bàscara","170160","2018","1","1",,,,,"1",,"1",,,,,,
"Bàscara","170160","2019","4",,"4",,,,"4",,"3",,,,,"1",
"Bàscara","170160","2020","2","1","1",,,,"2",,"2",,,,,,
"Bàscara","170160","2021","2","1","1",,,,"0","2",,,,,,,
"Bàscara","170160","2022","8","5","3",,,,"8","3",,"3",,,"2",,
"Bàscara","170160","2023","9",,"8","1","1","1","7","1","1","3",,,"2",,
"Batea","430228","2011","13",,"1","12","7","5","1",,,"1",,,,,
"Batea","430228","2012","1",,,"1",,"1","0",,,,,,,,
"Batea","430228","2013","2",,,"2","2",,"0",,,,,,,,
"Batea","430228","2014","4",,,"4","4",,"0",,,,,,,,
"Batea","430228","2015","0",,,,,,"0",,,,,,,,
"Batea","430228","2016","4",,,"4","2","2","0",,,,,,,,
"Batea","430228","2017","5",,"2","3",,"2","3",,,"3",,,,,
"Batea","430228","2018","4",,,"4",,"2","2",,,"2",,,,,
"Batea","430228","2019","7","2",,"5","3","2","2",,"2",,,,,,
"Batea","430228","2020","2",,"2",,,,"2",,"2",,,,,,
"Batea","430228","2021","1",,"1",,,,"1",,"1",,,,,,
"Batea","430228","2022","18","18",,,,,"18",,"4","1",,"13",,,
"Batea","430228","2023","3","1","2",,,,"3",,"1","2",,,,,
"Begues","080207","2011","42","2","3","37","23","11","7","1",,,,,"4","3",
"Begues","080207","2012","24","8","1","15","7","5","12",,,,,,"9","3",
"Begues","080207","2013","22","4","6","12","6","9","6","1",,,,,"6",,
"Begues","080207","2014","12","2","2","8","5","5","2",,,,,,"2",,
"Begues","080207","2015","18","2","1","15","7","10","1",,,,,,"1",,
"Begues","080207","2016","18","3","2","13","9","4","5",,"2",,,,"3",,
"Begues","080207","2017","15","3","3","9","4","8","3",,,,,,"3",,
"Begues","080207","2018","8","1",,"7","1","6","1",,,,,,"1",,
"Begues","080207","2019","15",,"7","8","2","6","7",,,,,,"6","1",
"Begues","080207","2020","11","5","3","3","1","1","6","3",,,,,"5","1",
"Begues","080207","2021","23","5","9","9","3",,"2","18",,,,,"1","1",
"Begues","080207","2022","11","5","4","2","1",,"10","3",,,,,"5","2",
"Begues","080207","2023","17","6","8","3","1","1","15",,"2",,,,"13",,
"Begur","170139","2011","30","5","7","18","3","5","21","1","9",,,,"11","1",
"Begur","170139","2012","23","4","8","11","2",,"21",,"10","2","1",,"5","1","2"
"Begur","170139","2013","7",,"3","4",,,"7",,"5",,,,"1",,"1"
"Begur","170139","2014","9","1","3","5",,,"8","1","5",,"1",,"2",,
"Begur","170139","2015","12","5","2","5",,,"12",,"6","1","2",,"3",,
"Begur","170139","2016","16","4","6","6",,,"16",,"9","2","1",,"4",,
"Begur","170139","2017","33","15","8","10","1",,"30","2","11","2",,,"17",,
"Begur","170139","2018","24","11","7","6",,"2","20","2","8","3",,,"9",,
"Begur","170139","2019","35","13","14","8","2","1","30","2","12","3","2",,"13",,
"Begur","170139","2020","15","3","11","1",,"1","13","1","7","1","4",,"1",,
"Begur","170139","2021","14","8","2","4","1",,"7","6","1",,,,"6",,
"Begur","170139","2022","20","5","7","8",,"3","17","11","2",,,,"4",,
"Begur","170139","2023","21","4","9","8","4",,"17","3","5",,,,"6",,"3"
"Belianes","250463","2011","1",,,"1","1",,"0",,,,,,,,
"Belianes","250463","2012","2",,,"2","2",,"0",,,,,,,,
"Belianes","250463","2013","4",,,"4","4",,"0",,,,,,,,
"Belianes","250463","2014","4",,,"4","4",,"0",,,,,,,,
"Belianes","250463","2015","2",,,"2","2",,"0",,,,,,,,
"Belianes","250463","2016","1",,,"1","1",,"0",,,,,,,,
"Belianes","250463","2017","0",,,,,,"0",,,,,,,,
"Belianes","250463","2018","0",,,,,,"0",,,,,,,,
"Belianes","250463","2019","0",,,,,,"0",,,,,,,,
"Belianes","250463","2020","1",,,"1",,"1","0",,,,,,,,
"Belianes","250463","2021","1",,,"1",,"1","0",,,,,,,,
"Belianes","250463","2022","2",,,"2","2",,,,,,,,,,
"Belianes","250463","2023","4","2","1","1","1",,"3",,"2",,"1",,,,
"Bellaguarda","251706","2011","0",,,,,,"0",,,,,,,,
"Bellaguarda","251706","2012","0",,,,,,"0",,,,,,,,
"Bellaguarda","251706","2013","0",,,,,,"0",,,,,,,,
"Bellaguarda","251706","2014","0",,,,,,"0",,,,,,,,
"Bellaguarda","251706","2015","0",,,,,,"0",,,,,,,,
"Bellaguarda","251706","2016","0",,,,,,"0",,,,,,,,
"Bellaguarda","251706","2017","0",,,,,,"0",,,,,,,,
"Bellaguarda","251706","2018","0",,,,,,"0",,,,,,,,
"Bellaguarda","251706","2019","2","2",,,,,"2",,,,,"2",,,
"Bellaguarda","251706","2020","0",,,,,,"0",,,,,,,,
"Bellaguarda","251706","2021","0",,,,,,"0",,,,,,,,
"Bellaguarda","251706","2022","1","1",,,,,"1",,,,,"1",,,
"Bellcaire d'Empordà","170182","2011","4",,"1","3","3",,"1",,,,,,,,"1"
"Bellcaire d'Empordà","170182","2012","4",,,"4","4",,"0",,,,,,,,
"Bellcaire d'Empordà","170182","2013","3",,"1","2","2",,"1",,"1",,,,,,
"Bellcaire d'Empordà","170182","2014","6","3","3",,,,"6",,"1","2",,,"2","1",
"Bellcaire d'Empordà","170182","2015","2",,"2",,,,"2",,,"1",,,"1",,
"Bellcaire d'Empordà","170182","2016","4","2","2",,"1","1","2",,,,,,"2",,
"Bellcaire d'Empordà","170182","2017","4","1","3",,"1","1","2",,,,"1",,"1",,
"Bellcaire d'Empordà","170182","2018","2",,"1","1","1","1","0",,,,,,,,
"Bellcaire d'Empordà","170182","2019","9",,"2","7","7","2","0",,,,,,,,
"Bellcaire d'Empordà","170182","2020","1","1",,,,,"1",,,,"1",,,,
"Bellcaire d'Empordà","170182","2021","1","1",,,,,"0","1",,,,,,,
"Bellcaire d'Empordà","170182","2022","1","1",,,,,"1","1",,,,,,,
"Bellcaire d'Empordà","170182","2023","4","2","2",,,"2","2",,,,"1","1",,,
"Bellcaire d'Urgell","250479","2011","52","30","22",,,"1","51",,"2",,"6","42","1",,
"Bellcaire d'Urgell","250479","2012","1",,"1",,,,"1",,,,,,"1",,
"Bellcaire d'Urgell","250479","2013","0",,,,,,"0",,,,,,,,
"Bellcaire d'Urgell","250479","2014","0",,,,,,"0",,,,,,,,
"Bellcaire d'Urgell","250479","2015","0",,,,,,"0",,,,,,,,
"Bellcaire d'Urgell","250479","2016","1","1",,,,,"1",,,,"1",,,,
"Bellcaire d'Urgell","250479","2017","1","1",,,,,"1",,,,"1",,,,
"Bellcaire d'Urgell","250479","2018","1","1",,,,,"1",,,,,"1",,,
"Bellcaire d'Urgell","250479","2019","3","3",,,,,"3",,,,"1","1","1",,
"Bellcaire d'Urgell","250479","2020","0",,,,,,"0",,,,,,,,
"Bellcaire d'Urgell","250479","2021","0",,,,,,"0",,,,,,,,
"Bellcaire d'Urgell","250479","2022","3","1","2",,,,"3",,,,,,"3",,
"Bellcaire d'Urgell","250479","2023","3",,"1","2","2",,"1",,,,,,"1",,
"Bell-lloc d'Urgell","250485","2011","5","2","1","2","2","1","2",,"2",,,,,,
"Bell-lloc d'Urgell","250485","2012","3",,"3",,,"1","2",,,,,,"2",,
"Bell-lloc d'Urgell","250485","2013","8","3","5",,,"1","7",,,,"3","3","1",,
"Bell-lloc d'Urgell","250485","2014","1",,,"1","1",,"0",,,,,,,,
"Bell-lloc d'Urgell","250485","2015","2","1","1",,,,"2",,,,,,"2",,
"Bell-lloc d'Urgell","250485","2016","3",,"2","1",,,"3",,,,,,"3",,
"Bell-lloc d'Urgell","250485","2017","3",,,"3","2",,"1",,,,,,"1",,
"Bell-lloc d'Urgell","250485","2018","4","1","1","2",,"2","2",,,,,,"2",,
"Bell-lloc d'Urgell","250485","2019","3","1",,"2","2",,"1",,,,"1",,,,
"Bell-lloc d'Urgell","250485","2020","0",,,,,,"0",,,,,,,,
"Bell-lloc d'Urgell","250485","2021","2",,,"2","1",,"0","1",,,,,,,
"Bell-lloc d'Urgell","250485","2022","2",,,"2",,,"2","2",,,,,,,
"Bell-lloc d'Urgell","250485","2023","18","18",,,,,"18",,"2",,"10","3","1","2",
"Bellmunt del Priorat","430234","2011","2","1",,"1","1",,"1",,,,,"1",,,
"Bellmunt del Priorat","430234","2012","1",,"1",,,,"1",,,,,"1",,,
"Bellmunt del Priorat","430234","2013","0",,,,,,"0",,,,,,,,
"Bellmunt del Priorat","430234","2014","0",,,,,,"0",,,,,,,,
"Bellmunt del Priorat","430234","2015","0",,,,,,"0",,,,,,,,
"Bellmunt del Priorat","430234","2016","0",,,,,,"0",,,,,,,,
"Bellmunt del Priorat","430234","2017","0",,,,,,"0",,,,,,,,
"Bellmunt del Priorat","430234","2018","0",,,,,,"0",,,,,,,,
"Bellmunt del Priorat","430234","2019","5","2","3",,,,"5",,"2","3",,,,,
"Bellmunt del Priorat","430234","2020","0",,,,,,"0",,,,,,,,
"Bellmunt del Priorat","430234","2021","0",,,,,,"0",,,,,,,,
"Bellmunt del Priorat","430234","2022","3","3",,,,,"3",,,"3",,,,,
"Bellmunt del Priorat","430234","2023","2","2",,,,,"2",,,"1",,,"1",,
"Bellpuig","250501","2011","22","21",,"1","2",,"20",,"4",,,"1","1","14",
"Bellpuig","250501","2012","19","2","17",,"1",,"18",,"3",,"2",,"2","11",
"Bellpuig","250501","2013","5","2","1","2","1","1","3",,"1",,"1",,"1",,
"Bellpuig","250501","2014","3",,,"3","2","1","0",,,,,,,,
"Bellpuig","250501","2015","8",,"1","7","4","3","1",,,,,,"1",,
"Bellpuig","250501","2016","4","1",,"3","2","1","1",,"1",,,,,,
"Bellpuig","250501","2017","7","2","1","4","4",,"3",,,,,"1","2",,
"Bellpuig","250501","2018","8",,"4","4","4",,"4",,,,,,"4",,
"Bellpuig","250501","2019","2",,,"2","1","1","0",,,,,,,,
"Bellpuig","250501","2020","4",,"2","2",,"2","2",,,,,,"2",,
"Bellpuig","250501","2021","7","3","3","1",,,"2","5",,,,,"2",,
"Bellpuig","250501","2022","12","5","3","4","2","1","9","8",,,,,"1",,
"Bellpuig","250501","2023","18","10",,"8","6",,"12","3",,,"2","1","3","3",
"Bellvei","430249","2011","17","3","1","13","10","2","5",,"1",,,,"4",,
"Bellvei","430249","2012","17",,"3","14","6","6","5",,,,,,"5",,
"Bellvei","430249","2013","14","2","2","10","2","9","3",,,,,,"3",,
"Bellvei","430249","2014","5","1","4",,,"5","0",,,,,,,,
"Bellvei","430249","2015","2","1",,"1","1",,"1",,,,,,"1",,
"Bellvei","430249","2016","10","2","3","5","7",,"3",,,,,,"3",,
"Bellvei","430249","2017","4","1",,"3","3",,"1",,"1",,,,,,
"Bellvei","430249","2018","4","1","1","2","2","2","0",,,,,,,,
"Bellvei","430249","2019","14","2","3","9","8","4","2",,,,"2",,,,
"Bellvei","430249","2020","10","4",,"6","4","2","3","1",,"1","2",,,,
"Bellvei","430249","2021","7","2","5",,,,"3","4",,"2","1",,,,
"Bellvei","430249","2022","4",,"2","2","1",,"3","3",,,,,,,
"Bellvei","430249","2023","15","2","6","7","3",,"12","6",,"1",,,"5",,
"Bellver de Cerdanya","250518","2011","39","19","15","5","2","1","36",,"8",,,"12","12","4",
"Bellver de Cerdanya","250518","2012","1","1",,,,"1","0",,,,,,,,
"Bellver de Cerdanya","250518","2013","2",,"1","1",,,"2",,,,,,"2",,
"Bellver de Cerdanya","250518","2014","2",,,"2","2",,"0",,,,,,,,
"Bellver de Cerdanya","250518","2015","2","1",,"1","1",,"1",,,,,,"1",,
"Bellver de Cerdanya","250518","2016","3","1","1","1",,,"3",,"1",,,,"2",,
"Bellver de Cerdanya","250518","2017","4","1","1","2",,"2","2",,"1",,,,,"1",
"Bellver de Cerdanya","250518","2018","4","2","2",,,,"4",,,,,,"4",,
"Bellver de Cerdanya","250518","2019","4",,"4",,,,"4",,,,,,"4",,
"Bellver de Cerdanya","250518","2020","4","3","1",,,,"4",,,,,,"4",,
"Bellver de Cerdanya","250518","2021","19","8","11",,,,"18","1",,,,"1","16",,"1"
"Bellver de Cerdanya","250518","2022","6","4","2",,,,"6",,,,,"1","5",,
"Bellver de Cerdanya","250518","2023","14","6","4","4","4",,"10","1",,,,"3","5","1",
"Bellvís","250523","2011","14","13","1",,,,"14",,"2","2","3","5","2",,
"Bellvís","250523","2012","2","1",,"1","1",,"1",,"1",,,,,,
"Bellvís","250523","2013","2","1",,"1","1",,"1",,,,,,,"1",
"Bellvís","250523","2014","2","2",,,,,"2",,,,"2",,,,
"Bellvís","250523","2015","0",,,,,,"0",,,,,,,,
"Bellvís","250523","2016","1",,,"1","1",,"0",,,,,,,,
"Bellvís","250523","2017","3","1",,"2","2",,"1",,,,"1",,,,
"Bellvís","250523","2018","1",,,"1","1",,"0",,,,,,,,
"Bellvís","250523","2019","2","2",,,,,"2",,,"1",,,,"1",
"Bellvís","250523","2020","1",,,"1","1",,"0",,,,,,,,
"Bellvís","250523","2021","3","1","1","1","1",,"0","2",,,,,,,
"Bellvís","250523","2022","2","1",,"1","1","1",,,,,,,,,
"Bellvís","250523","2023","1","1",,,,,"1",,,"1",,,,,
"Benavent de Segrià","250539","2011","6",,,"6","5",,"0","1",,,,,,,
"Benavent de Segrià","250539","2012","3",,,"3","3",,"0",,,,,,,,
"Benavent de Segrià","250539","2013","4","1",,"3","3",,"1",,,,,"1",,,
"Benavent de Segrià","250539","2014","0",,,,,,"0",,,,,,,,
"Benavent de Segrià","250539","2015","2",,"1","1","1",,"1",,,,,,"1",,
"Benavent de Segrià","250539","2016","3",,,"3","2",,"1",,,,,,"1",,
"Benavent de Segrià","250539","2017","1",,"1",,,"1","0",,,,,,,,
"Benavent de Segrià","250539","2018","5","1","2","2","1","4","0",,,,,,,,
"Benavent de Segrià","250539","2019","1",,,"1","1",,"0",,,,,,,,
"Benavent de Segrià","250539","2020","2","2",,,,,"0","2",,,,,,,
"Benavent de Segrià","250539","2021","6",,,"6",,,"0","6",,,,,,,
"Benavent de Segrià","250539","2022","2",,,"2",,,"2","2",,,,,,,
"Benavent de Segrià","250539","2023","2","1",,"1","1",,"1",,,,,,"1",,
"Benifallet","430252","2011","1","1",,,,,"1",,,,,,"1",,
"Benifallet","430252","2012","0",,,,,,"0",,,,,,,,
"Benifallet","430252","2013","1","1",,,,,"1",,,,,,,"1",
"Benifallet","430252","2014","4","4",,,,,"4",,"3",,,,,,"1"
"Benifallet","430252","2015","4",,"3","1","1",,"3",,,,,,,,"3"
"Benifallet","430252","2016","2","1","1",,,"1","1",,,,,,,,"1"
"Benifallet","430252","2017","4","1","2","1","1","1","2",,"2",,,,,,
"Benifallet","430252","2018","3",,"1","2","2",,"1",,,,,,,,"1"
"Benifallet","430252","2019","1",,,"1","1",,"0",,,,,,,,
"Benifallet","430252","2020","2","2",,,,,"0","2",,,,,,,
"Benifallet","430252","2021","6",,"5","1","1",,"1","4",,,,,,,"1"
"Benifallet","430252","2023","1","1",,,,,"1",,"1",,,,,,
"Benissanet","430265","2011","6",,,"6","6",,"0",,,,,,,,
"Benissanet","430265","2012","0",,,,,,"0",,,,,,,,
"Benissanet","430265","2013","8","6",,"2","2",,"6",,"4",,,,,"2",
"Benissanet","430265","2014","12","4","7","1","1",,"11",,"8",,,,,"3",
"Benissanet","430265","2015","10",,"6","4","1",,"9",,"6",,,,,"3",
"Benissanet","430265","2016","9","2",,"7",,,"9",,"5",,"1",,,"3",
"Benissanet","430265","2017","3",,"2","1",,,"3",,,,"1","1",,"1",
"Benissanet","430265","2018","1",,,"1",,,"1",,"1",,,,,,
"Benissanet","430265","2019","1","1",,,,,"1",,,,"1",,,,
"Benissanet","430265","2020","0",,,,,,"0",,,,,,,,
"Benissanet","430265","2021","0",,,,,,"0",,,,,,,,
"Benissanet","430265","2022","8","7",,"1","1",,"7",,,,,"7",,,
"Benissanet","430265","2023","9","6",,"3","3",,"6",,"2",,,"4",,,
"Berga","080229","2011","194","38","88","68","57","6","131",,"9","3","71","2","38","7","1"
"Berga","080229","2012","201","74","69","58","49","1","151",,"18","5","77","3","36","10","2"
"Berga","080229","2013","146","37","88","21","14","12","120",,"21","3","49",,"35","12",
"Berga","080229","2014","120","45","57","18","13","14","92","1","6","4","46",,"29","7",
"Berga","080229","2015","127","58","36","33","25","5","97",,"9","5","51",,"28","4",
"Berga","080229","2016","114","49","46","19","18","5","89","2","12","2","45","1","27","2",
"Berga","080229","2017","212","159","36","17","21","7","182","2","14","18","40","11","66","33",
"Berga","080229","2018","169","114","42","13","11","5","150","3","6","9","42","6","74","11","2"
"Berga","080229","2019","274","181","82","11","4","8","258","4","11","4","62","7","162","11","1"
"Berga","080229","2020","124","60","58","6","3","3","108","10","3","2","23","6","69","5",
"Berga","080229","2021","127","65","55","7","2","4","95","26","2","4","25","8","55","1",
"Berga","080229","2022","217","117","86","14","9","9","199","7","13",,"38","9","119","13",
"Berga","080229","2023","255","119","122","14","8","10","237","8","10","4","42","13","148","12",
"Besalú","170195","2011","6","1","2","3","2",,"4",,"1",,"2",,"1",,
"Besalú","170195","2012","4",,"1","3","1",,"3",,,,"1",,"2",,
"Besalú","170195","2013","5","1","1","3","2",,"3",,"1",,,,"2",,
"Besalú","170195","2014","5","1","1","3","2",,"3",,"1",,,,"2",,
"Besalú","170195","2015","3",,"2","1",,,"3",,"1",,,,"2",,
"Besalú","170195","2016","1",,"1",,,,"1",,"1",,,,,,
"Besalú","170195","2017","1","1",,,,,"1",,,,"1",,,,
"Besalú","170195","2018","5",,"4","1","1",,"4",,"2",,"2",,,,
"Besalú","170195","2019","31","15","12","4","1",,"30",,"6",,"3","1","20",,
"Besalú","170195","2020","18",,"17","1",,,"18",,"4",,"2",,"12",,
"Besalú","170195","2021","11","6","2","3","3",,"0","8",,,,,,,
"Besalú","170195","2022","13","7","6",,,,"13","4",,"3","2",,"4",,
"Besalú","170195","2023","6","1","3","2","1",,"5",,,"3",,,"2",,
"Bescanó","170209","2011","29","1","10","18","10","5","14",,,"3","2",,"9",,
"Bescanó","170209","2012","14","1","4","9","8","1","5",,,"1",,,"4",,
"Bescanó","170209","2013","10",,"2","8","5","2","3",,,,,,"3",,
"Bescanó","170209","2014","4",,,"4","2","2","0",,,,,,,,
"Bescanó","170209","2015","6","1","3","2","3",,"3",,"3",,,,,,
"Bescanó","170209","2016","10","1","2","7","7","1","2",,,,"2",,,,
"Bescanó","170209","2017","13","1","3","9","9",,"4",,,,,"2","2",,
"Bescanó","170209","2018","17","5","8","4","2","1","14",,"1",,"2","2","9",,
"Bescanó","170209","2019","20","2","8","10","5","2","13",,"2",,,"5","6",,
"Bescanó","170209","2020","12",,"2","10","8",,"4",,"1",,,"1","2",,
"Bescanó","170209","2021","13","2","2","9","6","1","0","6",,,,,,,
"Bescanó","170209","2022","21","4","12","5","4","1","16","11",,,,"1","4",,
"Bescanó","170209","2023","16","1","9","6","5",,"11","8",,"2",,,"1",,
"Beuda","170216","2011","0",,,,,,"0",,,,,,,,
"Beuda","170216","2012","1","1",,,,,"1",,,,,,,"1",
"Beuda","170216","2013","0",,,,,,"0",,,,,,,,
"Beuda","170216","2014","0",,,,,,"0",,,,,,,,
"Beuda","170216","2015","0",,,,,,"0",,,,,,,,
"Beuda","170216","2016","0",,,,,,"0",,,,,,,,
"Beuda","170216","2017","0",,,,,,"0",,,,,,,,
"Beuda","170216","2018","0",,,,,,"0",,,,,,,,
"Beuda","170216","2019","0",,,,,,"0",,,,,,,,
"Beuda","170216","2020","0",,,,,,"0",,,,,,,,
"Beuda","170216","2021","0",,,,,,"0",,,,,,,,
"Bigues i Riells","080235","2011","25","2","6","17","17","6","2",,,,,,"2",,
"Bigues i Riells","080235","2012","20","4","4","12","8","9","3",,"1",,,,"2",,
"Bigues i Riells","080235","2013","20","1","5","14","7","10","3",,"1",,,,"2",,
"Bigues i Riells","080235","2014","23","5","5","13","7","8","8",,"3",,,,"5",,
"Bigues i Riells","080235","2015","26","3","10","13","7","8","11",,"3",,,,"7","1",
"Bigues i Riells","080235","2016","37","8","14","15","7","13","17",,"6",,,,"11",,
"Bigues i Riells","080235","2017","22","3","8","11","2","7","13",,"3",,"1",,"9",,
"Bigues i Riells","080235","2018","15","1","8","6","7","1","7",,"3",,,,"4",,
"Bigues i Riells","080235","2019","17","3","5","9","6","5","6",,"2","1","1",,"2",,
"Bigues i Riells","080235","2020","9","4","3","2","1",,"6","2","1",,,,"5",,
"Bigues i Riells","080235","2021","5","2","2","1",,,"3","2",,,,,"3",,
"Bigues i Riells","080235","2022","17","7","2","8","1","3","13",,,"3",,,"10",,
"Bigues i Riells","080235","2023","36","16","10","10","7","7","22",,"2","2","7",,"11",,
"Biosca","250557","2011","1",,,"1","1",,"0",,,,,,,,
"Biosca","250557","2012","2",,,"2","2",,"0",,,,,,,,
"Biosca","250557","2013","0",,,,,,"0",,,,,,,,
"Biosca","250557","2014","0",,,,,,"0",,,,,,,,
"Biosca","250557","2015","1",,"1",,,,"1",,,,,,"1",,
"Biosca","250557","2016","0",,,,,,"0",,,,,,,,
"Biosca","250557","2017","0",,,,,,"0",,,,,,,,
"Biosca","250557","2018","0",,,,,,"0",,,,,,,,
"Biosca","250557","2019","0",,,,,,"0",,,,,,,,
"Biosca","250557","2020","0",,,,,,"0",,,,,,,,
"Biosca","250557","2021","0",,,,,,"0",,,,,,,,
"Biure","172348","2011","6",,,"6","3",,"3",,"1","2",,,,,
"Biure","172348","2012","4",,,"4","2",,"2",,,"2",,,,,
"Biure","172348","2013","3",,,"3","1",,"2",,,"2",,,,,
"Biure","172348","2014","1",,,"1","1",,"0",,,,,,,,
"Biure","172348","2015","0",,,,,,"0",,,,,,,,
"Biure","172348","2016","0",,,,,,"0",,,,,,,,
"Biure","172348","2017","0",,,,,,"0",,,,,,,,
"Biure","172348","2018","0",,,,,,"0",,,,,,,,
"Biure","172348","2019","0",,,,,,"0",,,,,,,,
"Biure","172348","2020","0",,,,,,"0",,,,,,,,
"Biure","172348","2021","0",,,,,,"0",,,,,,,,
"Blancafort","430290","2011","3",,,"3",,"1","2",,,"2",,,,,
"Blancafort","430290","2012","2",,,"2",,,"2",,,"2",,,,,
"Blancafort","430290","2013","3",,,"3",,,"3",,,"3",,,,,
"Blancafort","430290","2014","0",,,,,,"0",,,,,,,,
"Blancafort","430290","2015","0",,,,,,"0",,,,,,,,
"Blancafort","430290","2016","1",,,"1",,,"1",,,"1",,,,,
"Blancafort","430290","2017","0",,,,,,"0",,,,,,,,
"Blancafort","430290","2018","0",,,,,,"0",,,,,,,,
"Blancafort","430290","2019","0",,,,,,"0",,,,,,,,
"Blancafort","430290","2020","0",,,,,,"0",,,,,,,,
"Blancafort","430290","2021","0",,,,,,"0",,,,,,,,
"Blanes","170237","2011","857","261","341","255","155","168","532","2","75","47","43","110","242","14","1"
"Blanes","170237","2012","768","269","303","196","124","126","517","1","64","55","62","122","192","21","1"
"Blanes","170237","2013","729","291","299","139","84","110","532","3","68","33","70","138","191","32",
"Blanes","170237","2014","566","189","230","147","87","96","383",,"36","34","46","86","166","13","2"
"Blanes","170237","2015","516","209","204","103","62","70","384",,"43","34","45","63","183","14","2"
"Blanes","170237","2016","461","189","177","95","52","73","336",,"35","41","43","37","171","9",
"Blanes","170237","2017","457","170","219","68","40","69","345","3","39","38","38","27","190","12","1"
"Blanes","170237","2018","480","173","216","91","61","63","356",,"35","42","25","23","214","13","4"
"Blanes","170237","2019","686","275","314","97","64","62","557","3","41","36","58","60","349","11","2"
"Blanes","170237","2020","510","167","250","93","41","44","418","7","34","37","49","33","258","7",
"Blanes","170237","2021","569","155","308","106","39","46","388","96","29","41","59","31","221","7",
"Blanes","170237","2022","590","282","202","106","38","51","501","111","21","79","38","27","211","14",
"Blanes","170237","2023","728","281","353","94","48","46","634","34","41","128","51","28","338","14",
"Boadella i les Escaules","170293","2011","4","1","3",,,,"4",,"1",,,,"3",,
"Boadella i les Escaules","170293","2012","5","1","4",,,,"5",,"1",,,,"4",,
"Boadella i les Escaules","170293","2013","1",,"1",,,,"1",,,"1",,,,,
"Boadella i les Escaules","170293","2014","2",,"2",,,,"2",,,"2",,,,,
"Boadella i les Escaules","170293","2015","1",,"1",,,,"1",,,"1",,,,,
"Boadella i les Escaules","170293","2016","0",,,,,,"0",,,,,,,,
"Boadella i les Escaules","170293","2017","1",,,"1",,,"1",,,,"1",,,,
"Boadella i les Escaules","170293","2018","0",,,,,,"0",,,,,,,,
"Boadella i les Escaules","170293","2019","2","2",,,,,"2",,,,,,"2",,
"Boadella i les Escaules","170293","2020","1",,"1",,,,"1",,,,,,"1",,
"Boadella i les Escaules","170293","2021","0",,,,,,"0",,,,,,,,
"Bolvir","170242","2011","1",,"1",,,,"1",,,,"1",,,,
"Bolvir","170242","2012","1","1",,,,,"1",,,,,,"1",,
"Bolvir","170242","2013","1",,,"1",,,"1",,"1",,,,,,
"Bolvir","170242","2014","0",,,,,,"0",,,,,,,,
"Bolvir","170242","2015","1","1",,,,,"1",,,,,,"1",,
"Bolvir","170242","2016","2","2",,,,,"2",,,,,,"1","1",
"Bolvir","170242","2017","1",,"1",,,,"1",,,,,,,"1",
"Bolvir","170242","2018","0",,,,,,"0",,,,,,,,
"Bolvir","170242","2019","2","1","1",,,,"2",,,,,,"2",,
"Bolvir","170242","2020","1",,"1",,,,"1",,,,,,"1",,
"Bolvir","170242","2021","4",,"1","3","2",,"2",,,"1",,,"1",,
"Bolvir","170242","2023","9","3","2","4","5","1","3",,,,,,"3",,
"Bonastre","430304","2011","4","1",,"3","1",,"3",,,,"1",,"2",,
"Bonastre","430304","2012","3","1",,"2","2","1","0",,,,,,,,
"Bonastre","430304","2013","3","1","1","1","1",,"2",,,,"2",,,,
"Bonastre","430304","2014","0",,,,,,"0",,,,,,,,
"Bonastre","430304","2015","0",,,,,,"0",,,,,,,,
"Bonastre","430304","2016","0",,,,,,"0",,,,,,,,
"Bonastre","430304","2017","0",,,,,,"0",,,,,,,,
"Bonastre","430304","2018","0",,,,,,"0",,,,,,,,
"Bonastre","430304","2019","0",,,,,,"0",,,,,,,,
"Bonastre","430304","2020","2","1","1",,,,"2",,,,,,"2",,
"Bonastre","430304","2021","0",,,,,,"0",,,,,,,,
"Bonastre","430304","2022","4","3",,"1",,,"4",,,,"4",,,,
"Bonastre","430304","2023","4","2","1","1","1",,"3","2","1",,,,,,
"Bordils","170255","2011","21","15","2","4","1","1","19",,"3",,"4","10","2",,
"Bordils","170255","2012","17","11",,"6","4","2","11",,,,"3","8",,,
"Bordils","170255","2013","4","1","1","2","2",,"2",,,,,"1",,,"1"
"Bordils","170255","2014","2",,"1","1","1",,"1",,,,,,"1",,
"Bordils","170255","2015","5","2","1","2","2",,"3",,,,"2",,"1",,
"Bordils","170255","2016","5",,"1","4","4",,"1",,,,"1",,,,
"Bordils","170255","2017","5","1","2","2","2",,"3",,,,"2","1",,,
"Bordils","170255","2018","1",,,"1","1",,"0",,,,,,,,
"Bordils","170255","2019","12","7",,"5","5",,"7",,,,"3","2","2",,
"Bordils","170255","2020","6","4","1","1","1",,"5",,"2",,,,"3",,
"Bordils","170255","2021","6","3","3",,,,"4","2",,,"1","1","2",,
"Bordils","170255","2022","63","22","30","11",,"1","62","58",,,,"1","3",,
"Bordils","170255","2023","34","9","20","5",,"7","27","15","3","3","2",,"4",,
"Borrassà","170268","2011","5",,"4","1",,"4","1",,,,,,"1",,
"Borrassà","170268","2012","0",,,,,,"0",,,,,,,,
"Borrassà","170268","2013","0",,,,,,"0",,,,,,,,
"Borrassà","170268","2014","0",,,,,,"0",,,,,,,,
"Borrassà","170268","2015","1","1",,,,"1","0",,,,,,,,
"Borrassà","170268","2016","2",,"2",,,"1","1",,,,,,"1",,
"Borrassà","170268","2017","4","1","3",,,,"4",,,,,,"4",,
"Borrassà","170268","2018","3",,"2","1",,,"3",,,,,,"3",,
"Borrassà","170268","2019","2",,"1","1",,,"2",,,,,,"2",,
"Borrassà","170268","2020","1",,"1",,,,"1",,"1",,,,,,
"Borrassà","170268","2021","0",,,,,,"0",,,,,,,,
"Borredà","080240","2011","1",,,"1","1",,"0",,,,,,,,
"Borredà","080240","2012","3","1",,"2","2",,"1",,,,,,"1",,
"Borredà","080240","2013","1",,,"1","1",,"0",,,,,,,,
"Borredà","080240","2014","0",,,,,,"0",,,,,,,,
"Borredà","080240","2015","1",,,"1","1",,"0",,,,,,,,
"Borredà","080240","2016","3","1","1","1","1",,"2",,"1",,"1",,,,
"Borredà","080240","2017","1","1",,,,,"1",,"1",,,,,,
"Borredà","080240","2018","6","5","1",,,,"6",,,,"4","2",,,
"Borredà","080240","2019","2","2",,,,,"2",,,,,"2",,,
"Borredà","080240","2020","1","1",,,,,"1",,,,"1",,,,
"Borredà","080240","2021","0",,,,,,"0",,,,,,,,
"Borredà","080240","2022","1","1",,,,,"1",,,,,,"1",,
"Borredà","080240","2023","2","1",,"1","1",,"1",,,,"1",,,,
"Bossòst","250595","2011","0",,,,,,"0",,,,,,,,
"Bossòst","250595","2012","0",,,,,,"0",,,,,,,,
"Bossòst","250595","2013","0",,,,,,"0",,,,,,,,
"Bossòst","250595","2014","0",,,,,,"0",,,,,,,,
"Bossòst","250595","2015","1",,,"1","1",,"0",,,,,,,,
"Bossòst","250595","2016","1",,,"1",,"1","0",,,,,,,,
"Bossòst","250595","2017","1",,,"1",,"1","0",,,,,,,,
"Bossòst","250595","2018","0",,,,,,"0",,,,,,,,
"Bossòst","250595","2019","0",,,,,,"0",,,,,,,,
"Bossòst","250595","2020","0",,,,,,"0",,,,,,,,
"Bossòst","250595","2021","0",,,,,,"0",,,,,,,,
"Bot","430326","2011","24",,"23","1","1",,"23",,,,,,,"23",
"Bot","430326","2012","21","21",,,,,"21",,,,,,,"21",
"Bot","430326","2013","0",,,,,,"0",,,,,,,,
"Bot","430326","2014","2","2",,,,,"2",,,,,,,"2",
"Bot","430326","2015","1","1",,,,,"1",,,,,,,"1",
"Bot","430326","2016","2",,"1","1",,"1","1",,,,,,"1",,
"Bot","430326","2017","10","6","1","3",,"2","8",,"2",,,,"1","4","1"
"Bot","430326","2018","4","3",,"1",,,"4",,"1",,,,,"2","1"
"Bot","430326","2019","6",,"6",,,,"6",,"2",,,,,"4",
"Bot","430326","2020","4","4",,,,,"4",,,,,,,"4",
"Bot","430326","2021","1","1",,,,,"1",,,,,,,"1",
"Bot","430326","2022","1",,"1",,,,"1",,,,,,,"1",
"Bot","430326","2023","1","1",,,,,"1",,,,,,,"1",
"Botarell","430332","2011","6","1","3","2","1","1","4",,"1",,,,"3",,
"Botarell","430332","2012","7",,"4","3",,"4","3",,,,,,"3",,
"Botarell","430332","2013","4",,"2","2","1","1","2",,,,,,"2",,
"Botarell","430332","2014","7",,,"7","4",,"3",,"1",,,,"2",,
"Botarell","430332","2015","5",,,"5","3",,"0","2",,,,,,,
"Botarell","430332","2016","3",,"1","2","2",,"1",,"1",,,,,,
"Botarell","430332","2017","2",,,"2",,"2","0",,,,,,,,
"Botarell","430332","2018","2","1",,"1",,"1","1",,,,,,"1",,
"Botarell","430332","2019","10","1",,"9","7","1","2",,"2",,,,,,
"Botarell","430332","2020","9",,"3","6","3","3","3",,"3",,,,,,
"Botarell","430332","2021","7","1",,"6","4","1","2",,"2",,,,,,
"Botarell","430332","2022","1",,,"1","1",,,,,,,,,,
"Botarell","430332","2023","2","1",,"1","1","1",,,,,,,,,
"Bovera","250560","2011","0",,,,,,"0",,,,,,,,
"Bovera","250560","2012","0",,,,,,"0",,,,,,,,
"Bovera","250560","2013","0",,,,,,"0",,,,,,,,
"Bovera","250560","2014","0",,,,,,"0",,,,,,,,
"Bovera","250560","2015","0",,,,,,"0",,,,,,,,
"Bovera","250560","2016","0",,,,,,"0",,,,,,,,
"Bovera","250560","2017","0",,,,,,"0",,,,,,,,
"Bovera","250560","2018","0",,,,,,"0",,,,,,,,
"Bovera","250560","2019","0",,,,,,"0",,,,,,,,
"Bovera","250560","2020","0",,,,,,"0",,,,,,,,
"Bovera","250560","2021","1","1",,,,,"0","1",,,,,,,
"Bovera","250560","2022","3","3",,,,,"3","3",,,,,,,
"Bovera","250560","2023","6","6",,,,,"6",,,,"2","4",,,
"Bràfim","430347","2011","6","2","2","2","2",,"4",,"1",,,,"3",,
"Bràfim","430347","2012","6",,"2","4","1","2","3",,"1",,"1",,"1",,
"Bràfim","430347","2013","6","1","3","2",,"2","4",,"1","1",,,"2",,
"Bràfim","430347","2014","5",,"2","3",,,"5",,,"2",,,"2","1",
"Bràfim","430347","2015","0",,,,,,"0",,,,,,,,
"Bràfim","430347","2016","0",,,,,,"0",,,,,,,,
"Bràfim","430347","2017","3","1","1","1","1","1","1",,,,"1",,,,
"Bràfim","430347","2018","4",,"2","2","1","3","0",,,,,,,,
"Bràfim","430347","2019","11","4","4","3",,"3","8",,"3",,"4",,"1",,
"Bràfim","430347","2020","5","1","2","2",,"2","2","1",,,"2",,,,
"Bràfim","430347","2021","3","1","1","1",,"1","0","2",,,,,,,
"Bràfim","430347","2022","4","1","1","2","1","1","2","1",,,"1",,,,
"Bràfim","430347","2023","4","1",,"3","1","2","1",,,,,,"1",,
"Breda","170274","2011","66",,"42","24","21","2","42","1",,,"3","26","11","2",
"Breda","170274","2012","9","2",,"7","5",,"4",,,,"1","1","2",,
"Breda","170274","2013","7",,"2","5","4",,"3",,,,"1",,"2",,
"Breda","170274","2014","11","5","2","4","2","1","8",,"1",,,,"7",,
"Breda","170274","2015","12","2","5","5","2","1","9",,"2",,,"1","5","1",
"Breda","170274","2016","12","9","1","2","1","2","9",,,,,"1","8",,
"Breda","170274","2017","4","1",,"3","3","1","0",,,,,,,,
"Breda","170274","2018","35","15","18","2","3","7","25",,,,"11","3","8","3",
"Breda","170274","2019","32","8","20","4","4","2","26",,,,"7","9","9","1",
"Breda","170274","2020","6",,"6",,,,"6",,,,"1","4","1",,
"Breda","170274","2021","7","6","1",,,,"3","4",,,,,"3",,
"Breda","170274","2022","14","6","6","2","1","2","11","3","1",,"2","2","3",,
"Breda","170274","2023","11","6","5",,,"2","9","3","1",,,,"5",,
"Brunyola i Sant Martí Sapresa","170280","2011","2",,,"2",,"1","0","1",,,,,,,
"Brunyola i Sant Martí Sapresa","170280","2012","1",,,"1",,"1","0",,,,,,,,
"Brunyola i Sant Martí Sapresa","170280","2013","0",,,,,,"0",,,,,,,,
"Brunyola i Sant Martí Sapresa","170280","2014","0",,,,,,"0",,,,,,,,
"Brunyola i Sant Martí Sapresa","170280","2015","0",,,,,,"0",,,,,,,,
"Brunyola i Sant Martí Sapresa","170280","2016","0",,,,,,"0",,,,,,,,
"Brunyola i Sant Martí Sapresa","170280","2017","0",,,,,,"0",,,,,,,,
"Brunyola i Sant Martí Sapresa","170280","2018","0",,,,,,"0",,,,,,,,
"Brunyola i Sant Martí Sapresa","170280","2019","0",,,,,,"0",,,,,,,,
"Brunyola i Sant Martí Sapresa","170280","2020","0",,,,,,"0",,,,,,,,
"Brunyola i Sant Martí Sapresa","170280","2021","5","4","1",,,,"5",,,,"5",,,,
"Brunyola i Sant Martí Sapresa","170280","2022","2",,"2",,,,"2",,,,"2",,,,
"Brunyola i Sant Martí Sapresa","170280","2023","2",,"1","1","1",,"1",,,,"1",,,,
"Cabacés","430350","2011","3",,"1","2","1","1","1",,"1",,,,,,
"Cabacés","430350","2012","3",,,"3","1","2","0",,,,,,,,
"Cabacés","430350","2013","1",,,"1",,"1","0",,,,,,,,
"Cabacés","430350","2014","1",,,"1",,,"1",,,"1",,,,,
"Cabacés","430350","2015","4",,,"4","2",,"2",,,"2",,,,,
"Cabacés","430350","2016","5","3",,"2","2",,"3",,,,"3",,,,
"Cabacés","430350","2017","0",,,,,,"0",,,,,,,,
"Cabacés","430350","2018","2","1",,"1","1",,"1",,,,"1",,,,
"Cabacés","430350","2019","2",,,"2","2",,"0",,,,,,,,
"Cabacés","430350","2020","4","4",,,,,"4",,,,"4",,,,
"Cabacés","430350","2021","0",,,,,,"0",,,,,,,,
"Cabacés","430350","2023","3",,,"3","3",,,,,,,,,,
"Cabanabona","250609","2023","3",,,"3","3",,,,,,,,,,
"Cabanelles","170314","2011","0",,,,,,"0",,,,,,,,
"Cabanelles","170314","2012","0",,,,,,"0",,,,,,,,
"Cabanelles","170314","2013","1","1",,,,,"1",,,,,,"1",,
"Cabanelles","170314","2014","2",,"2",,,,"2",,,,,,"2",,
"Cabanelles","170314","2015","2",,"1","1","1",,"1",,,,,,"1",,
"Cabanelles","170314","2016","1",,,"1","1",,"0",,,,,,,,
"Cabanelles","170314","2017","0",,,,,,"0",,,,,,,,
"Cabanelles","170314","2018","2","1","1",,,,"2",,,,,,"2",,
"Cabanelles","170314","2019","2","1","1",,,,"2",,,,,,"2",,
"Cabanelles","170314","2020","3","1","2",,,,"2","1",,,,,"2",,
"Cabanelles","170314","2021","3","2","1",,,,"1","2",,,,,"1",,
"Cabanelles","170314","2022","2",,"2",,,,"2",,,,,,"2",,
"Cabanelles","170314","2023","2","1","1",,,,"2",,"1",,,,"1",,
"Cabanes","170307","2011","4","1","1","2",,,"4",,,,"1","1","2",,
"Cabanes","170307","2012","3","1","1","1",,,"3",,"1",,,,"2",,
"Cabanes","170307","2013","4",,"2","2","2",,"2",,"1",,,,"1",,
"Cabanes","170307","2014","1",,,"1","1",,"0",,,,,,,,
"Cabanes","170307","2015","1","1",,,,,"1",,,,"1",,,,
"Cabanes","170307","2016","3",,"2","1","1",,"2",,"2",,,,,,
"Cabanes","170307","2017","6","1","3","2","2",,"4",,"4",,,,,,
"Cabanes","170307","2018","3","1","2",,,,"3",,"2",,"1",,,,
"Cabanes","170307","2019","17","17",,,,,"17",,,,"14",,"3",,
"Cabanes","170307","2020","2","1","1",,,,"2",,,,"1",,"1",,
"Cabanes","170307","2021","3","1","2",,,,"2","1",,,"2",,,,
"Cabanes","170307","2022","2","1","1",,,,"2",,,,,,"2",,
"Cabanes","170307","2023","1",,"1",,,,"1",,,,,,"1",,
"Cabó","250616","2011","0",,,,,,"0",,,,,,,,
"Cabó","250616","2012","0",,,,,,"0",,,,,,,,
"Cabó","250616","2013","0",,,,,,"0",,,,,,,,
"Cabó","250616","2014","0",,,,,,"0",,,,,,,,
"Cabó","250616","2015","0",,,,,,"0",,,,,,,,
"Cabó","250616","2016","0",,,,,,"0",,,,,,,,
"Cabó","250616","2017","0",,,,,,"0",,,,,,,,
"Cabó","250616","2018","0",,,,,,"0",,,,,,,,
"Cabó","250616","2019","0",,,,,,"0",,,,,,,,
"Cabó","250616","2020","3",,,"3",,,"0","3",,,,,,,
"Cabó","250616","2021","0",,,,,,"0",,,,,,,,
"Cabra del Camp","430363","2011","6","1",,"5","2",,"4",,,,"1",,"3",,
"Cabra del Camp","430363","2012","7","3","1","3","2","1","4",,,,,"2","2",,
"Cabra del Camp","430363","2013","4","1",,"3","2","2","0",,,,,,,,
"Cabra del Camp","430363","2014","2",,,"2","1",,"1",,,,,,"1",,
"Cabra del Camp","430363","2015","3",,,"3","3",,"0",,,,,,,,
"Cabra del Camp","430363","2016","4",,"3","1",,,"4",,"2",,,"1","1",,
"Cabra del Camp","430363","2017","5","2","2","1",,,"5",,,,,"3","2",,
"Cabra del Camp","430363","2018","7","2","2","3","1",,"6",,"1",,,"2","2","1",
"Cabra del Camp","430363","2019","9","4","4","1",,,"9",,"2",,"2",,"4","1",
"Cabra del Camp","430363","2020","7","7",,,,,"6","1",,,"4","2",,,
"Cabra del Camp","430363","2021","5","2","2","1",,,"2","3",,,"1",,"1",,
"Cabra del Camp","430363","2022","9","4","2","3","2",,"7","2",,,"2",,"3",,
"Cabra del Camp","430363","2023","10","5","2","3","3",,"7",,,,,,"7",,
"Cabrera d'Anoia","080288","2011","3",,"1","2","1",,"2",,,,,,"2",,
"Cabrera d'Anoia","080288","2012","21",,"1","20","11","3","7",,"2",,,,"4",,"1"
"Cabrera d'Anoia","080288","2013","0",,,,,,"0",,,,,,,,
"Cabrera d'Anoia","080288","2014","0",,,,,,"0",,,,,,,,
"Cabrera d'Anoia","080288","2015","1",,,"1","1",,"0",,,,,,,,
"Cabrera d'Anoia","080288","2016","7",,,"7","4","1","2",,,"2",,,,,
"Cabrera d'Anoia","080288","2017","4","2",,"2","1","1","2",,"1","1",,,,,
"Cabrera d'Anoia","080288","2018","11","1","4","6","3","2","6",,"1",,"1",,"4",,
"Cabrera d'Anoia","080288","2019","6","1","1","4",,"1","5",,"1",,,,"4",,
"Cabrera d'Anoia","080288","2020","7","1",,"6",,,"7",,,,,,"7",,
"Cabrera d'Anoia","080288","2021","7",,"1","6","1","1","5",,,,,,"5",,
"Cabrera d'Anoia","080288","2022","6",,,"6","1","1","4",,,"1",,,"3",,
"Cabrera d'Anoia","080288","2023","7","2","1","4","1",,"6",,,"2",,,"4",,
"Cabrera de Mar","080291","2011","17","3","6","8","5","5","6","1",,"1","1",,"4",,
"Cabrera de Mar","080291","2012","17","3","6","8","5","1","10","1","1",,"1",,"7","1",
"Cabrera de Mar","080291","2013","10","3",,"7","3","1","6",,,,,,"6",,
"Cabrera de Mar","080291","2014","9","3","2","4","3","1","5",,,,,,"5",,
"Cabrera de Mar","080291","2015","8","1","3","4","3","5","0",,,,,,,,
"Cabrera de Mar","080291","2016","7","1","3","3","2","3","2",,,,,,"2",,
"Cabrera de Mar","080291","2017","8","2","3","3","2","1","5",,,,"1",,"4",,
"Cabrera de Mar","080291","2018","8",,"4","4","6",,"2",,,,,,"2",,
"Cabrera de Mar","080291","2019","10","2","3","5","6",,"4",,,"1",,"1","2",,
"Cabrera de Mar","080291","2020","11","2","1","8","5",,"4","2",,,,,"4",,
"Cabrera de Mar","080291","2021","9","1",,"8","4",,"4","1",,,,,"4",,
"Cabrera de Mar","080291","2022","5",,,"5","3",,"2",,,,,,"2",,
"Cabrera de Mar","080291","2023","6","1","1","4","1","3","2",,,,,,"2",,
"Cabrils","080305","2011","11",,"3","8","6","1","4",,"1",,,,"3",,
"Cabrils","080305","2012","13","3","3","7","5","2","6",,"2","1",,,"3",,
"Cabrils","080305","2013","20","2","6","12","8","7","5",,"1","1",,,"3",,
"Cabrils","080305","2014","17","1","3","13","4","12","1",,,,,,"1",,
"Cabrils","080305","2015","18","3","6","9","5","9","4",,"1","1",,,"2",,
"Cabrils","080305","2016","13","3","7","3","1","2","10",,,,,"1","9",,
"Cabrils","080305","2017","21","2","7","12","6","5","10",,,,,,"6",,"4"
"Cabrils","080305","2018","26","7","9","10","4","2","20",,"1",,,,"19",,
"Cabrils","080305","2019","30","5","13","12","6",,"24",,"3",,"1",,"20",,
"Cabrils","080305","2020","12","1","3","8","5",,"6","1","2",,"1",,"2","1",
"Cabrils","080305","2021","13","3","5","5","1","1","6","5","1",,,,"5",,
"Cabrils","080305","2022","15","8","4","3","1","2","12",,,,,,"12",,
"Cabrils","080305","2023","18","6","8","4","3","1","14",,,,,,"13",,"1"
"Cadaqués","170329","2011","8","3",,"5","3",,"5",,"3","1",,,"1",,
"Cadaqués","170329","2012","10",,"6","4","2",,"8",,"6","2",,,,,
"Cadaqués","170329","2013","11",,"9","2",,,"11",,"9",,,,"2",,
"Cadaqués","170329","2014","7","2","3","2",,,"7",,"5",,,,"2",,
"Cadaqués","170329","2015","4",,"1","3","1",,"3",,"2",,,,"1",,
"Cadaqués","170329","2016","1","1",,,,,"1",,,,,,"1",,
"Cadaqués","170329","2017","27","23","2","2","1",,"25","1","7",,"11",,"7",,
"Cadaqués","170329","2018","35","15","16","4","3",,"32",,"7","1","19",,"5",,
"Cadaqués","170329","2019","18","17","1",,,"1","17",,"7",,"3",,"7",,
"Cadaqués","170329","2020","10",,"10",,,"2","8",,"5",,,,"3",,
"Cadaqués","170329","2021","16","5","7","4",,"3","3","10",,,,,"3",,
"Cadaqués","170329","2022","10","2","5","3","1","1","8","2",,,"3",,"3",,
"Cadaqués","170329","2023","39","7","24","8","16","6","17",,"2","2","2",,"10",,"1"
"Calaf","080312","2011","73","31","26","16","16","8","46","3","5","1","24","11","5",,
"Calaf","080312","2012","57","16","22","19","18","1","37","1","3","1","24","8","1",,
"Calaf","080312","2013","18","9",,"9","9","1","8",,"1",,"7",,,,
"Calaf","080312","2014","7",,"1","6","6",,"1",,,,,,"1",,
"Calaf","080312","2015","0",,,,,,"0",,,,,,,,
"Calaf","080312","2016","10","1","1","8","4","1","5",,"2",,"1","1","1",,
"Calaf","080312","2017","13","12","1",,,,"13",,"1","1","10",,"1",,
"Calaf","080312","2018","10",,"10",,,,"10",,,"1","7",,"2",,
"Calaf","080312","2019","19",,"19",,,,"19",,,"2","15","1","1",,
"Calaf","080312","2020","25","25",,,,,"24","1","1",,"19","3","1",,
"Calaf","080312","2021","8","8",,,,,"7","1",,,"5","1","1",,
"Calaf","080312","2022","15","5","8","2","2",,"13",,"1",,"10","1","1",,
"Calaf","080312","2023","4",,"4",,,,"4",,"3",,"1",,,,
"Calafell","430379","2011","384","89","122","173","107","55","221","1","26","12","28","5","142","7","1"
"Calafell","430379","2012","273","85","88","100","55","58","160",,"16","6","32",,"95","7","4"
"Calafell","430379","2013","270","77","100","93","49","61","160",,"15","6","51","2","70","15","1"
"Calafell","430379","2014","200","75","73","52","36","44","120",,"15","2","36","4","54","9",
"Calafell","430379","2015","235","97","83","55","35","39","161",,"20","8","63","8","57","5",
"Calafell","430379","2016","201","75","75","51","34","47","120",,"11","7","31","5","55","11",
"Calafell","430379","2017","217","105","72","40","37","35","145",,"21","5","27","1","80","10","1"
"Calafell","430379","2018","220","72","93","55","26","41","153",,"11","14","23",,"99","6",
"Calafell","430379","2019","250","69","113","68","41","39","170",,"15","14","13","3","110","14","1"
"Calafell","430379","2020","178","68","71","39","17","25","105","31","8","14","14","2","59","8",
"Calafell","430379","2021","209","84","92","33","7","18","57","127","9","5","5","3","30","5",
"Calafell","430379","2022","193","100","65","28","18","16","159","34","3","9","25","2","79","7",
"Calafell","430379","2023","307","141","119","47","26","22","259","6","25","12","23","1","183","9",
"Calders","080348","2011","9","3","6",,,,"9",,,,,,"8","1",
"Calders","080348","2012","2",,"2",,,,"2",,,,,,"2",,
"Calders","080348","2013","2",,"2",,,"2","0",,,,,,,,
"Calders","080348","2014","2",,,"2","1","1","0",,,,,,,,
"Calders","080348","2015","1","1",,,,"1","0",,,,,,,,
"Calders","080348","2016","0",,,,,,"0",,,,,,,,
"Calders","080348","2017","2",,"1","1","1",,"1",,,,,"1",,,
"Calders","080348","2018","3",,"1","2","1",,"2",,,,,"2",,,
"Calders","080348","2019","5",,,"5","3",,"2",,,,,"2",,,
"Calders","080348","2020","0",,,,,,"0",,,,,,,,
"Calders","080348","2021","0",,,,,,"0",,,,,,,,
"Calders","080348","2022","1",,,"1",,,"1",,,,,"1",,,
"Calders","080348","2023","3",,"1","2",,,"3",,"2",,,,"1",,
"Caldes de Malavella","170335","2011","57","18","17","22","11","7","38","1","6","5","3",,"24",,
"Caldes de Malavella","170335","2012","39","3","23","13","3","4","32",,"5","8","3",,"16",,
"Caldes de Malavella","170335","2013","39","24","4","11","4","5","29","1","9",,"1",,"17","2",
"Caldes de Malavella","170335","2014","31","3","23","5","4","10","14","3","2","2","1",,"8","1",
"Caldes de Malavella","170335","2015","20","5","9","6","4","4","11","1","7",,,,"3","1",
"Caldes de Malavella","170335","2016","28","13","10","5",,"6","21","1","5",,"2","2","9","3",
"Caldes de Malavella","170335","2017","24","2","17","5",,"3","21",,"5",,"3",,"11","2",
"Caldes de Malavella","170335","2018","22","3","13","6",,"1","21",,"5",,"3",,"11","2",
"Caldes de Malavella","170335","2019","64","15","34","15","7","6","50","1","8","4","5","1","30","2",
"Caldes de Malavella","170335","2020","27","2","17","8","2","3","19","3","2","3","2","1","10","1",
"Caldes de Malavella","170335","2021","17",,"8","9",,"3","12","2",,"4",,,"8",,
"Caldes de Malavella","170335","2022","15","4","5","6","2","1","12",,"1","2",,,"9",,
"Caldes de Malavella","170335","2023","30","10","13","7",,"5","25",,"1","1","4",,"18","1",
"Caldes de Montbui","080333","2011","228","48","96","84","61","36","131",,"18","4","13","9","76","10","1"
"Caldes de Montbui","080333","2012","203","8","84","111","71","33","97","2","11","3","9","8","60","6",
"Caldes de Montbui","080333","2013","190","44","69","77","50","30","110",,"14","5","8","12","62","9",
"Caldes de Montbui","080333","2014","140","11","37","92","50","28","62",,"14","5","1","3","36","2","1"
"Caldes de Montbui","080333","2015","154","17","45","92","58","28","68",,"13","7","9","1","35","3",
"Caldes de Montbui","080333","2016","177","39","48","90","60","32","85",,"8","9","2","4","54","8",
"Caldes de Montbui","080333","2017","142","14","48","80","58","23","61",,"3","2",,"4","50","2",
"Caldes de Montbui","080333","2018","127","33","42","52","23","19","84","1","3","6","1","1","63","10",
"Caldes de Montbui","080333","2019","233","74","85","74","38","34","158","3","12","8","6","13","101","18",
"Caldes de Montbui","080333","2020","139","35","68","36","22","21","92","4","10","4","3","8","63","4",
"Caldes de Montbui","080333","2021","119","45","55","19","4","12","82","21","6","3","5","2","65","1",
"Caldes de Montbui","080333","2022","126","63","41","22","9","9","108","13","2","4","8",,"74","7",
"Caldes de Montbui","080333","2023","161","55","82","24","18","11","132","2","7","6",,,"114","3",
"Caldes d'Estrac","080327","2011","33","13","11","9","4","2","26","1","3",,,,"23",,
"Caldes d'Estrac","080327","2012","12","3",,"9","3","2","7",,"1",,"1",,"5",,
"Caldes d'Estrac","080327","2013","16","2","2","12","1","7","8",,"2",,,,"6",,
"Caldes d'Estrac","080327","2014","9","3","1","5","5","2","2",,,,,,"2",,
"Caldes d'Estrac","080327","2015","8","3","1","4","4",,"4",,,,"1",,"3",,
"Caldes d'Estrac","080327","2016","9","3","3","3","2","1","6",,,,,,"6",,
"Caldes d'Estrac","080327","2017","16","5","5","6","2","5","9",,,,"1",,"8",,
"Caldes d'Estrac","080327","2018","14",,"2","12","7","6","1",,,,,,"1",,
"Caldes d'Estrac","080327","2019","24","14",,"10","8","2","14",,,,"5","4","5",,
"Caldes d'Estrac","080327","2020","16","9","4","3",,"3","9","4",,,,,"9",,
"Caldes d'Estrac","080327","2021","18","8","8","2",,"2","3","13","1",,"1",,"1",,
"Caldes d'Estrac","080327","2022","7","4","2","1",,"1","6","2","1",,,,"3",,
"Caldes d'Estrac","080327","2023","11","3","5","3",,"6","5",,"4",,,,"1",,
"Calella","080351","2011","125","44","59","22","12","17","95","1","12","11","7","4","59","2",
"Calella","080351","2012","102","30","45","27","14","16","70","2","8","9","6","3","42","2",
"Calella","080351","2013","135","37","51","47","31","16","86","2","7","14","7","5","46","7",
"Calella","080351","2014","136","42","43","51","32","25","79",,"16","11","13","2","34","3",
"Calella","080351","2015","108","5","58","45","22","21","65",,"12","17","4","2","25","5",
"Calella","080351","2016","92","21","27","44","18","13","61",,"6","12","9","1","32","1",
"Calella","080351","2017","86","1","51","34","19","8","59",,"7","13","10",,"29",,
"Calella","080351","2018","43","23","11","9","5","2","36",,"5","6",,"1","22","2",
"Calella","080351","2019","136","47","51","38","23","8","105",,"7","6","7","3","74","8",
"Calella","080351","2020","105","15","54","36","25","6","69","5","4","9","4",,"49","3",
"Calella","080351","2021","111","22","72","17","9","13","63","26","9","6","5",,"41","2",
"Calella","080351","2022","136","41","44","51","20","13","103","7","14","19","6","5","48","4",
"Calella","080351","2023","245","109","65","71","26","14","205","11","19","30","12","3","125","5",
"Calldetenes","080370","2011","8",,"3","5","5",,"3",,,,,"1","2",,
"Calldetenes","080370","2012","13","2","6","5","4",,"9",,,,"1",,"8",,
"Calldetenes","080370","2013","13","2","7","4","4","3","6",,"1",,"2",,"3",,
"Calldetenes","080370","2014","8","1","4","3","3",,"5",,"2",,,,"3",,
"Calldetenes","080370","2015","9","3","3","3","2","2","5",,"2",,,"1","2",,
"Calldetenes","080370","2016","9","4","2","3","1","1","7",,"1",,"4","1","1",,
"Calldetenes","080370","2017","2","2",,,,"1","1",,,,"1",,,,
"Calldetenes","080370","2018","2","1",,"1","1",,"1",,,,"1",,,,
"Calldetenes","080370","2019","10","4","3","3","3",,"7",,,,"4",,"2","1",
"Calldetenes","080370","2020","1","1",,,,,"1",,,,"1",,,,
"Calldetenes","080370","2021","0",,,,,,"0",,,,,,,,
"Calldetenes","080370","2022","2","2",,,,,"2",,,,"2",,,,
"Calldetenes","080370","2023","10","4","5","1","1","2","7",,,,"6",,"1",,
"Callús","080386","2011","8","1",,"7","5","2","1",,,,,,"1",,
"Callús","080386","2012","2",,"1","1",,"1","1",,,,,,"1",,
"Callús","080386","2013","4","1","1","2","1",,"3",,,,,,"2","1",
"Callús","080386","2014","9","2",,"7","5",,"4",,,,"1",,"2","1",
"Callús","080386","2015","7","1","1","5","3","2","2",,,,,,"2",,
"Callús","080386","2016","13","2","6","5","3","3","7",,,"2","2",,"3",,
"Callús","080386","2017","6",,"3","3","2","1","3",,,"2",,,"1",,
"Callús","080386","2018","3",,"1","2","1","1","1",,,"1",,,,,
"Callús","080386","2019","1",,,"1","1",,"0",,,,,,,,
"Callús","080386","2020","1","1",,,,,"1",,,,"1",,,,
"Callús","080386","2021","15","7","2","6","1",,"3","11",,,,,"3",,
"Callús","080386","2022","12","6","1","5",,,"12","12",,,,,,,
"Callús","080386","2023","10","3",,"7","2",,"8","5",,,,,"3",,
"Calonge de Segarra","080364","2011","1",,"1",,,,"1",,,,,"1",,,
"Calonge de Segarra","080364","2012","1",,,"1","1",,"0",,,,,,,,
"Calonge de Segarra","080364","2013","0",,,,,,"0",,,,,,,,
"Calonge de Segarra","080364","2014","1",,,"1","1",,"0",,,,,,,,
"Calonge de Segarra","080364","2015","0",,,,,,"0",,,,,,,,
"Calonge de Segarra","080364","2016","3",,,"3","2",,"1",,"1",,,,,,
"Calonge de Segarra","080364","2017","0",,,,,,"0",,,,,,,,
"Calonge de Segarra","080364","2018","0",,,,,,"0",,,,,,,,
"Calonge de Segarra","080364","2019","0",,,,,,"0",,,,,,,,
"Calonge de Segarra","080364","2020","0",,,,,,"0",,,,,,,,
"Calonge de Segarra","080364","2021","3",,,"3",,,"0","3",,,,,,,
"Calonge de Segarra","080364","2022","9","5","3","1",,,"9","7",,,,,"2",,
"Calonge de Segarra","080364","2023","7","2","2","3","1",,"6","2",,,,,"4",,
"Calonge i Sant Antoni","170340","2011","176","57","77","42","28","19","128","1","30","13","27","1","55","1","1"
"Calonge i Sant Antoni","170340","2012","189","62","80","47","24","22","143",,"37","11","27","1","61","5","1"
"Calonge i Sant Antoni","170340","2013","174","48","90","36","18","19","137",,"32","10","30","1","59","5",
"Calonge i Sant Antoni","170340","2014","144","49","77","18","8","12","124",,"33","8","32","2","44","4","1"
"Calonge i Sant Antoni","170340","2015","122","53","58","11","7","12","103",,"30","19","27","3","22","1","1"
"Calonge i Sant Antoni","170340","2016","113","26","73","14","7","7","99",,"24","17","26","2","28","2",
"Calonge i Sant Antoni","170340","2017","75","25","38","12","7","2","66",,"13","10","16",,"27",,
"Calonge i Sant Antoni","170340","2018","105","45","42","18","12","7","86",,"14","12","26",,"34",,
"Calonge i Sant Antoni","170340","2019","186","84","69","33","15","19","152",,"19","19","39",,"69","5","1"
"Calonge i Sant Antoni","170340","2020","124","51","54","19","6","8","109","1","18","22","23",,"44","2",
"Calonge i Sant Antoni","170340","2021","94","21","62","11","1","1","83","9","19","15","12",,"33","3","1"
"Calonge i Sant Antoni","170340","2022","129","75","39","15","3","6","120","8","12","37","16",,"32","14","1"
"Calonge i Sant Antoni","170340","2023","173","63","103","7","3","5","165","4","11","54","22","2","62","6","4"
"Camarasa","250621","2011","0",,,,,,"0",,,,,,,,
"Camarasa","250621","2012","2",,,"2",,"2","0",,,,,,,,
"Camarasa","250621","2013","1",,,"1",,"1","0",,,,,,,,
"Camarasa","250621","2014","0",,,,,,"0",,,,,,,,
"Camarasa","250621","2015","0",,,,,,"0",,,,,,,,
"Camarasa","250621","2016","3",,,"3",,"2","1",,,,,,"1",,
"Camarasa","250621","2017","1",,,"1",,"1","0",,,,,,,,
"Camarasa","250621","2018","2",,,"2",,"2","0",,,,,,,,
"Camarasa","250621","2019","1",,,"1",,"1","0",,,,,,,,
"Camarasa","250621","2020","2",,,"2","2",,"0",,,,,,,,
"Camarasa","250621","2021","0",,,,,,"0",,,,,,,,
"Camarasa","250621","2022","1",,,"1",,,"1",,,,,,"1",,
"Camarles","439039","2011","10",,,"10","7",,"3",,"3",,,,,,
"Camarles","439039","2012","3","1",,"2","2",,"1",,"1",,,,,,
"Camarles","439039","2013","6","5","1",,,"4","2",,"2",,,,,,
"Camarles","439039","2014","4","1","3",,,,"4",,"3",,"1",,,,
"Camarles","439039","2015","37","31","2","4","2",,"35",,"9",,"24",,"1","1",
"Camarles","439039","2016","6","2",,"4",,,"6",,"6",,,,,,
"Camarles","439039","2017","3","3",,,,,"3",,,"1","1",,"1",,
"Camarles","439039","2018","2",,"2",,,,"2",,,,,,"2",,
"Camarles","439039","2019","26","15","1","10","9",,"17",,"3",,"12",,"1","1",
"Camarles","439039","2020","19","15",,"4",,,"15","4","1",,"10",,"4",,
"Camarles","439039","2021","4","2","2",,,,"1","3","1",,,,,,
"Camarles","439039","2022","1","1",,,,"1",,,,,,,,,
"Camarles","439039","2023","1",,"1",,,"1",,,,,,,,,
"Cambrils","430385","2011","481","118","154","209","84","147","234","16","68","18","11","10","123","4",
"Cambrils","430385","2012","385","99","139","147","59","122","199","5","54","21","16","10","91","6","1"
"Cambrils","430385","2013","280","66","90","124","44","96","140",,"56","11","13","6","49","5",
"Cambrils","430385","2014","248","30","108","110","31","93","122","2","39","12","13","7","46","5",
"Cambrils","430385","2015","265","61","85","119","37","84","143","1","34","26","8",,"68","7",
"Cambrils","430385","2016","269","74","83","112","42","76","151",,"37","30","15","3","60","5","1"
"Cambrils","430385","2017","264","46","117","101","60","60","144",,"30","23","10","6","70","5",
"Cambrils","430385","2018","316","161","82","73","29","50","237",,"39","35","47","4","100","11","1"
"Cambrils","430385","2019","373","107","156","110","39","70","263","1","27","38","37","5","145","11",
"Cambrils","430385","2020","273","93","94","86","19","57","176","21","30","22","22",,"96","6",
"Cambrils","430385","2021","255","77","119","59","10","44","162","39","19","30","34",,"74","2","3"
"Cambrils","430385","2022","390","183","153","54","22","54","314","17","28","55","82","4","123","5",
"Cambrils","430385","2023","386","127","154","105","32","72","282","19","40","28","33","4","155","3",
"Camós","170353","2011","2",,,"2","2",,"0",,,,,,,,
"Camós","170353","2012","1",,,"1",,,"1",,,,,,,,"1"
"Camós","170353","2013","1",,,"1",,,"1",,,,,,,,"1"
"Camós","170353","2014","1",,,"1",,,"1",,,,,,,,"1"
"Camós","170353","2015","0",,,,,,"0",,,,,,,,
"Camós","170353","2016","0",,,,,,"0",,,,,,,,
"Camós","170353","2017","0",,,,,,"0",,,,,,,,
"Camós","170353","2018","2","1","1",,,,"2",,,,,,"2",,
"Camós","170353","2019","1",,"1",,,,"1",,,,,,"1",,
"Camós","170353","2020","0",,,,,,"0",,,,,,,,
"Camós","170353","2021","0",,,,,,"0",,,,,,,,
"Campdevànol","170366","2011","1",,,"1","1",,"0",,,,,,,,
"Campdevànol","170366","2012","2",,,"2","1",,"1",,,,,,"1",,
"Campdevànol","170366","2013","1",,,"1","1",,"0",,,,,,,,
"Campdevànol","170366","2014","0",,,,,,"0",,,,,,,,
"Campdevànol","170366","2015","0",,,,,,"0",,,,,,,,
"Campdevànol","170366","2016","2",,,"2",,"1","1",,,,,,"1",,
"Campdevànol","170366","2017","5","1",,"4","1","1","3",,,,,,"3",,
"Campdevànol","170366","2018","6","2",,"4","2","1","3",,,,"1",,"2",,
"Campdevànol","170366","2019","3",,"3",,,"1","2",,,,"2",,,,
"Campdevànol","170366","2020","2","1","1",,,,"2",,,,,,"2",,
"Campdevànol","170366","2021","4","1","3",,,,"2","2",,,,,"2",,
"Campdevànol","170366","2022","10","5","4","1","1",,"9","1",,"1","4",,"3",,
"Campdevànol","170366","2023","9","2","5","2","1",,"8",,,,"4",,"4",,
"Campelles","170372","2011","0",,,,,,"0",,,,,,,,
"Campelles","170372","2012","0",,,,,,"0",,,,,,,,
"Campelles","170372","2013","0",,,,,,"0",,,,,,,,
"Campelles","170372","2014","0",,,,,,"0",,,,,,,,
"Campelles","170372","2015","0",,,,,,"0",,,,,,,,
"Campelles","170372","2016","0",,,,,,"0",,,,,,,,
"Campelles","170372","2017","0",,,,,,"0",,,,,,,,
"Campelles","170372","2018","0",,,,,,"0",,,,,,,,
"Campelles","170372","2019","0",,,,,,"0",,,,,,,,
"Campelles","170372","2020","0",,,,,,"0",,,,,,,,
"Campelles","170372","2021","2","2",,,,,"1","1",,,,,"1",,
"Campins","080399","2011","10",,"5","5","5",,"5",,"2",,,,"2","1",
"Campins","080399","2012","7",,"3","4","3","1","3",,"2",,,,"1",,
"Campins","080399","2013","8","4","3","1",,"2","6",,"1",,,,"5",,
"Campins","080399","2014","8",,"4","4","2","4","2",,,,,,"2",,
"Campins","080399","2015","7",,,"7","3","4","0",,,,,,,,
"Campins","080399","2016","5",,,"5","3","1","1",,"1",,,,,,
"Campins","080399","2017","8",,"4","4","1","2","5",,"3",,,,"2",,
"Campins","080399","2018","4","1","3",,,,"4",,"1",,,,"3",,
"Campins","080399","2019","2","1",,"1",,"1","1",,"1",,,,,,
"Campins","080399","2020","3","2","1",,,,"1","2","1",,,,,,
"Campins","080399","2021","3",,"3",,,,"0","3",,,,,,,
"Campins","080399","2022","1",,,"1",,,"1",,"1",,,,,,
"Campins","080399","2023","11","5","2","4","2",,"9",,"1",,"2","3","3",,
"Campllong","170388","2011","2",,,"2",,,"2",,,,,,"2",,
"Campllong","170388","2012","3","1",,"2",,"1","2",,,,,,"2",,
"Campllong","170388","2013","0",,,,,,"0",,,,,,,,
"Campllong","170388","2014","1",,,"1","1",,"0",,,,,,,,
"Campllong","170388","2015","2","1",,"1","1",,"1",,,,,,"1",,
"Campllong","170388","2016","2","1",,"1",,,"2",,"1","1",,,,,
"Campllong","170388","2017","2",,"1","1",,,"2",,"1","1",,,,,
"Campllong","170388","2018","3","2","1",,,,"3",,,,,,"2","1",
"Campllong","170388","2019","2","1","1",,,,"2",,,,,,"2",,
"Campllong","170388","2020","1",,"1",,,,"1",,,"1",,,,,
"Campllong","170388","2021","0",,,,,,"0",,,,,,,,
"Campllong","170388","2022","2","1",,"1","1",,"1",,,,,,"1",,
"Campllong","170388","2023","2","1","1",,,"1","1",,,,,,"1",,
"Camprodon","170391","2011","2",,"1","1","1",,"1",,,,,,"1",,
"Camprodon","170391","2012","7","3","2","2","2",,"2","3","2",,,,,,
"Camprodon","170391","2013","5",,"2","3","2","1","1","1","1",,,,,,
"Camprodon","170391","2014","2","1",,"1","1",,"0","1",,,,,,,
"Camprodon","170391","2015","2",,"1","1","1",,"1",,"1",,,,,,
"Camprodon","170391","2016","0",,,,,,"0",,,,,,,,
"Camprodon","170391","2017","3",,,"3","3",,"0",,,,,,,,
"Camprodon","170391","2018","23","15","5","3","1","1","21",,"1",,"2",,"18",,
"Camprodon","170391","2019","31","29",,"2","1",,"30",,,,"3",,"27",,
"Camprodon","170391","2020","26","12","9","5","5",,"21",,"1",,"2",,"18",,
"Camprodon","170391","2021","27","3","22","2",,,"27",,"3",,,,"24",,
"Camprodon","170391","2022","56","47","5","4","1",,"55","1",,"2","4",,"48",,
"Camprodon","170391","2023","26","18","6","2",,,"26",,,,"5",,"21",,
"Canet d'Adri","170405","2011","3",,,"3","1",,"2",,,,,,,,"2"
"Canet d'Adri","170405","2012","1",,,"1","1",,"0",,,,,,,,
"Canet d'Adri","170405","2013","3","2",,"1",,"1","2",,"1",,,,,,"1"
"Canet d'Adri","170405","2014","7","2","4","1","1","2","4",,"2",,,,,,"2"
"Canet d'Adri","170405","2015","6",,"4","2",,"2","4",,"3",,,,"1",,
"Canet d'Adri","170405","2016","4",,,"4",,"2","2",,,,,,"2",,
"Canet d'Adri","170405","2017","3","1","2",,,,"3",,"1",,"1",,"1",,
"Canet d'Adri","170405","2018","3",,"2","1",,"1","2",,"2",,,,,,
"Canet d'Adri","170405","2019","32","14","14","4","1","1","30",,"3",,"22","3","2",,
"Canet d'Adri","170405","2020","7",,"3","4","3",,"4",,"1",,"2",,"1",,
"Canet d'Adri","170405","2021","32","24","4","4",,,"0","32",,,,,,,
"Canet d'Adri","170405","2022","62","12","42","8","1",,"61","59",,,"1",,"1",,
"Canet d'Adri","170405","2023","23","6","11","6","1",,"22","13","2","2","1",,"4",,
"Canet de Mar","080403","2011","24",,"10","14","11","4","9",,,,,,"8","1",
"Canet de Mar","080403","2012","15","3","8","4","3",,"12",,,,"2",,"9","1",
"Canet de Mar","080403","2013","20",,"2","18","13","3","4",,,,,,"4",,
"Canet de Mar","080403","2014","27","4","1","22","18","4","5",,,,,,"4","1",
"Canet de Mar","080403","2015","22","3","4","15","14",,"8",,"2",,"1",,"4","1",
"Canet de Mar","080403","2016","21","4","4","13","11","2","8",,"2",,,,"5",,"1"
"Canet de Mar","080403","2017","34","5","13","16","8","2","22","2","10",,"1","1","9",,"1"
"Canet de Mar","080403","2018","39","7","16","16","8","3","28",,"8","4",,,"12","2","2"
"Canet de Mar","080403","2019","70","54","4","12","6",,"64",,"3","1","51",,"7","2",
"Canet de Mar","080403","2020","21","3","8","10","6","1","13","1","4",,"3",,"6",,
"Canet de Mar","080403","2021","22","2","8","12","6",,"11","5","3",,"5","1","2",,
"Canet de Mar","080403","2022","24","8","6","10","4","1","19","1","1",,"7","3","7",,
"Canet de Mar","080403","2023","50","17","11","22","12","5","33","2",,"2","3","2","22","1","1"
"Canovelles","080410","2011","304","149","121","34","29","36","227","12","3","3","85","55","81",,
"Canovelles","080410","2012","231","62","134","35","48","34","146","3","6","2","54","38","46",,
"Canovelles","080410","2013","174","36","101","37","45","32","96","1","3","6","42","15","30",,
"Canovelles","080410","2014","159","41","76","42","27","28","102","2","3","2","33","22","40","2",
"Canovelles","080410","2015","123","39","52","32","21","21","80","1","3","4","32","13","26","1","1"
"Canovelles","080410","2016","119","20","75","24","20","16","83",,"1",,"28","10","36","7","1"
"Canovelles","080410","2017","94","40","30","24","21","8","65",,"2","1","18","7","36","1",
"Canovelles","080410","2018","96","36","40","20","9","10","76","1","4","3","19","17","33",,
"Canovelles","080410","2019","201","121","53","27","8","16","176","1","9","2","60","45","55","5",
"Canovelles","080410","2020","98","51","37","10","6","7","73","12","1",,"33","13","26",,
"Canovelles","080410","2021","59","34","15","10","1","5","42","11",,,"14","6","22",,
"Canovelles","080410","2022","96","72","16","8","4","3","89","2","4",,"29","14","40",,
"Canovelles","080410","2023","172","108","52","12","10","14","148","6","3",,"49","21","68","1",
"Cànoves i Samalús","080425","2011","12","1","3","8","5","3","4",,"3",,"1",,,,
"Cànoves i Samalús","080425","2012","11","1","3","7","4","4","3",,"2",,"1",,,,
"Cànoves i Samalús","080425","2013","11","4","3","4","3","1","7",,"2",,,,"5",,
"Cànoves i Samalús","080425","2014","19","1","9","9","7","4","8",,,,,"1","7",,
"Cànoves i Samalús","080425","2015","17","5","6","6","6","3","8",,,"3",,"2","3",,
"Cànoves i Samalús","080425","2016","15","3","10","2","3","1","11",,"2","7",,,"2",,
"Cànoves i Samalús","080425","2017","7",,"5","2","1","1","5",,"2","1",,,"2",,
"Cànoves i Samalús","080425","2018","13","2","7","4","3","2","7","1","4",,,,"3",,
"Cànoves i Samalús","080425","2019","20","9","6","5","1","1","18",,"4",,,"2","12",,
"Cànoves i Samalús","080425","2020","14","2","7","5","5","3","6",,,"1",,,"5",,
"Cànoves i Samalús","080425","2021","15","1","9","5","1","4","7","3",,"3",,,"4",,
"Cànoves i Samalús","080425","2022","49","43","2","4","1","3","45",,"4","21","1","1","15","3",
"Cànoves i Samalús","080425","2023","77","30","37","10","9","5","63",,"5","12","1","3","39","3",
"Cantallops","170412","2011","0",,,,,,"0",,,,,,,,
"Cantallops","170412","2012","5","3","1","1","1",,"4",,"4",,,,,,
"Cantallops","170412","2013","3","1","1","1","1",,"2",,"1",,,,"1",,
"Cantallops","170412","2014","0",,,,,,"0",,,,,,,,
"Cantallops","170412","2015","0",,,,,,"0",,,,,,,,
"Cantallops","170412","2016","0",,,,,,"0",,,,,,,,
"Cantallops","170412","2017","0",,,,,,"0",,,,,,,,
"Cantallops","170412","2018","0",,,,,,"0",,,,,,,,
"Cantallops","170412","2019","2",,,"2",,,"2",,"2",,,,,,
"Cantallops","170412","2020","0",,,,,,"0",,,,,,,,
"Cantallops","170412","2021","2","2",,,,,"0","2",,,,,,,
"Cantallops","170412","2023","1","1",,,,,"1",,,,,,"1",,
"Canyelles","080431","2011","28","8","8","12","9","6","11","2","1",,,,"8","2",
"Canyelles","080431","2012","21","4","11","6","4","10","7",,"2",,,,"3","2",
"Canyelles","080431","2013","15","1","5","9","5","3","7",,"1","1",,,"4","1",
"Canyelles","080431","2014","10",,"4","6","3","2","5",,"2","1",,,"2",,
"Canyelles","080431","2015","14","1","4","9","5","3","3","3","1",,,,"2",,
"Canyelles","080431","2016","10","1",,"9","5","2","2","1","1",,,,"1",,
"Canyelles","080431","2017","13","2","3","8","8","2","3",,,,,,"3",,
"Canyelles","080431","2018","12",,"5","7","5","3","4",,"1",,,,"3",,
"Canyelles","080431","2019","12","1","4","7","4","1","7",,"3","1",,,"3",,
"Canyelles","080431","2020","12","4","4","4","3",,"7","2",,"1","2",,"4",,
"Canyelles","080431","2021","14","2","5","7","9",,"3","2",,,,,"3",,
"Canyelles","080431","2022","11","3","3","5","6",,"5",,,"2",,,"3",,
"Canyelles","080431","2023","17","3","7","7","8",,"9",,"2","1","1",,"5",,
"Capafonts","430398","2011","0",,,,,,"0",,,,,,,,
"Capafonts","430398","2012","0",,,,,,"0",,,,,,,,
"Capafonts","430398","2013","0",,,,,,"0",,,,,,,,
"Capafonts","430398","2014","0",,,,,,"0",,,,,,,,
"Capafonts","430398","2015","0",,,,,,"0",,,,,,,,
"Capafonts","430398","2016","0",,,,,,"0",,,,,,,,
"Capafonts","430398","2017","0",,,,,,"0",,,,,,,,
"Capafonts","430398","2018","0",,,,,,"0",,,,,,,,
"Capafonts","430398","2019","1","1",,,,,"1",,,,,,"1",,
"Capafonts","430398","2020","0",,,,,,"0",,,,,,,,
"Capafonts","430398","2021","0",,,,,,"0",,,,,,,,
"Capafonts","430398","2022","3","3",,,,,"3",,,,"1",,"2",,
"Capafonts","430398","2023","3","2","1",,,,"3",,"1",,"1",,"1",,
"Capçanes","430402","2011","1",,"1",,,,"1",,,,"1",,,,
"Capçanes","430402","2012","0",,,,,,"0",,,,,,,,
"Capçanes","430402","2013","2","2",,,,,"2",,,,,"2",,,
"Capçanes","430402","2014","1","1",,,,,"1",,,,,"1",,,
"Capçanes","430402","2015","0",,,,,,"0",,,,,,,,
"Capçanes","430402","2016","0",,,,,,"0",,,,,,,,
"Capçanes","430402","2017","2",,"2",,,,"2",,,,,,"2",,
"Capçanes","430402","2018","4","3",,"1","1",,"3",,,,"3",,,,
"Capçanes","430402","2019","7","3","2","2","2",,"5",,,,,"1","4",,
"Capçanes","430402","2020","1","1",,,,,"1",,,,,,"1",,
"Capçanes","430402","2021","1",,"1",,,,"1",,,,,,"1",,
"Capçanes","430402","2022","8","6","1","1","1",,"7",,,,"2","3","2",,
"Capçanes","430402","2023","5","3","2",,,,"5",,,,,"1","4",,
"Capellades","080446","2011","13","3","2","8","3","3","5","2",,,,,"5",,
"Capellades","080446","2012","14",,"6","8","1","6","6","1",,"2",,,"4",,
"Capellades","080446","2013","13","2","2","9","4","6","3",,,,,,"3",,
"Capellades","080446","2014","7","1","2","4","2","4","1",,,,,,"1",,
"Capellades","080446","2015","9",,"4","5","5","2","2",,"1",,,,,,"1"
"Capellades","080446","2016","9","3","2","4","2","3","4",,,,"2","1",,,"1"
"Capellades","080446","2017","9","1","4","4",,"4","5",,,,"1",,"3",,"1"
"Capellades","080446","2018","3","1","1","1","1",,"2",,,,,,"2",,
"Capellades","080446","2019","26","23","1","2","2",,"24",,,,"7",,"13","4",
"Capellades","080446","2020","15","1","12","2","2",,"12","1",,,"3",,"8","1",
"Capellades","080446","2021","3","2","1",,,,"3",,,,"2",,"1",,
"Capellades","080446","2022","23","19","3","1","2","1","20",,,,"3",,"17",,
"Capellades","080446","2023","38","16","19","3","1",,"37",,,,"3",,"30","4",
"Capmany","170427","2011","4",,"1","3","3",,"0","1",,,,,,,
"Capmany","170427","2012","7","3","3","1",,"2","5",,"4",,,,"1",,
"Capmany","170427","2013","5","1","1","3",,"4","1",,,,,,"1",,
"Capmany","170427","2014","4",,"1","3",,"4","0",,,,,,,,
"Capmany","170427","2015","4",,"1","3",,"3","1",,,,,,"1",,
"Capmany","170427","2016","2",,"2",,,,"2",,,,,,"2",,
"Capmany","170427","2017","0",,,,,,"0",,,,,,,,
"Capmany","170427","2018","1","1",,,,,"1",,,,"1",,,,
"Capmany","170427","2019","0",,,,,,"0",,,,,,,,
"Capmany","170427","2020","0",,,,,,"0",,,,,,,,
"Capmany","170427","2021","0",,,,,,"0",,,,,,,,
"Capolat","080459","2011","1",,,"1","1",,"0",,,,,,,,
"Capolat","080459","2012","0",,,,,,"0",,,,,,,,
"Capolat","080459","2013","0",,,,,,"0",,,,,,,,
"Capolat","080459","2014","0",,,,,,"0",,,,,,,,
"Capolat","080459","2015","0",,,,,,"0",,,,,,,,
"Capolat","080459","2016","0",,,,,,"0",,,,,,,,
"Capolat","080459","2017","0",,,,,,"0",,,,,,,,
"Capolat","080459","2018","0",,,,,,"0",,,,,,,,
"Capolat","080459","2019","0",,,,,,"0",,,,,,,,
"Capolat","080459","2020","0",,,,,,"0",,,,,,,,
"Capolat","080459","2021","0",,,,,,"0",,,,,,,,
"Cardedeu","080462","2011","232","35","81","116","71","51","108","2","16","7","17","7","60",,"1"
"Cardedeu","080462","2012","206","24","101","81","42","49","114","1","14","6","22","4","68",,
"Cardedeu","080462","2013","164","25","63","76","39","46","79",,"7","5","12",,"52","3",
"Cardedeu","080462","2014","169","28","60","81","40","36","93",,"11","5","14","3","56","4",
"Cardedeu","080462","2015","163","35","56","72","42","36","85",,"16","7","16","2","34","10",
"Cardedeu","080462","2016","184","16","97","71","44","36","104",,"15","4","31","7","40","6","1"
"Cardedeu","080462","2017","177","29","65","83","54","34","89",,"11","8","23","1","39","4","3"
"Cardedeu","080462","2018","143","36","44","63","32","24","87",,"12","6","23",,"37","6","3"
"Cardedeu","080462","2019","202","47","81","74","37","25","140",,"20","2","36",,"70","9","3"
"Cardedeu","080462","2020","126","32","59","35","12","15","93","6","23","4","16","2","46","1","1"
"Cardedeu","080462","2021","85","24","35","26","5","9","50","21","9","1","14","1","21","3","1"
"Cardedeu","080462","2022","165","72","63","30","14","18","133","3","8","4","25",,"87","6",
"Cardedeu","080462","2023","158","53","78","27","21","18","119","2","2","7","12","2","89","4","1"
"Cardona","080478","2011","3",,,"3","3",,"0",,,,,,,,
"Cardona","080478","2012","1",,"1",,,,"1",,,,"1",,,,
"Cardona","080478","2013","1",,"1",,,,"1",,"1",,,,,,
"Cardona","080478","2014","2",,,"2",,,"2",,"2",,,,,,
"Cardona","080478","2015","2",,,"2","1",,"1",,"1",,,,,,
"Cardona","080478","2016","0",,,,,,"0",,,,,,,,
"Cardona","080478","2017","0",,,,,,"0",,,,,,,,
"Cardona","080478","2018","0",,,,,,"0",,,,,,,,
"Cardona","080478","2019","1","1",,,,,"1",,,,"1",,,,
"Cardona","080478","2020","1",,,"1","1",,"0",,,,,,,,
"Cardona","080478","2021","6","6",,,,,"3","3","1",,,,"2",,
"Cardona","080478","2022","9","5","1","3",,,"9","7",,,,,"2",,
"Cardona","080478","2023","2",,"2",,,,"2","2",,,,,,,
"Carme","080484","2011","7",,,"7","6","1","0",,,,,,,,
"Carme","080484","2012","5",,,"5","4","1","0",,,,,,,,
"Carme","080484","2013","4","1","1","2",,"3","1",,,,"1",,,,
"Carme","080484","2014","4",,"2","2","1","1","2",,,,"2",,,,
"Carme","080484","2015","1",,"1",,,,"1",,"1",,,,,,
"Carme","080484","2016","3",,"1","2",,"2","1",,"1",,,,,,
"Carme","080484","2017","2",,,"2",,"2","0",,,,,,,,
"Carme","080484","2018","1",,,"1",,"1","0",,,,,,,,
"Carme","080484","2019","0",,,,,,"0",,,,,,,,
"Carme","080484","2020","1","1",,,,,"0","1",,,,,,,
"Carme","080484","2021","1","1",,,,,"0","1",,,,,,,
"Carme","080484","2022","1",,,"1","1",,,,,,,,,,
"Caseres","430419","2011","1",,,"1","1",,"0",,,,,,,,
"Caseres","430419","2012","2",,,"2","2",,"0",,,,,,,,
"Caseres","430419","2013","1",,,"1","1",,"0",,,,,,,,
"Caseres","430419","2014","1",,,"1","1",,"0",,,,,,,,
"Caseres","430419","2015","0",,,,,,"0",,,,,,,,
"Caseres","430419","2016","0",,,,,,"0",,,,,,,,
"Caseres","430419","2017","0",,,,,,"0",,,,,,,,
"Caseres","430419","2018","0",,,,,,"0",,,,,,,,
"Caseres","430419","2019","0",,,,,,"0",,,,,,,,
"Caseres","430419","2020","0",,,,,,"0",,,,,,,,
"Caseres","430419","2021","0",,,,,,"0",,,,,,,,
"Cassà de la Selva","170448","2011","294","163","95","36","26","14","252","2","20","14","47","113","55","3",
"Cassà de la Selva","170448","2012","171","105","52","14","10","6","154","1","23","3","39","57","22","10",
"Cassà de la Selva","170448","2013","94","56","29","9","7","4","83",,"12","3","19","22","19","8",
"Cassà de la Selva","170448","2014","88","53","24","11","7","3","78",,"7","2","11","31","23","4",
"Cassà de la Selva","170448","2015","89","45","33","11","5","4","78","2","13",,"16","25","21","2","1"
"Cassà de la Selva","170448","2016","89","42","36","11","8","6","74","1","10","4","8","15","36",,"1"
"Cassà de la Selva","170448","2017","80","31","29","20","12","6","61","1","5",,"8","19","26","3",
"Cassà de la Selva","170448","2018","88","39","43","6","3","3","81","1","5","1","20","12","39","4",
"Cassà de la Selva","170448","2019","76","38","24","14","10","2","64",,"7","3","14","4","33","3",
"Cassà de la Selva","170448","2020","38","17","17","4","1","7","30",,"2","1","6","1","16","4",
"Cassà de la Selva","170448","2021","61","27","27","7","1","4","37","19","5",,,"5","26","1",
"Cassà de la Selva","170448","2022","56","30","23","3","1","3","52","4","7","3","9",,"28","1",
"Cassà de la Selva","170448","2023","101","35","60","6","3","2","96","4","16","6","13","1","56",,
"Casserres","080497","2011","8",,"3","5","4","1","3",,,,,"2","1",,
"Casserres","080497","2012","4","1",,"3","2","1","1",,,,,"1",,,
"Casserres","080497","2013","6","1","4","1","1","3","2",,"1",,,,"1",,
"Casserres","080497","2014","3","1","1","1",,"1","2",,,,,,"2",,
"Casserres","080497","2015","1",,,"1",,,"1",,,,,,"1",,
"Casserres","080497","2016","0",,,,,,"0",,,,,,,,
"Casserres","080497","2017","1",,,"1","1",,"0",,,,,,,,
"Casserres","080497","2018","0",,,,,,"0",,,,,,,,
"Casserres","080497","2019","2",,,"2","1",,"1",,"1",,,,,,
"Casserres","080497","2020","0",,,,,,"0",,,,,,,,
"Casserres","080497","2021","1","1",,,,,"0","1",,,,,,,
"Casserres","080497","2022","5","4","1",,,,"5","1",,,,,"4",,
"Casserres","080497","2023","10","4","4","2","2",,"8",,,,,,"8",,
"Castell d'Aro, Platja d'Aro i s'Agaró","170486","2022","111","65","30","16","6","5","100","2","9","16","19","1","49","4",
"Castell d'Aro, Platja d'Aro i s'Agaró","170486","2023","142","36","82","24","13","12","117",,"19","21","10","1","65","1",
"Castell de Mur","259046","2011","0",,,,,,"0",,,,,,,,
"Castell de Mur","259046","2012","0",,,,,,"0",,,,,,,,
"Castell de Mur","259046","2013","0",,,,,,"0",,,,,,,,
"Castell de Mur","259046","2014","0",,,,,,"0",,,,,,,,
"Castell de Mur","259046","2015","0",,,,,,"0",,,,,,,,
"Castell de Mur","259046","2016","0",,,,,,"0",,,,,,,,
"Castell de Mur","259046","2017","0",,,,,,"0",,,,,,,,
"Castell de Mur","259046","2018","0",,,,,,"0",,,,,,,,
"Castell de Mur","259046","2019","0",,,,,,"0",,,,,,,,
"Castell de Mur","259046","2020","0",,,,,,"0",,,,,,,,
"Castell de Mur","259046","2021","1",,"1",,,,"0","1",,,,,,,
"Castell de Mur","259046","2022","2",,"2",,,,"2","2",,,,,,,
"Castellar de la Ribera","250642","2011","0",,,,,,"0",,,,,,,,
"Castellar de la Ribera","250642","2012","1",,,"1","1",,"0",,,,,,,,
"Castellar de la Ribera","250642","2013","2",,,"2","2",,"0",,,,,,,,
"Castellar de la Ribera","250642","2014","1",,,"1","1",,"0",,,,,,,,
"Castellar de la Ribera","250642","2015","0",,,,,,"0",,,,,,,,
"Castellar de la Ribera","250642","2016","0",,,,,,"0",,,,,,,,
"Castellar de la Ribera","250642","2017","1","1",,,,,"1",,,,,,"1",,
"Castellar de la Ribera","250642","2018","0",,,,,,"0",,,,,,,,
"Castellar de la Ribera","250642","2019","0",,,,,,"0",,,,,,,,
"Castellar de la Ribera","250642","2020","0",,,,,,"0",,,,,,,,
"Castellar de la Ribera","250642","2021","4","4",,,,,"2","2",,"1",,,"1",,
"Castellar de la Ribera","250642","2022","2","2",,,,,"2",,,"2",,,,,
"Castellar de la Ribera","250642","2023","3","1",,"2",,"2","1",,,,,,,,"1"
"Castellar de n'Hug","080522","2022","1",,,"1","1",,,,,,,,,,
"Castellar de n'Hug","080522","2023","7","5","1","1","1",,"6",,,,,,"6",,
"Castellar del Riu","080500","2011","2",,,"2","2",,"0",,,,,,,,
"Castellar del Riu","080500","2012","0",,,,,,"0",,,,,,,,
"Castellar del Riu","080500","2013","0",,,,,,"0",,,,,,,,
"Castellar del Riu","080500","2014","0",,,,,,"0",,,,,,,,
"Castellar del Riu","080500","2015","0",,,,,,"0",,,,,,,,
"Castellar del Riu","080500","2016","0",,,,,,"0",,,,,,,,
"Castellar del Riu","080500","2017","0",,,,,,"0",,,,,,,,
"Castellar del Riu","080500","2018","1","1",,,,,"1",,"1",,,,,,
"Castellar del Riu","080500","2019","0",,,,,,"0",,,,,,,,
"Castellar del Riu","080500","2020","0",,,,,,"0",,,,,,,,
"Castellar del Riu","080500","2021","0",,,,,,"0",,,,,,,,
"Castellar del Vallès","080517","2011","183","40","57","86","68","38","77",,"4",,"7","1","62","3",
"Castellar del Vallès","080517","2012","166","46","50","70","54","35","76","1","7","3","10",,"53","3",
"Castellar del Vallès","080517","2013","91","17","28","46","39","24","28",,"1","1","4",,"19","3",
"Castellar del Vallès","080517","2014","103","15","34","54","39","21","43",,"6","1","6",,"30",,
"Castellar del Vallès","080517","2015","86","16","7","63","35","12","37","2","9","2",,,"26",,
"Castellar del Vallès","080517","2016","112","26","16","70","53","12","47",,"14",,"4","1","25","3",
"Castellar del Vallès","080517","2017","112","45","18","49","34","19","59",,"8",,"4",,"40","7",
"Castellar del Vallès","080517","2018","133","54","13","66","37","23","73",,"3",,"5","5","53","7",
"Castellar del Vallès","080517","2019","107","61",,"46","24","8","75",,"3",,"9","2","56","5",
"Castellar del Vallès","080517","2020","78","37","3","38","26","6","43","3","1",,"1","2","33","6",
"Castellar del Vallès","080517","2021","123","74","16","33","17","7","55","44","1",,"6",,"46","2",
"Castellar del Vallès","080517","2022","154","76","41","37","7","2","145","79","1","2","5","1","54","3",
"Castellar del Vallès","080517","2023","159","83","32","44","22","17","120","24","2","1","1",,"92",,
"Castellbell i el Vilar","080538","2011","20","3","11","6","7","3","10",,"1","1","3","2","3",,
"Castellbell i el Vilar","080538","2012","14","1","8","5","4","4","6",,,,"2","1","3",,
"Castellbell i el Vilar","080538","2013","9","2","4","3","1","4","4",,,,"1",,"3",,
"Castellbell i el Vilar","080538","2014","7","1",,"6","2","5","0",,,,,,,,
"Castellbell i el Vilar","080538","2015","7","1","3","3","3","2","2",,,,,,"1",,"1"
"Castellbell i el Vilar","080538","2016","10","3","3","4","1","2","7",,,,,"4","3",,
"Castellbell i el Vilar","080538","2017","8","3","2","3","2",,"6",,,,"1","1","4",,
"Castellbell i el Vilar","080538","2018","3","1","1","1","1",,"2",,,,"1",,"1",,
"Castellbell i el Vilar","080538","2019","7","3","1","3","3",,"4",,,,"2","1","1",,
"Castellbell i el Vilar","080538","2020","6","4","1","1","1",,"5",,,,"3","1",,"1",
"Castellbell i el Vilar","080538","2021","9","4","4","1","1",,"3","5",,,"3",,,,
"Castellbell i el Vilar","080538","2022","24","14","7","3","1",,"23","11",,,"5","3","3",,"1"
"Castellbell i el Vilar","080538","2023","14","1","4","9","6",,"8","3",,,,"1","2","2",
"Castellbisbal","080543","2011","143","25","32","86","67","39","37",,"2","2","3","1","28","1",
"Castellbisbal","080543","2012","123","10","37","76","48","34","41",,"4","1","4","1","28","3",
"Castellbisbal","080543","2013","111","10","25","76","48","27","36",,"4","2",,"1","23","5","1"
"Castellbisbal","080543","2014","81","10","32","39","40","21","20",,"4","2",,"2","12",,
"Castellbisbal","080543","2015","89","15","35","39","30","30","29",,"5","1",,"2","19",,"2"
"Castellbisbal","080543","2016","86","5","34","47","29","28","29",,"5",,"2","3","18","1",
"Castellbisbal","080543","2017","85","14","21","50","27","22","34","2","3",,,,"27","4",
"Castellbisbal","080543","2018","75","23","6","46","35","10","30",,"3",,"1","2","22","2",
"Castellbisbal","080543","2019","128","42","45","41","43","16","68","1","9","1","5","4","40","9",
"Castellbisbal","080543","2020","108","36","58","14","15","17","73","3","8","2","12","1","40","10",
"Castellbisbal","080543","2021","100","19","59","22","8","12","60","20","6",,"14","5","28","7",
"Castellbisbal","080543","2022","117","49","48","20","8","10","99","10","6","3","20","5","50","5",
"Castellbisbal","080543","2023","126","29","83","14","19","15","92","1","2","7","20","1","58","3",
"Castellcir","080556","2011","0",,,,,,"0",,,,,,,,
"Castellcir","080556","2012","2",,,"2","2",,"0",,,,,,,,
"Castellcir","080556","2013","0",,,,,,"0",,,,,,,,
"Castellcir","080556","2014","0",,,,,,"0",,,,,,,,
"Castellcir","080556","2015","0",,,,,,"0",,,,,,,,
"Castellcir","080556","2016","1","1",,,,,"1",,,,,,"1",,
"Castellcir","080556","2017","0",,,,,,"0",,,,,,,,
"Castellcir","080556","2018","1",,,"1","1",,"0",,,,,,,,
"Castellcir","080556","2019","2","2",,,,,"2",,,,,,"2",,
"Castellcir","080556","2020","0",,,,,,"0",,,,,,,,
"Castellcir","080556","2021","3","3",,,,,"1","2",,,"1",,,,
"Castellcir","080556","2022","11","4","1","6","3",,"8","5",,,"2",,"1",,
"Castellcir","080556","2023","13","5","2","6","5","3","5","1",,"1",,,"3",,
"Castelldans","250674","2011","4","1",,"3",,,"4",,,"3","1",,,,
"Castelldans","250674","2012","2",,,"2",,,"2",,,"2",,,,,
"Castelldans","250674","2013","0",,,,,,"0",,,,,,,,
"Castelldans","250674","2014","0",,,,,,"0",,,,,,,,
"Castelldans","250674","2015","1","1",,,,,"1",,,,,,"1",,
"Castelldans","250674","2016","0",,,,,,"0",,,,,,,,
"Castelldans","250674","2017","3",,"3",,,,"3",,"2",,,,,"1",
"Castelldans","250674","2018","4",,"2","2","1",,"3",,,,,,,"3",
"Castelldans","250674","2019","4",,,"4","2",,"2",,,,,,,"2",
"Castelldans","250674","2020","5",,,"5","5",,"0",,,,,,,,
"Castelldans","250674","2021","6","1","1","4","4",,"2",,"1",,,,"1",,
"Castelldans","250674","2022","4","2","1","1",,,"4","3","1",,,,,,
"Castelldans","250674","2023","4",,"1","3",,,"4","1","3",,,,,,
"Castelldefels","080569","2011","984","215","359","410","233","246","496","9","93","17","19",,"360","4","3"
"Castelldefels","080569","2012","1,085","184","499","402","192","303","582","8","120","24","17","2","410","7","2"
"Castelldefels","080569","2013","959","203","402","354","134","289","531","5","107","21","22","4","337","38","2"
"Castelldefels","080569","2014","692","110","279","303","106","227","359",,"94","20","6","3","203","31","2"
"Castelldefels","080569","2015","627","133","233","261","93","169","360","5","89","22","22","4","199","23","1"
"Castelldefels","080569","2016","696","124","295","277","111","173","406","6","80","40","20","3","241","21","1"
"Castelldefels","080569","2017","623","159","204","260","103","121","396","3","53","47","20","8","246","20","2"
"Castelldefels","080569","2018","641","151","272","218","101","116","420","4","40","38","29","12","270","31",
"Castelldefels","080569","2019","696","183","348","165","65","97","531","3","41","38","35","21","366","30",
"Castelldefels","080569","2020","376","140","117","119","43","39","230","64","24","11","15","6","158","16",
"Castelldefels","080569","2021","497","154","232","111","22","55","237","183","24","4","25",,"167","17",
"Castelldefels","080569","2022","488","241","186","61","20","41","427","61","29","20","25",,"268","23","1"
"Castelldefels","080569","2023","686","208","314","164","60","91","535","37","43","21","19","1","395","14","5"
"Castellet i la Gornal","080581","2011","11",,"4","7","7","1","3",,"1",,,,"2",,
"Castellet i la Gornal","080581","2012","7",,"3","4","4",,"3",,"1",,,,"2",,
"Castellet i la Gornal","080581","2013","8","1","5","2","3","3","2",,,,,,"2",,
"Castellet i la Gornal","080581","2014","5",,"4","1",,"3","2",,,,,,"2",,
"Castellet i la Gornal","080581","2015","6","1","3","2",,"1","5",,,,,,"5",,
"Castellet i la Gornal","080581","2016","3",,,"3",,,"3",,,,,,"3",,
"Castellet i la Gornal","080581","2017","3",,,"3","1",,"2",,,,,,"2",,
"Castellet i la Gornal","080581","2018","4",,,"4","2",,"2",,,,,,"2",,
"Castellet i la Gornal","080581","2019","1","1",,,,,"1",,,,,,"1",,
"Castellet i la Gornal","080581","2020","7","2","5",,,,"7",,,,"1",,"6",,
"Castellet i la Gornal","080581","2021","7","1","4","2",,,"7",,,,"1",,"6",,
"Castellet i la Gornal","080581","2022","8","4","1","3","1","1","6",,,,"2",,"4",,
"Castellet i la Gornal","080581","2023","31","14","14","3",,"4","27",,"2","3","4","1","17",,
"Castellfollit de la Roca","170464","2011","4",,"1","3","2",,"2",,,,,,"1","1",
"Castellfollit de la Roca","170464","2012","1",,,"1",,,"1",,,,,,,"1",
"Castellfollit de la Roca","170464","2013","4","2","2",,,,"4",,,,,,"1","3",
"Castellfollit de la Roca","170464","2014","2",,"2",,,,"2",,,,,,"2",,
"Castellfollit de la Roca","170464","2015","6","2","4",,,,"6",,"3",,,,"2",,"1"
"Castellfollit de la Roca","170464","2016","4","2","1","1",,,"4",,"2",,,,,"1","1"
"Castellfollit de la Roca","170464","2017","8","2","6",,,,"8",,"3",,,,"4","1",
"Castellfollit de la Roca","170464","2018","8",,"5","3","3",,"5",,,,,,"3","2",
"Castellfollit de la Roca","170464","2019","6","3","2","1","1",,"5",,,,,,"5",,
"Castellfollit de la Roca","170464","2020","3",,"3",,,,"3",,,,,,"3",,
"Castellfollit de la Roca","170464","2021","4","2","2",,,,"2","2",,,,,"2",,
"Castellfollit de la Roca","170464","2022","5","1","3","1","1",,"4",,,"3",,,"1",,
"Castellfollit de la Roca","170464","2023","16","4","10","2",,,"16",,"2","6",,,"8",,
"Castellfollit del Boix","080594","2011","0",,,,,,"0",,,,,,,,
"Castellfollit del Boix","080594","2012","0",,,,,,"0",,,,,,,,
"Castellfollit del Boix","080594","2013","0",,,,,,"0",,,,,,,,
"Castellfollit del Boix","080594","2014","0",,,,,,"0",,,,,,,,
"Castellfollit del Boix","080594","2015","0",,,,,,"0",,,,,,,,
"Castellfollit del Boix","080594","2016","0",,,,,,"0",,,,,,,,
"Castellfollit del Boix","080594","2017","1",,,"1","1",,"0",,,,,,,,
"Castellfollit del Boix","080594","2018","2","1",,"1","1",,"1",,"1",,,,,,
"Castellfollit del Boix","080594","2019","5",,"2","3","3",,"2",,"2",,,,,,
"Castellfollit del Boix","080594","2020","0",,,,,,"0",,,,,,,,
"Castellfollit del Boix","080594","2021","3",,"1","2",,,"1","2","1",,,,,,
"Castellfollit del Boix","080594","2022","9",,"1","8","2",,"7","7",,,,,,,
"Castellgalí","080615","2011","11","1","7","3","1","4","6",,,,"2",,"4",,
"Castellgalí","080615","2012","7","2",,"5","1","2","4",,,,"2",,"2",,
"Castellgalí","080615","2013","1",,"1",,,,"1",,,,"1",,,,
"Castellgalí","080615","2014","5","2","2","1","1",,"4",,"1",,"1",,"2",,
"Castellgalí","080615","2015","3",,"2","1",,"1","2",,"1",,,,"1",,
"Castellgalí","080615","2016","7","3","2","2","1","3","3",,"2",,,,"1",,
"Castellgalí","080615","2017","6","1",,"5","5",,"1",,"1",,,,,,
"Castellgalí","080615","2018","5","2","1","2","2",,"3",,"1",,"2",,,,
"Castellgalí","080615","2019","3","2","1",,,,"3",,,,"2",,"1",,
"Castellgalí","080615","2020","1",,,"1",,"1","0",,,,,,,,
"Castellgalí","080615","2021","5","4","1",,,,"3","2",,,"1",,"2",,
"Castellgalí","080615","2022","4",,"4",,,,"4",,,,"1",,"3",,
"Castellgalí","080615","2023","1","1",,,,,"1",,,,,,"1",,
"Castellnou de Bages","080620","2011","8",,,"8","8",,"0",,,,,,,,
"Castellnou de Bages","080620","2012","8",,,"8","5","2","1",,"1",,,,,,
"Castellnou de Bages","080620","2013","5",,,"5","4","1","0",,,,,,,,
"Castellnou de Bages","080620","2014","3","1",,"2","2","1","0",,,,,,,,
"Castellnou de Bages","080620","2015","3",,"1","2","1","2","0",,,,,,,,
"Castellnou de Bages","080620","2016","3","2",,"1",,"1","2",,,,,,"2",,
"Castellnou de Bages","080620","2017","1",,"1",,"1",,"0",,,,,,,,
"Castellnou de Bages","080620","2018","9","7","1","1","1",,"8",,,,"7",,"1",,
"Castellnou de Bages","080620","2019","29","24","2","3","3",,"26",,,,"23","3",,,
"Castellnou de Bages","080620","2020","14","10","4",,,,"14",,"1",,"10","1","2",,
"Castellnou de Bages","080620","2021","6","6",,,,,"5","1",,,"3","2",,,
"Castellnou de Bages","080620","2022","14","8","5","1",,,"14","8","1","1","3",,"1",,
"Castellnou de Bages","080620","2023","6","4","2",,,,"6",,,,,,"6",,
"Castellnou de Seana","250680","2011","1","1",,,,,"1",,,,,"1",,,
"Castellnou de Seana","250680","2012","2",,"2",,,,"2",,"1",,,"1",,,
"Castellnou de Seana","250680","2013","0",,,,,,"0",,,,,,,,
"Castellnou de Seana","250680","2014","1","1",,,,,"1",,,,,"1",,,
"Castellnou de Seana","250680","2015","0",,,,,,"0",,,,,,,,
"Castellnou de Seana","250680","2016","1",,,"1","1",,"0",,,,,,,,
"Castellnou de Seana","250680","2017","0",,,,,,"0",,,,,,,,
"Castellnou de Seana","250680","2018","0",,,,,,"0",,,,,,,,
"Castellnou de Seana","250680","2019","3","3",,,,,"3",,,,,,"3",,
"Castellnou de Seana","250680","2020","3","2","1",,,,"3",,,,"2",,"1",,
"Castellnou de Seana","250680","2021","0",,,,,,"0",,,,,,,,
"Castellnou de Seana","250680","2022","1",,,"1","1",,,,,,,,,,
"Castellnou de Seana","250680","2023","5","2",,"3","3",,"2",,"1",,"1",,,,
"Castelló de Farfanya","250693","2011","0",,,,,,"0",,,,,,,,
"Castelló de Farfanya","250693","2012","0",,,,,,"0",,,,,,,,
"Castelló de Farfanya","250693","2013","1",,,"1","1",,"0",,,,,,,,
"Castelló de Farfanya","250693","2014","0",,,,,,"0",,,,,,,,
"Castelló de Farfanya","250693","2015","0",,,,,,"0",,,,,,,,
"Castelló de Farfanya","250693","2016","0",,,,,,"0",,,,,,,,
"Castelló de Farfanya","250693","2017","0",,,,,,"0",,,,,,,,
"Castelló de Farfanya","250693","2018","0",,,,,,"0",,,,,,,,
"Castelló de Farfanya","250693","2019","0",,,,,,"0",,,,,,,,
"Castelló de Farfanya","250693","2020","0",,,,,,"0",,,,,,,,
"Castelló de Farfanya","250693","2021","0",,,,,,"0",,,,,,,,
"Castelló d'Empúries","170470","2011","243","108","91","44","19","18","194","12","45","22","78","14","34","1",
"Castelló d'Empúries","170470","2012","230","104","84","42","25","16","185","4","30","18","75","16","43","3",
"Castelló d'Empúries","170470","2013","115","43","50","22","14","9","91","1","13","13","41","2","17","5",
"Castelló d'Empúries","170470","2014","140","80","43","17","8","11","119","2","20","12","53","5","16","13",
"Castelló d'Empúries","170470","2015","113","86","12","15","5","4","103","1","20","6","50","8","15","4",
"Castelló d'Empúries","170470","2016","94","52","26","16","4","6","83","1","15","9","43","1","14","1",
"Castelló d'Empúries","170470","2017","156","121","24","11","4","3","149",,"16","7","93","2","22","9",
"Castelló d'Empúries","170470","2018","103","62","29","12","7","1","95",,"9","10","53","8","14","1",
"Castelló d'Empúries","170470","2019","149","103","32","14","3","4","142",,"21","6","88","7","10","10",
"Castelló d'Empúries","170470","2020","114","59","44","11","5","6","103",,"10","8","47","7","17","14",
"Castelló d'Empúries","170470","2021","79","38","30","11","3","1","59","16","7","1","30","2","16","3",
"Castelló d'Empúries","170470","2022","70","30","27","13","5","5","60","9","3","11","24",,"13",,
"Castelló d'Empúries","170470","2023","83","37","34","12","5","5","73","5","8","15","10",,"34","1",
"Castellolí","080636","2011","1",,,"1","1",,"0",,,,,,,,
"Castellolí","080636","2012","1",,,"1",,,"1",,,,,,"1",,
"Castellolí","080636","2013","1",,,"1",,,"1",,,,,,"1",,
"Castellolí","080636","2014","2",,,"2","2",,"0",,,,,,,,
"Castellolí","080636","2015","4",,,"4","4",,"0",,,,,,,,
"Castellolí","080636","2016","3",,,"3","3",,"0",,,,,,,,
"Castellolí","080636","2017","3","1",,"2","2",,"1",,,,,"1",,,
"Castellolí","080636","2018","1",,"1",,,,"1",,,,,,"1",,
"Castellolí","080636","2019","3",,"1","2","2",,"1",,,,,,"1",,
"Castellolí","080636","2020","0",,,,,,"0",,,,,,,,
"Castellolí","080636","2021","3",,,"3","1",,"2",,,,,,"2",,
"Castellolí","080636","2022","4","1",,"3",,"1","3",,,,,,"3",,
"Castellolí","080636","2023","2",,"2",,,"2",,,,,,,,,
"Castell-Platja d'Aro","170486","2011","261","95","142","24","10","36","212","3","26","45","54","4","77","6",
"Castell-Platja d'Aro","170486","2012","242","93","117","32","14","27","200","1","22","64","52","3","54","4","1"
"Castell-Platja d'Aro","170486","2013","181","71","81","29","9","19","151","2","17","39","40","5","39","11",
"Castell-Platja d'Aro","170486","2014","180","93","47","40","16","12","151","1","13","32","56","5","35","10",
"Castell-Platja d'Aro","170486","2015","166","93","54","19","6","9","151",,"13","33","63","5","31","6",
"Castell-Platja d'Aro","170486","2016","161","94","51","16","7","10","144",,"12","24","53","10","40","5",
"Castell-Platja d'Aro","170486","2017","154","88","55","11","4","12","138",,"15","30","25","5","55","7","1"
"Castell-Platja d'Aro","170486","2018","184","103","74","7","3","15","165","1","13","21","37","8","75","11",
"Castell-Platja d'Aro","170486","2019","262","106","130","26","16","18","228",,"18","24","43","20","116","7",
"Castell-Platja d'Aro","170486","2020","184","60","106","18","6","15","162","1","10","29","22","4","86","11",
"Castell-Platja d'Aro","170486","2021","91","19","66","6",,"3","83","5","2","7","12",,"62",,
"Castellserà","250707","2011","16","16",,,,,"16",,,"1","5","1","9",,
"Castellserà","250707","2012","1","1",,,,,"1",,,,,,,"1",
"Castellserà","250707","2013","1","1",,,,,"1",,,,"1",,,,
"Castellserà","250707","2014","1",,,"1","1",,"0",,,,,,,,
"Castellserà","250707","2015","2",,,"2","2",,"0",,,,,,,,
"Castellserà","250707","2016","4","3",,"1",,,"4",,"1",,"3",,,,
"Castellserà","250707","2017","1","1",,,,,"1",,,,,"1",,,
"Castellserà","250707","2018","0",,,,,,"0",,,,,,,,
"Castellserà","250707","2019","0",,,,,,"0",,,,,,,,
"Castellserà","250707","2020","1","1",,,,,"1",,,,,"1",,,
"Castellserà","250707","2021","1","1",,,,,"1",,,,,"1",,,
"Castellterçol","080641","2011","10",,"5","5","4","1","5",,,"2",,,"3",,
"Castellterçol","080641","2012","4",,"2","2","1",,"3",,,,,,"2","1",
"Castellterçol","080641","2013","4",,"1","3","1",,"2","1",,,,,"2",,
"Castellterçol","080641","2014","2",,,"2","1",,"0","1",,,,,,,
"Castellterçol","080641","2015","2",,"1","1","1","1","0",,,,,,,,
"Castellterçol","080641","2016","3","1",,"2","1",,"2",,,"1",,,"1",,
"Castellterçol","080641","2017","3",,,"3","1",,"2",,,"2",,,,,
"Castellterçol","080641","2018","2",,,"2","2",,"0",,,,,,,,
"Castellterçol","080641","2019","9","5",,"4","3","1","5",,,,"3","1","1",,
"Castellterçol","080641","2020","0",,,,,,"0",,,,,,,,
"Castellterçol","080641","2021","0",,,,,,"0",,,,,,,,
"Castellterçol","080641","2023","14","12","2",,,,"14",,"2","1","4",,"6",,"1"
"Castellvell del Camp","430424","2011","20","1","1","18","17","1","2",,,,,,"2",,
"Castellvell del Camp","430424","2012","15","3","2","10","8","2","5",,,"3",,,"2",,
"Castellvell del Camp","430424","2013","8",,"1","7","5","2","1",,,"1",,,,,
"Castellvell del Camp","430424","2014","16",,"4","12","8","4","3","1",,,,,"3",,
"Castellvell del Camp","430424","2015","9",,,"9","8",,"1",,"1",,,,,,
"Castellvell del Camp","430424","2016","9","1","2","6","4","2","3",,"2",,,,"1",,
"Castellvell del Camp","430424","2017","7",,"1","6","5","1","1",,,,,,"1",,
"Castellvell del Camp","430424","2018","21","2","6","13","13","4","4",,"2","1",,,"1",,
"Castellvell del Camp","430424","2019","10",,"1","9","3","4","3",,"1",,,,"2",,
"Castellvell del Camp","430424","2020","4",,,"4",,"3","1",,,,,,"1",,
"Castellvell del Camp","430424","2021","1",,,"1",,,"0","1",,,,,,,
"Castellvell del Camp","430424","2022","5","1","1","3","1","2","2",,"1",,,,"1",,
"Castellvell del Camp","430424","2023","11","2","7","2",,"2","9",,"5",,,,"4",,
"Castellví de la Marca","080654","2011","9","3","3","3","1","1","5","2","2","1",,,"2",,
"Castellví de la Marca","080654","2012","5","2","2","1",,"2","2","1","1","1",,,,,
"Castellví de la Marca","080654","2013","3","1","2",,,"1","2",,,"2",,,,,
"Castellví de la Marca","080654","2014","1",,"1",,,,"1",,,"1",,,,,
"Castellví de la Marca","080654","2015","6","2","1","3","3","1","2",,,"2",,,,,
"Castellví de la Marca","080654","2016","7","4","1","2","2",,"5",,,"5",,,,,
"Castellví de la Marca","080654","2017","2",,"1","1","1",,"1",,,"1",,,,,
"Castellví de la Marca","080654","2018","4","2","1","1","1","2","1",,,,,,"1",,
"Castellví de la Marca","080654","2019","5","2","2","1","1","2","2",,,,,,"2",,
"Castellví de la Marca","080654","2020","4","4",,,"1",,"0","3",,,,,,,
"Castellví de la Marca","080654","2021","1",,"1",,,,"0","1",,,,,,,
"Castellví de la Marca","080654","2022","21","21",,,,,"21",,,"1","6","7","6","1",
"Castellví de la Marca","080654","2023","19","14","1","4","4",,"15",,,"2","9","1","3",,
"Castellví de Rosanes","080667","2011","16","6","6","4","2","8","3","3",,,,,"3",,
"Castellví de Rosanes","080667","2012","10",,"7","3","3","5","1","1",,,,,"1",,
"Castellví de Rosanes","080667","2013","6","1","3","2","2","4","0",,,,,,,,
"Castellví de Rosanes","080667","2014","5",,"4","1","1","4","0",,,,,,,,
"Castellví de Rosanes","080667","2015","2",,"1","1",,"2","0",,,,,,,,
"Castellví de Rosanes","080667","2016","7",,"3","4",,"6","1",,,,,,"1",,
"Castellví de Rosanes","080667","2017","7","2","1","4","1","4","2",,,,,,"2",,
"Castellví de Rosanes","080667","2018","12","2","4","6","1","4","7",,"1",,,,"6",,
"Castellví de Rosanes","080667","2019","4",,"2","2",,"1","3",,,,,,"3",,
"Castellví de Rosanes","080667","2020","5","1",,"4",,"2","3",,,,,,"3",,
"Castellví de Rosanes","080667","2021","4","1","3",,,,"3","1",,,,,"3",,
"Castellví de Rosanes","080667","2022","6","3","2","1",,,"6",,"1",,,"1","4",,
"Castellví de Rosanes","080667","2023","6","1","2","3",,,"6",,"1",,,"1","4",,
"Cava","250714","2011","0",,,,,,"0",,,,,,,,
"Cava","250714","2012","1","1",,,,"1","0",,,,,,,,
"Cava","250714","2013","2",,"1","1",,"2","0",,,,,,,,
"Cava","250714","2014","2",,,"2","1","1","0",,,,,,,,
"Cava","250714","2015","4",,,"4","2","2","0",,,,,,,,
"Cava","250714","2016","2",,,"2","2",,"0",,,,,,,,
"Cava","250714","2017","0",,,,,,"0",,,,,,,,
"Cava","250714","2018","0",,,,,,"0",,,,,,,,
"Cava","250714","2019","0",,,,,,"0",,,,,,,,
"Cava","250714","2020","1",,,"1",,"1","0",,,,,,,,
"Cava","250714","2021","0",,,,,,"0",,,,,,,,
"Cava","250714","2022","2",,"1","1",,"2",,,,,,,,,
"Cava","250714","2023","2",,,"2",,"2",,,,,,,,,
"Celrà","170499","2011","31","2","11","18","8","5","16","2","6","2","2",,"4",,"2"
"Celrà","170499","2012","17",,"2","15","5","4","7","1","4","2",,,"1",,
"Celrà","170499","2013","10",,,"10","3","3","4",,"4",,,,,,
"Celrà","170499","2014","10",,,"10","3","4","3",,"3",,,,,,
"Celrà","170499","2015","8","2",,"6","3","2","3",,"2",,,"1",,,
"Celrà","170499","2016","4",,,"4","4",,"0",,,,,,,,
"Celrà","170499","2017","5","1",,"4","1","3","1",,"1",,,,,,
"Celrà","170499","2018","8","3",,"5","1","4","3",,,,,"3",,,
"Celrà","170499","2019","15","3","3","9","3","3","9",,"1","1","3",,"3","1",
"Celrà","170499","2020","10","2","5","3","1","1","7","1","2","2","2",,"1",,
"Celrà","170499","2021","12","3","6","3","1",,"5","6",,,"1",,"4",,
"Celrà","170499","2022","8","2",,"6",,,"8","2",,"1","2",,"3",,
"Celrà","170499","2023","17","7","3","7","2",,"15","1","3","1","2","2","6",,
"Centelles","080673","2011","10",,"1","9","7",,"2","1",,"1",,,"1",,
"Centelles","080673","2012","5",,,"5","3",,"0","2",,,,,,,
"Centelles","080673","2013","13","1",,"12","11",,"2",,,,,,"1","1",
"Centelles","080673","2014","13","2","4","7","5",,"8",,,"1",,,"7",,
"Centelles","080673","2015","2",,"2",,,"1","1",,,,,,"1",,
"Centelles","080673","2016","3","1","1","1",,"3","0",,,,,,,,
"Centelles","080673","2017","6","1","3","2",,"1","4","1",,,,,"4",,
"Centelles","080673","2018","8",,"4","4","3","1","4",,,,,,"4",,
"Centelles","080673","2019","13","1","3","9","6",,"7",,,,,,"7",,
"Centelles","080673","2020","9","1",,"8","4",,"2","3",,,,,"1","1",
"Centelles","080673","2021","18","12","2","4","3",,"11","4",,,"1","3","5","2",
"Centelles","080673","2022","29","24","3","2","1",,"28","1",,,"6","5","12","2","2"
"Centelles","080673","2023","60","44","11","5","4","2","54",,,"4","15","2","30","2","1"
"Cercs","082687","2011","4",,,"4","4",,"0",,,,,,,,
"Cercs","082687","2012","0",,,,,,"0",,,,,,,,
"Cercs","082687","2013","1",,"1",,"1",,"0",,,,,,,,
"Cercs","082687","2014","0",,,,,,"0",,,,,,,,
"Cercs","082687","2015","0",,,,,,"0",,,,,,,,
"Cercs","082687","2016","1",,"1",,,,"1",,,"1",,,,,
"Cercs","082687","2017","2","1","1",,"1",,"1",,,,,,"1",,
"Cercs","082687","2018","0",,,,,,"0",,,,,,,,
"Cercs","082687","2019","3","2","1",,,,"3",,,,,,"3",,
"Cercs","082687","2020","1",,"1",,,,"1",,,,,,"1",,
"Cercs","082687","2021","2","1","1",,,,"2",,,,"2",,,,
"Cercs","082687","2023","6","1",,"5","5",,"1",,,,"1",,,,
"Cerdanyola del Vallès","082665","2011","740","250","290","200","129","138","445","28","42","25","55","18","293","11","1"
"Cerdanyola del Vallès","082665","2012","696","193","313","190","122","138","419","17","49","17","33","14","282","19","5"
"Cerdanyola del Vallès","082665","2013","520","181","212","127","94","123","301","2","27","16","18","6","208","25","1"
"Cerdanyola del Vallès","082665","2014","403","128","163","112","79","128","194","2","16","13","7","5","148","5",
"Cerdanyola del Vallès","082665","2015","370","115","151","104","85","94","190","1","21","11","11","3","133","10","1"
"Cerdanyola del Vallès","082665","2016","535","246","173","116","90","85","354","6","33","11","69","4","218","16","3"
"Cerdanyola del Vallès","082665","2017","461","197","172","92","61","77","321","2","29","14","29","5","224","18","2"
"Cerdanyola del Vallès","082665","2018","576","243","234","99","70","92","411","3","31","11","34","2","311","19","3"
"Cerdanyola del Vallès","082665","2019","559","226","235","98","65","74","418","2","15","12","35","10","325","17","4"
"Cerdanyola del Vallès","082665","2020","367","156","146","65","34","56","257","20","17","5","17","1","202","15",
"Cerdanyola del Vallès","082665","2021","516","164","204","148","54","70","278","114","35","2","15","9","199","16","2"
"Cerdanyola del Vallès","082665","2022","554","242","206","106","56","56","442","38","25","11","49","14","286","17","2"
"Cerdanyola del Vallès","082665","2023","726","315","271","140","56","91","579","19","29","32","39","8","414","36","2"
"Cervelló","080689","2011","106","27","27","52","50","33","21","2","4",,"2",,"14","1",
"Cervelló","080689","2012","73","9","44","20","30","22","21",,"3",,"6",,"11","1",
"Cervelló","080689","2013","65","5","32","28","32","23","10",,,,,,"10",,
"Cervelló","080689","2014","51","7","22","22","26","18","7",,"1",,"1",,"5",,
"Cervelló","080689","2015","43","17","10","16","14","11","18",,"1","2","6",,"8","1",
"Cervelló","080689","2016","68","14","26","28","25","17","26",,"3","3","8",,"11","1",
"Cervelló","080689","2017","54","4","17","33","26","15","13",,"2","1","1",,"9",,
"Cervelló","080689","2018","60","15","8","37","17","12","31",,"7","1","5",,"18",,
"Cervelló","080689","2019","89","18","38","33","18","11","60",,"12","5","15",,"27","1",
"Cervelló","080689","2020","60","19","24","17","10","15","31","4","7","1","5","2","15","1",
"Cervelló","080689","2021","50","11","30","9","2","15","29","4","8",,"3","2","16",,
"Cervelló","080689","2022","44","19","15","10","2","7","35",,"4","2","8",,"21",,
"Cervelló","080689","2023","44","16","17","11","5","6","33","1","3","5","3",,"20","1",
"Cervera","250729","2011","115","90","16","9","5",,"108","2","9","2","38","31","25","3",
"Cervera","250729","2012","193","140","46","7","6","4","183",,"10","3","80","63","20","7",
"Cervera","250729","2013","95","75","17","3","5","2","88",,"2","6","37","27","8","8",
"Cervera","250729","2014","91","82","7","2",,"2","88","1","2","4","48","25","7","2",
"Cervera","250729","2015","122","112","10",,,"3","119",,"16","19","55","16","11","2",
"Cervera","250729","2016","120","116",,"4","4","2","114",,"2","19","52","27","13","1",
"Cervera","250729","2017","106","99",,"7","4","1","94","7","4","13","40","33","2","2",
"Cervera","250729","2018","157","142","8","7","6","2","149",,"3","19","52","56","15","4",
"Cervera","250729","2019","261","259",,"2","2","1","257","1","16","25","104","64","47","1",
"Cervera","250729","2020","147","116","30","1",,"1","146",,"2","9","58","40","34","3",
"Cervera","250729","2021","156","133","22","1","1","4","128","23","3","7","50","40","28",,
"Cervera","250729","2022","180","145","28","7","4","4","172","7","4","38","43","31","48","1",
"Cervera","250729","2023","205","164","33","8","5","4","196","1","17","24","34","50","68","2",
"Cervià de les Garrigues","250735","2011","0",,,,,,"0",,,,,,,,
"Cervià de les Garrigues","250735","2012","0",,,,,,"0",,,,,,,,
"Cervià de les Garrigues","250735","2013","0",,,,,,"0",,,,,,,,
"Cervià de les Garrigues","250735","2014","0",,,,,,"0",,,,,,,,
"Cervià de les Garrigues","250735","2015","2",,,"2","2",,"0",,,,,,,,
"Cervià de les Garrigues","250735","2016","2",,,"2","2",,"0",,,,,,,,
"Cervià de les Garrigues","250735","2017","0",,,,,,"0",,,,,,,,
"Cervià de les Garrigues","250735","2018","0",,,,,,"0",,,,,,,,
"Cervià de les Garrigues","250735","2019","0",,,,,,"0",,,,,,,,
"Cervià de les Garrigues","250735","2020","0",,,,,,"0",,,,,,,,
"Cervià de les Garrigues","250735","2021","0",,,,,,"0",,,,,,,,
"Cervià de Ter","170502","2011","8",,"2","6","4","1","2","1","2",,,,,,
"Cervià de Ter","170502","2012","12","7","2","3","1","2","9",,"4",,"1","2","2",,
"Cervià de Ter","170502","2013","5","1",,"4","1","1","3",,"2",,,,"1",,
"Cervià de Ter","170502","2014","8","3","3","2","1",,"7",,"1",,,,"6",,
"Cervià de Ter","170502","2015","4",,"3","1",,,"4",,"1",,,,"3",,
"Cervià de Ter","170502","2016","8","3","3","2",,,"8",,"2","1",,,"5",,
"Cervià de Ter","170502","2017","2",,"1","1",,,"2",,,,,,"2",,
"Cervià de Ter","170502","2018","3","1","1","1","1",,"2",,,"1","1",,,,
"Cervià de Ter","170502","2019","8","1","5","2",,"2","6",,,"4",,,"2",,
"Cervià de Ter","170502","2020","8","3","1","4",,"2","6",,,"2",,,"4",,
"Cervià de Ter","170502","2021","3","1","1","1",,"1","0","2",,,,,,,
"Cervià de Ter","170502","2022","3","2","1",,,,"3","1",,,,,"2",,
"Cervià de Ter","170502","2023","8","2",,"6","2",,"6",,,"2",,,"4",,
"Cistella","170519","2011","4",,"3","1","1","1","2",,,,,,"2",,
"Cistella","170519","2012","1",,"1",,,,"1",,,,,,"1",,
"Cistella","170519","2013","2","1","1",,,,"2",,"2",,,,,,
"Cistella","170519","2014","0",,,,,,"0",,,,,,,,
"Cistella","170519","2015","0",,,,,,"0",,,,,,,,
"Cistella","170519","2016","1","1",,,,,"1",,,,,,"1",,
"Cistella","170519","2017","0",,,,,,"0",,,,,,,,
"Cistella","170519","2018","2",,"1","1","2",,"0",,,,,,,,
"Cistella","170519","2019","3",,,"3","3",,"0",,,,,,,,
"Cistella","170519","2020","0",,,,,,"0",,,,,,,,
"Cistella","170519","2021","0",,,,,,"0",,,,,,,,
"Ciutadilla","250740","2022","2","1",,"1","1",,"1",,,,,,"1",,
"Ciutadilla","250740","2023","2","1",,"1","1",,"1",,,,,,"1",,
"Clariana de Cardener","250753","2011","0",,,,,,"0",,,,,,,,
"Clariana de Cardener","250753","2012","0",,,,,,"0",,,,,,,,
"Clariana de Cardener","250753","2013","0",,,,,,"0",,,,,,,,
"Clariana de Cardener","250753","2014","0",,,,,,"0",,,,,,,,
"Clariana de Cardener","250753","2015","0",,,,,,"0",,,,,,,,
"Clariana de Cardener","250753","2016","0",,,,,,"0",,,,,,,,
"Clariana de Cardener","250753","2017","1",,,"1","1",,"0",,,,,,,,
"Clariana de Cardener","250753","2018","0",,,,,,"0",,,,,,,,
"Clariana de Cardener","250753","2019","0",,,,,,"0",,,,,,,,
"Clariana de Cardener","250753","2020","1",,,"1","1",,"0",,,,,,,,
"Clariana de Cardener","250753","2021","0",,,,,,"0",,,,,,,,
"Colera","170545","2011","10","4","1","5","5",,"5",,,,"2",,"3",,
"Colera","170545","2012","1",,,"1","1",,"0",,,,,,,,
"Colera","170545","2013","1",,,"1",,,"0","1",,,,,,,
"Colera","170545","2014","0",,,,,,"0",,,,,,,,
"Colera","170545","2015","1",,,"1",,,"1",,"1",,,,,,
"Colera","170545","2016","2",,,"2",,,"1","1","1",,,,,,
"Colera","170545","2017","1",,,"1","1",,"0",,,,,,,,
"Colera","170545","2018","1",,,"1",,,"1",,"1",,,,,,
"Colera","170545","2019","0",,,,,,"0",,,,,,,,
"Colera","170545","2020","0",,,,,,"0",,,,,,,,
"Colera","170545","2021","0",,,,,,"0",,,,,,,,
"Coll de Nargó","250772","2022","2",,,"2","2",,,,,,,,,,
"Coll de Nargó","250772","2023","1",,,"1","1",,,,,,,,,,
"Collbató","080692","2011","19","1","6","12","10","2","7",,,,,,"7",,
"Collbató","080692","2012","17","2","2","13","11","2","4",,,"1",,,"3",,
"Collbató","080692","2013","18","1","4","13","11","4","3",,"1",,,,"2",,
"Collbató","080692","2014","16","3","7","6","6","3","7",,"2","3",,,"2",,
"Collbató","080692","2015","22","2","10","10","6","4","12",,"5","2",,,"5",,
"Collbató","080692","2016","21","2","5","14","5","2","14",,"6","1",,,"4",,"3"
"Collbató","080692","2017","26","5","7","14","7","5","14",,"5","2",,,"6","1",
"Collbató","080692","2018","39","10","12","17","9","7","23",,"4","4","2",,"8","3","2"
"Collbató","080692","2019","38","9","15","14","7","5","26",,"6","4","6",,"8","2",
"Collbató","080692","2020","19","5","6","8","5","2","12",,"3",,"2",,"7",,
"Collbató","080692","2021","21","4","11","6","1","1","17","2","3",,"3",,"11",,
"Collbató","080692","2022","15","3","6","6","1","2","12",,"4",,"3",,"5",,
"Collbató","080692","2023","17","4","6","7","5","1","11",,"1",,"4",,"6",,
"Colldejou","430458","2011","2",,"1","1",,"1","1",,,,,,"1",,
"Colldejou","430458","2012","0",,,,,,"0",,,,,,,,
"Colldejou","430458","2013","0",,,,,,"0",,,,,,,,
"Colldejou","430458","2014","2",,,"2",,,"2",,,,,,"2",,
"Colldejou","430458","2015","1",,,"1",,,"1",,,,,,"1",,
"Colldejou","430458","2016","1",,,"1",,,"1",,,,,,"1",,
"Colldejou","430458","2017","1",,,"1",,,"1",,,,,,"1",,
"Colldejou","430458","2018","0",,,,,,"0",,,,,,,,
"Colldejou","430458","2019","0",,,,,,"0",,,,,,,,
"Colldejou","430458","2020","0",,,,,,"0",,,,,,,,
"Colldejou","430458","2021","1",,"1",,,"1","0",,,,,,,,
"Colldejou","430458","2022","2",,,"2","1","1",,,,,,,,,
"Collsuspina","080706","2011","1",,,"1","1",,"0",,,,,,,,
"Collsuspina","080706","2012","1",,,"1","1",,"0",,,,,,,,
"Collsuspina","080706","2013","2","1",,"1","1",,"1",,,,,,"1",,
"Collsuspina","080706","2014","0",,,,,,"0",,,,,,,,
"Collsuspina","080706","2015","0",,,,,,"0",,,,,,,,
"Collsuspina","080706","2016","0",,,,,,"0",,,,,,,,
"Collsuspina","080706","2017","0",,,,,,"0",,,,,,,,
"Collsuspina","080706","2018","0",,,,,,"0",,,,,,,,
"Collsuspina","080706","2019","0",,,,,,"0",,,,,,,,
"Collsuspina","080706","2020","0",,,,,,"0",,,,,,,,
"Collsuspina","080706","2021","0",,,,,,"0",,,,,,,,
"Colomers","170558","2011","0",,,,,,"0",,,,,,,,
"Colomers","170558","2012","1","1",,,,,"1",,,,,,"1",,
"Colomers","170558","2013","2",,"2",,,,"2",,,,,,"2",,
"Colomers","170558","2014","0",,,,,,"0",,,,,,,,
"Colomers","170558","2015","0",,,,,,"0",,,,,,,,
"Colomers","170558","2016","0",,,,,,"0",,,,,,,,
"Colomers","170558","2017","0",,,,,,"0",,,,,,,,
"Colomers","170558","2018","0",,,,,,"0",,,,,,,,
"Colomers","170558","2019","2","2",,,,,"2",,,,,,"2",,
"Colomers","170558","2020","1",,"1",,,,"1",,,,,,"1",,
"Colomers","170558","2021","1",,"1",,,,"0","1",,,,,,,
"Colomers","170558","2022","6","2","4",,,,"6",,,,,,"6",,
"Colomers","170558","2023","3","1","2",,,,"3",,,,,,"3",,
"Conca de Dalt","251615","2011","0",,,,,,"0",,,,,,,,
"Conca de Dalt","251615","2012","1",,,"1","1",,"0",,,,,,,,
"Conca de Dalt","251615","2013","2",,,"2","2",,"0",,,,,,,,
"Conca de Dalt","251615","2014","1",,"1",,,,"1",,"1",,,,,,
"Conca de Dalt","251615","2015","2",,,"2","2",,"0",,,,,,,,
"Conca de Dalt","251615","2016","0",,,,,,"0",,,,,,,,
"Conca de Dalt","251615","2017","0",,,,,,"0",,,,,,,,
"Conca de Dalt","251615","2018","0",,,,,,"0",,,,,,,,
"Conca de Dalt","251615","2019","0",,,,,,"0",,,,,,,,
"Conca de Dalt","251615","2020","0",,,,,,"0",,,,,,,,
"Conca de Dalt","251615","2021","2",,,"2",,,"2",,,,,,"2",,
"Conca de Dalt","251615","2022","2",,"1","1","1",,"1",,"1",,,,,,
"Conca de Dalt","251615","2023","4","2","2",,,,"4",,"2",,,,"2",,
"Conesa","430461","2011","2",,,"2","2",,"0",,,,,,,,
"Conesa","430461","2012","0",,,,,,"0",,,,,,,,
"Conesa","430461","2013","0",,,,,,"0",,,,,,,,
"Conesa","430461","2014","0",,,,,,"0",,,,,,,,
"Conesa","430461","2015","0",,,,,,"0",,,,,,,,
"Conesa","430461","2016","0",,,,,,"0",,,,,,,,
"Conesa","430461","2017","0",,,,,,"0",,,,,,,,
"Conesa","430461","2018","0",,,,,,"0",,,,,,,,
"Conesa","430461","2019","0",,,,,,"0",,,,,,,,
"Conesa","430461","2020","0",,,,,,"0",,,,,,,,
"Conesa","430461","2021","0",,,,,,"0",,,,,,,,
"Constantí","430477","2011","178","62","57","59","40","23","113","2","8",,"64","6","32","3",
"Constantí","430477","2012","180","87","50","43","40","18","122",,"17","2","62","1","38","2",
"Constantí","430477","2013","220","64","113","43","40","23","157",,"24","3","91","2","37",,
"Constantí","430477","2014","175","26","79","70","38","22","114","1","12","2","55","5","40",,
"Constantí","430477","2015","159","104",,"55","27","15","117",,"10","2","68","2","35",,
"Constantí","430477","2016","206","147","39","20","16","19","171",,"5","2","135","4","25",,
"Constantí","430477","2017","244","184","36","24","62","30","151","1","6","1","113","3","25","3",
"Constantí","430477","2018","284","236","35","13","57","25","202",,"5","5","152","1","35","4",
"Constantí","430477","2019","241","163","58","20","23","18","193","7","18",,"146","1","24","4",
"Constantí","430477","2020","89","41","38","10","8","3","78",,"5",,"51",,"21","1",
"Constantí","430477","2021","97","46","37","14","9","8","69","11","2",,"41",,"23","3",
"Constantí","430477","2022","103","71","21","11","9","2","92","2",,"2","41","1","46",,
"Constantí","430477","2023","193","99","84","10","5","8","180","5",,"1","76",,"96","2",
"Copons","080713","2011","2",,,"2","2",,"0",,,,,,,,
"Copons","080713","2012","0",,,,,,"0",,,,,,,,
"Copons","080713","2013","1",,,"1",,,"0","1",,,,,,,
"Copons","080713","2014","1",,,"1",,,"0","1",,,,,,,
"Copons","080713","2015","2",,,"2","1",,"0","1",,,,,,,
"Copons","080713","2016","2",,,"2","2",,"0",,,,,,,,
"Copons","080713","2017","3","1",,"2","2",,"1",,"1",,,,,,
"Copons","080713","2018","3",,"2","1","1",,"2",,"2",,,,,,
"Copons","080713","2019","2",,"1","1","1",,"1",,"1",,,,,,
"Copons","080713","2020","0",,,,,,"0",,,,,,,,
"Copons","080713","2021","2",,"2",,,"2","0",,,,,,,,
"Copons","080713","2022","1","1",,,,,"1",,,,,,"1",,
"Copons","080713","2023","1","1",,,,,"1",,,,,,"1",,
"Corbera de Llobregat","080728","2011","193","46","61","86","57","32","102","2","3","5","14","3","69","8",
"Corbera de Llobregat","080728","2012","184","41","41","102","77","20","87",,"4","1","11","3","57","11",
"Corbera de Llobregat","080728","2013","139","10","42","87","59","31","48","1","3","1","2","1","37","3","1"
"Corbera de Llobregat","080728","2014","110","20","31","59","43","27","40",,"4","1","6",,"27",,"2"
"Corbera de Llobregat","080728","2015","132","32","23","77","52","28","52",,"2","1","20","1","25","1","2"
"Corbera de Llobregat","080728","2016","68","25","16","27","17","18","33",,"2","1","1",,"27","2",
"Corbera de Llobregat","080728","2017","134","28","43","63","42","33","59",,"6",,"3",,"49","1",
"Corbera de Llobregat","080728","2018","114","35","21","58","49","13","52",,"7","2","4",,"37","2",
"Corbera de Llobregat","080728","2019","135","44","53","38","37","6","92",,"2","2","17","1","70",,
"Corbera de Llobregat","080728","2020","105","55","39","11","7","10","88",,"1",,"17","1","66","3",
"Corbera de Llobregat","080728","2021","84","21","48","15","6","18","60",,"3",,"1",,"54","2",
"Corbera de Llobregat","080728","2022","148","73","57","18","5","6","137","9","3","1","11","3","107","3",
"Corbera de Llobregat","080728","2023","211","81","92","38","14","20","177","8","7","5","24","3","129","1",
"Corbera d'Ebre","430483","2011","29","24","1","4","1",,"28",,,,,,"7","21",
"Corbera d'Ebre","430483","2012","9","6",,"3","7",,"2",,,,,,"2",,
"Corbera d'Ebre","430483","2013","3","1",,"2","1",,"2",,,,,,"1","1",
"Corbera d'Ebre","430483","2014","32","31",,"1","1",,"31",,,,,,,"31",
"Corbera d'Ebre","430483","2015","0",,,,,,"0",,,,,,,,
"Corbera d'Ebre","430483","2016","3",,,"3","2","1","0",,,,,,,,
"Corbera d'Ebre","430483","2017","23","5","13","5","4","3","16",,,,,,"1","15",
"Corbera d'Ebre","430483","2018","12","2","3","7","3","4","5",,,,,,"1","4",
"Corbera d'Ebre","430483","2019","3","1",,"2","2",,"1",,,,,,"1",,
"Corbera d'Ebre","430483","2020","0",,,,,,"0",,,,,,,,
"Corbera d'Ebre","430483","2021","1","1",,,,,"1",,,,,,"1",,
"Corbera d'Ebre","430483","2022","3","2","1",,,,"3",,,,"1",,"1","1",
"Corbera d'Ebre","430483","2023","2",,"2",,"1",,"1",,,,,,"1",,
"Corbins","250788","2011","40","18","22",,,,"40",,,,"1","39",,,
"Corbins","250788","2012","26","20","4","2","1","1","24",,"2",,"2","20",,,
"Corbins","250788","2013","5","1",,"4",,"5","0",,,,,,,,
"Corbins","250788","2014","2",,,"2",,"2","0",,,,,,,,
"Corbins","250788","2015","0",,,,,,"0",,,,,,,,
"Corbins","250788","2016","6","4","2",,,,"6",,,"3",,"2","1",,
"Corbins","250788","2017","6",,"2","4","3",,"3",,,"3",,,,,
"Corbins","250788","2018","6",,,"6","4",,"2",,,"2",,,,,
"Corbins","250788","2019","3","1",,"2","1",,"2",,,,"1","1",,,
"Corbins","250788","2020","2",,,"2","1",,"1",,,,"1",,,,
"Corbins","250788","2021","8","6",,"2",,,"0","8",,,,,,,
"Corbins","250788","2022","12","3","2","7",,,"12","12",,,,,,,
"Corbins","250788","2023","5",,"4","1",,"2","3","3",,,,,,,
"Corçà","170577","2011","8",,"3","5","2","1","5",,"2","1",,,"2",,
"Corçà","170577","2012","3",,"1","2","1",,"2",,"2",,,,,,
"Corçà","170577","2013","4",,,"4","1",,"3",,"2",,,,"1",,
"Corçà","170577","2014","7","3",,"4",,,"7",,"2",,,,"2","3",
"Corçà","170577","2015","3",,,"3","1",,"2",,"1",,,,"1",,
"Corçà","170577","2016","4","1",,"3","3",,"1",,,,,,"1",,
"Corçà","170577","2017","6","4","1","1","1",,"5",,"2",,,,"3",,
"Corçà","170577","2018","4",,"3","1","1",,"3",,"1",,,,"2",,
"Corçà","170577","2019","0",,,,,,"0",,,,,,,,
"Corçà","170577","2020","3","3",,,,,"3",,"1",,,,"2",,
"Corçà","170577","2021","36","27","5","4",,,"6","30","1",,,,"5",,
"Corçà","170577","2022","4",,"3","1",,,"4","4",,,,,,,
"Corçà","170577","2023","4","1","1","2","2",,"2",,,,,,"2",,
"Cornellà de Llobregat","080734","2011","1,313","444","527","342","248","248","797","20","51","49","94","9","555","37","2"
"Cornellà de Llobregat","080734","2012","1,315","569","460","286","187","246","874","8","58","45","95","21","585","69","1"
"Cornellà de Llobregat","080734","2013","1,058","453","351","254","186","204","663","5","27","33","97","17","398","89","2"
"Cornellà de Llobregat","080734","2014","809","350","242","217","161","189","454","5","24","25","73","16","275","41",
"Cornellà de Llobregat","080734","2015","782","328","280","174","144","160","475","3","24","27","54","16","315","38","1"
"Cornellà de Llobregat","080734","2016","779","303","292","184","122","139","517","1","16","29","57","8","374","32","1"
"Cornellà de Llobregat","080734","2017","877","400","325","152","98","136","638","5","31","38","52","3","464","47","3"
"Cornellà de Llobregat","080734","2018","1,038","487","383","168","117","137","782","2","26","25","143","4","533","49","2"
"Cornellà de Llobregat","080734","2019","1,213","541","441","231","144","150","919",,"25","52","131","11","631","68","1"
"Cornellà de Llobregat","080734","2020","661","272","273","116","69","69","455","68","14","22","61","2","324","32",
"Cornellà de Llobregat","080734","2021","773","305","354","114","57","62","347","307","13","21","28","1","269","15",
"Cornellà de Llobregat","080734","2022","785","429","243","113","62","57","666","92","10","33","51","4","461","15",
"Cornellà de Llobregat","080734","2023","1,210","546","467","197","114","106","990","32","11","38","57","6","807","37","2"
"Cornellà del Terri","170561","2011","9","2","4","3","3",,"6",,,,,,"6",,
"Cornellà del Terri","170561","2012","10","2","3","5","5",,"5",,"2",,,,"3",,
"Cornellà del Terri","170561","2013","8","2","2","4","3",,"5",,"3",,"1",,"1",,
"Cornellà del Terri","170561","2014","7","1","1","5","3",,"4",,"1",,"2",,"1",,
"Cornellà del Terri","170561","2015","4","1","1","2","1",,"3",,,,"1",,"2",,
"Cornellà del Terri","170561","2016","2","1",,"1","1",,"1",,,,,,"1",,
"Cornellà del Terri","170561","2017","4","1","2","1","1",,"3",,,,"2",,"1",,
"Cornellà del Terri","170561","2018","3","1","1","1","1","1","1",,,,,,"1",,
"Cornellà del Terri","170561","2019","6",,"1","5","1","3","2",,"1",,,,"1",,
"Cornellà del Terri","170561","2020","3",,,"3","1","1","1",,,,,,"1",,
"Cornellà del Terri","170561","2021","4","1","3",,,,"4",,,,,,"4",,
"Cornellà del Terri","170561","2022","9","3","2","4","2",,"7",,,"1",,,"6",,
"Cornellà del Terri","170561","2023","12","2","3","7","2","1","9",,"4","1",,,"4",,
"Cornudella de Montsant","430496","2011","11","3","1","7","4",,"5","2","1",,,,,"4",
"Cornudella de Montsant","430496","2012","1",,,"1","1",,"0",,,,,,,,
"Cornudella de Montsant","430496","2013","1",,,"1",,"1","0",,,,,,,,
"Cornudella de Montsant","430496","2014","0",,,,,,"0",,,,,,,,
"Cornudella de Montsant","430496","2015","2",,,"2","1",,"1",,,,,,"1",,
"Cornudella de Montsant","430496","2016","1",,,"1",,,"1",,,,,,"1",,
"Cornudella de Montsant","430496","2017","3",,"1","2","1",,"2",,,,,,"2",,
"Cornudella de Montsant","430496","2018","5","2",,"3",,"2","3",,,,,,"2","1",
"Cornudella de Montsant","430496","2019","6",,,"6","1","3","2",,,,,,"2",,
"Cornudella de Montsant","430496","2020","2","1",,"1","1",,"1",,,,,,,"1",
"Cornudella de Montsant","430496","2021","5","2",,"3","2",,"1","2",,,,,"1",,
"Cornudella de Montsant","430496","2022","8","5","2","1","2",,"6","2",,"2",,,"2",,
"Cornudella de Montsant","430496","2023","15",,"4","11","13","1","1",,,,,,"1",,
"Creixell","430509","2011","9","2",,"7","3","4","2",,"1",,"1",,,,
"Creixell","430509","2012","8","4",,"4","1","3","4",,"1",,,,"3",,
"Creixell","430509","2013","3",,,"3",,,"3",,"3",,,,,,
"Creixell","430509","2014","3","1",,"2","1","1","1",,"1",,,,,,
"Creixell","430509","2015","1",,,"1","1",,"0",,,,,,,,
"Creixell","430509","2016","4","1",,"3","3","1","0",,,,,,,,
"Creixell","430509","2017","0",,,,,,"0",,,,,,,,
"Creixell","430509","2018","4","1","2","1",,"4","0",,,,,,,,
"Creixell","430509","2019","11","2","3","6","1","6","4",,,,,,"4",,
"Creixell","430509","2020","0",,,,,,"0",,,,,,,,
"Creixell","430509","2021","3","1",,"2",,,"0","3",,,,,,,
"Creixell","430509","2022","17","12","4","1","3","1","13","2",,"4","1",,"6",,
"Creixell","430509","2023","12",,"9","3","4","1","7",,"1","5",,,"1",,
"Crespià","170583","2011","1",,,"1","1",,"0",,,,,,,,
"Crespià","170583","2012","0",,,,,,"0",,,,,,,,
"Crespià","170583","2013","0",,,,,,"0",,,,,,,,
"Crespià","170583","2014","3","2",,"1","1",,"2",,,,,,"2",,
"Crespià","170583","2015","0",,,,,,"0",,,,,,,,
"Crespià","170583","2016","0",,,,,,"0",,,,,,,,
"Crespià","170583","2017","1",,,"1","1",,"0",,,,,,,,
"Crespià","170583","2018","0",,,,,,"0",,,,,,,,
"Crespià","170583","2019","1",,,"1","1",,"0",,,,,,,,
"Crespià","170583","2020","0",,,,,,"0",,,,,,,,
"Crespià","170583","2021","0",,,,,,"0",,,,,,,,
"Crespià","170583","2023","3","2",,"1","1",,"2",,,"2",,,,,
"Cruïlles, Monells i Sant Sadurní de l'Heura","179011","2011","15","1","11","3",,"5","10",,"1","2","2",,"5",,
"Cruïlles, Monells i Sant Sadurní de l'Heura","179011","2012","12","2","6","4",,"4","8",,"1","3","2",,"2",,
"Cruïlles, Monells i Sant Sadurní de l'Heura","179011","2013","10","1","4","5","1","2","7",,"1","2","1",,"3",,
"Cruïlles, Monells i Sant Sadurní de l'Heura","179011","2014","2",,,"2","1","1","0",,,,,,,,
"Cruïlles, Monells i Sant Sadurní de l'Heura","179011","2015","2","1","1",,,"1","1",,,,,,"1",,
"Cruïlles, Monells i Sant Sadurní de l'Heura","179011","2016","5",,"4","1",,"2","3",,"2","1",,,,,
"Cruïlles, Monells i Sant Sadurní de l'Heura","179011","2017","3","2","1",,,"1","2",,,,"1",,"1",,
"Cruïlles, Monells i Sant Sadurní de l'Heura","179011","2018","4","3","1",,,,"4",,,,"2","1","1",,
"Cruïlles, Monells i Sant Sadurní de l'Heura","179011","2019","5",,"4","1",,,"5",,"1","1","2","1",,,
"Cruïlles, Monells i Sant Sadurní de l'Heura","179011","2020","3",,"3",,,,"3",,"2",,,"1",,,
"Cruïlles, Monells i Sant Sadurní de l'Heura","179011","2021","18","13","2","3",,,"3","15","1",,"2",,,,
"Cruïlles, Monells i Sant Sadurní de l'Heura","179011","2022","50","29","19","2",,,"50","50",,,,,,,
"Cruïlles, Monells i Sant Sadurní de l'Heura","179011","2023","21","2","13","6","1","2","18","16",,,"1",,,"1",
"Cubelles","080749","2011","119","24","42","53","40","36","40","3","5","1",,"1","31",,"2"
"Cubelles","080749","2012","118","44","24","50","37","28","53",,"9",,"2",,"42",,
"Cubelles","080749","2013","91","17","32","42","33","20","37","1","4","1","1","1","29","1",
"Cubelles","080749","2014","73","18","19","36","27","18","27","1","4","1","3","1","17","1",
"Cubelles","080749","2015","79","40","18","21","14","19","45","1","3","9","7","2","22","1","1"
"Cubelles","080749","2016","90","35","33","22","14","15","61",,"2","13","16","3","27",,
"Cubelles","080749","2017","99","37","36","26","20","14","65",,"5","13","8","10","29",,
"Cubelles","080749","2018","103","37","32","34","21","14","68",,"5","11","13","3","33","3",
"Cubelles","080749","2019","127","47","56","24","14","20","93",,"1","13","14","7","57","1",
"Cubelles","080749","2020","55","9","33","13","8","12","32","3",,"2","5","1","24",,
"Cubelles","080749","2021","64","23","26","15","5","13","25","21","1","2","1","4","16","1",
"Cubelles","080749","2022","103","51","33","19","7","16","80","9","3","4","9","7","48",,
"Cubelles","080749","2023","132","50","52","30","18","15","99","2","7","6","10","11","61","2",
"Cubells","250791","2011","0",,,,,,"0",,,,,,,,
"Cubells","250791","2012","0",,,,,,"0",,,,,,,,
"Cubells","250791","2013","0",,,,,,"0",,,,,,,,
"Cubells","250791","2014","0",,,,,,"0",,,,,,,,
"Cubells","250791","2015","1",,,"1","1",,"0",,,,,,,,
"Cubells","250791","2016","1","1",,,,,"1",,,,,,"1",,
"Cubells","250791","2017","0",,,,,,"0",,,,,,,,
"Cubells","250791","2018","0",,,,,,"0",,,,,,,,
"Cubells","250791","2019","0",,,,,,"0",,,,,,,,
"Cubells","250791","2020","0",,,,,,"0",,,,,,,,
"Cubells","250791","2021","0",,,,,,"0",,,,,,,,
"Cunit","430516","2011","155","37","59","59","36","37","81","1","7","3","36",,"34","1",
"Cunit","430516","2012","75","28","20","27","10","18","47",,"1","4","6",,"35","1",
"Cunit","430516","2013","61","12","23","26","10","8","43",,"7","1","3",,"29","3",
"Cunit","430516","2014","86","31","33","22","14","7","64","1","4","5","22",,"30","3",
"Cunit","430516","2015","69","13","38","18","10","11","45","3","9",,"15",,"21",,
"Cunit","430516","2016","48","20","10","18","10","3","35",,"4",,"13",,"17",,"1"
"Cunit","430516","2017","33","9","12","12","7","1","24","1","2","1","4",,"16",,"1"
"Cunit","430516","2018","38","12","16","10","11","6","21",,,,"4",,"17",,
"Cunit","430516","2019","56","10","19","27","26","5","25",,,,"3",,"22",,
"Cunit","430516","2020","29","9","4","16","6","3","18","2",,"1","1",,"16",,
"Cunit","430516","2021","35","15","10","10","3","2","12","18",,"1",,,"11",,
"Cunit","430516","2022","35","12","14","9","4","4","27","8",,,"1",,"18",,
"Cunit","430516","2023","70","25","33","12","10","10","50","3","2","6","1",,"38",,
"Darnius","170600","2011","1",,"1",,,,"1",,,,,,"1",,
"Darnius","170600","2012","5",,,"5","4",,"1",,,,,,"1",,
"Darnius","170600","2013","7",,,"7","5",,"2",,,,,,"2",,
"Darnius","170600","2014","4",,,"4","3",,"1",,,,,,"1",,
"Darnius","170600","2015","2",,,"2","2",,"0",,,,,,,,
"Darnius","170600","2016","1",,,"1","1",,"0",,,,,,,,
"Darnius","170600","2017","1",,,"1","1",,"0",,,,,,,,
"Darnius","170600","2018","0",,,,,,"0",,,,,,,,
"Darnius","170600","2019","3","1","2",,,"2","1",,"1",,,,,,
"Darnius","170600","2020","3",,"3",,,"2","1",,"1",,,,,,
"Darnius","170600","2021","1",,"1",,,,"1",,"1",,,,,,
"Darnius","170600","2022","2",,"2",,,,"2",,"2",,,,,,
"Das","170617","2011","0",,,,,,"0",,,,,,,,
"Das","170617","2012","0",,,,,,"0",,,,,,,,
"Das","170617","2013","1",,,"1","1",,"0",,,,,,,,
"Das","170617","2014","1",,,"1","1",,"0",,,,,,,,
"Das","170617","2015","2",,,"2","2",,"0",,,,,,,,
"Das","170617","2016","1",,,"1","1",,"0",,,,,,,,
"Das","170617","2017","0",,,,,,"0",,,,,,,,
"Das","170617","2018","0",,,,,,"0",,,,,,,,
"Das","170617","2019","0",,,,,,"0",,,,,,,,
"Das","170617","2020","0",,,,,,"0",,,,,,,,
"Das","170617","2021","0",,,,,,"0",,,,,,,,
"Deltebre","439018","2011","54","44","2","8","4","2","48",,"12","6","15","4","4","7",
"Deltebre","439018","2012","41","30","3","8","5","3","33",,"8","3","5",,"8","9",
"Deltebre","439018","2013","17","9","2","6",,"6","11",,"8","3",,,,,
"Deltebre","439018","2014","36","31","3","2","1","5","30",,"5",,"10",,"5","10",
"Deltebre","439018","2015","26","18","2","6","2","5","19",,,,"8","2","5","4",
"Deltebre","439018","2016","18","1","5","12","7","2","9",,"1",,"3",,"5",,
"Deltebre","439018","2017","27","7","5","15","11",,"16",,"3",,"8","1","3","1",
"Deltebre","439018","2018","27","21",,"6","4",,"23",,"1",,"14","1","2","5",
"Deltebre","439018","2019","31","25",,"6","6","3","22",,,"1","9","3","7","2",
"Deltebre","439018","2020","20","16",,"4","2",,"16","2",,,"5",,"4","7",
"Deltebre","439018","2021","23","16","7",,,,"16","7","1","1","7",,"7",,
"Deltebre","439018","2022","7","4","1","2",,"3","4",,,,"1",,"1","2",
"Deltebre","439018","2023","15","10","1","4","3","2","10",,"1",,,,"8","1",
"Dosrius","080752","2011","9","1","2","6","5","2","2",,,,,,"2",,
"Dosrius","080752","2012","12","7","4","1","3","7","1","1",,,,,"1",,
"Dosrius","080752","2013","8","1","7",,"2","2","4",,,,,,"4",,
"Dosrius","080752","2014","2","1","1",,,,"2",,,,,,"2",,
"Dosrius","080752","2015","14","3","6","5","2","3","9",,,,,,"9",,
"Dosrius","080752","2016","14","2","6","6","2","4","8",,,,,,"8",,
"Dosrius","080752","2017","11","3","4","4","2","4","5",,,,"2",,"3",,
"Dosrius","080752","2018","22","2","6","14","8","7","7",,,,"2",,"4","1",
"Dosrius","080752","2019","49","33","7","9",,"3","46",,,,"28","6","12",,
"Dosrius","080752","2020","14","6","6","2",,"1","13",,,,"8","3","2",,
"Dosrius","080752","2021","21","8","10","3","1",,"12","8",,,"6","4","2",,
"Dosrius","080752","2022","6",,"4","2",,"1","5","2",,,"1","1","1",,
"Dosrius","080752","2023","10","2","1","7","5","2","3",,,,,,"3",,
"Duesaigües","430537","2011","1",,,"1","1",,"0",,,,,,,,
"Duesaigües","430537","2012","1",,,"1","1",,"0",,,,,,,,
"Duesaigües","430537","2013","0",,,,,,"0",,,,,,,,
"Duesaigües","430537","2014","0",,,,,,"0",,,,,,,,
"Duesaigües","430537","2015","1",,,"1","1",,"0",,,,,,,,
"Duesaigües","430537","2016","1",,,"1","1",,"0",,,,,,,,
"Duesaigües","430537","2017","0",,,,,,"0",,,,,,,,
"Duesaigües","430537","2018","0",,,,,,"0",,,,,,,,
"Duesaigües","430537","2019","0",,,,,,"0",,,,,,,,
"Duesaigües","430537","2020","0",,,,,,"0",,,,,,,,
"Duesaigües","430537","2021","0",,,,,,"0",,,,,,,,
"Duesaigües","430537","2022","1",,,"1","1",,,,,,,,,,
"El Bruc","080253","2011","5",,"2","3","1","1","2","1","1",,,,"1",,
"El Bruc","080253","2012","7",,"1","6","7",,"0",,,,,,,,
"El Bruc","080253","2013","3","2",,"1","1",,"2",,,,,,"2",,
"El Bruc","080253","2014","10","2","4","4","2","2","6",,"1",,,,"5",,
"El Bruc","080253","2015","8","1",,"7","3","5","0",,,,,,,,
"El Bruc","080253","2016","9",,"4","5","2","6","1",,,,,,"1",,
"El Bruc","080253","2017","12","5","2","5","5","4","3",,,,,,"2","1",
"El Bruc","080253","2018","18","3","5","10","8","3","7",,,,"2",,"3","2",
"El Bruc","080253","2019","16",,"6","10","6","5","5",,,,"1",,"4",,
"El Bruc","080253","2020","1",,,"1",,"1","0",,,,,,,,
"El Bruc","080253","2021","8","4","2","2",,,"3","5",,,,,"3",,
"el Bruc","080253","2022","22","1","13","8","1","4","17","7",,"3",,,"7",,
"el Bruc","080253","2023","33",,"12","21","8","7","18","9",,"1",,,"8",,
"El Catllar","430430","2011","15",,"5","10","6","3","6",,,"2",,,"4",,
"El Catllar","430430","2012","22","5","5","12","7","2","13",,"3","2","3",,"5",,
"El Catllar","430430","2013","9",,"4","5","4",,"4","1",,,,,"4",,
"El Catllar","430430","2014","7",,"2","5","1",,"6",,"1","3",,,"2",,
"El Catllar","430430","2015","7",,"1","6","3","1","3",,,,,,"3",,
"El Catllar","430430","2016","22","2","8","12","6","2","14",,"5","3",,,"6",,
"El Catllar","430430","2017","17","1","7","9","3","2","12",,"6","2",,,"4",,
"El Catllar","430430","2018","22","3","5","14","6","8","8",,"2",,,,"6",,
"El Catllar","430430","2019","15","2","5","8","2","11","1","1",,"1",,,,,
"El Catllar","430430","2020","7",,"1","6","3","2","1","1",,,,,"1",,
"El Catllar","430430","2021","4",,,"4","1","1","0","2",,,,,,,
"el Catllar","430430","2022","10","1","4","5","2",,"8","4",,,"2",,"2",,
"el Catllar","430430","2023","39","10","17","12","6","9","24","3","2",,"7",,"11",,"1"
"El Far d'Empordà","170059","2011","7","1","4","2","2","1","4",,,,"2",,"2",,
"El Far d'Empordà","170059","2012","9","1","4","4","3","4","2",,,,,,"2",,
"El Far d'Empordà","170059","2013","2",,"2",,,"1","1",,,,,,"1",,
"El Far d'Empordà","170059","2014","0",,,,,,"0",,,,,,,,
"El Far d'Empordà","170059","2015","1","1",,,,,"1",,,,,,,"1",
"El Far d'Empordà","170059","2016","0",,,,,,"0",,,,,,,,
"El Far d'Empordà","170059","2017","2","1","1",,"1",,"1",,,,,,"1",,
"El Far d'Empordà","170059","2018","0",,,,,,"0",,,,,,,,
"El Far d'Empordà","170059","2019","1",,"1",,,,"1",,,,,,"1",,
"El Far d'Empordà","170059","2020","15","15",,,,,"15",,,,"1","1","9","4",
"El Far d'Empordà","170059","2021","2",,"2",,,,"2",,,,,"1",,"1",
"el Far d'Empordà","170059","2022","4","2",,"2","1",,"3","1",,,,,,,"2"
"el Far d'Empordà","170059","2023","5","4",,"1","1","1","3",,,,,,"2","1",
"El Lloar","430727","2011","0",,,,,,"0",,,,,,,,
"El Lloar","430727","2012","0",,,,,,"0",,,,,,,,
"El Lloar","430727","2013","0",,,,,,"0",,,,,,,,
"El Lloar","430727","2014","0",,,,,,"0",,,,,,,,
"El Lloar","430727","2015","0",,,,,,"0",,,,,,,,
"El Lloar","430727","2016","0",,,,,,"0",,,,,,,,
"El Lloar","430727","2017","0",,,,,,"0",,,,,,,,
"El Lloar","430727","2018","0",,,,,,"0",,,,,,,,
"El Lloar","430727","2019","1","1",,,,,"1",,,,,"1",,,
"El Lloar","430727","2020","0",,,,,,"0",,,,,,,,
"El Lloar","430727","2021","2","1","1",,,,"2",,,,,,"2",,
"El Lloar","430727","2023","1","1",,,,,"1",,,,,,"1",,
"El Masnou","081189","2011","136","32","19","85","40","36","58","2","12","4","2",,"39","1",
"El Masnou","081189","2012","183","65","61","57","34","38","108","3","13","8","6","2","76","3",
"El Masnou","081189","2013","225","63","72","90","48","45","126","6","18","7","27","4","66","4",
"El Masnou","081189","2014","177","13","89","75","46","42","87","2","8","5","9",,"58","2","5"
"El Masnou","081189","2015","168","43","29","96","53","41","73","1","12","6","3","1","42","5","4"
"El Masnou","081189","2016","230","34","84","112","61","49","120",,"24","16","8",,"66","3","3"
"El Masnou","081189","2017","210","34","82","94","56","32","122",,"9","14","5","1","83","7","3"
"El Masnou","081189","2018","199","51","64","84","45","30","123","1","19","9","12",,"75","5","3"
"El Masnou","081189","2019","226","98","70","58","29","17","178","2","25","6","65","3","74","4","1"
"El Masnou","081189","2020","93","24","44","25","9","10","54","20","18","1","6","3","25","1",
"El Masnou","081189","2021","154","55","57","42","6","16","69","63","12","1","22","2","31","1",
"el Masnou","081189","2022","138","56","58","24","13","9","116","18","8","8","5","2","69","5","1"
"el Masnou","081189","2023","171","71","64","36","12","18","141","10","12","14","4","2","91","4","4"
"el Masroig","430825","2011","7",,,"7","5",,"2",,"2",,,,,,
"el Masroig","430825","2012","2",,,"2","2",,"0",,,,,,,,
"el Masroig","430825","2013","6","6",,,,,"6",,,,,"1","1",,"4"
"el Masroig","430825","2014","1",,,"1",,"1","0",,,,,,,,
"el Masroig","430825","2015","4",,,"4","2","2","0",,,,,,,,
"el Masroig","430825","2016","6","1",,"5","2","2","2",,"1",,,,,,"1"
"el Masroig","430825","2017","4",,,"4","1","1","2",,"2",,,,,,
"el Masroig","430825","2018","2",,,"2",,,"2",,"2",,,,,,
"el Masroig","430825","2019","27","23","4",,,,"27",,"1",,"23","3",,,
"el Masroig","430825","2020","10","5","5",,,,"10",,,,"9","1",,,
"el Masroig","430825","2021","9","8","1",,,"1","8",,,,"6","1",,"1",
"el Masroig","430825","2022","3","3",,,,,"3",,,,"3",,,,
"El Milà","430831","2011","1",,,"1",,"1","0",,,,,,,,
"El Milà","430831","2012","0",,,,,,"0",,,,,,,,
"El Milà","430831","2013","0",,,,,,"0",,,,,,,,
"El Milà","430831","2014","1",,"1",,,,"1",,,,,"1",,,
"El Milà","430831","2015","0",,,,,,"0",,,,,,,,
"El Milà","430831","2016","0",,,,,,"0",,,,,,,,
"El Milà","430831","2017","0",,,,,,"0",,,,,,,,
"El Milà","430831","2018","0",,,,,,"0",,,,,,,,
"El Milà","430831","2019","0",,,,,,"0",,,,,,,,
"El Milà","430831","2020","0",,,,,,"0",,,,,,,,
"El Milà","430831","2021","0",,,,,,"0",,,,,,,,
"El Milà","430831","2022","2",,"2",,,,"2",,,,,,"2",,
"El Molar","430859","2011","1",,"1",,,,"1",,,,"1",,,,
"El Molar","430859","2012","0",,,,,,"0",,,,,,,,
"El Molar","430859","2013","0",,,,,,"0",,,,,,,,
"El Molar","430859","2014","0",,,,,,"0",,,,,,,,
"El Molar","430859","2015","0",,,,,,"0",,,,,,,,
"El Molar","430859","2016","0",,,,,,"0",,,,,,,,
"El Molar","430859","2017","0",,,,,,"0",,,,,,,,
"El Molar","430859","2018","0",,,,,,"0",,,,,,,,
"El Molar","430859","2019","0",,,,,,"0",,,,,,,,
"El Molar","430859","2020","0",,,,,,"0",,,,,,,,
"El Molar","430859","2021","0",,,,,,"0",,,,,,,,
"El Montmell","430901","2011","3","1","1","1","1","1","1",,,,,,"1",,
"El Montmell","430901","2012","1","1",,,,,"1",,,,,,"1",,
"El Montmell","430901","2013","0",,,,,,"0",,,,,,,,
"El Montmell","430901","2014","1",,,"1","1",,"0",,,,,,,,
"El Montmell","430901","2015","0",,,,,,"0",,,,,,,,
"El Montmell","430901","2016","2","2",,,,,"2",,"2",,,,,,
"El Montmell","430901","2017","0",,,,,,"0",,,,,,,,
"El Montmell","430901","2018","1",,,"1",,,"1",,"1",,,,,,
"El Montmell","430901","2019","2",,,"2",,,"2",,"2",,,,,,
"El Montmell","430901","2020","4",,"1","3",,,"4",,"4",,,,,,
"El Montmell","430901","2021","0",,,,,,"0",,,,,,,,
"El Morell","430957","2011","17","3","2","12","4","6","7",,"2","1","1",,"3",,
"El Morell","430957","2012","10","1","2","7","3","4","3",,,"1",,,"2",,
"El Morell","430957","2013","7","2","2","3",,"1","6",,,,,,"4","2",
"El Morell","430957","2014","0",,,,,,"0",,,,,,,,
"El Morell","430957","2015","1",,,"1","1",,"0",,,,,,,,
"El Morell","430957","2016","7","2","4","1",,"1","6",,,,"2",,"3","1",
"El Morell","430957","2017","18","6","9","3",,"2","16",,,"5",,,"10","1",
"El Morell","430957","2018","27","3","14","10","7","6","14",,,"4","1",,"8","1",
"El Morell","430957","2019","16","2","2","12","3","2","11",,,"3","2",,"6",,
"El Morell","430957","2020","14","1","3","10",,"2","11","1",,"1","2",,"8",,
"El Morell","430957","2021","11","2","1","8",,"2","7","2",,,,,"7",,
"el Morell","430957","2022","7","2","2","3",,"2","5","1",,"1",,,"3",,
"el Morell","430957","2023","16","1","5","10","3","6","7","2",,"2",,,"3",,
"El Palau d'Anglesola","251581","2011","3",,"2","1","1",,"2",,,,,"1","1",,
"El Palau d'Anglesola","251581","2012","3","1",,"2","2","1","0",,,,,,,,
"El Palau d'Anglesola","251581","2013","1",,,"1",,"1","0",,,,,,,,
"El Palau d'Anglesola","251581","2014","2",,,"2",,"2","0",,,,,,,,
"El Palau d'Anglesola","251581","2015","0",,,,,,"0",,,,,,,,
"El Palau d'Anglesola","251581","2016","0",,,,,,"0",,,,,,,,
"El Palau d'Anglesola","251581","2017","2",,,"2","2",,"0",,,,,,,,
"El Palau d'Anglesola","251581","2018","3",,,"3","3",,"0",,,,,,,,
"El Palau d'Anglesola","251581","2019","1",,,"1","1",,"0",,,,,,,,
"El Palau d'Anglesola","251581","2020","2",,,"2","2",,"0",,,,,,,,
"El Palau d'Anglesola","251581","2021","1",,,"1",,,"0","1",,,,,,,
"el Palau d'Anglesola","251581","2022","11",,"2","9","1","1","9","7",,,"2",,,,
"el Palau d'Anglesola","251581","2023","13",,"3","10","5","3","5","3",,,"2",,,,
"El Papiol","081580","2011","72","26","7","39","31","15","24","2","3",,"10",,"8","3",
"El Papiol","081580","2012","48","20","8","20","14","11","23",,"5",,"7",,"9","2",
"El Papiol","081580","2013","19",,"15","4","4","5","10",,"5",,"1",,"4",,
"El Papiol","081580","2014","14","6","4","4","3","3","8",,"3",,"2",,"3",,
"El Papiol","081580","2015","14","3","4","7","5","5","4",,,,"1",,"3",,
"El Papiol","081580","2016","8",,"4","4","2","4","2",,,,"2",,,,
"El Papiol","081580","2017","11","3","4","4","4","4","3",,,,,,"3",,
"El Papiol","081580","2018","13","4","4","5","4","3","6",,,,"1",,"5",,
"El Papiol","081580","2019","20","9","6","5","4","3","13",,,,"3",,"10",,
"El Papiol","081580","2020","23","9","2","12","6","6","11",,,,"2",,"9",,
"El Papiol","081580","2021","21","4","10","7","6",,"11","4",,,"1",,"10",,
"el Papiol","081580","2022","21","14","4","3","3",,"18","1",,"6","2",,"8","1",
"el Papiol","081580","2023","29","12","10","7","5","1","23",,,,"2",,"20","1",
"El Perelló","431042","2011","6",,"1","5","1",,"3","2","1",,,,"2",,
"El Perelló","431042","2012","5","5",,,,,"5",,,,"2","1",,"2",
"El Perelló","431042","2013","2","2",,,,,"2",,,,,"1",,"1",
"El Perelló","431042","2014","0",,,,,,"0",,,,,,,,
"El Perelló","431042","2015","3","1","2",,,,"3",,,,"1",,"2",,
"El Perelló","431042","2016","3",,"2","1",,,"3",,,,,,"3",,
"El Perelló","431042","2017","11","5","2","4","2",,"9",,"4",,"4",,"1",,
"El Perelló","431042","2018","3","1","1","1",,,"3",,"2",,,,"1",,
"El Perelló","431042","2019","12","8",,"4","4",,"8",,"1",,"5","1","1",,
"El Perelló","431042","2020","9","3",,"6","6",,"3",,"2",,"1",,,,
"El Perelló","431042","2021","0",,,,,,"0",,,,,,,,
"el Perelló","431042","2022","1",,,"1","1",,,,,,,,,,
"el Perelló","431042","2023","7","3",,"4","2",,"5",,"2",,,,"3",,
"El Pinell de Brai","431068","2011","4","3",,"1","1",,"0","3",,,,,,,
"El Pinell de Brai","431068","2012","6","2",,"4","4",,"2",,"2",,,,,,
"El Pinell de Brai","431068","2013","29","27",,"2","24","3","2",,,,,,"2",,
"El Pinell de Brai","431068","2014","0",,,,,,"0",,,,,,,,
"El Pinell de Brai","431068","2015","7","5",,"2","2",,"5",,"5",,,,,,
"El Pinell de Brai","431068","2016","12","4","5","3","3",,"9",,"9",,,,,,
"El Pinell de Brai","431068","2017","5","1","3","1",,,"5",,"5",,,,,,
"El Pinell de Brai","431068","2018","8","2",,"6","2",,"6",,"6",,,,,,
"El Pinell de Brai","431068","2019","9","1","4","4","1",,"8",,"8",,,,,,
"El Pinell de Brai","431068","2020","4","1",,"3","2",,"2",,"1",,,,"1",,
"El Pinell de Brai","431068","2021","1","1",,,,,"1",,,,,,"1",,
"el Pinell de Brai","431068","2022","1",,"1",,"1",,,,,,,,,,
"el Pinell de Brai","431068","2023","3","1",,"2",,,"3",,"2",,,"1",,,
"El Pla de Santa Maria","431080","2011","6","2","3","1","2","1","3",,"1",,,"1","1",,
"El Pla de Santa Maria","431080","2012","6","1","2","3","4",,"2",,,,,"1","1",,
"El Pla de Santa Maria","431080","2013","5","2","1","2","1",,"4",,,"1",,"1","2",,
"El Pla de Santa Maria","431080","2014","5",,"4","1",,,"5",,,,,"3","2",,
"El Pla de Santa Maria","431080","2015","5","1",,"4","2",,"3",,"1",,,,"2",,
"El Pla de Santa Maria","431080","2016","7","1","2","4","4",,"3",,"3",,,,,,
"El Pla de Santa Maria","431080","2017","6","3",,"3","3",,"3",,"1",,"2",,,,
"El Pla de Santa Maria","431080","2018","21","18",,"3","3",,"18",,,,"18",,,,
"El Pla de Santa Maria","431080","2019","63","49","5","9","6","5","52",,,"2","42","1","6","1",
"El Pla de Santa Maria","431080","2020","18","12","3","3","1",,"17",,,,"12",,"5",,
"El Pla de Santa Maria","431080","2021","11","4","6","1",,"3","5","3",,,"2",,"3",,
"el Pla de Santa Maria","431080","2022","10","6","3","1","1","2","7",,,,"2",,"5",,
"el Pla de Santa Maria","431080","2023","6",,"3","3",,,"6",,,,,,"6",,
"El Pla del Penedès","081640","2011","1",,,"1",,,"1",,"1",,,,,,
"El Pla del Penedès","081640","2012","2",,,"2","2",,"0",,,,,,,,
"El Pla del Penedès","081640","2013","10","4",,"6","6","1","3",,,,"1",,"2",,
"El Pla del Penedès","081640","2014","7","3","1","3","3","2","2",,,,,"1","1",,
"El Pla del Penedès","081640","2015","3","1","2",,,"3","0",,,,,,,,
"El Pla del Penedès","081640","2016","2",,"1","1",,"2","0",,,,,,,,
"El Pla del Penedès","081640","2017","3",,,"3","1","2","0",,,,,,,,
"El Pla del Penedès","081640","2018","2","1",,"1",,"1","1",,,,"1",,,,
"El Pla del Penedès","081640","2019","2",,,"2",,"2","0",,,,,,,,
"El Pla del Penedès","081640","2020","0",,,,,,"0",,,,,,,,
"El Pla del Penedès","081640","2021","3","3",,,,,"0","3",,,,,,,
"El Pla del Penedès","081640","2022","6","2","3","1",,"1","5","1",,,"3",,"1",,
"El Pla del Penedès","081640","2023","8","2","4","2",,"2","6",,,,"4",,"2",,
"El Poal","251689","2011","2",,,"2","2",,"0",,,,,,,,
"El Poal","251689","2012","4",,"2","2","2",,"2",,,"2",,,,,
"El Poal","251689","2013","1",,"1",,,,"1",,,"1",,,,,
"El Poal","251689","2014","0",,,,,,"0",,,,,,,,
"El Poal","251689","2015","0",,,,,,"0",,,,,,,,
"El Poal","251689","2016","0",,,,,,"0",,,,,,,,
"El Poal","251689","2017","0",,,,,,"0",,,,,,,,
"El Poal","251689","2018","2",,"1","1",,"2","0",,,,,,,,
"El Poal","251689","2019","2",,,"2",,"2","0",,,,,,,,
"El Poal","251689","2020","2","1","1",,,"1","1",,,,,,"1",,
"El Poal","251689","2021","1",,,"1",,"1","0",,,,,,,,
"el Poal","251689","2022","14","12",,"2",,,"14","2",,,"9","2","1",,
"El Pont d'Armentera","431135","2011","1",,"1",,,,"1",,,,,,"1",,
"El Pont d'Armentera","431135","2012","0",,,,,,"0",,,,,,,,
"El Pont d'Armentera","431135","2013","0",,,,,,"0",,,,,,,,
"El Pont d'Armentera","431135","2014","3",,,"3","3",,"0",,,,,,,,
"El Pont d'Armentera","431135","2015","2",,,"2","2",,"0",,,,,,,,
"El Pont d'Armentera","431135","2016","2","2",,,,,"2",,,,,,"2",,
"El Pont d'Armentera","431135","2017","1","1",,,,,"1",,,,"1",,,,
"El Pont d'Armentera","431135","2018","4","3",,"1","1",,"3",,,,"2",,"1",,
"El Pont d'Armentera","431135","2019","7","1","6",,,,"7",,,,"2",,"5",,
"El Pont d'Armentera","431135","2020","1",,"1",,,,"1",,,,,,"1",,
"El Pont d'Armentera","431135","2021","0",,,,,,"0",,,,,,,,
"El Pont de Bar","250306","2023","4","2","1","1","1",,"3",,,"1",,,"2",,
"El Pont de Suert","251734","2011","11",,"1","10","9","2","0",,,,,,,,
"El Pont de Suert","251734","2012","13",,"5","8","7","5","0","1",,,,,,,
"El Pont de Suert","251734","2013","37","18",,"19","16","9","12",,"3",,"3",,"6",,
"El Pont de Suert","251734","2014","4",,,"4","2","2","0",,,,,,,,
"El Pont de Suert","251734","2015","5",,,"5","4","1","0",,,,,,,,
"El Pont de Suert","251734","2016","11","6",,"5","3","3","5",,"3",,,,"2",,
"El Pont de Suert","251734","2017","22","5","10","7","2","13","7",,"6",,,,"1",,
"El Pont de Suert","251734","2018","26","10","5","11","5","7","13","1","2","4","3",,"4",,
"El Pont de Suert","251734","2019","12",,"4","8","5","3","4",,,"2",,,"2",,
"El Pont de Suert","251734","2020","40","11","11","18","6","12","20","2","2","2","1",,"15",,
"El Pont de Suert","251734","2021","21","2","10","9","8","5","6","2","4",,,,"2",,
"el Pont de Suert","251734","2022","29","23","3","3","6","3","20","1",,,"4",,"14",,"1"
"el Pont de Suert","251734","2023","50","9","37","4","16","2","32","3",,,,,"27",,"2"
"El Pont de Vilomara i Rocafort","081825","2011","4",,"2","2","1","1","2",,"1",,,,"1",,
"El Pont de Vilomara i Rocafort","081825","2012","6",,"4","2","1","2","3",,"1",,,,"2",,
"El Pont de Vilomara i Rocafort","081825","2013","7",,"2","5","1","3","3",,,,,,"3",,
"El Pont de Vilomara i Rocafort","081825","2014","4",,"2","2","2",,"2",,,,,,"2",,
"El Pont de Vilomara i Rocafort","081825","2015","1",,,"1",,,"1",,,,,,"1",,
"El Pont de Vilomara i Rocafort","081825","2016","3",,"1","2","1",,"2",,,,,"1","1",,
"El Pont de Vilomara i Rocafort","081825","2017","4","1",,"3","2",,"2",,,,,,"2",,
"El Pont de Vilomara i Rocafort","081825","2018","2",,,"2","2",,"0",,,,,,,,
"El Pont de Vilomara i Rocafort","081825","2019","10","1","3","6","5",,"5",,"2",,,,"3",,
"El Pont de Vilomara i Rocafort","081825","2020","5",,"5",,,,"5",,"3",,,,"2",,
"El Pont de Vilomara i Rocafort","081825","2021","1",,"1",,,,"1",,"1",,,,,,
"el Pont de Vilomara i Rocafort","081825","2022","1",,"1",,,,"1",,,,,,"1",,
"el Pont de Vilomara i Rocafort","081825","2023","4","2","2",,,"2","2",,,,,,"2",,
"El Port de la Selva","171404","2011","13","11","2",,,"1","12",,,,"7","1","4",,
"El Port de la Selva","171404","2012","20","1","19",,,,"20",,"2","1","15","2",,,
"El Port de la Selva","171404","2013","9","1","8",,,,"9",,,"1","6","1","1",,
"El Port de la Selva","171404","2014","2","2",,,,,"2",,,,"1",,"1",,
"El Port de la Selva","171404","2015","2","2",,,,,"2",,"1",,,"1",,,
"El Port de la Selva","171404","2016","1",,"1",,,,"1",,,"1",,,,,
"El Port de la Selva","171404","2017","0",,,,,,"0",,,,,,,,
"El Port de la Selva","171404","2018","1",,,"1","1",,"0",,,,,,,,
"El Port de la Selva","171404","2019","4","1",,"3","3","1","0",,,,,,,,
"El Port de la Selva","171404","2020","2","1",,"1","1","1","0",,,,,,,,
"El Port de la Selva","171404","2021","6","4","2",,,,"0","6",,,,,,,
"el Port de la Selva","171404","2022","12","11",,"1","1",,"11",,"1","2",,"1","7",,
"el Port de la Selva","171404","2023","14","5","9",,,,"14",,"4","6",,,"4",,
"El Prat de Llobregat","081691","2011","548","108","110","330","226","132","180","10","24","7","14","1","132","1","1"
"El Prat de Llobregat","081691","2012","547","135","137","275","178","152","215","2","17","10","39","2","137","9","1"
"El Prat de Llobregat","081691","2013","460","104","134","222","140","154","162","4","19","15","24",,"99","5",
"El Prat de Llobregat","081691","2014","406","45","157","204","113","162","130","1","20","6","15","2","79","8",
"El Prat de Llobregat","081691","2015","394","101","140","153","89","138","161","6","23","1","17","1","113","6",
"El Prat de Llobregat","081691","2016","445","111","168","166","98","130","215","2","29","6","26","4","141","9",
"El Prat de Llobregat","081691","2017","408","110","152","146","96","85","227",,"24","9","32","3","138","20","1"
"El Prat de Llobregat","081691","2018","522","166","192","164","120","92","310",,"22","15","50","4","199","20",
"El Prat de Llobregat","081691","2019","551","184","217","150","106","101","344",,"29","9","54","10","233","8","1"
"El Prat de Llobregat","081691","2020","376","121","149","106","59","65","242","10","26","9","25","3","165","11","3"
"El Prat de Llobregat","081691","2021","447","173","182","92","41","74","282","50","19","12","51","6","178","13","3"
"el Prat de Llobregat","081691","2022","360","147","124","89","35","58","267","9","17","6","30","4","191","10",
"el Prat de Llobregat","081691","2023","519","147","257","115","69","96","354","5","10","6","13","2","306","12",
"el Rourell","431346","2011","9",,,"9","7",,"2",,,,,,"2",,
"el Rourell","431346","2012","1",,,"1","1",,"0",,,,,,,,
"el Rourell","431346","2013","0",,,,,,"0",,,,,,,,
"el Rourell","431346","2014","1",,,"1",,,"1",,,,,,"1",,
"el Rourell","431346","2015","0",,,,,,"0",,,,,,,,
"el Rourell","431346","2016","0",,,,,,"0",,,,,,,,
"el Rourell","431346","2017","1","1",,,,,"1",,,,"1",,,,
"el Rourell","431346","2018","0",,,,,,"0",,,,,,,,
"el Rourell","431346","2019","1","1",,,,,"1",,,"1",,,,,
"el Rourell","431346","2020","1",,"1",,,,"1",,,"1",,,,,
"el Rourell","431346","2021","1",,,"1",,,"0","1",,,,,,,
"el Rourell","431346","2022","2","1",,"1",,,"2","2",,,,,,,
"El Soleràs","252069","2011","0",,,,,,"0",,,,,,,,
"El Soleràs","252069","2012","0",,,,,,"0",,,,,,,,
"El Soleràs","252069","2013","0",,,,,,"0",,,,,,,,
"El Soleràs","252069","2014","0",,,,,,"0",,,,,,,,
"El Soleràs","252069","2015","2","2",,,,,"2",,,,"2",,,,
"El Soleràs","252069","2016","0",,,,,,"0",,,,,,,,
"El Soleràs","252069","2017","0",,,,,,"0",,,,,,,,
"El Soleràs","252069","2018","0",,,,,,"0",,,,,,,,
"El Soleràs","252069","2019","0",,,,,,"0",,,,,,,,
"El Soleràs","252069","2020","1","1",,,,,"1",,,,,"1",,,
"El Soleràs","252069","2021","0",,,,,,"0",,,,,,,,
"El Vendrell","431634","2011","470","164","130","176","107","83","276","4","28","15","68","1","157","6","1"
"El Vendrell","431634","2012","363","93","115","155","95","73","195",,"26","9","42","1","112","3","2"
"El Vendrell","431634","2013","331","60","120","151","81","69","181",,"34","7","35","1","98","5","1"
"El Vendrell","431634","2014","265","85","62","118","76","56","132","1","26","4","44","1","51","6",
"El Vendrell","431634","2015","287","93","82","112","66","55","166",,"27","9","56","1","64","9",
"El Vendrell","431634","2016","282","72","96","114","81","47","154",,"21","15","52",,"57","8","1"
"El Vendrell","431634","2017","288","67","122","99","66","54","168",,"25","15","28",,"92","5","3"
"El Vendrell","431634","2018","284","67","117","100","55","45","184",,"30","13","40",,"93","7","1"
"El Vendrell","431634","2019","290","93","100","97","56","29","205",,"33","14","48","2","98","10",
"El Vendrell","431634","2020","234","82","72","80","37","31","146","20","14","13","39","3","69","8",
"El Vendrell","431634","2021","314","146","93","75","26","27","138","123","8","16","50",,"58","6",
"el Vendrell","431634","2022","305","198","57","50","14","20","271","26","7","22","108","5","99","2","2"
"el Vendrell","431634","2023","390","165","161","64","34","35","321","8","18","26","63","7","190","7","2"
"Els Alamús","250045","2011","1",,,"1","1",,"0",,,,,,,,
"Els Alamús","250045","2012","0",,,,,,"0",,,,,,,,
"Els Alamús","250045","2013","0",,,,,,"0",,,,,,,,
"Els Alamús","250045","2014","2","1",,"1",,"1","1",,,"1",,,,,
"Els Alamús","250045","2015","4",,"1","3",,"3","1",,,"1",,,,,
"Els Alamús","250045","2016","0",,,,,,"0",,,,,,,,
"Els Alamús","250045","2017","0",,,,,,"0",,,,,,,,
"Els Alamús","250045","2018","2",,,"2",,"1","1",,,"1",,,,,
"Els Alamús","250045","2019","4",,"1","3",,"2","2",,,"2",,,,,
"Els Alamús","250045","2020","0",,,,,,"0",,,,,,,,
"Els Alamús","250045","2021","2","1","1",,,,"1","1",,,,"1",,,
"Els Alamús","250045","2022","2","2",,,,,"2",,,,,"2",,,
"Els Garidells","430666","2011","0",,,,,,"0",,,,,,,,
"Els Garidells","430666","2012","0",,,,,,"0",,,,,,,,
"Els Garidells","430666","2013","0",,,,,,"0",,,,,,,,
"Els Garidells","430666","2014","0",,,,,,"0",,,,,,,,
"Els Garidells","430666","2015","0",,,,,,"0",,,,,,,,
"Els Garidells","430666","2016","0",,,,,,"0",,,,,,,,
"Els Garidells","430666","2017","1",,,"1",,"1","0",,,,,,,,
"Els Garidells","430666","2018","3",,,"3",,"3","0",,,,,,,,
"Els Garidells","430666","2019","1",,,"1",,"1","0",,,,,,,,
"Els Garidells","430666","2020","0",,,,,,"0",,,,,,,,
"Els Garidells","430666","2021","4","3","1",,,,"0","4",,,,,,,
"Els Garidells","430666","2022","9","3","4","2",,,"9","9",,,,,,,
"Els Garidells","430666","2023","7",,"4","3",,,"7","7",,,,,,,
"Els Guiamets","430705","2011","3",,"1","2","2",,"1",,,"1",,,,,
"Els Guiamets","430705","2012","1",,,"1","1",,"0",,,,,,,,
"Els Guiamets","430705","2013","0",,,,,,"0",,,,,,,,
"Els Guiamets","430705","2014","0",,,,,,"0",,,,,,,,
"Els Guiamets","430705","2015","0",,,,,,"0",,,,,,,,
"Els Guiamets","430705","2016","0",,,,,,"0",,,,,,,,
"Els Guiamets","430705","2017","0",,,,,,"0",,,,,,,,
"Els Guiamets","430705","2018","0",,,,,,"0",,,,,,,,
"Els Guiamets","430705","2019","0",,,,,,"0",,,,,,,,
"Els Guiamets","430705","2020","0",,,,,,"0",,,,,,,,
"Els Guiamets","430705","2021","0",,,,,,"0",,,,,,,,
"Els Hostalets de Pierola","081629","2011","14","7","4","3","2","1","10","1",,"2","5",,"3",,
"Els Hostalets de Pierola","081629","2012","4","1",,"3","2",,"2",,,"1",,,"1",,
"Els Hostalets de Pierola","081629","2013","9","7",,"2","1",,"8",,,"1","7",,,,
"Els Hostalets de Pierola","081629","2014","3",,"1","2","3",,"0",,,,,,,,
"Els Hostalets de Pierola","081629","2015","5","1","2","2","4",,"1",,,,"1",,,,
"Els Hostalets de Pierola","081629","2016","5",,"4","1","3",,"2",,"2",,,,,,
"Els Hostalets de Pierola","081629","2017","8","3",,"5","4","2","2",,,,,,"2",,
"Els Hostalets de Pierola","081629","2018","8",,"3","5","1","5","2",,,,,,"2",,
"Els Hostalets de Pierola","081629","2019","16","4","5","7","3","8","5",,,,"5",,,,
"Els Hostalets de Pierola","081629","2020","8","1","2","5",,"4","2","2",,,"2",,,,
"Els Hostalets de Pierola","081629","2021","3","2",,"1",,"1","2",,,,"2",,,,
"els Hostalets de Pierola","081629","2022","9","3","1","5","2","2","5","1",,,"1","2",,,"1"
"els Hostalets de Pierola","081629","2023","19","8","7","4","3",,"16","2",,,"4","7",,,"3"
"Els Omellons","251538","2011","1","1",,,"1",,"0",,,,,,,,
"Els Omellons","251538","2012","0",,,,,,"0",,,,,,,,
"Els Omellons","251538","2013","0",,,,,,"0",,,,,,,,
"Els Omellons","251538","2014","0",,,,,,"0",,,,,,,,
"Els Omellons","251538","2015","0",,,,,,"0",,,,,,,,
"Els Omellons","251538","2016","0",,,,,,"0",,,,,,,,
"Els Omellons","251538","2017","0",,,,,,"0",,,,,,,,
"Els Omellons","251538","2018","0",,,,,,"0",,,,,,,,
"Els Omellons","251538","2019","0",,,,,,"0",,,,,,,,
"Els Omellons","251538","2020","0",,,,,,"0",,,,,,,,
"Els Omellons","251538","2021","0",,,,,,"0",,,,,,,,
"Els Pallaresos","431009","2011","30","2","3","25","13","14","2","1",,,"2",,,,
"Els Pallaresos","431009","2012","29","2","4","23","10","13","5","1",,,"2",,"3",,
"Els Pallaresos","431009","2013","15","1","2","12","5","8","2",,,,,,"2",,
"Els Pallaresos","431009","2014","10",,"5","5","2","6","2",,"1",,,,"1",,
"Els Pallaresos","431009","2015","17","1","3","13","4","4","9",,"3",,,"1","5",,
"Els Pallaresos","431009","2016","8",,"2","6","3","3","2",,"1",,,,"1",,
"Els Pallaresos","431009","2017","8",,"3","5","3","4","1",,"1",,,,,,
"Els Pallaresos","431009","2018","20","5","1","14","5","6","9",,"3",,,,"6",,
"Els Pallaresos","431009","2019","23","2","5","16","10","8","5",,"2",,,,"3",,
"Els Pallaresos","431009","2020","11","1","3","7","7","2","2",,,,,,"2",,
"Els Pallaresos","431009","2021","7",,,"7","6",,"0","1",,,,,,,
"els Pallaresos","431009","2022","6","1",,"5","5",,"1",,,,,,"1",,
"els Pallaresos","431009","2023","6","1","2","3","2","2","2",,,,,,"2",,
"Els Plans de Sió","259118","2011","4","1","1","2","2","2","0",,,,,,,,
"Els Plans de Sió","259118","2012","2","1","1",,,"1","1",,,,,,"1",,
"Els Plans de Sió","259118","2013","0",,,,,,"0",,,,,,,,
"Els Plans de Sió","259118","2014","0",,,,,,"0",,,,,,,,
"Els Plans de Sió","259118","2015","0",,,,,,"0",,,,,,,,
"Els Plans de Sió","259118","2016","0",,,,,,"0",,,,,,,,
"Els Plans de Sió","259118","2017","0",,,,,,"0",,,,,,,,
"Els Plans de Sió","259118","2018","0",,,,,,"0",,,,,,,,
"Els Plans de Sió","259118","2019","0",,,,,,"0",,,,,,,,
"Els Plans de Sió","259118","2020","0",,,,,,"0",,,,,,,,
"Els Plans de Sió","259118","2021","0",,,,,,"0",,,,,,,,
"Els Prats de Rei","081705","2011","0",,,,,,"0",,,,,,,,
"Els Prats de Rei","081705","2012","0",,,,,,"0",,,,,,,,
"Els Prats de Rei","081705","2013","2",,,"2","2",,"0",,,,,,,,
"Els Prats de Rei","081705","2014","1",,,"1","1",,"0",,,,,,,,
"Els Prats de Rei","081705","2015","0",,,,,,"0",,,,,,,,
"Els Prats de Rei","081705","2016","0",,,,,,"0",,,,,,,,
"Els Prats de Rei","081705","2017","0",,,,,,"0",,,,,,,,
"Els Prats de Rei","081705","2018","0",,,,,,"0",,,,,,,,
"Els Prats de Rei","081705","2019","0",,,,,,"0",,,,,,,,
"Els Prats de Rei","081705","2020","0",,,,,,"0",,,,,,,,
"Els Prats de Rei","081705","2021","0",,,,,,"0",,,,,,,,
"Es Bòrdes","250576","2011","0",,,,,,"0",,,,,,,,
"Es Bòrdes","250576","2012","0",,,,,,"0",,,,,,,,
"Es Bòrdes","250576","2013","0",,,,,,"0",,,,,,,,
"Es Bòrdes","250576","2014","0",,,,,,"0",,,,,,,,
"Es Bòrdes","250576","2015","1",,,"1",,"1","0",,,,,,,,
"Es Bòrdes","250576","2016","0",,,,,,"0",,,,,,,,
"Es Bòrdes","250576","2017","1",,,"1",,"1","0",,,,,,,,
"Es Bòrdes","250576","2018","0",,,,,,"0",,,,,,,,
"Es Bòrdes","250576","2019","0",,,,,,"0",,,,,,,,
"Es Bòrdes","250576","2020","0",,,,,,"0",,,,,,,,
"Es Bòrdes","250576","2021","0",,,,,,"0",,,,,,,,
"Esparreguera","080765","2011","329","100","151","78","84","94","148","3","15","6","53","2","69","1","2"
"Esparreguera","080765","2012","257","80","107","70","59","77","120","1","19","8","32",,"54","6","1"
"Esparreguera","080765","2013","145","33","56","56","42","52","51",,"8","2","13","1","26","1",
"Esparreguera","080765","2014","127","27","60","40","32","36","58","1","7","1","10",,"37","3",
"Esparreguera","080765","2015","124","28","57","39","27","40","57",,"12","3","6",,"32","4",
"Esparreguera","080765","2016","190","54","77","59","30","74","86",,"14",,"31",,"38","3",
"Esparreguera","080765","2017","240","55","68","117","80","63","97",,"10","3","9","2","64","9",
"Esparreguera","080765","2018","264","66","78","120","80","65","118","1","11","8","27","1","61","10",
"Esparreguera","080765","2019","318","152","72","94","66","50","202",,"16",,"73","8","96","9",
"Esparreguera","080765","2020","221","95","79","47","32","30","158","1","13",,"51","3","87","4",
"Esparreguera","080765","2021","179","68","77","34","18","19","124","18","1","1","41","3","75","3",
"Esparreguera","080765","2022","210","101","77","32","24","20","166","5","6","9","55","5","82","4",
"Esparreguera","080765","2023","279","102","119","58","39","29","211","7","9","7","57","1","121","8","1"
"Espinelves","170638","2011","1",,,"1","1",,"0",,,,,,,,
"Espinelves","170638","2012","0",,,,,,"0",,,,,,,,
"Espinelves","170638","2013","1",,"1",,,,"1",,,"1",,,,,
"Espinelves","170638","2014","1",,"1",,,,"1",,,"1",,,,,
"Espinelves","170638","2015","1",,"1",,,"1","0",,,,,,,,
"Espinelves","170638","2016","0",,,,,,"0",,,,,,,,
"Espinelves","170638","2017","1","1",,,,,"1",,,,,,"1",,
"Espinelves","170638","2018","0",,,,,,"0",,,,,,,,
"Espinelves","170638","2019","0",,,,,,"0",,,,,,,,
"Espinelves","170638","2020","0",,,,,,"0",,,,,,,,
"Espinelves","170638","2021","0",,,,,,"0",,,,,,,,
"Espinelves","170638","2022","1","1",,,,,"1",,,,,,"1",,
"Esplugues de Llobregat","080771","2011","765","168","293","304","211","177","376","1","36","10","14","3","303","9","1"
"Esplugues de Llobregat","080771","2012","786","319","241","226","170","138","477","1","40","17","16","8","368","28",
"Esplugues de Llobregat","080771","2013","638","278","187","173","118","143","376","1","22","14","32","6","257","45",
"Esplugues de Llobregat","080771","2014","463","195","151","117","87","107","269",,"18","7","19","4","202","19",
"Esplugues de Llobregat","080771","2015","463","193","157","113","65","96","302",,"16","20","18","11","212","24","1"
"Esplugues de Llobregat","080771","2016","478","249","126","103","67","70","341",,"17","18","24","4","243","31","4"
"Esplugues de Llobregat","080771","2017","501","217","174","110","69","57","375",,"24","13","12","3","292","30","1"
"Esplugues de Llobregat","080771","2018","577","292","157","128","80","64","422","11","22","17","11","6","338","28",
"Esplugues de Llobregat","080771","2019","687","293","250","144","86","77","524",,"16","20","17","8","438","25",
"Esplugues de Llobregat","080771","2020","346","119","159","68","47","38","252","9","9","4","3","2","218","16",
"Esplugues de Llobregat","080771","2021","351","130","166","55","24","35","197","95","9","6","5","2","170","5",
"Esplugues de Llobregat","080771","2022","348","178","109","61","26","30","292","21","9","5","14","2","234","7",
"Esplugues de Llobregat","080771","2023","526","199","241","86","56","34","436","11","16","5","11","1","380","12",
"Espolla","170643","2011","2",,,"2","2",,"0",,,,,,,,
"Espolla","170643","2012","3",,"1","2","1",,"2",,,,,,,,"2"
"Espolla","170643","2013","1",,,"1",,,"1",,,,,,,,"1"
"Espolla","170643","2014","1","1",,,,,"1",,"1",,,,,,
"Espolla","170643","2015","1","1",,,,,"1",,"1",,,,,,
"Espolla","170643","2016","2",,,"2",,"1","1",,,,,,,,"1"
"Espolla","170643","2017","1","1",,,,,"1",,"1",,,,,,
"Espolla","170643","2018","0",,,,,,"0",,,,,,,,
"Espolla","170643","2019","0",,,,,,"0",,,,,,,,
"Espolla","170643","2020","0",,,,,,"0",,,,,,,,
"Espolla","170643","2021","0",,,,,,"0",,,,,,,,
"Esponellà","170656","2011","1","1",,,,,"1",,,,,,"1",,
"Esponellà","170656","2012","0",,,,,,"0",,,,,,,,
"Esponellà","170656","2013","0",,,,,,"0",,,,,,,,
"Esponellà","170656","2014","0",,,,,,"0",,,,,,,,
"Esponellà","170656","2015","0",,,,,,"0",,,,,,,,
"Esponellà","170656","2016","0",,,,,,"0",,,,,,,,
"Esponellà","170656","2017","2","1","1",,,,"2",,"2",,,,,,
"Esponellà","170656","2018","1","1",,,,,"1",,,,,,"1",,
"Esponellà","170656","2019","0",,,,,,"0",,,,,,,,
"Esponellà","170656","2020","1",,"1",,,,"1",,"1",,,,,,
"Esponellà","170656","2021","0",,,,,,"0",,,,,,,,
"Espot","250827","2011","2",,,"2",,"2","0",,,,,,,,
"Espot","250827","2012","0",,,,,,"0",,,,,,,,
"Espot","250827","2013","0",,,,,,"0",,,,,,,,
"Espot","250827","2014","0",,,,,,"0",,,,,,,,
"Espot","250827","2015","0",,,,,,"0",,,,,,,,
"Espot","250827","2016","4",,,"4","2","2","0",,,,,,,,
"Espot","250827","2017","4",,,"4","2","2","0",,,,,,,,
"Espot","250827","2018","1",,,"1",,"1","0",,,,,,,,
"Espot","250827","2019","4",,,"4","1","3","0",,,,,,,,
"Espot","250827","2020","1",,,"1",,"1","0",,,,,,,,
"Espot","250827","2021","0",,,,,,"0",,,,,,,,
"Estamariu","250886","2011","1","1",,,,,"1",,,,"1",,,,
"Estamariu","250886","2012","0",,,,,,"0",,,,,,,,
"Estamariu","250886","2013","0",,,,,,"0",,,,,,,,
"Estamariu","250886","2014","0",,,,,,"0",,,,,,,,
"Estamariu","250886","2015","0",,,,,,"0",,,,,,,,
"Estamariu","250886","2016","0",,,,,,"0",,,,,,,,
"Estamariu","250886","2017","0",,,,,,"0",,,,,,,,
"Estamariu","250886","2018","0",,,,,,"0",,,,,,,,
"Estamariu","250886","2019","0",,,,,,"0",,,,,,,,
"Estamariu","250886","2020","0",,,,,,"0",,,,,,,,
"Estamariu","250886","2021","0",,,,,,"0",,,,,,,,
"Estaràs","250851","2011","0",,,,,,"0",,,,,,,,
"Estaràs","250851","2012","0",,,,,,"0",,,,,,,,
"Estaràs","250851","2013","0",,,,,,"0",,,,,,,,
"Estaràs","250851","2014","0",,,,,,"0",,,,,,,,
"Estaràs","250851","2015","0",,,,,,"0",,,,,,,,
"Estaràs","250851","2016","0",,,,,,"0",,,,,,,,
"Estaràs","250851","2017","0",,,,,,"0",,,,,,,,
"Estaràs","250851","2018","0",,,,,,"0",,,,,,,,
"Estaràs","250851","2019","0",,,,,,"0",,,,,,,,
"Estaràs","250851","2020","0",,,,,,"0",,,,,,,,
"Estaràs","250851","2021","2","1",,"1",,,"1","1",,,"1",,,,
"Estaràs","250851","2022","1","1",,,,,"1",,,,"1",,,,
"Esterri d'Àneu","250864","2011","12",,"12",,"1",,"11",,"3",,,,"8",,
"Esterri d'Àneu","250864","2012","14","11","3",,"1","2","11",,"3",,"3",,"5",,
"Esterri d'Àneu","250864","2013","1",,,"1",,"1","0",,,,,,,,
"Esterri d'Àneu","250864","2014","1",,,"1",,"1","0",,,,,,,,
"Esterri d'Àneu","250864","2015","2",,,"2","1","1","0",,,,,,,,
"Esterri d'Àneu","250864","2016","6",,,"6","3","2","1",,,,,,"1",,
"Esterri d'Àneu","250864","2017","1",,,"1",,"1","0",,,,,,,,
"Esterri d'Àneu","250864","2018","1",,,"1",,,"1",,,,,,"1",,
"Esterri d'Àneu","250864","2019","3","1","2",,,"1","2",,,,,,"2",,
"Esterri d'Àneu","250864","2020","1","1",,,,,"1",,,,,,,"1",
"Esterri d'Àneu","250864","2021","2","2",,,,,"1","1",,,,,,"1",
"Esterri d'Àneu","250864","2022","4","2",,"2","2",,"2","1",,,"1",,,,
"Esterri d'Àneu","250864","2023","3",,"1","2",,,"3",,,,,,"3",,
"Esterri de Cardós","250870","2011","0",,,,,,"0",,,,,,,,
"Esterri de Cardós","250870","2012","0",,,,,,"0",,,,,,,,
"Esterri de Cardós","250870","2013","0",,,,,,"0",,,,,,,,
"Esterri de Cardós","250870","2014","0",,,,,,"0",,,,,,,,
"Esterri de Cardós","250870","2015","0",,,,,,"0",,,,,,,,
"Esterri de Cardós","250870","2016","0",,,,,,"0",,,,,,,,
"Esterri de Cardós","250870","2017","1","1",,,,,"1",,,,"1",,,,
"Esterri de Cardós","250870","2018","0",,,,,,"0",,,,,,,,
"Esterri de Cardós","250870","2019","0",,,,,,"0",,,,,,,,
"Esterri de Cardós","250870","2020","0",,,,,,"0",,,,,,,,
"Esterri de Cardós","250870","2021","0",,,,,,"0",,,,,,,,
"Falset","430555","2011","37","17","3","17","15","3","18","1","4","1","2","1","10",,
"Falset","430555","2012","33","1","17","15","14",,"19",,"7",,"4","1","7",,
"Falset","430555","2013","19","9","3","7","6","3","10",,"7",,"3",,,,
"Falset","430555","2014","24","5","5","14","7","3","14",,"9","2",,,"2","1",
"Falset","430555","2015","21","1","1","19","10","4","7",,"6",,"1",,,,
"Falset","430555","2016","36","14",,"22","16","6","14",,"6","2","2",,"2","1","1"
"Falset","430555","2017","32","1","15","16","12","8","12",,"6","3",,,,"2","1"
"Falset","430555","2018","38","26","6","6","5","1","32",,"3","6","20",,"2",,"1"
"Falset","430555","2019","40","22","9","9","7","1","32",,"6","8","10","1","4",,"3"
"Falset","430555","2020","7","1","3","3","1","3","3",,"1","1",,,"1",,
"Falset","430555","2021","8","3","2","3",,,"5","3","3",,"1","1",,,
"Falset","430555","2022","64","58",,"6","5","1","58",,"8","7","24","11","4","4",
"Falset","430555","2023","79","47","22","10","3","4","72",,"11","4","40","9","5","3",
"Farrera","250899","2023","1",,,"1",,,"1",,"1",,,,,,
"Figaró-Montmany","081347","2011","10",,"6","4","3","2","5",,,,"1","1","3",,
"Figaró-Montmany","081347","2012","9",,"5","4","4",,"5",,,"1","1","1","2",,
"Figaró-Montmany","081347","2013","2",,"2",,,,"2",,"1","1",,,,,
"Figaró-Montmany","081347","2014","3",,"1","2","1","1","1",,,"1",,,,,
"Figaró-Montmany","081347","2015","5",,"1","4","2","2","1",,,"1",,,,,
"Figaró-Montmany","081347","2016","4",,"1","3","2",,"2",,,"2",,,,,
"Figaró-Montmany","081347","2017","5","1","1","3","1",,"4",,,"2","2",,,,
"Figaró-Montmany","081347","2018","10","3","4","3","1",,"9",,,"2","3",,"4",,
"Figaró-Montmany","081347","2019","9","5","3","1",,,"9",,,,"4","1","4",,
"Figaró-Montmany","081347","2020","3","2","1",,,,"3",,,,"2",,"1",,
"Figaró-Montmany","081347","2021","0",,,,,,"0",,,,,,,,
"Figaró-Montmany","081347","2022","4","4",,,,,"4",,,"2","1",,"1",,
"Figaró-Montmany","081347","2023","12","3","7","2","2",,"10",,,"4","1",,"5",,
"Fígols","080804","2022","1",,"1",,,,"1",,,,,"1",,,
"Fígols","080804","2023","1","1",,,,,"1",,"1",,,,,,
"Fígols i Alinyà","259084","2011","1",,,"1","1",,"0",,,,,,,,
"Fígols i Alinyà","259084","2012","0",,,,,,"0",,,,,,,,
"Fígols i Alinyà","259084","2013","0",,,,,,"0",,,,,,,,
"Fígols i Alinyà","259084","2014","0",,,,,,"0",,,,,,,,
"Fígols i Alinyà","259084","2015","1",,,"1",,"1","0",,,,,,,,
"Fígols i Alinyà","259084","2016","1",,,"1",,"1","0",,,,,,,,
"Fígols i Alinyà","259084","2017","0",,,,,,"0",,,,,,,,
"Fígols i Alinyà","259084","2018","0",,,,,,"0",,,,,,,,
"Fígols i Alinyà","259084","2019","2",,,"2","1","1","0",,,,,,,,
"Fígols i Alinyà","259084","2020","2",,,"2","1","1","0",,,,,,,,
"Fígols i Alinyà","259084","2021","0",,,,,,"0",,,,,,,,
"Figueres","170669","2011","841","375","283","183","69","91","659","22","74","25","178","90","283","9",
"Figueres","170669","2012","1,086","564","356","166","75","92","905","14","89","34","239","123","390","29","1"
"Figueres","170669","2013","776","351","309","116","70","94","598","14","56","24","140","90","269","17","2"
"Figueres","170669","2014","573","261","218","94","50","73","446","4","49","16","86","50","235","10",
"Figueres","170669","2015","613","313","199","101","71","66","474","2","62","22","102","36","232","20",
"Figueres","170669","2016","625","318","211","96","58","53","508","6","70","26","128","30","234","19","1"
"Figueres","170669","2017","558","236","223","99","56","52","448","2","53","21","106","31","219","18",
"Figueres","170669","2018","745","360","290","95","58","55","631","1","59","35","140","22","363","12",
"Figueres","170669","2019","912","435","343","134","63","46","792","11","77","33","211","39","412","20",
"Figueres","170669","2020","484","209","207","68","34","24","374","52","48","10","110","18","177","11",
"Figueres","170669","2021","533","249","214","70","32","23","311","167","33","10","91","13","155","9",
"Figueres","170669","2022","568","388","147","33","19","25","524","55","28","53","118","32","226","12",
"Figueres","170669","2023","1,141","683","398","60","22","51","1,068","18","56","99","233","56","580","24","2"
"Figuerola del Camp","430593","2011","0",,,,,,"0",,,,,,,,
"Figuerola del Camp","430593","2012","0",,,,,,"0",,,,,,,,
"Figuerola del Camp","430593","2013","3",,,"3","3",,"0",,,,,,,,
"Figuerola del Camp","430593","2014","0",,,,,,"0",,,,,,,,
"Figuerola del Camp","430593","2015","1",,,"1","1",,"0",,,,,,,,
"Figuerola del Camp","430593","2016","0",,,,,,"0",,,,,,,,
"Figuerola del Camp","430593","2017","0",,,,,,"0",,,,,,,,
"Figuerola del Camp","430593","2018","0",,,,,,"0",,,,,,,,
"Figuerola del Camp","430593","2019","1",,,"1","1",,"0",,,,,,,,
"Figuerola del Camp","430593","2020","1",,,"1","1",,"0",,,,,,,,
"Figuerola del Camp","430593","2021","0",,,,,,"0",,,,,,,,
"Flaçà","170675","2011","26","25",,"1","2",,"24",,"5",,"4","10","3","2",
"Flaçà","170675","2012","11","11",,,,,"11",,,,"5","6",,,
"Flaçà","170675","2013","3","2",,"1","1",,"2",,,,,,"1","1",
"Flaçà","170675","2014","0",,,,,,"0",,,,,,,,
"Flaçà","170675","2015","0",,,,,,"0",,,,,,,,
"Flaçà","170675","2016","4","3","1",,,,"4",,,,,"1","3",,
"Flaçà","170675","2017","1",,"1",,,,"1",,,,,,"1",,
"Flaçà","170675","2018","1","1",,,,,"1",,,,,"1",,,
"Flaçà","170675","2019","18","12","6",,,,"18",,,"1","1","4","12",,
"Flaçà","170675","2020","7","6","1",,,,"7",,,,"1",,"6",,
"Flaçà","170675","2021","6","1","5",,,,"6",,,,"1",,"5",,
"Flaçà","170675","2023","5","5",,,,,"5",,,,,"1","4",,
"Flix","430607","2011","22","1","15","6","2","4","16",,"6","1","2","1","3","3",
"Flix","430607","2012","2",,,"2","1","1","0",,,,,,,,
"Flix","430607","2013","18","17",,"1",,"1","17",,,"7","10",,,,
"Flix","430607","2014","34","30",,"4","3","2","29",,"6","1","13",,"1","8",
"Flix","430607","2015","38","28",,"10","7","3","28",,"7","1","10",,"2","8",
"Flix","430607","2016","6","3",,"3","1",,"5",,"1","4",,,,,
"Flix","430607","2017","5",,"4","1","1",,"4",,"1","1",,,"1","1",
"Flix","430607","2018","6",,"2","4","4",,"2",,"1",,,,,"1",
"Flix","430607","2019","4",,"1","3",,"3","1",,,,,,,"1",
"Flix","430607","2020","3","2",,"1",,"1","2",,,,,,"2",,
"Flix","430607","2021","1","1",,,,,"0","1",,,,,,,
"Flix","430607","2022","26","19","3","4","6",,"20",,,,"9",,"6","5",
"Flix","430607","2023","7","3",,"4","3",,"4",,,"1","2",,"1",,
"Fogars de la Selva","080826","2011","4",,"2","2","2","2","0",,,,,,,,
"Fogars de la Selva","080826","2012","5","1",,"4","3","1","1",,,,,,"1",,
"Fogars de la Selva","080826","2013","3",,"1","2","2",,"1",,,,,,"1",,
"Fogars de la Selva","080826","2014","1",,,"1","1",,"0",,,,,,,,
"Fogars de la Selva","080826","2015","3",,"2","1","3",,"0",,,,,,,,
"Fogars de la Selva","080826","2016","4","4",,,,,"4",,,"3",,"1",,,
"Fogars de la Selva","080826","2017","13","1","9","3","2","5","6",,,"3","2","1",,,
"Fogars de la Selva","080826","2018","10","3","2","5","4","3","3",,,,"2",,"1",,
"Fogars de la Selva","080826","2019","4","1","1","2","1",,"3",,"1",,"1",,"1",,
"Fogars de la Selva","080826","2020","1",,,"1",,,"1",,,,"1",,,,
"Fogars de la Selva","080826","2021","9","2","5","2","2",,"7",,,,,,"7",,
"Fogars de la Selva","080826","2022","5","2","2","1","1",,"4",,,,,,"4",,
"Fogars de la Selva","080826","2023","6",,"3","3","3",,"3",,,,,,"3",,
"Fogars de Montclús","080811","2011","1","1",,,,"1","0",,,,,,,,
"Fogars de Montclús","080811","2012","4","1","3",,,"3","1",,,,,,"1",,
"Fogars de Montclús","080811","2013","1","1",,,,,"1",,,,,,"1",,
"Fogars de Montclús","080811","2014","0",,,,,,"0",,,,,,,,
"Fogars de Montclús","080811","2015","4","1",,"3","2","2","0",,,,,,,,
"Fogars de Montclús","080811","2016","2","2",,,,,"2",,"1",,,,"1",,
"Fogars de Montclús","080811","2017","1",,"1",,,"1","0",,,,,,,,
"Fogars de Montclús","080811","2018","2","1","1",,,"1","1",,,,,"1",,,
"Fogars de Montclús","080811","2019","1",,"1",,,,"1",,,,,,"1",,
"Fogars de Montclús","080811","2020","3",,"1","2",,,"1","2",,,,,"1",,
"Fogars de Montclús","080811","2021","0",,,,,,"0",,,,,,,,
"Fogars de Montclús","080811","2022","23","18","5",,,"2","21",,"1",,"4",,"16",,
"Fogars de Montclús","080811","2023","40","18","22",,,"3","37",,"2","1","1",,"30","3",
"Foixà","170681","2011","0",,,,,,"0",,,,,,,,
"Foixà","170681","2012","0",,,,,,"0",,,,,,,,
"Foixà","170681","2013","1","1",,,,,"1",,,,,,,,"1"
"Foixà","170681","2014","0",,,,,,"0",,,,,,,,
"Foixà","170681","2015","1","1",,,,"1","0",,,,,,,,
"Foixà","170681","2016","0",,,,,,"0",,,,,,,,
"Foixà","170681","2017","0",,,,,,"0",,,,,,,,
"Foixà","170681","2018","0",,,,,,"0",,,,,,,,
"Foixà","170681","2019","2",,,"2","2",,"0",,,,,,,,
"Foixà","170681","2020","2",,,"2","2",,"0",,,,,,,,
"Foixà","170681","2021","2",,,"2","1",,"0","1",,,,,,,
"Foixà","170681","2022","11","10","1",,,,"11","8","1",,,"1","1",,
"Foixà","170681","2023","16","4","9","3",,,"16","3","2",,,"3","8",,
"Folgueroles","080832","2011","14","3","1","10","9","2","3",,"1",,,,"2",,
"Folgueroles","080832","2012","6",,"1","5","3","2","1",,,,,,"1",,
"Folgueroles","080832","2013","6",,"1","5","4","2","0",,,,,,,,
"Folgueroles","080832","2014","6","1","1","4","2","3","1",,,,,,"1",,
"Folgueroles","080832","2015","2","1",,"1","2",,"0",,,,,,,,
"Folgueroles","080832","2016","9","2","2","5","7",,"2",,,,"2",,,,
"Folgueroles","080832","2017","4",,"4",,"3",,"1",,,,"1",,,,
"Folgueroles","080832","2018","3","2","1",,,,"3",,,,"1",,"2",,
"Folgueroles","080832","2019","6","1","4","1","1",,"4","1",,,,,"4",,
"Folgueroles","080832","2020","5","1","3","1","1",,"3","1",,,,,"3",,
"Folgueroles","080832","2021","4",,"2","2","2",,"2",,,,,,"2",,
"Folgueroles","080832","2022","1",,"1",,,,"1","1",,,,,,,
"Folgueroles","080832","2023","3","1","2",,,,"3",,,,,,"3",,
"Fondarella","250931","2011","1",,"1",,,,"1",,,,,,"1",,
"Fondarella","250931","2012","0",,,,,,"0",,,,,,,,
"Fondarella","250931","2013","0",,,,,,"0",,,,,,,,
"Fondarella","250931","2014","0",,,,,,"0",,,,,,,,
"Fondarella","250931","2015","0",,,,,,"0",,,,,,,,
"Fondarella","250931","2016","1",,,"1","1",,"0",,,,,,,,
"Fondarella","250931","2017","2",,,"2","2",,"0",,,,,,,,
"Fondarella","250931","2018","1",,,"1","1",,"0",,,,,,,,
"Fondarella","250931","2019","3","2",,"1","1",,"2",,,,,,"2",,
"Fondarella","250931","2020","0",,,,,,"0",,,,,,,,
"Fondarella","250931","2021","1","1",,,,,"0","1",,,,,,,
"Fondarella","250931","2022","1",,,"1",,,"1","1",,,,,,,
"Fonollosa","080847","2011","11","1","3","7","4","3","4",,"1",,,,"3",,
"Fonollosa","080847","2012","10",,"2","8","8","1","1",,"1",,,,,,
"Fonollosa","080847","2013","4",,,"4","4",,"0",,,,,,,,
"Fonollosa","080847","2014","0",,,,,,"0",,,,,,,,
"Fonollosa","080847","2015","0",,,,,,"0",,,,,,,,
"Fonollosa","080847","2016","0",,,,,,"0",,,,,,,,
"Fonollosa","080847","2017","4",,,"4","3",,"1",,,,,,"1",,
"Fonollosa","080847","2018","2",,,"2",,,"2",,,,,,"2",,
"Fonollosa","080847","2019","2","1","1",,,,"2",,,,"2",,,,
"Fonollosa","080847","2020","1",,"1",,,,"1",,,,"1",,,,
"Fonollosa","080847","2021","1",,,"1",,"1","0",,,,,,,,
"Fontanals de Cerdanya","170694","2011","3",,"2","1","1","1","1",,,,,,"1",,
"Fontanals de Cerdanya","170694","2012","2",,"1","1",,,"2",,,,,,"2",,
"Fontanals de Cerdanya","170694","2013","4",,,"4",,"2","2",,,,,,"2",,
"Fontanals de Cerdanya","170694","2014","3",,,"3",,"2","1",,,,,,"1",,
"Fontanals de Cerdanya","170694","2015","1",,,"1",,"1","0",,,,,,,,
"Fontanals de Cerdanya","170694","2016","0",,,,,,"0",,,,,,,,
"Fontanals de Cerdanya","170694","2017","1",,,"1","1",,"0",,,,,,,,
"Fontanals de Cerdanya","170694","2018","2",,"1","1","2",,"0",,,,,,,,
"Fontanals de Cerdanya","170694","2019","0",,,,,,"0",,,,,,,,
"Fontanals de Cerdanya","170694","2020","1","1",,,,,"1",,,,,,,"1",
"Fontanals de Cerdanya","170694","2021","2","2",,,,,"2",,,,,,"2",,
"Fontanals de Cerdanya","170694","2022","3","1","2",,,,"3",,,,,,"3",,
"Fontanals de Cerdanya","170694","2023","1",,"1",,,,"1",,,,,,"1",,
"Fontanilles","170708","2011","1",,"1",,,,"1",,"1",,,,,,
"Fontanilles","170708","2012","1",,"1",,,,"1",,"1",,,,,,
"Fontanilles","170708","2013","1",,"1",,,,"1",,"1",,,,,,
"Fontanilles","170708","2014","3",,"3",,,,"3",,"3",,,,,,
"Fontanilles","170708","2015","0",,,,,,"0",,,,,,,,
"Fontanilles","170708","2016","0",,,,,,"0",,,,,,,,
"Fontanilles","170708","2017","0",,,,,,"0",,,,,,,,
"Fontanilles","170708","2018","0",,,,,,"0",,,,,,,,
"Fontanilles","170708","2019","0",,,,,,"0",,,,,,,,
"Fontanilles","170708","2020","0",,,,,,"0",,,,,,,,
"Fontanilles","170708","2021","0",,,,,,"0",,,,,,,,
"Fontanilles","170708","2022","13","9","3","1","1","2","10",,"1","1",,"1","7",,
"Fontanilles","170708","2023","21","7","12","2","1","4","16",,,"1",,,"15",,
"Fontcoberta","170715","2011","5",,"4","1","1",,"4",,"4",,,,,,
"Fontcoberta","170715","2012","1",,,"1",,,"1",,"1",,,,,,
"Fontcoberta","170715","2013","0",,,,,,"0",,,,,,,,
"Fontcoberta","170715","2014","0",,,,,,"0",,,,,,,,
"Fontcoberta","170715","2015","0",,,,,,"0",,,,,,,,
"Fontcoberta","170715","2016","0",,,,,,"0",,,,,,,,
"Fontcoberta","170715","2017","1","1",,,,,"1",,,,,,"1",,
"Fontcoberta","170715","2018","0",,,,,,"0",,,,,,,,
"Fontcoberta","170715","2019","0",,,,,,"0",,,,,,,,
"Fontcoberta","170715","2020","0",,,,,,"0",,,,,,,,
"Fontcoberta","170715","2021","3",,,"3","1",,"0","2",,,,,,,
"Fontcoberta","170715","2022","1","1",,,,,"1",,,,"1",,,,
"Fontcoberta","170715","2023","2","1",,"1","1",,"1",,"1",,,,,,
"Font-rubí","080850","2011","6",,,"6","4",,"1","1",,"1",,,,,
"Font-rubí","080850","2012","4",,,"4","2",,"2",,"2",,,,,,
"Font-rubí","080850","2013","6","3","1","2",,,"6",,"4","1",,"1",,,
"Font-rubí","080850","2014","4","2","1","1",,,"4",,"3",,,"1",,,
"Font-rubí","080850","2015","3","2","1",,,,"3",,,,"1","2",,,
"Font-rubí","080850","2016","0",,,,,,"0",,,,,,,,
"Font-rubí","080850","2017","1",,"1",,,,"1",,,,"1",,,,
"Font-rubí","080850","2018","4","3","1",,,,"4",,"1","1",,"2",,,
"Font-rubí","080850","2019","32","28","4",,,,"32",,"4",,"19","7",,"2",
"Font-rubí","080850","2020","4","4",,,,,"2","2","1",,,"1",,,
"Font-rubí","080850","2021","8",,"8",,,,"3","5","3",,,,,,
"Font-rubí","080850","2022","3","1","2",,,,"3",,"2",,"1",,,,
"Font-rubí","080850","2023","9","6","3",,,,"9",,"3",,"6",,,,
"Foradada","250946","2011","0",,,,,,"0",,,,,,,,
"Foradada","250946","2012","0",,,,,,"0",,,,,,,,
"Foradada","250946","2013","0",,,,,,"0",,,,,,,,
"Foradada","250946","2014","0",,,,,,"0",,,,,,,,
"Foradada","250946","2015","0",,,,,,"0",,,,,,,,
"Foradada","250946","2016","0",,,,,,"0",,,,,,,,
"Foradada","250946","2017","0",,,,,,"0",,,,,,,,
"Foradada","250946","2018","0",,,,,,"0",,,,,,,,
"Foradada","250946","2019","26","26",,,,,"26",,,"2","21","1",,"2",
"Foradada","250946","2020","0",,,,,,"0",,,,,,,,
"Foradada","250946","2021","0",,,,,,"0",,,,,,,,
"Forallac","179026","2011","15","3","6","6","3",,"10","2","3","3","3",,"1",,
"Forallac","179026","2012","10","3","6","1","1",,"9",,"4","1",,,"4",,
"Forallac","179026","2013","12","4","6","2","1","1","10",,"4",,,,"6",,
"Forallac","179026","2014","11","3","3","5","3","2","6",,"2",,,,"3","1",
"Forallac","179026","2015","7","2","2","3","1","2","4",,"2",,,,"2",,
"Forallac","179026","2016","12","5","3","4","2","1","9",,"4","1","1",,"3",,
"Forallac","179026","2017","10","5","1","4","1",,"9",,"3","4",,,"2",,
"Forallac","179026","2018","12","5","7",,,,"12",,"6","1",,"1","4",,
"Forallac","179026","2019","14","4","10",,,,"14",,"6","3",,"1","4",,
"Forallac","179026","2020","7","3","3","1","1",,"6",,"2","1",,,"3",,
"Forallac","179026","2021","13","2","6","5","3",,"7","3","1",,,,"6",,
"Forallac","179026","2022","4","2","2",,,,"4","2",,,,,"2",,
"Forallac","179026","2023","5",,"5",,,,"5",,"1",,,,"4",,
"Fornells de la Selva","170736","2011","23","2","6","15","5","5","12","1",,"2","1",,"9",,
"Fornells de la Selva","170736","2012","11",,"3","8","2","5","4",,,,,,"4",,
"Fornells de la Selva","170736","2013","8",,,"8","3","3","2",,,,,,"2",,
"Fornells de la Selva","170736","2014","4",,,"4","3",,"1",,,,,,"1",,
"Fornells de la Selva","170736","2015","6","2","1","3","3",,"3",,"2",,,,,,"1"
"Fornells de la Selva","170736","2016","2","1","1",,,,"2",,,,,,"2",,
"Fornells de la Selva","170736","2017","5","1",,"4","2","2","1",,,,,,"1",,
"Fornells de la Selva","170736","2018","4",,,"4","3",,"0","1",,,,,,,
"Fornells de la Selva","170736","2019","6",,,"6","4",,"0","2",,,,,,,
"Fornells de la Selva","170736","2020","3",,,"3","1",,"1","1","1",,,,,,
"Fornells de la Selva","170736","2021","2","1","1",,,,"0","2",,,,,,,
"Fornells de la Selva","170736","2022","3","1","1","1","1",,"2","1",,,,,"1",,
"Fornells de la Selva","170736","2023","11","2","7","2","2",,"9",,,,,,"9",,
"Fortià","170741","2011","2",,"1","1",,"1","1",,"1",,,,,,
"Fortià","170741","2012","2",,"2",,"1",,"1",,"1",,,,,,
"Fortià","170741","2013","0",,,,,,"0",,,,,,,,
"Fortià","170741","2014","0",,,,,,"0",,,,,,,,
"Fortià","170741","2015","0",,,,,,"0",,,,,,,,
"Fortià","170741","2016","4","1",,"3","3",,"1",,,,"1",,,,
"Fortià","170741","2017","0",,,,,,"0",,,,,,,,
"Fortià","170741","2018","3","3",,,,,"3",,,,"3",,,,
"Fortià","170741","2019","5","5",,,,,"5",,,,"4",,"1",,
"Fortià","170741","2020","2",,"2",,,,"2",,,,"2",,,,
"Fortià","170741","2021","0",,,,,,"0",,,,,,,,
"Freginals","430629","2011","1","1",,,,,"1",,"1",,,,,,
"Freginals","430629","2012","4","4",,,,,"4",,"3","1",,,,,
"Freginals","430629","2013","1","1",,,,,"1",,,"1",,,,,
"Freginals","430629","2014","0",,,,,,"0",,,,,,,,
"Freginals","430629","2015","2","1",,"1",,"1","1",,,,,,,"1",
"Freginals","430629","2016","0",,,,,,"0",,,,,,,,
"Freginals","430629","2017","0",,,,,,"0",,,,,,,,
"Freginals","430629","2018","0",,,,,,"0",,,,,,,,
"Freginals","430629","2019","6","6",,,,,"6",,,,"6",,,,
"Freginals","430629","2020","0",,,,,,"0",,,,,,,,
"Freginals","430629","2021","1",,"1",,,,"1",,,,,,"1",,
"Freginals","430629","2023","4","1","3",,,,"4",,"2","2",,,,,
"Gaià","080902","2011","1",,"1",,,,"1",,,,"1",,,,
"Gaià","080902","2012","0",,,,,,"0",,,,,,,,
"Gaià","080902","2013","0",,,,,,"0",,,,,,,,
"Gaià","080902","2014","0",,,,,,"0",,,,,,,,
"Gaià","080902","2015","0",,,,,,"0",,,,,,,,
"Gaià","080902","2016","0",,,,,,"0",,,,,,,,
"Gaià","080902","2017","0",,,,,,"0",,,,,,,,
"Gaià","080902","2018","0",,,,,,"0",,,,,,,,
"Gaià","080902","2019","0",,,,,,"0",,,,,,,,
"Gaià","080902","2020","1","1",,,,,"0","1",,,,,,,
"Gaià","080902","2021","0",,,,,,"0",,,,,,,,
"Gallifa","080879","2011","0",,,,,,"0",,,,,,,,
"Gallifa","080879","2012","0",,,,,,"0",,,,,,,,
"Gallifa","080879","2013","2",,"1","1","1",,"1",,"1",,,,,,
"Gallifa","080879","2014","1",,,"1","1",,"0",,,,,,,,
"Gallifa","080879","2015","1",,"1",,,"1","0",,,,,,,,
"Gallifa","080879","2016","8",,"3","5","4","3","1",,"1",,,,,,
"Gallifa","080879","2017","5",,"1","4",,"3","2",,"2",,,,,,
"Gallifa","080879","2018","2",,,"2",,"2","0",,,,,,,,
"Gallifa","080879","2019","2","1",,"1",,"1","1",,,,,,,"1",
"Gallifa","080879","2020","0",,,,,,"0",,,,,,,,
"Gallifa","080879","2021","2","2",,,,,"0","2",,,,,,,
"Gallifa","080879","2022","15","10","5",,,,"15","4","1","2",,,"5","3",
"Gallifa","080879","2023","21","10","9","2","3","1","17","1","3",,"1",,"12",,
"Gandesa","430640","2011","58","24","15","19","14","4","40",,"27","4",,,"8","1",
"Gandesa","430640","2012","35","24",,"11","26","5","4",,"1","3",,,,,
"Gandesa","430640","2013","4",,,"4","1","1","2",,"1","1",,,,,
"Gandesa","430640","2014","12","1",,"11","8","1","3",,"2",,,,,"1",
"Gandesa","430640","2015","18","12",,"6","5","3","10",,"4","1",,,"5",,
"Gandesa","430640","2016","38","11","20","7","8","7","23",,"6","3","1",,"10","3",
"Gandesa","430640","2017","65","19","23","23","13","15","37",,"13","5","3",,"10","5","1"
"Gandesa","430640","2018","45","15","1","29","6","7","32",,"16","4","2",,"7","3",
"Gandesa","430640","2019","48","21","20","7","4","1","43",,"21","4","10",,"7","1",
"Gandesa","430640","2020","42","15","26","1","1",,"40","1","13",,"10",,"16","1",
"Gandesa","430640","2021","41","9","26","6","4","2","30","5","10",,"1",,"19",,
"Gandesa","430640","2022","12",,"12",,,"1","11","1","2","2",,,"6",,
"Gandesa","430640","2023","103","58","37","8","1",,"102","2","8","6","7","7","70","2",
"Garcia","430653","2011","2",,,"2",,"2","0",,,,,,,,
"Garcia","430653","2012","0",,,,,,"0",,,,,,,,
"Garcia","430653","2013","0",,,,,,"0",,,,,,,,
"Garcia","430653","2014","0",,,,,,"0",,,,,,,,
"Garcia","430653","2015","0",,,,,,"0",,,,,,,,
"Garcia","430653","2016","0",,,,,,"0",,,,,,,,
"Garcia","430653","2017","0",,,,,,"0",,,,,,,,
"Garcia","430653","2018","0",,,,,,"0",,,,,,,,
"Garcia","430653","2019","0",,,,,,"0",,,,,,,,
"Garcia","430653","2020","1","1",,,,,"0","1",,,,,,,
"Garcia","430653","2021","2","1","1",,,,"0","2",,,,,,,
"Garcia","430653","2022","1",,"1",,,,"1","1",,,,,,,
"Garcia","430653","2023","1",,"1",,,,"1",,,,,,"1",,
"Garrigàs","170754","2011","1",,,"1","1",,"0",,,,,,,,
"Garrigàs","170754","2012","1",,,"1",,"1","0",,,,,,,,
"Garrigàs","170754","2013","3","2",,"1",,"1","2",,,,,,"2",,
"Garrigàs","170754","2014","1","1",,,,,"1",,,,,,"1",,
"Garrigàs","170754","2015","0",,,,,,"0",,,,,,,,
"Garrigàs","170754","2016","0",,,,,,"0",,,,,,,,
"Garrigàs","170754","2017","1",,,"1","1",,"0",,,,,,,,
"Garrigàs","170754","2018","0",,,,,,"0",,,,,,,,
"Garrigàs","170754","2019","2",,,"2",,,"2",,"2",,,,,,
"Garrigàs","170754","2020","3",,,"3",,,"3",,"3",,,,,,
"Garrigàs","170754","2021","1",,,"1",,,"1",,"1",,,,,,
"Garrigàs","170754","2022","3","1","1","1","1",,"2",,,,,,,"2",
"Garrigàs","170754","2023","2",,"1","1","1",,"1",,,,,,,"1",
"Garrigoles","170767","2011","6",,,"6","2","3","1",,"1",,,,,,
"Garrigoles","170767","2012","5",,,"5","1","3","1",,"1",,,,,,
"Garrigoles","170767","2013","4",,,"4",,"2","2",,"2",,,,,,
"Garrigoles","170767","2014","0",,,,,,"0",,,,,,,,
"Garrigoles","170767","2015","1","1",,,,,"1",,"1",,,,,,
"Garrigoles","170767","2016","1",,,"1","1",,"0",,,,,,,,
"Garrigoles","170767","2017","2","2",,,,,"2",,"2",,,,,,
"Garrigoles","170767","2018","2","1",,"1","1",,"1",,"1",,,,,,
"Garrigoles","170767","2019","5","1","1","3","3","1","1",,,,,"1",,,
"Garrigoles","170767","2020","6","4",,"2","2",,"4",,"3",,,"1",,,
"Garrigoles","170767","2021","9","1","4","4","2","3","4",,"3",,,"1",,,
"Garrigoles","170767","2022","1","1",,,,,"1",,"1",,,,,,
"Garrigoles","170767","2023","3","1","2",,,,"3",,,,,,"3",,
"Garriguella","170773","2011","7","1",,"6",,,"7",,"3",,,,"4",,
"Garriguella","170773","2012","3",,,"3","1",,"2",,,,,,"2",,
"Garriguella","170773","2013","2","1",,"1","1","1","0",,,,,,,,
"Garriguella","170773","2014","0",,,,,,"0",,,,,,,,
"Garriguella","170773","2015","2","1",,"1","1",,"1",,"1",,,,,,
"Garriguella","170773","2016","6","1","3","2","1",,"4","1","2","1",,,"1",,
"Garriguella","170773","2017","15","10","3","2",,,"14","1","1","1","8",,"4",,
"Garriguella","170773","2018","1","1",,,,,"1",,,,,,"1",,
"Garriguella","170773","2019","3",,"1","2",,,"3",,"2",,,,"1",,
"Garriguella","170773","2020","7","1",,"6",,,"6","1","3",,,,"3",,
"Garriguella","170773","2021","4",,,"4",,,"2","2",,,,,"2",,
"Garriguella","170773","2022","2","1",,"1",,"1","1","1",,,,,,,
"Garriguella","170773","2023","4",,"1","3","3","1",,,,,,,,,
"Gavà","080898","2011","422","76","150","196","120","116","176","10","25","8","6","3","130","4",
"Gavà","080898","2012","424","77","143","204","137","104","172","11","28","4","16","2","114","8",
"Gavà","080898","2013","349","78","130","141","100","66","183",,"23",,"22","3","118","15","2"
"Gavà","080898","2014","316","55","126","135","86","80","149","1","15","5","18","1","100","7","3"
"Gavà","080898","2015","258","61","79","118","65","62","128","3","11","2","15",,"88","12",
"Gavà","080898","2016","244","57","67","120","77","54","112","1","8","6","8",,"83","7",
"Gavà","080898","2017","232","58","54","120","78","50","104",,"7","3","8","3","74","8","1"
"Gavà","080898","2018","261","58","94","109","77","41","143",,"16","8","7","3","99","10",
"Gavà","080898","2019","326","74","127","125","98","40","188",,"19","13","17",,"127","12",
"Gavà","080898","2020","133","41","37","55","31","18","67","17","8","5","6","1","45","2",
"Gavà","080898","2021","168","57","61","50","18","17","66","67","5","3","5","5","44","4",
"Gavà","080898","2022","142","60","46","36","22","13","107","6","3","11","8",,"75","4",
"Gavà","080898","2023","266","87","89","90","51","31","184","25","8","17","4","5","122","3",
"Gavet de la Conca","250984","2011","0",,,,,,"0",,,,,,,,
"Gavet de la Conca","250984","2012","0",,,,,,"0",,,,,,,,
"Gavet de la Conca","250984","2013","1",,,"1",,,"1",,"1",,,,,,
"Gavet de la Conca","250984","2014","0",,,,,,"0",,,,,,,,
"Gavet de la Conca","250984","2015","0",,,,,,"0",,,,,,,,
"Gavet de la Conca","250984","2016","0",,,,,,"0",,,,,,,,
"Gavet de la Conca","250984","2017","0",,,,,,"0",,,,,,,,
"Gavet de la Conca","250984","2018","0",,,,,,"0",,,,,,,,
"Gavet de la Conca","250984","2019","2",,,"2","2",,"0",,,,,,,,
"Gavet de la Conca","250984","2020","0",,,,,,"0",,,,,,,,
"Gavet de la Conca","250984","2021","0",,,,,,"0",,,,,,,,
"Gelida","080919","2011","41","8","19","14","5","6","22","8","2","1","6",,"13",,
"Gelida","080919","2012","20","5","6","9","6","2","12",,,,"5",,"7",,
"Gelida","080919","2013","20","5","10","5","3","3","14",,,"1","4",,"9",,
"Gelida","080919","2014","24","8","6","10","6","3","15",,,"7","4",,"3",,"1"
"Gelida","080919","2015","27","5","12","10","6","5","15","1",,"5","1",,"9",,
"Gelida","080919","2016","22","5","5","12","3","4","14","1","3","5",,,"5",,"1"
"Gelida","080919","2017","35","8","10","17","8","3","24",,"2","3","4",,"12","3",
"Gelida","080919","2018","38","6","14","18","12","3","23",,"2","3","4",,"13","1",
"Gelida","080919","2019","35","12","11","12","9","2","24",,,"1","2","1","13","7",
"Gelida","080919","2020","7","4","1","2","2","1","3","1",,,"1",,"2",,
"Gelida","080919","2021","31","14","12","5","1","3","20","7","1",,"5","1","13",,
"Gelida","080919","2022","31","15","9","7","5","4","22","4",,"2","1",,"14",,"1"
"Gelida","080919","2023","70","26","27","17","8","19","43","2",,"4","2","1","34",,
"Ger","170789","2011","5",,"4","1","1",,"4",,,"3","1",,,,
"Ger","170789","2012","2",,"1","1",,,"2",,,"2",,,,,
"Ger","170789","2013","4",,"1","3",,"1","3",,,"3",,,,,
"Ger","170789","2014","1",,"1",,,"1","0",,,,,,,,
"Ger","170789","2015","4","3","1",,"1","3","0",,,,,,,,
"Ger","170789","2016","0",,,,,,"0",,,,,,,,
"Ger","170789","2017","3","1","1","1",,"1","2",,,,,,"2",,
"Ger","170789","2018","2",,"2",,"1",,"1",,,,,,"1",,
"Ger","170789","2019","0",,,,,,"0",,,,,,,,
"Ger","170789","2020","1",,,"1","1",,"0",,,,,,,,
"Ger","170789","2021","0",,,,,,"0",,,,,,,,
"Gimenells i el Pla de la Font","259123","2011","2",,,"2","2",,"0",,,,,,,,
"Gimenells i el Pla de la Font","259123","2012","2",,,"2",,,"2",,,"2",,,,,
"Gimenells i el Pla de la Font","259123","2013","2",,,"2","1",,"1",,,"1",,,,,
"Gimenells i el Pla de la Font","259123","2014","0",,,,,,"0",,,,,,,,
"Gimenells i el Pla de la Font","259123","2015","1",,,"1",,,"1",,,"1",,,,,
"Gimenells i el Pla de la Font","259123","2016","2",,,"2",,,"2",,,"2",,,,,
"Gimenells i el Pla de la Font","259123","2017","0",,,,,,"0",,,,,,,,
"Gimenells i el Pla de la Font","259123","2018","7","7",,,,,"7",,,,"4","3",,,
"Gimenells i el Pla de la Font","259123","2019","18","10","7","1","1",,"17",,,,"12","5",,,
"Gimenells i el Pla de la Font","259123","2020","6","3","1","2","2",,"4",,,,"3","1",,,
"Gimenells i el Pla de la Font","259123","2021","2","2",,,,,"2",,,,"1","1",,,
"Gimenells i el Pla de la Font","259123","2023","1","1",,,,,"1",,,,"1",,,,
"Ginestar","430672","2011","2",,,"2","2",,"0",,,,,,,,
"Ginestar","430672","2012","4",,,"4","4",,"0",,,,,,,,
"Ginestar","430672","2013","7","4",,"3","3",,"4",,"4",,,,,,
"Ginestar","430672","2014","6","2","4",,,,"6",,"6",,,,,,
"Ginestar","430672","2015","4",,,"4",,"3","1",,"1",,,,,,
"Ginestar","430672","2016","4",,,"4","1",,"3",,"3",,,,,,
"Ginestar","430672","2017","5",,"3","2","2",,"3",,"2",,"1",,,,
"Ginestar","430672","2018","5","1","4",,,,"5",,"2",,"3",,,,
"Ginestar","430672","2019","3","3",,,,,"3",,"3",,,,,,
"Ginestar","430672","2020","8","8",,,,,"8",,"8",,,,,,
"Ginestar","430672","2021","4","1","1","2",,,"4",,"4",,,,,,
"Ginestar","430672","2022","1",,"1",,,,"1",,"1",,,,,,
"Ginestar","430672","2023","3","2",,"1","1",,"2",,,,"2",,,,
"Girona","170792","2011","1,692","392","685","615","304","250","1,114","24","145","58","191","60","601","46","13"
"Girona","170792","2012","1,754","583","650","521","240","227","1,266","21","152","63","215","96","664","59","17"
"Girona","170792","2013","1,245","415","487","343","138","177","919","11","104","49","157","65","494","39","11"
"Girona","170792","2014","1,165","415","420","330","144","162","844","15","125","59","136","38","429","47","10"
"Girona","170792","2015","1,206","361","510","335","144","172","877","13","107","60","79","53","510","55","13"
"Girona","170792","2016","1,403","509","545","349","147","176","1,075","5","130","85","143","63","606","36","12"
"Girona","170792","2017","1,349","543","507","299","128","160","1,052","9","99","59","168","62","601","51","12"
"Girona","170792","2018","1,801","604","793","404","157","182","1,444","18","122","76","255","68","859","55","9"
"Girona","170792","2019","2,093","732","954","407","138","185","1,761","9","97","77","338","103","1,045","90","11"
"Girona","170792","2020","1,672","659","681","332","97","147","1,305","123","79","59","214","49","848","41","15"
"Girona","170792","2021","1,904","702","864","338","99","101","1,155","549","73","52","132","57","788","46","7"
"Girona","170792","2022","1,841","933","651","257","54","108","1,679","185","85","212","240","79","824","44","10"
"Girona","170792","2023","2,328","958","1,012","358","113","141","2,074","83","126","212","308","93","1,144","69","39"
"Gironella","080924","2011","36","1","25","10","6","8","19","3","4",,"11",,"4",,
"Gironella","080924","2012","8","1","1","6","4","1","2","1","1",,,,"1",,
"Gironella","080924","2013","17","14","1","2","2","3","12",,"3","1","7",,"1",,
"Gironella","080924","2014","7",,"5","2","2",,"5",,"3","2",,,,,
"Gironella","080924","2015","4","1",,"3","3",,"1",,,,"1",,,,
"Gironella","080924","2016","5","1","2","2","2",,"3",,,,"1",,"2",,
"Gironella","080924","2017","4","2","1","1","1",,"3",,,,,,"3",,
"Gironella","080924","2018","7","3","2","2","1","1","5",,,"1","1",,"3",,
"Gironella","080924","2019","23","16","3","4","3",,"20",,"1",,"10","1","8",,
"Gironella","080924","2020","8","4","3","1",,"1","6","1",,,"6",,,,
"Gironella","080924","2021","8","3","2","3",,"3","3","2",,,"3",,,,
"Gironella","080924","2022","6","3","1","2",,"2","4",,,,"2",,"2",,
"Gironella","080924","2023","3","1",,"2","2",,"1",,,,"1",,,,
"Godall","430688","2011","2",,,"2","2",,"0",,,,,,,,
"Godall","430688","2012","1",,,"1","1",,"0",,,,,,,,
"Godall","430688","2013","3",,,"3","3",,"0",,,,,,,,
"Godall","430688","2014","2",,,"2","2",,"0",,,,,,,,
"Godall","430688","2015","0",,,,,,"0",,,,,,,,
"Godall","430688","2016","0",,,,,,"0",,,,,,,,
"Godall","430688","2017","0",,,,,,"0",,,,,,,,
"Godall","430688","2018","0",,,,,,"0",,,,,,,,
"Godall","430688","2019","1",,,"1",,"1","0",,,,,,,,
"Godall","430688","2020","1","1",,,,,"1",,,,"1",,,,
"Godall","430688","2021","1",,"1",,,,"0","1",,,,,,,
"Godall","430688","2023","1","1",,,,,"1",,,,"1",,,,
"Golmés","250997","2011","33","30",,"3","1","5","27",,"8","1","4","11","3",,
"Golmés","250997","2012","4","3",,"1","1",,"3",,,"1","1",,"1",,
"Golmés","250997","2013","1",,,"1","1",,"0",,,,,,,,
"Golmés","250997","2014","0",,,,,,"0",,,,,,,,
"Golmés","250997","2015","0",,,,,,"0",,,,,,,,
"Golmés","250997","2016","1","1",,,,,"1",,,"1",,,,,
"Golmés","250997","2017","3","1",,"2","2",,"1",,,,,,"1",,
"Golmés","250997","2018","4",,"1","3","3",,"1",,,,,,"1",,
"Golmés","250997","2019","3","1","1","1","1",,"2",,,,,,"2",,
"Golmés","250997","2020","1",,"1",,,,"1",,,,,,"1",,
"Golmés","250997","2021","0",,,,,,"0",,,,,,,,
"Golmés","250997","2023","3","1",,"2",,"2","1",,,,"1",,,,
"Gombrèn","170806","2011","2",,,"2",,,"2",,"2",,,,,,
"Gombrèn","170806","2012","0",,,,,,"0",,,,,,,,
"Gombrèn","170806","2013","0",,,,,,"0",,,,,,,,
"Gombrèn","170806","2014","0",,,,,,"0",,,,,,,,
"Gombrèn","170806","2015","0",,,,,,"0",,,,,,,,
"Gombrèn","170806","2016","0",,,,,,"0",,,,,,,,
"Gombrèn","170806","2017","0",,,,,,"0",,,,,,,,
"Gombrèn","170806","2018","0",,,,,,"0",,,,,,,,
"Gombrèn","170806","2019","2",,"2",,,"1","1",,,"1",,,,,
"Gombrèn","170806","2020","0",,,,,,"0",,,,,,,,
"Gombrèn","170806","2021","0",,,,,,"0",,,,,,,,
"Gombrèn","170806","2023","3",,"3",,,,"3",,,"3",,,,,
"Gósol","251001","2011","0",,,,,,"0",,,,,,,,
"Gósol","251001","2012","0",,,,,,"0",,,,,,,,
"Gósol","251001","2013","0",,,,,,"0",,,,,,,,
"Gósol","251001","2014","0",,,,,,"0",,,,,,,,
"Gósol","251001","2015","0",,,,,,"0",,,,,,,,
"Gósol","251001","2016","0",,,,,,"0",,,,,,,,
"Gósol","251001","2017","0",,,,,,"0",,,,,,,,
"Gósol","251001","2018","1",,"1",,,"1","0",,,,,,,,
"Gósol","251001","2019","0",,,,,,"0",,,,,,,,
"Gósol","251001","2020","1","1",,,,,"1",,,,,,,"1",
"Gósol","251001","2021","1","1",,,,,"1",,,,,,,"1",
"Granollers","080961","2011","1,142","475","377","290","148","138","822","34","52","16","201","182","346","25",
"Granollers","080961","2012","932","265","393","274","146","137","631","18","47","10","125","107","323","18","1"
"Granollers","080961","2013","718","191","281","246","120","143","446","9","32","7","95","52","250","10",
"Granollers","080961","2014","608","181","238","189","102","119","387",,"27","8","69","40","232","11",
"Granollers","080961","2015","616","183","237","196","101","140","372","3","21","24","52","30","227","16","2"
"Granollers","080961","2016","562","150","236","176","107","99","355","1","29","14","52","46","195","17","2"
"Granollers","080961","2017","634","215","256","163","105","90","439",,"29","13","59","54","262","20","2"
"Granollers","080961","2018","665","306","238","121","63","92","510",,"28","3","97","96","249","33","4"
"Granollers","080961","2019","1,013","524","320","169","93","96","823","1","19","6","219","214","334","19","12"
"Granollers","080961","2020","517","201","207","109","53","53","363","48","16","6","100","60","163","11","7"
"Granollers","080961","2021","626","249","220","157","65","57","312","192","12","10","74","39","169","5","3"
"Granollers","080961","2022","655","365","214","76","35","38","582","56","8","25","122","81","276","9","5"
"Granollers","080961","2023","880","420","333","127","58","52","770","33","16","33","83","104","469","25","7"
"Granyanella","251039","2011","0",,,,,,"0",,,,,,,,
"Granyanella","251039","2012","1","1",,,,,"1",,,,,,"1",,
"Granyanella","251039","2013","2","1","1",,,,"2",,,"2",,,,,
"Granyanella","251039","2014","0",,,,,,"0",,,,,,,,
"Granyanella","251039","2015","0",,,,,,"0",,,,,,,,
"Granyanella","251039","2016","0",,,,,,"0",,,,,,,,
"Granyanella","251039","2017","0",,,,,,"0",,,,,,,,
"Granyanella","251039","2018","0",,,,,,"0",,,,,,,,
"Granyanella","251039","2019","0",,,,,,"0",,,,,,,,
"Granyanella","251039","2020","0",,,,,,"0",,,,,,,,
"Granyanella","251039","2021","0",,,,,,"0",,,,,,,,
"Granyena de les Garrigues","251057","2011","0",,,,,,"0",,,,,,,,
"Granyena de les Garrigues","251057","2012","1","1",,,,,"1",,,,"1",,,,
"Granyena de les Garrigues","251057","2013","0",,,,,,"0",,,,,,,,
"Granyena de les Garrigues","251057","2014","0",,,,,,"0",,,,,,,,
"Granyena de les Garrigues","251057","2015","0",,,,,,"0",,,,,,,,
"Granyena de les Garrigues","251057","2016","0",,,,,,"0",,,,,,,,
"Granyena de les Garrigues","251057","2017","0",,,,,,"0",,,,,,,,
"Granyena de les Garrigues","251057","2018","0",,,,,,"0",,,,,,,,
"Granyena de les Garrigues","251057","2019","0",,,,,,"0",,,,,,,,
"Granyena de les Garrigues","251057","2020","0",,,,,,"0",,,,,,,,
"Granyena de les Garrigues","251057","2021","0",,,,,,"0",,,,,,,,
"Granyena de les Garrigues","251057","2022","1",,,"1","1",,,,,,,,,,
"Granyena de les Garrigues","251057","2023","2",,,"2","2",,,,,,,,,,
"Gratallops","430691","2011","0",,,,,,"0",,,,,,,,
"Gratallops","430691","2012","1",,,"1","1",,"0",,,,,,,,
"Gratallops","430691","2013","0",,,,,,"0",,,,,,,,
"Gratallops","430691","2014","1","1",,,,,"1",,,,,,"1",,
"Gratallops","430691","2015","0",,,,,,"0",,,,,,,,
"Gratallops","430691","2016","1","1",,,,,"1",,,,,,"1",,
"Gratallops","430691","2017","2","1","1",,,,"2",,,,,,"2",,
"Gratallops","430691","2018","1","1",,,,"1","0",,,,,,,,
"Gratallops","430691","2019","1","1",,,,,"1",,,,,,"1",,
"Gratallops","430691","2020","2",,"2",,,,"2",,,,,,"2",,
"Gratallops","430691","2021","0",,,,,,"0",,,,,,,,
"Gratallops","430691","2022","1","1",,,,,"1",,,,,,"1",,
"Gualba","080977","2011","2",,"2",,,,"2",,,,,,"2",,
"Gualba","080977","2012","5","1","2","2","2",,"3",,,,,,"3",,
"Gualba","080977","2013","4","1","2","1","1",,"3",,"1",,"1",,"1",,
"Gualba","080977","2014","2",,"1","1","1","1","0",,,,,,,,
"Gualba","080977","2015","6",,,"6","4","2","0",,,,,,,,
"Gualba","080977","2016","17","5","4","8","6","2","9",,,,"4",,"5",,
"Gualba","080977","2017","9","1","5","3","3",,"6",,,,"4",,"2",,
"Gualba","080977","2018","7","4","2","1","1",,"6",,,,"1",,"5",,
"Gualba","080977","2019","66","25","36","5","3",,"63",,"2",,"33","20","8",,
"Gualba","080977","2020","31","4","22","5","2",,"29",,"4",,"16","6","3",,
"Gualba","080977","2021","41","15","20","6","1",,"31","9","2",,"23","4","2",,
"Gualba","080977","2022","3","2","1",,,,"3",,,,"2",,"1",,
"Gualba","080977","2023","1","1",,,,,"1",,,,"1",,,,
"Gualta","170813","2011","3","1","1","1","1",,"2",,,,"1",,"1",,
"Gualta","170813","2012","3",,"2","1",,,"2","1",,,,,"2",,
"Gualta","170813","2013","7","2","2","3",,,"5","2","1",,,,"3",,"1"
"Gualta","170813","2014","6","1","3","2",,,"6",,"2",,"2",,"2",,
"Gualta","170813","2015","5","1","3","1",,,"5",,"1",,"2",,"2",,
"Gualta","170813","2016","3","2","1",,,,"3",,,,,,"3",,
"Gualta","170813","2017","3",,"3",,,,"3",,,,,,"3",,
"Gualta","170813","2018","3","2","1",,,,"3",,,,,,"3",,
"Gualta","170813","2019","0",,,,,,"0",,,,,,,,
"Gualta","170813","2020","0",,,,,,"0",,,,,,,,
"Gualta","170813","2021","0",,,,,,"0",,,,,,,,
"Gualta","170813","2022","2","2",,,,,"2",,,"2",,,,,
"Guardiola de Berguedà","080996","2011","3",,,"3","2",,"1",,,,,,"1",,
"Guardiola de Berguedà","080996","2012","2","1",,"1",,,"2",,,,,,"2",,
"Guardiola de Berguedà","080996","2013","0",,,,,,"0",,,,,,,,
"Guardiola de Berguedà","080996","2014","0",,,,,,"0",,,,,,,,
"Guardiola de Berguedà","080996","2015","2",,,"2","1",,"1",,,,,,"1",,
"Guardiola de Berguedà","080996","2016","0",,,,,,"0",,,,,,,,
"Guardiola de Berguedà","080996","2017","1","1",,,,,"1",,,,,,"1",,
"Guardiola de Berguedà","080996","2018","3",,"2","1",,"1","2",,,,,,"2",,
"Guardiola de Berguedà","080996","2019","0",,,,,,"0",,,,,,,,
"Guardiola de Berguedà","080996","2020","2","1",,"1",,,"2",,,,,,"2",,
"Guardiola de Berguedà","080996","2021","5","4",,"1",,,"5",,,,,,"5",,
"Guardiola de Berguedà","080996","2022","5","2","1","2","2",,"3",,,,,,"3",,
"Guardiola de Berguedà","080996","2023","5","2","2","1","1",,"4",,,,,,"4",,
"Guils de Cerdanya","170828","2011","1",,,"1",,,"1",,,,,,"1",,
"Guils de Cerdanya","170828","2012","1",,,"1","1",,"0",,,,,,,,
"Guils de Cerdanya","170828","2013","0",,,,,,"0",,,,,,,,
"Guils de Cerdanya","170828","2014","0",,,,,,"0",,,,,,,,
"Guils de Cerdanya","170828","2015","4","1","1","2",,,"4",,,,,,"4",,
"Guils de Cerdanya","170828","2016","1",,"1",,,,"1",,,,,,"1",,
"Guils de Cerdanya","170828","2017","0",,,,,,"0",,,,,,,,
"Guils de Cerdanya","170828","2018","0",,,,,,"0",,,,,,,,
"Guils de Cerdanya","170828","2019","0",,,,,,"0",,,,,,,,
"Guils de Cerdanya","170828","2020","0",,,,,,"0",,,,,,,,
"Guils de Cerdanya","170828","2021","0",,,,,,"0",,,,,,,,
"Guils de Cerdanya","170828","2022","1","1",,,,,"1",,,,"1",,,,
"Guils de Cerdanya","170828","2023","4","2","1","1",,,"4",,,,"1",,"3",,
"Guimerà","251095","2011","0",,,,,,"0",,,,,,,,
"Guimerà","251095","2012","0",,,,,,"0",,,,,,,,
"Guimerà","251095","2013","0",,,,,,"0",,,,,,,,
"Guimerà","251095","2014","0",,,,,,"0",,,,,,,,
"Guimerà","251095","2015","0",,,,,,"0",,,,,,,,
"Guimerà","251095","2016","0",,,,,,"0",,,,,,,,
"Guimerà","251095","2017","0",,,,,,"0",,,,,,,,
"Guimerà","251095","2018","0",,,,,,"0",,,,,,,,
"Guimerà","251095","2019","0",,,,,,"0",,,,,,,,
"Guimerà","251095","2020","0",,,,,,"0",,,,,,,,
"Guimerà","251095","2021","3","2","1",,,,"0","3",,,,,,,
"Guissona","251109","2011","41","18","21","2",,"1","39","1","6","14",,"13","5","1",
"Guissona","251109","2012","31","16","15",,,"1","30",,"1","4","1","20","3","1",
"Guissona","251109","2013","31","29","1","1",,,"31",,"7","9","2","11","2",,
"Guissona","251109","2014","48","26","22",,,,"48",,"7","11","5","24","1",,
"Guissona","251109","2015","20","20",,,,,"20",,"4","4","1","11",,,
"Guissona","251109","2016","18","18",,,,"1","17",,"2","3",,"11",,"1",
"Guissona","251109","2017","11","11",,,,,"11",,,"3",,"8",,,
"Guissona","251109","2018","3","3",,,,,"3",,,"2",,"1",,,
"Guissona","251109","2019","4","3",,"1",,,"4",,"1","1",,"2",,,
"Guissona","251109","2020","14","13","1",,,,"2","12","1",,,"1",,,
"Guissona","251109","2021","20","10","8","2",,,"13","7","3","1","3",,"6",,
"Guissona","251109","2022","64","59","5",,,,"64","15","2","22","4","15","6",,
"Guissona","251109","2023","2","2",,,,,"2",,,,"2",,,,
"Gurb","081000","2011","13","1","4","8","6",,"7",,"2",,"2",,"3",,
"Gurb","081000","2012","21","3","7","11","10","4","7",,"2","1","2",,"2",,
"Gurb","081000","2013","10","1","1","8","5","3","2",,,,"1",,"1",,
"Gurb","081000","2014","4",,,"4","1","3","0",,,,,,,,
"Gurb","081000","2015","7","2","2","3","2","1","4",,"1",,,,"3",,
"Gurb","081000","2016","9","3","4","2","1","1","7",,"1",,"1",,"3","2",
"Gurb","081000","2017","3",,"1","2","2",,"1",,,,,,,"1",
"Gurb","081000","2018","3",,"1","2","2",,"1",,,,,,"1",,
"Gurb","081000","2019","7","1","4","2","1","1","5",,,,,,"5",,
"Gurb","081000","2020","1",,,"1",,,"1",,,,,,"1",,
"Gurb","081000","2021","1",,,"1",,,"0","1",,,,,,,
"Gurb","081000","2022","3","2","1",,,,"3",,,,,,"3",,
"Gurb","081000","2023","3",,"3",,,,"3",,,,,,"3",,
"Horta de Sant Joan","430712","2011","8","1","2","5","5",,"3",,,,,,"3",,
"Horta de Sant Joan","430712","2012","58","55","1","2","47","1","10",,"5",,"2",,"2",,"1"
"Horta de Sant Joan","430712","2013","0",,,,,,"0",,,,,,,,
"Horta de Sant Joan","430712","2014","0",,,,,,"0",,,,,,,,
"Horta de Sant Joan","430712","2015","2","2",,,,,"2",,"2",,,,,,
"Horta de Sant Joan","430712","2016","4","2","2",,,,"4",,"4",,,,,,
"Horta de Sant Joan","430712","2017","0",,,,,,"0",,,,,,,,
"Horta de Sant Joan","430712","2018","2","1",,"1","1",,"1",,,,"1",,,,
"Horta de Sant Joan","430712","2019","6","1",,"5","5",,"1",,,,,,"1",,
"Horta de Sant Joan","430712","2020","5","3","2",,,,"4","1",,,,,"4",,
"Horta de Sant Joan","430712","2021","10","7","3",,,,"4","6","1",,,,"3",,
"Horta de Sant Joan","430712","2022","5","1","1","3",,,"5","2","3",,,,,,
"Horta de Sant Joan","430712","2023","11","5","3","3","1",,"10","2","2",,,"1","5",,
"Hostalric","170834","2011","49",,"42","7","6","5","37","1","5","1","24","4","3",,
"Hostalric","170834","2012","33","26","5","2","3","5","24","1",,"1","2","7","12","1","1"
"Hostalric","170834","2013","22","1","17","4","5","2","15",,"2","1",,"6","5","1",
"Hostalric","170834","2014","25","19","4","2","5",,"20",,"3","1","7","2","6","1",
"Hostalric","170834","2015","13",,"11","2","2",,"11",,"3",,"5","1","1","1",
"Hostalric","170834","2016","8","2","3","3","1","2","5",,,"2",,,"3",,
"Hostalric","170834","2017","45","9","28","8","3","2","40",,,"2","13","6","18","1",
"Hostalric","170834","2018","49","25","22","2",,,"49",,"2","1","24","6","15","1",
"Hostalric","170834","2019","49","46","3",,,,"49",,,,"25","9","13","2",
"Hostalric","170834","2020","10","3","6","1",,"1","8","1",,,"1","1","5","1",
"Hostalric","170834","2021","25","11","12","2","2",,"12","11",,,"2",,"10",,
"Hostalric","170834","2022","21","7","9","5","5",,"16","2",,,"12","1","1",,
"Hostalric","170834","2023","18","5","9","4","5",,"13","1","1",,"7","1","3",,
"Igualada","081022","2011","674","228","209","237","146","65","443","20","41","18","198","9","166","11",
"Igualada","081022","2012","491","141","156","194","139","48","294","10","36","9","82","22","135","9","1"
"Igualada","081022","2013","388","146","114","128","94","46","247","1","24","5","83","15","98","20","2"
"Igualada","081022","2014","364","127","99","138","98","45","221",,"15","7","90","13","83","11","2"
"Igualada","081022","2015","349","100","101","148","105","40","204",,"15","12","82","11","71","13",
"Igualada","081022","2016","333","88","114","131","87","50","195","1","17","11","58","5","100","4",
"Igualada","081022","2017","336","129","92","115","68","35","233",,"12","14","70","8","119","8","2"
"Igualada","081022","2018","391","184","116","91","46","43","302",,"13","13","95","8","153","19","1"
"Igualada","081022","2019","507","225","182","100","54","38","415",,"12","14","118","7","245","16","3"
"Igualada","081022","2020","338","142","144","52","25","18","253","42","9","9","75","11","143","6",
"Igualada","081022","2021","428","178","195","55","17","14","291","106","5","16","94","21","148","7",
"Igualada","081022","2022","541","331","180","30","10","23","508","19","5","41","161","17","242","20","3"
"Igualada","081022","2023","699","346","302","51","31","32","636","13","10","42","179","18","348","20","6"
"Isona i Conca Dellà","251155","2011","0",,,,,,"0",,,,,,,,
"Isona i Conca Dellà","251155","2012","1",,,"1","1",,"0",,,,,,,,
"Isona i Conca Dellà","251155","2013","1",,,"1","1",,"0",,,,,,,,
"Isona i Conca Dellà","251155","2014","3",,,"3","2","1","0",,,,,,,,
"Isona i Conca Dellà","251155","2015","2",,,"2",,"2","0",,,,,,,,
"Isona i Conca Dellà","251155","2016","0",,,,,,"0",,,,,,,,
"Isona i Conca Dellà","251155","2017","2",,,"2","1","1","0",,,,,,,,
"Isona i Conca Dellà","251155","2018","2",,,"2","1","1","0",,,,,,,,
"Isona i Conca Dellà","251155","2019","2",,,"2","2",,"0",,,,,,,,
"Isona i Conca Dellà","251155","2020","1",,,"1","1",,"0",,,,,,,,
"Isona i Conca Dellà","251155","2021","0",,,,,,"0",,,,,,,,
"Isona i Conca Dellà","251155","2022","2","1",,"1",,,"2",,,,"1",,"1",,
"Isona i Conca Dellà","251155","2023","3",,"1","2","2","1",,,,,,,,,
"Isòvol","170849","2011","0",,,,,,"0",,,,,,,,
"Isòvol","170849","2012","0",,,,,,"0",,,,,,,,
"Isòvol","170849","2013","0",,,,,,"0",,,,,,,,
"Isòvol","170849","2014","1","1",,,,,"1",,,,,,"1",,
"Isòvol","170849","2015","2",,"2",,,,"2",,,,,,"2",,
"Isòvol","170849","2016","3","1","2",,,,"3",,"1",,,,"2",,
"Isòvol","170849","2017","0",,,,,,"0",,,,,,,,
"Isòvol","170849","2018","0",,,,,,"0",,,,,,,,
"Isòvol","170849","2019","0",,,,,,"0",,,,,,,,
"Isòvol","170849","2020","0",,,,,,"0",,,,,,,,
"Isòvol","170849","2021","1","1",,,,,"0","1",,,,,,,
"Isòvol","170849","2022","1",,"1",,,,"1",,,"1",,,,,
"Isòvol","170849","2023","1",,"1",,,,"1",,,"1",,,,,
"Ivars de Noguera","251121","2011","2",,,"2","1",,"0","1",,,,,,,
"Ivars de Noguera","251121","2012","1","1",,,,,"1",,,,,"1",,,
"Ivars de Noguera","251121","2013","0",,,,,,"0",,,,,,,,
"Ivars de Noguera","251121","2014","0",,,,,,"0",,,,,,,,
"Ivars de Noguera","251121","2015","0",,,,,,"0",,,,,,,,
"Ivars de Noguera","251121","2016","0",,,,,,"0",,,,,,,,
"Ivars de Noguera","251121","2017","0",,,,,,"0",,,,,,,,
"Ivars de Noguera","251121","2018","0",,,,,,"0",,,,,,,,
"Ivars de Noguera","251121","2019","0",,,,,,"0",,,,,,,,
"Ivars de Noguera","251121","2020","2","1","1",,,,"2",,,,,,"2",,
"Ivars de Noguera","251121","2021","3","1",,"2",,,"0","3",,,,,,,
"Ivars de Noguera","251121","2022","2",,,"2",,,"2","2",,,,,,,
"Ivars d'Urgell","251137","2011","5","2",,"3","1","1","2","1",,,"2",,,,
"Ivars d'Urgell","251137","2012","1",,,"1","1",,"0",,,,,,,,
"Ivars d'Urgell","251137","2013","0",,,,,,"0",,,,,,,,
"Ivars d'Urgell","251137","2014","1",,,"1","1",,"0",,,,,,,,
"Ivars d'Urgell","251137","2015","1",,,"1","1",,"0",,,,,,,,
"Ivars d'Urgell","251137","2016","5","5",,,,,"5",,,,,"5",,,
"Ivars d'Urgell","251137","2017","0",,,,,,"0",,,,,,,,
"Ivars d'Urgell","251137","2018","0",,,,,,"0",,,,,,,,
"Ivars d'Urgell","251137","2019","1",,,"1","1",,"0",,,,,,,,
"Ivars d'Urgell","251137","2020","2",,,"2","2",,"0",,,,,,,,
"Ivars d'Urgell","251137","2021","1","1",,,,,"0","1",,,,,,,
"Ivars d'Urgell","251137","2023","5","1",,"4","3","1","1",,,,,,"1",,
"Jafre","170852","2011","2",,,"2","2",,"0",,,,,,,,
"Jafre","170852","2012","2",,"2",,,,"2",,,,,"2",,,
"Jafre","170852","2013","1",,,"1","1",,"0",,,,,,,,
"Jafre","170852","2014","0",,,,,,"0",,,,,,,,
"Jafre","170852","2015","3","2","1",,,,"3",,,,"1",,"2",,
"Jafre","170852","2016","1",,"1",,,,"1",,,,,,,"1",
"Jafre","170852","2017","0",,,,,,"0",,,,,,,,
"Jafre","170852","2018","0",,,,,,"0",,,,,,,,
"Jafre","170852","2019","0",,,,,,"0",,,,,,,,
"Jafre","170852","2020","0",,,,,,"0",,,,,,,,
"Jafre","170852","2021","0",,,,,,"0",,,,,,,,
"Jorba","081038","2011","4",,,"4",,"2","1","1",,,,,"1",,
"Jorba","081038","2012","1",,"1",,,,"1",,"1",,,,,,
"Jorba","081038","2013","0",,,,,,"0",,,,,,,,
"Jorba","081038","2014","0",,,,,,"0",,,,,,,,
"Jorba","081038","2015","3","1",,"2",,,"3",,"1",,,,"2",,
"Jorba","081038","2016","2",,,"2","1",,"1",,,,,,"1",,
"Jorba","081038","2017","5",,,"5","5",,"0",,,,,,,,
"Jorba","081038","2018","3",,,"3","3",,"0",,,,,,,,
"Jorba","081038","2019","3","1",,"2","2",,"1",,,,"1",,,,
"Jorba","081038","2020","2",,"1","1","1",,"1",,,,"1",,,,
"Jorba","081038","2021","0",,,,,,"0",,,,,,,,
"Jorba","081038","2022","2","2",,,,,"2",,"2",,,,,,
"Juià","170871","2011","0",,,,,,"0",,,,,,,,
"Juià","170871","2012","5","3","1","1",,,"5",,"1",,,"4",,,
"Juià","170871","2013","0",,,,,,"0",,,,,,,,
"Juià","170871","2014","0",,,,,,"0",,,,,,,,
"Juià","170871","2015","0",,,,,,"0",,,,,,,,
"Juià","170871","2016","1",,"1",,,,"1",,"1",,,,,,
"Juià","170871","2017","3","2",,"1",,,"3",,"1",,"2",,,,
"Juià","170871","2018","0",,,,,,"0",,,,,,,,
"Juià","170871","2019","0",,,,,,"0",,,,,,,,
"Juià","170871","2020","0",,,,,,"0",,,,,,,,
"Juià","170871","2021","0",,,,,,"0",,,,,,,,
"Juncosa","251180","2011","0",,,,,,"0",,,,,,,,
"Juncosa","251180","2012","0",,,,,,"0",,,,,,,,
"Juncosa","251180","2013","0",,,,,,"0",,,,,,,,
"Juncosa","251180","2014","0",,,,,,"0",,,,,,,,
"Juncosa","251180","2015","1",,"1",,,,"1",,"1",,,,,,
"Juncosa","251180","2016","1",,"1",,,,"1",,"1",,,,,,
"Juncosa","251180","2017","0",,,,,,"0",,,,,,,,
"Juncosa","251180","2018","1",,"1",,,,"1",,"1",,,,,,
"Juncosa","251180","2019","2",,"2",,,,"2",,"2",,,,,,
"Juncosa","251180","2020","0",,,,,,"0",,,,,,,,
"Juncosa","251180","2021","0",,,,,,"0",,,,,,,,
"Juncosa","251180","2022","1",,,"1",,,"1",,"1",,,,,,
"Juncosa","251180","2023","3","1",,"2",,,"3",,"2",,,"1",,,
"Juneda","251193","2011","14","11",,"3","3","1","10",,,,"8","1","1",,
"Juneda","251193","2012","2","1",,"1","1",,"1",,,,"1",,,,
"Juneda","251193","2013","1","1",,,,,"1",,,,,"1",,,
"Juneda","251193","2014","1",,,"1","1",,"0",,,,,,,,
"Juneda","251193","2015","0",,,,,,"0",,,,,,,,
"Juneda","251193","2016","4","1",,"3","3",,"1",,,,,"1",,,
"Juneda","251193","2017","7","1","2","4","4",,"3",,,,,"2","1",,
"Juneda","251193","2018","22","19","1","2","2",,"20",,"1",,"19",,,,
"Juneda","251193","2019","55","55",,,,,"55",,,,"50","5",,,
"Juneda","251193","2020","21","21",,,,,"21",,,,"15","5",,"1",
"Juneda","251193","2021","16","13",,"3","3",,"13",,"1",,"8","4",,,
"Juneda","251193","2022","35","30","1","4","4",,"31",,,"1","17","11","2",,
"Juneda","251193","2023","14","6","2","6","5","1","8",,,,,"4","4",,
"La Bisbal de Falset","430271","2011","1",,,"1","1",,"0",,,,,,,,
"La Bisbal de Falset","430271","2012","0",,,,,,"0",,,,,,,,
"La Bisbal de Falset","430271","2013","0",,,,,,"0",,,,,,,,
"La Bisbal de Falset","430271","2014","0",,,,,,"0",,,,,,,,
"La Bisbal de Falset","430271","2015","0",,,,,,"0",,,,,,,,
"La Bisbal de Falset","430271","2016","0",,,,,,"0",,,,,,,,
"La Bisbal de Falset","430271","2017","0",,,,,,"0",,,,,,,,
"La Bisbal de Falset","430271","2018","0",,,,,,"0",,,,,,,,
"La Bisbal de Falset","430271","2019","0",,,,,,"0",,,,,,,,
"La Bisbal de Falset","430271","2020","0",,,,,,"0",,,,,,,,
"La Bisbal de Falset","430271","2021","0",,,,,,"0",,,,,,,,
"La Bisbal de Falset","430271","2022","1","1",,,,,"1",,,,,,"1",,
"La Bisbal de Falset","430271","2023","3",,,"3","3",,,,,,,,,,
"La Bisbal del Penedès","430287","2011","20","1","8","11","7","4","9",,"1","1",,,"7",,
"La Bisbal del Penedès","430287","2012","14",,"5","9","4","2","8",,"4",,,,"4",,
"La Bisbal del Penedès","430287","2013","15","3",,"12","6","1","8",,"3",,"1",,"4",,
"La Bisbal del Penedès","430287","2014","4","1","1","2",,,"4",,"1",,,,"3",,
"La Bisbal del Penedès","430287","2015","8","1","3","4","3",,"5",,"2",,,,"3",,
"La Bisbal del Penedès","430287","2016","22","15",,"7","8","4","10",,,"3","2","1","4",,
"La Bisbal del Penedès","430287","2017","16",,"13","3","3","7","6",,,"2","2",,"2",,
"La Bisbal del Penedès","430287","2018","7","3","1","3","1","2","4",,,"1","1",,"2",,
"La Bisbal del Penedès","430287","2019","16","5","6","5","5",,"11",,,"1","1",,"9",,
"La Bisbal del Penedès","430287","2020","7","1","3","3","3",,"4",,,"1",,"1","2",,
"La Bisbal del Penedès","430287","2021","2","2",,,,,"2",,,,,"2",,,
"la Bisbal del Penedès","430287","2022","10","3","1","6","7",,"3",,,,"1",,"2",,
"la Bisbal del Penedès","430287","2023","19","3","8","8","8","4","7",,,,"5",,"2",,
"La Bisbal d'Empordà","170221","2011","390","102","211","77","42","20","317","11","35","7","179","21","69","6",
"La Bisbal d'Empordà","170221","2012","324","114","169","41","29","24","267","4","23","8","150","22","55","9",
"La Bisbal d'Empordà","170221","2013","299","92","149","58","32","14","253",,"18","1","143","20","63","7","1"
"La Bisbal d'Empordà","170221","2014","240","82","111","47","15","9","216",,"16","2","118","13","59","7","1"
"La Bisbal d'Empordà","170221","2015","197","99","86","12","7","10","180",,"6","3","112","9","40","8","2"
"La Bisbal d'Empordà","170221","2016","202","92","97","13","8","8","186",,"7","4","110","16","40","8","1"
"La Bisbal d'Empordà","170221","2017","210","96","86","28","13","13","180","4","7","6","87","16","58","6",
"La Bisbal d'Empordà","170221","2018","216","104","105","7","4","8","204",,"10","7","79","12","89","6","1"
"La Bisbal d'Empordà","170221","2019","299","118","159","22","9","13","277",,"22","7","98","12","129","8","1"
"La Bisbal d'Empordà","170221","2020","191","77","92","22","9","7","174","1","9","3","69","4","86","3",
"La Bisbal d'Empordà","170221","2021","230","92","90","48","19","11","177","23","13","8","36","3","112","5",
"la Bisbal d'Empordà","170221","2022","395","260","103","32","11","11","373","21","5","86","112","16","114","18","1"
"la Bisbal d'Empordà","170221","2023","541","320","201","20","9","12","520","6","12","56","168","33","233","12",
"La Canonja","439076","2011","23","11","1","11","10","3","9","1",,,"3","3","3",,
"La Canonja","439076","2012","14","6","1","7","4","4","6",,"1",,"2",,"3",,
"La Canonja","439076","2013","14","2","4","8","4","4","6",,,,"2",,"4",,
"La Canonja","439076","2014","6","1",,"5","4",,"2",,,"1",,"1",,,
"La Canonja","439076","2015","7","2","1","4","3","1","3",,,"1",,,"2",,
"La Canonja","439076","2016","8","1","4","3","3","4","0","1",,,,,,,
"La Canonja","439076","2017","7",,"4","3","2","1","3","1",,,,,"3",,
"La Canonja","439076","2018","18","6","8","4","2","4","12",,"1",,,,"10","1",
"La Canonja","439076","2019","48","11","25","12","4","10","33","1","3",,"1",,"29",,
"La Canonja","439076","2020","11","4","3","4","1","2","8",,"1",,"1",,"6",,
"La Canonja","439076","2021","8","1","5","2",,,"7","1","2",,,,"5",,
"la Canonja","439076","2022","12","3","6","3","1","2","9","1",,,,,"8",,
"la Canonja","439076","2023","15","5","6","4","4","3","8",,,,,,"8",,
"La Cellera de Ter","171899","2011","22","21",,"1","1",,"21",,,,"17",,,"4",
"La Cellera de Ter","171899","2012","38","16","21","1","1",,"37",,,,"33",,,"4",
"La Cellera de Ter","171899","2013","6","4",,"2","2",,"4",,,,"2",,"1","1",
"La Cellera de Ter","171899","2014","2","1",,"1","1","1","0",,,,,,,,
"La Cellera de Ter","171899","2015","1",,,"1","1",,"0",,,,,,,,
"La Cellera de Ter","171899","2016","3","1","1","1",,"2","1",,,,,,"1",,
"La Cellera de Ter","171899","2017","5","2","2","1",,"2","3",,,,,,"1","2",
"La Cellera de Ter","171899","2018","2","1",,"1","1",,"1",,,,"1",,,,
"La Cellera de Ter","171899","2019","6","2","1","3","2","1","3",,,,"3",,,,
"La Cellera de Ter","171899","2020","3","2","1",,,,"2","1",,,"1",,"1",,
"La Cellera de Ter","171899","2021","9","5","4",,,,"1","8",,"1",,,,,
"la Cellera de Ter","171899","2022","11","2","8","1",,,"11","8",,"1","1",,"1",,
"la Cellera de Ter","171899","2023","7","1","3","3",,,"7","3",,,,,"4",,
"La Coma i la Pedra","251636","2022","1","1",,,"1",,,,,,,,,,
"La Coma i la Pedra","251636","2023","2","1","1",,"1",,"1",,,,,,,,
"La Fatarella","430568","2011","4",,,"4","3",,"1",,"1",,,,,,
"La Fatarella","430568","2012","1",,,"1",,,"1",,"1",,,,,,
"La Fatarella","430568","2013","43","43",,,"34",,"9",,"7",,,,"2",,
"La Fatarella","430568","2014","1",,"1",,,,"1",,"1",,,,,,
"La Fatarella","430568","2015","0",,,,,,"0",,,,,,,,
"La Fatarella","430568","2016","0",,,,,,"0",,,,,,,,
"La Fatarella","430568","2017","1",,,"1","1",,"0",,,,,,,,
"La Fatarella","430568","2018","0",,,,,,"0",,,,,,,,
"La Fatarella","430568","2019","5","2",,"3","3",,"2",,"1",,,"1",,,
"La Fatarella","430568","2020","2",,"1","1","1",,"1",,"1",,,,,,
"La Fatarella","430568","2021","1","1",,,,,"1",,,,,"1",,,
"la Fatarella","430568","2022","6",,"5","1","6",,,,,,,,,,
"la Fatarella","430568","2023","7","2",,"5","5",,"2",,,,,,"2",,
"la Figuera","430580","2011","0",,,,,,"0",,,,,,,,
"la Figuera","430580","2012","0",,,,,,"0",,,,,,,,
"la Figuera","430580","2013","0",,,,,,"0",,,,,,,,
"la Figuera","430580","2014","0",,,,,,"0",,,,,,,,
"la Figuera","430580","2015","0",,,,,,"0",,,,,,,,
"la Figuera","430580","2016","0",,,,,,"0",,,,,,,,
"la Figuera","430580","2017","0",,,,,,"0",,,,,,,,
"la Figuera","430580","2018","0",,,,,,"0",,,,,,,,
"la Figuera","430580","2019","0",,,,,,"0",,,,,,,,
"la Figuera","430580","2020","1",,"1",,,,"1",,"1",,,,,,
"la Figuera","430580","2021","1","1",,,,,"1",,,,,,"1",,
"La Figuera","430580","2022","8","3","5",,,,"8",,,,,,"8",,
"La Figuera","430580","2023","4","2","1","1","1",,"3",,,,,,"3",,
"la Floresta","250925","2011","0",,,,,,"0",,,,,,,,
"la Floresta","250925","2012","0",,,,,,"0",,,,,,,,
"la Floresta","250925","2013","0",,,,,,"0",,,,,,,,
"la Floresta","250925","2014","0",,,,,,"0",,,,,,,,
"la Floresta","250925","2015","0",,,,,,"0",,,,,,,,
"la Floresta","250925","2016","0",,,,,,"0",,,,,,,,
"la Floresta","250925","2017","0",,,,,,"0",,,,,,,,
"la Floresta","250925","2018","0",,,,,,"0",,,,,,,,
"la Floresta","250925","2019","0",,,,,,"0",,,,,,,,
"la Floresta","250925","2020","0",,,,,,"0",,,,,,,,
"la Floresta","250925","2021","1","1",,,,,"0","1",,,,,,,
"La Fuliola","250962","2011","3",,,"3","3",,"0",,,,,,,,
"La Fuliola","250962","2012","0",,,,,,"0",,,,,,,,
"La Fuliola","250962","2013","0",,,,,,"0",,,,,,,,
"La Fuliola","250962","2014","6","6",,,,,"6",,,,"6",,,,
"La Fuliola","250962","2015","1","1",,,,,"1",,,,"1",,,,
"La Fuliola","250962","2016","10","10",,,,,"10",,,,"1","9",,,
"La Fuliola","250962","2017","0",,,,,,"0",,,,,,,,
"La Fuliola","250962","2018","0",,,,,,"0",,,,,,,,
"La Fuliola","250962","2019","0",,,,,,"0",,,,,,,,
"La Fuliola","250962","2020","0",,,,,,"0",,,,,,,,
"La Fuliola","250962","2021","0",,,,,,"0",,,,,,,,
"La Fuliola","250962","2022","2","2",,,,,"2",,,,,"1","1",,
"La Fuliola","250962","2023","1",,"1",,,,"1",,,,,,"1",,
"La Galera","430635","2011","2","2",,,,,"2",,"2",,,,,,
"La Galera","430635","2012","5","5",,,,,"5",,"4",,"1",,,,
"La Galera","430635","2013","9","3","4","2","2",,"7",,"6",,"1",,,,
"La Galera","430635","2014","3","2",,"1","1",,"2",,,,"2",,,,
"La Galera","430635","2015","2",,,"2",,,"2",,"1",,,,"1",,
"La Galera","430635","2016","3",,,"3",,,"3",,"1",,,,"2",,
"La Galera","430635","2017","0",,,,,,"0",,,,,,,,
"La Galera","430635","2018","1","1",,,,,"1",,,,"1",,,,
"La Galera","430635","2019","1","1",,,,,"1",,,,"1",,,,
"La Galera","430635","2020","0",,,,,,"0",,,,,,,,
"La Galera","430635","2021","1",,,"1",,,"1",,,,,,"1",,
"La Garriga","080885","2011","260","31","112","117","83","48","124","5","15","1","23","13","70","2",
"La Garriga","080885","2012","228","25","113","90","74","50","103","1","12","3","20","3","61","4",
"La Garriga","080885","2013","180","18","58","104","68","43","69",,"13","2","19",,"30","5",
"La Garriga","080885","2014","173","5","58","110","68","40","65",,"12",,"14","4","31","3","1"
"La Garriga","080885","2015","163","10","30","123","78","29","56",,"9","2","11","3","29",,"2"
"La Garriga","080885","2016","111","20","31","60","32","16","63",,"4","6","4","1","41","4","3"
"La Garriga","080885","2017","138","31","38","69","37","18","83",,"8","9","8","3","48","7",
"La Garriga","080885","2018","131","25","60","46","38","21","72",,"13","6","9","3","34","7",
"La Garriga","080885","2019","167","47","65","55","37","23","106","1","15","7","12",,"59","13",
"La Garriga","080885","2020","97","28","40","29","19","10","55","13","6","4","8",,"29","8",
"La Garriga","080885","2021","98","25","48","25","17","10","36","35","2","4","4",,"26",,
"la Garriga","080885","2022","76","28","34","14","5","3","68","10","1","7","13","1","33","3",
"la Garriga","080885","2023","89","41","32","16","5","7","77","3",,"8","7","4","43","12",
"La Granada","080945","2011","16",,"6","10","6","2","5","3",,,"1","1","3",,
"La Granada","080945","2012","16",,"1","15","13","3","0",,,,,,,,
"La Granada","080945","2013","19","1","3","15","11","2","6",,"2",,,,"4",,
"La Granada","080945","2014","17","3","4","10","5","2","10",,"1",,"1",,"8",,
"La Granada","080945","2015","13","3","6","4","1","1","11",,,"2","5",,"4",,
"La Granada","080945","2016","8","2","4","2",,"2","6",,,,"3","3",,,
"La Granada","080945","2017","3","3",,,,,"3",,"2",,"1",,,,
"La Granada","080945","2018","7","5","1","1","1","1","5",,"2",,"3",,,,
"La Granada","080945","2019","10","5","5",,"2",,"8",,"2",,"6",,,,
"La Granada","080945","2020","6","1","2","3","3",,"3",,,,"3",,,,
"La Granada","080945","2021","7","1","6",,,,"6","1",,,"3",,,"3",
"la Granada","080945","2022","5","2","2","1","1",,"4",,"1",,,,,"3",
"la Granada","080945","2023","9","2","4","3",,,"9",,"2",,,"2","2","3",
"La Granadella","251018","2011","2",,,"2","2",,"0",,,,,,,,
"La Granadella","251018","2012","4",,,"4","2",,"0","2",,,,,,,
"La Granadella","251018","2013","3","1",,"2",,,"1","2",,,"1",,,,
"La Granadella","251018","2014","1","1",,,,,"1",,,,"1",,,,
"La Granadella","251018","2015","1",,,"1",,"1","0",,,,,,,,
"La Granadella","251018","2016","2",,,"2",,"1","0","1",,,,,,,
"La Granadella","251018","2017","0",,,,,,"0",,,,,,,,
"La Granadella","251018","2018","1","1",,,,,"1",,,,"1",,,,
"La Granadella","251018","2019","2","2",,,,,"2",,,,"2",,,,
"La Granadella","251018","2020","0",,,,,,"0",,,,,,,,
"La Granadella","251018","2021","1","1",,,,,"0","1",,,,,,,
"La Granadella","251018","2023","20","16","2","2","2","1","17",,"1",,"14",,"2",,
"La Granja d'Escarp","251023","2011","1",,,"1","1",,"0",,,,,,,,
"La Granja d'Escarp","251023","2012","5","3","1","1","1",,"4",,"2",,"2",,,,
"La Granja d'Escarp","251023","2013","2","2",,,,,"2",,,,"1",,"1",,
"La Granja d'Escarp","251023","2014","0",,,,,,"0",,,,,,,,
"La Granja d'Escarp","251023","2015","0",,,,,,"0",,,,,,,,
"La Granja d'Escarp","251023","2016","9","9",,,,,"9",,,,"9",,,,
"La Granja d'Escarp","251023","2017","0",,,,,,"0",,,,,,,,
"La Granja d'Escarp","251023","2018","0",,,,,,"0",,,,,,,,
"La Granja d'Escarp","251023","2019","0",,,,,,"0",,,,,,,,
"La Granja d'Escarp","251023","2020","0",,,,,,"0",,,,,,,,
"La Granja d'Escarp","251023","2021","0",,,,,,"0",,,,,,,,
"La Granja d'Escarp","251023","2022","2",,"1","1","1",,"1",,"1",,,,,,
"La Granja d'Escarp","251023","2023","2",,,"2","2",,,,,,,,,,
"la Guingueta d'Àneu","259031","2011","0",,,,,,"0",,,,,,,,
"la Guingueta d'Àneu","259031","2012","1","1",,,,,"1",,,,,,"1",,
"la Guingueta d'Àneu","259031","2013","0",,,,,,"0",,,,,,,,
"la Guingueta d'Àneu","259031","2014","0",,,,,,"0",,,,,,,,
"la Guingueta d'Àneu","259031","2015","1",,,"1",,"1","0",,,,,,,,
"la Guingueta d'Àneu","259031","2016","0",,,,,,"0",,,,,,,,
"la Guingueta d'Àneu","259031","2017","1",,,"1",,,"1",,,,,,"1",,
"la Guingueta d'Àneu","259031","2018","0",,,,,,"0",,,,,,,,
"la Guingueta d'Àneu","259031","2019","0",,,,,,"0",,,,,,,,
"la Guingueta d'Àneu","259031","2020","1","1",,,,,"0","1",,,,,,,
"la Guingueta d'Àneu","259031","2021","3",,"3",,,,"0","3",,,,,,,
"La Jonquera","170865","2011","39","10","28","1",,"6","31","2","3",,"25",,"3",,
"La Jonquera","170865","2012","42","39","3",,"1","2","27","12","2",,"14","1","10",,
"La Jonquera","170865","2013","24","7","16","1",,"1","22","1","1",,"9","4","7","1",
"La Jonquera","170865","2014","3","2","1",,,,"3",,,,"1",,"2",,
"La Jonquera","170865","2015","16","15","1",,,"4","12",,"2",,"7",,"3",,
"La Jonquera","170865","2016","24","21","2","1","1","4","19",,"2",,"10","2","5",,
"La Jonquera","170865","2017","21","19","2",,,"3","18",,"1",,"10",,"7",,
"La Jonquera","170865","2018","14","12","2",,,"2","12",,,,"7",,"5",,
"La Jonquera","170865","2019","33","31",,"2","2",,"31",,"1",,"12",,"18",,
"La Jonquera","170865","2020","23","22","1",,,,"23",,"1",,"7",,"15",,
"La Jonquera","170865","2021","13","11","2",,,,"6","7",,,"5",,"1",,
"la Jonquera","170865","2022","4","2","2",,,,"4",,,,"4",,,,
"la Jonquera","170865","2023","31","28","3",,,,"31",,"1","5","4","2","18","1",
"La Llacuna","081043","2011","14","13",,"1",,"1","12","1","4",,"7",,"1",,
"La Llacuna","081043","2012","0",,,,,,"0",,,,,,,,
"La Llacuna","081043","2013","0",,,,,,"0",,,,,,,,
"La Llacuna","081043","2014","0",,,,,,"0",,,,,,,,
"La Llacuna","081043","2015","0",,,,,,"0",,,,,,,,
"La Llacuna","081043","2016","2",,,"2","2",,"0",,,,,,,,
"La Llacuna","081043","2017","2","1",,"1","1",,"1",,,,,,"1",,
"La Llacuna","081043","2018","0",,,,,,"0",,,,,,,,
"La Llacuna","081043","2019","2","2",,,,,"2",,"1",,,,"1",,
"La Llacuna","081043","2020","0",,,,,,"0",,,,,,,,
"La Llacuna","081043","2021","0",,,,,,"0",,,,,,,,
"La Llacuna","081043","2022","1","1",,,,,"1",,,,,,"1",,
"La Llacuna","081043","2023","2","1","1",,,"1","1",,,,,,"1",,
"La Llagosta","081056","2011","167","22","79","66","55","44","68",,"10","3","2",,"52","1",
"La Llagosta","081056","2012","150","42","48","60","47","40","63",,"4","4","6","3","45","1",
"La Llagosta","081056","2013","96","17","39","40","27","26","43",,"6",,"4","1","32",,
"La Llagosta","081056","2014","63","25","18","20","13","10","40",,,,"3","1","33","3",
"La Llagosta","081056","2015","68","26","30","12","16","11","41",,"3","1","2","1","32","2",
"La Llagosta","081056","2016","96","37","34","25","21","9","66",,"2","2","6","1","51","4",
"La Llagosta","081056","2017","99","24","44","31","25","11","63",,"3","2","4","3","46","2","3"
"La Llagosta","081056","2018","72","19","24","29","19","14","39",,"1","1","5","2","29",,"1"
"La Llagosta","081056","2019","71","18","27","26","26","14","31",,"1",,"2",,"24","4",
"La Llagosta","081056","2020","40","13","12","15","9","5","26",,"1",,"2",,"22","1",
"La Llagosta","081056","2021","41","17","12","12","5","4","26","6",,,,,"26",,
"la Llagosta","081056","2022","65","36","20","9","3","4","58","10",,"1","3",,"43",,"1"
"la Llagosta","081056","2023","108","44","53","11","16","6","86","2","1","1","6","1","75",,
"La Masó","430803","2011","1",,,"1","1",,"0",,,,,,,,
"La Masó","430803","2012","0",,,,,,"0",,,,,,,,
"La Masó","430803","2013","0",,,,,,"0",,,,,,,,
"La Masó","430803","2014","0",,,,,,"0",,,,,,,,
"La Masó","430803","2015","0",,,,,,"0",,,,,,,,
"La Masó","430803","2016","1",,"1",,,,"1",,,,,,"1",,
"La Masó","430803","2017","2",,"2",,,,"2",,,,,,"2",,
"La Masó","430803","2018","0",,,,,,"0",,,,,,,,
"La Masó","430803","2019","0",,,,,,"0",,,,,,,,
"La Masó","430803","2020","0",,,,,,"0",,,,,,,,
"La Masó","430803","2021","0",,,,,,"0",,,,,,,,
"La Masó","430803","2022","1","1",,,,,"1",,,,,,"1",,
"La Masó","430803","2023","2","1","1",,,,"2",,,,,,"2",,
"La Molsosa","251364","2011","0",,,,,,"0",,,,,,,,
"La Molsosa","251364","2012","0",,,,,,"0",,,,,,,,
"La Molsosa","251364","2013","0",,,,,,"0",,,,,,,,
"La Molsosa","251364","2014","0",,,,,,"0",,,,,,,,
"La Molsosa","251364","2015","0",,,,,,"0",,,,,,,,
"La Molsosa","251364","2016","1",,,"1","1",,"0",,,,,,,,
"La Molsosa","251364","2017","0",,,,,,"0",,,,,,,,
"La Molsosa","251364","2018","0",,,,,,"0",,,,,,,,
"La Molsosa","251364","2019","0",,,,,,"0",,,,,,,,
"La Molsosa","251364","2020","0",,,,,,"0",,,,,,,,
"La Molsosa","251364","2021","0",,,,,,"0",,,,,,,,
"la Nou de Berguedà","081424","2011","0",,,,,,"0",,,,,,,,
"la Nou de Berguedà","081424","2012","0",,,,,,"0",,,,,,,,
"la Nou de Berguedà","081424","2013","0",,,,,,"0",,,,,,,,
"la Nou de Berguedà","081424","2014","0",,,,,,"0",,,,,,,,
"la Nou de Berguedà","081424","2015","0",,,,,,"0",,,,,,,,
"la Nou de Berguedà","081424","2016","0",,,,,,"0",,,,,,,,
"la Nou de Berguedà","081424","2017","0",,,,,,"0",,,,,,,,
"la Nou de Berguedà","081424","2018","0",,,,,,"0",,,,,,,,
"la Nou de Berguedà","081424","2019","0",,,,,,"0",,,,,,,,
"la Nou de Berguedà","081424","2020","0",,,,,,"0",,,,,,,,
"la Nou de Berguedà","081424","2021","2","1","1",,,,"2",,,,,"2",,,
"La Nou de Gaià","430976","2011","0",,,,,,"0",,,,,,,,
"La Nou de Gaià","430976","2012","1","1",,,,"1","0",,,,,,,,
"La Nou de Gaià","430976","2013","1",,"1",,,,"1",,"1",,,,,,
"La Nou de Gaià","430976","2014","2",,"2",,,,"2",,"2",,,,,,
"La Nou de Gaià","430976","2015","0",,,,,,"0",,,,,,,,
"La Nou de Gaià","430976","2016","0",,,,,,"0",,,,,,,,
"La Nou de Gaià","430976","2017","0",,,,,,"0",,,,,,,,
"La Nou de Gaià","430976","2018","0",,,,,,"0",,,,,,,,
"La Nou de Gaià","430976","2019","0",,,,,,"0",,,,,,,,
"La Nou de Gaià","430976","2020","0",,,,,,"0",,,,,,,,
"La Nou de Gaià","430976","2021","0",,,,,,"0",,,,,,,,
"La Nou de Gaià","430976","2022","2","1","1",,"1",,"1",,,"1",,,,,
"La Nou de Gaià","430976","2023","2","1","1",,"1",,"1",,"1",,,,,,
"La Palma de Cervelló","089058","2011","43","6","2","35","28","5","9","1","1",,,,"8",,
"La Palma de Cervelló","089058","2012","50","18","2","30","18","15","17",,"1",,"6",,"10",,
"La Palma de Cervelló","089058","2013","47","22","21","4","2","18","27",,"3",,"3","1","18","2",
"La Palma de Cervelló","089058","2014","28","4","18","6","5","11","12",,"3",,,"1","7","1",
"La Palma de Cervelló","089058","2015","36","7","18","11","13","9","14",,"4","3",,,"6","1",
"La Palma de Cervelló","089058","2016","27","4","9","14","10","3","14",,"4","1",,"1","6","2",
"La Palma de Cervelló","089058","2017","41","10","4","27","15","8","18",,"5",,"2",,"11",,
"La Palma de Cervelló","089058","2018","34","1","4","29","11","10","13",,"6",,,,"5",,"2"
"La Palma de Cervelló","089058","2019","37","13","2","22","16","3","18",,"7",,"4","1","6",,
"La Palma de Cervelló","089058","2020","40","1","27","12","10","4","26",,"8",,"8","2","8",,
"La Palma de Cervelló","089058","2021","24","8","13","3","7","4","13",,"1",,"2",,"10",,
"la Palma de Cervelló","089058","2022","31","14","15","2","2","1","28",,,,"6",,"21","1",
"la Palma de Cervelló","089058","2023","54","16","29","9","11","2","41",,"3","1","8",,"28","1",
"La Palma d'Ebre","430995","2011","0",,,,,,"0",,,,,,,,
"La Palma d'Ebre","430995","2012","0",,,,,,"0",,,,,,,,
"La Palma d'Ebre","430995","2013","0",,,,,,"0",,,,,,,,
"La Palma d'Ebre","430995","2014","0",,,,,,"0",,,,,,,,
"La Palma d'Ebre","430995","2015","0",,,,,,"0",,,,,,,,
"La Palma d'Ebre","430995","2016","0",,,,,,"0",,,,,,,,
"La Palma d'Ebre","430995","2017","3",,"1","2","2",,"1",,,,"1",,,,
"La Palma d'Ebre","430995","2018","0",,,,,,"0",,,,,,,,
"La Palma d'Ebre","430995","2019","0",,,,,,"0",,,,,,,,
"La Palma d'Ebre","430995","2020","0",,,,,,"0",,,,,,,,
"La Palma d'Ebre","430995","2021","0",,,,,,"0",,,,,,,,
"La Palma d'Ebre","430995","2022","1","1",,,,,"1",,,,,,"1",,
"La Palma d'Ebre","430995","2023","22","22",,,"4",,"18",,,"2","3","2","11",,
"La Pera","171306","2011","1",,,"1",,,"1",,"1",,,,,,
"La Pera","171306","2012","0",,,,,,"0",,,,,,,,
"La Pera","171306","2013","2","1",,"1","1","1","0",,,,,,,,
"La Pera","171306","2014","2",,,"2","2",,"0",,,,,,,,
"La Pera","171306","2015","0",,,,,,"0",,,,,,,,
"La Pera","171306","2016","4","1","3",,,,"4",,,"2",,"1",,,"1"
"La Pera","171306","2017","7",,"7",,,,"7",,,"3",,"2",,,"2"
"La Pera","171306","2018","3",,"2","1",,,"3",,,"1",,"1",,,"1"
"La Pera","171306","2019","5","2","3",,,,"5",,,,,"1","4",,
"La Pera","171306","2020","2",,"2",,,,"2",,,,,"2",,,
"La Pera","171306","2021","3",,"2","1",,,"3",,,,,"1","2",,
"la Pera","171306","2023","2","1",,"1","1",,"1",,,,,,"1",,
"La Pobla de Cérvoles","251692","2011","0",,,,,,"0",,,,,,,,
"La Pobla de Cérvoles","251692","2012","0",,,,,,"0",,,,,,,,
"La Pobla de Cérvoles","251692","2013","0",,,,,,"0",,,,,,,,
"La Pobla de Cérvoles","251692","2014","0",,,,,,"0",,,,,,,,
"La Pobla de Cérvoles","251692","2015","0",,,,,,"0",,,,,,,,
"La Pobla de Cérvoles","251692","2016","0",,,,,,"0",,,,,,,,
"La Pobla de Cérvoles","251692","2017","0",,,,,,"0",,,,,,,,
"La Pobla de Cérvoles","251692","2018","0",,,,,,"0",,,,,,,,
"La Pobla de Cérvoles","251692","2019","1","1",,,,,"1",,,"1",,,,,
"La Pobla de Cérvoles","251692","2020","0",,,,,,"0",,,,,,,,
"La Pobla de Cérvoles","251692","2021","0",,,,,,"0",,,,,,,,
"La Pobla de Cérvoles","251692","2023","1","1",,,,,"1",,,,,"1",,,
"La Pobla de Claramunt","081653","2011","15","2","6","7","8",,"7",,"1","1",,"1","4",,
"La Pobla de Claramunt","081653","2012","2",,"1","1","1",,"1",,,,,,"1",,
"La Pobla de Claramunt","081653","2013","2",,"1","1",,,"2",,,,,,"2",,
"La Pobla de Claramunt","081653","2014","2","1",,"1","1",,"1",,,"1",,,,,
"La Pobla de Claramunt","081653","2015","5","2","1","2","2",,"3",,,,,,"3",,
"La Pobla de Claramunt","081653","2016","10","2","4","4",,"2","8",,"3",,,,"5",,
"La Pobla de Claramunt","081653","2017","16","1","6","9","3","4","9",,"1",,"1",,"7",,
"La Pobla de Claramunt","081653","2018","9","3","2","4",,"1","8",,,"1","2",,"5",,
"La Pobla de Claramunt","081653","2019","6","2","2","2",,"3","3",,,,,,"3",,
"La Pobla de Claramunt","081653","2020","7","1","3","3",,,"7",,,,,,"7",,
"La Pobla de Claramunt","081653","2021","7",,"7",,,,"7",,,,,,"7",,
"la Pobla de Claramunt","081653","2022","5","1","3","1",,,"5",,,,,,"5",,
"la Pobla de Claramunt","081653","2023","7","1","3","3",,,"7",,,,,,"7",,
"La Pobla de Lillet","081666","2011","0",,,,,,"0",,,,,,,,
"La Pobla de Lillet","081666","2012","0",,,,,,"0",,,,,,,,
"La Pobla de Lillet","081666","2013","2",,"2",,,,"2",,,,,,"2",,
"La Pobla de Lillet","081666","2014","3",,"3",,,,"3",,,,,,"3",,
"La Pobla de Lillet","081666","2015","0",,,,,,"0",,,,,,,,
"La Pobla de Lillet","081666","2016","0",,,,,,"0",,,,,,,,
"La Pobla de Lillet","081666","2017","0",,,,,,"0",,,,,,,,
"La Pobla de Lillet","081666","2018","1","1",,,,"1","0",,,,,,,,
"La Pobla de Lillet","081666","2019","1","1",,,,,"1",,,,,,"1",,
"La Pobla de Lillet","081666","2020","3","3",,,,,"3",,,,,,"3",,
"La Pobla de Lillet","081666","2021","3","2","1",,,,"1","2",,,,,"1",,
"la Pobla de Lillet","081666","2023","4",,"4",,,"2","2",,,,,,"2",,
"La Pobla de Mafumet","431093","2011","19","2","6","11","7","2","10",,"2",,"2",,"4","2",
"La Pobla de Mafumet","431093","2012","20","2","5","13","8","5","7",,"1",,"2",,"2","2",
"La Pobla de Mafumet","431093","2013","9",,"3","6","3","2","4",,"2",,"1",,"1",,
"La Pobla de Mafumet","431093","2014","10",,"6","4","1",,"9",,"7",,,,"2",,
"La Pobla de Mafumet","431093","2015","9","3","2","4","2",,"7",,"4",,"1",,"2",,
"La Pobla de Mafumet","431093","2016","4","1","1","2",,"1","3",,,,,,"3",,
"La Pobla de Mafumet","431093","2017","6","1","1","4","1","2","3",,,,,,"3",,
"La Pobla de Mafumet","431093","2018","20","7","6","7","4","5","11",,"1",,,,"10",,
"La Pobla de Mafumet","431093","2019","8","1","2","5","2","3","3",,,,,,"3",,
"La Pobla de Mafumet","431093","2020","9",,"3","6","4","3","2",,,,,,"2",,
"La Pobla de Mafumet","431093","2021","26","8","7","11","5","1","12","8","3",,"3",,"6",,
"la Pobla de Mafumet","431093","2022","21","10","6","5","2","1","18","7",,"1","5",,"5",,
"la Pobla de Mafumet","431093","2023","39","15","16","8","10","7","22","1","1",,"3",,"17",,
"la Pobla de Massaluca","431107","2011","3",,,"3","3",,"0",,,,,,,,
"la Pobla de Massaluca","431107","2012","1",,,"1","1",,"0",,,,,,,,
"la Pobla de Massaluca","431107","2013","22","22",,,"14","4","4",,,,,,"4",,
"la Pobla de Massaluca","431107","2014","0",,,,,,"0",,,,,,,,
"la Pobla de Massaluca","431107","2015","0",,,,,,"0",,,,,,,,
"la Pobla de Massaluca","431107","2016","0",,,,,,"0",,,,,,,,
"la Pobla de Massaluca","431107","2017","0",,,,,,"0",,,,,,,,
"la Pobla de Massaluca","431107","2018","1","1",,,,,"1",,,,,,"1",,
"la Pobla de Massaluca","431107","2019","0",,,,,,"0",,,,,,,,
"la Pobla de Massaluca","431107","2020","1","1",,,,,"1",,,,,,"1",,
"la Pobla de Massaluca","431107","2021","3","1","2",,,,"3",,,,,,"3",,
"La Pobla de Montornès","431114","2011","10",,"2","8","3","2","5",,,,,,"5",,
"La Pobla de Montornès","431114","2012","6",,"3","3","1","2","3",,,,,,"3",,
"La Pobla de Montornès","431114","2013","4",,"2","2",,"3","1",,,,,,"1",,
"La Pobla de Montornès","431114","2014","2",,,"2",,,"2",,,,,,"2",,
"La Pobla de Montornès","431114","2015","2",,,"2","1",,"1",,,,,,"1",,
"La Pobla de Montornès","431114","2016","6",,"1","5","5",,"1",,,"1",,,,,
"La Pobla de Montornès","431114","2017","7","1","3","3","3","3","1",,,"1",,,,,
"La Pobla de Montornès","431114","2018","3","1","2",,,"1","2",,"2",,,,,,
"La Pobla de Montornès","431114","2019","6","1","4","1",,"1","5",,"3",,,,"2",,
"La Pobla de Montornès","431114","2020","8","3","4","1",,"1","5","2","1",,,,"4",,
"La Pobla de Montornès","431114","2021","14","3","6","5",,"2","7","5","2",,,,"5",,
"la Pobla de Montornès","431114","2022","6","1","2","3",,"2","4","1",,,,,"3",,
"la Pobla de Montornès","431114","2023","16","2","7","7","2","2","12",,,,,,"12",,
"La Pobla de Segur","251713","2011","24",,"17","7","6","1","17",,,,"13",,"4",,
"La Pobla de Segur","251713","2012","7","4",,"3","3",,"4",,,,"2",,"2",,
"La Pobla de Segur","251713","2013","3",,,"3","3",,"0",,,,,,,,
"La Pobla de Segur","251713","2014","2",,,"2","2",,"0",,,,,,,,
"La Pobla de Segur","251713","2015","3","2","1",,,,"3",,,,"3",,,,
"La Pobla de Segur","251713","2016","8","5","2","1","1",,"7",,,,"3",,"4",,
"La Pobla de Segur","251713","2017","7","1","3","3","2","2","3",,,,"1",,"2",,
"La Pobla de Segur","251713","2018","11","6","3","2","1","1","9",,,,"1",,"8",,
"La Pobla de Segur","251713","2019","12","4","2","6","5","1","6",,,,"4",,"2",,
"La Pobla de Segur","251713","2020","20","7","13",,,,"20",,"2",,"13",,"5",,
"La Pobla de Segur","251713","2021","11","5","4","2","2",,"8","1",,,"4",,"4",,
"la Pobla de Segur","251713","2022","14","7","5","2","1",,"13","1","1",,"4",,"7",,
"la Pobla de Segur","251713","2023","13","4","3","6","4",,"9","1","2",,"1",,"5",,
"La Portella","251749","2011","5","4","1",,,,"5",,"4",,,"1",,,
"La Portella","251749","2012","2","2",,,,,"2",,,,,"2",,,
"La Portella","251749","2013","2","1",,"1","1","1","0",,,,,,,,
"La Portella","251749","2014","1","1",,,,,"1",,,"1",,,,,
"La Portella","251749","2015","3","1","2",,,,"3",,,"3",,,,,
"La Portella","251749","2016","6",,"6",,,,"6",,,"6",,,,,
"La Portella","251749","2017","6","1","4","1",,,"5","1",,"3",,"1","1",,
"La Portella","251749","2018","8","3","3","2",,,"6","2",,"4",,"2",,,
"La Portella","251749","2019","2",,"2",,,,"2",,,"2",,,,,
"La Portella","251749","2020","0",,,,,,"0",,,,,,,,
"La Portella","251749","2021","0",,,,,,"0",,,,,,,,
"La Portella","251749","2022","1","1",,,,,"1",,,,,,"1",,
"La Ràpita","431362","2011","11","2","4","5","4","3","4",,"1",,,"1","2",,
"La Ràpita","431362","2012","22","9","2","11","9","2","11",,"4",,"2","2","3",,
"La Ràpita","431362","2013","17","5","4","8","9","2","5","1","1",,"2",,,"2",
"La Ràpita","431362","2014","5","3",,"2","2","1","2",,"1",,,,"1",,
"La Ràpita","431362","2015","12","2",,"10","7","2","2","1",,,,"1","1",,
"La Ràpita","431362","2016","38","8","13","17","9","10","19",,"13",,,,"6",,
"La Ràpita","431362","2017","23",,"2","21","16","7","0",,,,,,,,
"La Ràpita","431362","2018","8","2",,"6","6",,"2",,,,,"1","1",,
"La Ràpita","431362","2019","17","9",,"8","4",,"13",,"1",,"8","1","3",,
"La Ràpita","431362","2020","18","11",,"7",,"1","13","4","3","1","1","1","7",,
"La Ràpita","431362","2021","15","4","6","5","1",,"6","8",,,,"3","3",,
"La Ràpita","431362","2022","7","2","3","2",,,"7","5",,,"1",,"1",,
"La Ràpita","431362","2023","16","2","4","10","5","1","10","3",,,,,"7",,
"La Riba","431248","2011","5","2",,"3","1","1","3",,"1",,"2",,,,
"La Riba","431248","2012","3",,,"3",,"1","2",,"2",,,,,,
"La Riba","431248","2013","0",,,,,,"0",,,,,,,,
"La Riba","431248","2014","3",,,"3","3",,"0",,,,,,,,
"La Riba","431248","2015","2",,,"2","2",,"0",,,,,,,,
"La Riba","431248","2016","2",,"2",,,,"2",,,,,,"2",,
"La Riba","431248","2017","0",,,,,,"0",,,,,,,,
"La Riba","431248","2018","0",,,,,,"0",,,,,,,,
"La Riba","431248","2019","2",,,"2","2",,"0",,,,,,,,
"La Riba","431248","2020","1",,,"1",,,"1",,"1",,,,,,
"La Riba","431248","2021","2",,,"2",,,"2",,"2",,,,,,
"La Riba","431248","2022","2","1","1",,,,"2",,,,,,"2",,
"La Riera de Gaià","431264","2011","3","1",,"2",,,"2","1",,,,,"2",,
"La Riera de Gaià","431264","2012","3","1","1","1",,"2","1",,,,,,"1",,
"La Riera de Gaià","431264","2013","3",,"1","2","1",,"1","1","1",,,,,,
"La Riera de Gaià","431264","2014","3",,"2","1","3",,"0",,,,,,,,
"La Riera de Gaià","431264","2015","1",,,"1","1",,"0",,,,,,,,
"La Riera de Gaià","431264","2016","2","2",,,,,"2",,,,,,"2",,
"La Riera de Gaià","431264","2017","1","1",,,,,"1",,,,,,"1",,
"La Riera de Gaià","431264","2018","3","2",,"1","1",,"2",,,,,,"2",,
"La Riera de Gaià","431264","2019","7","4","3",,,,"6","1",,,,,"6",,
"La Riera de Gaià","431264","2020","5","1","3","1","1",,"3","1",,,,,"3",,
"La Riera de Gaià","431264","2021","2","1","1",,,,"2",,,,,,"2",,
"La Riera de Gaià","431264","2022","5","2","3",,,,"5","2",,"1",,,"2",,
"La Riera de Gaià","431264","2023","12","4","6","2","2","1","9","1",,"3",,,"3",,"2"
"La Roca del Vallès","081810","2011","57","15","25","17","13","18","25","1","4",,"1",,"20",,
"La Roca del Vallès","081810","2012","60","13","22","25","15","21","24",,"5",,,,"18","1",
"La Roca del Vallès","081810","2013","40","5","12","23","10","15","15",,"1","1",,,"13",,
"La Roca del Vallès","081810","2014","32","3","10","19","8","14","9","1","2",,,,"7",,
"La Roca del Vallès","081810","2015","34","6","9","19","12","11","11",,"1",,,,"8","2",
"La Roca del Vallès","081810","2016","34","5","11","18","12","9","12","1","2",,"2",,"8",,
"La Roca del Vallès","081810","2017","30","9","6","15","12","3","15",,"1",,,"2","12",,
"La Roca del Vallès","081810","2018","31","4","12","15","9","8","14",,,,"2",,"12",,
"La Roca del Vallès","081810","2019","48","13","17","18","11","8","29",,"4",,,"5","19","1",
"La Roca del Vallès","081810","2020","37","15","11","11","4","3","27","3","5",,"7","7","8",,
"La Roca del Vallès","081810","2021","19","3","9","7","2",,"15","2",,,"1","1","13",,
"la Roca del Vallès","081810","2022","29","15","3","11","5","3","21",,"1","3","3","5","8","1",
"la Roca del Vallès","081810","2023","56","29","14","13","11","3","42",,"1","4","5","14","17","1",
"La Secuita","431444","2011","9","1","4","4","4","2","3",,,,,,"3",,
"La Secuita","431444","2012","8","1","3","4","4","1","3",,,,,,"3",,
"La Secuita","431444","2013","7",,"4","3","3","1","3",,,,,,"3",,
"La Secuita","431444","2014","2",,,"2","1",,"1",,,,,,"1",,
"La Secuita","431444","2015","5",,"1","4","1",,"4",,,,,,"4",,
"La Secuita","431444","2016","5",,"2","3","1","1","3",,,,,,"3",,
"La Secuita","431444","2017","9","1","2","6","3","3","3",,,,,,"3",,
"La Secuita","431444","2018","7","2",,"5","3","2","2",,,,,,"2",,
"La Secuita","431444","2019","12","3","2","7","5",,"7",,"1",,"2",,"4",,
"La Secuita","431444","2020","10","2","3","5","3","2","4","1","1",,"1",,"2",,
"La Secuita","431444","2021","5",,"3","2",,,"2","3",,,,,"2",,
"la Secuita","431444","2022","2",,"2",,,,"2","2",,,,,,,
"la Secuita","431444","2023","9","1",,"8","5","3","1",,"1",,,,,,
"La Selva de Mar","171886","2011","2","1","1",,,,"2",,,,"2",,,,
"La Selva de Mar","171886","2012","2",,,"2","1",,"0","1",,,,,,,
"La Selva de Mar","171886","2013","3","2",,"1","1",,"2",,,,"2",,,,
"La Selva de Mar","171886","2014","1",,,"1","1",,"0",,,,,,,,
"La Selva de Mar","171886","2015","2",,,"2","2",,"0",,,,,,,,
"La Selva de Mar","171886","2016","0",,,,,,"0",,,,,,,,
"La Selva de Mar","171886","2017","1",,,"1","1",,"0",,,,,,,,
"La Selva de Mar","171886","2018","0",,,,,,"0",,,,,,,,
"La Selva de Mar","171886","2019","0",,,,,,"0",,,,,,,,
"La Selva de Mar","171886","2020","0",,,,,,"0",,,,,,,,
"La Selva de Mar","171886","2021","1","1",,,,,"0","1",,,,,,,
"La Selva del Camp","431457","2011","31","7","7","17","13","7","9","2",,,"3",,"4","2",
"La Selva del Camp","431457","2012","21","4","7","10","6","8","7",,"1",,,,"6",,
"La Selva del Camp","431457","2013","21","5","8","8","2","4","15",,"2","5",,,"8",,
"La Selva del Camp","431457","2014","18","1","6","11","7","1","10",,"1","4",,,"5",,
"La Selva del Camp","431457","2015","14","2","8","4","4","1","9",,,"3","1",,"5",,
"La Selva del Camp","431457","2016","23","8","3","12","7","4","12",,"2","1","4",,"2","3",
"La Selva del Camp","431457","2017","9",,,"9","5","3","1",,"1",,,,,,
"La Selva del Camp","431457","2018","9","2","4","3","1","1","7",,"4",,,,"3",,
"La Selva del Camp","431457","2019","4",,"2","2","2",,"2",,"2",,,,,,
"La Selva del Camp","431457","2020","3","1",,"2",,"1","1","1",,,"1",,,,
"La Selva del Camp","431457","2021","7","3",,"4",,"2","4","1","1","1","2",,,,
"la Selva del Camp","431457","2022","15","4","1","10","2","1","12","3","4","1","1",,"3",,
"la Selva del Camp","431457","2023","21","3","6","12","3","2","16","3","2","5","4",,"2",,
"La Sénia","430445","2011","9",,,"9","3",,"6",,"6",,,,,,
"La Sénia","430445","2012","9","3",,"6","2",,"7",,"5",,"2",,,,
"La Sénia","430445","2013","1","1",,,,,"1",,,,,,,"1",
"La Sénia","430445","2014","31","31",,,,,"31",,"5",,"20",,"4","2",
"La Sénia","430445","2015","44","41","1","2","1","1","42",,"3",,"34",,"3","2",
"La Sénia","430445","2016","26","22","3","1",,,"26",,"4",,"16",,"5","1",
"La Sénia","430445","2017","7","1","4","2","1",,"6",,"5",,,,,"1",
"La Sénia","430445","2018","6","1",,"5","2",,"4",,"3",,"1",,,,
"La Sénia","430445","2019","18","14",,"4","2",,"16",,"2",,"10",,"4",,
"La Sénia","430445","2020","12","10",,"2",,,"11","1","1",,"7",,"3",,
"La Sénia","430445","2021","29","24","2","3","3",,"23","3","1",,"13",,"9",,
"la Sénia","430445","2022","18","14","3","1",,,"18","3","1",,"14",,,,
"la Sénia","430445","2023","15","7","3","5","3","2","10","3","1",,"5",,"1",,
"La Sentiu de Sió","250352","2011","2",,"1","1","1",,"1",,,,"1",,,,
"La Sentiu de Sió","250352","2012","2","2",,,,,"2",,,,"1",,"1",,
"La Sentiu de Sió","250352","2013","0",,,,,,"0",,,,,,,,
"La Sentiu de Sió","250352","2014","0",,,,,,"0",,,,,,,,
"La Sentiu de Sió","250352","2015","0",,,,,,"0",,,,,,,,
"La Sentiu de Sió","250352","2016","2",,"1","1",,"1","1",,"1",,,,,,
"La Sentiu de Sió","250352","2017","1",,"1",,,,"1",,"1",,,,,,
"La Sentiu de Sió","250352","2018","1","1",,,,"1","0",,,,,,,,
"La Sentiu de Sió","250352","2019","1","1",,,,,"1",,,,,,"1",,
"La Sentiu de Sió","250352","2020","3","1","1","1","1",,"1","1",,,,,"1",,
"La Sentiu de Sió","250352","2021","2",,,"2",,,"0","2",,,,,,,
"La Sentiu de Sió","250352","2023","3","1","1","1","1",,"2",,,,,,"2",,
"La Seu d'Urgell","252038","2011","85","24",,"61","31","11","36","7","9","3","8","2","14",,
"La Seu d'Urgell","252038","2012","56","13","1","42","15","10","27","4","5","4","2",,"16",,
"La Seu d'Urgell","252038","2013","39","15","1","23","9","5","25",,"10","3","4",,"8",,
"La Seu d'Urgell","252038","2014","29","9",,"20","8","7","13","1","4","4","1",,"4",,
"La Seu d'Urgell","252038","2015","21",,"2","19","3","7","11",,"3","1",,,"6",,"1"
"La Seu d'Urgell","252038","2016","31",,"3","28","21","3","7",,"1","2",,,"4",,
"La Seu d'Urgell","252038","2017","48",,"15","33","23","9","16",,"2","2","4",,"8",,
"La Seu d'Urgell","252038","2018","25","1",,"24","14","6","4","1","2",,"1",,"1",,
"La Seu d'Urgell","252038","2019","60","36",,"24","9","12","39",,"5",,"15","1","11","7",
"La Seu d'Urgell","252038","2020","57","29","12","16","3","14","37","3","5","2","7",,"22","1",
"La Seu d'Urgell","252038","2021","22","1","4","17","6","3","7","6","2",,,,"5",,
"la Seu d'Urgell","252038","2022","69","59","2","8","3","8","58","1","2","23","6",,"25",,"1"
"la Seu d'Urgell","252038","2023","78","16","45","17","8","25","45",,"3","2","2","3","32","2","1"
"La Tallada d'Empordà","171959","2011","10","1","4","5",,"1","9",,"7","1","1",,,,
"La Tallada d'Empordà","171959","2012","10","1","3","6","1",,"9",,"7",,"1",,"1",,
"La Tallada d'Empordà","171959","2013","5",,"1","4","1",,"4",,"3",,,,"1",,
"La Tallada d'Empordà","171959","2014","4",,"1","3","1","1","2",,"2",,,,,,
"La Tallada d'Empordà","171959","2015","3",,,"3","1","1","1",,"1",,,,,,
"La Tallada d'Empordà","171959","2016","2",,"1","1",,"1","1",,"1",,,,,,
"La Tallada d'Empordà","171959","2017","4","2",,"2",,,"4",,"2",,,,"2",,
"La Tallada d'Empordà","171959","2018","1",,,"1",,,"1",,"1",,,,,,
"La Tallada d'Empordà","171959","2019","0",,,,,,"0",,,,,,,,
"La Tallada d'Empordà","171959","2020","0",,,,,,"0",,,,,,,,
"La Tallada d'Empordà","171959","2021","1",,,"1",,,"0","1",,,,,,,
"La Torre de Cabdella","252271","2011","0",,,,,,"0",,,,,,,,
"La Torre de Cabdella","252271","2012","0",,,,,,"0",,,,,,,,
"La Torre de Cabdella","252271","2013","1","1",,,,,"1",,,"1",,,,,
"La Torre de Cabdella","252271","2014","2",,"1","1","1",,"1",,,"1",,,,,
"La Torre de Cabdella","252271","2015","1",,,"1","1",,"0",,,,,,,,
"La Torre de Cabdella","252271","2016","0",,,,,,"0",,,,,,,,
"La Torre de Cabdella","252271","2017","0",,,,,,"0",,,,,,,,
"La Torre de Cabdella","252271","2018","1",,,"1",,,"1",,"1",,,,,,
"La Torre de Cabdella","252271","2019","2",,,"2","1",,"1",,"1",,,,,,
"La Torre de Cabdella","252271","2020","2","1",,"1",,,"2",,"1","1",,,,,
"La Torre de Cabdella","252271","2021","0",,,,,,"0",,,,,,,,
"La Torre de Cabdella","252271","2022","3","2",,"1","1",,"2",,,,,,"2",,
"La Torre de Cabdella","252271","2023","4","2","2",,,,"4",,,,"4",,,,
"La Torre de Claramunt","082861","2011","6",,"4","2",,"2","4",,"1","2",,,"1",,
"La Torre de Claramunt","082861","2012","8",,"3","5","3","1","4",,,"2",,,"2",,
"La Torre de Claramunt","082861","2013","12",,"1","11","5","4","3",,"1","1",,,"1",,
"La Torre de Claramunt","082861","2014","5",,,"5","3",,"2",,,"1",,,"1",,
"La Torre de Claramunt","082861","2015","3",,"2","1","1","2","0",,,,,,,,
"La Torre de Claramunt","082861","2016","8",,"1","7","6","1","1",,,"1",,,,,
"La Torre de Claramunt","082861","2017","8","1","4","3","2",,"6",,,"3",,,"3",,
"La Torre de Claramunt","082861","2018","7","2","3","2","4",,"3",,,,,,"3",,
"La Torre de Claramunt","082861","2019","6","2","4",,,,"6",,"1",,,,"2","3",
"La Torre de Claramunt","082861","2020","5",,"1","4","4",,"1",,"1",,,,,,
"La Torre de Claramunt","082861","2021","0",,,,,,"0",,,,,,,,
"la Torre de Claramunt","082861","2022","1","1",,,,,"1",,,,"1",,,,
"la Torre de Claramunt","082861","2023","2","2",,,,,"2",,,,,,"2",,
"La Torre de Fontaubella","431515","2011","0",,,,,,"0",,,,,,,,
"La Torre de Fontaubella","431515","2012","0",,,,,,"0",,,,,,,,
"La Torre de Fontaubella","431515","2013","0",,,,,,"0",,,,,,,,
"La Torre de Fontaubella","431515","2014","0",,,,,,"0",,,,,,,,
"La Torre de Fontaubella","431515","2015","0",,,,,,"0",,,,,,,,
"La Torre de Fontaubella","431515","2016","1","1",,,,,"1",,"1",,,,,,
"La Torre de Fontaubella","431515","2017","0",,,,,,"0",,,,,,,,
"La Torre de Fontaubella","431515","2018","1","1",,,,"1","0",,,,,,,,
"La Torre de Fontaubella","431515","2019","0",,,,,,"0",,,,,,,,
"La Torre de Fontaubella","431515","2020","0",,,,,,"0",,,,,,,,
"La Torre de Fontaubella","431515","2021","0",,,,,,"0",,,,,,,,
"La Torre de Fontaubella","431515","2022","2","2",,,,,"2",,,"2",,,,,
"La Torre de Fontaubella","431515","2023","5","1","4",,,,"5",,,"3",,,"1","1",
"La Torre de l'Espanyol","431520","2011","5","1",,"4","4",,"1",,,,,,"1",,
"La Torre de l'Espanyol","431520","2012","12",,"4","8","6",,"6",,,,"2",,"4",,
"La Torre de l'Espanyol","431520","2013","2",,,"2","2",,"0",,,,,,,,
"La Torre de l'Espanyol","431520","2014","1",,"1",,,,"1",,,,,,"1",,
"La Torre de l'Espanyol","431520","2015","3",,"2","1",,,"3",,,,,,"3",,
"La Torre de l'Espanyol","431520","2016","4",,,"4","1",,"3",,,,,,"3",,
"La Torre de l'Espanyol","431520","2017","3",,,"3",,,"3",,,,,,"3",,
"La Torre de l'Espanyol","431520","2018","0",,,,,,"0",,,,,,,,
"La Torre de l'Espanyol","431520","2019","11","9",,"2","2",,"9",,,,"9",,,,
"La Torre de l'Espanyol","431520","2020","1","1",,,,,"1",,,,"1",,,,
"La Torre de l'Espanyol","431520","2021","0",,,,,,"0",,,,,,,,
"La Torre de l'Espanyol","431520","2022","4","2",,"2",,,"4",,,,"2",,"2",,
"La Torre de l'Espanyol","431520","2023","12","11",,"1","1",,"11",,,,"9",,"2",,
"La Vall de Bianya","172082","2011","3","1",,"2","2",,"1",,,,,,"1",,
"La Vall de Bianya","172082","2012","0",,,,,,"0",,,,,,,,
"La Vall de Bianya","172082","2013","1",,,"1","1",,"0",,,,,,,,
"La Vall de Bianya","172082","2014","0",,,,,,"0",,,,,,,,
"La Vall de Bianya","172082","2015","2",,"1","1","1",,"1",,"1",,,,,,
"La Vall de Bianya","172082","2016","5","3","2",,,,"5",,,,,,"4",,"1"
"La Vall de Bianya","172082","2017","2",,,"2","2",,"0",,,,,,,,
"La Vall de Bianya","172082","2018","1",,,"1",,,"1",,"1",,,,,,
"La Vall de Bianya","172082","2019","7","4","2","1","1",,"6",,,,,"2","4",,
"La Vall de Bianya","172082","2020","14","6","7","1","1",,"13",,,"3",,,"8","2",
"La Vall de Bianya","172082","2021","2",,"2",,,,"2",,,,,,"2",,
"La Vall de Bianya","172082","2022","6","6",,,,,"6","1",,"2",,,"3",,
"La Vall de Bianya","172082","2023","3",,"3",,,,"3","1",,,,,"2",,
"La Vall de Boí","250432","2011","3",,,"3","3",,"0",,,,,,,,
"La Vall de Boí","250432","2012","1",,"1",,,,"1",,"1",,,,,,
"La Vall de Boí","250432","2013","0",,,,,,"0",,,,,,,,
"La Vall de Boí","250432","2014","0",,,,,,"0",,,,,,,,
"La Vall de Boí","250432","2015","0",,,,,,"0",,,,,,,,
"La Vall de Boí","250432","2016","3","3",,,,"1","2",,,,,,"2",,
"La Vall de Boí","250432","2017","7","3","4",,,"3","4",,,"1",,,"3",,
"La Vall de Boí","250432","2018","7",,"7",,,"3","4",,,"3",,,"1",,
"La Vall de Boí","250432","2019","1",,,"1",,,"1",,,,,,"1",,
"La Vall de Boí","250432","2020","0",,,,,,"0",,,,,,,,
"La Vall de Boí","250432","2021","0",,,,,,"0",,,,,,,,
"La Vall de Boí","250432","2022","2",,"1","1","1","1",,,,,,,,,
"La Vall de Boí","250432","2023","2",,"1","1",,"2",,,,,,,,,
"La Vall d'en Bas","172076","2011","15",,"8","7","5","2","7","1","2",,"2",,"3",,
"La Vall d'en Bas","172076","2012","2",,"2",,,,"2",,,,,,"2",,
"La Vall d'en Bas","172076","2013","4",,"3","1",,"1","3",,,,,,"3",,
"La Vall d'en Bas","172076","2014","4",,"3","1",,"1","3",,,,,,"3",,
"La Vall d'en Bas","172076","2015","3",,"1","2","1",,"2",,,,,,"2",,
"La Vall d'en Bas","172076","2016","4","2",,"2",,,"4",,,,"1",,"3",,
"La Vall d'en Bas","172076","2017","7","1","2","4","3",,"4",,,,"1",,"3",,
"La Vall d'en Bas","172076","2018","2",,,"2","2",,"0",,,,,,,,
"La Vall d'en Bas","172076","2019","8","6",,"2","2",,"6",,,,"1",,"3",,"2"
"La Vall d'en Bas","172076","2020","7","1","2","4","2",,"4","1","2",,,,"2",,
"La Vall d'en Bas","172076","2021","8",,"3","5","3",,"2","3",,,,,"2",,
"la Vall d'en Bas","172076","2022","1",,,"1","1",,,,,,,,,,
"la Vall d'en Bas","172076","2023","1","1",,,,,"1",,,,"1",,,,
"La Vansa i Fórnols","259097","2011","0",,,,,,"0",,,,,,,,
"La Vansa i Fórnols","259097","2012","0",,,,,,"0",,,,,,,,
"La Vansa i Fórnols","259097","2013","0",,,,,,"0",,,,,,,,
"La Vansa i Fórnols","259097","2014","0",,,,,,"0",,,,,,,,
"La Vansa i Fórnols","259097","2015","2",,,"2","2",,"0",,,,,,,,
"La Vansa i Fórnols","259097","2016","0",,,,,,"0",,,,,,,,
"La Vansa i Fórnols","259097","2017","0",,,,,,"0",,,,,,,,
"La Vansa i Fórnols","259097","2018","0",,,,,,"0",,,,,,,,
"La Vansa i Fórnols","259097","2019","0",,,,,,"0",,,,,,,,
"La Vansa i Fórnols","259097","2020","3",,,"3",,,"0","3",,,,,,,
"La Vansa i Fórnols","259097","2021","4",,,"4","3",,"0","1",,,,,,,
"la Vilella Alta","431732","2011","1",,,"1","1",,"0",,,,,,,,
"la Vilella Alta","431732","2012","1",,,"1","1",,"0",,,,,,,,
"la Vilella Alta","431732","2013","1",,,"1","1",,"0",,,,,,,,
"la Vilella Alta","431732","2014","1",,,"1","1",,"0",,,,,,,,
"la Vilella Alta","431732","2015","0",,,,,,"0",,,,,,,,
"la Vilella Alta","431732","2016","0",,,,,,"0",,,,,,,,
"la Vilella Alta","431732","2017","0",,,,,,"0",,,,,,,,
"la Vilella Alta","431732","2018","0",,,,,,"0",,,,,,,,
"la Vilella Alta","431732","2019","0",,,,,,"0",,,,,,,,
"la Vilella Alta","431732","2020","2",,"1","1",,,"2",,,,,,"2",,
"la Vilella Alta","431732","2021","0",,,,,,"0",,,,,,,,
"la Vilella Alta","431732","2022","1",,"1",,,,"1",,,,,,,,"1"
"la Vilella Alta","431732","2023","1",,"1",,,,"1",,,,,,,,"1"
"La Vilella Baixa","431747","2011","1",,,"1","1",,"0",,,,,,,,
"La Vilella Baixa","431747","2012","0",,,,,,"0",,,,,,,,
"La Vilella Baixa","431747","2013","1","1",,,,,"1",,,,,,"1",,
"La Vilella Baixa","431747","2014","0",,,,,,"0",,,,,,,,
"La Vilella Baixa","431747","2015","1","1",,,,,"1",,,,,,"1",,
"La Vilella Baixa","431747","2016","5","1","2","2","1",,"4",,,,"1",,"3",,
"La Vilella Baixa","431747","2017","1",,,"1",,,"1",,,,,,"1",,
"La Vilella Baixa","431747","2018","0",,,,,,"0",,,,,,,,
"La Vilella Baixa","431747","2019","1","1",,,,,"1",,"1",,,,,,
"La Vilella Baixa","431747","2020","2","1",,"1","1",,"1",,"1",,,,,,
"La Vilella Baixa","431747","2021","3","1","1","1",,,"0","3",,,,,,,
"L'Albagés","250061","2011","0",,,,,,"0",,,,,,,,
"L'Albagés","250061","2012","0",,,,,,"0",,,,,,,,
"L'Albagés","250061","2013","0",,,,,,"0",,,,,,,,
"L'Albagés","250061","2014","0",,,,,,"0",,,,,,,,
"L'Albagés","250061","2015","0",,,,,,"0",,,,,,,,
"L'Albagés","250061","2016","0",,,,,,"0",,,,,,,,
"L'Albagés","250061","2017","0",,,,,,"0",,,,,,,,
"L'Albagés","250061","2018","0",,,,,,"0",,,,,,,,
"L'Albagés","250061","2019","1",,"1",,,"1","0",,,,,,,,
"L'Albagés","250061","2020","0",,,,,,"0",,,,,,,,
"L'Albagés","250061","2021","0",,,,,,"0",,,,,,,,
"L'Albagés","250061","2022","1",,"1",,,"1",,,,,,,,,
"L'Albi","250096","2011","0",,,,,,"0",,,,,,,,
"L'Albi","250096","2012","0",,,,,,"0",,,,,,,,
"L'Albi","250096","2013","0",,,,,,"0",,,,,,,,
"L'Albi","250096","2014","0",,,,,,"0",,,,,,,,
"L'Albi","250096","2015","0",,,,,,"0",,,,,,,,
"L'Albi","250096","2016","0",,,,,,"0",,,,,,,,
"L'Albi","250096","2017","0",,,,,,"0",,,,,,,,
"L'Albi","250096","2018","0",,,,,,"0",,,,,,,,
"L'Albi","250096","2019","7","7",,,,,"7",,,,"7",,,,
"L'Albi","250096","2020","1",,,"1",,,"0","1",,,,,,,
"L'Albi","250096","2021","2",,,"2",,,"0","2",,,,,,,
"l'Albi","250096","2022","1",,,"1","1",,,,,,,,,,
"L'Albiol","430038","2011","1",,,"1",,"1","0",,,,,,,,
"L'Albiol","430038","2012","5",,,"5","4","1","0",,,,,,,,
"L'Albiol","430038","2013","1",,,"1","1",,"0",,,,,,,,
"L'Albiol","430038","2014","0",,,,,,"0",,,,,,,,
"L'Albiol","430038","2015","0",,,,,,"0",,,,,,,,
"L'Albiol","430038","2016","0",,,,,,"0",,,,,,,,
"L'Albiol","430038","2017","1","1",,,,,"1",,,,,,"1",,
"L'Albiol","430038","2018","1",,,"1",,"1","0",,,,,,,,
"L'Albiol","430038","2019","0",,,,,,"0",,,,,,,,
"L'Albiol","430038","2020","0",,,,,,"0",,,,,,,,
"L'Albiol","430038","2021","2",,,"2",,,"0","2",,,,,,,
"L'Albiol","430038","2023","2","1",,"1",,"2",,,,,,,,,
"L'Aldea","439044","2011","3","1","1","1","1",,"2",,"2",,,,,,
"L'Aldea","439044","2012","47","42","2","3","2",,"45",,"1","2","11","4","4","23",
"L'Aldea","439044","2013","30","20","6","4","1",,"29",,,,"3","2","8","16",
"L'Aldea","439044","2014","10","8",,"2","1",,"9",,,,"1",,"1","7",
"L'Aldea","439044","2015","19","17",,"2","1",,"18",,"1",,"2",,"2","13",
"L'Aldea","439044","2016","51","48",,"3","1",,"49","1",,,"31","4","3","11",
"L'Aldea","439044","2017","24","7","1","16","14","2","8",,,"1","1","2",,"4",
"L'Aldea","439044","2018","13","3","3","7","7","2","4",,,,,"2",,"2",
"L'Aldea","439044","2019","34","31",,"3","1","2","31",,,"1","22","2","2","4",
"L'Aldea","439044","2020","10","6",,"4","2","1","6","1",,,"1","1",,"4",
"L'Aldea","439044","2021","20","20",,,,,"12","8",,,"2","7",,"3",
"L'Aldea","439044","2022","13","12",,"1","2",,"11",,,"1","7","1",,"2",
"L'Aldea","439044","2023","22","19","3",,"2",,"20",,,,"12",,"4","4",
"L'Aleixar","430075","2011","3",,"2","1",,"1","1","1","1",,,,,,
"L'Aleixar","430075","2012","6","2","1","3","1","1","2","2","2",,,,,,
"L'Aleixar","430075","2013","6",,"1","5","5","1","0",,,,,,,,
"L'Aleixar","430075","2014","8","1",,"7","7",,"1",,"1",,,,,,
"L'Aleixar","430075","2015","9",,"2","7","7","2","0",,,,,,,,
"L'Aleixar","430075","2016","8",,,"8","8",,"0",,,,,,,,
"L'Aleixar","430075","2017","0",,,,,,"0",,,,,,,,
"L'Aleixar","430075","2018","0",,,,,,"0",,,,,,,,
"L'Aleixar","430075","2019","5","1","1","3","3",,"2",,,,,,"2",,
"L'Aleixar","430075","2020","6",,"2","4","4",,"2",,,,,,"2",,
"L'Aleixar","430075","2021","1",,,"1","1",,"0",,,,,,,,
"l'Aleixar","430075","2023","2",,,"2","1","1",,,,,,,,,
"L'Ametlla de Mar","430136","2011","6","1","1","4","4",,"2",,,,,,"2",,
"L'Ametlla de Mar","430136","2012","2",,"2",,,"1","1",,,,,,"1",,
"L'Ametlla de Mar","430136","2013","9","6","2","1","1","2","6",,,,"6",,,,
"L'Ametlla de Mar","430136","2014","8","7",,"1","1",,"7",,,,"5","2",,,
"L'Ametlla de Mar","430136","2015","39","35",,"4","1","3","34","1","2","2","20","4","5","1",
"L'Ametlla de Mar","430136","2016","62","57",,"5","2","11","49",,"11","1","19","9","6","3",
"L'Ametlla de Mar","430136","2017","28","20","1","7","2","7","19",,"5","5","7",,"2",,
"L'Ametlla de Mar","430136","2018","19","14","1","4","1","2","16",,"2","1","7","1","4","1",
"L'Ametlla de Mar","430136","2019","71","64","1","6","1","6","64",,"9","1","37","2","13","2",
"L'Ametlla de Mar","430136","2020","26","21","4","1",,"1","23","2",,,"6","2","15",,
"L'Ametlla de Mar","430136","2021","32","28","3","1","1",,"24","7",,"3","9",,"12",,
"l'Ametlla de Mar","430136","2022","12","7","3","2","2",,"10","1",,"3",,"2","4",,
"l'Ametlla de Mar","430136","2023","30","23","3","4","3","1","26",,"2","2","4",,"18",,
"L'Ametlla del Vallès","080057","2011","53","4","8","41","25","10","17","1","3","1","2","1","7","1","2"
"L'Ametlla del Vallès","080057","2012","37",,"11","26","18","4","15",,"5",,,,"8",,"2"
"L'Ametlla del Vallès","080057","2013","18","3","6","9","8",,"10",,"1",,,,"8",,"1"
"L'Ametlla del Vallès","080057","2014","15",,"9","6","5","1","9",,"2",,,,"7",,
"L'Ametlla del Vallès","080057","2015","13","1","7","5","1","4","8",,"4",,"1",,"3",,
"L'Ametlla del Vallès","080057","2016","19","3","3","13","5","4","10",,"2",,"1",,"5","2",
"L'Ametlla del Vallès","080057","2017","21","5","6","10","5","4","12",,"1",,,"1","8","2",
"L'Ametlla del Vallès","080057","2018","15","2","6","7","3","1","11",,"1",,"1",,"9",,
"L'Ametlla del Vallès","080057","2019","32","7","12","13","4","10","18",,"2","1",,,"12","2","1"
"L'Ametlla del Vallès","080057","2020","16","1","9","6",,"4","12",,,"3",,,"6","1","2"
"L'Ametlla del Vallès","080057","2021","12","1","4","7","1","7","3","1",,"2",,,"1",,
"l'Ametlla del Vallès","080057","2022","13","1","7","5",,"7","6",,"2",,,,"4",,
"l'Ametlla del Vallès","080057","2023","17","1","2","14","3","6","8",,"2","1",,,"5",,
"L'Ampolla","439060","2011","12","3",,"9","5",,"7",,"3",,"4",,,,
"L'Ampolla","439060","2012","6","2","2","2",,"2","4",,"1","2",,,"1",,
"L'Ampolla","439060","2013","13","5","3","5","1","7","5",,"2","2","1",,,,
"L'Ampolla","439060","2014","14","5","3","6","2","3","9",,"4","2",,"1","1",,"1"
"L'Ampolla","439060","2015","11","4","6","1",,"6","5",,"1",,,,"2",,"2"
"L'Ampolla","439060","2016","9","4","2","3",,"2","7",,"6",,,,,"1",
"L'Ampolla","439060","2017","5","1","4",,,,"5",,,"4",,,,"1",
"L'Ampolla","439060","2018","2","1",,"1","1",,"1",,,,,,"1",,
"L'Ampolla","439060","2019","14","5","4","5","4","1","9",,"1","2","1",,"5",,
"L'Ampolla","439060","2020","11","4",,"7","4",,"2","5",,,,,,"2",
"L'Ampolla","439060","2021","9","7","1","1",,"1","4","4","1",,"1",,"2",,
"l'Ampolla","439060","2022","2","2",,,,,"2",,,,,,"2",,
"l'Ampolla","439060","2023","2",,"1","1","1",,"1",,"1",,,,,,
"L'Arboç","430167","2011","95","38","34","23","18","9","68",,"12","1","46",,"9",,
"L'Arboç","430167","2012","41","18","14","9","9","3","29",,"6",,"19",,"4",,
"L'Arboç","430167","2013","12","8",,"4","2","4","6",,"1",,"5",,,,
"L'Arboç","430167","2014","8","2","4","2",,"3","5",,"2",,"2","1",,,
"L'Arboç","430167","2015","7","3","2","2","1","3","3",,"1",,"1",,"1",,
"L'Arboç","430167","2016","23","18","5",,,"4","19",,"4","1","5",,"8","1",
"L'Arboç","430167","2017","8","2","5","1","1",,"7",,"5",,,,"2",,
"L'Arboç","430167","2018","12","4","4","4","3","1","8",,"2",,"1",,"4","1",
"L'Arboç","430167","2019","10",,"3","7","6","1","3",,"1",,,,"2",,
"L'Arboç","430167","2020","16","6","6","4","2","2","10","2","4","1","2",,"3",,
"L'Arboç","430167","2021","26","9","9","8","2",,"14","10","5","1","2",,"6",,
"l'Arboç","430167","2022","21","8","6","7",,,"21","4","5","2","7",,"3",,
"l'Arboç","430167","2023","13","2","6","5","2","1","10","1","3","1","4",,"1",,
"L'Argentera","430173","2011","0",,,,,,"0",,,,,,,,
"L'Argentera","430173","2012","1",,,"1",,"1","0",,,,,,,,
"L'Argentera","430173","2013","0",,,,,,"0",,,,,,,,
"L'Argentera","430173","2014","0",,,,,,"0",,,,,,,,
"L'Argentera","430173","2015","0",,,,,,"0",,,,,,,,
"L'Argentera","430173","2016","0",,,,,,"0",,,,,,,,
"L'Argentera","430173","2017","0",,,,,,"0",,,,,,,,
"L'Argentera","430173","2018","0",,,,,,"0",,,,,,,,
"L'Argentera","430173","2019","0",,,,,,"0",,,,,,,,
"L'Argentera","430173","2020","0",,,,,,"0",,,,,,,,
"L'Argentera","430173","2021","1",,,"1","1",,"0",,,,,,,,
"L'Argentera","430173","2022","1",,,"1","1",,,,,,,,,,
"L'Argentera","430173","2023","2",,,"2","2",,,,,,,,,,
"L'Armentera","170118","2011","3","1","1","1","1",,"2",,"1",,"1",,,,
"L'Armentera","170118","2012","3",,"3",,,,"3",,"2",,"1",,,,
"L'Armentera","170118","2013","1","1",,,,,"1",,"1",,,,,,
"L'Armentera","170118","2014","1",,"1",,,,"1",,"1",,,,,,
"L'Armentera","170118","2015","5","5",,,,,"5",,"2",,"1","1","1",,
"L'Armentera","170118","2016","1","1",,,,,"1",,,,"1",,,,
"L'Armentera","170118","2017","9","9",,,,,"9",,,,"8",,"1",,
"L'Armentera","170118","2018","0",,,,,,"0",,,,,,,,
"L'Armentera","170118","2019","3","3",,,,,"3",,,,"2","1",,,
"L'Armentera","170118","2020","2","2",,,,,"2",,,,,"2",,,
"L'Armentera","170118","2021","2",,"1","1",,,"1","1",,,,"1",,,
"l'Armentera","170118","2022","6","2",,"4","1","2","3","2",,,"1",,,,
"l'Armentera","170118","2023","3",,"2","1","1","2",,,,,,,,,
"Les","251214","2011","0",,,,,,"0",,,,,,,,
"Les","251214","2012","1","1",,,,,"0","1",,,,,,,
"Les","251214","2013","0",,,,,,"0",,,,,,,,
"Les","251214","2014","0",,,,,,"0",,,,,,,,
"Les","251214","2015","0",,,,,,"0",,,,,,,,
"Les","251214","2016","2",,,"2","2",,"0",,,,,,,,
"Les","251214","2017","0",,,,,,"0",,,,,,,,
"Les","251214","2018","0",,,,,,"0",,,,,,,,
"Les","251214","2019","0",,,,,,"0",,,,,,,,
"Les","251214","2020","0",,,,,,"0",,,,,,,,
"Les","251214","2021","3","2","1",,,,"0","3",,,,,,,
"Les Avellanes i Santa Linya","250371","2011","0",,,,,,"0",,,,,,,,
"Les Avellanes i Santa Linya","250371","2012","0",,,,,,"0",,,,,,,,
"Les Avellanes i Santa Linya","250371","2013","0",,,,,,"0",,,,,,,,
"Les Avellanes i Santa Linya","250371","2014","0",,,,,,"0",,,,,,,,
"Les Avellanes i Santa Linya","250371","2015","1",,,"1","1",,"0",,,,,,,,
"Les Avellanes i Santa Linya","250371","2016","0",,,,,,"0",,,,,,,,
"Les Avellanes i Santa Linya","250371","2017","0",,,,,,"0",,,,,,,,
"Les Avellanes i Santa Linya","250371","2018","1",,,"1","1",,"0",,,,,,,,
"Les Avellanes i Santa Linya","250371","2019","0",,,,,,"0",,,,,,,,
"Les Avellanes i Santa Linya","250371","2020","0",,,,,,"0",,,,,,,,
"Les Avellanes i Santa Linya","250371","2021","0",,,,,,"0",,,,,,,,
"Les Avellanes i Santa Linya","250371","2023","3",,,"3","2",,"1",,"1",,,,,,
"Les Borges Blanques","250582","2011","56","48","3","5","3","3","50",,"7",,"21","11","11",,
"Les Borges Blanques","250582","2012","27","19","4","4","2","3","22",,"3","2","7",,"10",,
"Les Borges Blanques","250582","2013","4",,"1","3","2","1","1",,,,"1",,,,
"Les Borges Blanques","250582","2014","6",,"2","4","4",,"2",,,,"2",,,,
"Les Borges Blanques","250582","2015","25","19","1","5","4","1","20",,"3",,"14","3",,,
"Les Borges Blanques","250582","2016","6","1","2","3","3",,"3",,,,"2",,,"1",
"Les Borges Blanques","250582","2017","7",,"1","6","6",,"1",,,,,,,"1",
"Les Borges Blanques","250582","2018","4",,"1","3","3",,"1",,,,,,"1",,
"Les Borges Blanques","250582","2019","3","3",,,,,"3",,,,"3",,,,
"Les Borges Blanques","250582","2020","5","3",,"2","2",,"3",,,,"1",,,"2",
"Les Borges Blanques","250582","2021","48","39",,"9","4",,"41","3","5","2","22","9","3",,
"les Borges Blanques","250582","2022","84","78","1","5","2","2","80","2","3","2","45","11","16","1",
"les Borges Blanques","250582","2023","101","61","34","6","5","2","94","3","3","2","36","22","26","2",
"Les Borges del Camp","430311","2011","32","19",,"13","8","1","23",,,"4","19",,,,
"Les Borges del Camp","430311","2012","14","5","2","7","5","4","5",,"1","1","2",,"1",,
"Les Borges del Camp","430311","2013","9",,"5","4","2","5","2",,"2",,,,,,
"Les Borges del Camp","430311","2014","9",,"6","3","3","3","3",,"2",,,,"1",,
"Les Borges del Camp","430311","2015","2",,"2",,,"1","1",,,,,,"1",,
"Les Borges del Camp","430311","2016","9","3","2","4","4",,"5",,"1","2","2",,,,
"Les Borges del Camp","430311","2017","3","1","1","1","1",,"2",,,"1",,,"1",,
"Les Borges del Camp","430311","2018","6",,"3","3","3",,"3",,,,,,"3",,
"Les Borges del Camp","430311","2019","7","3",,"4","2",,"5",,,,"2",,"3",,
"Les Borges del Camp","430311","2020","9","2","2","5","3",,"5","1",,,"2",,"3",,
"Les Borges del Camp","430311","2021","7","1","2","4","1",,"4","2",,,"1",,"3",,
"les Borges del Camp","430311","2022","11","2","5","4","5","1","5","2",,,"1","1","1",,
"les Borges del Camp","430311","2023","26","10","5","11","8","5","13",,,"1","7",,"5",,
"Les Cabanyes","080272","2011","6","1","3","2","1","1","4",,,,"3",,"1",,
"Les Cabanyes","080272","2012","4","1","2","1",,,"4",,,,"4",,,,
"Les Cabanyes","080272","2013","2","1",,"1",,,"2",,,,"2",,,,
"Les Cabanyes","080272","2014","0",,,,,,"0",,,,,,,,
"Les Cabanyes","080272","2015","6","2","2","2",,"4","2",,,,"2",,,,
"Les Cabanyes","080272","2016","3",,"2","1",,"2","1",,,,"1",,,,
"Les Cabanyes","080272","2017","1",,,"1",,"1","0",,,,,,,,
"Les Cabanyes","080272","2018","5","1",,"4","4",,"1",,,,"1",,,,
"Les Cabanyes","080272","2019","2",,,"2","2",,"0",,,,,,,,
"Les Cabanyes","080272","2020","0",,,,,,"0",,,,,,,,
"Les Cabanyes","080272","2021","3",,,"3","3",,"0",,,,,,,,
"Les Cabanyes","080272","2022","2","1",,"1","1",,"1",,"1",,,,,,
"Les Cabanyes","080272","2023","2",,"1","1",,,"2",,"1",,,,"1",,
"Les Franqueses del Vallès","080863","2011","160","34","67","59","34","43","77","6","7","6","8","18","35","3",
"Les Franqueses del Vallès","080863","2012","124","32","50","42","21","30","73",,"10","6","12","20","23","2",
"Les Franqueses del Vallès","080863","2013","88","19","32","37","19","29","40",,"7","5","5","6","17",,
"Les Franqueses del Vallès","080863","2014","79","14","39","26","14","25","40",,"7","4","5","5","19",,
"Les Franqueses del Vallès","080863","2015","75","6","44","25","14","16","45",,"10","6","3","2","24",,
"Les Franqueses del Vallès","080863","2016","78","16","27","35","15","24","38","1","3","1","7","1","25","1",
"Les Franqueses del Vallès","080863","2017","54","13","13","28","11","14","28","1",,,"9","1","17","1",
"Les Franqueses del Vallès","080863","2018","60","25","13","22","12","17","31",,,"4","8","9","10",,
"Les Franqueses del Vallès","080863","2019","70","27","20","23","8","13","49",,,"3","7","16","23",,
"Les Franqueses del Vallès","080863","2020","37","9","12","16","6","3","26","2",,"2","1","7","16",,
"Les Franqueses del Vallès","080863","2021","41","16","13","12","3",,"24","14",,,"3","6","15",,
"Les Franqueses del Vallès","080863","2022","25","10","7","8","4","1","20","2","2","1","2","7","6",,
"Les Franqueses del Vallès","080863","2023","61","16","15","30","24","3","34","2","1",,,"3","26","2",
"Les Llosses","170963","2011","1",,,"1",,,"1",,,,,,"1",,
"Les Llosses","170963","2012","2",,,"2",,,"2",,,,,,"2",,
"Les Llosses","170963","2013","0",,,,,,"0",,,,,,,,
"Les Llosses","170963","2014","0",,,,,,"0",,,,,,,,
"Les Llosses","170963","2015","0",,,,,,"0",,,,,,,,
"Les Llosses","170963","2016","0",,,,,,"0",,,,,,,,
"Les Llosses","170963","2017","1",,,"1","1",,"0",,,,,,,,
"Les Llosses","170963","2018","0",,,,,,"0",,,,,,,,
"Les Llosses","170963","2019","0",,,,,,"0",,,,,,,,
"Les Llosses","170963","2020","0",,,,,,"0",,,,,,,,
"Les Llosses","170963","2021","0",,,,,,"0",,,,,,,,
"Les Llosses","170963","2022","1","1",,,,"1",,,,,,,,,
"Les Llosses","170963","2023","1",,"1",,,"1",,,,,,,,,
"Les Masies de Roda","081167","2011","1",,"1",,,"1","0",,,,,,,,
"Les Masies de Roda","081167","2012","1",,,"1","1",,"0",,,,,,,,
"Les Masies de Roda","081167","2013","2",,"1","1","1",,"1",,,,,,,"1",
"Les Masies de Roda","081167","2014","0",,,,,,"0",,,,,,,,
"Les Masies de Roda","081167","2015","0",,,,,,"0",,,,,,,,
"Les Masies de Roda","081167","2016","3","1","1","1","1",,"2",,,,,,"2",,
"Les Masies de Roda","081167","2017","2",,,"2","2",,"0",,,,,,,,
"Les Masies de Roda","081167","2018","3","2",,"1","1",,"2",,,,"2",,,,
"Les Masies de Roda","081167","2019","2","1","1",,,,"2",,,,,,"2",,
"Les Masies de Roda","081167","2020","4","1","3",,,,"4",,,,,,"4",,
"Les Masies de Roda","081167","2021","1",,"1",,,,"1",,,,,,"1",,
"les Masies de Roda","081167","2023","24","20","2","2","3","1","20",,,,"8","6","3","3",
"Les Masies de Voltregà","081173","2011","19","3","5","11","8","1","7","3",,"1","2","1","3",,
"Les Masies de Voltregà","081173","2012","3",,"2","1","1",,"2",,,,,,"2",,
"Les Masies de Voltregà","081173","2013","9","3","2","4","2","2","5",,"3",,,,"2",,
"Les Masies de Voltregà","081173","2014","8","1","3","4","3","1","4",,"2",,,,"2",,
"Les Masies de Voltregà","081173","2015","4","1","2","1","1",,"3",,"1",,,,"2",,
"Les Masies de Voltregà","081173","2016","2",,,"2","2",,"0",,,,,,,,
"Les Masies de Voltregà","081173","2017","4","2",,"2","2",,"2",,,,,"1",,,"1"
"Les Masies de Voltregà","081173","2018","5","1","4",,,"1","4",,,,"2","1",,,"1"
"Les Masies de Voltregà","081173","2019","8","7","1",,,"1","7",,,,"3",,,"4",
"Les Masies de Voltregà","081173","2020","1","1",,,,,"1",,,,,,,"1",
"Les Masies de Voltregà","081173","2021","6","6",,,,,"6",,,,"2",,"3","1",
"Les Masies de Voltregà","081173","2022","9","7",,"2",,,"9",,,,"3",,"4","2",
"Les Masies de Voltregà","081173","2023","4","3",,"1",,,"4",,,,"1","1","2",,
"Les Piles","431055","2011","0",,,,,,"0",,,,,,,,
"Les Piles","431055","2012","0",,,,,,"0",,,,,,,,
"Les Piles","431055","2013","0",,,,,,"0",,,,,,,,
"Les Piles","431055","2014","1","1",,,,,"1",,,"1",,,,,
"Les Piles","431055","2015","2",,"2",,,,"2",,,"2",,,,,
"Les Piles","431055","2016","1",,"1",,,,"1",,,"1",,,,,
"Les Piles","431055","2017","2",,,"2",,,"2",,,"2",,,,,
"Les Piles","431055","2018","0",,,,,,"0",,,,,,,,
"Les Piles","431055","2019","1",,"1",,"1",,"0",,,,,,,,
"Les Piles","431055","2020","0",,,,,,"0",,,,,,,,
"Les Piles","431055","2021","0",,,,,,"0",,,,,,,,
"Les Planes d'Hostoles","171334","2011","4",,"1","3","2",,"1","1",,,,"1",,,
"Les Planes d'Hostoles","171334","2012","4",,"1","3","3",,"1",,,,,"1",,,
"Les Planes d'Hostoles","171334","2013","0",,,,,,"0",,,,,,,,
"Les Planes d'Hostoles","171334","2014","1",,"1",,,,"1",,,,,,"1",,
"Les Planes d'Hostoles","171334","2015","8","1","2","5","4","1","3",,"2",,,,"1",,
"Les Planes d'Hostoles","171334","2016","11","1","3","7","5","2","4",,"1",,,,"3",,
"Les Planes d'Hostoles","171334","2017","8","1","3","4","2","2","4",,"1",,,,"3",,
"Les Planes d'Hostoles","171334","2018","0",,,,,,"0",,,,,,,,
"Les Planes d'Hostoles","171334","2019","3","1",,"2","2",,"1",,,,,,"1",,
"Les Planes d'Hostoles","171334","2020","4","2",,"2","2",,"0","2",,,,,,,
"Les Planes d'Hostoles","171334","2021","7",,"7",,,,"1","6",,,,,"1",,
"Les Planes d'Hostoles","171334","2022","10","5","4","1",,,"10","6",,"1",,,"3",,
"Les Planes d'Hostoles","171334","2023","6",,"6",,,,"6",,,"3",,,"3",,
"Les Preses","171390","2011","10","2","5","3","1","4","5",,,,,"1","3","1",
"Les Preses","171390","2012","8","1","5","2","1","2","5",,,,,,"5",,
"Les Preses","171390","2013","11","1","9","1",,"1","10",,,"2","2",,"6",,
"Les Preses","171390","2014","6","1","2","3",,"1","4","1",,"1",,,"3",,
"Les Preses","171390","2015","7","1","2","4","1",,"5","1",,"2",,,"3",,
"Les Preses","171390","2016","4","1","3",,,,"4",,,"2","1",,"1",,
"Les Preses","171390","2017","4","1","3",,,,"4",,,,"1","1","2",,
"Les Preses","171390","2018","2",,"2",,,,"2",,,,,,"2",,
"Les Preses","171390","2019","8","4",,"4",,,"8",,,"3","1",,"3","1",
"Les Preses","171390","2020","9",,"6","3","3",,"6",,,,,,"6",,
"Les Preses","171390","2021","9","3","4","2","2",,"5","2","1",,,,"4",,
"Les Preses","171390","2022","8","7","1",,,,"8","3","1",,,,"4",,
"Les Preses","171390","2023","17","5","8","4","2","2","13",,,,,,"13",,
"Les Valls d'Aguilar","259062","2011","2",,,"2","2",,"0",,,,,,,,
"Les Valls d'Aguilar","259062","2012","3",,,"3","3",,"0",,,,,,,,
"Les Valls d'Aguilar","259062","2013","3",,,"3","3",,"0",,,,,,,,
"Les Valls d'Aguilar","259062","2014","2",,,"2",,,"2",,"2",,,,,,
"Les Valls d'Aguilar","259062","2015","0",,,,,,"0",,,,,,,,
"Les Valls d'Aguilar","259062","2016","1",,,"1",,,"1",,"1",,,,,,
"Les Valls d'Aguilar","259062","2017","1",,,"1",,,"1",,"1",,,,,,
"Les Valls d'Aguilar","259062","2018","0",,,,,,"0",,,,,,,,
"Les Valls d'Aguilar","259062","2019","1",,,"1",,,"1",,"1",,,,,,
"Les Valls d'Aguilar","259062","2020","0",,,,,,"0",,,,,,,,
"Les Valls d'Aguilar","259062","2021","0",,,,,,"0",,,,,,,,
"Les Valls d'Aguilar","259062","2022","1",,,"1","1",,,,,,,,,,
"Les Valls de Valira","252398","2011","0",,,,,,"0",,,,,,,,
"Les Valls de Valira","252398","2012","1","1",,,,,"1",,"1",,,,,,
"Les Valls de Valira","252398","2013","2",,,"2","2",,"0",,,,,,,,
"Les Valls de Valira","252398","2014","1",,,"1","1",,"0",,,,,,,,
"Les Valls de Valira","252398","2015","1",,,"1","1",,"0",,,,,,,,
"Les Valls de Valira","252398","2016","1",,,"1","1",,"0",,,,,,,,
"Les Valls de Valira","252398","2017","2",,"1","1",,"1","1",,,,,,"1",,
"Les Valls de Valira","252398","2018","2",,,"2",,"1","1",,,"1",,,,,
"Les Valls de Valira","252398","2019","4",,,"4",,"2","2",,,"2",,,,,
"Les Valls de Valira","252398","2020","2",,,"2",,,"2",,,"2",,,,,
"Les Valls de Valira","252398","2021","3",,"3",,,,"0","3",,,,,,,
"L'Escala","170622","2011","235","115","99","21","8","11","212","4","47","18","59","1","82","2","3"
"L'Escala","170622","2012","190","89","81","20","9","14","166","1","36","12","60","4","51","3",
"L'Escala","170622","2013","91","19","51","21","10","11","70",,"20","5","21",,"23","1",
"L'Escala","170622","2014","66","26","29","11","1","2","59","4","18","7","25","2","5","1","1"
"L'Escala","170622","2015","70","37","25","8","1","5","61","3","15","4","23","5","14",,
"L'Escala","170622","2016","102","76","19","7","1","3","97","1","16","3","36","4","37","1",
"L'Escala","170622","2017","131","76","45","10","5","12","114",,"27","5","35","6","40","1",
"L'Escala","170622","2018","116","61","47","8","4","10","100","2","25","2","42","3","27","1",
"L'Escala","170622","2019","145","82","37","26","5","7","131","2","31","6","38","12","44",,
"L'Escala","170622","2020","48","26","16","6","2",,"43","3","17","4","8","2","11","1",
"L'Escala","170622","2021","51","15","27","9",,"1","38","12","12","1","3","1","21",,
"l'Escala","170622","2022","49","19","24","6",,"3","46","8","7","11","4","4","11","1",
"l'Escala","170622","2023","76","25","45","6","4","2","70","5","15","10","7","6","27",,
"L'Espluga Calba","250812","2011","0",,,,,,"0",,,,,,,,
"L'Espluga Calba","250812","2012","0",,,,,,"0",,,,,,,,
"L'Espluga Calba","250812","2013","0",,,,,,"0",,,,,,,,
"L'Espluga Calba","250812","2014","1",,,"1","1",,"0",,,,,,,,
"L'Espluga Calba","250812","2015","0",,,,,,"0",,,,,,,,
"L'Espluga Calba","250812","2016","0",,,,,,"0",,,,,,,,
"L'Espluga Calba","250812","2017","0",,,,,,"0",,,,,,,,
"L'Espluga Calba","250812","2018","0",,,,,,"0",,,,,,,,
"L'Espluga Calba","250812","2019","0",,,,,,"0",,,,,,,,
"L'Espluga Calba","250812","2020","0",,,,,,"0",,,,,,,,
"L'Espluga Calba","250812","2021","0",,,,,,"0",,,,,,,,
"l'Espluga de Francolí","430542","2011","5",,,"5","1","2","1","1","1",,,,,,
"l'Espluga de Francolí","430542","2012","2",,,"2","2",,"0",,,,,,,,
"l'Espluga de Francolí","430542","2013","5",,,"5","1",,"4",,"3",,,,"1",,
"l'Espluga de Francolí","430542","2014","1","1",,,,,"1",,,,"1",,,,
"l'Espluga de Francolí","430542","2015","0",,,,,,"0",,,,,,,,
"l'Espluga de Francolí","430542","2016","4",,,"4","4",,"0",,,,,,,,
"l'Espluga de Francolí","430542","2017","9","1",,"8","8",,"1",,,,,,"1",,
"l'Espluga de Francolí","430542","2018","5","1",,"4","4",,"1",,,,"1",,,,
"l'Espluga de Francolí","430542","2019","14","6","2","6","6","1","7",,,,"3",,"2",,"2"
"l'Espluga de Francolí","430542","2020","7",,"2","5","5","1","1",,,,"1",,,,
"l'Espluga de Francolí","430542","2021","8","1","3","4","4","3","0","1",,,,,,,
"l'Espluga de Francolí","430542","2022","5",,"1","4","1","3","1",,"1",,,,,,
"l'Espluga de Francolí","430542","2023","6",,"1","5","1","3","2",,,"2",,,,,
"L'Espunyola","080787","2011","0",,,,,,"0",,,,,,,,
"L'Espunyola","080787","2012","1",,,"1","1",,"0",,,,,,,,
"L'Espunyola","080787","2013","0",,,,,,"0",,,,,,,,
"L'Espunyola","080787","2014","0",,,,,,"0",,,,,,,,
"L'Espunyola","080787","2015","0",,,,,,"0",,,,,,,,
"L'Espunyola","080787","2016","0",,,,,,"0",,,,,,,,
"L'Espunyola","080787","2017","0",,,,,,"0",,,,,,,,
"L'Espunyola","080787","2018","0",,,,,,"0",,,,,,,,
"L'Espunyola","080787","2019","0",,,,,,"0",,,,,,,,
"L'Espunyola","080787","2020","0",,,,,,"0",,,,,,,,
"L'Espunyola","080787","2021","0",,,,,,"0",,,,,,,,
"L'Esquirol","082541","2011","11",,"3","8","4","1","5","1",,,,"2","3",,
"L'Esquirol","082541","2012","7","2","1","4","2",,"5",,,,,"1","3",,"1"
"L'Esquirol","082541","2013","11","1","5","5","4",,"7",,,,,,"3",,"4"
"L'Esquirol","082541","2014","6",,"1","5","3",,"3",,,,,"1","1",,"1"
"L'Esquirol","082541","2015","5",,"3","2","1",,"4",,,,,,"2",,"2"
"L'Esquirol","082541","2016","6","1",,"5","2",,"4",,"1",,,,"2",,"1"
"L'Esquirol","082541","2017","14","2","3","9","6","1","7",,"2",,"1",,"2",,"2"
"L'Esquirol","082541","2018","8","3","4","1","1",,"7",,"1",,"1",,"3","2",
"L'Esquirol","082541","2019","6",,"3","3","2",,"3","1",,,,"2","1",,
"L'Esquirol","082541","2020","2","1",,"1",,,"1","1",,"1",,,,,
"L'Esquirol","082541","2021","1",,,"1","1",,"0",,,,,,,,
"L'Esquirol","082541","2022","21","19","2",,,"2","19",,"1",,"6","1","11",,
"L'Esquirol","082541","2023","7","3","2","2","1","3","3",,"1",,,"2",,,
"l'Estany","080790","2011","0",,,,,,"0",,,,,,,,
"l'Estany","080790","2012","0",,,,,,"0",,,,,,,,
"l'Estany","080790","2013","0",,,,,,"0",,,,,,,,
"l'Estany","080790","2014","0",,,,,,"0",,,,,,,,
"l'Estany","080790","2015","0",,,,,,"0",,,,,,,,
"l'Estany","080790","2016","0",,,,,,"0",,,,,,,,
"l'Estany","080790","2017","0",,,,,,"0",,,,,,,,
"l'Estany","080790","2018","0",,,,,,"0",,,,,,,,
"l'Estany","080790","2019","0",,,,,,"0",,,,,,,,
"l'Estany","080790","2020","0",,,,,,"0",,,,,,,,
"l'Estany","080790","2021","4","3",,"1",,,"0","4",,,,,,,
"L'Estany","080790","2022","13","6","5","2",,,"13","13",,,,,,,
"L'Estany","080790","2023","3","1","1","1",,,"3","2",,,,,,,"1"
"L'Hospitalet de Llobregat","081017","2011","4,149","1,537","1,551","1,061","681","679","2,737","52","136","50","101","55","2,258","134","3"
"L'Hospitalet de Llobregat","081017","2012","4,198","1,996","1,320","882","552","617","3,009","20","137","61","147","80","2,281","298","5"
"L'Hospitalet de Llobregat","081017","2013","3,649","1,821","1,187","641","468","517","2,648","16","109","77","162","100","1,906","293","1"
"L'Hospitalet de Llobregat","081017","2014","2,910","1,572","860","478","338","437","2,129","6","75","58","175","78","1,467","275","1"
"L'Hospitalet de Llobregat","081017","2015","2,981","1,619","878","484","318","379","2,269","15","70","56","152","93","1,634","259","5"
"L'Hospitalet de Llobregat","081017","2016","3,185","1,669","1,044","472","330","306","2,535","14","70","83","189","91","1,716","380","6"
"L'Hospitalet de Llobregat","081017","2017","3,367","1,802","1,157","408","274","280","2,813",,"71","90","166","69","1,974","439","4"
"L'Hospitalet de Llobregat","081017","2018","3,644","1,879","1,281","484","291","295","3,053","5","71","72","196","75","2,184","445","10"
"L'Hospitalet de Llobregat","081017","2019","3,938","2,025","1,428","485","283","261","3,385","9","78","70","183","47","2,566","429","12"
"L'Hospitalet de Llobregat","081017","2020","2,305","1,164","816","325","139","153","1,860","153","51","43","98","43","1,419","200","6"
"L'Hospitalet de Llobregat","081017","2021","2,693","1,231","1,053","409","100","173","1,474","946","45","19","81","28","1,186","114","1"
"l'Hospitalet de Llobregat","081017","2022","2,884","1,778","835","271","99","132","2,653","375","41","37","135","30","1,859","175","1"
"l'Hospitalet de Llobregat","081017","2023","3,943","2,014","1,481","448","225","218","3,500","248","55","44","89","79","2,767","215","3"
"Linyola","251229","2011","31","28",,"3","3","1","27",,"7","1","3","12","4",,
"Linyola","251229","2012","5","1","1","3","3",,"2",,"1",,,,"1",,
"Linyola","251229","2013","2","1",,"1","1",,"1",,,"1",,,,,
"Linyola","251229","2014","1",,"1",,,,"1",,,"1",,,,,
"Linyola","251229","2015","1",,,"1","1",,"0",,,,,,,,
"Linyola","251229","2016","2",,,"2","2",,"0",,,,,,,,
"Linyola","251229","2017","3",,,"3","3",,"0",,,,,,,,
"Linyola","251229","2018","5",,,"5","4",,"1",,,,,"1",,,
"Linyola","251229","2019","16","13",,"3","3",,"12","1",,,"6","6",,,
"Linyola","251229","2020","2",,,"2","2",,"0",,,,,,,,
"Linyola","251229","2021","4",,,"4","3",,"0","1",,,,,,,
"Linyola","251229","2022","4","2","1","1","1",,"3",,"1",,"1",,"1",,
"Linyola","251229","2023","6","3","2","1","1",,"5",,"1","1",,,"3",,
"Lladó","170887","2011","0",,,,,,"0",,,,,,,,
"Lladó","170887","2012","0",,,,,,"0",,,,,,,,
"Lladó","170887","2013","1",,,"1","1",,"0",,,,,,,,
"Lladó","170887","2014","2","2",,,,"1","1",,,,,,"1",,
"Lladó","170887","2015","3","1","2",,,"1","2",,,,,,"2",,
"Lladó","170887","2016","0",,,,,,"0",,,,,,,,
"Lladó","170887","2017","3","1",,"2","2",,"1",,,,,,"1",,
"Lladó","170887","2018","2",,"1","1","1",,"1",,,,,,"1",,
"Lladó","170887","2019","7","2","4","1","1",,"6",,"3","1",,,"2",,
"Lladó","170887","2020","4","1","3",,,,"4",,"2","1","1",,,,
"Lladó","170887","2021","2","1","1",,,,"0","2",,,,,,,
"Lladó","170887","2023","3","3",,,,,"3",,,,"1",,"2",,
"Lladorre","251235","2011","1",,,"1","1",,"0",,,,,,,,
"Lladorre","251235","2012","1",,,"1","1",,"0",,,,,,,,
"Lladorre","251235","2013","0",,,,,,"0",,,,,,,,
"Lladorre","251235","2014","0",,,,,,"0",,,,,,,,
"Lladorre","251235","2015","0",,,,,,"0",,,,,,,,
"Lladorre","251235","2016","0",,,,,,"0",,,,,,,,
"Lladorre","251235","2017","0",,,,,,"0",,,,,,,,
"Lladorre","251235","2018","0",,,,,,"0",,,,,,,,
"Lladorre","251235","2019","1",,,"1",,"1","0",,,,,,,,
"Lladorre","251235","2020","0",,,,,,"0",,,,,,,,
"Lladorre","251235","2021","0",,,,,,"0",,,,,,,,
"Lladurs","251240","2011","2","1",,"1","1",,"1",,,,,,"1",,
"Lladurs","251240","2012","2",,,"2","2",,"0",,,,,,,,
"Lladurs","251240","2013","1",,,"1","1",,"0",,,,,,,,
"Lladurs","251240","2014","0",,,,,,"0",,,,,,,,
"Lladurs","251240","2015","0",,,,,,"0",,,,,,,,
"Lladurs","251240","2016","0",,,,,,"0",,,,,,,,
"Lladurs","251240","2017","0",,,,,,"0",,,,,,,,
"Lladurs","251240","2018","0",,,,,,"0",,,,,,,,
"Lladurs","251240","2019","0",,,,,,"0",,,,,,,,
"Lladurs","251240","2020","0",,,,,,"0",,,,,,,,
"Lladurs","251240","2021","0",,,,,,"0",,,,,,,,
"Llagostera","170890","2011","261","159","77","25","22","9","228","2","9","6","133","42","31","7",
"Llagostera","170890","2012","171","94","61","16","16","12","141","2","8","3","80","28","21","1",
"Llagostera","170890","2013","87","31","51","5","4","9","74",,"13","6","34","13","8",,
"Llagostera","170890","2014","83","64","17","2","2","6","75",,"5","2","41","12","8","7",
"Llagostera","170890","2015","102","81","19","2","2","5","94","1","6","3","59","9","14","3",
"Llagostera","170890","2016","78","42","30","6","1","5","69","3","4","2","42","5","13","3",
"Llagostera","170890","2017","100","50","36","14","4","9","84","3","5","3","44","9","21","2",
"Llagostera","170890","2018","103","44","47","12","8","5","90",,"5","8","47","9","16","5",
"Llagostera","170890","2019","144","63","66","15","9","3","132",,"12","5","48","13","52","1","1"
"Llagostera","170890","2020","101","32","59","10","6","6","87","2","1","7","47","1","28",,"3"
"Llagostera","170890","2021","141","59","76","6","2","2","128","9","9","8","45","7","57","2",
"Llagostera","170890","2022","75","36","38","1",,"2","73","1","5",,"40","7","19","1",
"Llagostera","170890","2023","96","44","36","16","8","12","76",,"5","2","31","3","33",,"2"
"Llambilles","170904","2011","1",,"1",,,"1","0",,,,,,,,
"Llambilles","170904","2012","9","1","2","6","3","2","4",,,"1",,,"3",,
"Llambilles","170904","2013","4",,,"4","1","1","2",,,"2",,,,,
"Llambilles","170904","2014","2",,,"2",,,"2",,,"2",,,,,
"Llambilles","170904","2015","3",,,"3","2",,"1",,,"1",,,,,
"Llambilles","170904","2016","1",,,"1","1",,"0",,,,,,,,
"Llambilles","170904","2017","0",,,,,,"0",,,,,,,,
"Llambilles","170904","2018","2","2",,,,,"2",,"2",,,,,,
"Llambilles","170904","2019","2","1","1",,,,"2",,,,,,"2",,
"Llambilles","170904","2020","1",,,"1","1",,"0",,,,,,,,
"Llambilles","170904","2021","2","1","1",,,,"2",,,,,,"2",,
"Llambilles","170904","2023","1","1",,,,,"1",,"1",,,,,,
"Llanars","170911","2011","0",,,,,,"0",,,,,,,,
"Llanars","170911","2012","0",,,,,,"0",,,,,,,,
"Llanars","170911","2013","0",,,,,,"0",,,,,,,,
"Llanars","170911","2014","0",,,,,,"0",,,,,,,,
"Llanars","170911","2015","0",,,,,,"0",,,,,,,,
"Llanars","170911","2016","0",,,,,,"0",,,,,,,,
"Llanars","170911","2017","0",,,,,,"0",,,,,,,,
"Llanars","170911","2018","4","2","2",,,,"4",,,,,,"4",,
"Llanars","170911","2019","2","1","1",,,,"2",,,,,,"2",,
"Llanars","170911","2020","4","1","1","2","2",,"2",,,,,,"2",,
"Llanars","170911","2021","2",,"1","1","1",,"1",,,,,,"1",,
"Llanars","170911","2022","2","2",,,,,"2",,,,,,"2",,
"Llanars","170911","2023","2","1","1",,,,"2",,,,,,"2",,
"Llançà","170926","2011","80","50","23","7","6","7","66","1","30","2","16",,"18",,
"Llançà","170926","2012","59","25","30","4","4","10","44","1","22","2","12",,"7",,"1"
"Llançà","170926","2013","43","19","21","3","2","3","36","2","12","2","16",,"6",,
"Llançà","170926","2014","37","32","1","4","4","3","30",,"12","4","7","1","6",,
"Llançà","170926","2015","21","15","4","2","3","1","17",,"10","1","2","1","3",,
"Llançà","170926","2016","7","1","3","3","3",,"4",,"2",,"1",,"1",,
"Llançà","170926","2017","7","2","2","3","3",,"4",,,,"2","1","1",,
"Llançà","170926","2018","3",,,"3","2","1","0",,,,,,,,
"Llançà","170926","2019","29","20","5","4","3","2","24",,"9","2","4","1","8",,
"Llançà","170926","2020","22","10","12",,,,"20","2","8","3","4",,"5",,
"Llançà","170926","2021","21","6","13","2","2","1","7","11","1","3",,,"3",,
"Llançà","170926","2022","18","10","5","3",,"1","17","2","4","4",,,"7",,
"Llançà","170926","2023","31","11","15","5",,"1","30","1","14","1",,,"14",,
"Llardecans","251253","2011","0",,,,,,"0",,,,,,,,
"Llardecans","251253","2012","0",,,,,,"0",,,,,,,,
"Llardecans","251253","2013","1",,,"1","1",,"0",,,,,,,,
"Llardecans","251253","2014","0",,,,,,"0",,,,,,,,
"Llardecans","251253","2015","0",,,,,,"0",,,,,,,,
"Llardecans","251253","2016","0",,,,,,"0",,,,,,,,
"Llardecans","251253","2017","0",,,,,,"0",,,,,,,,
"Llardecans","251253","2018","0",,,,,,"0",,,,,,,,
"Llardecans","251253","2019","0",,,,,,"0",,,,,,,,
"Llardecans","251253","2020","0",,,,,,"0",,,,,,,,
"Llardecans","251253","2021","0",,,,,,"0",,,,,,,,
"Llavorsí","251266","2011","2",,"1","1","1",,"1",,,,,,"1",,
"Llavorsí","251266","2012","3","2","1",,,,"3",,,,"2",,"1",,
"Llavorsí","251266","2013","0",,,,,,"0",,,,,,,,
"Llavorsí","251266","2014","0",,,,,,"0",,,,,,,,
"Llavorsí","251266","2015","1",,,"1","1",,"0",,,,,,,,
"Llavorsí","251266","2016","1",,,"1","1",,"0",,,,,,,,
"Llavorsí","251266","2017","3",,,"3","2",,"1",,"1",,,,,,
"Llavorsí","251266","2018","1",,,"1",,,"1",,"1",,,,,,
"Llavorsí","251266","2019","0",,,,,,"0",,,,,,,,
"Llavorsí","251266","2020","0",,,,,,"0",,,,,,,,
"Llavorsí","251266","2021","0",,,,,,"0",,,,,,,,
"Llavorsí","251266","2022","1",,"1",,"1",,,,,,,,,,
"Lleida","251207","2011","1,607","538","506","563","364","211","1,007","25","161","74","174","129","442","24","3"
"Lleida","251207","2012","1,487","499","545","443","245","213","989","40","153","65","185","156","405","24","1"
"Lleida","251207","2013","1,142","353","372","417","241","179","708","14","114","47","124","98","312","13",
"Lleida","251207","2014","876","291","279","306","167","148","555","6","97","25","104","101","199","28","1"
"Lleida","251207","2015","978","387","291","300","177","159","637","5","66","23","143","124","242","38","1"
"Lleida","251207","2016","1,038","375","350","313","190","168","676","4","94","30","159","78","285","28","2"
"Lleida","251207","2017","907","317","271","319","158","173","572","4","88","35","100","59","270","18","2"
"Lleida","251207","2018","1,032","365","331","336","150","181","698","3","75","32","115","85","363","28",
"Lleida","251207","2019","1,187","558","325","304","160","134","891","2","71","41","198","120","400","59","2"
"Lleida","251207","2020","704","306","208","190","89","76","459","80","32","11","115","62","221","17","1"
"Lleida","251207","2021","998","483","260","255","46","65","398","489","38","13","92","64","166","23","2"
"Lleida","251207","2022","1,087","615","289","183","61","73","953","147","54","9","177","138","403","24","1"
"Lleida","251207","2023","1,644","830","528","286","93","135","1,416","84","80","36","200","125","849","39","3"
"Llers","170932","2011","4",,"2","2","2",,"2",,,,,,"2",,
"Llers","170932","2012","4","1","2","1","1",,"3",,,,"1",,"2",,
"Llers","170932","2013","4",,"2","2","2",,"2",,,,"1",,"1",,
"Llers","170932","2014","0",,,,,,"0",,,,,,,,
"Llers","170932","2015","2",,"1","1",,,"2",,,,,,"2",,
"Llers","170932","2016","2",,"1","1",,"1","1",,,,,,"1",,
"Llers","170932","2017","3","1","1","1","1","1","1",,"1",,,,,,
"Llers","170932","2018","7","2","3","2","2","1","4",,"3",,"1",,,,
"Llers","170932","2019","7","3","3","1","1",,"6",,,,"2",,"4",,
"Llers","170932","2020","1","1",,,,,"1",,,,"1",,,,
"Llers","170932","2021","1",,"1",,,,"1",,,,,,"1",,
"Llers","170932","2023","5",,,"5","4","1",,,,,,,,,
"Lles de Cerdanya","251272","2011","2","1","1",,,,"2",,"2",,,,,,
"Lles de Cerdanya","251272","2012","1",,"1",,,,"1",,"1",,,,,,
"Lles de Cerdanya","251272","2013","2",,,"2","1","1","0",,,,,,,,
"Lles de Cerdanya","251272","2014","1",,,"1","1",,"0",,,,,,,,
"Lles de Cerdanya","251272","2015","0",,,,,,"0",,,,,,,,
"Lles de Cerdanya","251272","2016","0",,,,,,"0",,,,,,,,
"Lles de Cerdanya","251272","2017","0",,,,,,"0",,,,,,,,
"Lles de Cerdanya","251272","2018","0",,,,,,"0",,,,,,,,
"Lles de Cerdanya","251272","2019","0",,,,,,"0",,,,,,,,
"Lles de Cerdanya","251272","2020","0",,,,,,"0",,,,,,,,
"Lles de Cerdanya","251272","2021","3","1","2",,,,"0","3",,,,,,,
"Lliçà d'Amunt","081075","2011","104","12","37","55","48","17","36","3","5",,"1",,"29","1",
"Lliçà d'Amunt","081075","2012","53","7","15","31","22","13","18",,"4",,"2","1","11",,
"Lliçà d'Amunt","081075","2013","37","3","14","20","17","11","9",,"4",,,,"5",,
"Lliçà d'Amunt","081075","2014","46","13","13","20","21","14","11",,"4",,,,"7",,
"Lliçà d'Amunt","081075","2015","64","7","29","28","32","14","18",,"3","4",,,"11",,
"Lliçà d'Amunt","081075","2016","52","5","23","24","24","7","21",,"2","4",,,"15",,
"Lliçà d'Amunt","081075","2017","42","4","16","22","14","7","21",,"3","4",,,"14",,
"Lliçà d'Amunt","081075","2018","36","4","11","21","11","9","16",,"1","5",,,"10",,
"Lliçà d'Amunt","081075","2019","22","3","8","11","5","7","10",,,"2",,,"8",,
"Lliçà d'Amunt","081075","2020","13","4","5","4","3","1","8","1",,,"1",,"7",,
"Lliçà d'Amunt","081075","2021","10","3","4","3",,"2","5","3",,,,,"4","1",
"Lliçà d'Amunt","081075","2022","21","9","2","10","7","3","11","1",,"2",,"1","6","1",
"Lliçà d'Amunt","081075","2023","30","6","13","11","10","5","15",,"1","1",,,"13",,
"Lliçà de Vall","081081","2011","22","2","12","8","13","3","4","2",,,,,"4",,
"Lliçà de Vall","081081","2012","21","2","6","13","13","3","4","1","2",,,,"2",,
"Lliçà de Vall","081081","2013","24","2","8","14","9","5","9","1","1","1",,,"7",,
"Lliçà de Vall","081081","2014","19","3","5","11","7","1","10","1",,,"2",,"8",,
"Lliçà de Vall","081081","2015","18","4","6","8","3","2","12","1","1",,"5",,"5","1",
"Lliçà de Vall","081081","2016","10",,"5","5","4","3","3",,"2",,,,"1",,
"Lliçà de Vall","081081","2017","19","7","3","9","7","1","10","1","2",,"6",,"1","1",
"Lliçà de Vall","081081","2018","17","4","4","9","6","3","8",,"1",,"3",,"4",,
"Lliçà de Vall","081081","2019","21","2","5","14","6","5","10",,"4",,,,"6",,
"Lliçà de Vall","081081","2020","11",,,"11","6","4","1",,"1",,,,,,
"Lliçà de Vall","081081","2021","1",,"1",,,,"1",,,,,,"1",,
"Lliçà de Vall","081081","2022","7","3","2","2","1",,"6",,,,,,"6",,
"Lliçà de Vall","081081","2023","18","6","5","7","5",,"13",,"2",,"2",,"9",,
"Llinars del Vallès","081069","2011","119","27","41","51","33","15","71",,"8","2","16","7","37","1",
"Llinars del Vallès","081069","2012","121","24","56","41","37","18","65","1","2","2","14","5","40","2",
"Llinars del Vallès","081069","2013","74","5","39","30","25","19","29","1","2",,"2","1","24",,
"Llinars del Vallès","081069","2014","90","17","48","25","22","19","49",,"4",,"8","5","31","1",
"Llinars del Vallès","081069","2015","90","24","16","50","29","14","47",,"6",,"5",,"29","6","1"
"Llinars del Vallès","081069","2016","46","10","15","21","17","10","19",,"7","1","1",,"8","2",
"Llinars del Vallès","081069","2017","56","12","17","27","20","11","25",,"8","2",,,"12","3",
"Llinars del Vallès","081069","2018","100","56","19","25","18","6","76",,"7","4","30","2","29","4",
"Llinars del Vallès","081069","2019","117","65","24","28","20","10","87",,"5","1","33","4","37","7",
"Llinars del Vallès","081069","2020","60","16","34","10","5","9","44","2","2","1","3","3","31","4",
"Llinars del Vallès","081069","2021","52","22","22","8","3","5","33","11","2","3","4","2","21","1",
"Llinars del Vallès","081069","2022","63","35","17","11","6","7","50",,"3",,"2","4","39","2",
"Llinars del Vallès","081069","2023","94","34","41","19","8","11","75",,"7",,"3","2","59","3","1"
"Llívia","170947","2011","12","4","1","7","3","2","7",,,"1",,,"6",,
"Llívia","170947","2012","9","2","3","4","2",,"7",,"2",,,,"5",,
"Llívia","170947","2013","4",,"2","2","1",,"3",,"2",,,,"1",,
"Llívia","170947","2014","1",,"1",,,,"1",,"1",,,,,,
"Llívia","170947","2015","0",,,,,,"0",,,,,,,,
"Llívia","170947","2016","4","1","2","1",,"2","2",,,"1",,,"1",,
"Llívia","170947","2017","3","2","1",,,,"3",,,,"2",,"1",,
"Llívia","170947","2018","5","1","4",,"1",,"4",,,,"1",,"3",,
"Llívia","170947","2019","3","1","1","1","1","1","1",,,,,"1",,,
"Llívia","170947","2020","4","2","2",,,,"3","1",,,"1",,"2",,
"Llívia","170947","2021","7","3","4",,,,"3","4",,,"1",,"2",,
"Llívia","170947","2022","6","2","4",,,,"6","3",,"1","1",,"1",,
"Llívia","170947","2023","5","3","1","1",,"1","4","2",,,,,"2",,
"Llobera","251291","2011","0",,,,,,"0",,,,,,,,
"Llobera","251291","2012","0",,,,,,"0",,,,,,,,
"Llobera","251291","2013","1",,,"1","1",,"0",,,,,,,,
"Llobera","251291","2014","0",,,,,,"0",,,,,,,,
"Llobera","251291","2015","0",,,,,,"0",,,,,,,,
"Llobera","251291","2016","0",,,,,,"0",,,,,,,,
"Llobera","251291","2017","0",,,,,,"0",,,,,,,,
"Llobera","251291","2018","0",,,,,,"0",,,,,,,,
"Llobera","251291","2019","0",,,,,,"0",,,,,,,,
"Llobera","251291","2020","0",,,,,,"0",,,,,,,,
"Llobera","251291","2021","1","1",,,,,"0","1",,,,,,,
"Llorenç del Penedès","430748","2011","2",,,"2","2",,"0",,,,,,,,
"Llorenç del Penedès","430748","2012","3","1","2",,,,"3",,,,"1",,"2",,
"Llorenç del Penedès","430748","2013","4","1","3",,,,"4",,,,"2",,"2",,
"Llorenç del Penedès","430748","2014","2",,"2",,,,"2",,,,"1",,"1",,
"Llorenç del Penedès","430748","2015","3",,"3",,,,"3",,,,,,"3",,
"Llorenç del Penedès","430748","2016","4",,"1","3","3",,"1",,,,,,"1",,
"Llorenç del Penedès","430748","2017","0",,,,,,"0",,,,,,,,
"Llorenç del Penedès","430748","2018","11","1","2","8","6","2","3",,"2",,,,"1",,
"Llorenç del Penedès","430748","2019","6",,"1","5","5",,"1",,,,,,"1",,
"Llorenç del Penedès","430748","2020","4",,"2","2","2",,"2",,,,,,"2",,
"Llorenç del Penedès","430748","2021","4",,"1","3","2",,"2",,,,,,"2",,
"Llorenç del Penedès","430748","2022","1",,,"1",,,"1",,,,,,"1",,
"Llorenç del Penedès","430748","2023","8","1","2","5","3","3","2",,,"1",,,"1",,
"Lloret de Mar","170950","2011","1,099","445","446","208","92","115","887","5","179","134","93","78","243","160",
"Lloret de Mar","170950","2012","924","394","376","154","60","90","774",,"151","142","60","42","197","182",
"Lloret de Mar","170950","2013","704","283","305","116","48","80","576",,"107","129","46","25","155","114",
"Lloret de Mar","170950","2014","613","243","239","131","61","58","493","1","73","125","38","36","141","80",
"Lloret de Mar","170950","2015","614","270","231","113","40","55","518","1","71","128","73","14","117","113","2"
"Lloret de Mar","170950","2016","569","280","206","83","29","52","488",,"53","141","67","17","110","100",
"Lloret de Mar","170950","2017","588","318","205","65","26","51","511",,"77","158","28","17","120","110","1"
"Lloret de Mar","170950","2018","659","317","265","77","20","40","596","3","76","163","48","15","173","119","2"
"Lloret de Mar","170950","2019","765","414","288","63","20","42","702","1","76","190","65","15","212","143","1"
"Lloret de Mar","170950","2020","511","258","209","44","14","22","465","10","41","106","59","5","184","70",
"Lloret de Mar","170950","2021","519","193","260","66","16","25","293","185","44","66","31","5","119","28",
"Lloret de Mar","170950","2022","668","411","190","67","12","15","641","93","40","262","54","7","150","34","1"
"Lloret de Mar","170950","2023","702","374","261","67","18","35","649","11","37","255","46","8","227","64","1"
"Maçanet de Cabrenys","171024","2011","2",,,"2",,,"2",,,,,,"2",,
"Maçanet de Cabrenys","171024","2012","3","2",,"1","1",,"2",,,"2",,,,,
"Maçanet de Cabrenys","171024","2013","3",,"3",,,,"3",,,"3",,,,,
"Maçanet de Cabrenys","171024","2014","1",,,"1",,,"0","1",,,,,,,
"Maçanet de Cabrenys","171024","2015","0",,,,,,"0",,,,,,,,
"Maçanet de Cabrenys","171024","2016","0",,,,,,"0",,,,,,,,
"Maçanet de Cabrenys","171024","2017","0",,,,,,"0",,,,,,,,
"Maçanet de Cabrenys","171024","2018","0",,,,,,"0",,,,,,,,
"Maçanet de Cabrenys","171024","2019","2","1","1",,,,"2",,,,,,"2",,
"Maçanet de Cabrenys","171024","2020","0",,,,,,"0",,,,,,,,
"Maçanet de Cabrenys","171024","2021","1",,,"1",,,"0","1",,,,,,,
"Maçanet de Cabrenys","171024","2022","5","2",,"3",,,"5","3",,,,,"2",,
"Maçanet de Cabrenys","171024","2023","2","2",,,,,"2",,,,,,"2",,
"Maçanet de la Selva","171030","2011","66","16","41","9","7","12","41","6","12","1","1","10","16","1",
"Maçanet de la Selva","171030","2012","29","2","22","5","4","4","20","1","4",,,"4","9","3",
"Maçanet de la Selva","171030","2013","7","2",,"5","2","3","2",,,,,,"2",,
"Maçanet de la Selva","171030","2014","2","1",,"1","1",,"1",,,,,"1",,,
"Maçanet de la Selva","171030","2015","0",,,,,,"0",,,,,,,,
"Maçanet de la Selva","171030","2016","1",,,"1","1",,"0",,,,,,,,
"Maçanet de la Selva","171030","2017","5",,"1","4","2",,"3",,"1",,,,"2",,
"Maçanet de la Selva","171030","2018","5",,"1","4","1",,"4",,,,,,"4",,
"Maçanet de la Selva","171030","2019","10","1","1","8","5",,"5",,,,"2",,"3",,
"Maçanet de la Selva","171030","2020","4","1",,"3","2",,"1","1",,,,,"1",,
"Maçanet de la Selva","171030","2021","4","1","3",,,,"0","4",,,,,,,
"Maçanet de la Selva","171030","2022","5","1","3","1","1",,"4","3",,,,,"1",,
"Maçanet de la Selva","171030","2023","8","1","5","2","1",,"7",,"3",,,,"4",,
"Madremanya","170979","2011","3","1","2",,,,"3",,"3",,,,,,
"Madremanya","170979","2012","2",,"2",,,,"2",,"2",,,,,,
"Madremanya","170979","2013","1",,"1",,,,"1",,"1",,,,,,
"Madremanya","170979","2014","2","1","1",,,,"2",,"2",,,,,,
"Madremanya","170979","2015","0",,,,,,"0",,,,,,,,
"Madremanya","170979","2016","1",,,"1","1",,"0",,,,,,,,
"Madremanya","170979","2017","2",,,"2","2",,"0",,,,,,,,
"Madremanya","170979","2018","2",,,"2","2",,"0",,,,,,,,
"Madremanya","170979","2019","2","1",,"1","1",,"1",,,,,,"1",,
"Madremanya","170979","2020","0",,,,,,"0",,,,,,,,
"Madremanya","170979","2021","0",,,,,,"0",,,,,,,,
"Madremanya","170979","2022","1","1",,,,,"1",,,"1",,,,,
"Maià de Montcal","170985","2011","2",,"2",,,,"2",,"2",,,,,,
"Maià de Montcal","170985","2012","0",,,,,,"0",,,,,,,,
"Maià de Montcal","170985","2013","0",,,,,,"0",,,,,,,,
"Maià de Montcal","170985","2014","1","1",,,,"1","0",,,,,,,,
"Maià de Montcal","170985","2015","3","1",,"2",,"3","0",,,,,,,,
"Maià de Montcal","170985","2016","2",,"2",,,"2","0",,,,,,,,
"Maià de Montcal","170985","2017","0",,,,,,"0",,,,,,,,
"Maià de Montcal","170985","2018","0",,,,,,"0",,,,,,,,
"Maià de Montcal","170985","2019","1","1",,,,,"1",,,,,"1",,,
"Maià de Montcal","170985","2020","3","2","1",,,,"3",,,,"2","1",,,
"Maià de Montcal","170985","2021","0",,,,,,"0",,,,,,,,
"Maials","251333","2011","0",,,,,,"0",,,,,,,,
"Maials","251333","2012","30","30",,,,,"30",,,,"1","29",,,
"Maials","251333","2013","1",,,"1","1",,"0",,,,,,,,
"Maials","251333","2014","1",,,"1","1",,"0",,,,,,,,
"Maials","251333","2015","35","35",,,,,"35",,,,"1","34",,,
"Maials","251333","2016","0",,,,,,"0",,,,,,,,
"Maials","251333","2017","0",,,,,,"0",,,,,,,,
"Maials","251333","2018","1","1",,,,,"1",,,,"1",,,,
"Maials","251333","2019","0",,,,,,"0",,,,,,,,
"Maials","251333","2020","0",,,,,,"0",,,,,,,,
"Maials","251333","2021","0",,,,,,"0",,,,,,,,
"Maials","251333","2023","1",,,"1","1",,,,,,,,,,
"Malgrat de Mar","081108","2011","95","27","27","41","29","20","44","2","7",,"8","5","21","3",
"Malgrat de Mar","081108","2012","56","7","15","34","21","13","22",,"4",,"1","2","15",,
"Malgrat de Mar","081108","2013","49","9","17","23","15","6","28",,"9",,"1",,"14","4",
"Malgrat de Mar","081108","2014","50","15","16","19","7","9","34",,"8","2","3","2","14","5",
"Malgrat de Mar","081108","2015","42","6","16","20","12","6","24",,"8","1","2",,"9","4",
"Malgrat de Mar","081108","2016","32","3","12","17","9","6","17",,"5","2","1",,"6","3",
"Malgrat de Mar","081108","2017","37","5","14","18","8","6","23",,"10",,,"2","9","2",
"Malgrat de Mar","081108","2018","34","4","10","20","9","7","18",,"5","1","1",,"9","2",
"Malgrat de Mar","081108","2019","31","3","17","11","7","8","16",,"9",,,,"7",,
"Malgrat de Mar","081108","2020","15","1","5","9","5","7","2","1",,,,,"1","1",
"Malgrat de Mar","081108","2021","38","13","16","9","2","5","11","20","4",,,,"6","1",
"Malgrat de Mar","081108","2022","35","21","9","5","2","3","30","1",,,"10","1","17","1",
"Malgrat de Mar","081108","2023","89","38","33","18","13","4","72",,"4","2","3","1","59","3",
"Malla","081115","2011","0",,,,,,"0",,,,,,,,
"Malla","081115","2012","0",,,,,,"0",,,,,,,,
"Malla","081115","2013","0",,,,,,"0",,,,,,,,
"Malla","081115","2014","0",,,,,,"0",,,,,,,,
"Malla","081115","2015","0",,,,,,"0",,,,,,,,
"Malla","081115","2016","0",,,,,,"0",,,,,,,,
"Malla","081115","2017","1",,"1",,,,"1",,,,,,"1",,
"Malla","081115","2018","3","2","1",,,,"3",,,,,"1","1","1",
"Malla","081115","2019","3","1","2",,,,"3",,,,,"1",,"2",
"Malla","081115","2020","1","1",,,,,"1",,,,,"1",,,
"Malla","081115","2021","0",,,,,,"0",,,,,,,,
"Malla","081115","2022","2",,"1","1","1",,"1",,,,,,,"1",
"Malla","081115","2023","4","2","1","1","1",,"3",,"1",,"1",,,"1",
"Manlleu","081120","2011","517","190","258","69","28","14","421","54","28","7","290","41","50","5",
"Manlleu","081120","2012","426","183","188","55","33","16","354","23","16","7","258","33","34","3","3"
"Manlleu","081120","2013","354","197","114","43","26","19","299","10","14","1","203","20","37","24",
"Manlleu","081120","2014","177","83","72","22","11","8","151","7","4",,"103","19","23","1","1"
"Manlleu","081120","2015","251","122","111","18","9","2","236","4","9","3","173","27","14","5","5"
"Manlleu","081120","2016","305","148","131","26","17","12","273","3","9","1","217","9","31","6",
"Manlleu","081120","2017","292","177","100","15","7","7","277","1","5","2","189","27","47","7",
"Manlleu","081120","2018","366","219","132","15","7","6","353",,"3","3","233","40","64","10",
"Manlleu","081120","2019","453","293","149","11","8","2","442","1","9","6","286","49","81","11",
"Manlleu","081120","2020","213","116","93","4","3","6","202","2","6","1","105","16","73","1",
"Manlleu","081120","2021","217","112","77","28","22","6","163","26","5",,"81","20","55","2",
"Manlleu","081120","2022","254","164","85","5","3","3","248","4","3","7","128","22","81","3",
"Manlleu","081120","2023","235","97","127","11","5","3","227","2","9","5","106","22","79","4",
"Manresa","081136","2011","1,262","377","531","354","196","85","971","10","94","52","362","115","315","32","1"
"Manresa","081136","2012","1,136","357","497","282","155","94","886","1","70","57","413","82","240","23","1"
"Manresa","081136","2013","810","234","327","249","132","71","605","2","51","42","219","65","197","31",
"Manresa","081136","2014","749","283","225","241","138","68","543",,"47","36","218","58","141","40","3"
"Manresa","081136","2015","743","330","234","179","100","61","579","3","59","56","229","56","143","34","2"
"Manresa","081136","2016","868","435","247","186","102","60","706",,"62","43","303","42","219","37",
"Manresa","081136","2017","989","528","281","180","93","54","836","6","64","44","356","36","279","56","1"
"Manresa","081136","2018","1,174","612","418","144","77","48","1,037","12","69","33","520","52","323","38","2"
"Manresa","081136","2019","1,582","877","548","157","77","53","1,432","20","50","21","793","69","429","70",
"Manresa","081136","2020","823","393","355","75","29","14","673","107","23","18","275","29","304","22","2"
"Manresa","081136","2021","1,327","718","467","142","46","36","800","445","23","15","275","46","386","49","6"
"Manresa","081136","2022","1,393","882","417","94","29","39","1,325","285","19","52","361","72","479","55","2"
"Manresa","081136","2023","1,565","821","621","123","41","62","1,462","150","20","32","427","69","722","42",
"Marçà","430764","2011","5",,"4","1",,"1","4",,"3",,,,"1",,
"Marçà","430764","2012","4",,,"4","3",,"1",,"1",,,,,,
"Marçà","430764","2013","2",,,"2","2",,"0",,,,,,,,
"Marçà","430764","2014","2","1",,"1",,"1","1",,"1",,,,,,
"Marçà","430764","2015","4",,,"4","3",,"1",,"1",,,,,,
"Marçà","430764","2016","0",,,,,,"0",,,,,,,,
"Marçà","430764","2017","4","1","2","1",,"2","2",,"1",,,,"1",,
"Marçà","430764","2018","3","1",,"2",,,"3",,"2",,,,"1",,
"Marçà","430764","2019","1",,"1",,,,"1",,,,,,"1",,
"Marçà","430764","2020","0",,,,,,"0",,,,,,,,
"Marçà","430764","2021","2","2",,,,,"2",,,,"2",,,,
"Marçà","430764","2022","7","7",,,,,"7",,,"4",,,,"1","2"
"Marçà","430764","2023","14","5","9",,,,"14",,,"6",,,,"2","6"
"Margalef","430751","2011","0",,,,,,"0",,,,,,,,
"Margalef","430751","2012","0",,,,,,"0",,,,,,,,
"Margalef","430751","2013","0",,,,,,"0",,,,,,,,
"Margalef","430751","2014","0",,,,,,"0",,,,,,,,
"Margalef","430751","2015","0",,,,,,"0",,,,,,,,
"Margalef","430751","2016","0",,,,,,"0",,,,,,,,
"Margalef","430751","2017","0",,,,,,"0",,,,,,,,
"Margalef","430751","2018","0",,,,,,"0",,,,,,,,
"Margalef","430751","2019","2","1","1",,,,"2",,,,,,"2",,
"Margalef","430751","2020","1",,"1",,,,"1",,,,,,"1",,
"Margalef","430751","2021","0",,,,,,"0",,,,,,,,
"Marganell","082423","2011","3",,"1","2","2","1","0",,,,,,,,
"Marganell","082423","2012","4",,"2","2","2","2","0",,,,,,,,
"Marganell","082423","2013","4",,"2","2","1",,"3",,,,"2","1",,,
"Marganell","082423","2014","4",,"3","1",,"3","1",,,,,"1",,,
"Marganell","082423","2015","1",,,"1","1",,"0",,,,,,,,
"Marganell","082423","2016","0",,,,,,"0",,,,,,,,
"Marganell","082423","2017","0",,,,,,"0",,,,,,,,
"Marganell","082423","2018","1",,,"1","1",,"0",,,,,,,,
"Marganell","082423","2019","2",,,"2","2",,"0",,,,,,,,
"Marganell","082423","2020","0",,,,,,"0",,,,,,,,
"Marganell","082423","2021","67","59","5","3","1",,"19","47",,"1","5","4","4","5",
"Marganell","082423","2022","196","109","77","10","4",,"192","149",,"4","12","6","13","8",
"Marganell","082423","2023","24","6","15","3","1",,"23","15",,"1","5","1",,"1",
"Martorell","081141","2011","424","144","147","133","63","64","245","52","5","2","80","28","119","11",
"Martorell","081141","2012","356","88","178","90","72","46","224","14","4","1","83","35","94","6","1"
"Martorell","081141","2013","262","62","126","74","69","52","141",,"5",,"45","36","47","8",
"Martorell","081141","2014","169","42","85","42","35","45","89",,"3","1","37","13","29","5","1"
"Martorell","081141","2015","201","88","83","30","23","42","136",,"7","5","68","17","30","9",
"Martorell","081141","2016","286","101","89","96","58","57","169","2","4","7","60","22","71","5",
"Martorell","081141","2017","296","106","82","108","68","47","178","3","4","7","77","16","70","3","1"
"Martorell","081141","2018","366","118","133","115","74","44","247","1","4","5","121","22","86","9",
"Martorell","081141","2019","405","189","117","99","67","34","301","3","3","5","138","31","114","10",
"Martorell","081141","2020","308","178","85","45","32","24","249","3","3","2","109","24","95","16",
"Martorell","081141","2021","194","80","80","34","25","8","130","31","6","2","45","12","62","3",
"Martorell","081141","2022","320","201","90","29","14","13","293","12","4","10","101","15","135","16",
"Martorell","081141","2023","431","206","173","52","27","33","371","13","6","13","97","20","217","5",
"Martorelles","081154","2011","35","7","11","17","18","6","10","1",,,"1",,"9",,
"Martorelles","081154","2012","25","5","7","13","11","4","10",,"2",,,,"8",,
"Martorelles","081154","2013","18","3","2","13","9","2","7",,"2",,,,"5",,
"Martorelles","081154","2014","18","1","8","9","5","4","9",,"2",,,,"7",,
"Martorelles","081154","2015","21","8","9","4","1","13","7",,,,,,"7",,
"Martorelles","081154","2016","20","1","10","9","5","5","10",,"1",,,,"9",,
"Martorelles","081154","2017","24","8","6","10","6","4","14",,,"1",,,"13",,
"Martorelles","081154","2018","26","8","4","14","7","3","16",,"1","3","1",,"9","2",
"Martorelles","081154","2019","34","5","6","23","14","9","11",,,"2","3",,"6",,
"Martorelles","081154","2020","14","4","4","6","8","1","4","1",,,,,"4",,
"Martorelles","081154","2021","12","5","5","2",,,"5","7","1",,,,"4",,
"Martorelles","081154","2022","40","11","21","8","4",,"36","13","4","2",,,"16","1",
"Martorelles","081154","2023","26","3","15","8","6","2","18","4","3",,,,"11",,
"Mas de Barberans","430770","2011","2",,"2",,,,"2",,"2",,,,,,
"Mas de Barberans","430770","2012","0",,,,,,"0",,,,,,,,
"Mas de Barberans","430770","2013","0",,,,,,"0",,,,,,,,
"Mas de Barberans","430770","2014","0",,,,,,"0",,,,,,,,
"Mas de Barberans","430770","2015","0",,,,,,"0",,,,,,,,
"Mas de Barberans","430770","2016","4","1","2","1",,,"4",,,,,,"4",,
"Mas de Barberans","430770","2017","0",,,,,,"0",,,,,,,,
"Mas de Barberans","430770","2018","0",,,,,,"0",,,,,,,,
"Mas de Barberans","430770","2019","2","2",,,,,"2",,"2",,,,,,
"Mas de Barberans","430770","2020","0",,,,,,"0",,,,,,,,
"Mas de Barberans","430770","2021","0",,,,,,"0",,,,,,,,
"Mas de Barberans","430770","2023","3",,"3",,,,"3",,"3",,,,,,
"Masarac","171002","2011","1",,"1",,,,"1",,"1",,,,,,
"Masarac","171002","2012","2",,"1","1",,,"2",,"2",,,,,,
"Masarac","171002","2013","5","3","1","1",,,"5",,"1",,,"4",,,
"Masarac","171002","2014","3","1","2",,,,"3",,"2",,,"1",,,
"Masarac","171002","2015","4",,"4",,,,"4",,"4",,,,,,
"Masarac","171002","2016","5",,"3","2",,"1","4",,"4",,,,,,
"Masarac","171002","2017","4",,,"4",,"1","3",,"3",,,,,,
"Masarac","171002","2018","1","1",,,,,"1",,,,,"1",,,
"Masarac","171002","2019","4","1",,"3",,"2","2",,"1",,,"1",,,
"Masarac","171002","2020","8","2",,"6",,"3","3","2","3",,,,,,
"Masarac","171002","2021","6",,,"6",,"3","3",,"3",,,,,,
"Masarac i Vilarnadal","171002","2023","4","3",,"1","1",,"3",,"1",,,"2",,,
"Masdenverge","430786","2011","1",,"1",,"1",,"0",,,,,,,,
"Masdenverge","430786","2012","0",,,,,,"0",,,,,,,,
"Masdenverge","430786","2013","2","2",,,,,"2",,,"1","1",,,,
"Masdenverge","430786","2014","5","5",,,,,"5",,"2","2",,"1",,,
"Masdenverge","430786","2015","2",,"2",,,,"2",,"2",,,,,,
"Masdenverge","430786","2016","5","2","2","1","1","1","3",,"3",,,,,,
"Masdenverge","430786","2017","3","2",,"1",,,"3",,"1",,"2",,,,
"Masdenverge","430786","2018","2",,,"2",,,"2",,"2",,,,,,
"Masdenverge","430786","2019","8","2","2","4",,"2","6",,"4",,,,"2",,
"Masdenverge","430786","2020","1",,"1",,,,"1",,,,,,"1",,
"Masdenverge","430786","2021","5","2","1","2",,"2","1","2",,,,,"1",,
"Masdenverge","430786","2022","13","7","4","2",,"3","10","1",,"6",,,"3",,
"Masdenverge","430786","2023","30","19","11",,,"3","27",,,"3","14","2","8",,
"Masllorenç","430799","2011","2","2",,,,,"2",,,,,,"2",,
"Masllorenç","430799","2012","0",,,,,,"0",,,,,,,,
"Masllorenç","430799","2013","0",,,,,,"0",,,,,,,,
"Masllorenç","430799","2014","1","1",,,"1",,"0",,,,,,,,
"Masllorenç","430799","2015","0",,,,,,"0",,,,,,,,
"Masllorenç","430799","2016","0",,,,,,"0",,,,,,,,
"Masllorenç","430799","2017","1",,,"1","1",,"0",,,,,,,,
"Masllorenç","430799","2018","6","2","2","2","2","3","1",,"1",,,,,,
"Masllorenç","430799","2019","1",,"1",,,,"1",,,,,,,"1",
"Masllorenç","430799","2020","1","1",,,,,"1",,,,"1",,,,
"Masllorenç","430799","2021","0",,,,,,"0",,,,,,,,
"Masllorenç","430799","2022","3",,,"3","1",,"2","2",,,,,,,
"Maspujols","430810","2011","11",,,"11","8","3","0",,,,,,,,
"Maspujols","430810","2012","0",,,,,,"0",,,,,,,,
"Maspujols","430810","2013","3",,,"3","2","1","0",,,,,,,,
"Maspujols","430810","2014","3",,,"3","3",,"0",,,,,,,,
"Maspujols","430810","2015","3",,,"3","2",,"1",,,,,,"1",,
"Maspujols","430810","2016","1",,,"1","1",,"0",,,,,,,,
"Maspujols","430810","2017","1",,,"1",,,"1",,,,,,"1",,
"Maspujols","430810","2018","2",,,"2","1",,"1",,,,,,"1",,
"Maspujols","430810","2019","4",,,"4","3",,"1",,,,,,"1",,
"Maspujols","430810","2020","2",,,"2","2",,"0",,,,,,,,
"Maspujols","430810","2021","1",,,"1","1",,"0",,,,,,,,
"Maspujols","430810","2023","1","1",,,,,"1",,,,,,"1",,
"Masquefa","081192","2011","55","17","9","29","17","8","20","10","6","1","7","1","3","2",
"Masquefa","081192","2012","38","4","16","18","21","5","8","4",,,"2",,"2","4",
"Masquefa","081192","2013","16",,"10","6","6","4","6",,,,"1",,"5",,
"Masquefa","081192","2014","8","2","4","2","3","2","3",,,,"1",,"2",,
"Masquefa","081192","2015","25","20","2","3","3","4","18",,"1",,"8",,"8","1",
"Masquefa","081192","2016","38","2","32","4","11","8","19",,"1","1","6",,"11",,
"Masquefa","081192","2017","14","9","3","2","1","1","12",,,,"3",,"8","1",
"Masquefa","081192","2018","26","15","6","5","6",,"20",,,"2","8",,"5","5",
"Masquefa","081192","2019","39","19","12","8","7","3","29",,"2","3","5","2","13","4",
"Masquefa","081192","2020","11","1","7","3","2","3","6",,,,,,"6",,
"Masquefa","081192","2021","13","3","6","4","1","3","5","4",,"3",,"2",,,
"Masquefa","081192","2022","20","12","5","3",,"4","16",,,"4","4",,"8",,
"Masquefa","081192","2023","31","7","18","6","5","5","21",,,,"4",,"17",,
"Massalcoreig","251312","2011","0",,,,,,"0",,,,,,,,
"Massalcoreig","251312","2012","0",,,,,,"0",,,,,,,,
"Massalcoreig","251312","2013","0",,,,,,"0",,,,,,,,
"Massalcoreig","251312","2014","0",,,,,,"0",,,,,,,,
"Massalcoreig","251312","2015","1",,,"1",,"1","0",,,,,,,,
"Massalcoreig","251312","2016","0",,,,,,"0",,,,,,,,
"Massalcoreig","251312","2017","0",,,,,,"0",,,,,,,,
"Massalcoreig","251312","2018","1",,"1",,,,"1",,,,"1",,,,
"Massalcoreig","251312","2019","0",,,,,,"0",,,,,,,,
"Massalcoreig","251312","2020","0",,,,,,"0",,,,,,,,
"Massalcoreig","251312","2021","0",,,,,,"0",,,,,,,,
"Massanes","171019","2011","3",,"2","1","1",,"2",,,,,,"2",,
"Massanes","171019","2012","1",,"1",,,"1","0",,,,,,,,
"Massanes","171019","2013","0",,,,,,"0",,,,,,,,
"Massanes","171019","2014","1",,,"1",,"1","0",,,,,,,,
"Massanes","171019","2015","4","1","1","2","1","2","1",,"1",,,,,,
"Massanes","171019","2016","2",,"1","1","1",,"1",,"1",,,,,,
"Massanes","171019","2017","1",,"1",,,,"1",,"1",,,,,,
"Massanes","171019","2018","3",,"1","2",,,"3",,"3",,,,,,
"Massanes","171019","2019","1",,,"1",,,"1",,"1",,,,,,
"Massanes","171019","2020","0",,,,,,"0",,,,,,,,
"Massanes","171019","2021","0",,,,,,"0",,,,,,,,
"Massanes","171019","2023","1","1",,,,,"1",,,"1",,,,,
"Matadepera","081206","2011","23","1","5","17","14","2","7",,,"3",,,"4",,
"Matadepera","081206","2012","19","1","5","13","8","2","9",,"2","2",,,"5",,
"Matadepera","081206","2013","43","3","7","33","23","6","13","1","3","2",,,"8",,
"Matadepera","081206","2014","35","3","5","27","20","6","8","1","3",,,,"5",,
"Matadepera","081206","2015","41","1","2","38","30","3","7","1","2","2",,,"3",,
"Matadepera","081206","2016","27","5","7","15","11","3","11","2","2",,,,"9",,
"Matadepera","081206","2017","21","4","11","6","1","3","16","1","2",,,,"13",,"1"
"Matadepera","081206","2018","20","2","5","13","5","1","14",,"1",,,,"13",,
"Matadepera","081206","2019","10","2","3","5","2","1","7",,"2","1",,,"3","1",
"Matadepera","081206","2020","6","1","2","3",,,"5","1","2","1",,,"2",,
"Matadepera","081206","2021","18","8","2","8",,"4","1","13",,,,,"1",,
"Matadepera","081206","2022","12","1","2","9","1","3","8","6","1",,,,"1",,
"Matadepera","081206","2023","10","6",,"4","2","1","7","2",,,,,"5",,
"Mataró","081213","2011","1,052","620","248","184","137","150","764","1","29","23","251","60","346","49","6"
"Mataró","081213","2012","835","428","268","139","105","149","578","3","24","15","201","100","210","27","1"
"Mataró","081213","2013","813","248","235","330","201","178","431","3","34","15","124","37","210","11",
"Mataró","081213","2014","686","195","177","314","211","168","300","7","31","21","50","31","151","16",
"Mataró","081213","2015","694","207","198","289","180","167","342","5","35","6","47","22","205","26","1"
"Mataró","081213","2016","794","269","265","260","177","132","482","3","41","9","67","33","283","43","6"
"Mataró","081213","2017","890","350","263","277","196","140","552","2","42","34","118","43","272","40","3"
"Mataró","081213","2018","945","319","300","326","189","168","586","2","32","34","98","62","324","36",
"Mataró","081213","2019","1,114","511","305","298","168","152","791","3","34","26","240","69","378","41","3"
"Mataró","081213","2020","606","237","191","178","94","74","381","57","22","18","94","23","208","14","2"
"Mataró","081213","2021","819","356","279","184","68","72","318","361","29","21","63","35","154","13","3"
"Mataró","081213","2022","775","370","228","177","55","50","670","225","13","20","98","41","240","28","5"
"Mataró","081213","2023","1,012","409","346","257","138","102","772","73","25","47","101","46","437","32","11"
"Mediona","081228","2011","13","2","3","8","7",,"6",,"3",,,,"3",,
"Mediona","081228","2012","6",,"2","4","2",,"4",,"2",,,,"2",,
"Mediona","081228","2013","3",,"1","2","1",,"2",,"1",,,,"1",,
"Mediona","081228","2014","2",,,"2","2",,"0",,,,,,,,
"Mediona","081228","2015","5",,,"5","1","2","2",,,,,,,"2",
"Mediona","081228","2016","10",,,"10","5","3","2",,,,,,,"2",
"Mediona","081228","2017","6",,,"6","6",,"0",,,,,,,,
"Mediona","081228","2018","7","1","4","2","2","4","1",,,,,,"1",,
"Mediona","081228","2019","7","3",,"4",,"4","3",,,,"1",,"1",,"1"
"Mediona","081228","2020","5",,"2","3","1","2","2",,,,,,"1",,"1"
"Mediona","081228","2021","3",,,"3",,"3","0",,,,,,,,
"Mediona","081228","2022","6","1","1","4","2","2","2",,,"1",,,"1",,
"Mediona","081228","2023","9","3","3","3","2","3","4",,,,"1",,"3",,
"Menàrguens","251348","2011","5","4",,"1","1",,"4",,,,,"4",,,
"Menàrguens","251348","2012","5","3","1","1","1",,"4",,,,,"4",,,
"Menàrguens","251348","2013","2",,,"2","2",,"0",,,,,,,,
"Menàrguens","251348","2014","0",,,,,,"0",,,,,,,,
"Menàrguens","251348","2015","0",,,,,,"0",,,,,,,,
"Menàrguens","251348","2016","0",,,,,,"0",,,,,,,,
"Menàrguens","251348","2017","1",,,"1","1",,"0",,,,,,,,
"Menàrguens","251348","2018","3",,,"3","3",,"0",,,,,,,,
"Menàrguens","251348","2019","6","1","4","1","1",,"5",,"3","1",,"1",,,
"Menàrguens","251348","2020","3",,"1","2","1",,"1","1",,,,"1",,,
"Menàrguens","251348","2021","0",,,,,,"0",,,,,,,,
"Menàrguens","251348","2022","2","1",,"1","1",,"1",,,,,"1",,,
"Menàrguens","251348","2023","1",,,"1","1",,,,,,,,,,
"Mieres","171058","2011","0",,,,,,"0",,,,,,,,
"Mieres","171058","2012","0",,,,,,"0",,,,,,,,
"Mieres","171058","2013","0",,,,,,"0",,,,,,,,
"Mieres","171058","2014","0",,,,,,"0",,,,,,,,
"Mieres","171058","2015","0",,,,,,"0",,,,,,,,
"Mieres","171058","2016","1",,"1",,,,"1",,,,,,"1",,
"Mieres","171058","2017","1",,"1",,,,"1",,,,,,"1",,
"Mieres","171058","2018","3","2",,"1","1",,"2",,"2",,,,,,
"Mieres","171058","2019","0",,,,,,"0",,,,,,,,
"Mieres","171058","2020","0",,,,,,"0",,,,,,,,
"Mieres","171058","2021","0",,,,,,"0",,,,,,,,
"Mieres","171058","2022","1","1",,,,,"1",,,"1",,,,,
"Mieres","171058","2023","2",,"2",,,,"2",,,"2",,,,,
"Miralcamp","251351","2011","2","1","1",,,,"2",,"2",,,,,,
"Miralcamp","251351","2012","1","1",,,,,"1",,"1",,,,,,
"Miralcamp","251351","2013","0",,,,,,"0",,,,,,,,
"Miralcamp","251351","2014","0",,,,,,"0",,,,,,,,
"Miralcamp","251351","2015","1",,,"1",,,"1",,"1",,,,,,
"Miralcamp","251351","2016","2",,,"2",,,"2",,"2",,,,,,
"Miralcamp","251351","2017","0",,,,,,"0",,,,,,,,
"Miralcamp","251351","2018","1",,,"1",,,"1",,"1",,,,,,
"Miralcamp","251351","2019","1",,,"1",,,"1",,"1",,,,,,
"Miralcamp","251351","2020","1",,,"1","1",,"0",,,,,,,,
"Miralcamp","251351","2021","2","1",,"1",,,"0","2",,,,,,,
"Miralcamp","251351","2022","6","2","2","2","1",,"5","5",,,,,,,
"Miralcamp","251351","2023","4",,"1","3","3",,"1",,,,,,"1",,
"Miravet","430846","2011","8","4",,"4","3",,"5",,"2",,,,,"3",
"Miravet","430846","2012","3",,,"3","2",,"1",,"1",,,,,,
"Miravet","430846","2013","1","1",,,,,"1",,,,,,,"1",
"Miravet","430846","2014","1",,,"1","1",,"0",,,,,,,,
"Miravet","430846","2015","0",,,,,,"0",,,,,,,,
"Miravet","430846","2016","0",,,,,,"0",,,,,,,,
"Miravet","430846","2017","3",,"2","1",,"1","2",,,"1",,"1",,,
"Miravet","430846","2018","4",,"4",,,,"4",,,"2",,"2",,,
"Miravet","430846","2019","5",,"5",,,,"5",,,"2",,"2","1",,
"Miravet","430846","2020","2",,"1","1",,,"2",,,"1",,,"1",,
"Miravet","430846","2021","5","1","1","3",,,"3","2",,"3",,,,,
"Miravet","430846","2022","3","2",,"1",,"1","2",,,,"1","1",,,
"Miravet","430846","2023","19","14","2","3",,"3","16",,"1",,"13","1",,"1",
"Moià","081385","2011","31",,"28","3","2","1","28",,"3","1","3","3","18",,
"Moià","081385","2012","16",,"16",,,,"16",,,"3","2","4","6","1",
"Moià","081385","2013","0",,,,,,"0",,,,,,,,
"Moià","081385","2014","0",,,,,,"0",,,,,,,,
"Moià","081385","2015","1","1",,,,,"1",,,,,,"1",,
"Moià","081385","2016","1","1",,,,,"1",,,,,,"1",,
"Moià","081385","2017","6","1","2","3","2","1","3",,,,,,"3",,
"Moià","081385","2018","18","15","1","2","1","4","13",,"2","2",,"2","6","1",
"Moià","081385","2019","17","16","1",,,,"17",,"1","2","2","3","8","1",
"Moià","081385","2020","2",,"2",,,,"2",,,"2",,,,,
"Moià","081385","2021","47","34","6","7",,,"7","40",,"3",,,"4",,
"Moià","081385","2022","92","42","34","16","2",,"90","59",,"1","6","3","21",,
"Moià","081385","2023","89","40","35","14","8",,"81","22",,"3","1","6","44","5",
"Molins de Rei","081234","2011","334","89","124","121","85","73","169","7","10","5","27","1","117","9",
"Molins de Rei","081234","2012","354","112","138","104","85","67","200","2","10","7","47","5","122","8","1"
"Molins de Rei","081234","2013","274","119","88","67","56","44","173","1","7","3","60","7","89","7",
"Molins de Rei","081234","2014","310","170","77","63","54","59","197",,"3","1","97","2","85","9",
"Molins de Rei","081234","2015","284","109","102","73","61","67","156",,"4","2","62","1","80","6","1"
"Molins de Rei","081234","2016","309","105","78","126","92","41","176",,"3","2","41","4","120","4","2"
"Molins de Rei","081234","2017","248","58","71","119","78","36","134",,"4","5","14","8","96","7",
"Molins de Rei","081234","2018","262","82","58","122","82","32","148",,"12","2","18","6","107","3",
"Molins de Rei","081234","2019","330","153","95","82","50","34","239","7","9","4","76","16","115","19",
"Molins de Rei","081234","2020","316","158","72","86","59","38","203","16","9","1","61","19","102","9","2"
"Molins de Rei","081234","2021","297","72","150","75","39","35","167","56","11","1","39","12","95","9",
"Molins de Rei","081234","2022","246","132","64","50","20","28","198","12","8","5","30","12","120","11",
"Molins de Rei","081234","2023","261","125","87","49","27","26","208","5","8","6","27","11","141","10",
"Mollerussa","251370","2011","141","88","28","25","18","8","115",,"23","2","16","47","24","3",
"Mollerussa","251370","2012","89","71",,"18","16","6","66","1","10","1","25","13","17",,
"Mollerussa","251370","2013","10",,"2","8","8","2","0",,,,,,,,
"Mollerussa","251370","2014","23","19",,"4","1","4","18",,"6",,,"10","2",,
"Mollerussa","251370","2015","6",,,"6","5","1","0",,,,,,,,
"Mollerussa","251370","2016","34","20","2","12","8","4","22",,"2",,"9","8","3",,
"Mollerussa","251370","2017","64","48","1","15","15","1","48",,"2",,"27","10","9",,
"Mollerussa","251370","2018","21","2","7","12","10",,"11",,"2",,"5","1","3",,
"Mollerussa","251370","2019","85","68",,"17","12","4","69",,"4",,"26","6","29","4",
"Mollerussa","251370","2020","40","5","25","10","5","4","28","3","3",,"1","1","20","3",
"Mollerussa","251370","2021","41","12","19","10","4","1","23","13","6",,,"4","11",,"2"
"Mollerussa","251370","2022","83","48","17","18","9",,"74","4","11","10","14","8","27",,
"Mollerussa","251370","2023","88","50","19","19","9",,"79","1","9","4","14","10","40","1",
"Mollet de Peralada","171061","2011","0",,,,,,"0",,,,,,,,
"Mollet de Peralada","171061","2012","0",,,,,,"0",,,,,,,,
"Mollet de Peralada","171061","2013","0",,,,,,"0",,,,,,,,
"Mollet de Peralada","171061","2014","0",,,,,,"0",,,,,,,,
"Mollet de Peralada","171061","2015","0",,,,,,"0",,,,,,,,
"Mollet de Peralada","171061","2016","0",,,,,,"0",,,,,,,,
"Mollet de Peralada","171061","2017","0",,,,,,"0",,,,,,,,
"Mollet de Peralada","171061","2018","0",,,,,,"0",,,,,,,,
"Mollet de Peralada","171061","2019","2","2",,,,,"2",,,,"2",,,,
"Mollet de Peralada","171061","2020","0",,,,,,"0",,,,,,,,
"Mollet de Peralada","171061","2021","0",,,,,,"0",,,,,,,,
"Mollet de Peralada","171061","2023","7","2","5",,,,"7",,"1",,,,"6",,
"Mollet del Vallès","081249","2011","665","183","248","234","161","148","347","9","17","32","79","30","180","9",
"Mollet del Vallès","081249","2012","599","171","246","182","127","127","339","6","29","15","80","31","174","10",
"Mollet del Vallès","081249","2013","430","118","179","133","103","88","237","2","25","20","38","14","136","4",
"Mollet del Vallès","081249","2014","312","53","146","113","77","67","165","3","20","17","18","8","98","4",
"Mollet del Vallès","081249","2015","358","116","130","112","86","83","188","1","11","9","38","9","110","11",
"Mollet del Vallès","081249","2016","379","92","175","112","77","94","205","3","7","19","28","7","140","4",
"Mollet del Vallès","081249","2017","344","90","138","116","74","71","196","3","7","13","20","14","139","3",
"Mollet del Vallès","081249","2018","305","95","103","107","61","57","186","1","5","14","20","6","130","11",
"Mollet del Vallès","081249","2019","402","137","147","118","71","70","261",,"8","11","34","14","179","15",
"Mollet del Vallès","081249","2020","234","77","91","66","36","43","138","17","3","7","12","5","106","5",
"Mollet del Vallès","081249","2021","268","118","105","45","22","25","123","98","8","8","29",,"76","2",
"Mollet del Vallès","081249","2022","293","162","78","53","21","22","250","26","6","8","36","5","162","7",
"Mollet del Vallès","081249","2023","468","179","200","89","49","50","369","11","15","11","47","6","265","14",
"Molló","171077","2011","0",,,,,,"0",,,,,,,,
"Molló","171077","2012","0",,,,,,"0",,,,,,,,
"Molló","171077","2013","0",,,,,,"0",,,,,,,,
"Molló","171077","2014","0",,,,,,"0",,,,,,,,
"Molló","171077","2015","0",,,,,,"0",,,,,,,,
"Molló","171077","2016","0",,,,,,"0",,,,,,,,
"Molló","171077","2017","0",,,,,,"0",,,,,,,,
"Molló","171077","2018","1","1",,,,,"1",,,,,,"1",,
"Molló","171077","2019","2","2",,,,,"2",,"2",,,,,,
"Molló","171077","2020","4","1","3",,,,"4",,"3",,,,"1",,
"Molló","171077","2021","0",,,,,,"0",,,,,,,,
"Molló","171077","2022","2","2",,,,,"2",,,"2",,,,,
"Molló","171077","2023","1","1",,,,,"1",,,,,,"1",,
"Monistrol de Calders","081287","2011","3",,"1","2","2",,"1",,,,,,"1",,
"Monistrol de Calders","081287","2012","0",,,,,,"0",,,,,,,,
"Monistrol de Calders","081287","2013","2",,,"2","2",,"0",,,,,,,,
"Monistrol de Calders","081287","2014","2",,,"2","2",,"0",,,,,,,,
"Monistrol de Calders","081287","2015","1",,,"1","1",,"0",,,,,,,,
"Monistrol de Calders","081287","2016","1",,,"1","1",,"0",,,,,,,,
"Monistrol de Calders","081287","2017","2",,,"2","2",,"0",,,,,,,,
"Monistrol de Calders","081287","2018","0",,,,,,"0",,,,,,,,
"Monistrol de Calders","081287","2019","1","1",,,,,"1",,,,,,"1",,
"Monistrol de Calders","081287","2020","1",,,"1",,,"1",,"1",,,,,,
"Monistrol de Calders","081287","2021","0",,,,,,"0",,,,,,,,
"Monistrol de Montserrat","081271","2011","11",,"4","7","3","1","7",,,,"2","4",,"1",
"Monistrol de Montserrat","081271","2012","9",,"2","7","1","1","7",,,,"2","4","1",,
"Monistrol de Montserrat","081271","2013","10",,"1","9","3","2","5",,,,"1","2","2",,
"Monistrol de Montserrat","081271","2014","7","4","1","2","2","1","4",,,,"2",,"2",,
"Monistrol de Montserrat","081271","2015","8",,"6","2","1",,"7",,"1",,,,"4","2",
"Monistrol de Montserrat","081271","2016","16","6","6","4","1","3","12",,,,"2",,"7","3",
"Monistrol de Montserrat","081271","2017","23","19",,"4","1","3","19",,"1",,"16",,"2",,
"Monistrol de Montserrat","081271","2018","8","1","6","1","1","2","5",,"3",,"2",,,,
"Monistrol de Montserrat","081271","2019","12","6","5","1","1","2","9",,"2",,"5",,"2",,
"Monistrol de Montserrat","081271","2020","13","3","6","4","3","5","5",,,,"1","2","2",,
"Monistrol de Montserrat","081271","2021","12","5","4","3",,"2","9","1",,,"3","2","4",,
"Monistrol de Montserrat","081271","2022","5","3","2",,,,"5","1",,,"1",,"3",,
"Monistrol de Montserrat","081271","2023","7","4","2","1","2","1","4",,,,"2",,"2",,
"Montagut i Oix","171096","2011","4",,,"4","2","2","0",,,,,,,,
"Montagut i Oix","171096","2012","6",,"2","4","2","2","2",,"1",,,,"1",,
"Montagut i Oix","171096","2013","9","2","3","4","2","1","5","1","3",,,,"2",,
"Montagut i Oix","171096","2014","4","1","3",,,,"4",,"1",,,,"3",,
"Montagut i Oix","171096","2015","2",,"2",,,,"2",,,,,,"2",,
"Montagut i Oix","171096","2016","1",,"1",,,,"1",,,,,,"1",,
"Montagut i Oix","171096","2017","0",,,,,,"0",,,,,,,,
"Montagut i Oix","171096","2018","1",,,"1",,,"1",,"1",,,,,,
"Montagut i Oix","171096","2019","9","2","4","3","3",,"6",,"3",,,,"3",,
"Montagut i Oix","171096","2020","3","1","2",,,,"3",,"2",,,,"1",,
"Montagut i Oix","171096","2021","1",,,"1",,,"0","1",,,,,,,
"Montagut i Oix","171096","2022","4",,"4",,,,"4",,"4",,,,,,
"Montagut i Oix","171096","2023","12","2","10",,,,"12",,"12",,,,,,
"Montblanc","430862","2011","48","15","1","32","23","10","15",,"6","1","2","1","4","1",
"Montblanc","430862","2012","32","1",,"31","12","12","8",,"2","2","1","3",,,
"Montblanc","430862","2013","16","1","1","14","6","7","3",,,,"2",,"1",,
"Montblanc","430862","2014","10","2","1","7","5","2","3",,"1",,,,"2",,
"Montblanc","430862","2015","9",,"2","7","7",,"2",,,,,,"2",,
"Montblanc","430862","2016","8","1",,"7","7",,"1",,,,"1",,,,
"Montblanc","430862","2017","18","3","3","12","7","4","7",,"1",,"1","1","4",,
"Montblanc","430862","2018","21","11","6","4","3","3","15",,"2","3","5","1","3",,"1"
"Montblanc","430862","2019","57","25","12","20","14","4","39",,"6","10","8","3","11",,"1"
"Montblanc","430862","2020","27","8","4","15","10","3","14",,"6","1","7",,,,
"Montblanc","430862","2021","49","34","6","9","4","4","11","30","3",,"1",,"7",,
"Montblanc","430862","2022","58","45","5","8","1","1","56","6","6","5","22","7","8","2",
"Montblanc","430862","2023","36","24","4","8","2",,"34","4","4","1","13",,"11","1",
"Montbrió del Camp","430884","2011","8",,"2","6",,"2","3","3","1",,,,"2",,
"Montbrió del Camp","430884","2012","11","3",,"8",,"4","5","2","1",,,"1","3",,
"Montbrió del Camp","430884","2013","8","2",,"6","3","2","3",,"2",,,,"1",,
"Montbrió del Camp","430884","2014","5","3","1","1",,"1","3","1",,,,,"3",,
"Montbrió del Camp","430884","2015","10",,"4","6","6","3","1",,"1",,,,,,
"Montbrió del Camp","430884","2016","6","2","1","3","2","1","2","1",,,"2",,,,
"Montbrió del Camp","430884","2017","20","5","3","12","11","2","6","1",,,"1",,"5",,
"Montbrió del Camp","430884","2018","14","1","2","11","9","3","2",,,,,,"2",,
"Montbrió del Camp","430884","2019","15","1","6","8","7","3","5",,,"3",,,"2",,
"Montbrió del Camp","430884","2020","3","1","2",,,"2","1",,,"1",,,,,
"Montbrió del Camp","430884","2021","3","1","1","1",,,"0","3",,,,,,,
"Montbrió del Camp","430884","2022","16","2","5","9",,,"16","2","2","3",,,"9",,
"Montbrió del Camp","430884","2023","10","2","6","2",,,"10",,,"2",,,"8",,
"Montcada i Reixac","081252","2011","289","85","132","72","46","60","174","9","4","6","21",,"117","26",
"Montcada i Reixac","081252","2012","350","198","104","48","41","70","239",,"11","5","42","13","134","34",
"Montcada i Reixac","081252","2013","309","163","86","60","41","69","198","1","5","6","42","19","93","32","1"
"Montcada i Reixac","081252","2014","238","140","69","29","27","22","189",,"6","5","50","15","84","29",
"Montcada i Reixac","081252","2015","302","139","90","73","64","25","213",,"9","4","61","20","92","27",
"Montcada i Reixac","081252","2016","314","143","98","73","61","32","221",,"13","11","49","21","101","26",
"Montcada i Reixac","081252","2017","382","156","147","79","71","51","260",,"17","6","46","9","155","27",
"Montcada i Reixac","081252","2018","433","217","119","97","57","49","326","1","17","5","73","16","175","40",
"Montcada i Reixac","081252","2019","496","313","111","72","46","37","413",,"6","4","97","29","207","70",
"Montcada i Reixac","081252","2020","198","75","89","34","19","26","148","5","2","4","15","6","105","16",
"Montcada i Reixac","081252","2021","202","94","81","27","11","16","119","56","5","4","25","5","73","7",
"Montcada i Reixac","081252","2022","312","183","96","33","22","22","268","21","8","2","34","6","174","21","2"
"Montcada i Reixac","081252","2023","366","156","143","67","32","29","305","9","14","1","18","9","245","5","4"
"Montclar","081304","2011","2",,,"2",,,"0","2",,,,,,,
"Montclar","081304","2012","0",,,,,,"0",,,,,,,,
"Montclar","081304","2013","0",,,,,,"0",,,,,,,,
"Montclar","081304","2014","0",,,,,,"0",,,,,,,,
"Montclar","081304","2015","0",,,,,,"0",,,,,,,,
"Montclar","081304","2016","0",,,,,,"0",,,,,,,,
"Montclar","081304","2017","0",,,,,,"0",,,,,,,,
"Montclar","081304","2018","0",,,,,,"0",,,,,,,,
"Montclar","081304","2019","0",,,,,,"0",,,,,,,,
"Montclar","081304","2020","0",,,,,,"0",,,,,,,,
"Montclar","081304","2021","0",,,,,,"0",,,,,,,,
"Montellà i Martinet","251399","2011","5","1","1","3","3",,"2",,"2",,,,,,
"Montellà i Martinet","251399","2012","0",,,,,,"0",,,,,,,,
"Montellà i Martinet","251399","2013","0",,,,,,"0",,,,,,,,
"Montellà i Martinet","251399","2014","0",,,,,,"0",,,,,,,,
"Montellà i Martinet","251399","2015","0",,,,,,"0",,,,,,,,
"Montellà i Martinet","251399","2016","2","2",,,,,"2",,"1",,,,,"1",
"Montellà i Martinet","251399","2017","0",,,,,,"0",,,,,,,,
"Montellà i Martinet","251399","2018","1",,,"1","1",,"0",,,,,,,,
"Montellà i Martinet","251399","2019","1",,,"1",,"1","0",,,,,,,,
"Montellà i Martinet","251399","2020","2",,,"2",,"2","0",,,,,,,,
"Montellà i Martinet","251399","2021","3","2",,"1","1","1","0","1",,,,,,,
"Montesquiu","081311","2011","1",,"1",,,,"1",,,,,,"1",,
"Montesquiu","081311","2012","0",,,,,,"0",,,,,,,,
"Montesquiu","081311","2013","1",,,"1","1",,"0",,,,,,,,
"Montesquiu","081311","2014","0",,,,,,"0",,,,,,,,
"Montesquiu","081311","2015","0",,,,,,"0",,,,,,,,
"Montesquiu","081311","2016","1","1",,,,,"1",,,,"1",,,,
"Montesquiu","081311","2017","0",,,,,,"0",,,,,,,,
"Montesquiu","081311","2018","2","1",,"1","1",,"1",,,,"1",,,,
"Montesquiu","081311","2019","4","3",,"1","1",,"3",,,,"3",,,,
"Montesquiu","081311","2020","1",,"1",,,,"1",,,,,,"1",,
"Montesquiu","081311","2021","2",,,"2",,,"2",,,,,,"2",,
"Montesquiu","081311","2023","11","8",,"3","3",,"8",,,"1",,,"6","1",
"Montferrer i Castellbò","251403","2011","1",,,"1","1",,"0",,,,,,,,
"Montferrer i Castellbò","251403","2012","1",,,"1","1",,"0",,,,,,,,
"Montferrer i Castellbò","251403","2013","1",,,"1",,"1","0",,,,,,,,
"Montferrer i Castellbò","251403","2014","2",,,"2",,"2","0",,,,,,,,
"Montferrer i Castellbò","251403","2015","2",,,"2",,"2","0",,,,,,,,
"Montferrer i Castellbò","251403","2016","1",,,"1",,"1","0",,,,,,,,
"Montferrer i Castellbò","251403","2017","3",,,"3","2",,"1",,,"1",,,,,
"Montferrer i Castellbò","251403","2018","1",,,"1","1",,"0",,,,,,,,
"Montferrer i Castellbò","251403","2019","0",,,,,,"0",,,,,,,,
"Montferrer i Castellbò","251403","2020","0",,,,,,"0",,,,,,,,
"Montferrer i Castellbò","251403","2021","0",,,,,,"0",,,,,,,,
"Montferri","430897","2011","1",,,"1","1",,"0",,,,,,,,
"Montferri","430897","2012","1",,,"1",,,"1",,,,,,,"1",
"Montferri","430897","2013","0",,,,,,"0",,,,,,,,
"Montferri","430897","2014","0",,,,,,"0",,,,,,,,
"Montferri","430897","2015","0",,,,,,"0",,,,,,,,
"Montferri","430897","2016","0",,,,,,"0",,,,,,,,
"Montferri","430897","2017","0",,,,,,"0",,,,,,,,
"Montferri","430897","2018","0",,,,,,"0",,,,,,,,
"Montferri","430897","2019","0",,,,,,"0",,,,,,,,
"Montferri","430897","2020","1","1",,,,,"1",,,,,,"1",,
"Montferri","430897","2021","4",,"2","2",,,"2","2",,,,,"2",,
"Montgai","251386","2011","3",,,"3","3",,"0",,,,,,,,
"Montgai","251386","2012","3",,,"3","3",,"0",,,,,,,,
"Montgai","251386","2013","1",,,"1","1",,"0",,,,,,,,
"Montgai","251386","2014","1",,,"1","1",,"0",,,,,,,,
"Montgai","251386","2015","1",,,"1","1",,"0",,,,,,,,
"Montgai","251386","2016","2",,,"2","2",,"0",,,,,,,,
"Montgai","251386","2017","0",,,,,,"0",,,,,,,,
"Montgai","251386","2018","0",,,,,,"0",,,,,,,,
"Montgai","251386","2019","0",,,,,,"0",,,,,,,,
"Montgai","251386","2020","0",,,,,,"0",,,,,,,,
"Montgai","251386","2021","2",,,"2","2",,"0",,,,,,,,
"Montgai","251386","2022","1","1",,,,"1",,,,,,,,,
"Montgai","251386","2023","1",,,"1","1",,,,,,,,,,
"Montgat","081265","2011","98","16","31","51","30","28","39","1","4","1",,,"34",,
"Montgat","081265","2012","90","9","31","50","27","28","35",,"9",,,"1","24","1",
"Montgat","081265","2013","102","15","30","57","36","22","44",,"17",,,,"22","5",
"Montgat","081265","2014","55","11","22","22","20","7","28",,"4",,,,"14","9","1"
"Montgat","081265","2015","49","11","18","20","13","13","23",,"4","1","1",,"12","5",
"Montgat","081265","2016","43","11","13","19","12","13","18",,"3","4","1","1","5","4",
"Montgat","081265","2017","40","16","13","11","6","18","16",,"1",,"1",,"13","1",
"Montgat","081265","2018","35","12","12","11","6","9","20",,"5","2",,,"13",,
"Montgat","081265","2019","76","37","23","16","11","3","62",,"3","5","3","18","29","4",
"Montgat","081265","2020","45","12","15","18","8","6","25","6",,"1","1","1","20","2",
"Montgat","081265","2021","32","7","10","15","8","8","11","5",,,"2","1","8",,
"Montgat","081265","2022","26","5","10","11","7","9","10","2","2",,,"1","5",,
"Montgat","081265","2023","29","6","17","6","3","7","19","1","4","1",,"2","8","3",
"Montmajor","081326","2011","0",,,,,,"0",,,,,,,,
"Montmajor","081326","2012","0",,,,,,"0",,,,,,,,
"Montmajor","081326","2013","0",,,,,,"0",,,,,,,,
"Montmajor","081326","2014","0",,,,,,"0",,,,,,,,
"Montmajor","081326","2015","0",,,,,,"0",,,,,,,,
"Montmajor","081326","2016","0",,,,,,"0",,,,,,,,
"Montmajor","081326","2017","7","7",,,,,"7",,,,,,"7",,
"Montmajor","081326","2018","0",,,,,,"0",,,,,,,,
"Montmajor","081326","2019","4","3","1",,,,"4",,,,,,"4",,
"Montmajor","081326","2020","2",,"2",,,,"2",,,,,,"2",,
"Montmajor","081326","2021","0",,,,,,"0",,,,,,,,
"Montmajor","081326","2023","1","1",,,,,"1",,,,,,"1",,
"Montmaneu","081332","2011","0",,,,,,"0",,,,,,,,
"Montmaneu","081332","2012","0",,,,,,"0",,,,,,,,
"Montmaneu","081332","2013","0",,,,,,"0",,,,,,,,
"Montmaneu","081332","2014","0",,,,,,"0",,,,,,,,
"Montmaneu","081332","2015","0",,,,,,"0",,,,,,,,
"Montmaneu","081332","2016","0",,,,,,"0",,,,,,,,
"Montmaneu","081332","2017","1",,,"1","1",,"0",,,,,,,,
"Montmaneu","081332","2018","0",,,,,,"0",,,,,,,,
"Montmaneu","081332","2019","0",,,,,,"0",,,,,,,,
"Montmaneu","081332","2020","0",,,,,,"0",,,,,,,,
"Montmaneu","081332","2021","0",,,,,,"0",,,,,,,,
"Montmeló","081350","2011","116","57","21","38","32","20","62","2","1","1","34","4","21","1",
"Montmeló","081350","2012","101","33","36","32","22","14","65",,"1","1","28","6","29",,
"Montmeló","081350","2013","68","11","33","24","19","16","33",,"3",,"6","6","18",,
"Montmeló","081350","2014","64","9","38","17","20","15","29",,"6","1","8","2","12",,
"Montmeló","081350","2015","65","12","27","26","12","29","23","1","4","2","4",,"10","3",
"Montmeló","081350","2016","58","15","16","27","20","12","26",,,"1","9","9","7",,
"Montmeló","081350","2017","48","6","27","15","15","9","24",,,"1","4","6","10","3",
"Montmeló","081350","2018","47","17","15","15","9","11","27",,,,"9","2","14","2",
"Montmeló","081350","2019","100","53","30","17","24","34","42",,,"1","9","7","24","1",
"Montmeló","081350","2020","49","13","24","12","8","11","24","6",,,"1","2","21",,
"Montmeló","081350","2021","47","10","18","19","8","14","10","15","1",,"2","2","5",,
"Montmeló","081350","2022","105","42","48","15","14","31","60","9",,,"11","5","34","1",
"Montmeló","081350","2023","139","36","76","27","17","38","84","4",,,"18","6","53","3",
"Montoliu de Lleida","251425","2011","3",,,"3","3",,"0",,,,,,,,
"Montoliu de Lleida","251425","2012","1",,,"1","1",,"0",,,,,,,,
"Montoliu de Lleida","251425","2013","1",,,"1",,,"1",,,"1",,,,,
"Montoliu de Lleida","251425","2014","0",,,,,,"0",,,,,,,,
"Montoliu de Lleida","251425","2015","0",,,,,,"0",,,,,,,,
"Montoliu de Lleida","251425","2016","0",,,,,,"0",,,,,,,,
"Montoliu de Lleida","251425","2017","0",,,,,,"0",,,,,,,,
"Montoliu de Lleida","251425","2018","2","1","1",,,,"2",,,,,"2",,,
"Montoliu de Lleida","251425","2019","3",,,"3",,,"3",,,,,,"3",,
"Montoliu de Lleida","251425","2020","1",,,"1",,,"1",,,,,,"1",,
"Montoliu de Lleida","251425","2021","0",,,,,,"0",,,,,,,,
"Montoliu de Lleida","251425","2023","1",,,"1",,,"1",,,,,,"1",,
"Montoliu de Segarra","251410","2011","0",,,,,,"0",,,,,,,,
"Montoliu de Segarra","251410","2012","0",,,,,,"0",,,,,,,,
"Montoliu de Segarra","251410","2013","0",,,,,,"0",,,,,,,,
"Montoliu de Segarra","251410","2014","0",,,,,,"0",,,,,,,,
"Montoliu de Segarra","251410","2015","0",,,,,,"0",,,,,,,,
"Montoliu de Segarra","251410","2016","0",,,,,,"0",,,,,,,,
"Montoliu de Segarra","251410","2017","0",,,,,,"0",,,,,,,,
"Montoliu de Segarra","251410","2018","0",,,,,,"0",,,,,,,,
"Montoliu de Segarra","251410","2019","0",,,,,,"0",,,,,,,,
"Montoliu de Segarra","251410","2020","0",,,,,,"0",,,,,,,,
"Montoliu de Segarra","251410","2021","30","25","2","3",,,"3","27",,,"1",,"2",,
"Montoliu de Segarra","251410","2022","51","17","27","7",,,"51","46",,"2","1",,"2",,
"Montoliu de Segarra","251410","2023","9","3","5","1",,,"9","7",,,"1",,"1",,
"Montornès del Vallès","081363","2011","225","74","66","85","56","54","111","4","21","3","38","16","28","3","2"
"Montornès del Vallès","081363","2012","157","32","44","81","44","48","65",,"14","2","18","4","23","2","2"
"Montornès del Vallès","081363","2013","114","22","43","49","38","31","45",,"8","5","9","2","18","2","1"
"Montornès del Vallès","081363","2014","113","16","50","47","25","22","66",,"4","5","19","2","34","2",
"Montornès del Vallès","081363","2015","88","18","39","31","16","22","50",,"9",,"12","2","25","2",
"Montornès del Vallès","081363","2016","95","12","44","39","24","23","48",,"8","1","11","1","27",,
"Montornès del Vallès","081363","2017","90","22","39","29","16","21","53",,"9","3","11","5","21","4",
"Montornès del Vallès","081363","2018","79","37","20","22","17","10","52",,"4",,"27","2","19",,
"Montornès del Vallès","081363","2019","120","36","47","37","38","20","62",,"5",,"16","3","38",,
"Montornès del Vallès","081363","2020","72","18","35","19","13","7","51","1","4",,"20","2","23","2",
"Montornès del Vallès","081363","2021","79","29","26","24","10","6","44","19","3",,"15","1","25",,
"Montornès del Vallès","081363","2022","149","87","38","24","10","15","124","4","4","2","39","5","69","1",
"Montornès del Vallès","081363","2023","144","49","71","24","23","16","105","1","4",,"21","5","74",,
"Mont-ras","171100","2011","35","18","2","15","6","3","26",,"1","6","17",,"2",,
"Mont-ras","171100","2012","11",,"4","7","3","2","6",,"1","1","2",,"2",,
"Mont-ras","171100","2013","8","3","5",,,,"8",,"2","1","3",,"2",,
"Mont-ras","171100","2014","8","1","7",,,"1","7",,"1",,,,"6",,
"Mont-ras","171100","2015","10","4","3","3","2","2","6",,"3",,"2",,"1",,
"Mont-ras","171100","2016","10","1","3","6","2","4","4",,"3",,,,,"1",
"Mont-ras","171100","2017","8",,"2","6","2","2","4",,"3",,,,"1",,
"Mont-ras","171100","2018","10","2","3","5","1","1","8",,"2","1",,,"5",,
"Mont-ras","171100","2019","15","7","3","5","3","2","10",,,"1",,,"9",,
"Mont-ras","171100","2020","5","1","4",,,,"5",,,,,,"5",,
"Mont-ras","171100","2021","1",,"1",,,,"1",,,,,,"1",,
"Mont-ras","171100","2022","1",,"1",,,,"1","1",,,,,,,
"Mont-ras","171100","2023","5","2","2","1","1",,"4",,,,"3",,"1",,
"Mont-roig del Camp","430923","2011","97","30","37","30","20","23","51","3","16","3","6",,"26",,
"Mont-roig del Camp","430923","2012","63","19","27","17","8","16","37","2","15","4",,"4","14",,
"Mont-roig del Camp","430923","2013","54","12","22","20","5","13","36",,"7","3","2","2","21","1",
"Mont-roig del Camp","430923","2014","44","10","16","18","6","16","22",,"3",,"1","1","15","2",
"Mont-roig del Camp","430923","2015","43","8","18","17","8","17","18",,"3","2","3","1","8","1",
"Mont-roig del Camp","430923","2016","51","8","17","26","6","21","23","1","5","4","8",,"4","2",
"Mont-roig del Camp","430923","2017","42","5","9","28","9","15","18",,"5","3","4",,"4","2",
"Mont-roig del Camp","430923","2018","75","45","5","25","10","14","51",,"1","3","39","2","4","2",
"Mont-roig del Camp","430923","2019","64","24","18","22","9","17","38",,"5","1","14",,"16","1","1"
"Mont-roig del Camp","430923","2020","61","12","42","7",,"14","47",,"12","2","13","4","16",,
"Mont-roig del Camp","430923","2021","79","26","39","14","2","10","60","7","18","2","15","1","24",,
"Mont-roig del Camp","430923","2022","113","69","30","14","5","21","87",,"8","13","26","2","38",,
"Mont-roig del Camp","430923","2023","128","39","58","31","17","31","80",,"16","8","9","3","44",,
"Montseny","081379","2011","4",,,"4","2",,"2",,"2",,,,,,
"Montseny","081379","2012","4",,,"4","2",,"2",,"2",,,,,,
"Montseny","081379","2013","2",,,"2","1",,"1",,"1",,,,,,
"Montseny","081379","2014","0",,,,,,"0",,,,,,,,
"Montseny","081379","2015","0",,,,,,"0",,,,,,,,
"Montseny","081379","2016","0",,,,,,"0",,,,,,,,
"Montseny","081379","2017","0",,,,,,"0",,,,,,,,
"Montseny","081379","2018","0",,,,,,"0",,,,,,,,
"Montseny","081379","2019","1",,,"1","1",,"0",,,,,,,,
"Montseny","081379","2020","0",,,,,,"0",,,,,,,,
"Montseny","081379","2021","0",,,,,,"0",,,,,,,,
"Móra d'Ebre","430939","2011","63","10","4","49","36","9","18",,"6","1","2",,"9",,
"Móra d'Ebre","430939","2012","35",,"14","21","12","8","15",,"4","4","3",,"4",,
"Móra d'Ebre","430939","2013","59","47",,"12","14","14","31",,"10","1","9","1","10",,
"Móra d'Ebre","430939","2014","41","13","16","12","12","5","24",,"5","1","4","1","13",,
"Móra d'Ebre","430939","2015","39","2","12","25","17","7","15",,"2","2","1",,"10",,
"Móra d'Ebre","430939","2016","43","9",,"34","20","6","17",,"3","3","5",,"6",,
"Móra d'Ebre","430939","2017","36",,"13","23","17","2","17",,"3","2","7",,"5",,
"Móra d'Ebre","430939","2018","32","4","9","19","14","3","15",,"5","2","4",,"3","1",
"Móra d'Ebre","430939","2019","40","16","8","16","12","3","25",,"3","4","13","1","4",,
"Móra d'Ebre","430939","2020","39","34","1","4","3","1","35",,"1","3","18","6","5","2",
"Móra d'Ebre","430939","2021","15","3","1","11","7",,"8",,"5","2","1",,,,
"Móra d'Ebre","430939","2022","60","42","3","15","12","1","47",,"5","8","18","11","3","2",
"Móra d'Ebre","430939","2023","66","42","6","18","12","3","51",,"5",,"34","2","10",,
"Móra la Nova","430944","2011","27","10","1","16","7","10","10",,"7",,,,"3",,
"Móra la Nova","430944","2012","19",,"5","14","4","7","8",,"3",,,,"5",,
"Móra la Nova","430944","2013","22","11","2","9","6","4","12",,"3",,,,"5","4",
"Móra la Nova","430944","2014","8","2","4","2","2","1","5",,,"2",,,"2","1",
"Móra la Nova","430944","2015","15","2","6","7","3","4","8",,,"6",,,,"2",
"Móra la Nova","430944","2016","17","1",,"16","6","4","7",,"1","5","1",,,,
"Móra la Nova","430944","2017","21",,"2","19","13","3","5",,"1","1","2",,,"1",
"Móra la Nova","430944","2018","37","19","4","14","11","2","24",,"1",,"20",,"3",,
"Móra la Nova","430944","2019","6","2","2","2","2",,"4",,,,"1","1","2",,
"Móra la Nova","430944","2020","1",,,"1","1",,"0",,,,,,,,
"Móra la Nova","430944","2021","1",,"1",,,,"0","1",,,,,,,
"Móra la Nova","430944","2022","3","2",,"1","1",,"2",,,,"2",,,,
"Móra la Nova","430944","2023","6","5",,"1","1",,"5",,,,"1",,"4",,
"Muntanyola","081290","2011","3",,"2","1","1",,"2",,,,,,"2",,
"Muntanyola","081290","2012","0",,,,,,"0",,,,,,,,
"Muntanyola","081290","2013","1",,"1",,,,"1",,,,,,"1",,
"Muntanyola","081290","2014","2",,"1","1",,,"2",,,,,,"2",,
"Muntanyola","081290","2015","0",,,,,,"0",,,,,,,,
"Muntanyola","081290","2016","0",,,,,,"0",,,,,,,,
"Muntanyola","081290","2017","1",,,"1","1",,"0",,,,,,,,
"Muntanyola","081290","2018","0",,,,,,"0",,,,,,,,
"Muntanyola","081290","2019","0",,,,,,"0",,,,,,,,
"Muntanyola","081290","2020","0",,,,,,"0",,,,,,,,
"Muntanyola","081290","2021","0",,,,,,"0",,,,,,,,
"Mura","081398","2011","1",,,"1","1",,"0",,,,,,,,
"Mura","081398","2012","0",,,,,,"0",,,,,,,,
"Mura","081398","2013","0",,,,,,"0",,,,,,,,
"Mura","081398","2014","0",,,,,,"0",,,,,,,,
"Mura","081398","2015","0",,,,,,"0",,,,,,,,
"Mura","081398","2016","0",,,,,,"0",,,,,,,,
"Mura","081398","2017","0",,,,,,"0",,,,,,,,
"Mura","081398","2018","0",,,,,,"0",,,,,,,,
"Mura","081398","2019","0",,,,,,"0",,,,,,,,
"Mura","081398","2020","0",,,,,,"0",,,,,,,,
"Mura","081398","2021","0",,,,,,"0",,,,,,,,
"Nalec","251459","2011","0",,,,,,"0",,,,,,,,
"Nalec","251459","2012","0",,,,,,"0",,,,,,,,
"Nalec","251459","2013","0",,,,,,"0",,,,,,,,
"Nalec","251459","2014","0",,,,,,"0",,,,,,,,
"Nalec","251459","2015","1",,,"1","1",,"0",,,,,,,,
"Nalec","251459","2016","1",,,"1","1",,"0",,,,,,,,
"Nalec","251459","2017","0",,,,,,"0",,,,,,,,
"Nalec","251459","2018","0",,,,,,"0",,,,,,,,
"Nalec","251459","2019","0",,,,,,"0",,,,,,,,
"Nalec","251459","2020","0",,,,,,"0",,,,,,,,
"Nalec","251459","2021","0",,,,,,"0",,,,,,,,
"Naut Aran","250254","2011","0",,,,,,"0",,,,,,,,
"Naut Aran","250254","2012","0",,,,,,"0",,,,,,,,
"Naut Aran","250254","2013","0",,,,,,"0",,,,,,,,
"Naut Aran","250254","2014","0",,,,,,"0",,,,,,,,
"Naut Aran","250254","2015","2",,,"2","2",,"0",,,,,,,,
"Naut Aran","250254","2016","3",,,"3","3",,"0",,,,,,,,
"Naut Aran","250254","2017","1",,,"1","1",,"0",,,,,,,,
"Naut Aran","250254","2018","0",,,,,,"0",,,,,,,,
"Naut Aran","250254","2019","0",,,,,,"0",,,,,,,,
"Naut Aran","250254","2020","0",,,,,,"0",,,,,,,,
"Naut Aran","250254","2021","0",,,,,,"0",,,,,,,,
"Naut Aran","250254","2022","2",,,"2","2",,,,,,,,,,
"Naut Aran","250254","2023","1",,,"1","1",,,,,,,,,,
"Navarcles","081402","2011","21","7","1","13","11","1","9",,,"2","1",,"5",,"1"
"Navarcles","081402","2012","13","2","2","9","6",,"7",,"1","1","4",,"1",,
"Navarcles","081402","2013","5","1","2","2","1","1","3",,,"1",,,"2",,
"Navarcles","081402","2014","9","1",,"8","7","2","0",,,,,,,,
"Navarcles","081402","2015","6",,"2","4","4","2","0",,,,,,,,
"Navarcles","081402","2016","10","3","3","4","4","2","4",,,,,"2","2",,
"Navarcles","081402","2017","9",,"2","7","5","2","2",,,,,"2",,,
"Navarcles","081402","2018","9","1",,"8","4","4","1",,,,"1",,,,
"Navarcles","081402","2019","15","5","5","5","2","3","10",,,,"4",,"6",,
"Navarcles","081402","2020","4","2","1","1",,"1","1","2",,,"1",,,,
"Navarcles","081402","2021","67","45","9","13",,"1","15","51","4",,"1","1","9",,
"Navarcles","081402","2022","131","56","63","12","1","6","124","97","4",,"1","2","19",,"1"
"Navarcles","081402","2023","81","24","49","8","2","3","76","33","2",,"3","3","35",,
"Navàs","081419","2011","38","10","18","10","7","3","28",,"13","1","5","1","8",,
"Navàs","081419","2012","17",,"8","9","6","2","9",,"7",,"1",,"1",,
"Navàs","081419","2013","9",,"2","7","6",,"3",,"3",,,,,,
"Navàs","081419","2014","6","1","1","4","2","1","3",,"2",,,,"1",,
"Navàs","081419","2015","9",,"2","7","4","1","4",,"2",,,,"2",,
"Navàs","081419","2016","10",,"1","9","4","2","4",,"3",,,,"1",,
"Navàs","081419","2017","3","1",,"2","2",,"1",,,,,,"1",,
"Navàs","081419","2018","35","34","1",,,"1","34",,"3",,"9",,"22",,
"Navàs","081419","2019","5","5",,,,,"5",,,,,,"5",,
"Navàs","081419","2020","4","3","1",,,,"3","1",,"3",,,,,
"Navàs","081419","2021","24","13","7","4",,,"20","4","4",,"4","1","11",,
"Navàs","081419","2022","28","24","1","3","1",,"27",,"2","7","8",,"10",,
"Navàs","081419","2023","29","26","1","2","2",,"27",,"1","3","7",,"15","1",
"Navata","171117","2011","9","5","1","3","1","4","4",,"3","1",,,,,
"Navata","171117","2012","6","2","3","1",,"1","5",,"1",,,,"4",,
"Navata","171117","2013","3","1","1","1",,,"3",,"2",,,,"1",,
"Navata","171117","2014","3","3",,,,,"3",,,,,,"3",,
"Navata","171117","2015","2","1",,"1","1",,"1",,,,,"1",,,
"Navata","171117","2016","3",,,"3","1","1","1",,,,,,"1",,
"Navata","171117","2017","4","2",,"2",,"1","3",,,,,,"3",,
"Navata","171117","2018","3",,"1","2","1",,"2",,,,,,"2",,
"Navata","171117","2019","8","6","1","1",,,"8",,"3","2",,,"3",,
"Navata","171117","2020","5","1","4",,,,"5",,"1",,,,"4",,
"Navata","171117","2021","1",,"1",,,,"1",,,,,,"1",,
"Navata","171117","2022","6","4","2",,,,"6","3",,,"2",,"1",,
"Navata","171117","2023","10","5","3","2","2",,"8","1",,,"2",,"5",,
"Navès","251462","2011","0",,,,,,"0",,,,,,,,
"Navès","251462","2012","0",,,,,,"0",,,,,,,,
"Navès","251462","2013","1","1",,,,,"1",,"1",,,,,,
"Navès","251462","2014","2","1","1",,,,"2",,"2",,,,,,
"Navès","251462","2015","1",,"1",,,,"1",,"1",,,,,,
"Navès","251462","2016","0",,,,,,"0",,,,,,,,
"Navès","251462","2017","0",,,,,,"0",,,,,,,,
"Navès","251462","2018","2",,,"2","1","1","0",,,,,,,,
"Navès","251462","2019","7","5",,"2","1","1","5",,,,,"5",,,
"Navès","251462","2020","0",,,,,,"0",,,,,,,,
"Navès","251462","2021","0",,,,,,"0",,,,,,,,
"Navès","251462","2023","1","1",,,,,"1",,"1",,,,,,
"Nulles","430982","2011","1",,,"1",,"1","0",,,,,,,,
"Nulles","430982","2012","2","1","1",,,"1","1",,,,,,"1",,
"Nulles","430982","2013","3",,"1","2","1",,"2",,"1",,,,"1",,
"Nulles","430982","2014","4",,"2","2",,,"4",,"4",,,,,,
"Nulles","430982","2015","2",,,"2",,,"2",,"2",,,,,,
"Nulles","430982","2016","1",,,"1",,,"1",,"1",,,,,,
"Nulles","430982","2017","4",,,"4","1",,"3",,"3",,,,,,
"Nulles","430982","2018","1",,,"1","1",,"0",,,,,,,,
"Nulles","430982","2019","2","1","1",,,,"2",,,,,,"2",,
"Nulles","430982","2020","0",,,,,,"0",,,,,,,,
"Nulles","430982","2021","3","2","1",,,,"0","3",,,,,,,
"Nulles","430982","2023","5","2","1","2","2",,"3",,,,,,"3",,
"Odèn","251484","2011","0",,,,,,"0",,,,,,,,
"Odèn","251484","2012","0",,,,,,"0",,,,,,,,
"Odèn","251484","2013","0",,,,,,"0",,,,,,,,
"Odèn","251484","2014","3","1","1","1","1",,"2",,,,,,,"2",
"Odèn","251484","2015","6","1","4","1","1","1","4",,"2",,,,,"2",
"Odèn","251484","2016","3","1",,"2",,,"3",,"2",,,,"1",,
"Odèn","251484","2017","1",,,"1",,,"1",,"1",,,,,,
"Odèn","251484","2018","0",,,,,,"0",,,,,,,,
"Odèn","251484","2019","0",,,,,,"0",,,,,,,,
"Odèn","251484","2020","0",,,,,,"0",,,,,,,,
"Odèn","251484","2021","0",,,,,,"0",,,,,,,,
"Òdena","081430","2011","24","4","5","15","10","1","12","1",,,"2",,"10",,
"Òdena","081430","2012","10",,"1","9","5","1","4",,,,,,"4",,
"Òdena","081430","2013","5","2",,"3","1",,"4",,,,,,"4",,
"Òdena","081430","2014","4","1","2","1","1",,"3",,,,"1",,"2",,
"Òdena","081430","2015","7","1","3","3","2","1","4",,,,,,"4",,
"Òdena","081430","2016","11","2","3","6","6","1","4",,"1","1",,,"2",,
"Òdena","081430","2017","14","2","1","11","11",,"3",,,,,,"2","1",
"Òdena","081430","2018","11","2","3","6","5","1","5",,,,"1",,"4",,
"Òdena","081430","2019","33","26","4","3","4",,"29",,,"2","18","4","3","2",
"Òdena","081430","2020","14","8","4","2",,"3","11",,,,"6",,"3","2",
"Òdena","081430","2021","7","4","3",,,"4","3",,,,"3",,,,
"Òdena","081430","2022","19","5","10","4","4","4","11",,,"3","5",,"3",,
"Òdena","081430","2023","37","18","12","7","3","5","29",,,"5","12","1","9","2",
"Ogassa","171122","2022","2","1","1",,,,"2","2",,,,,,,
"Olèrdola","081458","2011","19","1","5","13","7","4","6","2","4",,,,"2",,
"Olèrdola","081458","2012","22","1","7","14","7","6","8","1","4",,"1",,"3",,
"Olèrdola","081458","2013","18","2","3","13","9","1","8",,"2","2",,"2","2",,
"Olèrdola","081458","2014","10",,"2","8","6",,"4",,"2","1",,"1",,,
"Olèrdola","081458","2015","10","3","2","5","4","2","4",,,"3",,,"1",,
"Olèrdola","081458","2016","24","1","12","11","9","2","13",,,"6","4",,"3",,
"Olèrdola","081458","2017","14","3","5","6","4","1","9",,,"2","2","1","4",,
"Olèrdola","081458","2018","17","5","3","9","7","2","8",,,"3","1",,"4",,
"Olèrdola","081458","2019","16","7","4","5","6",,"10",,"1","4","3",,"2",,
"Olèrdola","081458","2020","18","2","6","10","6",,"12",,,"1","4",,"7",,
"Olèrdola","081458","2021","6","2",,"4","4",,"1","1",,,,,"1",,
"Olèrdola","081458","2022","10","3","3","4","3",,"7",,"1",,"1",,"5",,
"Olèrdola","081458","2023","21","6","11","4","3",,"18",,"4",,"1",,"13",,
"Olesa de Bonesvalls","081461","2011","16","2",,"14","5","8","0","3",,,,,,,
"Olesa de Bonesvalls","081461","2012","16","2","5","9","9","4","3",,"1",,,,"2",,
"Olesa de Bonesvalls","081461","2013","13","1","1","11","6","4","2","1","1",,,,"1",,
"Olesa de Bonesvalls","081461","2014","9",,"1","8","6","3","0",,,,,,,,
"Olesa de Bonesvalls","081461","2015","4",,,"4","3","1","0",,,,,,,,
"Olesa de Bonesvalls","081461","2016","5","1","1","3","3","2","0",,,,,,,,
"Olesa de Bonesvalls","081461","2017","4",,,"4","2","2","0",,,,,,,,
"Olesa de Bonesvalls","081461","2018","4",,,"4","2","2","0",,,,,,,,
"Olesa de Bonesvalls","081461","2019","2",,,"2","1","1","0",,,,,,,,
"Olesa de Bonesvalls","081461","2020","3",,,"3","3",,"0",,,,,,,,
"Olesa de Bonesvalls","081461","2021","2",,,"2","2",,"0",,,,,,,,
"Olesa de Bonesvalls","081461","2023","5","2","2","1","1",,"4",,,,"1",,"3",,
"Olesa de Montserrat","081477","2011","284","103","118","63","46","64","159","15","18","2","60","7","62","10",
"Olesa de Montserrat","081477","2012","225","59","108","58","54","46","124","1","10","4","34","6","61","8","1"
"Olesa de Montserrat","081477","2013","217","52","114","51","47","46","124",,"13","1","33","4","66","6","1"
"Olesa de Montserrat","081477","2014","142","43","60","39","37","38","65","2","8","1","8","1","41","3","3"
"Olesa de Montserrat","081477","2015","124","46","44","34","26","30","67","1","6","1","16","2","39","3",
"Olesa de Montserrat","081477","2016","179","42","90","47","40","41","97","1","11","2","31","2","46","5",
"Olesa de Montserrat","081477","2017","221","60","96","65","48","62","110","1","9","1","51","3","42","4",
"Olesa de Montserrat","081477","2018","213","45","73","95","54","52","105","2","6","1","25","3","67","3",
"Olesa de Montserrat","081477","2019","239","87","79","73","47","42","150",,"4","2","34","4","97","9",
"Olesa de Montserrat","081477","2020","160","62","59","39","26","21","111","2","2",,"19",,"86","2","2"
"Olesa de Montserrat","081477","2021","129","40","63","26","2","9","74","44","5",,"13",,"51","2","3"
"Olesa de Montserrat","081477","2022","133","61","48","24","14","13","106","8","5",,"27","2","57","3","4"
"Olesa de Montserrat","081477","2023","227","86","86","55","41","32","154","3","7",,"29","2","109",,"4"
"Oliana","251497","2011","15","14",,"1","1",,"14",,"2",,"9",,"2","1",
"Oliana","251497","2012","0",,,,,,"0",,,,,,,,
"Oliana","251497","2013","0",,,,,,"0",,,,,,,,
"Oliana","251497","2014","1",,,"1","1",,"0",,,,,,,,
"Oliana","251497","2015","1",,"1",,,,"1",,,,,"1",,,
"Oliana","251497","2016","1",,,"1","1",,"0",,,,,,,,
"Oliana","251497","2017","0",,,,,,"0",,,,,,,,
"Oliana","251497","2018","0",,,,,,"0",,,,,,,,
"Oliana","251497","2019","0",,,,,,"0",,,,,,,,
"Oliana","251497","2020","0",,,,,,"0",,,,,,,,
"Oliana","251497","2021","3","1",,"2","1",,"1","1",,,,,"1",,
"Oliana","251497","2022","3","1",,"2","2",,"1",,,,,,"1",,
"Oliana","251497","2023","1","1",,,,"1",,,,,,,,,
"Oliola","251500","2011","1","1",,,,,"1",,,"1",,,,,
"Oliola","251500","2012","1",,"1",,,,"1",,,"1",,,,,
"Oliola","251500","2013","3",,"3",,,,"3",,,"3",,,,,
"Oliola","251500","2014","2",,"1","1",,,"2",,,"2",,,,,
"Oliola","251500","2015","0",,,,,,"0",,,,,,,,
"Oliola","251500","2016","0",,,,,,"0",,,,,,,,
"Oliola","251500","2017","0",,,,,,"0",,,,,,,,
"Oliola","251500","2018","0",,,,,,"0",,,,,,,,
"Oliola","251500","2019","0",,,,,,"0",,,,,,,,
"Oliola","251500","2020","0",,,,,,"0",,,,,,,,
"Oliola","251500","2021","0",,,,,,"0",,,,,,,,
"Olius","251517","2011","10",,,"10","8",,"2",,,,,,"2",,
"Olius","251517","2012","5",,,"5","5",,"0",,,,,,,,
"Olius","251517","2013","3",,,"3","3",,"0",,,,,,,,
"Olius","251517","2014","1",,,"1","1",,"0",,,,,,,,
"Olius","251517","2015","0",,,,,,"0",,,,,,,,
"Olius","251517","2016","0",,,,,,"0",,,,,,,,
"Olius","251517","2017","0",,,,,,"0",,,,,,,,
"Olius","251517","2018","0",,,,,,"0",,,,,,,,
"Olius","251517","2019","1",,,"1",,,"1",,,,,,"1",,
"Olius","251517","2020","0",,,,,,"0",,,,,,,,
"Olius","251517","2021","0",,,,,,"0",,,,,,,,
"Olius","251517","2022","13","11","1","1","1",,"12",,"3","1","4",,"4",,
"Olius","251517","2023","11","8",,"3",,,"11",,,"2","5",,"4",,
"Olivella","081483","2011","25","4","8","13","8","3","14",,"7",,,,"7",,
"Olivella","081483","2012","20","4","5","11","6","5","9",,"5",,,,"4",,
"Olivella","081483","2013","17","6","5","6","2","9","6",,"2",,"1",,"3",,
"Olivella","081483","2014","15","10","3","2",,"4","11",,"6",,,,"5",,
"Olivella","081483","2015","7","1","6",,,"2","5",,"2",,,,"3",,
"Olivella","081483","2016","6",,"3","3","1","2","3",,,,,,"3",,
"Olivella","081483","2017","12","5","4","3","3","1","8",,"1",,"3",,"3",,"1"
"Olivella","081483","2018","15","3","5","7","5","3","7",,"3",,"1",,"3",,
"Olivella","081483","2019","9","2","4","3","3","1","5",,"1","1","1",,"2",,
"Olivella","081483","2020","7","1","3","3","2",,"3","2","2",,,,,,"1"
"Olivella","081483","2021","20","3","8","9",,,"6","14",,,,,"6",,
"Olivella","081483","2022","15","1","10","4","3",,"12","10","1",,,,"1",,
"Olivella","081483","2023","12","3","3","6","5","1","6",,"1","1",,,"4",,
"Olost","081496","2011","5",,,"5","5",,"0",,,,,,,,
"Olost","081496","2012","5","2",,"3","3",,"2",,,,,,"2",,
"Olost","081496","2013","2","2",,,,,"2",,,,,,"2",,
"Olost","081496","2014","1","1",,,,,"1",,,,,,"1",,
"Olost","081496","2015","2","2",,,,,"2",,,,,,"2",,
"Olost","081496","2016","4",,"2","2",,,"4",,,,,"1","3",,
"Olost","081496","2017","2",,"1","1",,,"2",,,,,"1","1",,
"Olost","081496","2018","0",,,,,,"0",,,,,,,,
"Olost","081496","2019","5","2","3",,,,"5",,"3",,,,,"2",
"Olost","081496","2020","2",,"2",,,,"2",,"2",,,,,,
"Olost","081496","2021","1",,,"1",,,"1",,,,,,"1",,
"Olost","081496","2022","7","3","1","3",,,"7",,,"4",,,"3",,
"Olost","081496","2023","5",,,"5","1",,"4",,,"3",,,"1",,
"Olot","171143","2011","616","170","323","123","86","34","484","12","51","54","72","27","134","144","2"
"Olot","171143","2012","642","206","329","107","81","37","521","3","52","42","65","33","192","137",
"Olot","171143","2013","488","131","258","99","68","28","392",,"42","24","65","23","124","111","3"
"Olot","171143","2014","407","151","136","120","66","35","306",,"35","22","61","13","107","68",
"Olot","171143","2015","362","128","144","90","42","39","279","2","25","22","32","16","126","57","1"
"Olot","171143","2016","431","156","202","73","35","24","369","3","37","37","46","19","184","46",
"Olot","171143","2017","397","159","177","61","37","24","335","1","25","17","37","25","188","43",
"Olot","171143","2018","424","143","231","50","25","19","369","11","32","11","38","22","218","48",
"Olot","171143","2019","606","241","287","78","25","30","548","3","33","33","67","26","340","46","3"
"Olot","171143","2020","370","128","194","48","19","21","310","20","14","7","40","11","207","30","1"
"Olot","171143","2021","388","153","198","37","20","15","237","116","11","6","34","19","155","12",
"Olot","171143","2022","366","205","144","17","4","10","352","35","9","27","37","6","226","12",
"Olot","171143","2023","629","296","316","17","4","12","613","8","10","22","50","22","469","32",
"Olvan","081445","2011","4",,"1","3","3","1","0",,,,,,,,
"Olvan","081445","2012","5","2",,"3","2",,"2","1","1","1",,,,,
"Olvan","081445","2013","2",,"2",,,,"2",,,"2",,,,,
"Olvan","081445","2014","1",,"1",,,,"1",,,"1",,,,,
"Olvan","081445","2015","0",,,,,,"0",,,,,,,,
"Olvan","081445","2016","1",,,"1","1",,"0",,,,,,,,
"Olvan","081445","2017","4","1",,"3","3",,"1",,,,,,"1",,
"Olvan","081445","2018","5","1","1","3","3",,"2",,,,,,"2",,
"Olvan","081445","2019","3",,,"3","3",,"0",,,,,,,,
"Olvan","081445","2020","1",,,"1","1",,"0",,,,,,,,
"Olvan","081445","2021","0",,,,,,"0",,,,,,,,
"Olvan","081445","2023","2",,"1","1","1",,"1",,,,,,"1",,
"Ordis","171156","2011","1",,,"1","1",,"0",,,,,,,,
"Ordis","171156","2012","0",,,,,,"0",,,,,,,,
"Ordis","171156","2013","2","2",,,,,"2",,"2",,,,,,
"Ordis","171156","2014","0",,,,,,"0",,,,,,,,
"Ordis","171156","2015","2","2",,,,,"2",,"1",,,,"1",,
"Ordis","171156","2016","2",,"2",,,,"2",,"1",,,,"1",,
"Ordis","171156","2017","0",,,,,,"0",,,,,,,,
"Ordis","171156","2018","1",,"1",,,,"1",,"1",,,,,,
"Ordis","171156","2019","2",,"2",,,,"2",,"2",,,,,,
"Ordis","171156","2020","2","2",,,,,"2",,,"2",,,,,
"Ordis","171156","2021","0",,,,,,"0",,,,,,,,
"Organyà","251556","2011","2",,,"2",,,"2",,,"2",,,,,
"Organyà","251556","2012","1",,,"1","1",,"0",,,,,,,,
"Organyà","251556","2013","1","1",,,,,"1",,,,,,"1",,
"Organyà","251556","2014","0",,,,,,"0",,,,,,,,
"Organyà","251556","2015","0",,,,,,"0",,,,,,,,
"Organyà","251556","2016","0",,,,,,"0",,,,,,,,
"Organyà","251556","2017","0",,,,,,"0",,,,,,,,
"Organyà","251556","2018","1",,,"1","1",,"0",,,,,,,,
"Organyà","251556","2019","4","4",,,,,"4",,,,"2",,,"2",
"Organyà","251556","2020","2","2",,,,,"2",,,,,,"1","1",
"Organyà","251556","2021","3",,"3",,,,"3",,,,,,"3",,
"Orís","081509","2011","0",,,,,,"0",,,,,,,,
"Orís","081509","2012","0",,,,,,"0",,,,,,,,
"Orís","081509","2013","0",,,,,,"0",,,,,,,,
"Orís","081509","2014","0",,,,,,"0",,,,,,,,
"Orís","081509","2015","0",,,,,,"0",,,,,,,,
"Orís","081509","2016","0",,,,,,"0",,,,,,,,
"Orís","081509","2017","2",,,"2","2",,"0",,,,,,,,
"Orís","081509","2018","1",,"1",,,"1","0",,,,,,,,
"Orís","081509","2019","4","1",,"3",,"3","1",,"1",,,,,,
"Orís","081509","2020","3","1","1","1",,"1","2",,"1",,,,"1",,
"Orís","081509","2021","3",,"3",,,,"3",,,,,,"3",,
"Orís","081509","2022","3",,"3",,,,"3",,,,,,"3",,
"Orís","081509","2023","2","1","1",,,"1","1",,,,,,"1",,
"Oristà","081516","2011","1",,,"1",,,"1",,,,"1",,,,
"Oristà","081516","2012","0",,,,,,"0",,,,,,,,
"Oristà","081516","2013","1",,,"1","1",,"0",,,,,,,,
"Oristà","081516","2014","1",,,"1","1",,"0",,,,,,,,
"Oristà","081516","2015","1",,,"1","1",,"0",,,,,,,,
"Oristà","081516","2016","1",,,"1","1",,"0",,,,,,,,
"Oristà","081516","2017","1",,"1",,,,"1",,,,,,"1",,
"Oristà","081516","2018","0",,,,,,"0",,,,,,,,
"Oristà","081516","2019","4","1","2","1",,,"4",,"3",,,,"1",,
"Oristà","081516","2020","1",,"1",,,,"1",,,,,,"1",,
"Oristà","081516","2021","3","2","1",,,,"1","2",,,"1",,,,
"Òrrius","081537","2011","1",,,"1",,"1","0",,,,,,,,
"Òrrius","081537","2012","4","1","2","1",,"1","3",,,,,,"3",,
"Òrrius","081537","2013","4","1","2","1",,"1","3",,,,,,"3",,
"Òrrius","081537","2014","2",,,"2",,,"2",,,,,,"2",,
"Òrrius","081537","2015","7","1",,"6","3",,"4",,,,,,"4",,
"Òrrius","081537","2016","3",,,"3","1",,"2",,,,,,"2",,
"Òrrius","081537","2017","0",,,,,,"0",,,,,,,,
"Òrrius","081537","2018","2","1",,"1",,,"2",,"1",,,,"1",,
"Òrrius","081537","2019","4",,"3","1","1",,"3",,"3",,,,,,
"Òrrius","081537","2020","1","1",,,,,"0","1",,,,,,,
"Òrrius","081537","2021","5",,"2","3","3",,"0","2",,,,,,,
"Os de Balaguer","251569","2011","0",,,,,,"0",,,,,,,,
"Os de Balaguer","251569","2012","0",,,,,,"0",,,,,,,,
"Os de Balaguer","251569","2013","0",,,,,,"0",,,,,,,,
"Os de Balaguer","251569","2014","0",,,,,,"0",,,,,,,,
"Os de Balaguer","251569","2015","1",,,"1","1",,"0",,,,,,,,
"Os de Balaguer","251569","2016","2",,,"2","2",,"0",,,,,,,,
"Os de Balaguer","251569","2017","1",,,"1","1",,"0",,,,,,,,
"Os de Balaguer","251569","2018","0",,,,,,"0",,,,,,,,
"Os de Balaguer","251569","2019","1",,,"1",,"1","0",,,,,,,,
"Os de Balaguer","251569","2020","4",,,"4","2","2","0",,,,,,,,
"Os de Balaguer","251569","2021","2",,,"2","1","1","0",,,,,,,,
"Os de Balaguer","251569","2022","2",,"1","1","2",,,,,,,,,,
"Os de Balaguer","251569","2023","4",,,"4","4",,,,,,,,,,
"Osor","171169","2011","1",,,"1","1",,"0",,,,,,,,
"Osor","171169","2012","3","2",,"1","1","1","1",,,,,,"1",,
"Osor","171169","2013","1","1",,,,,"1",,,,,,"1",,
"Osor","171169","2014","0",,,,,,"0",,,,,,,,
"Osor","171169","2015","1",,,"1","1",,"0",,,,,,,,
"Osor","171169","2016","2",,,"2","2",,"0",,,,,,,,
"Osor","171169","2017","1",,,"1","1",,"0",,,,,,,,
"Osor","171169","2018","0",,,,,,"0",,,,,,,,
"Osor","171169","2019","2","2",,,,,"2",,,,,,"2",,
"Osor","171169","2020","0",,,,,,"0",,,,,,,,
"Osor","171169","2021","4",,"4",,,,"3","1",,,,,"3",,
"Osor","171169","2022","2",,,"2",,,"2","2",,,,,,,
"Osor","171169","2023","2",,,"2",,,"2","2",,,,,,,
"Pacs del Penedès","081542","2011","4","3","1",,,,"4",,,,"1",,"3",,
"Pacs del Penedès","081542","2012","1",,"1",,,,"1",,,,,,"1",,
"Pacs del Penedès","081542","2013","2","1","1",,,,"2",,,,,,"2",,
"Pacs del Penedès","081542","2014","5",,"1","4","2","2","1",,,,,,"1",,
"Pacs del Penedès","081542","2015","4",,,"4","3","1","0",,,,,,,,
"Pacs del Penedès","081542","2016","1",,,"1","1",,"0",,,,,,,,
"Pacs del Penedès","081542","2017","3","1","2",,,,"3",,,,,,"3",,
"Pacs del Penedès","081542","2018","1",,"1",,,,"1",,,,,,"1",,
"Pacs del Penedès","081542","2019","4","1","1","2",,"1","3",,"1",,,,,,"2"
"Pacs del Penedès","081542","2020","1","1",,,,,"1",,,,,,"1",,
"Pacs del Penedès","081542","2021","0",,,,,,"0",,,,,,,,
"Pacs del Penedès","081542","2023","4",,"3","1",,"3","1",,,,,,"1",,
"Palafolls","081555","2011","45","2","7","36","26","9","8","2",,"1",,"2","5",,
"Palafolls","081555","2012","42","5","6","31","20","13","9",,"1",,,"2","6",,
"Palafolls","081555","2013","23","1","5","17","6","7","10",,"1",,,"1","8",,
"Palafolls","081555","2014","11","1","2","8","4","1","6",,"2","1",,,"3",,
"Palafolls","081555","2015","10","1","6","3","2","2","6",,"2","2",,,"2",,
"Palafolls","081555","2016","15",,"6","9","8","1","6",,"2","1",,,"3",,
"Palafolls","081555","2017","10","2","4","4","4","2","4",,"1","2",,,"1",,
"Palafolls","081555","2018","19","3","9","7","2","6","11",,"4","3",,,"4",,
"Palafolls","081555","2019","39","3","13","23","10","10","19",,"8","4","1",,"6",,
"Palafolls","081555","2020","25","3","4","18","4","7","12","2","6","4","1",,"1",,
"Palafolls","081555","2021","23","5","8","10","1","3","10","9","1","3","4",,"2",,
"Palafolls","081555","2022","13","3","2","8","2","4","7","4",,,"1","1","1",,
"Palafolls","081555","2023","14","2","6","6","1","3","10","1","2",,,"2","5",,
"Palafrugell","171175","2011","488","155","256","77","40","53","394","1","65","13","189","14","112","1",
"Palafrugell","171175","2012","402","150","179","73","34","35","329","4","56","16","138","8","107","3","1"
"Palafrugell","171175","2013","382","120","221","41","27","36","318","1","43","13","146","8","107","1",
"Palafrugell","171175","2014","390","140","216","34","21","38","330","1","36","7","181","6","92","5","3"
"Palafrugell","171175","2015","331","103","180","48","17","39","274","1","35","6","126","1","96","9","1"
"Palafrugell","171175","2016","326","115","160","51","25","26","274","1","21","8","127","1","108","8","1"
"Palafrugell","171175","2017","385","186","135","64","36","31","317","1","21","21","109","7","151","8",
"Palafrugell","171175","2018","347","113","178","56","33","22","291","1","16","17","115","7","126","9","1"
"Palafrugell","171175","2019","303","101","142","60","31","16","256",,"18","7","84","5","131","10","1"
"Palafrugell","171175","2020","177","57","92","28","18","8","130","21","11","7","28","3","80","1",
"Palafrugell","171175","2021","249","96","129","24","10","5","163","71","11","4","50","1","97",,
"Palafrugell","171175","2022","273","114","148","11","4","8","261","30","20","4","99","6","102",,
"Palafrugell","171175","2023","275","125","130","20","13","13","249","8","18","6","63","17","130","6","1"
"Palamós","171181","2011","471","144","209","118","79","41","349","2","53","17","100","5","161","9","4"
"Palamós","171181","2012","460","131","228","101","58","33","368","1","57","13","93","6","185","9","5"
"Palamós","171181","2013","392","107","189","96","53","36","303",,"33","6","82","9","164","9",
"Palamós","171181","2014","281","98","129","54","36","36","208","1","24","7","46","8","118","5",
"Palamós","171181","2015","224","121","74","29","20","17","187",,"11","7","69","15","77","7","1"
"Palamós","171181","2016","269","128","96","45","27","23","219",,"23","16","63","14","96","7",
"Palamós","171181","2017","322","149","144","29","22","29","271",,"25","26","75","24","107","13","1"
"Palamós","171181","2018","286","87","159","40","31","23","232",,"20","18","33","15","135","11",
"Palamós","171181","2019","295","99","132","64","25","25","245",,"19","13","37","10","157","9",
"Palamós","171181","2020","208","85","86","37","13","14","181",,"10","5","39","6","110","11",
"Palamós","171181","2021","199","42","141","16","4","5","164","26","11","4","27","2","115","5",
"Palamós","171181","2022","130","78","43","9","3","7","120","15","2","3","16","4","77","3",
"Palamós","171181","2023","225","99","110","16","9","6","210","7","6","9","35","7","145","1",
"Palau-sator","171215","2011","1",,,"1","1",,"0",,,,,,,,
"Palau-sator","171215","2012","0",,,,,,"0",,,,,,,,
"Palau-sator","171215","2013","0",,,,,,"0",,,,,,,,
"Palau-sator","171215","2014","1","1",,,,,"1",,,,,,"1",,
"Palau-sator","171215","2015","0",,,,,,"0",,,,,,,,
"Palau-sator","171215","2016","0",,,,,,"0",,,,,,,,
"Palau-sator","171215","2017","1","1",,,,,"1",,,,,"1",,,
"Palau-sator","171215","2018","0",,,,,,"0",,,,,,,,
"Palau-sator","171215","2019","6","2","4",,,"6","0",,,,,,,,
"Palau-sator","171215","2020","0",,,,,,"0",,,,,,,,
"Palau-sator","171215","2021","0",,,,,,"0",,,,,,,,
"Palau-sator","171215","2022","1",,,"1","1",,,,,,,,,,
"Palau-sator","171215","2023","4","1","1","2","2",,"2",,,,,,"2",,
"Palau-saverdera","171208","2011","15","6","2","7","5","2","8",,"2","2","1",,"3",,
"Palau-saverdera","171208","2012","13","4","9",,,,"13",,"1","2","4",,"4","2",
"Palau-saverdera","171208","2013","13","3","9","1",,"1","12",,"2","2","4",,"3","1",
"Palau-saverdera","171208","2014","12","2","7","3",,"1","11",,"4","2","2",,"3",,
"Palau-saverdera","171208","2015","10","2","3","5","1",,"9",,"2","3","1",,"3",,
"Palau-saverdera","171208","2016","10","1","4","5","1","1","8",,"4","2",,,"1","1",
"Palau-saverdera","171208","2017","8","3","4","1",,,"8",,"3","1","2",,"1",,"1"
"Palau-saverdera","171208","2018","9","1","5","3","1",,"8",,"2",,"2","1","3",,
"Palau-saverdera","171208","2019","9","4","2","3","1",,"8",,"4",,,,"2","2",
"Palau-saverdera","171208","2020","2",,"1","1",,,"2",,"1",,,,"1",,
"Palau-saverdera","171208","2021","3","1","2",,,,"2","1",,,,,"2",,
"Palau-saverdera","171208","2023","1",,,"1","1",,,,,,,,,,
"Palau-solità i Plegamans","081568","2011","130","18","44","68","65","29","33","3","3","4",,,"26",,
"Palau-solità i Plegamans","081568","2012","122","23","34","65","52","31","35","4","3","6",,"1","25",,
"Palau-solità i Plegamans","081568","2013","109","15","37","57","38","29","41","1","7","9","1",,"24",,
"Palau-solità i Plegamans","081568","2014","81","13","35","33","23","25","32","1","2","1","2",,"27",,
"Palau-solità i Plegamans","081568","2015","61","10","29","22","20","19","22",,"1","1","3",,"17",,
"Palau-solità i Plegamans","081568","2016","68","25","25","18","18","12","36","2","4","7","3",,"20",,"2"
"Palau-solità i Plegamans","081568","2017","40","7","28","5","6","8","24","2","2","2","3",,"17",,
"Palau-solità i Plegamans","081568","2018","72","23","35","14","14","7","51",,"10",,"4","1","35","1",
"Palau-solità i Plegamans","081568","2019","81","30","28","23","18","17","46",,"5",,"2",,"38","1",
"Palau-solità i Plegamans","081568","2020","75","20","35","20","15","14","39","7","2",,"4",,"32","1",
"Palau-solità i Plegamans","081568","2021","157","80","51","26","5","7","51","94","1","1","5",,"43","1",
"Palau-solità i Plegamans","081568","2022","198","92","67","39","11","10","177","116","1","2","5",,"51","2",
"Palau-solità i Plegamans","081568","2023","164","80","68","16","12","8","144","26","2","6","1",,"98","11",
"Pallejà","081574","2011","156","43","45","68","43","39","54","20","13","3","11","2","24","1",
"Pallejà","081574","2012","120","32","32","56","39","22","45","14","7","2","8","2","25","1",
"Pallejà","081574","2013","78","10","24","44","34","22","22",,"3",,"5","1","12","1",
"Pallejà","081574","2014","61","10","30","21","22","15","24",,"2",,"4","3","15",,
"Pallejà","081574","2015","61","35","7","19","8","12","40","1","2","1","13",,"23","1",
"Pallejà","081574","2016","62","2","33","27","16","16","27","3","1",,"5",,"20","1",
"Pallejà","081574","2017","86","18","37","31","17","22","45","2","6",,"4","1","34",,
"Pallejà","081574","2018","88","21","38","29","15","18","55",,"9",,"9","3","31","1","2"
"Pallejà","081574","2019","141","53","45","43","14","26","101",,"11","1","24","8","54","3",
"Pallejà","081574","2020","111","42","46","23","18","17","75","1","12",,"24","10","28","1",
"Pallejà","081574","2021","95","15","71","9","11","9","75",,"7","1","28","6","33",,
"Pallejà","081574","2022","85","25","47","13","15","9","61","1","6","4","14","1","34","1",
"Pallejà","081574","2023","142","36","77","29","28","11","103","1","10","6","5",,"78","3",
"Palol de Revardit","171236","2011","4","1","2","1","1","1","2",,,,,,"2",,
"Palol de Revardit","171236","2012","6","1","2","3","2","2","2",,"1",,,,"1",,
"Palol de Revardit","171236","2013","3",,"1","2","1","1","1",,,,,,"1",,
"Palol de Revardit","171236","2014","2",,,"2","2",,"0",,,,,,,,
"Palol de Revardit","171236","2015","1",,,"1","1",,"0",,,,,,,,
"Palol de Revardit","171236","2016","1","1",,,,,"1",,"1",,,,,,
"Palol de Revardit","171236","2017","0",,,,,,"0",,,,,,,,
"Palol de Revardit","171236","2018","2","2",,,,,"2",,,,,,"2",,
"Palol de Revardit","171236","2019","3",,,"3","3",,"0",,,,,,,,
"Palol de Revardit","171236","2020","2",,,"2","2",,"0",,,,,,,,
"Palol de Revardit","171236","2021","0",,,,,,"0",,,,,,,,
"Palol de Revardit","171236","2022","2",,"1","1",,,"2",,,"1",,,"1",,
"Pals","171241","2011","19","7","5","7","2",,"17",,"7",,"3",,"7",,
"Pals","171241","2012","22","7","8","7","1","1","20",,"6",,"1",,"13",,
"Pals","171241","2013","15","2","8","5",,"2","13",,"6","1",,,"6",,
"Pals","171241","2014","13","6","5","2",,,"13",,"2","2","1",,"8",,
"Pals","171241","2015","14","5","7","2","1",,"13",,"3",,,,"10",,
"Pals","171241","2016","39","23","13","3","2","1","36",,"7",,"1","2","26",,
"Pals","171241","2017","12",,"9","3",,"3","9",,"3","1",,,"5",,
"Pals","171241","2018","14","3","9","2",,"3","11",,"1","1",,,"9",,
"Pals","171241","2019","19","4","5","10",,"3","15","1","2",,,,"13",,
"Pals","171241","2020","12","1","8","3",,"2","10",,"1",,,,"9",,
"Pals","171241","2021","11","4","7",,,,"9","2",,,,,"9",,
"Pals","171241","2022","5","2",,"3",,,"5",,"2",,,,"3",,
"Pals","171241","2023","6","1","5",,,,"6",,"4",,,,"2",,
"Pardines","171254","2011","0",,,,,,"0",,,,,,,,
"Pardines","171254","2012","0",,,,,,"0",,,,,,,,
"Pardines","171254","2013","0",,,,,,"0",,,,,,,,
"Pardines","171254","2014","0",,,,,,"0",,,,,,,,
"Pardines","171254","2015","0",,,,,,"0",,,,,,,,
"Pardines","171254","2016","0",,,,,,"0",,,,,,,,
"Pardines","171254","2017","1","1",,,,,"1",,,,,,"1",,
"Pardines","171254","2018","1",,"1",,,,"1",,,,,,"1",,
"Pardines","171254","2019","0",,,,,,"0",,,,,,,,
"Pardines","171254","2020","0",,,,,,"0",,,,,,,,
"Pardines","171254","2021","0",,,,,,"0",,,,,,,,
"Parets del Vallès","081593","2011","275","93","87","95","76","44","151","4","20","1","11","55","62","2",
"Parets del Vallès","081593","2012","305","66","139","100","70","49","181","5","14","3","30","58","70","6",
"Parets del Vallès","081593","2013","200","29","74","97","68","50","78","4","9",,"13","9","44","3",
"Parets del Vallès","081593","2014","158","5","62","91","61","46","50","1","2",,"8","10","30",,
"Parets del Vallès","081593","2015","137","32","54","51","44","37","56",,"11","1","2","13","28","1",
"Parets del Vallès","081593","2016","103","23","32","48","38","18","47",,"7","2","4","9","23","2",
"Parets del Vallès","081593","2017","88","7","28","53","31","20","37",,"6","2","2","3","19","4","1"
"Parets del Vallès","081593","2018","99","47","19","33","16","15","68",,"2","1","8","19","36","2",
"Parets del Vallès","081593","2019","115","28","47","40","19","20","76",,"5",,"10","21","35","5",
"Parets del Vallès","081593","2020","67","22","15","30","17","5","40","5","3","2","1","8","25","1",
"Parets del Vallès","081593","2021","63","21","27","15","7","7","39","10",,"5","6","5","20","3",
"Parets del Vallès","081593","2022","84","39","31","14","13","5","66","1","4",,"6","12","43",,
"Parets del Vallès","081593","2023","120","52","40","28","27","6","87",,"3","5","6","11","61","1",
"Parlavà","171267","2011","8",,"1","7","3","2","1","2",,,,"1",,,
"Parlavà","171267","2012","3",,,"3","1","1","0","1",,,,,,,
"Parlavà","171267","2013","1",,,"1","1",,"0",,,,,,,,
"Parlavà","171267","2014","6","1","1","4","1","3","2",,"1","1",,,,,
"Parlavà","171267","2015","4",,"2","2","1","1","2",,"1","1",,,,,
"Parlavà","171267","2016","1",,,"1",,"1","0",,,,,,,,
"Parlavà","171267","2017","1",,,"1",,"1","0",,,,,,,,
"Parlavà","171267","2018","6","2","2","2","1",,"4","1","4",,,,,,
"Parlavà","171267","2019","3","2",,"1",,"1","2",,"2",,,,,,
"Parlavà","171267","2020","2",,"2",,,,"2",,"2",,,,,,
"Parlavà","171267","2021","0",,,,,,"0",,,,,,,,
"Passanant i Belltall","431016","2011","1",,,"1","1",,"0",,,,,,,,
"Passanant i Belltall","431016","2012","0",,,,,,"0",,,,,,,,
"Passanant i Belltall","431016","2013","0",,,,,,"0",,,,,,,,
"Passanant i Belltall","431016","2014","0",,,,,,"0",,,,,,,,
"Passanant i Belltall","431016","2015","0",,,,,,"0",,,,,,,,
"Passanant i Belltall","431016","2016","0",,,,,,"0",,,,,,,,
"Passanant i Belltall","431016","2017","0",,,,,,"0",,,,,,,,
"Passanant i Belltall","431016","2018","0",,,,,,"0",,,,,,,,
"Passanant i Belltall","431016","2019","0",,,,,,"0",,,,,,,,
"Passanant i Belltall","431016","2020","0",,,,,,"0",,,,,,,,
"Passanant i Belltall","431016","2021","0",,,,,,"0",,,,,,,,
"Pau","171289","2011","2",,"2",,,,"2",,"2",,,,,,
"Pau","171289","2012","3","1","2",,,,"3",,"2",,"1",,,,
"Pau","171289","2013","3","2","1",,,,"2","1","1",,"1",,,,
"Pau","171289","2014","1","1",,,,,"0","1",,,,,,,
"Pau","171289","2015","1","1",,,,,"1",,,,,,"1",,
"Pau","171289","2016","0",,,,,,"0",,,,,,,,
"Pau","171289","2017","1","1",,,,,"1",,"1",,,,,,
"Pau","171289","2018","0",,,,,,"0",,,,,,,,
"Pau","171289","2019","2","1","1",,,,"2",,"2",,,,,,
"Pau","171289","2020","3","1","2",,,,"3",,"3",,,,,,
"Pau","171289","2021","2",,"2",,,,"2",,"2",,,,,,
"Pau","171289","2023","7","4","3",,,,"7",,,"3","1",,"3",,
"Paüls","431021","2011","1",,,"1","1",,"0",,,,,,,,
"Paüls","431021","2012","1","1",,,,,"1",,,,,,"1",,
"Paüls","431021","2013","0",,,,,,"0",,,,,,,,
"Paüls","431021","2014","1","1",,,,,"1",,,"1",,,,,
"Paüls","431021","2015","1","1",,,,,"1",,,,,"1",,,
"Paüls","431021","2016","3","2",,"1","1",,"2",,,"1",,"1",,,
"Paüls","431021","2017","0",,,,,,"0",,,,,,,,
"Paüls","431021","2018","0",,,,,,"0",,,,,,,,
"Paüls","431021","2019","0",,,,,,"0",,,,,,,,
"Paüls","431021","2020","0",,,,,,"0",,,,,,,,
"Paüls","431021","2021","0",,,,,,"0",,,,,,,,
"Paüls","431021","2022","1","1",,,,"1",,,,,,,,,
"Paüls","431021","2023","3",,"3",,,"3",,,,,,,,,
"Pedret i Marzà","171292","2011","1",,,"1","1",,"0",,,,,,,,
"Pedret i Marzà","171292","2012","2",,,"2","2",,"0",,,,,,,,
"Pedret i Marzà","171292","2013","3",,,"3","3",,"0",,,,,,,,
"Pedret i Marzà","171292","2014","0",,,,,,"0",,,,,,,,
"Pedret i Marzà","171292","2015","0",,,,,,"0",,,,,,,,
"Pedret i Marzà","171292","2016","0",,,,,,"0",,,,,,,,
"Pedret i Marzà","171292","2017","0",,,,,,"0",,,,,,,,
"Pedret i Marzà","171292","2018","3","2","1",,,,"3",,"3",,,,,,
"Pedret i Marzà","171292","2019","0",,,,,,"0",,,,,,,,
"Pedret i Marzà","171292","2020","0",,,,,,"0",,,,,,,,
"Pedret i Marzà","171292","2021","0",,,,,,"0",,,,,,,,
"Pedret i Marzà","171292","2023","7",,"6","1","1",,"6",,,"6",,,,,
"Penelles","251641","2011","1",,"1",,,,"1",,,,,"1",,,
"Penelles","251641","2012","0",,,,,,"0",,,,,,,,
"Penelles","251641","2013","0",,,,,,"0",,,,,,,,
"Penelles","251641","2014","3",,"2","1","1",,"2",,"2",,,,,,
"Penelles","251641","2015","2",,,"2","2",,"0",,,,,,,,
"Penelles","251641","2016","2","2",,,,,"2",,,"1",,"1",,,
"Penelles","251641","2017","0",,,,,,"0",,,,,,,,
"Penelles","251641","2018","0",,,,,,"0",,,,,,,,
"Penelles","251641","2019","0",,,,,,"0",,,,,,,,
"Penelles","251641","2020","0",,,,,,"0",,,,,,,,
"Penelles","251641","2021","1","1",,,,,"0","1",,,,,,,
"Penelles","251641","2022","3",,"3",,,,"3","3",,,,,,,
"Penelles","251641","2023","2",,"2",,,,"2","2",,,,,,,
"Perafita","081607","2011","0",,,,,,"0",,,,,,,,
"Perafita","081607","2012","0",,,,,,"0",,,,,,,,
"Perafita","081607","2013","0",,,,,,"0",,,,,,,,
"Perafita","081607","2014","0",,,,,,"0",,,,,,,,
"Perafita","081607","2015","2","2",,,,,"2",,,"1",,"1",,,
"Perafita","081607","2016","1",,,"1","1",,"0",,,,,,,,
"Perafita","081607","2017","1",,,"1","1",,"0",,,,,,,,
"Perafita","081607","2018","0",,,,,,"0",,,,,,,,
"Perafita","081607","2019","3",,,"3","1",,"2",,,,,,"2",,
"Perafita","081607","2020","0",,,,,,"0",,,,,,,,
"Perafita","081607","2021","0",,,,,,"0",,,,,,,,
"Perafort","431037","2011","2",,,"2","2",,"0",,,,,,,,
"Perafort","431037","2012","4",,,"4","2","2","0",,,,,,,,
"Perafort","431037","2013","8","3","1","4","2","2","4",,,,,,"4",,
"Perafort","431037","2014","7",,"2","5",,"4","3",,,,,,"3",,
"Perafort","431037","2015","9","1",,"8","2","4","3",,,,,,"3",,
"Perafort","431037","2016","8",,"3","5","2","1","5",,,,,,"5",,
"Perafort","431037","2017","7",,"2","5","3","2","2",,,,,,"2",,
"Perafort","431037","2018","4",,,"4","4",,"0",,,,,,,,
"Perafort","431037","2019","3",,,"3","2","1","0",,,,,,,,
"Perafort","431037","2020","1",,,"1",,"1","0",,,,,,,,
"Perafort","431037","2021","33","27","2","4",,,"7","26",,,"3","1","1","2",
"Perafort","431037","2022","91","54","19","18",,,"91","72",,"2","9","3","3","2",
"Perafort","081607","2023","38","14","17","7","4","11","23","14",,,,,"8","1",
"Peralada","171328","2011","19","8","6","5","5","3","11",,"3","1","1",,"6",,
"Peralada","171328","2012","12","4","6","2","2","1","9",,"1",,,"3","5",,
"Peralada","171328","2013","6","3","3",,,"2","4",,"2",,"2",,,,
"Peralada","171328","2014","4","3","1",,,,"4",,"2",,"1",,"1",,
"Peralada","171328","2015","3",,"3",,,,"3",,"1",,,,"2",,
"Peralada","171328","2016","10","4","3","3","1","5","4",,"2",,,,"2",,
"Peralada","171328","2017","4",,"2","2",,"1","3",,"1",,,,"2",,
"Peralada","171328","2018","2",,"1","1",,,"2",,,,,,"2",,
"Peralada","171328","2019","8","4","4",,,"3","4","1","4",,,,,,
"Peralada","171328","2020","2","1","1",,,"1","0","1",,,,,,,
"Peralada","171328","2021","4",,"3","1","1",,"0","3",,,,,,,
"Peralada","171328","2022","1",,"1",,,"1",,,,,,,,,
"Peralada","171328","2023","3","3",,,,,"3",,,"2",,,"1",,
"Peramola","251654","2011","2","2",,,,,"2",,,,"2",,,,
"Peramola","251654","2012","0",,,,,,"0",,,,,,,,
"Peramola","251654","2013","0",,,,,,"0",,,,,,,,
"Peramola","251654","2014","0",,,,,,"0",,,,,,,,
"Peramola","251654","2015","0",,,,,,"0",,,,,,,,
"Peramola","251654","2016","0",,,,,,"0",,,,,,,,
"Peramola","251654","2017","0",,,,,,"0",,,,,,,,
"Peramola","251654","2018","0",,,,,,"0",,,,,,,,
"Peramola","251654","2019","0",,,,,,"0",,,,,,,,
"Peramola","251654","2020","0",,,,,,"0",,,,,,,,
"Peramola","251654","2021","0",,,,,,"0",,,,,,,,
"Piera","081614","2011","109","33","53","23","11","24","65","9","1","1","36",,"19","4","4"
"Piera","081614","2012","52","6","26","20","11","12","26","3",,,"5","1","17","2","1"
"Piera","081614","2013","41","22","7","12","5","11","25",,,"2","17","2","2","2",
"Piera","081614","2014","18","2","2","14","9","4","5",,,,,,"3","2",
"Piera","081614","2015","20","3","3","14","9","6","5",,,,"1",,"4",,
"Piera","081614","2016","23","4","2","17","13","7","3",,,,,,"3",,
"Piera","081614","2017","48","22","17","9","9","4","35",,"1","4","8","2","16","4",
"Piera","081614","2018","53","25","16","12","8","9","36",,"1","1","15",,"16","3",
"Piera","081614","2019","70","32","25","13","7","9","54",,"1","3","32",,"18",,
"Piera","081614","2020","21","7","6","8","4","3","12","2",,,"4","2","6",,
"Piera","081614","2021","30","22","5","3","2","1","19","8",,,"8","5","6",,
"Piera","081614","2022","31","15","16",,,"3","28","1",,,"10",,"11","6",
"Piera","081614","2023","70","47","20","3","3","4","63","1","2",,"14","12","34",,
"Pineda de Mar","081635","2011","137","39","53","45","41","14","81","1","9","6","11","3","51",,"1"
"Pineda de Mar","081635","2012","148","63","54","31","24","17","104","3","16","8","19","6","54",,"1"
"Pineda de Mar","081635","2013","146","57","42","47","30","21","95",,"11","7","22","10","42","2","1"
"Pineda de Mar","081635","2014","144","50","68","26","12","22","110",,"13","7","23","12","49","6",
"Pineda de Mar","081635","2015","191","60","90","41","21","37","133",,"9","13","34","10","63","4",
"Pineda de Mar","081635","2016","224","38","102","84","34","47","143",,"15","27","27","8","62","3","1"
"Pineda de Mar","081635","2017","212","73","61","78","34","37","141",,"28","18","22","3","66","2","2"
"Pineda de Mar","081635","2018","196","72","77","47","35","23","138",,"22","22","12","1","66","11","4"
"Pineda de Mar","081635","2019","194","69","101","24","14","19","161",,"31","13","25","6","71","8","7"
"Pineda de Mar","081635","2020","129","46","66","17","9","14","86","20","11","12","10","6","41","5","1"
"Pineda de Mar","081635","2021","178","74","85","19","10","11","84","73","16","7","10","7","36","6","2"
"Pineda de Mar","081635","2022","106","56","35","15","5","7","94","15","6","4","10","8","47","3","1"
"Pineda de Mar","081635","2023","220","116","73","31","18","8","194","8","9","25","14","8","121","7","2"
"Pinell de Solsonès","251667","2011","0",,,,,,"0",,,,,,,,
"Pinell de Solsonès","251667","2012","0",,,,,,"0",,,,,,,,
"Pinell de Solsonès","251667","2013","1","1",,,,,"1",,"1",,,,,,
"Pinell de Solsonès","251667","2014","1","1",,,,,"1",,"1",,,,,,
"Pinell de Solsonès","251667","2015","0",,,,,,"0",,,,,,,,
"Pinell de Solsonès","251667","2016","0",,,,,,"0",,,,,,,,
"Pinell de Solsonès","251667","2017","0",,,,,,"0",,,,,,,,
"Pinell de Solsonès","251667","2018","1",,,"1","1",,"0",,,,,,,,
"Pinell de Solsonès","251667","2019","3",,,"3","2",,"1",,"1",,,,,,
"Pinell de Solsonès","251667","2020","2",,,"2",,,"2",,"2",,,,,,
"Pinell de Solsonès","251667","2021","0",,,,,,"0",,,,,,,,
"Pinós","251673","2011","1",,,"1","1",,"0",,,,,,,,
"Pinós","251673","2012","0",,,,,,"0",,,,,,,,
"Pinós","251673","2013","0",,,,,,"0",,,,,,,,
"Pinós","251673","2014","0",,,,,,"0",,,,,,,,
"Pinós","251673","2015","0",,,,,,"0",,,,,,,,
"Pinós","251673","2016","0",,,,,,"0",,,,,,,,
"Pinós","251673","2017","2",,"2",,,,"2",,"2",,,,,,
"Pinós","251673","2018","0",,,,,,"0",,,,,,,,
"Pinós","251673","2019","0",,,,,,"0",,,,,,,,
"Pinós","251673","2020","0",,,,,,"0",,,,,,,,
"Pinós","251673","2021","0",,,,,,"0",,,,,,,,
"Pira","431074","2011","2",,,"2",,"1","1",,,,,"1",,,
"Pira","431074","2012","0",,,,,,"0",,,,,,,,
"Pira","431074","2013","0",,,,,,"0",,,,,,,,
"Pira","431074","2014","0",,,,,,"0",,,,,,,,
"Pira","431074","2015","1",,,"1","1",,"0",,,,,,,,
"Pira","431074","2016","1",,,"1","1",,"0",,,,,,,,
"Pira","431074","2017","0",,,,,,"0",,,,,,,,
"Pira","431074","2018","1",,"1",,"1",,"0",,,,,,,,
"Pira","431074","2019","2",,,"2","2",,"0",,,,,,,,
"Pira","431074","2020","0",,,,,,"0",,,,,,,,
"Pira","431074","2021","0",,,,,,"0",,,,,,,,
"Planoles","171349","2011","0",,,,,,"0",,,,,,,,
"Planoles","171349","2012","0",,,,,,"0",,,,,,,,
"Planoles","171349","2013","0",,,,,,"0",,,,,,,,
"Planoles","171349","2014","0",,,,,,"0",,,,,,,,
"Planoles","171349","2015","0",,,,,,"0",,,,,,,,
"Planoles","171349","2016","0",,,,,,"0",,,,,,,,
"Planoles","171349","2017","0",,,,,,"0",,,,,,,,
"Planoles","171349","2018","2","2",,,,,"2",,,"2",,,,,
"Planoles","171349","2019","6",,"6",,,,"6",,,"6",,,,,
"Planoles","171349","2020","3",,"2","1",,"1","2",,,,,,"2",,
"Planoles","171349","2021","3","1","2",,,,"3",,,,,,"3",,
"Planoles","171349","2022","2","1","1",,,,"2",,,,,,"2",,
"Planoles","171349","2023","1",,"1",,,,"1",,,,,,"1",,
"Poboleda","431129","2011","0",,,,,,"0",,,,,,,,
"Poboleda","431129","2012","0",,,,,,"0",,,,,,,,
"Poboleda","431129","2013","1",,,"1","1",,"0",,,,,,,,
"Poboleda","431129","2014","0",,,,,,"0",,,,,,,,
"Poboleda","431129","2015","0",,,,,,"0",,,,,,,,
"Poboleda","431129","2016","1","1",,,,,"1",,,,"1",,,,
"Poboleda","431129","2017","0",,,,,,"0",,,,,,,,
"Poboleda","431129","2018","0",,,,,,"0",,,,,,,,
"Poboleda","431129","2019","1","1",,,,"1","0",,,,,,,,
"Poboleda","431129","2020","0",,,,,,"0",,,,,,,,
"Poboleda","431129","2021","1","1",,,,,"1",,,,"1",,,,
"Poboleda","431129","2022","2","2",,,,,"2",,,"2",,,,,
"Poboleda","431129","2023","10","1","7","2","3",,"7",,,"6",,"1",,,
"Polinyà","081672","2011","68","27","15","26","24","16","28",,"2",,,"13","13",,
"Polinyà","081672","2012","74","37","30","7","15","19","38","2","2",,"1","17","16","2",
"Polinyà","081672","2013","41",,"35","6","13","13","15",,,,"1","1","13",,
"Polinyà","081672","2014","41","1","37","3","14","13","14",,"1",,,,"13",,
"Polinyà","081672","2015","38","2","3","33","19","12","7",,"1","1",,,"5",,
"Polinyà","081672","2016","21",,"3","18","8","9","4",,"1",,,,"3",,
"Polinyà","081672","2017","28","2",,"26","15","9","3","1",,,,,"3",,
"Polinyà","081672","2018","51","16","15","20","13","12","26",,,"2",,"6","18",,
"Polinyà","081672","2019","37","9","14","14","10","7","19","1","2",,,"2","13","2",
"Polinyà","081672","2020","26","9","7","10","3","4","17","2","3",,,,"14",,
"Polinyà","081672","2021","40","22","9","9","3","4","28","5","3","2",,"5","16","2",
"Polinyà","081672","2022","60","30","19","11","2","6","52","11","1","2",,"2","33","3",
"Polinyà","081672","2023","52","18","26","8","2","7","43",,,"1","4","1","35","2",
"Pont d'Armentera","431135","2023","1","1",,,,,"1",,,,"1",,,,
"Pont de Molins","171352","2011","11","3","5","3",,,"10","1","4",,"2",,"4",,
"Pont de Molins","171352","2012","9",,"6","3","2",,"6","1","4",,,,"2",,
"Pont de Molins","171352","2013","4",,"2","2","2",,"2",,"2",,,,,,
"Pont de Molins","171352","2014","1","1",,,,,"1",,,,,,"1",,
"Pont de Molins","171352","2015","1",,"1",,,,"1",,,,,,"1",,
"Pont de Molins","171352","2016","0",,,,,,"0",,,,,,,,
"Pont de Molins","171352","2017","0",,,,,,"0",,,,,,,,
"Pont de Molins","171352","2018","0",,,,,,"0",,,,,,,,
"Pont de Molins","171352","2019","1","1",,,,,"1",,,,,,"1",,
"Pont de Molins","171352","2020","1",,"1",,,,"1",,,,,,"1",,
"Pont de Molins","171352","2021","0",,,,,,"0",,,,,,,,
"Pont de Molins","171352","2022","2","1","1",,,,"2",,,,,,"2",,
"Pont de Molins","171352","2023","5",,"4","1",,,"5","1",,,,,"4",,
"Pontils","431418","2011","0",,,,,,"0",,,,,,,,
"Pontils","431418","2012","0",,,,,,"0",,,,,,,,
"Pontils","431418","2013","0",,,,,,"0",,,,,,,,
"Pontils","431418","2014","2",,"2",,,"2","0",,,,,,,,
"Pontils","431418","2015","0",,,,,,"0",,,,,,,,
"Pontils","431418","2016","0",,,,,,"0",,,,,,,,
"Pontils","431418","2017","0",,,,,,"0",,,,,,,,
"Pontils","431418","2018","0",,,,,,"0",,,,,,,,
"Pontils","431418","2019","2","2",,,,,"2",,"2",,,,,,
"Pontils","431418","2020","0",,,,,,"0",,,,,,,,
"Pontils","431418","2021","0",,,,,,"0",,,,,,,,
"Pontons","081688","2011","3","1","1","1",,"2","1",,,,"1",,,,
"Pontons","081688","2012","4","2",,"2",,"2","2",,,,"2",,,,
"Pontons","081688","2013","3",,"1","2",,"2","1",,,,"1",,,,
"Pontons","081688","2014","2",,,"2",,"2","0",,,,,,,,
"Pontons","081688","2015","0",,,,,,"0",,,,,,,,
"Pontons","081688","2016","0",,,,,,"0",,,,,,,,
"Pontons","081688","2017","0",,,,,,"0",,,,,,,,
"Pontons","081688","2018","4","4",,,,,"4",,,"1","2",,"1",,
"Pontons","081688","2019","2","1","1",,,,"2",,,,,,"2",,
"Pontons","081688","2020","0",,,,,,"0",,,,,,,,
"Pontons","081688","2021","0",,,,,,"0",,,,,,,,
"Pontons","081688","2023","2","2",,,,,"2",,,"1","1",,,,
"Pontós","171365","2011","2",,,"2",,,"2",,,,,,"2",,
"Pontós","171365","2012","0",,,,,,"0",,,,,,,,
"Pontós","171365","2013","1","1",,,,"1","0",,,,,,,,
"Pontós","171365","2014","2","1","1",,,"2","0",,,,,,,,
"Pontós","171365","2015","1",,"1",,,"1","0",,,,,,,,
"Pontós","171365","2016","1",,"1",,,"1","0",,,,,,,,
"Pontós","171365","2017","1",,,"1","1",,"0",,,,,,,,
"Pontós","171365","2018","2","1","1",,,,"2",,,,,,"2",,
"Pontós","171365","2019","4","2","2",,,,"4",,,,,,"4",,
"Pontós","171365","2020","2","1","1",,,"1","1",,,,,,"1",,
"Pontós","171365","2021","2",,"2",,,"2","0",,,,,,,,
"Pontós","171365","2022","2","1",,"1","1",,"1",,,"1",,,,,
"Ponts","251728","2011","19","19",,,,,"19",,"1","1","17",,,,
"Ponts","251728","2012","0",,,,,,"0",,,,,,,,
"Ponts","251728","2013","1","1",,,,,"1",,,,"1",,,,
"Ponts","251728","2014","2",,"2",,,"1","1",,,,"1",,,,
"Ponts","251728","2015","2","1",,"1","1",,"1",,,,"1",,,,
"Ponts","251728","2016","6","1",,"5","3","2","1",,"1",,,,,,
"Ponts","251728","2017","21","17","3","1","1",,"20",,"10",,"7",,"2","1",
"Ponts","251728","2018","0",,,,,,"0",,,,,,,,
"Ponts","251728","2019","1","1",,,,,"1",,,,"1",,,,
"Ponts","251728","2020","3","1",,"2",,,"3",,,"2",,,,"1",
"Ponts","251728","2021","4","2",,"2",,,"3","1",,"2",,,,"1",
"Ponts","251728","2022","38","38",,,,,"38",,"4","1","26",,"7",,
"Ponts","251728","2023","17","8","8","1","3","2","12",,"2",,"8",,"2",,
"Porqueres","171371","2011","11","1","6","4","3","1","7",,,,"1",,"6",,
"Porqueres","171371","2012","15","2","3","10","7",,"8",,"1",,"1",,"6",,
"Porqueres","171371","2013","18",,"6","12","8",,"10",,,"1",,,"9",,
"Porqueres","171371","2014","7",,"2","5",,,"7",,,"1",,,"6",,
"Porqueres","171371","2015","2",,"1","1",,,"2",,,,,,"1","1",
"Porqueres","171371","2016","12","7","2","3",,"4","8",,"1","1",,,"5",,"1"
"Porqueres","171371","2017","7",,"5","2",,"3","4",,,,,,"3",,"1"
"Porqueres","171371","2018","6","2","1","3",,"3","3",,,,"2",,"1",,
"Porqueres","171371","2019","12","3","2","7","3","2","7",,"2",,"3",,"2",,
"Porqueres","171371","2020","9",,"3","6","3","1","5",,"2",,"1",,"2",,
"Porqueres","171371","2021","5",,"4","1","1",,"4",,,,,,"4",,
"Porqueres","171371","2022","5","3","1","1",,,"5","2",,,,,"3",,
"Porqueres","171371","2023","11","5","3","3","3",,"8",,"4",,"2",,"2",,
"Porrera","431140","2011","0",,,,,,"0",,,,,,,,
"Porrera","431140","2012","2",,,"2","2",,"0",,,,,,,,
"Porrera","431140","2013","1",,,"1","1",,"0",,,,,,,,
"Porrera","431140","2014","0",,,,,,"0",,,,,,,,
"Porrera","431140","2015","0",,,,,,"0",,,,,,,,
"Porrera","431140","2016","0",,,,,,"0",,,,,,,,
"Porrera","431140","2017","0",,,,,,"0",,,,,,,,
"Porrera","431140","2018","1","1",,,,,"1",,,,,"1",,,
"Porrera","431140","2019","0",,,,,,"0",,,,,,,,
"Porrera","431140","2020","0",,,,,,"0",,,,,,,,
"Porrera","431140","2021","1",,,"1",,,"1",,,,,,,,"1"
"Porrera","431140","2022","5","4",,"1",,,"5",,,"3",,,"1",,"1"
"Porrera","431140","2023","5","1","4",,,,"5",,,"2",,,"3",,
"Portbou","171387","2011","6","3",,"3","3","2","1",,,,,,"1",,
"Portbou","171387","2012","4","1","3",,,,"3","1",,,,,"3",,
"Portbou","171387","2013","2","1","1",,,,"1","1",,,,,"1",,
"Portbou","171387","2014","2","2",,,,,"2",,,,"1",,"1",,
"Portbou","171387","2015","1","1",,,,,"1",,,,"1",,,,
"Portbou","171387","2016","0",,,,,,"0",,,,,,,,
"Portbou","171387","2017","2","1",,"1","1",,"0","1",,,,,,,
"Portbou","171387","2018","2","1",,"1","1",,"1",,,,,,"1",,
"Portbou","171387","2019","4",,"2","2","1","1","2",,"2",,,,,,
"Portbou","171387","2020","4","1",,"3",,,"4",,"3",,"1",,,,
"Portbou","171387","2021","2","1","1",,,,"0","2",,,,,,,
"Portbou","171387","2022","2","2",,,,,"2",,"1",,,,"1",,
"Portbou","171387","2023","5","1","4",,,,"5",,"3",,,,"2",,
"Pradell de la Teixeta","431153","2011","0",,,,,,"0",,,,,,,,
"Pradell de la Teixeta","431153","2012","0",,,,,,"0",,,,,,,,
"Pradell de la Teixeta","431153","2013","0",,,,,,"0",,,,,,,,
"Pradell de la Teixeta","431153","2014","3","3",,,,,"3",,"2",,,,"1",,
"Pradell de la Teixeta","431153","2015","0",,,,,,"0",,,,,,,,
"Pradell de la Teixeta","431153","2016","0",,,,,,"0",,,,,,,,
"Pradell de la Teixeta","431153","2017","2",,"2",,,,"2",,"2",,,,,,
"Pradell de la Teixeta","431153","2018","0",,,,,,"0",,,,,,,,
"Pradell de la Teixeta","431153","2019","2",,"2",,,,"2",,,,,"2",,,
"Pradell de la Teixeta","431153","2020","0",,,,,,"0",,,,,,,,
"Pradell de la Teixeta","431153","2021","0",,,,,,"0",,,,,,,,
"Pradell de la Teixeta","431153","2022","2","2",,,,,"2",,"1",,,,,"1",
"Pradell de la Teixeta","431153","2023","4","2","2",,,,"4",,"1",,,,,"3",
"Prades","431166","2011","1","1",,,,,"1",,,,,,"1",,
"Prades","431166","2012","35","17","18",,,"3","32",,"18",,,,"14",,
"Prades","431166","2013","2",,"2",,,,"2",,,,,,"2",,
"Prades","431166","2014","0",,,,,,"0",,,,,,,,
"Prades","431166","2015","0",,,,,,"0",,,,,,,,
"Prades","431166","2016","0",,,,,,"0",,,,,,,,
"Prades","431166","2017","0",,,,,,"0",,,,,,,,
"Prades","431166","2018","0",,,,,,"0",,,,,,,,
"Prades","431166","2019","4","4",,,,,"4",,,,"4",,,,
"Prades","431166","2020","2","2",,,,,"1","1",,,,,"1",,
"Prades","431166","2021","3","3",,,,,"2","1","1",,"1",,,,
"Prades","431166","2022","2","1","1",,,,"2",,,,"1",,"1",,
"Prat de Comte","431172","2011","5",,,"5","5",,"0",,,,,,,,
"Prat de Comte","431172","2012","2",,,"2","2",,"0",,,,,,,,
"Prat de Comte","431172","2013","3","3",,,,,"3",,,,,,"3",,
"Prat de Comte","431172","2014","0",,,,,,"0",,,,,,,,
"Prat de Comte","431172","2015","0",,,,,,"0",,,,,,,,
"Prat de Comte","431172","2016","0",,,,,,"0",,,,,,,,
"Prat de Comte","431172","2017","0",,,,,,"0",,,,,,,,
"Prat de Comte","431172","2018","0",,,,,,"0",,,,,,,,
"Prat de Comte","431172","2019","4","4",,,,,"4",,,,,,"4",,
"Prat de Comte","431172","2020","3","3",,,,,"3",,,,,,"3",,
"Prat de Comte","431172","2021","0",,,,,,"0",,,,,,,,
"Prat de Comte","431172","2022","2","2",,,,,"2",,,,,,"2",,
"Prat de Comte","431172","2023","2",,"1","1","1",,"1",,,,,,"1",,
"Pratdip","431188","2011","6","2",,"4","4",,"2",,"2",,,,,,
"Pratdip","431188","2012","3",,"1","2","2",,"1",,"1",,,,,,
"Pratdip","431188","2013","2",,"1","1","1",,"1",,"1",,,,,,
"Pratdip","431188","2014","2","2",,,,,"2",,,,"1",,"1",,
"Pratdip","431188","2015","2",,"2",,,,"2",,,,,,"2",,
"Pratdip","431188","2016","1","1",,,,,"1",,,,"1",,,,
"Pratdip","431188","2017","2",,"2",,,,"2",,,,"2",,,,
"Pratdip","431188","2018","4","2","2",,"1",,"3",,"1",,"1",,"1",,
"Pratdip","431188","2019","5","1","4",,"1",,"4",,,,"1",,"3",,
"Pratdip","431188","2020","1",,"1",,,,"1",,,,,,"1",,
"Pratdip","431188","2021","1","1",,,,,"1",,,,"1",,,,
"Pratdip","431188","2022","2","2",,,,,"2",,"2",,,,,,
"Pratdip","431188","2023","4",,"3","1","1",,"3",,"3",,,,,,
"Prats de Lluçanès","081712","2011","4",,,"4","4",,"0",,,,,,,,
"Prats de Lluçanès","081712","2012","3",,"1","2",,"3","0",,,,,,,,
"Prats de Lluçanès","081712","2013","1","1",,,,,"1",,,,,,"1",,
"Prats de Lluçanès","081712","2014","1","1",,,,,"1",,,,"1",,,,
"Prats de Lluçanès","081712","2015","5","2","3",,,"1","4",,,,,,"4",,
"Prats de Lluçanès","081712","2016","4","1","3",,,,"4",,,,"1",,"3",,
"Prats de Lluçanès","081712","2017","0",,,,,,"0",,,,,,,,
"Prats de Lluçanès","081712","2018","3",,"2","1","1",,"2",,,,,"1","1",,
"Prats de Lluçanès","081712","2019","5",,"3","2","2",,"3",,,,,"3",,,
"Prats de Lluçanès","081712","2020","1",,,"1","1",,"0",,,,,,,,
"Prats de Lluçanès","081712","2021","1","1",,,,,"0","1",,,,,,,
"Prats de Lluçanès","081712","2022","21","20","1",,,,"21","1",,"1","2","2","15",,
"Prats de Lluçanès","081712","2023","20","16","4",,,,"20","1",,"1","1","1","16",,
"Prats i Sansor","251752","2011","4",,"3","1","1",,"3",,,,,,"3",,
"Prats i Sansor","251752","2012","0",,,,,,"0",,,,,,,,
"Prats i Sansor","251752","2013","2",,"2",,,"2","0",,,,,,,,
"Prats i Sansor","251752","2014","0",,,,,,"0",,,,,,,,
"Prats i Sansor","251752","2015","1","1",,,,,"1",,,,,,"1",,
"Prats i Sansor","251752","2016","1",,"1",,,,"1",,,,,,"1",,
"Prats i Sansor","251752","2017","0",,,,,,"0",,,,,,,,
"Prats i Sansor","251752","2018","0",,,,,,"0",,,,,,,,
"Prats i Sansor","251752","2019","0",,,,,,"0",,,,,,,,
"Prats i Sansor","251752","2020","0",,,,,,"0",,,,,,,,
"Prats i Sansor","251752","2021","0",,,,,,"0",,,,,,,,
"Premià de Dalt","082303","2011","32","8","5","19","11","8","11","2",,"1",,,"8",,"2"
"Premià de Dalt","082303","2012","57","23","14","20","17","10","30",,"3","2","9","1","15",,
"Premià de Dalt","082303","2013","80","21","18","41","23","23","33","1","3","2","5",,"23",,
"Premià de Dalt","082303","2014","87","31","32","24","16","25","46",,"6","1","23","1","12","3",
"Premià de Dalt","082303","2015","82","28","13","41","19","29","34",,"6","2","12",,"14",,
"Premià de Dalt","082303","2016","90","16","34","40","27","33","30",,"3","1","9",,"16","1",
"Premià de Dalt","082303","2017","77","17","30","30","16","21","40",,"2","6","7","1","24",,
"Premià de Dalt","082303","2018","73","19","27","27","12","16","45",,"2","7","6",,"28","2",
"Premià de Dalt","082303","2019","49","16","9","24","12","4","33",,"5","2","3","2","18","3",
"Premià de Dalt","082303","2020","37","20","5","12","5","5","24","3","3",,"9",,"11",,"1"
"Premià de Dalt","082303","2021","61","20","35","6",,"6","32","23","2","2","8",,"17",,"3"
"Premià de Dalt","082303","2022","66","34","27","5","3","5","58","5","2","4","23",,"20","2","2"
"Premià de Dalt","082303","2023","80","34","32","14","6","5","69","2","4","6","15","2","30","7","3"
"Premià de Mar","081727","2011","163","58","56","49","25","34","99","5","15",,"6","2","72","4",
"Premià de Mar","081727","2012","197","105","50","42","35","20","140","2","7","3","17","16","87","10",
"Premià de Mar","081727","2013","199","57","68","74","57","38","101","3","6","2","13","4","76",,
"Premià de Mar","081727","2014","167","52","54","61","55","34","78",,"4","4","11","5","52","1","1"
"Premià de Mar","081727","2015","201","88","57","56","47","39","113","2","6","6","20","5","68","5","3"
"Premià de Mar","081727","2016","271","69","143","59","43","52","176",,"12","10","25","3","116","9","1"
"Premià de Mar","081727","2017","309","59","148","102","62","57","188","2","7","13","18","10","133","5","2"
"Premià de Mar","081727","2018","301","113","84","104","60","24","216","1","9","8","23","8","158","6","4"
"Premià de Mar","081727","2019","266","92","81","93","60","27","178","1","12","5","33","6","110","9","3"
"Premià de Mar","081727","2020","190","68","70","52","29","14","130","17","7",,"10","8","96","7","2"
"Premià de Mar","081727","2021","194","75","75","44","18","14","99","63","8","1","9","6","72","3",
"Premià de Mar","081727","2022","203","102","63","38","7","20","176","22","13","3","24","3","109","2",
"Premià de Mar","081727","2023","288","115","98","75","30","30","228","8","22","7","23","14","151","3",
"Prullans","251790","2011","0",,,,,,"0",,,,,,,,
"Prullans","251790","2012","0",,,,,,"0",,,,,,,,
"Prullans","251790","2013","0",,,,,,"0",,,,,,,,
"Prullans","251790","2014","0",,,,,,"0",,,,,,,,
"Prullans","251790","2015","0",,,,,,"0",,,,,,,,
"Prullans","251790","2016","0",,,,,,"0",,,,,,,,
"Prullans","251790","2017","0",,,,,,"0",,,,,,,,
"Prullans","251790","2018","0",,,,,,"0",,,,,,,,
"Prullans","251790","2019","1","1",,,,,"1",,,,,,"1",,
"Prullans","251790","2020","0",,,,,,"0",,,,,,,,
"Prullans","251790","2021","0",,,,,,"0",,,,,,,,
"Puigcerdà","171411","2011","115","42","43","30","18","12","85",,"12","3","4","5","58","3",
"Puigcerdà","171411","2012","115","61","35","19","5","21","89",,"7","4","9","2","62","5",
"Puigcerdà","171411","2013","75","10","54","11","2","12","59","2","6","6","4","4","39",,
"Puigcerdà","171411","2014","48","16","24","8","6","4","38",,"2","4","5","2","24","1",
"Puigcerdà","171411","2015","56","28","21","7","4","13","39",,"2","1","4","4","26","2",
"Puigcerdà","171411","2016","52","22","26","4","5","1","46",,"6","2","7","5","25","1",
"Puigcerdà","171411","2017","62","35","18","9","9","3","50",,"4","4","2","3","32","5",
"Puigcerdà","171411","2018","112","55","39","18","23","7","82",,"5","5","12","2","55","3",
"Puigcerdà","171411","2019","118","54","49","15","9","9","100",,"7","3","9",,"80","1",
"Puigcerdà","171411","2020","72","48","21","3","2","2","66","2","2",,"2",,"61","1",
"Puigcerdà","171411","2021","144","82","52","10","3","8","123","10","1","1","8",,"112","1",
"Puigcerdà","171411","2022","131","70","49","12","4","11","116",,,,"5","2","105","4",
"Puigcerdà","171411","2023","159","80","63","16","8","13","138",,,"4","3","7","122","1","1"
"Puigdàlber","081748","2011","0",,,,,,"0",,,,,,,,
"Puigdàlber","081748","2012","0",,,,,,"0",,,,,,,,
"Puigdàlber","081748","2013","0",,,,,,"0",,,,,,,,
"Puigdàlber","081748","2014","0",,,,,,"0",,,,,,,,
"Puigdàlber","081748","2015","0",,,,,,"0",,,,,,,,
"Puigdàlber","081748","2016","1","1",,,,"1","0",,,,,,,,
"Puigdàlber","081748","2017","0",,,,,,"0",,,,,,,,
"Puigdàlber","081748","2018","3","1","1","1","1",,"2",,,,,,"2",,
"Puigdàlber","081748","2019","6","2","2","2","2",,"4",,,,,,"4",,
"Puigdàlber","081748","2020","0",,,,,,"0",,,,,,,,
"Puigdàlber","081748","2021","0",,,,,,"0",,,,,,,,
"Puigdàlber","081748","2022","3","1","2",,,,"3",,,,,,"3",,
"Puigdàlber","081748","2023","1","1",,,,,"1",,,,"1",,,,
"Puiggròs","251804","2011","0",,,,,,"0",,,,,,,,
"Puiggròs","251804","2012","0",,,,,,"0",,,,,,,,
"Puiggròs","251804","2013","0",,,,,,"0",,,,,,,,
"Puiggròs","251804","2014","0",,,,,,"0",,,,,,,,
"Puiggròs","251804","2015","0",,,,,,"0",,,,,,,,
"Puiggròs","251804","2016","2","1",,"1","1",,"1",,"1",,,,,,
"Puiggròs","251804","2017","2",,,"2","2",,"0",,,,,,,,
"Puiggròs","251804","2018","1",,,"1","1",,"0",,,,,,,,
"Puiggròs","251804","2019","0",,,,,,"0",,,,,,,,
"Puiggròs","251804","2020","0",,,,,,"0",,,,,,,,
"Puiggròs","251804","2021","0",,,,,,"0",,,,,,,,
"Puigpelat","431191","2011","7",,"1","6","6","1","0",,,,,,,,
"Puigpelat","431191","2012","6","1","2","3","3","1","2",,,,,,"2",,
"Puigpelat","431191","2013","9","2","1","6","5","2","2",,"1",,,,"1",,
"Puigpelat","431191","2014","9","1","4","4","1","5","3",,"2",,,,"1",,
"Puigpelat","431191","2015","4",,"2","2",,"2","2",,,,,,"2",,
"Puigpelat","431191","2016","1","1",,,,"1","0",,,,,,,,
"Puigpelat","431191","2017","3","2",,"1",,"2","1",,,,,,,"1",
"Puigpelat","431191","2018","5","1","1","3",,"4","1",,,,,,,"1",
"Puigpelat","431191","2019","5","1","1","3","1","2","2",,,,"2",,,,
"Puigpelat","431191","2020","5","2","1","2","2",,"3",,,,"1",,"2",,
"Puigpelat","431191","2021","2",,,"2","2",,"0",,,,,,,,
"Puigpelat","431191","2022","2","2",,,,,"2",,,,,,"2",,
"Puigpelat","431191","2023","3",,"3",,,,"3",,,,,,"3",,
"Puig-reig","081751","2011","31","28","1","2","1","1","29",,,"1","13",,"12","3",
"Puig-reig","081751","2012","16",,"16",,,,"16",,,"2","6",,"6","2",
"Puig-reig","081751","2013","18","17",,"1","3","3","12",,"2","1","6",,"3",,
"Puig-reig","081751","2014","17","13","1","3","2","3","12",,"2",,"4",,"6",,
"Puig-reig","081751","2015","4","1",,"3",,,"4",,"2",,"1",,"1",,
"Puig-reig","081751","2016","2","1","1",,,,"2",,"1",,"1",,,,
"Puig-reig","081751","2017","3","2",,"1","1",,"2",,,,,,"2",,
"Puig-reig","081751","2018","7",,"2","5","3",,"4",,"1",,,,"3",,
"Puig-reig","081751","2019","38","32","6",,,,"38",,,,"30","1","5","2",
"Puig-reig","081751","2020","16","5","11",,,,"16",,,,"9",,"7",,
"Puig-reig","081751","2021","5","1","4",,,,"5",,,,"3",,"2",,
"Puig-reig","081751","2022","3","2","1",,,,"3",,,"1","1","1",,,
"Puig-reig","081751","2023","7","3","2","2","1",,"6",,,,,,"6",,
"Puigverd d'Agramunt","251811","2011","0",,,,,,"0",,,,,,,,
"Puigverd d'Agramunt","251811","2012","0",,,,,,"0",,,,,,,,
"Puigverd d'Agramunt","251811","2013","0",,,,,,"0",,,,,,,,
"Puigverd d'Agramunt","251811","2014","0",,,,,,"0",,,,,,,,
"Puigverd d'Agramunt","251811","2015","0",,,,,,"0",,,,,,,,
"Puigverd d'Agramunt","251811","2016","0",,,,,,"0",,,,,,,,
"Puigverd d'Agramunt","251811","2017","0",,,,,,"0",,,,,,,,
"Puigverd d'Agramunt","251811","2018","0",,,,,,"0",,,,,,,,
"Puigverd d'Agramunt","251811","2019","2","2",,,,,"2",,"2",,,,,,
"Puigverd d'Agramunt","251811","2020","2",,"2",,,,"2",,"2",,,,,,
"Puigverd d'Agramunt","251811","2021","0",,,,,,"0",,,,,,,,
"Puigverd de Lleida","251826","2011","27","23",,"4","4","2","21",,"13",,"1","3","4",,
"Puigverd de Lleida","251826","2012","19","1","14","4","4","4","11",,"5",,"1","2","3",,
"Puigverd de Lleida","251826","2013","10","1","4","5","5","3","2",,,,,,"2",,
"Puigverd de Lleida","251826","2014","5",,"2","3","2","3","0",,,,,,,,
"Puigverd de Lleida","251826","2015","2",,,"2",,"2","0",,,,,,,,
"Puigverd de Lleida","251826","2016","1","1",,,,"1","0",,,,,,,,
"Puigverd de Lleida","251826","2017","1",,,"1","1",,"0",,,,,,,,
"Puigverd de Lleida","251826","2018","4","2","2",,,"1","3",,,,,,,"3",
"Puigverd de Lleida","251826","2019","6",,"1","5","2",,"2","2",,,,,,"2",
"Puigverd de Lleida","251826","2020","1","1",,,,,"0","1",,,,,,,
"Puigverd de Lleida","251826","2021","2",,,"2","2",,"0",,,,,,,,
"Puigverd de Lleida","251826","2023","1","1",,,,,"1",,,,,,"1",,
"Quart","171426","2011","21","2","1","18","14",,"7",,"3",,"1",,"3",,
"Quart","171426","2012","13","3","3","7","6","3","4",,,,,"2","2",,
"Quart","171426","2013","12","3","1","8","5","3","4",,,,"1","1","2",,
"Quart","171426","2014","11","3","2","6","5","5","1",,,,"1",,,,
"Quart","171426","2015","8","1","2","5","4","2","2",,"1",,,"1",,,
"Quart","171426","2016","6","1",,"5","3",,"3",,"1",,,"1","1",,
"Quart","171426","2017","10","1","1","8","5","1","4",,"1","1",,"1","1",,
"Quart","171426","2018","6",,"3","3","1",,"5",,"1","1","1",,"2",,
"Quart","171426","2019","16","1","5","10","4",,"12",,"3",,"2",,"7",,
"Quart","171426","2020","7",,"2","5",,,"7",,"3",,,,"4",,
"Quart","171426","2021","9","1","1","7",,,"5","4","3",,,,"2",,
"Quart","171426","2022","4",,,"4","1",,"3",,,"3",,,,,
"Quart","171426","2023","12","5","1","6","1","3","8",,"2",,,,"5","1",
"Queralbs","170433","2011","0",,,,,,"0",,,,,,,,
"Queralbs","170433","2012","0",,,,,,"0",,,,,,,,
"Queralbs","170433","2013","0",,,,,,"0",,,,,,,,
"Queralbs","170433","2014","0",,,,,,"0",,,,,,,,
"Queralbs","170433","2015","0",,,,,,"0",,,,,,,,
"Queralbs","170433","2016","1",,,"1","1",,"0",,,,,,,,
"Queralbs","170433","2017","0",,,,,,"0",,,,,,,,
"Queralbs","170433","2018","1",,"1",,,,"1",,,,,,"1",,
"Queralbs","170433","2019","2",,"2",,,,"2",,,,,,"2",,
"Queralbs","170433","2020","0",,,,,,"0",,,,,,,,
"Queralbs","170433","2021","0",,,,,,"0",,,,,,,,
"Querol","431205","2011","2","2",,,,,"2",,"2",,,,,,
"Querol","431205","2012","0",,,,,,"0",,,,,,,,
"Querol","431205","2013","0",,,,,,"0",,,,,,,,
"Querol","431205","2014","0",,,,,,"0",,,,,,,,
"Querol","431205","2015","1",,"1",,,,"1",,,,,,"1",,
"Querol","431205","2016","1",,"1",,,,"1",,,,,,"1",,
"Querol","431205","2017","0",,,,,,"0",,,,,,,,
"Querol","431205","2018","2",,"2",,,,"2",,,,,,"2",,
"Querol","431205","2019","0",,,,,,"0",,,,,,,,
"Querol","431205","2020","0",,,,,,"0",,,,,,,,
"Querol","431205","2021","2",,"2",,,,"0","2",,,,,,,
"Querol","431205","2022","1",,,"1",,,"1",,,,,,"1",,
"Querol","431205","2023","2","1","1",,,,"2",,,,,,,"2",
"Rabós","171432","2011","0",,,,,,"0",,,,,,,,
"Rabós","171432","2012","0",,,,,,"0",,,,,,,,
"Rabós","171432","2013","0",,,,,,"0",,,,,,,,
"Rabós","171432","2014","0",,,,,,"0",,,,,,,,
"Rabós","171432","2015","0",,,,,,"0",,,,,,,,
"Rabós","171432","2016","0",,,,,,"0",,,,,,,,
"Rabós","171432","2017","1",,,"1",,,"1",,,,,,"1",,
"Rabós","171432","2018","0",,,,,,"0",,,,,,,,
"Rabós","171432","2019","2",,"2",,,,"2",,"2",,,,,,
"Rabós","171432","2020","1",,,"1",,,"1",,,,,,"1",,
"Rabós","171432","2021","0",,,,,,"0",,,,,,,,
"Rajadell","081786","2011","2",,,"2","2",,"0",,,,,,,,
"Rajadell","081786","2012","1",,,"1","1",,"0",,,,,,,,
"Rajadell","081786","2013","0",,,,,,"0",,,,,,,,
"Rajadell","081786","2014","1",,,"1","1",,"0",,,,,,,,
"Rajadell","081786","2015","2","1","1",,,"2","0",,,,,,,,
"Rajadell","081786","2016","1",,,"1",,,"1",,,,,,"1",,
"Rajadell","081786","2017","2",,,"2",,,"2",,,,,,"2",,
"Rajadell","081786","2018","2",,,"2",,,"2",,"1",,,,"1",,
"Rajadell","081786","2019","2",,,"2",,,"2",,"2",,,,,,
"Rajadell","081786","2020","0",,,,,,"0",,,,,,,,
"Rajadell","081786","2021","0",,,,,,"0",,,,,,,,
"Rasquera","431212","2011","4","2","1","1",,,"4",,"1","3",,,,,
"Rasquera","431212","2012","6","3","2","1","1",,"5",,"2",,"3",,,,
"Rasquera","431212","2013","2",,,"2","2",,"0",,,,,,,,
"Rasquera","431212","2014","2",,"1","1",,"1","1",,"1",,,,,,
"Rasquera","431212","2015","6","1","2","3","1","2","3",,"3",,,,,,
"Rasquera","431212","2016","3",,,"3","3",,"0",,,,,,,,
"Rasquera","431212","2017","2",,"1","1","1",,"1",,,,,,"1",,
"Rasquera","431212","2018","1",,"1",,,,"1",,,"1",,,,,
"Rasquera","431212","2019","0",,,,,,"0",,,,,,,,
"Rasquera","431212","2020","1","1",,,,,"1",,"1",,,,,,
"Rasquera","431212","2021","0",,,,,,"0",,,,,,,,
"Rasquera","431212","2022","4","2","2",,"2",,"2",,,,"1",,"1",,
"Rasquera","431212","2023","2","1","1",,,,"2",,,,"2",,,,
"Regencós","171447","2011","1",,,"1","1",,"0",,,,,,,,
"Regencós","171447","2012","0",,,,,,"0",,,,,,,,
"Regencós","171447","2013","1",,,"1",,"1","0",,,,,,,,
"Regencós","171447","2014","2",,,"2",,"2","0",,,,,,,,
"Regencós","171447","2015","1",,"1",,,,"1",,,"1",,,,,
"Regencós","171447","2016","1",,,"1",,"1","0",,,,,,,,
"Regencós","171447","2017","0",,,,,,"0",,,,,,,,
"Regencós","171447","2018","0",,,,,,"0",,,,,,,,
"Regencós","171447","2019","0",,,,,,"0",,,,,,,,
"Regencós","171447","2020","0",,,,,,"0",,,,,,,,
"Regencós","171447","2021","0",,,,,,"0",,,,,,,,
"Regencós","171447","2023","3","3",,,,,"3",,,,,,"3",,
"Rellinars","081799","2011","1",,"1",,,,"1",,,,"1",,,,
"Rellinars","081799","2012","1",,"1",,,"1","0",,,,,,,,
"Rellinars","081799","2013","2","1","1",,,"1","1",,,"1",,,,,
"Rellinars","081799","2014","1",,"1",,,,"1",,,"1",,,,,
"Rellinars","081799","2015","1",,,"1","1",,"0",,,,,,,,
"Rellinars","081799","2016","3",,"1","2","2","1","0",,,,,,,,
"Rellinars","081799","2017","6",,"2","4","2","4","0",,,,,,,,
"Rellinars","081799","2018","0",,,,,,"0",,,,,,,,
"Rellinars","081799","2019","2",,,"2",,"2","0",,,,,,,,
"Rellinars","081799","2020","1",,,"1",,"1","0",,,,,,,,
"Rellinars","081799","2021","1",,,"1",,"1","0",,,,,,,,
"Rellinars","081799","2022","3","2",,"1",,"1","2","2",,,,,,,
"Rellinars","081799","2023","6","2","1","3","3",,"3","2",,,,,"1",,
"Renau","431227","2011","0",,,,,,"0",,,,,,,,
"Renau","431227","2012","1",,,"1",,"1","0",,,,,,,,
"Renau","431227","2013","0",,,,,,"0",,,,,,,,
"Renau","431227","2014","0",,,,,,"0",,,,,,,,
"Renau","431227","2015","0",,,,,,"0",,,,,,,,
"Renau","431227","2016","2",,,"2",,"2","0",,,,,,,,
"Renau","431227","2017","2",,,"2",,"2","0",,,,,,,,
"Renau","431227","2018","0",,,,,,"0",,,,,,,,
"Renau","431227","2019","2",,,"2","2",,"0",,,,,,,,
"Renau","431227","2020","0",,,,,,"0",,,,,,,,
"Renau","431227","2021","0",,,,,,"0",,,,,,,,
"Renau","431227","2022","3","3",,,,,"3",,,"3",,,,,
"Renau","431227","2023","1","1",,,,,"1",,,,,,"1",,
"Reus","431233","2011","1,810","660","555","595","363","312","1,088","47","201","39","321","49","415","58","5"
"Reus","431233","2012","1,508","534","493","481","295","264","928","21","145","25","299","44","369","43","3"
"Reus","431233","2013","1,068","331","352","385","220","226","618","4","93","30","188","21","263","23",
"Reus","431233","2014","1,042","292","368","382","201","210","626","5","70","36","213","27","243","36","1"
"Reus","431233","2015","934","347","327","260","138","156","638","2","61","41","281","18","203","33","1"
"Reus","431233","2016","869","315","317","237","136","128","604","1","63","46","214","14","229","38",
"Reus","431233","2017","947","358","281","308","180","127","639","1","77","41","183","25","275","37","1"
"Reus","431233","2018","1,147","450","375","322","180","130","819","18","86","51","297","35","306","38","6"
"Reus","431233","2019","1,451","646","457","348","174","153","1,116","8","59","41","493","27","435","55","6"
"Reus","431233","2020","934","411","307","216","92","109","662","71","36","27","247","13","309","28","2"
"Reus","431233","2021","1,259","548","437","274","112","122","748","277","99","33","341","17","216","39","3"
"Reus","431233","2022","1,436","768","464","204","75","109","1,252","76","68","74","495","41","450","44","4"
"Reus","431233","2023","1,783","886","611","286","114","117","1,552","37","93","78","464","40","791","44","5"
"Rialp","251832","2011","4",,"1","3",,"2","2",,,,,,,"2",
"Rialp","251832","2012","4","3","1",,,"1","3",,,,,,"3",,
"Rialp","251832","2013","2",,,"2","2",,"0",,,,,,,,
"Rialp","251832","2014","2",,,"2","2",,"0",,,,,,,,
"Rialp","251832","2015","0",,,,,,"0",,,,,,,,
"Rialp","251832","2016","0",,,,,,"0",,,,,,,,
"Rialp","251832","2017","1",,,"1","1",,"0",,,,,,,,
"Rialp","251832","2018","6",,"1","5","2","3","1",,,,"1",,,,
"Rialp","251832","2019","3",,,"3",,"3","0",,,,,,,,
"Rialp","251832","2020","3","1",,"2",,"2","1",,,,,,"1",,
"Rialp","251832","2021","0",,,,,,"0",,,,,,,,
"Rialp","251832","2022","1",,,"1","1",,,,,,,,,,
"Riba-roja d'Ebre","431251","2011","1",,,"1","1",,"0",,,,,,,,
"Riba-roja d'Ebre","431251","2012","0",,,,,,"0",,,,,,,,
"Riba-roja d'Ebre","431251","2013","0",,,,,,"0",,,,,,,,
"Riba-roja d'Ebre","431251","2014","5","4",,"1","1",,"4",,"4",,,,,,
"Riba-roja d'Ebre","431251","2015","1",,,"1",,"1","0",,,,,,,,
"Riba-roja d'Ebre","431251","2016","2",,,"2","1","1","0",,,,,,,,
"Riba-roja d'Ebre","431251","2017","2",,,"2","2",,"0",,,,,,,,
"Riba-roja d'Ebre","431251","2018","4",,"1","3","3",,"1",,"1",,,,,,
"Riba-roja d'Ebre","431251","2019","4",,"2","2","2",,"2",,"2",,,,,,
"Riba-roja d'Ebre","431251","2020","2","2",,,,,"2",,,,,,"2",,
"Riba-roja d'Ebre","431251","2021","1",,,"1",,,"1",,"1",,,,,,
"Riba-roja d'Ebre","431251","2022","7","1","3","3",,"1","6",,"4","1","1",,,,
"Riba-roja d'Ebre","431251","2023","7",,"5","2","3","1","3",,"3",,,,,,
"Ribera d'Urgellet","251850","2011","1",,,"1",,"1","0",,,,,,,,
"Ribera d'Urgellet","251850","2012","0",,,,,,"0",,,,,,,,
"Ribera d'Urgellet","251850","2013","1",,,"1","1",,"0",,,,,,,,
"Ribera d'Urgellet","251850","2014","1","1",,,,,"1",,,,,,"1",,
"Ribera d'Urgellet","251850","2015","0",,,,,,"0",,,,,,,,
"Ribera d'Urgellet","251850","2016","2",,,"2","1",,"1",,,,,,"1",,
"Ribera d'Urgellet","251850","2017","4",,,"4","1","1","2",,,"1",,,,,"1"
"Ribera d'Urgellet","251850","2018","2",,,"2","1",,"1",,,,,,,,"1"
"Ribera d'Urgellet","251850","2019","2",,,"2","2",,"0",,,,,,,,
"Ribera d'Urgellet","251850","2020","3",,,"3",,,"0","3",,,,,,,
"Ribera d'Urgellet","251850","2021","0",,,,,,"0",,,,,,,,
"Ribera d'Urgellet","251850","2022","1",,,"1","1",,,,,,,,,,
"Ribera d'Urgellet","251850","2023","4",,"2","2","2","1","1","1",,,,,,,
"Ribes de Freser","171450","2011","2",,,"2",,"2","0",,,,,,,,
"Ribes de Freser","171450","2012","1","1",,,,,"1",,,,,,"1",,
"Ribes de Freser","171450","2013","0",,,,,,"0",,,,,,,,
"Ribes de Freser","171450","2014","0",,,,,,"0",,,,,,,,
"Ribes de Freser","171450","2015","1",,"1",,,,"1",,"1",,,,,,
"Ribes de Freser","171450","2016","3","1","1","1","1",,"2",,"2",,,,,,
"Ribes de Freser","171450","2017","5",,"3","2","2",,"3",,"2",,,,"1",,
"Ribes de Freser","171450","2018","3","1","1","1","1",,"2",,"2",,,,,,
"Ribes de Freser","171450","2019","2","1","1",,,,"1","1",,,,,"1",,
"Ribes de Freser","171450","2020","7","1","6",,,,"7",,,,"1",,"6",,
"Ribes de Freser","171450","2021","23","7","14","2","1",,"20","2",,,"3",,"17",,
"Ribes de Freser","171450","2022","20","5","14","1","1","1","18",,,,"2","3","13",,
"Ribes de Freser","171450","2023","23","3","13","7","3","3","17",,,"1",,"6","6","1","3"
"Riells i Viabrea","171463","2011","41","3","14","24","17","9","13","2","2","3",,"3","5",,
"Riells i Viabrea","171463","2012","23","5","10","8","2","7","13","1","4","2",,"2","5",,
"Riells i Viabrea","171463","2013","23","6","8","9","4","10","9",,,"1",,"1","5","2",
"Riells i Viabrea","171463","2014","25","3","13","9","6","7","12",,,"2",,,"8","1","1"
"Riells i Viabrea","171463","2015","11",,"2","9","4","4","2","1",,"1",,,"1",,
"Riells i Viabrea","171463","2016","10","4","1","5","3","6","1",,,,,,"1",,
"Riells i Viabrea","171463","2017","14","1","4","9","6","7","1",,"1",,,,,,
"Riells i Viabrea","171463","2018","8","3","1","4","3","2","3",,,,,,"3",,
"Riells i Viabrea","171463","2019","16","3","2","11","8","3","5",,,,,,"3",,"2"
"Riells i Viabrea","171463","2020","6",,"3","3","1","3","2",,,"1",,,"1",,
"Riells i Viabrea","171463","2021","8","4","3","1",,"1","5","2",,,,,"5",,
"Riells i Viabrea","171463","2022","8","5","2","1","1",,"7",,,,,,"7",,
"Riells i Viabrea","171463","2023","3","1",,"2",,"1","2",,,,,,"2",,
"Riner","251863","2011","2",,,"2",,,"2",,,,,,"2",,
"Riner","251863","2012","0",,,,,,"0",,,,,,,,
"Riner","251863","2013","2","2",,,,,"2",,,,"2",,,,
"Riner","251863","2014","5","3",,"2",,,"5",,,,"1",,"4",,
"Riner","251863","2015","0",,,,,,"0",,,,,,,,
"Riner","251863","2016","0",,,,,,"0",,,,,,,,
"Riner","251863","2017","2","2",,,,,"2",,,,"1",,"1",,
"Riner","251863","2018","1",,"1",,,,"1",,,,"1",,,,
"Riner","251863","2019","0",,,,,,"0",,,,,,,,
"Riner","251863","2020","2","2",,,,,"2",,,,,,"2",,
"Riner","251863","2021","2","2",,,,,"2",,,,,,"2",,
"Ripoll","171479","2011","16","2",,"14","9","2","2","3",,,"1",,"1",,
"Ripoll","171479","2012","26","15","2","9","8","4","14",,"1",,"4",,"9",,
"Ripoll","171479","2013","8",,"3","5","5",,"3",,,,"1",,"2",,
"Ripoll","171479","2014","8","1","1","6","4","1","3",,,,"1",,"2",,
"Ripoll","171479","2015","12",,"2","10","7","3","2",,,,"1",,"1",,
"Ripoll","171479","2016","50","38","2","10","4","5","41",,"1","1","28",,"9","2",
"Ripoll","171479","2017","62","27","20","15","8","13","41",,"6","2","14",,"15","4",
"Ripoll","171479","2018","73","36","22","15","10","11","52",,"2","1","18",,"28","3",
"Ripoll","171479","2019","115","41","70","4","3","4","108",,"1","3","29","3","61","11",
"Ripoll","171479","2020","80","32","36","12","2","5","73",,"3","3","9",,"56","2",
"Ripoll","171479","2021","103","30","59","14","6","3","77","17","1","3","9",,"60","4",
"Ripoll","171479","2022","88","47","38","3","1","5","82","2","1","4","24","3","45","3",
"Ripoll","171479","2023","103","36","64","3","1","8","94",,"3","2","35",,"51","3",
"Ripollet","081803","2011","251","73","90","88","52","61","135","3","8","6","12","11","93","5",
"Ripollet","081803","2012","235","81","90","64","44","63","127","1","8","3","15",,"91","10",
"Ripollet","081803","2013","229","52","107","70","55","67","107",,"9","3","13","4","76","2",
"Ripollet","081803","2014","135","44","25","66","39","24","71","1","6","1","7","7","47","3",
"Ripollet","081803","2015","149","58","43","48","28","26","94","1","13","3","14","8","53","3",
"Ripollet","081803","2016","254","97","92","65","60","47","145","2","16","9","26","7","80","7",
"Ripollet","081803","2017","251","132","50","69","44","43","164",,"11","10","38","10","86","9",
"Ripollet","081803","2018","235","129","73","33","33","25","177",,"2","4","22","5","131","13",
"Ripollet","081803","2019","310","139","120","51","49","33","228",,"8","5","28","5","161","21",
"Ripollet","081803","2020","211","89","95","27","18","31","157","5","2","1","18","5","127","4",
"Ripollet","081803","2021","253","118","89","46","19","25","162","47","2","3","28","5","117","7",
"Ripollet","081803","2022","324","162","119","43","20","31","273","19","12","6","48","9","170","9",
"Ripollet","081803","2023","361","160","134","67","41","33","287","7","10","13","21","3","220","13",
"Riu de Cerdanya","259139","2011","0",,,,,,"0",,,,,,,,
"Riu de Cerdanya","259139","2012","0",,,,,,"0",,,,,,,,
"Riu de Cerdanya","259139","2013","0",,,,,,"0",,,,,,,,
"Riu de Cerdanya","259139","2014","0",,,,,,"0",,,,,,,,
"Riu de Cerdanya","259139","2015","0",,,,,,"0",,,,,,,,
"Riu de Cerdanya","259139","2016","0",,,,,,"0",,,,,,,,
"Riu de Cerdanya","259139","2017","2","2",,,,"2","0",,,,,,,,
"Riu de Cerdanya","259139","2018","2",,"2",,,"2","0",,,,,,,,
"Riu de Cerdanya","259139","2019","0",,,,,,"0",,,,,,,,
"Riu de Cerdanya","259139","2020","0",,,,,,"0",,,,,,,,
"Riu de Cerdanya","259139","2021","0",,,,,,"0",,,,,,,,
"Riudarenes","171485","2011","4","3","1",,,,"4",,"2",,"1",,"1",,
"Riudarenes","171485","2012","8","2","5","1",,"2","6",,"2",,"2",,"2",,
"Riudarenes","171485","2013","8","6","2",,,"5","3",,,"2",,,"1",,
"Riudarenes","171485","2014","3","2","1",,,"1","2",,,"2",,,,,
"Riudarenes","171485","2015","3",,"2","1","1",,"2",,,"2",,,,,
"Riudarenes","171485","2016","6","5","1",,,,"6",,"2",,,,"4",,
"Riudarenes","171485","2017","8","2","6",,,,"8",,"3",,,,"5",,
"Riudarenes","171485","2018","10","5","5",,,"3","7",,,,,,"7",,
"Riudarenes","171485","2019","12","3","8","1","2","2","8",,,,,,"8",,
"Riudarenes","171485","2020","5",,"2","3","1","1","3",,,,,,"3",,
"Riudarenes","171485","2021","6","3","2","1",,,"4","2",,,"1",,"3",,
"Riudarenes","171485","2022","6","2",,"4",,,"6","2",,,,,"4",,
"Riudarenes","171485","2023","5","1","3","1",,,"5",,,,,,"5",,
"Riudaura","171498","2011","0",,,,,,"0",,,,,,,,
"Riudaura","171498","2012","2",,,"2","2",,"0",,,,,,,,
"Riudaura","171498","2013","3",,,"3","2",,"1",,,,"1",,,,
"Riudaura","171498","2014","3","1",,"2","2",,"1",,"1",,,,,,
"Riudaura","171498","2015","0",,,,,,"0",,,,,,,,
"Riudaura","171498","2016","0",,,,,,"0",,,,,,,,
"Riudaura","171498","2017","1",,,"1","1",,"0",,,,,,,,
"Riudaura","171498","2018","1",,,"1","1",,"0",,,,,,,,
"Riudaura","171498","2019","0",,,,,,"0",,,,,,,,
"Riudaura","171498","2020","1",,,"1",,,"1",,,,"1",,,,
"Riudaura","171498","2021","0",,,,,,"0",,,,,,,,
"Riudecanyes","431270","2011","14","4","7","3","3",,"11",,"9",,"1",,"1",,
"Riudecanyes","431270","2012","5",,"2","3","2",,"3",,"3",,,,,,
"Riudecanyes","431270","2013","4",,,"4","3",,"1",,"1",,,,,,
"Riudecanyes","431270","2014","3",,"2","1","1",,"2",,"2",,,,,,
"Riudecanyes","431270","2015","2",,,"2","2",,"0",,,,,,,,
"Riudecanyes","431270","2016","9","1","2","6","5",,"4",,"4",,,,,,
"Riudecanyes","431270","2017","3","1",,"2","1",,"2",,"2",,,,,,
"Riudecanyes","431270","2018","1",,"1",,,,"1",,"1",,,,,,
"Riudecanyes","431270","2019","3",,"2","1","1",,"2",,"2",,,,,,
"Riudecanyes","431270","2020","4",,"1","3","3",,"1",,"1",,,,,,
"Riudecanyes","431270","2021","5",,,"5","4",,"0","1",,,,,,,
"Riudecanyes","431270","2022","4",,,"4","2",,"2",,"1","1",,,,,
"Riudecanyes","431270","2023","6","1","2","3",,,"6",,,"3","3",,,,
"Riudecols","431286","2011","6","4","1","1",,"2","4",,"1",,"3",,,,
"Riudecols","431286","2012","3",,"1","2","1","2","0",,,,,,,,
"Riudecols","431286","2013","4","2","2",,,"2","2",,,,,,"2",,
"Riudecols","431286","2014","2",,,"2","2",,"0",,,,,,,,
"Riudecols","431286","2015","2",,,"2","2",,"0",,,,,,,,
"Riudecols","431286","2016","4","1","1","2","2",,"2",,"2",,,,,,
"Riudecols","431286","2017","2",,"2",,,,"2",,"2",,,,,,
"Riudecols","431286","2018","5","2","1","2","1","2","2",,,,"2",,,,
"Riudecols","431286","2019","5",,"1","4","1","3","1",,"1",,,,,,
"Riudecols","431286","2020","8","4",,"4","2","2","3","1",,,"2",,"1",,
"Riudecols","431286","2021","3","2",,"1","1",,"2",,,,,,"2",,
"Riudecols","431286","2023","3","2","1",,,,"3",,,,,,"3",,
"Riudellots de la Selva","171501","2011","26","16","8","2","2","1","22","1","9","5",,"1","7",,
"Riudellots de la Selva","171501","2012","15",,"14","1","1","2","12",,"3","2",,"1","6",,
"Riudellots de la Selva","171501","2013","2","1",,"1",,"1","1",,,,,,"1",,
"Riudellots de la Selva","171501","2014","3",,"1","2","1","1","1",,,,,"1",,,
"Riudellots de la Selva","171501","2015","4","4",,,,,"4",,"1",,,,"3",,
"Riudellots de la Selva","171501","2016","15","13","1","1","1",,"14",,"4",,"1","1","5","3",
"Riudellots de la Selva","171501","2017","19",,"17","2","2","1","16",,"2","1","1","2","10",,
"Riudellots de la Selva","171501","2018","16","11","2","3","3",,"13",,"1","4","1",,"7",,
"Riudellots de la Selva","171501","2019","34","8","23","3","2","1","31",,"4","6","3","1","17",,
"Riudellots de la Selva","171501","2020","13",,"8","5","2","2","9",,,"3","1",,"5",,
"Riudellots de la Selva","171501","2021","10",,"8","2",,,"7","3","3","2",,,"2",,
"Riudellots de la Selva","171501","2022","8","3","5",,,,"8","1","1","1","1",,"4",,
"Riudellots de la Selva","171501","2023","2",,"1","1",,,"2",,,,"1",,"1",,
"Riudoms","431299","2011","40","9","6","25","10","13","12","5","4",,"4",,"4",,
"Riudoms","431299","2012","28","7","8","13","5","11","11","1","4",,"4",,"3",,
"Riudoms","431299","2013","16","4","4","8","5","4","7",,"1",,"2",,"3",,"1"
"Riudoms","431299","2014","27","7","10","10","8","7","12",,,,"8",,"4",,
"Riudoms","431299","2015","18","6","7","5","4","2","12",,"4",,"5",,"3",,
"Riudoms","431299","2016","15","6","2","7","7",,"8",,"2","1","5",,,,
"Riudoms","431299","2017","23","9","6","8","7","2","14",,,"3","7","1","3",,
"Riudoms","431299","2018","26","9","9","8","7","3","16",,"2","2","9","3",,,
"Riudoms","431299","2019","27","8","6","13","9",,"18",,"3","4","5",,"6",,
"Riudoms","431299","2020","13","2","9","2","1",,"12",,"2","1","2",,"3",,"4"
"Riudoms","431299","2021","19","5","6","8","2",,"10","7","1","3","1",,"5",,
"Riudoms","431299","2022","9","6","1","2","1",,"8","1",,"2",,,"5",,
"Riudoms","431299","2023","17","7","5","5","5","3","9","1",,,,,"8",,
"Riumors","171518","2011","2","1","1",,,,"1","1",,,"1",,,,
"Riumors","171518","2012","0",,,,,,"0",,,,,,,,
"Riumors","171518","2013","0",,,,,,"0",,,,,,,,
"Riumors","171518","2014","0",,,,,,"0",,,,,,,,
"Riumors","171518","2015","1","1",,,"1",,"0",,,,,,,,
"Riumors","171518","2016","1","1",,,"1",,"0",,,,,,,,
"Riumors","171518","2017","0",,,,,,"0",,,,,,,,
"Riumors","171518","2018","1","1",,,,,"1",,"1",,,,,,
"Riumors","171518","2019","1","1",,,,,"1",,,,,,"1",,
"Riumors","171518","2020","1",,"1",,,,"1",,,,,,"1",,
"Riumors","171518","2021","0",,,,,,"0",,,,,,,,
"Rocafort de Queralt","431303","2011","0",,,,,,"0",,,,,,,,
"Rocafort de Queralt","431303","2012","0",,,,,,"0",,,,,,,,
"Rocafort de Queralt","431303","2013","2","1",,"1","1",,"1",,,,,,"1",,
"Rocafort de Queralt","431303","2014","0",,,,,,"0",,,,,,,,
"Rocafort de Queralt","431303","2015","0",,,,,,"0",,,,,,,,
"Rocafort de Queralt","431303","2016","0",,,,,,"0",,,,,,,,
"Rocafort de Queralt","431303","2017","0",,,,,,"0",,,,,,,,
"Rocafort de Queralt","431303","2018","0",,,,,,"0",,,,,,,,
"Rocafort de Queralt","431303","2019","0",,,,,,"0",,,,,,,,
"Rocafort de Queralt","431303","2020","0",,,,,,"0",,,,,,,,
"Rocafort de Queralt","431303","2021","0",,,,,,"0",,,,,,,,
"Rocafort de Queralt","431303","2023","2","1","1",,,"2",,,,,,,,,
"Roda de Berà","431310","2011","25","3","6","16","2","8","14","1","7",,,,"7",,
"Roda de Berà","431310","2012","19","3","3","13","8","8","3",,,,,,"3",,
"Roda de Berà","431310","2013","15","4","5","6","6","4","5",,"3",,,,"2",,
"Roda de Berà","431310","2014","9",,"6","3","3","5","1",,"1",,,,,,
"Roda de Berà","431310","2015","10",,"5","5","7","3","0",,,,,,,,
"Roda de Berà","431310","2016","15","1","2","12","8","2","5",,"2",,,"3",,,
"Roda de Berà","431310","2017","6",,"2","4","5",,"1",,,,,,"1",,
"Roda de Berà","431310","2018","13","3","4","6","6","3","4",,,,,,"2","2",
"Roda de Berà","431310","2019","33","2","15","16","12","2","19",,,,"1",,"14","4",
"Roda de Berà","431310","2020","10","1","2","7","4",,"5","1",,,"1",,"2","2",
"Roda de Berà","431310","2021","17","5","5","7","3",,"2","12",,,,,,"2",
"Roda de Berà","431310","2022","11","3","2","6","4",,"7","3",,,"1",,"3",,
"Roda de Berà","431310","2023","31","7","11","13","11","7","13",,"2","3","3",,"4","1",
"Roda de Ter","081831","2011","29","4","12","13","7","2","20",,"1",,"12",,"6","1",
"Roda de Ter","081831","2012","16","1","4","11","6","3","7",,,,"3",,"4",,
"Roda de Ter","081831","2013","7","3",,"4","4",,"3",,,,"2",,,"1",
"Roda de Ter","081831","2014","9","3","1","5","5",,"4",,,,"1",,"1","2",
"Roda de Ter","081831","2015","9","4","1","4","4","1","4",,,,"1",,"1","2",
"Roda de Ter","081831","2016","8","4","3","1","1",,"7",,,,"6",,"1",,
"Roda de Ter","081831","2017","14","6","5","3",,"1","13",,"1",,"8",,"4",,
"Roda de Ter","081831","2018","12","2","7","3",,,"12",,"1",,"5",,"6",,
"Roda de Ter","081831","2019","31","18","10","3","1",,"30",,"1","1","9","1","14","4",
"Roda de Ter","081831","2020","9","4","5",,,"1","8",,,,,,"5","3",
"Roda de Ter","081831","2021","27","19","6","2",,,"21","6",,,"5",,"6","10",
"Roda de Ter","081831","2022","29","23","2","4","1","2","26","1",,"4","5",,"11","5",
"Roda de Ter","081831","2023","27","10","12","5","2","3","22",,,"5","7","2","7","1",
"Rodonyà","431325","2011","2",,,"2","2",,"0",,,,,,,,
"Rodonyà","431325","2012","2",,,"2","2",,"0",,,,,,,,
"Rodonyà","431325","2013","3","1","1","1",,"1","2",,,"1","1",,,,
"Rodonyà","431325","2014","4",,,"4","4",,"0",,,,,,,,
"Rodonyà","431325","2015","0",,,,,,"0",,,,,,,,
"Rodonyà","431325","2016","1",,,"1","1",,"0",,,,,,,,
"Rodonyà","431325","2017","1",,,"1","1",,"0",,,,,,,,
"Rodonyà","431325","2018","0",,,,,,"0",,,,,,,,
"Rodonyà","431325","2019","5","2","1","2","1","1","3",,,,"1",,"2",,
"Rodonyà","431325","2020","4","1","1","2","2",,"2",,,,"1",,"1",,
"Rodonyà","431325","2021","3","1","2",,,,"3",,,,,,"3",,
"Rodonyà","431325","2022","1",,"1",,,,"1",,,,,,"1",,
"Roquetes","431331","2011","190","128","31","31","19","9","161","1","11","7","123","4","8","8",
"Roquetes","431331","2012","228","200","18","10","8","3","217",,"18","7","164","2","18","8",
"Roquetes","431331","2013","85","72","6","7","5",,"80",,"9","7","43","9","4","8",
"Roquetes","431331","2014","98","81","6","11","8",,"90",,"2","5","68","7","5","3",
"Roquetes","431331","2015","81","68","2","11","9",,"72",,"2","1","55","3","5","6",
"Roquetes","431331","2016","56","40","1","15","9","3","44",,"5","1","31","3","3","1",
"Roquetes","431331","2017","52","38","6","8","6","2","44",,"3","1","28","2","7","3",
"Roquetes","431331","2018","60","45","12","3","3",,"57",,"6",,"38","3","10",,
"Roquetes","431331","2019","83","53","13","17","10","2","71",,"4",,"53","4","10",,
"Roquetes","431331","2020","41","14","13","14","5","5","29","2","3","2","15","2","7",,
"Roquetes","431331","2021","38","20","11","7","1","3","14","20","5",,"6","3",,,
"Roquetes","431331","2022","41","34","2","5",,"1","40","5","2","2","17","10","3","1",
"Roquetes","431331","2023","49","37","6","6","4","5","40",,,"4","21","12","3",,
"Roses","171523","2011","510","262","158","90","49","59","385","17","60","13","217","11","70","6","8"
"Roses","171523","2012","448","228","162","58","26","52","366","4","59","19","197","5","68","14","4"
"Roses","171523","2013","346","165","152","29","11","62","268","5","50","19","136","5","43","13","2"
"Roses","171523","2014","279","133","94","52","15","26","234","4","46","9","128","5","28","13","5"
"Roses","171523","2015","221","133","56","32","14","19","188",,"39","10","107","5","21","4","2"
"Roses","171523","2016","270","159","66","45","22","31","217",,"45","5","140","2","22","1","2"
"Roses","171523","2017","280","170","87","23","25","9","246",,"45","19","134","2","38","7","1"
"Roses","171523","2018","303","122","123","58","34","15","254",,"48","20","121","1","60","4",
"Roses","171523","2019","346","161","156","29","12","17","317",,"72","19","132","3","81","10",
"Roses","171523","2020","208","59","121","28","5","9","180","14","46","13","70",,"47","4",
"Roses","171523","2021","169","58","83","28","9","11","93","56","19","6","30",,"37","1",
"Roses","171523","2022","210","117","73","20","10","10","190","12","18","49","49","4","50","7","1"
"Roses","171523","2023","312","164","116","32","7","14","291","2","41","56","62","3","108","15","4"
"Rosselló","251898","2011","61","31","27","3","1","6","54",,"3",,"6","42","3",,
"Rosselló","251898","2012","33",,"29","4","2","1","29","1","3",,"1","22","3",,
"Rosselló","251898","2013","7","1","4","2","2","2","3",,,,,"3",,,
"Rosselló","251898","2014","7","3","1","3","3","1","3",,,"1",,"2",,,
"Rosselló","251898","2015","16","5","6","5","4","4","8",,"2","1",,"4","1",,
"Rosselló","251898","2016","9","2","6","1",,"3","6",,,,,,"6",,
"Rosselló","251898","2017","4","2",,"2",,"2","2",,,,"2",,,,
"Rosselló","251898","2018","4","1","1","2","3",,"1",,,"1",,,,,
"Rosselló","251898","2019","3","1","2",,,,"1","2","1",,,,,,
"Rosselló","251898","2020","1",,"1",,,,"0","1",,,,,,,
"Rosselló","251898","2021","2","1","1",,,"1","1",,,"1",,,,,
"Rosselló","251898","2022","4","2","1","1",,,"4",,,"1",,,"3",,
"Rosselló","251898","2023","13","4","7","2",,"5","8",,,"3",,"1","4",,
"Rubí","081846","2011","818","157","323","338","209","168","421","20","33","8","54","13","305","8",
"Rubí","081846","2012","971","223","392","356","226","177","566","2","42","12","79","19","400","13","1"
"Rubí","081846","2013","714","160","321","233","151","150","412","1","29","6","67","11","288","11",
"Rubí","081846","2014","594","143","282","169","119","141","334",,"28","10","52","14","218","12",
"Rubí","081846","2015","579","167","242","170","117","117","345",,"30","11","52","15","224","12","1"
"Rubí","081846","2016","571","161","270","140","87","103","380","1","25","11","63","6","262","12","1"
"Rubí","081846","2017","456","161","183","112","74","75","307",,"18","12","38","8","217","13","1"
"Rubí","081846","2018","878","262","362","254","171","117","589","1","36","19","78","9","409","37","1"
"Rubí","081846","2019","630","229","244","157","102","57","471",,"20","11","46","6","362","25","1"
"Rubí","081846","2020","454","214","169","71","39","37","360","18","17","10","37","4","275","17",
"Rubí","081846","2021","624","275","272","77","50","33","462","79","18","10","33","3","378","20",
"Rubí","081846","2022","784","411","286","87","48","28","708","122","10","5","87","14","458","11","1"
"Rubí","081846","2023","807","355","374","78","41","46","720","18","10","4","62","7","606","13",
"Rubió","081859","2011","1",,"1",,,,"1",,,,,,"1",,
"Rubió","081859","2012","2",,"1","1",,,"2",,,,,,"2",,
"Rubió","081859","2013","0",,,,,,"0",,,,,,,,
"Rubió","081859","2014","0",,,,,,"0",,,,,,,,
"Rubió","081859","2015","2",,,"2","2",,"0",,,,,,,,
"Rubió","081859","2016","1",,,"1","1",,"0",,,,,,,,
"Rubió","081859","2017","0",,,,,,"0",,,,,,,,
"Rubió","081859","2018","0",,,,,,"0",,,,,,,,
"Rubió","081859","2019","0",,,,,,"0",,,,,,,,
"Rubió","081859","2020","0",,,,,,"0",,,,,,,,
"Rubió","081859","2021","1","1",,,,,"0","1",,,,,,,
"Rupià","171539","2011","5","2","1","2",,,"5",,"4",,,,,"1",
"Rupià","171539","2012","5",,"2","3","2",,"3",,"3",,,,,,
"Rupià","171539","2013","1","1",,,,,"1",,"1",,,,,,
"Rupià","171539","2014","3",,"1","2","2",,"1",,"1",,,,,,
"Rupià","171539","2015","2",,,"2","2",,"0",,,,,,,,
"Rupià","171539","2016","1",,,"1","1",,"0",,,,,,,,
"Rupià","171539","2017","0",,,,,,"0",,,,,,,,
"Rupià","171539","2018","3",,,"3","1","2","0",,,,,,,,
"Rupià","171539","2019","6","1","1","4",,"4","2",,,"2",,,,,
"Rupià","171539","2020","3",,"1","2",,"2","1",,,"1",,,,,
"Rupià","171539","2021","0",,,,,,"0",,,,,,,,
"Rupit i Pruit","089019","2011","1",,,"1",,,"1",,,,"1",,,,
"Rupit i Pruit","089019","2012","1",,,"1",,,"1",,,,"1",,,,
"Rupit i Pruit","089019","2013","0",,,,,,"0",,,,,,,,
"Rupit i Pruit","089019","2014","0",,,,,,"0",,,,,,,,
"Rupit i Pruit","089019","2015","0",,,,,,"0",,,,,,,,
"Rupit i Pruit","089019","2016","1","1",,,,,"1",,"1",,,,,,
"Rupit i Pruit","089019","2017","0",,,,,,"0",,,,,,,,
"Rupit i Pruit","089019","2018","0",,,,,,"0",,,,,,,,
"Rupit i Pruit","089019","2019","0",,,,,,"0",,,,,,,,
"Rupit i Pruit","089019","2020","0",,,,,,"0",,,,,,,,
"Rupit i Pruit","089019","2021","6","2","4",,,,"0","6",,,,,,,
"Sabadell","081878","2011","1,633","389","591","653","432","299","862","40","63","23","76","98","582","17","3"
"Sabadell","081878","2012","1,961","695","661","605","422","367","1,156","16","67","46","125","110","738","58","12"
"Sabadell","081878","2013","1,621","512","601","508","355","286","967","13","48","35","87","68","691","34","4"
"Sabadell","081878","2014","1,278","460","392","426","293","197","776","12","53","32","105","60","490","36",
"Sabadell","081878","2015","1,212","424","409","379","243","172","789","8","50","49","83","33","538","34","2"
"Sabadell","081878","2016","1,294","507","397","390","265","183","831","15","59","36","76","42","569","42","7"
"Sabadell","081878","2017","1,367","526","454","387","251","190","913","13","41","43","73","32","661","55","8"
"Sabadell","081878","2018","1,837","693","672","472","290","230","1,307","9","61","35","176","59","926","42","8"
"Sabadell","081878","2019","1,561","612","606","343","202","164","1,194","1","57","40","153","52","823","66","3"
"Sabadell","081878","2020","1,250","509","421","320","177","137","818","118","36","41","109","31","567","32","2"
"Sabadell","081878","2021","1,698","810","550","338","144","109","847","598","45","27","93","18","623","28","13"
"Sabadell","081878","2022","1,953","1,044","655","254","83","105","1,765","532","24","25","160","46","934","38","6"
"Sabadell","081878","2023","2,267","1,023","943","301","167","134","1,966","165","42","59","150","44","1,453","47","6"
"Sagàs","081884","2011","1",,,"1","1",,"0",,,,,,,,
"Sagàs","081884","2012","0",,,,,,"0",,,,,,,,
"Sagàs","081884","2013","0",,,,,,"0",,,,,,,,
"Sagàs","081884","2014","0",,,,,,"0",,,,,,,,
"Sagàs","081884","2015","0",,,,,,"0",,,,,,,,
"Sagàs","081884","2016","0",,,,,,"0",,,,,,,,
"Sagàs","081884","2017","0",,,,,,"0",,,,,,,,
"Sagàs","081884","2018","0",,,,,,"0",,,,,,,,
"Sagàs","081884","2019","0",,,,,,"0",,,,,,,,
"Sagàs","081884","2020","0",,,,,,"0",,,,,,,,
"Sagàs","081884","2021","0",,,,,,"0",,,,,,,,
"Salàs de Pallars","251902","2011","2",,"2",,,,"2",,"2",,,,,,
"Salàs de Pallars","251902","2012","2","2",,,,,"2",,"2",,,,,,
"Salàs de Pallars","251902","2013","0",,,,,,"0",,,,,,,,
"Salàs de Pallars","251902","2014","0",,,,,,"0",,,,,,,,
"Salàs de Pallars","251902","2015","0",,,,,,"0",,,,,,,,
"Salàs de Pallars","251902","2016","1",,,"1","1",,"0",,,,,,,,
"Salàs de Pallars","251902","2017","3",,,"3","3",,"0",,,,,,,,
"Salàs de Pallars","251902","2018","5","1","3","1","1",,"4",,"2",,,,"2",,
"Salàs de Pallars","251902","2019","0",,,,,,"0",,,,,,,,
"Salàs de Pallars","251902","2020","0",,,,,,"0",,,,,,,,
"Salàs de Pallars","251902","2021","0",,,,,,"0",,,,,,,,
"Salàs de Pallars","251902","2022","4",,,"4",,,"4","1",,,,,"3",,
"Saldes","081901","2011","0",,,,,,"0",,,,,,,,
"Saldes","081901","2012","0",,,,,,"0",,,,,,,,
"Saldes","081901","2013","0",,,,,,"0",,,,,,,,
"Saldes","081901","2014","0",,,,,,"0",,,,,,,,
"Saldes","081901","2015","0",,,,,,"0",,,,,,,,
"Saldes","081901","2016","0",,,,,,"0",,,,,,,,
"Saldes","081901","2017","0",,,,,,"0",,,,,,,,
"Saldes","081901","2018","0",,,,,,"0",,,,,,,,
"Saldes","081901","2019","1","1",,,,,"1",,,,,,"1",,
"Saldes","081901","2020","2",,"2",,,,"2",,,,,,"2",,
"Saldes","081901","2021","0",,,,,,"0",,,,,,,,
"Saldes","081901","2023","2",,"1","1",,,"2",,,,,,"2",,
"Sales de Llierca","171544","2011","2","1",,"1",,,"2",,"2",,,,,,
"Sales de Llierca","171544","2012","0",,,,,,"0",,,,,,,,
"Sales de Llierca","171544","2013","0",,,,,,"0",,,,,,,,
"Sales de Llierca","171544","2014","1",,"1",,,,"1",,"1",,,,,,
"Sales de Llierca","171544","2015","2",,"2",,,,"2",,"1",,,"1",,,
"Sales de Llierca","171544","2016","1",,"1",,,,"1",,"1",,,,,,
"Sales de Llierca","171544","2017","0",,,,,,"0",,,,,,,,
"Sales de Llierca","171544","2018","0",,,,,,"0",,,,,,,,
"Sales de Llierca","171544","2019","3",,"3",,,,"3",,"2",,,,"1",,
"Sales de Llierca","171544","2020","2",,"2",,,,"2",,"2",,,,,,
"Sales de Llierca","171544","2021","0",,,,,,"0",,,,,,,,
"Sallent","081918","2011","22","1","5","16","10","3","8","1","3","1",,,"4",,
"Sallent","081918","2012","21","1",,"20","17","1","2","1","1",,,,"1",,
"Sallent","081918","2013","12","2",,"10","7","1","4",,,,,"2","2",,
"Sallent","081918","2014","5",,"3","2",,"2","3",,,,,"1","2",,
"Sallent","081918","2015","4","2","1","1",,"1","3",,,,,,"2","1",
"Sallent","081918","2016","0",,,,,,"0",,,,,,,,
"Sallent","081918","2017","2","1","1",,,,"2",,,"1","1",,,,
"Sallent","081918","2018","6","3","1","2","2",,"4",,"1",,"1","1","1",,
"Sallent","081918","2019","46","23","22","1",,,"44","2","2","3","22","2","8","7",
"Sallent","081918","2020","4","1","2","1",,,"4",,"3",,,,"1",,
"Sallent","081918","2021","13","6","4","3",,,"9","4","2",,"4",,"3",,
"Sallent","081918","2022","7","2","2","3","1",,"6",,,,"1",,"5",,
"Sallent","081918","2023","16","2","6","8","8",,"8",,,,"1",,"5","2",
"Salomó","431359","2011","2","2",,,,,"2",,,,"2",,,,
"Salomó","431359","2012","0",,,,,,"0",,,,,,,,
"Salomó","431359","2013","0",,,,,,"0",,,,,,,,
"Salomó","431359","2014","0",,,,,,"0",,,,,,,,
"Salomó","431359","2015","0",,,,,,"0",,,,,,,,
"Salomó","431359","2016","0",,,,,,"0",,,,,,,,
"Salomó","431359","2017","0",,,,,,"0",,,,,,,,
"Salomó","431359","2018","0",,,,,,"0",,,,,,,,
"Salomó","431359","2019","1","1",,,,,"1",,"1",,,,,,
"Salomó","431359","2020","1",,"1",,,,"1",,"1",,,,,,
"Salomó","431359","2021","4",,"4",,,,"1","3","1",,,,,,
"Salomó","431359","2022","3",,"3",,,,"3","1","2",,,,,,
"Salomó","431359","2023","4","1","2","1",,"1","3",,"3",,,,,,
"Salou","439057","2011","118","19","42","57","17","36","61","4","8","4","4","9","32","4",
"Salou","439057","2012","326","209","56","61","22","65","236","3","19","20","16","50","66","65",
"Salou","439057","2013","499","298","125","76","25","106","368",,"23","26","30","108","98","82","1"
"Salou","439057","2014","322","204","75","43","8","70","244",,"21","26","16","64","65","51","1"
"Salou","439057","2015","313","188","60","65","14","64","235",,"29","50","10","40","53","52","1"
"Salou","439057","2016","297","145","112","40","9","55","231","2","26","62","9","25","57","49","3"
"Salou","439057","2017","274","116","86","72","31","50","193",,"25","39","9","11","76","32","1"
"Salou","439057","2018","321","155","100","66","26","77","217","1","33","35","9","13","84","42","1"
"Salou","439057","2019","367","197","90","80","39","56","269","3","27","37","20","19","113","53",
"Salou","439057","2020","229","101","72","56","20","26","157","26","9","23","4","15","76","30",
"Salou","439057","2021","245","79","95","71","14","27","106","98","10","19","8","3","53","10","3"
"Salou","439057","2022","206","104","63","39","4","17","185","22","14","26","6","4","106","7",
"Salou","439057","2023","424","226","140","58","21","38","365","11","26","70","8","6","224","20",
"Salt","171557","2011","774","262","376","136","69","49","651","5","36","10","188","184","194","39",
"Salt","171557","2012","950","448","357","145","63","55","832",,"52","7","193","276","226","78",
"Salt","171557","2013","741","263","342","136","68","52","621",,"44","15","121","165","242","34",
"Salt","171557","2014","576","236","226","114","57","32","487",,"38","12","123","108","176","30",
"Salt","171557","2015","537","233","214","90","30","15","492",,"29","15","145","95","168","40",
"Salt","171557","2016","481","194","223","64","19","15","447",,"18","12","139","106","148","24",
"Salt","171557","2017","505","190","258","57","19","14","472",,"11","13","92","96","214","46",
"Salt","171557","2018","570","214","303","53","19","15","536",,"23","22","137","109","213","32",
"Salt","171557","2019","652","270","313","69","26","18","607","1","24","17","184","102","244","36",
"Salt","171557","2020","334","104","190","40","21","9","288","16","9","8","74","56","132","9",
"Salt","171557","2021","365","140","201","24","10","8","269","78","11","6","58","53","126","13","2"
"Salt","171557","2022","311","136","141","34","13","8","290","21","3","10","54","56","132","12","2"
"Salt","171557","2023","528","224","249","55","24","14","490","5","2","6","142","74","221","33","7"
"Sanaüja","251919","2011","1",,"1",,,,"1",,"1",,,,,,
"Sanaüja","251919","2012","2",,"2",,,,"2",,"2",,,,,,
"Sanaüja","251919","2013","0",,,,,,"0",,,,,,,,
"Sanaüja","251919","2014","0",,,,,,"0",,,,,,,,
"Sanaüja","251919","2015","0",,,,,,"0",,,,,,,,
"Sanaüja","251919","2016","0",,,,,,"0",,,,,,,,
"Sanaüja","251919","2017","0",,,,,,"0",,,,,,,,
"Sanaüja","251919","2018","0",,,,,,"0",,,,,,,,
"Sanaüja","251919","2019","0",,,,,,"0",,,,,,,,
"Sanaüja","251919","2020","1",,,"1","1",,"0",,,,,,,,
"Sanaüja","251919","2021","0",,,,,,"0",,,,,,,,
"Sant Adrià de Besòs","081944","2011","359","103","117","139","117","66","173","3","16","9","17","6","112","12","1"
"Sant Adrià de Besòs","081944","2012","400","147","111","142","97","74","228","1","6","4","26","7","134","51",
"Sant Adrià de Besòs","081944","2013","391","143","134","114","97","64","229","1","9","3","23","2","131","61",
"Sant Adrià de Besòs","081944","2014","269","96","91","82","80","46","142","1","5","1","15","4","96","21",
"Sant Adrià de Besòs","081944","2015","309","118","98","93","62","64","183",,"13","7","16","4","110","33",
"Sant Adrià de Besòs","081944","2016","306","106","133","67","51","63","191","1","20","13","15","2","99","42",
"Sant Adrià de Besòs","081944","2017","323","162","112","49","34","48","241",,"10","11","12","4","164","39","1"
"Sant Adrià de Besòs","081944","2018","357","170","140","47","41","30","286",,"5","17","26","8","181","49",
"Sant Adrià de Besòs","081944","2019","353","182","127","44","42","30","281",,"6","4","20",,"206","44","1"
"Sant Adrià de Besòs","081944","2020","190","94","58","38","20","18","143","9","2","9","9","3","100","19","1"
"Sant Adrià de Besòs","081944","2021","210","80","89","41","15","5","134","56","1","4","5","3","108","10","3"
"Sant Adrià de Besòs","081944","2022","248","129","71","48","20","13","215","18","2","4","11","4","153","19","4"
"Sant Adrià de Besòs","081944","2023","353","198","99","56","24","18","311","8","5","10","9","4","239","35","1"
"Sant Agustí de Lluçanès","081957","2011","0",,,,,,"0",,,,,,,,
"Sant Agustí de Lluçanès","081957","2012","0",,,,,,"0",,,,,,,,
"Sant Agustí de Lluçanès","081957","2013","0",,,,,,"0",,,,,,,,
"Sant Agustí de Lluçanès","081957","2014","0",,,,,,"0",,,,,,,,
"Sant Agustí de Lluçanès","081957","2015","1","1",,,,,"1",,,,,,"1",,
"Sant Agustí de Lluçanès","081957","2016","0",,,,,,"0",,,,,,,,
"Sant Agustí de Lluçanès","081957","2017","0",,,,,,"0",,,,,,,,
"Sant Agustí de Lluçanès","081957","2018","0",,,,,,"0",,,,,,,,
"Sant Agustí de Lluçanès","081957","2019","0",,,,,,"0",,,,,,,,
"Sant Agustí de Lluçanès","081957","2020","0",,,,,,"0",,,,,,,,
"Sant Agustí de Lluçanès","081957","2021","0",,,,,,"0",,,,,,,,
"Sant Andreu de la Barca","081960","2011","435","231","144","60","43","97","275","20","13","2","91","24","107","36","2"
"Sant Andreu de la Barca","081960","2012","316","155","128","33","50","69","192","5","17","1","49","16","90","19",
"Sant Andreu de la Barca","081960","2013","311","138","96","77","67","87","157",,"12","4","58","11","55","17",
"Sant Andreu de la Barca","081960","2014","270","125","121","24","23","83","163","1","10","3","60","18","57","15",
"Sant Andreu de la Barca","081960","2015","230","77","113","40","33","74","123",,"9","4","42","11","47","10",
"Sant Andreu de la Barca","081960","2016","300","101","125","74","44","96","160",,"10","1","56","30","60","3",
"Sant Andreu de la Barca","081960","2017","316","88","139","89","68","76","171","1","15","1","52","21","77","5",
"Sant Andreu de la Barca","081960","2018","260","62","95","103","87","64","109",,"5","1","23","8","63","9",
"Sant Andreu de la Barca","081960","2019","247","105","67","75","62","46","139",,"3","1","40","16","68","10","1"
"Sant Andreu de la Barca","081960","2020","148","65","53","30","25","32","87","4","3",,"30","4","48","2",
"Sant Andreu de la Barca","081960","2021","171","56","83","32","22","16","107","26","5",,"27","7","65","3",
"Sant Andreu de la Barca","081960","2022","237","106","80","51","37","20","180","12","5","2","33","16","106","6",
"Sant Andreu de la Barca","081960","2023","269","99","117","53","40","27","202","1","7","2","33","18","138","3",
"Sant Andreu de Llavaneres","081976","2011","29","3","11","15","6","10","13",,,"3",,,"10",,
"Sant Andreu de Llavaneres","081976","2012","22","6","4","12","4","6","12",,"1","1","2","1","6",,"1"
"Sant Andreu de Llavaneres","081976","2013","29","5","10","14","5","8","16",,"5",,"1","3","5",,"2"
"Sant Andreu de Llavaneres","081976","2014","17","3","4","10","5","5","7",,"1",,,,"5","1",
"Sant Andreu de Llavaneres","081976","2015","25","7","2","16","12","4","9",,"1","1",,,"7",,
"Sant Andreu de Llavaneres","081976","2016","42","2","20","20","12","11","19",,"3","1","1",,"14",,
"Sant Andreu de Llavaneres","081976","2017","38","15","13","10","5","5","28",,,"2","1",,"25",,
"Sant Andreu de Llavaneres","081976","2018","58","13","30","15","10","2","46",,"1","3","2","1","39",,
"Sant Andreu de Llavaneres","081976","2019","72","28","27","17","9","1","62",,"5","3","10","2","41","1",
"Sant Andreu de Llavaneres","081976","2020","30","4","12","14","6",,"21","3","6","2",,,"13",,
"Sant Andreu de Llavaneres","081976","2021","34","10","10","14","5","3","14","12","3","4",,,"7",,
"Sant Andreu de Llavaneres","081976","2022","34","11","12","11","8","3","23","1",,"3","2","1","16",,
"Sant Andreu de Llavaneres","081976","2023","42","12","13","17","17","1","24",,"1","2","1","1","19",,
"Sant Andreu Salou","171576","2011","0",,,,,,"0",,,,,,,,
"Sant Andreu Salou","171576","2012","0",,,,,,"0",,,,,,,,
"Sant Andreu Salou","171576","2013","0",,,,,,"0",,,,,,,,
"Sant Andreu Salou","171576","2014","0",,,,,,"0",,,,,,,,
"Sant Andreu Salou","171576","2015","0",,,,,,"0",,,,,,,,
"Sant Andreu Salou","171576","2016","2",,,"2","2",,"0",,,,,,,,
"Sant Andreu Salou","171576","2017","4",,,"4","4",,"0",,,,,,,,
"Sant Andreu Salou","171576","2018","0",,,,,,"0",,,,,,,,
"Sant Andreu Salou","171576","2019","0",,,,,,"0",,,,,,,,
"Sant Andreu Salou","171576","2020","0",,,,,,"0",,,,,,,,
"Sant Andreu Salou","171576","2021","0",,,,,,"0",,,,,,,,
"Sant Aniol de Finestres","171833","2011","0",,,,,,"0",,,,,,,,
"Sant Aniol de Finestres","171833","2012","0",,,,,,"0",,,,,,,,
"Sant Aniol de Finestres","171833","2013","0",,,,,,"0",,,,,,,,
"Sant Aniol de Finestres","171833","2014","0",,,,,,"0",,,,,,,,
"Sant Aniol de Finestres","171833","2015","1",,"1",,,,"1",,,,,,"1",,
"Sant Aniol de Finestres","171833","2016","0",,,,,,"0",,,,,,,,
"Sant Aniol de Finestres","171833","2017","1",,,"1","1",,"0",,,,,,,,
"Sant Aniol de Finestres","171833","2018","1",,,"1",,"1","0",,,,,,,,
"Sant Aniol de Finestres","171833","2019","5","2",,"3",,"3","2",,"2",,,,,,
"Sant Aniol de Finestres","171833","2020","4","2",,"2",,"2","1","1",,,,"1",,,
"Sant Aniol de Finestres","171833","2021","2",,"2",,,,"0","2",,,,,,,
"Sant Aniol de Finestres","171833","2022","1",,,"1",,,"1","1",,,,,,,
"Sant Aniol de Finestres","171833","2023","2","1","1",,,,"2",,,"2",,,,,
"Sant Antoni de Vilamajor","081982","2011","52","4","16","32","28","7","16","1","3",,"2",,"10",,"1"
"Sant Antoni de Vilamajor","081982","2012","51","2","12","37","29","9","13",,"2",,"1",,"7",,"3"
"Sant Antoni de Vilamajor","081982","2013","35","4","8","23","17","11","7",,,"1","2",,"2",,"2"
"Sant Antoni de Vilamajor","081982","2014","28","2","12","14","8","8","12",,"3","2","3","1","2",,"1"
"Sant Antoni de Vilamajor","081982","2015","21","3","7","11","8","6","7",,"4",,"1",,"1",,"1"
"Sant Antoni de Vilamajor","081982","2016","21","2","6","13","8","5","8",,"4",,"1","1","1",,"1"
"Sant Antoni de Vilamajor","081982","2017","18","2","3","13","7","4","7",,"2",,,"1","2",,"2"
"Sant Antoni de Vilamajor","081982","2018","18","8","5","5","4","1","13",,"2",,"3",,"8",,
"Sant Antoni de Vilamajor","081982","2019","20","6","4","10","9","5","6",,,"2",,"1","3",,
"Sant Antoni de Vilamajor","081982","2020","11",,"6","5","4","4","3",,,"2",,"1",,,
"Sant Antoni de Vilamajor","081982","2021","4","1","2","1",,,"1","3",,,,"1",,,
"Sant Antoni de Vilamajor","081982","2022","21","10","6","5","3","2","16","3",,,"3","1","9",,
"Sant Antoni de Vilamajor","081982","2023","35","8","15","12","5","4","26",,"1","5","3","2","15",,
"Sant Bartomeu del Grau","081995","2011","1",,,"1",,,"1",,,,,,"1",,
"Sant Bartomeu del Grau","081995","2012","0",,,,,,"0",,,,,,,,
"Sant Bartomeu del Grau","081995","2013","1",,,"1","1",,"0",,,,,,,,
"Sant Bartomeu del Grau","081995","2014","1",,"1",,,,"1",,,,,,"1",,
"Sant Bartomeu del Grau","081995","2015","0",,,,,,"0",,,,,,,,
"Sant Bartomeu del Grau","081995","2016","0",,,,,,"0",,,,,,,,
"Sant Bartomeu del Grau","081995","2017","0",,,,,,"0",,,,,,,,
"Sant Bartomeu del Grau","081995","2018","1","1",,,,,"1",,,,"1",,,,
"Sant Bartomeu del Grau","081995","2019","3","2",,"1",,,"3",,,"1","1",,"1",,
"Sant Bartomeu del Grau","081995","2020","1",,"1",,,,"1",,,,,,"1",,
"Sant Bartomeu del Grau","081995","2021","2","2",,,,,"2",,,,"2",,,,
"Sant Bartomeu del Grau","081995","2022","2","2",,,,,"2",,,"2",,,,,
"Sant Bartomeu del Grau","081995","2023","2","2",,,,,"2",,,,"2",,,,
"Sant Boi de Llobregat","082009","2011","937","145","317","475","302","233","343","59","31","14","36","5","250","7",
"Sant Boi de Llobregat","082009","2012","1,145","217","445","483","339","309","465","32","39","14","86","20","286","20",
"Sant Boi de Llobregat","082009","2013","989","252","381","356","280","255","447","7","42","3","91","17","267","25","2"
"Sant Boi de Llobregat","082009","2014","652","142","233","277","191","153","304","4","22","7","64","13","183","15",
"Sant Boi de Llobregat","082009","2015","679","216","229","234","154","166","351","8","18","12","53","13","231","22","2"
"Sant Boi de Llobregat","082009","2016","728","155","249","324","204","169","348","7","15","16","69","9","223","16",
"Sant Boi de Llobregat","082009","2017","789","238","242","309","192","168","426","3","9","19","69","10","285","34",
"Sant Boi de Llobregat","082009","2018","806","225","296","285","197","150","450","9","20","15","56","10","327","20","2"
"Sant Boi de Llobregat","082009","2019","818","282","288","248","123","128","559","8","23","18","86","13","384","35",
"Sant Boi de Llobregat","082009","2020","482","189","170","123","56","56","274","96","20","5","41","10","183","14","1"
"Sant Boi de Llobregat","082009","2021","629","236","260","133","44","41","240","304","12","4","42","5","153","23","1"
"Sant Boi de Llobregat","082009","2022","530","261","163","106","60","44","426","100","2","7","46","7","247","17",
"Sant Boi de Llobregat","082009","2023","873","346","356","171","136","73","664","91","5","14","45","9","483","16","1"
"Sant Boi de Lluçanès","082016","2011","0",,,,,,"0",,,,,,,,
"Sant Boi de Lluçanès","082016","2012","0",,,,,,"0",,,,,,,,
"Sant Boi de Lluçanès","082016","2013","0",,,,,,"0",,,,,,,,
"Sant Boi de Lluçanès","082016","2014","0",,,,,,"0",,,,,,,,
"Sant Boi de Lluçanès","082016","2015","0",,,,,,"0",,,,,,,,
"Sant Boi de Lluçanès","082016","2016","1","1",,,,,"1",,"1",,,,,,
"Sant Boi de Lluçanès","082016","2017","0",,,,,,"0",,,,,,,,
"Sant Boi de Lluçanès","082016","2018","0",,,,,,"0",,,,,,,,
"Sant Boi de Lluçanès","082016","2019","0",,,,,,"0",,,,,,,,
"Sant Boi de Lluçanès","082016","2020","0",,,,,,"0",,,,,,,,
"Sant Boi de Lluçanès","082016","2021","1","1",,,,,"1",,"1",,,,,,
"Sant Cebrià de Vallalta","082037","2011","13",,"7","6","8","3","2",,,,,,"2",,
"Sant Cebrià de Vallalta","082037","2012","7","1","1","5","4","1","2",,"1",,,,"1",,
"Sant Cebrià de Vallalta","082037","2013","13",,"5","8","8","1","4",,"2",,,,"2",,
"Sant Cebrià de Vallalta","082037","2014","13","2","3","8","8","2","3",,"1","1",,,"1",,
"Sant Cebrià de Vallalta","082037","2015","7",,"3","4","2",,"5",,"1","1",,,"3",,
"Sant Cebrià de Vallalta","082037","2016","10",,"3","7","3","1","6",,,"3",,,"3",,
"Sant Cebrià de Vallalta","082037","2017","7",,,"7","4",,"3",,,"1",,,"2",,
"Sant Cebrià de Vallalta","082037","2018","9","3","2","4","2","4","3",,"2","1",,,,,
"Sant Cebrià de Vallalta","082037","2019","9",,"4","5","2","3","4",,"2",,,,"2",,
"Sant Cebrià de Vallalta","082037","2020","9","1","3","5","4","1","4",,,,"1",,"3",,
"Sant Cebrià de Vallalta","082037","2021","5","1","1","3",,"1","2","2",,"2",,,,,
"Sant Cebrià de Vallalta","082037","2022","7",,,"7","1","3","3",,,"3",,,,,
"Sant Cebrià de Vallalta","082037","2023","7",,"2","5","1","4","2",,,"2",,,,,
"Sant Celoni","082021","2011","266","60","116","90","61","41","161","3","16","13","44","7","72","7","2"
"Sant Celoni","082021","2012","205","28","98","79","51","29","123","2","8","6","35","8","60","6",
"Sant Celoni","082021","2013","193","53","52","88","54","32","106","1","8","7","28","5","48","10",
"Sant Celoni","082021","2014","188","31","80","77","52","30","106",,"4","11","27","2","53","8","1"
"Sant Celoni","082021","2015","158","31","74","53","34","24","100",,"8","8","24","5","48","7",
"Sant Celoni","082021","2016","151","47","63","41","26","22","103",,"13","9","20","3","53","5",
"Sant Celoni","082021","2017","175","56","81","38","22","19","134",,"17","9","25","3","68","12",
"Sant Celoni","082021","2018","120","41","55","24","19","15","86",,"9","9","19","4","44","1",
"Sant Celoni","082021","2019","195","63","78","54","23","12","160",,"12","8","46","6","86","2",
"Sant Celoni","082021","2020","107","28","52","27","14","4","79","10","8","4","21","1","43","2",
"Sant Celoni","082021","2021","87","28","40","19","8","2","48","29","3","4","2",,"39",,
"Sant Celoni","082021","2022","79","42","24","13","2","2","75","9","4","9","15","2","33","3",
"Sant Celoni","082021","2023","137","70","57","10","3","4","130","7","4","7","11","5","96",,
"Sant Climent de Llobregat","082042","2011","29","2","9","18","14","6","8","1","4",,"2","2",,,
"Sant Climent de Llobregat","082042","2012","35","4","10","21","19","9","7",,"2",,"2","3",,,
"Sant Climent de Llobregat","082042","2013","17",,"4","13","8","6","3",,,,,"3",,,
"Sant Climent de Llobregat","082042","2014","16","2","1","13","7","4","5",,,,,"3","2",,
"Sant Climent de Llobregat","082042","2015","16","1","2","13","7","4","5",,,,"1","1","3",,
"Sant Climent de Llobregat","082042","2016","18","1","2","15","8","8","2",,,,,,"2",,
"Sant Climent de Llobregat","082042","2017","16",,"1","15","12","4","0",,,,,,,,
"Sant Climent de Llobregat","082042","2018","14","5","3","6","4","4","6",,,,,,"6",,
"Sant Climent de Llobregat","082042","2019","15","3","5","7","5","2","8",,,,,,"8",,
"Sant Climent de Llobregat","082042","2020","9","1",,"8","2","2","5",,,,,,"5",,
"Sant Climent de Llobregat","082042","2021","11","1","1","9",,"4","6","1",,,,,"6",,
"Sant Climent de Llobregat","082042","2022","7","4",,"3",,"1","6","1",,,,,"5",,
"Sant Climent Sescebes","171582","2011","5","1","2","2","2",,"3",,,,,,"2",,"1"
"Sant Climent Sescebes","171582","2012","7","1","5","1","1","1","5",,,,,,"2",,"3"
"Sant Climent Sescebes","171582","2013","0",,,,,,"0",,,,,,,,
"Sant Climent Sescebes","171582","2014","2",,,"2",,"1","1",,"1",,,,,,
"Sant Climent Sescebes","171582","2015","3","1",,"2",,"1","2",,"2",,,,,,
"Sant Climent Sescebes","171582","2016","5",,"3","2",,"1","4",,"4",,,,,,
"Sant Climent Sescebes","171582","2017","2",,"1","1",,,"2",,"2",,,,,,
"Sant Climent Sescebes","171582","2018","1",,"1",,,"1","0",,,,,,,,
"Sant Climent Sescebes","171582","2019","2","1","1",,,"1","1",,,,,,"1",,
"Sant Climent Sescebes","171582","2020","2","1","1",,,"1","1",,,,,,"1",,
"Sant Climent Sescebes","171582","2021","3",,"2","1",,,"3",,,,,,"3",,
"Sant Climent Sescebes","171582","2022","6","3","1","2","2","2","2",,"2",,,,,,
"Sant Climent Sescebes","171582","2023","14","5","4","5","4","3","7",,"3","1","1",,"2",,
"Sant Cugat del Vallès","082055","2011","785","250","357","178","82","144","538","21","73","26","21","8","375","28","7"
"Sant Cugat del Vallès","082055","2012","703","216","307","180","70","134","488","11","81","14","25","8","321","27","12"
"Sant Cugat del Vallès","082055","2013","577","164","265","148","61","108","408",,"70","25","13","8","258","32","2"
"Sant Cugat del Vallès","082055","2014","593","280","167","146","65","120","405","3","52","20","32","4","264","21","12"
"Sant Cugat del Vallès","082055","2015","620","205","251","164","79","127","406","8","52","19","22","9","279","18","7"
"Sant Cugat del Vallès","082055","2016","527","228","165","134","54","85","380","8","49","28","15","6","263","16","3"
"Sant Cugat del Vallès","082055","2017","485","167","212","106","47","90","346","2","38","13","14","2","257","16","6"
"Sant Cugat del Vallès","082055","2018","595","236","238","121","55","96","440","4","80","13","7","6","318","11","5"
"Sant Cugat del Vallès","082055","2019","506","208","178","120","54","70","380","2","50","11","7","5","293","6","8"
"Sant Cugat del Vallès","082055","2020","320","70","181","69","20","39","244","17","36","3","10","1","179","10","5"
"Sant Cugat del Vallès","082055","2021","580","181","239","160","49","58","333","140","57","4","25","1","231","15",
"Sant Cugat del Vallès","082055","2022","748","303","278","167","47","49","652","154","52","10","29","7","369","28","3"
"Sant Cugat del Vallès","082055","2023","856","282","402","172","65","72","719","44","54","34","36","5","510","29","7"
"Sant Cugat Sesgarrigues","082068","2011","7","2","4","1",,"4","3",,"1",,"1",,"1",,
"Sant Cugat Sesgarrigues","082068","2012","7","1","3","3",,"4","3",,"2",,,,"1",,
"Sant Cugat Sesgarrigues","082068","2013","6",,,"6","4","2","0",,,,,,,,
"Sant Cugat Sesgarrigues","082068","2014","3","1",,"2","2",,"1",,,,"1",,,,
"Sant Cugat Sesgarrigues","082068","2015","2","1","1",,,,"2",,,,"1",,"1",,
"Sant Cugat Sesgarrigues","082068","2016","3","1","1","1","1",,"2",,"2",,,,,,
"Sant Cugat Sesgarrigues","082068","2017","3",,,"3","3",,"0",,,,,,,,
"Sant Cugat Sesgarrigues","082068","2018","5","2","1","2","2",,"3",,,"2","1",,,,
"Sant Cugat Sesgarrigues","082068","2019","1",,"1",,,,"1",,,,"1",,,,
"Sant Cugat Sesgarrigues","082068","2020","2","2",,,,,"1","1",,"1",,,,,
"Sant Cugat Sesgarrigues","082068","2021","2",,"2",,,,"1","1",,,"1",,,,
"Sant Cugat Sesgarrigues","082068","2022","10","2","6","2","1","3","6",,,,"1",,"5",,
"Sant Cugat Sesgarrigues","082068","2023","11","2","5","4",,"4","7",,,,"3",,"4",,
"Sant Esteve de la Sarga","251961","2011","0",,,,,,"0",,,,,,,,
"Sant Esteve de la Sarga","251961","2012","0",,,,,,"0",,,,,,,,
"Sant Esteve de la Sarga","251961","2013","0",,,,,,"0",,,,,,,,
"Sant Esteve de la Sarga","251961","2014","0",,,,,,"0",,,,,,,,
"Sant Esteve de la Sarga","251961","2015","0",,,,,,"0",,,,,,,,
"Sant Esteve de la Sarga","251961","2016","0",,,,,,"0",,,,,,,,
"Sant Esteve de la Sarga","251961","2017","1","1",,,,,"1",,"1",,,,,,
"Sant Esteve de la Sarga","251961","2018","0",,,,,,"0",,,,,,,,
"Sant Esteve de la Sarga","251961","2019","0",,,,,,"0",,,,,,,,
"Sant Esteve de la Sarga","251961","2020","0",,,,,,"0",,,,,,,,
"Sant Esteve de la Sarga","251961","2021","0",,,,,,"0",,,,,,,,
"Sant Esteve de Palautordera","082074","2011","1",,"1",,,,"1",,,,,"1",,,
"Sant Esteve de Palautordera","082074","2012","5",,"4","1","1",,"4",,"1",,,"3",,,
"Sant Esteve de Palautordera","082074","2013","5",,"2","3","2","1","2",,,,,"2",,,
"Sant Esteve de Palautordera","082074","2014","8",,"2","6","4","2","2",,,,,,"2",,
"Sant Esteve de Palautordera","082074","2015","8","2","3","3","3",,"5",,,"1","2",,"2",,
"Sant Esteve de Palautordera","082074","2016","9","2","2","5","5",,"4",,,,,,"4",,
"Sant Esteve de Palautordera","082074","2017","9","1","1","7","6",,"3",,"3",,,,,,
"Sant Esteve de Palautordera","082074","2018","12","2",,"10","7",,"5",,"4",,,,,"1",
"Sant Esteve de Palautordera","082074","2019","21","5","2","14","11","1","9",,"5",,"1",,"2","1",
"Sant Esteve de Palautordera","082074","2020","15",,"7","8","8",,"7",,"1",,"5",,"1",,
"Sant Esteve de Palautordera","082074","2021","6","1","3","2","2",,"4",,"1",,,,"3",,
"Sant Esteve de Palautordera","082074","2022","11","5","4","2","2",,"9",,"2",,,,"7",,
"Sant Esteve de Palautordera","082074","2023","19","5","10","4","3","1","15",,"2",,,,"12",,"1"
"Sant Esteve Sesrovires","082080","2011","25","2","9","14","10","5","8","2","1",,,,"7",,
"Sant Esteve Sesrovires","082080","2012","43","2","19","22","22","9","12",,,,"2","1","9",,
"Sant Esteve Sesrovires","082080","2013","13","4","4","5","2","3","7","1",,,,"1","6",,
"Sant Esteve Sesrovires","082080","2014","16","1","6","9","7","2","7",,,,,"2","4","1",
"Sant Esteve Sesrovires","082080","2015","13","2","3","8","5","2","6",,,,"2",,"3","1",
"Sant Esteve Sesrovires","082080","2016","20","5","2","13","11","1","8",,,,"2",,"5",,"1"
"Sant Esteve Sesrovires","082080","2017","18","3","2","13","11","4","3",,,,,,"3",,
"Sant Esteve Sesrovires","082080","2018","25","8","3","14","11","2","12",,,,,"1","11",,
"Sant Esteve Sesrovires","082080","2019","27","3","11","13","8","4","15",,,,,"3","11","1",
"Sant Esteve Sesrovires","082080","2020","13","2","3","8","7",,"6",,,"1",,,"5",,
"Sant Esteve Sesrovires","082080","2021","9","3","4","2","2",,"4","3",,,"1",,"3",,
"Sant Esteve Sesrovires","082080","2022","10","6","1","3",,"3","7","1",,,,,"6",,
"Sant Esteve Sesrovires","082080","2023","19","8","5","6","3","4","12","1",,,,,"10","1",
"Sant Feliu de Buixalleu","171595","2011","7",,"2","5","3","1","3",,,"1",,,"2",,
"Sant Feliu de Buixalleu","171595","2012","4","1",,"3","2",,"2",,"1",,,,"1",,
"Sant Feliu de Buixalleu","171595","2013","5","1","2","2","2",,"3",,"2",,,,"1",,
"Sant Feliu de Buixalleu","171595","2014","3","1","1","1","1","1","1",,"1",,,,,,
"Sant Feliu de Buixalleu","171595","2015","1",,"1",,,"1","0",,,,,,,,
"Sant Feliu de Buixalleu","171595","2016","0",,,,,,"0",,,,,,,,
"Sant Feliu de Buixalleu","171595","2017","1",,"1",,,,"1",,,,"1",,,,
"Sant Feliu de Buixalleu","171595","2018","3",,"3",,,,"3",,,,"2",,"1",,
"Sant Feliu de Buixalleu","171595","2019","1",,,"1","1",,"0",,,,,,,,
"Sant Feliu de Buixalleu","171595","2020","1",,,"1","1",,"0",,,,,,,,
"Sant Feliu de Buixalleu","171595","2021","2","1","1",,,,"2",,,,,,"2",,
"Sant Feliu de Buixalleu","171595","2023","1",,"1",,,,"1",,,,,,"1",,
"Sant Feliu de Codines","082107","2011","62","9","25","28","13","12","31","6","4","1",,"4","17","5",
"Sant Feliu de Codines","082107","2012","96","29","40","27","14","14","65","3","3",,"3","13","22","24",
"Sant Feliu de Codines","082107","2013","41","15","19","7","6","6","29",,"4",,"4","7","9","5",
"Sant Feliu de Codines","082107","2014","20","4","6","10","8","6","6",,"2",,,"2","2",,
"Sant Feliu de Codines","082107","2015","15","1","7","7","3","4","8",,"4",,,"1","3",,
"Sant Feliu de Codines","082107","2016","44","19","16","9","3","7","34",,"5","2","3","6","14","4",
"Sant Feliu de Codines","082107","2017","19","3","7","9","6","3","10",,,,"1","2","7",,
"Sant Feliu de Codines","082107","2018","17","11","4","2","2","5","10",,"1",,"2",,"6",,"1"
"Sant Feliu de Codines","082107","2019","8","3","2","3","2",,"6",,,,,,"5",,"1"
"Sant Feliu de Codines","082107","2020","32","22","7","3","3","3","26",,,"1","1",,"20","4",
"Sant Feliu de Codines","082107","2021","31","11","15","5",,"1","19","11",,"1","1",,"14","3",
"Sant Feliu de Codines","082107","2022","53","36","15","2",,,"53",,,"4","12","1","23","13",
"Sant Feliu de Codines","082107","2023","31","8","20","3","1","1","29",,"1",,"4",,"22","2",
"Sant Feliu de Guíxols","171609","2011","54","13","15","26","14","14","25","1","6","2","1","1","14",,"1"
"Sant Feliu de Guíxols","171609","2012","32","6","7","19","7","12","10","3","2","2","1","1","3","1",
"Sant Feliu de Guíxols","171609","2013","42","6","15","21","15","10","16","1","2","5","2","3","2","2",
"Sant Feliu de Guíxols","171609","2014","39","18","4","17","12","2","24","1","4","5","2","6","4","3",
"Sant Feliu de Guíxols","171609","2015","25","16","6","3","2",,"23",,"2","3","5","4","6","3",
"Sant Feliu de Guíxols","171609","2016","41","22","12","7","4","3","34",,"5","12","5","2","10",,
"Sant Feliu de Guíxols","171609","2017","47","18","19","10","6","3","38",,"6","8","7","1","14","2",
"Sant Feliu de Guíxols","171609","2018","62","26","29","7","2","6","54",,"9","6","22","3","9","5",
"Sant Feliu de Guíxols","171609","2019","97","41","44","12","10","4","83",,"7","6","34","7","28","1",
"Sant Feliu de Guíxols","171609","2020","51","4","20","27","13","6","31","1","1","7","2",,"19","2",
"Sant Feliu de Guíxols","171609","2021","19",,"8","11","4",,"15",,,"2","1",,"9","3",
"Sant Feliu de Guíxols","171609","2022","25","8","8","9","4","1","20","9","1",,"3",,"7",,
"Sant Feliu de Guíxols","171609","2023","38","9","12","17","10","1","27","5","1","2","5",,"12",,"2"
"Sant Feliu de Llobregat","082114","2011","620","130","190","300","176","163","280","1","35","12","29","11","179","12","2"
"Sant Feliu de Llobregat","082114","2012","538","183","169","186","129","113","289","7","24","15","59","13","165","10","3"
"Sant Feliu de Llobregat","082114","2013","524","139","175","210","151","116","253","4","17","15","53","16","135","17",
"Sant Feliu de Llobregat","082114","2014","359","67","138","154","103","94","159","3","11","9","24","13","91","11",
"Sant Feliu de Llobregat","082114","2015","374","89","135","150","110","76","184","4","16","17","8","24","103","16",
"Sant Feliu de Llobregat","082114","2016","440","97","178","165","108","93","237","2","28","14","14","8","156","17",
"Sant Feliu de Llobregat","082114","2017","432","119","119","194","113","98","220","1","20","15","24","11","144","6",
"Sant Feliu de Llobregat","082114","2018","429","154","122","153","101","98","229","1","15","3","33","11","158","9",
"Sant Feliu de Llobregat","082114","2019","473","149","174","150","82","102","284","5","13","7","39","12","201","12",
"Sant Feliu de Llobregat","082114","2020","432","178","153","101","57","57","284","34","10","8","37","9","201","17","2"
"Sant Feliu de Llobregat","082114","2021","364","103","164","97","46","33","192","93","7","2","22","11","135","13","2"
"Sant Feliu de Llobregat","082114","2022","414","197","117","100","55","41","318","47","5","12","18","4","213","18","1"
"Sant Feliu de Pallerols","171616","2011","7","1","4","2","2","3","2",,,,"2",,,,
"Sant Feliu de Pallerols","171616","2012","4",,"2","2","2",,"2",,,,"2",,,,
"Sant Feliu de Pallerols","171616","2013","2",,,"2","2",,"0",,,,,,,,
"Sant Feliu de Pallerols","171616","2014","2",,,"2","2",,"0",,,,,,,,
"Sant Feliu de Pallerols","171616","2015","2","1",,"1","1",,"1",,"1",,,,,,
"Sant Feliu de Pallerols","171616","2016","3",,"3",,,,"3",,"3",,,,,,
"Sant Feliu de Pallerols","171616","2017","3",,"1","2",,,"3",,"3",,,,,,
"Sant Feliu de Pallerols","171616","2018","2",,,"2",,,"2",,"2",,,,,,
"Sant Feliu de Pallerols","171616","2019","7","3",,"4","3",,"4",,"1",,"1",,"2",,
"Sant Feliu de Pallerols","171616","2020","2","1",,"1","1",,"1",,,,"1",,,,
"Sant Feliu de Pallerols","171616","2021","2",,"1","1",,,"1","1",,,"1",,,,
"Sant Feliu de Pallerols","171616","2022","27","19","7","1",,"4","23","6",,,,"1","14","2",
"Sant Feliu de Pallerols","171616","2023","599","232","265","102","63","70","466","48","10","18","21","8","343","17","1"
"Sant Feliu Sasserra","082129","2011","0",,,,,,"0",,,,,,,,
"Sant Feliu Sasserra","082129","2012","2","1","1",,,,"2",,,,,"2",,,
"Sant Feliu Sasserra","082129","2013","0",,,,,,"0",,,,,,,,
"Sant Feliu Sasserra","082129","2014","1",,"1",,,"1","0",,,,,,,,
"Sant Feliu Sasserra","082129","2015","1",,"1",,,"1","0",,,,,,,,
"Sant Feliu Sasserra","082129","2016","2",,"1","1","1",,"1",,,,,"1",,,
"Sant Feliu Sasserra","082129","2017","0",,,,,,"0",,,,,,,,
"Sant Feliu Sasserra","082129","2018","0",,,,,,"0",,,,,,,,
"Sant Feliu Sasserra","082129","2019","0",,,,,,"0",,,,,,,,
"Sant Feliu Sasserra","082129","2020","0",,,,,,"0",,,,,,,,
"Sant Feliu Sasserra","082129","2021","0",,,,,,"0",,,,,,,,
"Sant Ferriol","171621","2011","0",,,,,,"0",,,,,,,,
"Sant Ferriol","171621","2012","0",,,,,,"0",,,,,,,,
"Sant Ferriol","171621","2013","0",,,,,,"0",,,,,,,,
"Sant Ferriol","171621","2014","1","1",,,,,"1",,"1",,,,,,
"Sant Ferriol","171621","2015","0",,,,,,"0",,,,,,,,
"Sant Ferriol","171621","2016","0",,,,,,"0",,,,,,,,
"Sant Ferriol","171621","2017","0",,,,,,"0",,,,,,,,
"Sant Ferriol","171621","2018","0",,,,,,"0",,,,,,,,
"Sant Ferriol","171621","2019","0",,,,,,"0",,,,,,,,
"Sant Ferriol","171621","2020","0",,,,,,"0",,,,,,,,
"Sant Ferriol","171621","2021","0",,,,,,"0",,,,,,,,
"Sant Fost de Campsentelles","082093","2011","76","9","29","38","22","20","34",,"6",,"4",,"24",,
"Sant Fost de Campsentelles","082093","2012","53","5","15","33","18","14","21",,"6",,"1",,"13","1",
"Sant Fost de Campsentelles","082093","2013","44","5","11","28","16","16","12",,"2","1",,,"8","1",
"Sant Fost de Campsentelles","082093","2014","29","3","9","17","11","10","8",,"3",,,,"5",,
"Sant Fost de Campsentelles","082093","2015","22","1","11","10","6","7","9",,"6",,,,"3",,
"Sant Fost de Campsentelles","082093","2016","23","4","7","12","5","10","8",,"3",,,"1","4",,
"Sant Fost de Campsentelles","082093","2017","25","7","6","12","4","7","13","1","1","2",,,"10",,
"Sant Fost de Campsentelles","082093","2018","25","6","12","7","4","9","12",,"2",,,,"10",,
"Sant Fost de Campsentelles","082093","2019","32","6","15","11","5","12","15",,"3","1","1",,"10",,
"Sant Fost de Campsentelles","082093","2020","30","5","14","11","2","6","21","1",,"3","1",,"17",,
"Sant Fost de Campsentelles","082093","2021","23","2","6","15",,"7","8","8","2",,,,"6",,
"Sant Fost de Campsentelles","082093","2022","15","6","4","5",,"2","13","5",,,"1",,"7",,
"Sant Fost de Campsentelles","082093","2023","36","8","8","20","7","7","22","5","3","3","1",,"8","2",
"Sant Fruitós de Bages","082135","2011","67","6","19","42","29","10","27","1","2","5","6",,"12","2",
"Sant Fruitós de Bages","082135","2012","61","15","13","33","18","16","27",,"2","3","8",,"14",,
"Sant Fruitós de Bages","082135","2013","58",,"20","38","26","14","18",,"1","2","4",,"10","1",
"Sant Fruitós de Bages","082135","2014","37","13","7","17","8","3","26",,"1","5","5",,"11","4",
"Sant Fruitós de Bages","082135","2015","25","2","3","20","8","2","15",,,"5","1",,"9",,
"Sant Fruitós de Bages","082135","2016","24","6","4","14","6","5","13",,,"1","2",,"8","2",
"Sant Fruitós de Bages","082135","2017","9","2","3","4",,"3","6",,,"1","1",,"2","2",
"Sant Fruitós de Bages","082135","2018","34","23","5","6","5","3","26",,"2","2","8","1","12","1",
"Sant Fruitós de Bages","082135","2019","22","6","5","11","6","4","12",,,"1",,,"11",,
"Sant Fruitós de Bages","082135","2020","10",,"6","4","1","3","6",,,"1",,,"4","1",
"Sant Fruitós de Bages","082135","2021","25","15","5","5",,,"18","7","3",,"2","1","10","1","1"
"Sant Fruitós de Bages","082135","2022","15","4","11",,,,"15","3",,,"4",,"7",,"1"
"Sant Fruitós de Bages","082135","2023","23","5","16","2","2","1","20",,,,"6",,"14",,
"Sant Gregori","171637","2011","16",,"5","11","8","2","5","1",,,"2",,"3",,
"Sant Gregori","171637","2012","9","3","1","5","4","1","4",,,,"1",,"3",,
"Sant Gregori","171637","2013","12","5","3","4","4",,"8",,"5",,,,"3",,
"Sant Gregori","171637","2014","9","1","5","3","4",,"5",,,"2",,,"3",,
"Sant Gregori","171637","2015","6",,"2","4","4",,"2",,,,,,"2",,
"Sant Gregori","171637","2016","9","3",,"6","4",,"5",,,,"1",,"4",,
"Sant Gregori","171637","2017","8",,"4","4","2",,"6",,,,,,"5",,"1"
"Sant Gregori","171637","2018","9","1","1","7","1","4","4",,,,,,"2",,"2"
"Sant Gregori","171637","2019","11","2","3","6","1","4","6",,,,"3",,"2",,"1"
"Sant Gregori","171637","2020","3","1","1","1",,"1","2",,,,"1",,"1",,
"Sant Gregori","171637","2021","1",,,"1",,"1","0",,,,,,,,
"Sant Gregori","171637","2022","2","1","1",,,,"2",,,,"2",,,,
"Sant Guim de Freixenet","251924","2011","0",,,,,,"0",,,,,,,,
"Sant Guim de Freixenet","251924","2012","4",,"1","3","3",,"1",,,,,,"1",,
"Sant Guim de Freixenet","251924","2013","3",,"1","2","2",,"1",,,,,,"1",,
"Sant Guim de Freixenet","251924","2014","0",,,,,,"0",,,,,,,,
"Sant Guim de Freixenet","251924","2015","0",,,,,,"0",,,,,,,,
"Sant Guim de Freixenet","251924","2016","1","1",,,,,"1",,,"1",,,,,
"Sant Guim de Freixenet","251924","2017","2","2",,,,,"2",,,"2",,,,,
"Sant Guim de Freixenet","251924","2018","4","4",,,,,"4",,,,"4",,,,
"Sant Guim de Freixenet","251924","2019","5","5",,,,,"5",,,,"5",,,,
"Sant Guim de Freixenet","251924","2020","0",,,,,,"0",,,,,,,,
"Sant Guim de Freixenet","251924","2021","0",,,,,,"0",,,,,,,,
"Sant Guim de Freixenet","251924","2022","5","4","1",,,,"5",,,,"5",,,,
"Sant Guim de Freixenet","251924","2023","6","4","2",,"1",,"5",,,,"5",,,,
"Sant Hilari Sacalm","171642","2011","11",,"10","1","1",,"10",,,,"7",,"3",,
"Sant Hilari Sacalm","171642","2012","3",,"1","2",,,"1","2",,,,,"1",,
"Sant Hilari Sacalm","171642","2013","0",,,,,,"0",,,,,,,,
"Sant Hilari Sacalm","171642","2014","0",,,,,,"0",,,,,,,,
"Sant Hilari Sacalm","171642","2015","0",,,,,,"0",,,,,,,,
"Sant Hilari Sacalm","171642","2016","0",,,,,,"0",,,,,,,,
"Sant Hilari Sacalm","171642","2017","1",,"1",,,,"1",,,,,,,"1",
"Sant Hilari Sacalm","171642","2018","7","6","1",,,"1","6",,"1",,"2","1","1","1",
"Sant Hilari Sacalm","171642","2019","0",,,,,,"0",,,,,,,,
"Sant Hilari Sacalm","171642","2020","1",,"1",,,,"1",,,,"1",,,,
"Sant Hilari Sacalm","171642","2021","1",,"1",,,"1","0",,,,,,,,
"Sant Hilari Sacalm","171642","2023","5","1","3","1","1",,"4",,"3",,,,"1",,
"Sant Hipòlit de Voltregà","082153","2011","10","4",,"6","3","2","5",,,"1","1","1",,"2",
"Sant Hipòlit de Voltregà","082153","2012","7","1",,"6","2","2","3",,,"2",,,"1",,
"Sant Hipòlit de Voltregà","082153","2013","13","1","5","7","4","2","7",,,"4",,,"3",,
"Sant Hipòlit de Voltregà","082153","2014","7","1","2","4","1","2","4",,,"2","1",,"1",,
"Sant Hipòlit de Voltregà","082153","2015","9","4","3","2","1",,"8",,"1","2","2",,"2","1",
"Sant Hipòlit de Voltregà","082153","2016","7","3","2","2","1","1","5",,"1","1","1",,"2",,
"Sant Hipòlit de Voltregà","082153","2017","7","2","4","1","1","1","5",,,,"2",,"3",,
"Sant Hipòlit de Voltregà","082153","2018","6","4","1","1","1",,"5",,,,,,"2","3",
"Sant Hipòlit de Voltregà","082153","2019","21","18","3",,,,"21",,,,"4","6","4","7",
"Sant Hipòlit de Voltregà","082153","2020","5","2","1","2","1","1","3",,,"1","1",,"1",,
"Sant Hipòlit de Voltregà","082153","2021","18","15","2","1",,,"15","3",,"2","2","6","4","1",
"Sant Hipòlit de Voltregà","082153","2022","25","19","5","1","1",,"24","3",,"4","4","6","6","1",
"Sant Hipòlit de Voltregà","082153","2023","22","16","5","1","1",,"21",,,"2","6","9","3","1",
"Sant Iscle de Vallalta","081939","2011","2",,"2",,,,"2",,,,,,"2",,
"Sant Iscle de Vallalta","081939","2012","0",,,,,,"0",,,,,,,,
"Sant Iscle de Vallalta","081939","2013","0",,,,,,"0",,,,,,,,
"Sant Iscle de Vallalta","081939","2014","1",,"1",,"1",,"0",,,,,,,,
"Sant Iscle de Vallalta","081939","2015","2",,,"2","2",,"0",,,,,,,,
"Sant Iscle de Vallalta","081939","2016","4",,,"4","4",,"0",,,,,,,,
"Sant Iscle de Vallalta","081939","2017","1",,,"1","1",,"0",,,,,,,,
"Sant Iscle de Vallalta","081939","2018","3","1",,"2","2",,"1",,,,,,"1",,
"Sant Iscle de Vallalta","081939","2019","5",,"4","1","1",,"4",,,,"2",,"2",,
"Sant Iscle de Vallalta","081939","2020","11","7","1","3","2",,"9",,,,"2",,,"6","1"
"Sant Iscle de Vallalta","081939","2021","2","1","1",,,,"1","1",,,"1",,,,
"Sant Iscle de Vallalta","081939","2022","2","1","1",,,,"2",,"2",,,,,,
"Sant Jaume de Frontanyà","082166","2011","0",,,,,,"0",,,,,,,,
"Sant Jaume de Frontanyà","082166","2012","0",,,,,,"0",,,,,,,,
"Sant Jaume de Frontanyà","082166","2013","0",,,,,,"0",,,,,,,,
"Sant Jaume de Frontanyà","082166","2014","0",,,,,,"0",,,,,,,,
"Sant Jaume de Frontanyà","082166","2015","1","1",,,,,"1",,"1",,,,,,
"Sant Jaume de Frontanyà","082166","2016","0",,,,,,"0",,,,,,,,
"Sant Jaume de Frontanyà","082166","2017","0",,,,,,"0",,,,,,,,
"Sant Jaume de Frontanyà","082166","2018","0",,,,,,"0",,,,,,,,
"Sant Jaume de Frontanyà","082166","2019","0",,,,,,"0",,,,,,,,
"Sant Jaume de Frontanyà","082166","2020","0",,,,,,"0",,,,,,,,
"Sant Jaume de Frontanyà","082166","2021","0",,,,,,"0",,,,,,,,
"Sant Jaume de Llierca","171655","2011","4",,"1","3","1",,"3",,"2","1",,,,,
"Sant Jaume de Llierca","171655","2012","1",,"1",,,,"1",,,,,,"1",,
"Sant Jaume de Llierca","171655","2013","3",,"3",,,"1","2",,,,,,"2",,
"Sant Jaume de Llierca","171655","2014","0",,,,,,"0",,,,,,,,
"Sant Jaume de Llierca","171655","2015","4","3","1",,,,"4",,,,"1",,"3",,
"Sant Jaume de Llierca","171655","2016","7","1","6",,,,"7",,"2",,,,"5",,
"Sant Jaume de Llierca","171655","2017","8","2","6",,,,"8",,,,,,"8",,
"Sant Jaume de Llierca","171655","2018","6",,"5","1","1",,"5",,,,,,"5",,
"Sant Jaume de Llierca","171655","2019","6","3","3",,,,"6",,,,,,"6",,
"Sant Jaume de Llierca","171655","2020","2",,"2",,,,"2",,,,,,"2",,
"Sant Jaume de Llierca","171655","2021","2","1","1",,,,"0","2",,,,,,,
"Sant Jaume de Llierca","171655","2022","4",,"4",,,,"4","2",,,,,"2",,
"Sant Jaume de Llierca","171655","2023","3","2","1",,,,"3",,,,,,"3",,
"Sant Jaume dels Domenys","431378","2011","11",,"1","10","6","4","1",,"1",,,,,,
"Sant Jaume dels Domenys","431378","2012","6","1",,"5","2","3","1",,"1",,,,,,
"Sant Jaume dels Domenys","431378","2013","7","1",,"6","3","4","0",,,,,,,,
"Sant Jaume dels Domenys","431378","2014","4","1",,"3","1","3","0",,,,,,,,
"Sant Jaume dels Domenys","431378","2015","1",,"1",,,"1","0",,,,,,,,
"Sant Jaume dels Domenys","431378","2016","0",,,,,,"0",,,,,,,,
"Sant Jaume dels Domenys","431378","2017","2","1",,"1",,"1","1",,,,"1",,,,
"Sant Jaume dels Domenys","431378","2018","4","1",,"3",,"2","2",,"1",,,,"1",,
"Sant Jaume dels Domenys","431378","2019","5",,,"5",,"3","2",,"2",,,,,,
"Sant Jaume dels Domenys","431378","2020","4",,,"4","2","1","1",,"1",,,,,,
"Sant Jaume dels Domenys","431378","2021","2",,"1","1",,,"2",,,,,,"2",,
"Sant Jaume dels Domenys","431378","2022","6","1","3","2","2","1","3",,,,,,"3",,
"Sant Jaume dels Domenys","431378","2023","12","3","7","2","1","4","7",,,,,,"7",,
"Sant Jaume d'Enveja","439023","2011","8","4","1","3","2","3","3",,,,"1",,,"2",
"Sant Jaume d'Enveja","439023","2012","1",,,"1","1",,"0",,,,,,,,
"Sant Jaume d'Enveja","439023","2013","5","3","2",,,,"5",,,,,,,"5",
"Sant Jaume d'Enveja","439023","2014","7","7",,,,,"7",,,,"5",,,"2",
"Sant Jaume d'Enveja","439023","2015","15","9",,"6","5",,"10",,"2",,,,"3","5",
"Sant Jaume d'Enveja","439023","2016","6","1",,"5","2",,"4",,,"2",,,"2",,
"Sant Jaume d'Enveja","439023","2017","3","2",,"1","1",,"2",,,,"1",,,"1",
"Sant Jaume d'Enveja","439023","2018","18","18",,,,,"18",,"1",,"3",,"5","9",
"Sant Jaume d'Enveja","439023","2019","25","25",,,"1",,"24",,"1",,"12",,"3","8",
"Sant Jaume d'Enveja","439023","2020","2","2",,,,,"1","1",,,,,"1",,
"Sant Jaume d'Enveja","439023","2021","17","12","1","4",,,"13","4","4",,"4",,"4","1",
"Sant Jaume d'Enveja","439023","2022","12","11",,"1",,,"12","3","1","1",,,"6","1",
"Sant Jaume d'Enveja","439023","2023","4","2",,"2",,,"4","2",,,"2",,,,
"Sant Joan de les Abadesses","171674","2011","3","2",,"1",,"1","2",,,,"2",,,,
"Sant Joan de les Abadesses","171674","2012","1","1",,,,,"1",,,,,,"1",,
"Sant Joan de les Abadesses","171674","2013","2",,,"2","2",,"0",,,,,,,,
"Sant Joan de les Abadesses","171674","2014","4","1",,"3","3",,"1",,,,"1",,,,
"Sant Joan de les Abadesses","171674","2015","2",,,"2","2",,"0",,,,,,,,
"Sant Joan de les Abadesses","171674","2016","2",,,"2","2",,"0",,,,,,,,
"Sant Joan de les Abadesses","171674","2017","2",,,"2","2",,"0",,,,,,,,
"Sant Joan de les Abadesses","171674","2018","6","3","1","2","2",,"4",,,,,"1","1","2",
"Sant Joan de les Abadesses","171674","2019","4",,"4",,,,"4",,,,"1","3",,,
"Sant Joan de les Abadesses","171674","2020","7","3","1","3",,,"7",,,,,,"7",,
"Sant Joan de les Abadesses","171674","2021","11","1","4","6","3",,"7","1",,,,"1","6",,
"Sant Joan de les Abadesses","171674","2022","17","11","3","3","1",,"16",,,"2","3","1","9","1",
"Sant Joan de les Abadesses","171674","2023","17","7","4","6",,"1","16",,,"1","5","2","7","1",
"Sant Joan de Mollet","171680","2011","1","1",,,,,"1",,"1",,,,,,
"Sant Joan de Mollet","171680","2012","1",,,"1","1",,"0",,,,,,,,
"Sant Joan de Mollet","171680","2013","0",,,,,,"0",,,,,,,,
"Sant Joan de Mollet","171680","2014","0",,,,,,"0",,,,,,,,
"Sant Joan de Mollet","171680","2015","0",,,,,,"0",,,,,,,,
"Sant Joan de Mollet","171680","2016","0",,,,,,"0",,,,,,,,
"Sant Joan de Mollet","171680","2017","0",,,,,,"0",,,,,,,,
"Sant Joan de Mollet","171680","2018","0",,,,,,"0",,,,,,,,
"Sant Joan de Mollet","171680","2019","3",,,"3",,,"3",,"3",,,,,,
"Sant Joan de Mollet","171680","2020","2",,,"2",,,"2",,"2",,,,,,
"Sant Joan de Mollet","171680","2021","0",,,,,,"0",,,,,,,,
"Sant Joan de Vilatorrada","082188","2011","33","2","7","24","20","3","10",,"1","1","4",,"3","1",
"Sant Joan de Vilatorrada","082188","2012","34","6","13","15","11","4","19",,"3","7","2",,"7",,
"Sant Joan de Vilatorrada","082188","2013","26","3","12","11","6","2","18",,"2","11","1",,"4",,
"Sant Joan de Vilatorrada","082188","2014","37",,"11","26","11","8","18",,"5","9",,,"4",,
"Sant Joan de Vilatorrada","082188","2015","29","1","6","22","11","3","15",,"4","7","1",,"2","1",
"Sant Joan de Vilatorrada","082188","2016","35","7","11","17","7","2","26",,"5","10","5",,"4","2",
"Sant Joan de Vilatorrada","082188","2017","27","2","11","14","8","2","17",,"3","3","4","2","4","1",
"Sant Joan de Vilatorrada","082188","2018","19","8","6","5","3",,"16",,"1","3","4","2","5","1",
"Sant Joan de Vilatorrada","082188","2019","21","10","6","5","5",,"16",,,"2","5","1","5","3",
"Sant Joan de Vilatorrada","082188","2020","19","2","10","7","3","1","15",,,"4","1",,"6","4",
"Sant Joan de Vilatorrada","082188","2021","22","6","11","5","1","3","16","2",,,,"2","13","1",
"Sant Joan de Vilatorrada","082188","2022","21","9","9","3","2",,"19","9",,,"2","3","5",,
"Sant Joan de Vilatorrada","082188","2023","25","9","15","1","1","1","23","2",,"4","4","3","10",,
"Sant Joan Despí","082172","2011","438","93","163","182","118","134","182","4","20","1","8","5","147",,"1"
"Sant Joan Despí","082172","2012","384","89","132","163","121","107","154","2","10","3","10","5","120","3","3"
"Sant Joan Despí","082172","2013","279","69","94","116","82","81","115","1","10","7","17","2","72","6","1"
"Sant Joan Despí","082172","2014","210","58","56","96","58","64","85","3","9","5","18",,"48","5",
"Sant Joan Despí","082172","2015","178","33","59","86","57","50","69","2","11","2","3",,"48","5",
"Sant Joan Despí","082172","2016","238","57","82","99","65","49","124",,"11",,"13",,"92","8",
"Sant Joan Despí","082172","2017","293","126","82","85","37","64","190","2","14","8","29","2","129","8",
"Sant Joan Despí","082172","2018","253","82","74","97","59","52","142",,"11","2","21","4","102","2",
"Sant Joan Despí","082172","2019","282","69","114","99","58","50","174",,"16","1","9","3","139","6",
"Sant Joan Despí","082172","2020","136","16","68","52","29","25","74","8","11",,"4",,"57","2",
"Sant Joan Despí","082172","2021","120","33","61","26","8","7","59","46","4",,"2",,"52","1",
"Sant Joan Despí","082172","2022","151","56","58","37","12","25","114","25","4",,"2",,"83",,
"Sant Joan Despí","082172","2023","199","77","74","48","18","24","157","9","3","4","3",,"134","1","3"
"Sant Joan les Fonts","171851","2011","20","2","11","7","5","1","14",,"1","2","2",,"5","4",
"Sant Joan les Fonts","171851","2012","17","1","12","4","2","1","14",,"3",,"2",,"6","3",
"Sant Joan les Fonts","171851","2013","15","2","7","6","5","2","8",,"1",,"1",,"5","1",
"Sant Joan les Fonts","171851","2014","19","2","4","13","10","3","6",,"3",,,,"2","1",
"Sant Joan les Fonts","171851","2015","12","2","5","5","4","6","2",,,,,,"2",,
"Sant Joan les Fonts","171851","2016","8","1","5","2","2","1","5",,,,,,"4","1",
"Sant Joan les Fonts","171851","2017","8","2","5","1","2",,"6",,,,"2",,"3","1",
"Sant Joan les Fonts","171851","2018","3","1","2",,,,"3",,,,,,"3",,
"Sant Joan les Fonts","171851","2019","15","8","3","4","3","2","10",,,,"3","1","3","3",
"Sant Joan les Fonts","171851","2020","11","1","3","7","6","1","4",,,,"1",,"3",,
"Sant Joan les Fonts","171851","2021","6","2","1","3",,"1","3","2","2",,,,"1",,
"Sant Joan les Fonts","171851","2022","10","2","4","4","2","1","7","3","1",,,,"3",,
"Sant Joan les Fonts","171851","2023","12","2","6","4","4",,"8","3",,,,,"3",,"2"
"Sant Jordi Desvalls","171668","2011","3","1","1","1",,,"3",,"2",,,"1",,,
"Sant Jordi Desvalls","171668","2012","5","2","1","2",,,"5",,"2",,"2","1",,,
"Sant Jordi Desvalls","171668","2013","3","1",,"2",,,"3",,"2",,"1",,,,
"Sant Jordi Desvalls","171668","2014","16","15",,"1",,,"15","1",,"1","8",,"6",,
"Sant Jordi Desvalls","171668","2015","0",,,,,,"0",,,,,,,,
"Sant Jordi Desvalls","171668","2016","2",,"2",,,,"2",,,,,,"2",,
"Sant Jordi Desvalls","171668","2017","4","1","3",,,,"4",,"1",,,,"3",,
"Sant Jordi Desvalls","171668","2018","2","1",,"1",,,"2",,,,,,"2",,
"Sant Jordi Desvalls","171668","2019","2","2",,,,,"2",,,,,,"2",,
"Sant Jordi Desvalls","171668","2020","5","3","1","1","1",,"4",,,,,"1","3",,
"Sant Jordi Desvalls","171668","2021","2","1","1",,,,"2",,,,"2",,,,
"Sant Julià de Ramis","171693","2011","11","1","9","1","2","1","8",,,,"2",,"6",,
"Sant Julià de Ramis","171693","2012","4","2","2",,,"2","2",,,,"1",,"1",,
"Sant Julià de Ramis","171693","2013","5",,"3","2","2","2","1",,,,,,"1",,
"Sant Julià de Ramis","171693","2014","7",,"3","4","3","2","2",,"2",,,,,,
"Sant Julià de Ramis","171693","2015","6",,"1","5","4","1","1",,"1",,,,,,
"Sant Julià de Ramis","171693","2016","9","2","3","4","2","3","4",,,,"3",,"1",,
"Sant Julià de Ramis","171693","2017","8","2","3","3","2","1","5",,,,,"2","3",,
"Sant Julià de Ramis","171693","2018","9","1","3","5","1","1","7",,,,,,"7",,
"Sant Julià de Ramis","171693","2019","11","4","3","4","3",,"8",,,,"1",,"7",,
"Sant Julià de Ramis","171693","2020","7","3","2","2","2",,"5",,,,"1",,"4",,
"Sant Julià de Ramis","171693","2021","12","1","9","2","4","1","5","2",,,,,"5",,
"Sant Julià de Ramis","171693","2022","16","8","6","2","2","1","13",,,"2","3",,"6","2",
"Sant Julià de Ramis","171693","2023","16","5","8","3","3","3","10",,,"1","2",,"5","2",
"Sant Julià de Vilatorta","082205","2011","21","3","7","11","9","1","10","1","1",,"2",,"5","2",
"Sant Julià de Vilatorta","082205","2012","16","2","6","8","8","1","7",,"1",,"3",,,"3",
"Sant Julià de Vilatorta","082205","2013","17",,"5","12","11","2","4",,"2",,"1",,,"1",
"Sant Julià de Vilatorta","082205","2014","5","2","1","2","2",,"3",,,,"2",,,,"1"
"Sant Julià de Vilatorta","082205","2015","9","3","4","2","2","1","6",,"1",,"2","2",,,"1"
"Sant Julià de Vilatorta","082205","2016","16","4","6","6","6","2","8",,,,"6",,"1","1",
"Sant Julià de Vilatorta","082205","2017","14","3","6","5","4","2","8",,,,"4",,"1","3",
"Sant Julià de Vilatorta","082205","2018","6","3","2","1",,,"6",,,,,"1","1","4",
"Sant Julià de Vilatorta","082205","2019","21","12","6","3","3","2","16",,"1",,"7",,"6","2",
"Sant Julià de Vilatorta","082205","2020","10","5","3","2","2",,"8",,"2",,"2",,"3","1",
"Sant Julià de Vilatorta","082205","2021","2",,"2",,,,"2",,,,,,"2",,
"Sant Julià de Vilatorta","082205","2022","9","7","2",,,,"9",,,"7",,,,"1","1"
"Sant Julià de Vilatorta","082205","2023","12","1","6","5","1",,"11",,"3","3",,,"2",,"3"
"Sant Julià del Llor i Bonmatí","179032","2011","9","1","2","6","5","2","1","1",,,"1",,,,
"Sant Julià del Llor i Bonmatí","179032","2012","5",,"3","2","2","2","1",,,,"1",,,,
"Sant Julià del Llor i Bonmatí","179032","2013","4","1","1","2",,"2","2",,,,,,"2",,
"Sant Julià del Llor i Bonmatí","179032","2014","1",,,"1","1",,"0",,,,,,,,
"Sant Julià del Llor i Bonmatí","179032","2015","2",,,"2","2",,"0",,,,,,,,
"Sant Julià del Llor i Bonmatí","179032","2016","4",,"2","2","2",,"2",,"1",,"1",,,,
"Sant Julià del Llor i Bonmatí","179032","2017","2",,"1","1","1",,"1",,,,,,"1",,
"Sant Julià del Llor i Bonmatí","179032","2018","4","1","1","2","1",,"3",,"1",,,,"2",,
"Sant Julià del Llor i Bonmatí","179032","2019","9","1","4","4","4",,"5",,,,,,"5",,
"Sant Julià del Llor i Bonmatí","179032","2020","1",,,"1","1",,"0",,,,,,,,
"Sant Julià del Llor i Bonmatí","179032","2021","8","4","1","3","2",,"5","1",,,,,"5",,
"Sant Julià del Llor i Bonmatí","179032","2023","2","1",,"1",,,"2",,,,,,"2",,
"Sant Just Desvern","082212","2011","230","42","97","91","56","34","140",,"17","15","3",,"96","4","5"
"Sant Just Desvern","082212","2012","222","56","54","112","73","32","117",,"20","9","5",,"75","6","2"
"Sant Just Desvern","082212","2013","200","39","52","109","66","34","100",,"14","10","7","1","64","2","2"
"Sant Just Desvern","082212","2014","185","27","52","106","69","30","86",,"13","5","3","3","55","6","1"
"Sant Just Desvern","082212","2015","176","31","45","100","72","31","72","1","13","4","5","2","42","2","4"
"Sant Just Desvern","082212","2016","168","27","34","107","79","29","60",,"11","2","7",,"39","1",
"Sant Just Desvern","082212","2017","170","38","42","90","53","36","81",,"13","9","1",,"52","5","1"
"Sant Just Desvern","082212","2018","185","47","55","83","42","27","114","2","22","8","5","10","63","6",
"Sant Just Desvern","082212","2019","352","128","134","90","50","20","280","2","23","8","9","102","130","8",
"Sant Just Desvern","082212","2020","166","36","85","45","26","20","115","5","10","5","4","20","73","3",
"Sant Just Desvern","082212","2021","184","46","108","30","18","6","122","38","25","4","4","3","85","1",
"Sant Just Desvern","082212","2022","133","35","65","33","13","5","115","11","22","1","4","1","73","2","1"
"Sant Just Desvern","082212","2023","173","36","76","61","16","22","135","6","25","4",,"5","90","4","1"
"Sant Llorenç de la Muga","171714","2011","1","1",,,,,"1",,,,,"1",,,
"Sant Llorenç de la Muga","171714","2012","0",,,,,,"0",,,,,,,,
"Sant Llorenç de la Muga","171714","2013","0",,,,,,"0",,,,,,,,
"Sant Llorenç de la Muga","171714","2014","0",,,,,,"0",,,,,,,,
"Sant Llorenç de la Muga","171714","2015","0",,,,,,"0",,,,,,,,
"Sant Llorenç de la Muga","171714","2016","3",,"3",,,,"3",,"2",,,,"1",,
"Sant Llorenç de la Muga","171714","2017","2","1","1",,,"1","1",,"1",,,,,,
"Sant Llorenç de la Muga","171714","2018","1",,"1",,,,"1",,"1",,,,,,
"Sant Llorenç de la Muga","171714","2019","1",,,"1","1",,"0",,,,,,,,
"Sant Llorenç de la Muga","171714","2020","1",,,"1","1",,"0",,,,,,,,
"Sant Llorenç de la Muga","171714","2021","0",,,,,,"0",,,,,,,,
"Sant Llorenç de la Muga","171714","2022","17","15","2",,,,"17","1","6","4","1",,"4",,"1"
"Sant Llorenç de la Muga","171714","2023","6",,"6",,,,"6",,,"3",,,"3",,
"Sant Llorenç de Morunys","251930","2011","0",,,,,,"0",,,,,,,,
"Sant Llorenç de Morunys","251930","2012","2","1","1",,,,"2",,,"1","1",,,,
"Sant Llorenç de Morunys","251930","2013","3","3",,,,"1","2",,,"2",,,,,
"Sant Llorenç de Morunys","251930","2014","5","2","3",,,"3","2",,,"2",,,,,
"Sant Llorenç de Morunys","251930","2015","5",,"3","2",,"4","1",,,"1",,,,,
"Sant Llorenç de Morunys","251930","2016","1",,,"1",,"1","0",,,,,,,,
"Sant Llorenç de Morunys","251930","2017","1",,,"1",,"1","0",,,,,,,,
"Sant Llorenç de Morunys","251930","2018","1",,,"1","1",,"0",,,,,,,,
"Sant Llorenç de Morunys","251930","2019","1",,"1",,,,"1",,,"1",,,,,
"Sant Llorenç de Morunys","251930","2020","0",,,,,,"0",,,,,,,,
"Sant Llorenç de Morunys","251930","2021","1","1",,,,,"1",,,,,,"1",,
"Sant Llorenç de Morunys","251930","2022","4","4",,,,,"4",,,"4",,,,,
"Sant Llorenç d'Hortons","082227","2011","8",,"1","7","3",,"0","5",,,,,,,
"Sant Llorenç d'Hortons","082227","2012","6",,"1","5","4",,"0","2",,,,,,,
"Sant Llorenç d'Hortons","082227","2013","3",,"1","2","2","1","0",,,,,,,,
"Sant Llorenç d'Hortons","082227","2014","3","1","1","1","1","1","1",,,,,,"1",,
"Sant Llorenç d'Hortons","082227","2015","2","1",,"1","1",,"1",,,,,,"1",,
"Sant Llorenç d'Hortons","082227","2016","11","1","5","5","4","3","4",,,,"1",,"3",,
"Sant Llorenç d'Hortons","082227","2017","7","1","1","5","4","2","1",,,,,,"1",,
"Sant Llorenç d'Hortons","082227","2018","7","1","3","3","1","3","3",,,,,,"3",,
"Sant Llorenç d'Hortons","082227","2019","4",,,"4","1","2","1",,,,,,"1",,
"Sant Llorenç d'Hortons","082227","2020","2","1",,"1",,,"2",,,,,,"2",,
"Sant Llorenç d'Hortons","082227","2021","0",,,,,,"0",,,,,,,,
"Sant Llorenç d'Hortons","082227","2022","2",,,"2","2",,,,,,,,,,
"Sant Llorenç d'Hortons","082227","2023","6","2","1","3","1",,"5",,,,,,"5",,
"Sant Llorenç Savall","082233","2011","21","5","4","12","9","1","11",,,,,,"11",,
"Sant Llorenç Savall","082233","2012","10",,"1","9","5",,"5",,,,,,"5",,
"Sant Llorenç Savall","082233","2013","11",,"3","8","5","1","5",,,,,,"5",,
"Sant Llorenç Savall","082233","2014","11","1","2","8","5","1","5",,,"1",,,"4",,
"Sant Llorenç Savall","082233","2015","6",,,"6","3",,"3",,,,,,"3",,
"Sant Llorenç Savall","082233","2016","7",,,"7","5",,"2",,,,,,"2",,
"Sant Llorenç Savall","082233","2017","9","1","1","7","5",,"4",,,,,,"4",,
"Sant Llorenç Savall","082233","2018","9","1","7","1","1","1","7",,,,,,"7",,
"Sant Llorenç Savall","082233","2019","6",,"3","3","2",,"4",,,,,,"4",,
"Sant Llorenç Savall","082233","2020","7","1","2","4","4",,"2","1","1",,,,"1",,
"Sant Llorenç Savall","082233","2021","1",,,"1",,,"0","1",,,,,,,
"Sant Llorenç Savall","082233","2022","4","2",,"2","2",,"2",,,,,,"2",,
"Sant Llorenç Savall","082233","2023","9","3","2","4","4","2","3",,"1",,,,"2",,
"Sant Martí d'Albars","082251","2011","0",,,,,,"0",,,,,,,,
"Sant Martí d'Albars","082251","2012","0",,,,,,"0",,,,,,,,
"Sant Martí d'Albars","082251","2013","0",,,,,,"0",,,,,,,,
"Sant Martí d'Albars","082251","2014","0",,,,,,"0",,,,,,,,
"Sant Martí d'Albars","082251","2015","0",,,,,,"0",,,,,,,,
"Sant Martí d'Albars","082251","2016","0",,,,,,"0",,,,,,,,
"Sant Martí d'Albars","082251","2017","0",,,,,,"0",,,,,,,,
"Sant Martí d'Albars","082251","2018","2",,,"2",,,"2",,,,,,"2",,
"Sant Martí d'Albars","082251","2019","0",,,,,,"0",,,,,,,,
"Sant Martí d'Albars","082251","2020","0",,,,,,"0",,,,,,,,
"Sant Martí d'Albars","082251","2021","1",,,"1",,,"1",,,,,,"1",,
"Sant Martí d'Albars","082251","2022","1",,,"1",,,"1",,,,,,"1",,
"Sant Martí de Centelles","082248","2011","4","1","2","1","1",,"3",,,,"1",,,"2",
"Sant Martí de Centelles","082248","2012","1",,"1",,,"1","0",,,,,,,,
"Sant Martí de Centelles","082248","2013","2",,"2",,,"2","0",,,,,,,,
"Sant Martí de Centelles","082248","2014","1",,,"1",,"1","0",,,,,,,,
"Sant Martí de Centelles","082248","2015","2",,,"2",,"2","0",,,,,,,,
"Sant Martí de Centelles","082248","2016","2","1",,"1",,"1","1",,,,,,"1",,
"Sant Martí de Centelles","082248","2017","0",,,,,,"0",,,,,,,,
"Sant Martí de Centelles","082248","2018","2","2",,,,,"2",,,,,"1","1",,
"Sant Martí de Centelles","082248","2019","5","5",,,,,"5",,,,"2","1","2",,
"Sant Martí de Centelles","082248","2020","6","1","2","3",,,"2","4",,,,,"2",,
"Sant Martí de Centelles","082248","2021","3","1","2",,,,"3",,,,,,"3",,
"Sant Martí de Centelles","082248","2022","1",,"1",,,,"1",,,,,,"1",,
"Sant Martí de Centelles","082248","2023","11","8","1","2","2",,"9",,,,"4",,"5",,
"Sant Martí de Llémena","171729","2011","7","1","2","4","2","2","3",,,,"2",,"1",,
"Sant Martí de Llémena","171729","2012","3",,"2","1","1",,"2",,,,"2",,,,
"Sant Martí de Llémena","171729","2013","1",,"1",,,,"1",,,,"1",,,,
"Sant Martí de Llémena","171729","2014","2",,"2",,,,"2",,,,"2",,,,
"Sant Martí de Llémena","171729","2015","3",,"2","1",,,"3",,,,"2",,"1",,
"Sant Martí de Llémena","171729","2016","0",,,,,,"0",,,,,,,,
"Sant Martí de Llémena","171729","2017","2",,,"2","1",,"1",,,,,,"1",,
"Sant Martí de Llémena","171729","2018","0",,,,,,"0",,,,,,,,
"Sant Martí de Llémena","171729","2019","2",,"2",,,"2","0",,,,,,,,
"Sant Martí de Llémena","171729","2020","0",,,,,,"0",,,,,,,,
"Sant Martí de Llémena","171729","2021","44","39","2","3",,,"6","38","1",,"1",,"4",,
"Sant Martí de Llèmena","171729","2022","102","48","48","6",,"1","101","92","1",,"6",,"2",,
"Sant Martí de Llèmena","171729","2023","19","3","11","5",,,"19","16",,,"3",,,,
"Sant Martí de Riucorb","259025","2011","0",,,,,,"0",,,,,,,,
"Sant Martí de Riucorb","259025","2012","0",,,,,,"0",,,,,,,,
"Sant Martí de Riucorb","259025","2013","0",,,,,,"0",,,,,,,,
"Sant Martí de Riucorb","259025","2014","0",,,,,,"0",,,,,,,,
"Sant Martí de Riucorb","259025","2015","1",,,"1","1",,"0",,,,,,,,
"Sant Martí de Riucorb","259025","2016","0",,,,,,"0",,,,,,,,
"Sant Martí de Riucorb","259025","2017","2","1",,"1","1",,"1",,,,"1",,,,
"Sant Martí de Riucorb","259025","2018","3","2",,"1","1",,"2",,,,"2",,,,
"Sant Martí de Riucorb","259025","2019","4","2","2",,,,"4",,"2",,"2",,,,
"Sant Martí de Riucorb","259025","2020","1",,"1",,,,"1",,,,"1",,,,
"Sant Martí de Riucorb","259025","2021","0",,,,,,"0",,,,,,,,
"Sant Martí de Riucorb","259025","2023","4","1","2","1",,"1","3",,"2",,"1",,,,
"Sant Martí de Tous","082264","2011","4","1",,"3","3",,"1",,,,"1",,,,
"Sant Martí de Tous","082264","2012","4",,"2","2",,"3","1",,,,,,"1",,
"Sant Martí de Tous","082264","2013","5",,"3","2",,"3","2",,,,,,"2",,
"Sant Martí de Tous","082264","2014","3",,"1","2",,"2","1",,,,,,"1",,
"Sant Martí de Tous","082264","2015","1",,,"1",,"1","0",,,,,,,,
"Sant Martí de Tous","082264","2016","1",,,"1","1",,"0",,,,,,,,
"Sant Martí de Tous","082264","2017","1",,,"1",,"1","0",,,,,,,,
"Sant Martí de Tous","082264","2018","4","1",,"3","1","2","1",,,,"1",,,,
"Sant Martí de Tous","082264","2019","4","1",,"3",,"3","1",,,,,,"1",,
"Sant Martí de Tous","082264","2020","0",,,,,,"0",,,,,,,,
"Sant Martí de Tous","082264","2021","1",,,"1",,,"1",,"1",,,,,,
"Sant Martí de Tous","082264","2022","4","1","1","2","2",,"2",,,"2",,,,,
"Sant Martí de Tous","082264","2023","12","7","2","3","1",,"11",,,"11",,,,,
"Sant Martí Sarroca","082270","2011","11","1","2","8","4",,"5","2",,,"3",,"2",,
"Sant Martí Sarroca","082270","2012","11","1","4","6","4","1","6",,,,"1",,"5",,
"Sant Martí Sarroca","082270","2013","7",,,"7","3","2","2",,,,,,"2",,
"Sant Martí Sarroca","082270","2014","8","1","1","6","4","1","3",,"1",,,,"2",,
"Sant Martí Sarroca","082270","2015","4",,,"4","4",,"0",,,,,,,,
"Sant Martí Sarroca","082270","2016","1",,"1",,,,"1",,"1",,,,,,
"Sant Martí Sarroca","082270","2017","10","4","2","4","4","2","4",,,"1","2",,"1",,
"Sant Martí Sarroca","082270","2018","15",,"5","10","8","2","5",,"1",,,,"4",,
"Sant Martí Sarroca","082270","2019","16","1","2","13","7",,"9",,,,,,"9",,
"Sant Martí Sarroca","082270","2020","2","2",,,,"1","1",,,,,,"1",,
"Sant Martí Sarroca","082270","2021","9",,"5","4","3","2","4",,,,,,"4",,
"Sant Martí Sarroca","082270","2022","10","2","3","5","1","3","6",,,,,,"6",,
"Sant Martí Sarroca","082270","2023","14","3","9","2","3","2","9",,"3",,,,"6",,
"Sant Martí Sesgueioles","082286","2011","1",,"1",,"1",,"0",,,,,,,,
"Sant Martí Sesgueioles","082286","2012","4",,,"4","4",,"0",,,,,,,,
"Sant Martí Sesgueioles","082286","2013","0",,,,,,"0",,,,,,,,
"Sant Martí Sesgueioles","082286","2014","1",,,"1",,,"1",,"1",,,,,,
"Sant Martí Sesgueioles","082286","2015","0",,,,,,"0",,,,,,,,
"Sant Martí Sesgueioles","082286","2016","2",,,"2","1","1","0",,,,,,,,
"Sant Martí Sesgueioles","082286","2017","0",,,,,,"0",,,,,,,,
"Sant Martí Sesgueioles","082286","2018","0",,,,,,"0",,,,,,,,
"Sant Martí Sesgueioles","082286","2019","0",,,,,,"0",,,,,,,,
"Sant Martí Sesgueioles","082286","2020","0",,,,,,"0",,,,,,,,
"Sant Martí Sesgueioles","082286","2021","0",,,,,,"0",,,,,,,,
"Sant Martí Vell","171735","2011","2","2",,,,,"2",,,,,"2",,,
"Sant Martí Vell","171735","2012","3","2","1",,,"1","2",,,,,"2",,,
"Sant Martí Vell","171735","2013","1",,,"1",,"1","0",,,,,,,,
"Sant Martí Vell","171735","2014","0",,,,,,"0",,,,,,,,
"Sant Martí Vell","171735","2015","0",,,,,,"0",,,,,,,,
"Sant Martí Vell","171735","2016","0",,,,,,"0",,,,,,,,
"Sant Martí Vell","171735","2017","0",,,,,,"0",,,,,,,,
"Sant Martí Vell","171735","2018","0",,,,,,"0",,,,,,,,
"Sant Martí Vell","171735","2019","2","2",,,,,"2",,,,,"2",,,
"Sant Martí Vell","171735","2020","0",,,,,,"0",,,,,,,,
"Sant Martí Vell","171735","2021","2","2",,,,,"1","1",,,,"1",,,
"Sant Martí Vell","171735","2022","1","1",,,,,"1",,,,,"1",,,
"Sant Mateu de Bages","082299","2011","3",,,"3","2",,"1",,,"1",,,,,
"Sant Mateu de Bages","082299","2012","0",,,,,,"0",,,,,,,,
"Sant Mateu de Bages","082299","2013","0",,,,,,"0",,,,,,,,
"Sant Mateu de Bages","082299","2014","2","1","1",,,,"2",,,,,,"2",,
"Sant Mateu de Bages","082299","2015","1",,"1",,,,"1",,,,,,"1",,
"Sant Mateu de Bages","082299","2016","2","1",,"1",,,"2",,"1","1",,,,,
"Sant Mateu de Bages","082299","2017","1",,,"1",,,"1",,,"1",,,,,
"Sant Mateu de Bages","082299","2018","0",,,,,,"0",,,,,,,,
"Sant Mateu de Bages","082299","2019","0",,,,,,"0",,,,,,,,
"Sant Mateu de Bages","082299","2020","0",,,,,,"0",,,,,,,,
"Sant Mateu de Bages","082299","2021","40","29","4","7","1",,"1","38",,,,,"1",,
"Sant Mateu de Bages","082299","2022","72","33","29","10","4",,"68","60",,,,"2","6",,
"Sant Mateu de Bages","082299","2023","19","1","12","6","2",,"17","17",,,,,,,
"Sant Miquel de Campmajor","171740","2011","0",,,,,,"0",,,,,,,,
"Sant Miquel de Campmajor","171740","2012","0",,,,,,"0",,,,,,,,
"Sant Miquel de Campmajor","171740","2013","0",,,,,,"0",,,,,,,,
"Sant Miquel de Campmajor","171740","2014","0",,,,,,"0",,,,,,,,
"Sant Miquel de Campmajor","171740","2015","0",,,,,,"0",,,,,,,,
"Sant Miquel de Campmajor","171740","2016","2",,,"2","1","1","0",,,,,,,,
"Sant Miquel de Campmajor","171740","2017","1",,,"1",,"1","0",,,,,,,,
"Sant Miquel de Campmajor","171740","2018","0",,,,,,"0",,,,,,,,
"Sant Miquel de Campmajor","171740","2019","0",,,,,,"0",,,,,,,,
"Sant Miquel de Campmajor","171740","2020","1","1",,,,,"1",,,,,,"1",,
"Sant Miquel de Campmajor","171740","2021","1",,"1",,,,"1",,,,,,"1",,
"Sant Miquel de Fluvià","171753","2011","4","2","2",,"1","2","1",,,,"1",,,,
"Sant Miquel de Fluvià","171753","2012","1",,,"1","1",,"0",,,,,,,,
"Sant Miquel de Fluvià","171753","2013","0",,,,,,"0",,,,,,,,
"Sant Miquel de Fluvià","171753","2014","2","1","1",,,"2","0",,,,,,,,
"Sant Miquel de Fluvià","171753","2015","3","2","1",,,"1","2",,,,"1",,,"1",
"Sant Miquel de Fluvià","171753","2016","1",,"1",,,"1","0",,,,,,,,
"Sant Miquel de Fluvià","171753","2017","2",,"2",,,,"2",,,,,,"2",,
"Sant Miquel de Fluvià","171753","2018","3",,"1","2",,"2","1",,,,,,"1",,
"Sant Miquel de Fluvià","171753","2019","3","1","2",,,"1","2",,,,,,"2",,
"Sant Miquel de Fluvià","171753","2020","3",,"2","1",,"2","1",,,,,,"1",,
"Sant Miquel de Fluvià","171753","2021","1",,,"1",,"1","0",,,,,,,,
"Sant Miquel de Fluvià","171753","2022","2","1",,"1",,"1","1",,,,,,"1",,
"Sant Miquel de Fluvià","171753","2023","12","3","6","3",,"4","8",,"6",,,,"2",,
"Sant Mori","171766","2011","0",,,,,,"0",,,,,,,,
"Sant Mori","171766","2012","0",,,,,,"0",,,,,,,,
"Sant Mori","171766","2013","0",,,,,,"0",,,,,,,,
"Sant Mori","171766","2014","0",,,,,,"0",,,,,,,,
"Sant Mori","171766","2015","0",,,,,,"0",,,,,,,,
"Sant Mori","171766","2016","0",,,,,,"0",,,,,,,,
"Sant Mori","171766","2017","1",,"1",,,,"1",,"1",,,,,,
"Sant Mori","171766","2018","0",,,,,,"0",,,,,,,,
"Sant Mori","171766","2019","1",,"1",,,,"1",,,,,,"1",,
"Sant Mori","171766","2020","0",,,,,,"0",,,,,,,,
"Sant Mori","171766","2021","3","1","2",,,,"1","2",,,,,"1",,
"Sant Mori","171766","2023","4","2","2",,,,"4",,,,,,"4",,
"Sant Pau de Segúries","171772","2011","0",,,,,,"0",,,,,,,,
"Sant Pau de Segúries","171772","2012","0",,,,,,"0",,,,,,,,
"Sant Pau de Segúries","171772","2013","1",,"1",,,,"1",,,,,,"1",,
"Sant Pau de Segúries","171772","2014","1",,,"1",,,"1",,,,,,"1",,
"Sant Pau de Segúries","171772","2015","0",,,,,,"0",,,,,,,,
"Sant Pau de Segúries","171772","2016","0",,,,,,"0",,,,,,,,
"Sant Pau de Segúries","171772","2017","0",,,,,,"0",,,,,,,,
"Sant Pau de Segúries","171772","2018","0",,,,,,"0",,,,,,,,
"Sant Pau de Segúries","171772","2019","1","1",,,,,"1",,,,"1",,,,
"Sant Pau de Segúries","171772","2020","1",,,"1",,,"1",,,,,,"1",,
"Sant Pau de Segúries","171772","2021","1",,,"1",,,"1",,,,,,"1",,
"Sant Pau de Segúries","171772","2022","7","3","3","1",,"2","5","1",,,,,"4",,
"Sant Pau de Segúries","171772","2023","4","1","2","1",,"1","3",,,,"1",,"2",,
"Sant Pere de Ribes","082310","2011","347","76","78","193","139","57","148","3","23","1","8","1","110",,"5"
"Sant Pere de Ribes","082310","2012","289","76","87","126","88","50","150","1","17",,"14","3","110","3","3"
"Sant Pere de Ribes","082310","2013","226","63","63","100","58","41","126","1","17","4","10","2","79","9","5"
"Sant Pere de Ribes","082310","2014","243","88","68","87","60","37","146",,"35","2","27",,"72","8","2"
"Sant Pere de Ribes","082310","2015","216","87","63","66","49","28","139",,"18","12","43","1","61","3","1"
"Sant Pere de Ribes","082310","2016","251","101","58","92","56","37","157","1","13","11","57","3","66","6","1"
"Sant Pere de Ribes","082310","2017","262","117","90","55","37","31","194",,"26","6","80","2","65","14","1"
"Sant Pere de Ribes","082310","2018","258","99","78","81","51","24","183",,"23","6","53","2","90","7","2"
"Sant Pere de Ribes","082310","2019","285","104","121","60","40","23","221","1","27","6","53","5","118","7","5"
"Sant Pere de Ribes","082310","2020","228","86","80","62","26","16","156","30","18","7","19","1","103","5","3"
"Sant Pere de Ribes","082310","2021","237","70","100","67","29","14","120","74","7","3","13","1","90","6",
"Sant Pere de Ribes","082310","2022","240","114","71","55","36","16","188","14","8","14","20","2","128","2",
"Sant Pere de Ribes","082310","2023","276","98","112","66","49","25","202","2","11","10","27","1","147","4",
"Sant Pere de Riudebitlles","082325","2011","3","1","1","1","1",,"2",,,,,,"2",,
"Sant Pere de Riudebitlles","082325","2012","5","3",,"2","2",,"3",,,,,,"3",,
"Sant Pere de Riudebitlles","082325","2013","7","3",,"4","4",,"3",,,"1",,,"2",,
"Sant Pere de Riudebitlles","082325","2014","6",,"2","4","4",,"2",,,,,,"2",,
"Sant Pere de Riudebitlles","082325","2015","4",,"3","1","2",,"2",,,,,,"2",,
"Sant Pere de Riudebitlles","082325","2016","1",,,"1","1",,"0",,,,,,,,
"Sant Pere de Riudebitlles","082325","2017","5","2","1","2","1","1","3",,"2",,"1",,,,
"Sant Pere de Riudebitlles","082325","2018","9","2","1","6","4","2","3",,"1",,"2",,,,
"Sant Pere de Riudebitlles","082325","2019","8","1",,"7","7","1","0",,,,,,,,
"Sant Pere de Riudebitlles","082325","2020","4",,,"4","4",,"0",,,,,,,,
"Sant Pere de Riudebitlles","082325","2021","1",,,"1","1",,"0",,,,,,,,
"Sant Pere de Riudebitlles","082325","2022","9","9",,,,,"9",,,,"6","1","2",,
"Sant Pere de Riudebitlles","082325","2023","4",,"4",,"1",,"3",,,,,,"3",,
"Sant Pere de Torelló","082331","2011","22","4","8","10","7","4","9","2","2",,"2",,"3","2",
"Sant Pere de Torelló","082331","2012","14",,"9","5","5","2","7",,"3","1",,,"2","1",
"Sant Pere de Torelló","082331","2013","6",,"2","4","2",,"4",,"1",,,,"2","1",
"Sant Pere de Torelló","082331","2014","6","1","1","4","2","1","3",,"1",,,,"2",,
"Sant Pere de Torelló","082331","2015","9",,"6","3","2","3","4",,"1",,,"1","2",,
"Sant Pere de Torelló","082331","2016","13","1","6","6","6","3","4",,"1",,"1","1",,"1",
"Sant Pere de Torelló","082331","2017","3",,"2","1","1","2","0",,,,,,,,
"Sant Pere de Torelló","082331","2018","3","1","1","1",,"2","1",,"1",,,,,,
"Sant Pere de Torelló","082331","2019","6","1","3","2",,"1","5",,"3",,"1",,"1",,
"Sant Pere de Torelló","082331","2020","1",,"1",,,,"1",,"1",,,,,,
"Sant Pere de Torelló","082331","2021","2",,,"2","1","1","0",,,,,,,,
"Sant Pere de Torelló","082331","2022","15","13","1","1","1","1","13",,,"3","3","1","6",,
"Sant Pere de Torelló","082331","2023","38","24","7","7","7","1","30",,,"8","11","3","8",,
"Sant Pere de Vilamajor","082346","2011","54","2","5","47","38","9","6","1",,"1","2",,"3",,
"Sant Pere de Vilamajor","082346","2012","39","2","11","26","18","7","13","1","2","1","5",,"4",,"1"
"Sant Pere de Vilamajor","082346","2013","23","1","8","14","7","6","10",,"2",,"3",,"3",,"2"
"Sant Pere de Vilamajor","082346","2014","14","3","2","9","5","4","5",,,,"3",,,,"2"
"Sant Pere de Vilamajor","082346","2015","8",,"2","6","5","2","1",,,,,,,,"1"
"Sant Pere de Vilamajor","082346","2016","16","4","2","10","9","3","4",,,"1",,,"1","2",
"Sant Pere de Vilamajor","082346","2017","20","4","5","11","7","4","9",,"1","2","2",,"4",,
"Sant Pere de Vilamajor","082346","2018","16","1","1","14","10","2","4",,,,,,"4",,
"Sant Pere de Vilamajor","082346","2019","30","18","5","7","5","2","23",,,"1","13",,"9",,
"Sant Pere de Vilamajor","082346","2020","21","18","1","2","2",,"18","1","1","1","12","1","3",,
"Sant Pere de Vilamajor","082346","2021","15","4","8","3",,"2","8","5","1",,"3","1","3",,
"Sant Pere de Vilamajor","082346","2022","11","4","4","3","1","2","8",,,"2","1","1","4",,
"Sant Pere de Vilamajor","082346","2023","21","1","7","13","6","5","10",,"2","3","1","2","2",,
"Sant Pere Pescador","171788","2011","96","68","24","4","2","2","87","5","12","1","13","61",,,
"Sant Pere Pescador","171788","2012","81","27","50","4","1","3","75","2","12","1","7","51","4",,
"Sant Pere Pescador","171788","2013","67","46","19","2",,"2","65",,"8",,"20","31","6",,
"Sant Pere Pescador","171788","2014","20","20",,,,"1","19",,"5",,"3","10","1",,
"Sant Pere Pescador","171788","2015","15","13","2",,,"2","12","1","1",,"4","7",,,
"Sant Pere Pescador","171788","2016","15","14","1",,,"1","14",,"1",,"5","7","1",,
"Sant Pere Pescador","171788","2017","5","2","3",,,,"5",,"2",,"1","1","1",,
"Sant Pere Pescador","171788","2018","1",,,"1",,"1","0",,,,,,,,
"Sant Pere Pescador","171788","2019","35","29","4","2",,"2","33",,"4",,"22","7",,,
"Sant Pere Pescador","171788","2020","22","19","1","2",,"2","20",,"5",,"11","3","1",,
"Sant Pere Pescador","171788","2021","2",,"2",,,,"2",,,,"2",,,,
"Sant Pere Pescador","171788","2022","3","3",,,,,"3",,,,"3",,,,
"Sant Pere Pescador","171788","2023","2","2",,,,,"2",,,,"2",,,,
"Sant Pere Sallavinera","081897","2011","0",,,,,,"0",,,,,,,,
"Sant Pere Sallavinera","081897","2012","1",,,"1","1",,"0",,,,,,,,
"Sant Pere Sallavinera","081897","2013","0",,,,,,"0",,,,,,,,
"Sant Pere Sallavinera","081897","2014","1",,,"1","1",,"0",,,,,,,,
"Sant Pere Sallavinera","081897","2015","0",,,,,,"0",,,,,,,,
"Sant Pere Sallavinera","081897","2016","0",,,,,,"0",,,,,,,,
"Sant Pere Sallavinera","081897","2017","0",,,,,,"0",,,,,,,,
"Sant Pere Sallavinera","081897","2018","0",,,,,,"0",,,,,,,,
"Sant Pere Sallavinera","081897","2019","0",,,,,,"0",,,,,,,,
"Sant Pere Sallavinera","081897","2020","0",,,,,,"0",,,,,,,,
"Sant Pere Sallavinera","081897","2021","0",,,,,,"0",,,,,,,,
"Sant Pol de Mar","082359","2011","27","5","13","9","3","4","20",,"3",,"2",,"14","1",
"Sant Pol de Mar","082359","2012","25","2","14","9","1","8","16",,"8",,,,"8",,
"Sant Pol de Mar","082359","2013","27","4","10","13","4","3","20",,"6",,,,"13",,"1"
"Sant Pol de Mar","082359","2014","16","2","6","8","4","2","10",,"2",,,,"8",,
"Sant Pol de Mar","082359","2015","27","2","13","12","7","2","18",,"3",,,,"15",,
"Sant Pol de Mar","082359","2016","17","3","5","9","6","1","10",,"2","1",,,"6",,"1"
"Sant Pol de Mar","082359","2017","13","3","3","7","2","3","8",,"2","4",,,"2",,
"Sant Pol de Mar","082359","2018","20","5","9","6","3","4","13",,,"5","2",,"4","2",
"Sant Pol de Mar","082359","2019","24","3","12","9","6","1","17",,"1","7","1",,"8",,
"Sant Pol de Mar","082359","2020","10",,"8","2",,"4","6",,"2","3",,,"1",,
"Sant Pol de Mar","082359","2021","6","1","3","2",,"2","0","4",,,,,,,
"Sant Pol de Mar","082359","2022","19","12","3","4",,"1","18","1","3","1","1",,"10",,"2"
"Sant Pol de Mar","082359","2023","46","20","12","14","2","4","40","1","4","3","2",,"29",,"1"
"Sant Quintí de Mediona","082362","2011","10","3","3","4","4","4","2",,,,"2",,,,
"Sant Quintí de Mediona","082362","2012","10","1","4","5","5","3","2",,,,"2",,,,
"Sant Quintí de Mediona","082362","2013","5","1","2","2","1","1","3",,,,"3",,,,
"Sant Quintí de Mediona","082362","2014","2","2",,,,,"2",,,,"2",,,,
"Sant Quintí de Mediona","082362","2015","0",,,,,,"0",,,,,,,,
"Sant Quintí de Mediona","082362","2016","6","3","1","2","2",,"4",,"1",,,,"3",,
"Sant Quintí de Mediona","082362","2017","4","2","2",,,,"4",,"2",,"2",,,,
"Sant Quintí de Mediona","082362","2018","8","7","1",,,,"8",,,,"7",,"1",,
"Sant Quintí de Mediona","082362","2019","14","5","8","1",,,"14",,,,"8",,"6",,
"Sant Quintí de Mediona","082362","2020","8","3","3","2",,,"7","1",,,"4",,"3",,
"Sant Quintí de Mediona","082362","2021","13","6","4","3",,,"3","10",,,,,"3",,
"Sant Quintí de Mediona","082362","2022","5","2","1","2",,,"5","3",,,,,"2",,
"Sant Quintí de Mediona","082362","2023","2","1","1",,,,"2","1",,,"1",,,,
"Sant Quirze de Besora","082378","2011","8","1","3","4",,"3","3","2",,,,,"3",,
"Sant Quirze de Besora","082378","2012","4","2","1","1",,"1","3",,,,,,"1","2",
"Sant Quirze de Besora","082378","2013","2",,"1","1","1",,"1",,,,,,,"1",
"Sant Quirze de Besora","082378","2014","0",,,,,,"0",,,,,,,,
"Sant Quirze de Besora","082378","2015","0",,,,,,"0",,,,,,,,
"Sant Quirze de Besora","082378","2016","0",,,,,,"0",,,,,,,,
"Sant Quirze de Besora","082378","2017","1",,,"1","1",,"0",,,,,,,,
"Sant Quirze de Besora","082378","2018","2",,,"2","2",,"0",,,,,,,,
"Sant Quirze de Besora","082378","2019","2",,"1","1",,"1","1",,"1",,,,,,
"Sant Quirze de Besora","082378","2020","12","4","6","2",,"2","8","2","5",,,,"3",,
"Sant Quirze de Besora","082378","2021","17","16","1",,,,"16","1",,,,"2","11","3",
"Sant Quirze de Besora","082378","2022","21","20","1",,,"1","20","1",,,"1","5","10","3",
"Sant Quirze de Besora","082378","2023","9","7","2",,,"2","7",,,,"1","2","4",,
"Sant Quirze del Vallès","082384","2011","196","24","90","82","67","47","75","7","16","1","1","2","55",,
"Sant Quirze del Vallès","082384","2012","163","22","50","91","58","48","54","3","8","2","2","1","39","2",
"Sant Quirze del Vallès","082384","2013","112","8","15","89","55","28","29",,"9","1","3",,"16",,
"Sant Quirze del Vallès","082384","2014","95","13","17","65","48","17","29","1","5","2","4",,"14","4",
"Sant Quirze del Vallès","082384","2015","72","7","21","44","34","10","28",,,"2","2",,"20","4",
"Sant Quirze del Vallès","082384","2016","74","21","29","24","14","15","44","1","4",,"3",,"34","3",
"Sant Quirze del Vallès","082384","2017","89","5","45","39","30","15","44",,"8",,"1",,"33",,"2"
"Sant Quirze del Vallès","082384","2018","94","13","29","52","30","15","49",,,"3","5",,"40","1",
"Sant Quirze del Vallès","082384","2019","58","15","11","32","17","8","33",,"1","1","7","1","19","4",
"Sant Quirze del Vallès","082384","2020","54","9","12","33","19","6","25","4","1",,"3",,"16","5",
"Sant Quirze del Vallès","082384","2021","75","28","18","29","10","5","22","38","4",,"1",,"12","2","3"
"Sant Quirze del Vallès","082384","2022","116","48","42","26","9","4","103","82","6",,"1",,"13",,"1"
"Sant Quirze del Vallès","082384","2023","75","14","43","18","7","5","63","22","7","5","2","5","18","1","3"
"Sant Quirze Safaja","082397","2011","0",,,,,,"0",,,,,,,,
"Sant Quirze Safaja","082397","2012","0",,,,,,"0",,,,,,,,
"Sant Quirze Safaja","082397","2013","0",,,,,,"0",,,,,,,,
"Sant Quirze Safaja","082397","2014","0",,,,,,"0",,,,,,,,
"Sant Quirze Safaja","082397","2015","0",,,,,,"0",,,,,,,,
"Sant Quirze Safaja","082397","2016","0",,,,,,"0",,,,,,,,
"Sant Quirze Safaja","082397","2017","0",,,,,,"0",,,,,,,,
"Sant Quirze Safaja","082397","2018","0",,,,,,"0",,,,,,,,
"Sant Quirze Safaja","082397","2019","2",,"1","1","1","1","0",,,,,,,,
"Sant Quirze Safaja","082397","2020","0",,,,,,"0",,,,,,,,
"Sant Quirze Safaja","082397","2021","1",,"1",,,,"1",,,,,,"1",,
"Sant Ramon","251945","2011","0",,,,,,"0",,,,,,,,
"Sant Ramon","251945","2012","1",,,"1","1",,"0",,,,,,,,
"Sant Ramon","251945","2013","2",,,"2","2",,"0",,,,,,,,
"Sant Ramon","251945","2014","1",,,"1","1",,"0",,,,,,,,
"Sant Ramon","251945","2015","1","1",,,,,"1",,,,,,"1",,
"Sant Ramon","251945","2016","16","16",,,,,"16",,,,,,"16",,
"Sant Ramon","251945","2017","0",,,,,,"0",,,,,,,,
"Sant Ramon","251945","2018","0",,,,,,"0",,,,,,,,
"Sant Ramon","251945","2019","0",,,,,,"0",,,,,,,,
"Sant Ramon","251945","2020","0",,,,,,"0",,,,,,,,
"Sant Ramon","251945","2021","0",,,,,,"0",,,,,,,,
"Sant Ramon","251945","2022","1",,"1",,,,"1",,,,,,"1",,
"Sant Ramon","251945","2023","1",,"1",,,,"1",,,,,,"1",,
"Sant Sadurní d'Anoia","082401","2011","99","29","34","36","17","25","48","9","5","1","15","1","22","3","1"
"Sant Sadurní d'Anoia","082401","2012","133","44","53","36","28","20","83","2","2","2","19","2","40","18",
"Sant Sadurní d'Anoia","082401","2013","124","23","56","45","40","14","68","2","4",,"23","2","24","15",
"Sant Sadurní d'Anoia","082401","2014","83","22","37","24","25","7","50","1","7","2","12","1","20","7","1"
"Sant Sadurní d'Anoia","082401","2015","106","32","43","31","15","10","81",,,"3","32","3","26","17",
"Sant Sadurní d'Anoia","082401","2016","75","13","46","16","11","9","55",,,,"24",,"24","6","1"
"Sant Sadurní d'Anoia","082401","2017","66","34","24","8","6","7","53",,"5","2","21","1","17","6","1"
"Sant Sadurní d'Anoia","082401","2018","105","54","42","9","5","6","94",,"7",,"47","4","18","18",
"Sant Sadurní d'Anoia","082401","2019","97","43","47","7","4","8","85",,"5","2","35","2","23","18",
"Sant Sadurní d'Anoia","082401","2020","83","35","33","15","8","9","58","8","7",,"19","4","19","9",
"Sant Sadurní d'Anoia","082401","2021","60","22","24","14","7","6","29","18","7",,"9","2","6","5",
"Sant Sadurní d'Anoia","082401","2022","60","40","14","6","4","2","54","2","2","3","23","1","17","6",
"Sant Sadurní d'Anoia","082401","2023","117","46","54","17","12","9","96",,"1","1","25","3","64","2",
"Sant Salvador de Guardiola","080983","2011","17","1","3","13","8","2","5","2",,,"2",,"3",,
"Sant Salvador de Guardiola","080983","2012","13","1","3","9","8",,"5",,"2",,,,"3",,
"Sant Salvador de Guardiola","080983","2013","9",,"4","5",,"2","7",,"3",,"1",,"3",,
"Sant Salvador de Guardiola","080983","2014","8","1","2","5","3",,"5",,"2",,"3",,,,
"Sant Salvador de Guardiola","080983","2015","6",,,"6","5",,"1",,"1",,,,,,
"Sant Salvador de Guardiola","080983","2016","6","2",,"4","4",,"2",,,,"2",,,,
"Sant Salvador de Guardiola","080983","2017","5","3",,"2","2",,"3",,,,"2",,"1",,
"Sant Salvador de Guardiola","080983","2018","12","8",,"4","1","1","9","1",,,"3","1","5",,
"Sant Salvador de Guardiola","080983","2019","20","12","2","6","5","1","14",,,"1","5","4","4",,
"Sant Salvador de Guardiola","080983","2020","2",,,"2",,"2","0",,,,,,,,
"Sant Salvador de Guardiola","080983","2021","6","4","1","1","1",,"5",,,,"1","3","1",,
"Sant Salvador de Guardiola","080983","2022","12","9","3",,,"1","11",,,,"2","8","1",,
"Sant Salvador de Guardiola","080983","2023","20","12","7","1","1",,"19",,,,"2","7","10",,
"Sant Vicenç de Castellet","082628","2011","59","19","29","11","8","1","50",,"3",,"24","14","9",,
"Sant Vicenç de Castellet","082628","2012","51","10","33","8","5","7","39",,"6",,"6","15","8","4",
"Sant Vicenç de Castellet","082628","2013","26","6","10","10","6","8","12",,"4",,"1",,"5","2",
"Sant Vicenç de Castellet","082628","2014","30","7","10","13","6","9","15",,,,"4","2","7","2",
"Sant Vicenç de Castellet","082628","2015","33","7","10","16","11","6","16",,,,"6","1","8","1",
"Sant Vicenç de Castellet","082628","2016","22","6","6","10","10","2","10",,,,"6","1","2","1",
"Sant Vicenç de Castellet","082628","2017","67","54","8","5","5","2","60",,,"1","40","4","4","11",
"Sant Vicenç de Castellet","082628","2018","60","29","18","13","7","4","49",,"4","2","28","8","5","1","1"
"Sant Vicenç de Castellet","082628","2019","60","39","11","10","7","3","50",,"1","1","23","5","19","1",
"Sant Vicenç de Castellet","082628","2020","18","7","11",,,,"18",,,"3","10","3","2",,
"Sant Vicenç de Castellet","082628","2021","27","17","8","2",,,"13","14","2",,"3",,"6","2",
"Sant Vicenç de Castellet","082628","2022","70","30","32","8","1","2","67","37","1",,"8",,"18","3",
"Sant Vicenç de Castellet","082628","2023","123","61","42","20","16","3","104","13","2","1","33","4","48","3",
"Sant Vicenç de Montalt","082649","2011","37","9","16","12","9","6","22",,,,,,"18","4",
"Sant Vicenç de Montalt","082649","2012","16","4","8","4","2","3","11",,"1",,,"2","5","3",
"Sant Vicenç de Montalt","082649","2013","23","1","14","8","5","5","13",,"4","1",,"1","6","1",
"Sant Vicenç de Montalt","082649","2014","23","5","7","11","2","5","15","1","2","3",,,"9","1",
"Sant Vicenç de Montalt","082649","2015","28","2","5","21","5","6","17",,"3","2",,,"12",,
"Sant Vicenç de Montalt","082649","2016","13","2","4","7","6","1","6",,,,"1",,"5",,
"Sant Vicenç de Montalt","082649","2017","13","1","3","9","8","3","2",,,,,,"2",,
"Sant Vicenç de Montalt","082649","2018","19","4","7","8","6","3","10",,"1",,,,"9",,
"Sant Vicenç de Montalt","082649","2019","16","7","3","6","3","1","12",,,,,,"11","1",
"Sant Vicenç de Montalt","082649","2020","11","1","7","3",,"1","9","1","1",,,,"6","2",
"Sant Vicenç de Montalt","082649","2021","24","6","12","6","1",,"7","16",,,,,"5","2",
"Sant Vicenç de Montalt","082649","2022","5","1","1","3","1",,"4","3",,,,,"1",,
"Sant Vicenç de Montalt","082649","2023","15","5","3","7","6","1","8","1",,"1",,,"5",,"1"
"Sant Vicenç de Torelló","082652","2011","16","5","4","7","3","2","11",,"1",,"2","2","6",,
"Sant Vicenç de Torelló","082652","2012","12","1","4","7","6","1","5",,"1",,"2",,"2",,
"Sant Vicenç de Torelló","082652","2013","13","3","4","6","7","1","5",,"3",,"2",,,,
"Sant Vicenç de Torelló","082652","2014","15",,"9","6","7","2","6",,"5",,"1",,,,
"Sant Vicenç de Torelló","082652","2015","7",,"4","3","3","2","2",,"1",,,,"1",,
"Sant Vicenç de Torelló","082652","2016","12","1","5","6","3",,"9",,"2",,"1",,"6",,
"Sant Vicenç de Torelló","082652","2017","11","1","5","5","3",,"8",,,,,,"7","1",
"Sant Vicenç de Torelló","082652","2018","6","2",,"4","3",,"3",,"1",,,,"2",,
"Sant Vicenç de Torelló","082652","2019","9","3","5","1","1","3","5",,"2",,"1","2",,,
"Sant Vicenç de Torelló","082652","2020","4",,"4",,,,"4",,"2",,,"2",,,
"Sant Vicenç de Torelló","082652","2021","2","1","1",,,,"2",,,,,,"2",,
"Sant Vicenç de Torelló","082652","2022","7","4","3",,"2",,"5",,,,,,"5",,
"Sant Vicenç de Torelló","082652","2023","20","2","10","8","8","1","11",,,,,,"11",,
"Sant Vicenç dels Horts","082634","2011","397","111","147","139","130","101","110","56","7","3","26","2","71","1",
"Sant Vicenç dels Horts","082634","2012","310","122","103","85","104","78","118","10","6","3","39","4","59","7",
"Sant Vicenç dels Horts","082634","2013","264","55","140","69","85","75","101","3","9","2","40","4","39","6","1"
"Sant Vicenç dels Horts","082634","2014","198","58","84","56","52","54","91","1","4","1","29","4","46","7",
"Sant Vicenç dels Horts","082634","2015","189","59","67","63","63","50","76",,"1","2","30","13","26","4",
"Sant Vicenç dels Horts","082634","2016","201","36","86","79","86","45","70",,"6","2","27","2","29","4",
"Sant Vicenç dels Horts","082634","2017","176","51","55","70","78","26","72",,"2","2","22","1","37","7","1"
"Sant Vicenç dels Horts","082634","2018","217","58","49","110","94","28","95",,"8","2","23","3","52","4","3"
"Sant Vicenç dels Horts","082634","2019","275","110","98","67","68","32","175",,"10","13","54","8","76","11","3"
"Sant Vicenç dels Horts","082634","2020","194","72","75","47","44","21","126","3","13","10","46","6","49","2",
"Sant Vicenç dels Horts","082634","2021","183","71","88","24","23","17","122","21","11","2","39","6","58","6",
"Sant Vicenç dels Horts","082634","2022","236","114","90","32","49","21","166","5","4","1","40","9","100","7",
"Sant Vicenç dels Horts","082634","2023","320","112","159","49","77","38","205","4","5","1","55","3","128","7","2"
"Santa Bàrbara","431384","2011","92","91",,"1","1","1","88","2","2",,"79","6","1",,
"Santa Bàrbara","431384","2012","25","20","2","3","3","1","21",,"2",,"13","5","1",,
"Santa Bàrbara","431384","2013","6","3",,"3","3",,"3",,,,"1",,"2",,
"Santa Bàrbara","431384","2014","3","2",,"1","1",,"2",,,,"2",,,,
"Santa Bàrbara","431384","2015","6","2","1","3","3",,"3",,,,"1","1","1",,
"Santa Bàrbara","431384","2016","6","1",,"5","3","1","2",,,,"1",,"1",,
"Santa Bàrbara","431384","2017","6","1","1","4","1",,"5",,,,"2",,"3",,
"Santa Bàrbara","431384","2018","4",,,"4","2","2","0",,,,,,,,
"Santa Bàrbara","431384","2019","2","1",,"1","1",,"1",,,,"1",,,,
"Santa Bàrbara","431384","2020","3",,,"3","1",,"0","2",,,,,,,
"Santa Bàrbara","431384","2021","1","1",,,,,"1",,,,,"1",,,
"Santa Bàrbara","431384","2022","3","3",,,,,"3",,,"1",,,"2",,
"Santa Bàrbara","431384","2023","8","7",,"1",,"1","7",,,,"4","1","2",,
"Santa Cecília de Voltregà","082439","2011","0",,,,,,"0",,,,,,,,
"Santa Cecília de Voltregà","082439","2012","0",,,,,,"0",,,,,,,,
"Santa Cecília de Voltregà","082439","2013","0",,,,,,"0",,,,,,,,
"Santa Cecília de Voltregà","082439","2014","0",,,,,,"0",,,,,,,,
"Santa Cecília de Voltregà","082439","2015","0",,,,,,"0",,,,,,,,
"Santa Cecília de Voltregà","082439","2016","0",,,,,,"0",,,,,,,,
"Santa Cecília de Voltregà","082439","2017","1","1",,,,,"1",,,,,,,"1",
"Santa Cecília de Voltregà","082439","2018","0",,,,,,"0",,,,,,,,
"Santa Cecília de Voltregà","082439","2019","0",,,,,,"0",,,,,,,,
"Santa Cecília de Voltregà","082439","2020","0",,,,,,"0",,,,,,,,
"Santa Cecília de Voltregà","082439","2021","0",,,,,,"0",,,,,,,,
"Santa Coloma de Cervelló","082444","2011","47","2","9","36","22","10","12","3","3","1",,"1","6",,"1"
"Santa Coloma de Cervelló","082444","2012","51","2","14","35","23","9","19",,"3","3",,,"13",,
"Santa Coloma de Cervelló","082444","2013","46","8","7","31","19","11","15","1","2","2","1",,"9","1",
"Santa Coloma de Cervelló","082444","2014","33","2","10","21","22","5","6",,"1",,"1",,"4",,
"Santa Coloma de Cervelló","082444","2015","26","4","5","17","12","5","8","1",,"1","1",,"6",,
"Santa Coloma de Cervelló","082444","2016","26","4","8","14","5","11","9","1","1",,,,"8",,
"Santa Coloma de Cervelló","082444","2017","26","3","10","13","7","7","12",,"5","1",,,"5",,"1"
"Santa Coloma de Cervelló","082444","2018","45","7","15","23","13","9","23",,"9",,,,"13",,"1"
"Santa Coloma de Cervelló","082444","2019","45","10","14","21","7","12","26",,"6",,,,"20",,
"Santa Coloma de Cervelló","082444","2020","14",,"3","11","6","5","3",,"2",,,,"1",,
"Santa Coloma de Cervelló","082444","2021","13","2","3","8","5","3","2","3","1",,,,"1",,
"Santa Coloma de Cervelló","082444","2022","18","9","5","4","2","3","13","2","1",,"1",,"9",,
"Santa Coloma de Cervelló","082444","2023","46","7","20","19","15","15","16",,"1",,,,"15",,
"Santa Coloma de Farners","171805","2011","255","105","101","49","31","17","196","11","37","7","54","41","36","21",
"Santa Coloma de Farners","171805","2012","221","92","96","33","24","13","178","6","27","4","50","38","37","22",
"Santa Coloma de Farners","171805","2013","188","101","56","31","21","22","143","2","17","2","30","35","25","34",
"Santa Coloma de Farners","171805","2014","162","95","55","12","11","16","133","2","16","3","21","30","24","39",
"Santa Coloma de Farners","171805","2015","209","101","74","34","30","6","173",,"12","4","32","35","37","52","1"
"Santa Coloma de Farners","171805","2016","142","76","61","5","3","2","137",,"13","2","21","16","32","53",
"Santa Coloma de Farners","171805","2017","150","66","69","15","7","5","137","1","18","2","16","21","38","40","2"
"Santa Coloma de Farners","171805","2018","200","111","81","8","6","4","190",,"16","6","55","20","53","40",
"Santa Coloma de Farners","171805","2019","334","181","146","7","7","9","318",,"26","9","84","18","97","84",
"Santa Coloma de Farners","171805","2020","267","108","150","9","8","8","250","1","14","4","83","23","81","44","1"
"Santa Coloma de Farners","171805","2021","261","99","146","16","5","9","205","42","13","4","53","12","66","57",
"Santa Coloma de Farners","171805","2022","418","283","125","10","3","4","411","32","16","46","88","28","130","68","3"
"Santa Coloma de Farners","171805","2023","517","285","221","11","4","4","509","7","27","32","112","51","158","120","2"
"Santa Coloma de Gramenet","082457","2011","1,573","723","526","324","302","274","972","25","45","26","85","33","575","207","1"
"Santa Coloma de Gramenet","082457","2012","1,957","1,145","606","206","265","245","1,443","4","41","41","151","55","741","414",
"Santa Coloma de Gramenet","082457","2013","1,617","1,005","461","151","174","228","1,213","2","21","29","191","81","486","404","1"
"Santa Coloma de Gramenet","082457","2014","1,418","933","344","141","155","182","1,079","2","24","37","198","62","402","354","2"
"Santa Coloma de Gramenet","082457","2015","1,500","973","385","142","141","181","1,175","3","24","25","232","64","496","334",
"Santa Coloma de Gramenet","082457","2016","1,441","885","428","128","154","173","1,091","23","28","28","188","54","511","280","2"
"Santa Coloma de Gramenet","082457","2017","1,639","1,095","424","120","115","122","1,396","6","37","25","251","65","609","402","7"
"Santa Coloma de Gramenet","082457","2018","1,634","1,015","491","128","100","129","1,405",,"29","34","199","31","738","372","2"
"Santa Coloma de Gramenet","082457","2019","1,842","1,122","591","129","119","118","1,602","3","25","45","217","56","847","409","3"
"Santa Coloma de Gramenet","082457","2020","955","551","333","71","64","51","788","52","11","9","101","21","440","206",
"Santa Coloma de Gramenet","082457","2021","1,172","581","433","158","85","68","712","307","21","10","80","22","403","173","3"
"Santa Coloma de Gramenet","082457","2022","1,452","943","384","125","74","51","1,327","58","11","24","131","41","747","314","1"
"Santa Coloma de Gramenet","082457","2023","1,911","1,049","657","205","126","76","1,709","19","15","41","136","34","1,125","333","6"
"Santa Coloma de Queralt","431397","2011","18","1",,"17","9","6","2","1",,,"1",,"1",,
"Santa Coloma de Queralt","431397","2012","14",,"1","13","4","3","6","1","1",,,,"5",,
"Santa Coloma de Queralt","431397","2013","9",,"3","6","4",,"5",,"3",,,,"2",,
"Santa Coloma de Queralt","431397","2014","5",,,"5","5",,"0",,,,,,,,
"Santa Coloma de Queralt","431397","2015","2",,,"2","2",,"0",,,,,,,,
"Santa Coloma de Queralt","431397","2016","0",,,,,,"0",,,,,,,,
"Santa Coloma de Queralt","431397","2017","1",,,"1","1",,"0",,,,,,,,
"Santa Coloma de Queralt","431397","2018","0",,,,,,"0",,,,,,,,
"Santa Coloma de Queralt","431397","2019","40","40",,,,,"40",,"4","2","18",,"16",,
"Santa Coloma de Queralt","431397","2020","3","3",,,,,"1","2",,,"1",,,,
"Santa Coloma de Queralt","431397","2021","6","5","1",,,,"4","2","1",,"3",,,,
"Santa Coloma de Queralt","431397","2022","6","6",,,,,"6",,,,"1","4",,"1",
"Santa Coloma de Queralt","431397","2023","9","2","4","3","2","1","6",,"2",,,,"4",,
"Santa Cristina d'Aro","171812","2011","49","5","25","19","13","5","31",,"12","2","12","1","4",,
"Santa Cristina d'Aro","171812","2012","33","5","14","14","7","2","24",,"9","4","6",,"5",,
"Santa Cristina d'Aro","171812","2013","31","4","11","16","10","2","18","1","9",,"2",,"7",,
"Santa Cristina d'Aro","171812","2014","20","4","8","8","3","3","14",,"9","1","2",,"2",,
"Santa Cristina d'Aro","171812","2015","14","3","7","4","1","3","9","1","2","5","1",,"1",,
"Santa Cristina d'Aro","171812","2016","28","21","3","4","3","2","22","1",,"3","9","2","8",,
"Santa Cristina d'Aro","171812","2017","26","6","19","1","1","1","24",,"3",,"12","1","8",,
"Santa Cristina d'Aro","171812","2018","43","30","9","4","2","3","38",,"4","1","11","9","13",,
"Santa Cristina d'Aro","171812","2019","51","18","24","9","5","3","43",,"5","3","11","3","20","1",
"Santa Cristina d'Aro","171812","2020","22","3","12","7","3","1","15","3","2","2","2",,"9",,
"Santa Cristina d'Aro","171812","2021","25","11","9","5",,"3","21","1",,"6","5","3","6","1",
"Santa Cristina d'Aro","171812","2022","19","8","7","4","1","1","17","3","1","4","2","3","4",,
"Santa Cristina d'Aro","171812","2023","35","16","14","5",,"3","32","1",,"5","4","8","14",,
"Santa Eugènia de Berga","082460","2011","21","7","5","9","9",,"12",,"1",,"1","6","3","1",
"Santa Eugènia de Berga","082460","2012","12","5","4","3","3",,"9",,,,"1","4","1","2","1"
"Santa Eugènia de Berga","082460","2013","5","1","1","3","2",,"3",,"1",,,"1","1",,
"Santa Eugènia de Berga","082460","2014","6","3","1","2",,,"6",,"2",,,"3","1",,
"Santa Eugènia de Berga","082460","2015","8","6","1","1",,,"8",,"3",,,"4",,"1",
"Santa Eugènia de Berga","082460","2016","4","2",,"2","1",,"3",,,"1",,"1",,"1",
"Santa Eugènia de Berga","082460","2017","3","1",,"2","1",,"2",,,"1",,,"1",,
"Santa Eugènia de Berga","082460","2018","4","2","2",,,,"4",,,,"1","2","1",,
"Santa Eugènia de Berga","082460","2019","10","4","6",,,"1","9",,,,"2","4","3",,
"Santa Eugènia de Berga","082460","2020","3","1","2",,,,"3",,,,,"3",,,
"Santa Eugènia de Berga","082460","2021","4",,"4",,,,"2","2",,,,"2",,,
"Santa Eugènia de Berga","082460","2022","8","1","3","4",,,"8",,,,,"6","1",,"1"
"Santa Eugènia de Berga","082460","2023","9","3","2","4",,,"9",,,,,"4","4",,"1"
"Santa Eulàlia de Riuprimer","082476","2011","5",,"3","2","1","1","3",,,"1",,,"2",,
"Santa Eulàlia de Riuprimer","082476","2012","2","1","1",,,,"2",,"1",,,,"1",,
"Santa Eulàlia de Riuprimer","082476","2013","5","2","1","2","2",,"3",,"1","1","1",,,,
"Santa Eulàlia de Riuprimer","082476","2014","5",,"2","3","3",,"2",,"2",,,,,,
"Santa Eulàlia de Riuprimer","082476","2015","6",,"2","4","3",,"3",,"2",,,,,,"1"
"Santa Eulàlia de Riuprimer","082476","2016","12","4","3","5","2",,"9","1","3",,,,"5",,"1"
"Santa Eulàlia de Riuprimer","082476","2017","8","2","3","3","2",,"6",,"2",,,,"3",,"1"
"Santa Eulàlia de Riuprimer","082476","2018","12","8","4",,,,"12",,"3","1",,"2","2","4",
"Santa Eulàlia de Riuprimer","082476","2019","11","9","1","1",,,"11",,"1","1",,"2","3","4",
"Santa Eulàlia de Riuprimer","082476","2020","5","1","4",,"1",,"4",,,,,,"4",,
"Santa Eulàlia de Riuprimer","082476","2021","9","3","6",,"1",,"5","3",,,,,"5",,
"Santa Eulàlia de Riuprimer","082476","2022","4",,"4",,,,"4","3",,,,,"1",,
"Santa Eulàlia de Ronçana","082482","2011","23","4","7","12","12","2","9",,,"2","4",,"3",,
"Santa Eulàlia de Ronçana","082482","2012","16","1","3","12","10","2","4",,,"3",,,"1",,
"Santa Eulàlia de Ronçana","082482","2013","12",,"4","8","7","1","4",,"1","3",,,,,
"Santa Eulàlia de Ronçana","082482","2014","10","2","3","5","4","3","3",,,,,,"2","1",
"Santa Eulàlia de Ronçana","082482","2015","13","3","3","7","4","4","5",,,,"2",,,"3",
"Santa Eulàlia de Ronçana","082482","2016","12","2","3","7","5","4","3",,,,,,"2","1",
"Santa Eulàlia de Ronçana","082482","2017","29","7","10","12","9","7","13",,,"4","2",,"3","4",
"Santa Eulàlia de Ronçana","082482","2018","15","1","4","10","6","5","4",,,"1","1",,"2",,
"Santa Eulàlia de Ronçana","082482","2019","27","6","7","14","10","4","13",,,,,,"13",,
"Santa Eulàlia de Ronçana","082482","2020","12","5","4","3","2","2","4","4",,,,,"4",,
"Santa Eulàlia de Ronçana","082482","2021","177","113","22","42","3","1","10","163",,,"2","2","6",,
"Santa Eulàlia de Ronçana","082482","2022","375","147","133","95",,"2","373","346","1","1","2","1","22",,
"Santa Eulàlia de Ronçana","082482","2023","98","17","46","35","4","2","92","68",,,"3",,"20","1",
"Santa Fe del Penedès","082495","2011","1",,,"1",,"1","0",,,,,,,,
"Santa Fe del Penedès","082495","2012","4",,,"4","2","2","0",,,,,,,,
"Santa Fe del Penedès","082495","2013","1","1",,,,,"1",,,,"1",,,,
"Santa Fe del Penedès","082495","2014","0",,,,,,"0",,,,,,,,
"Santa Fe del Penedès","082495","2015","1",,,"1","1",,"0",,,,,,,,
"Santa Fe del Penedès","082495","2016","0",,,,,,"0",,,,,,,,
"Santa Fe del Penedès","082495","2017","1",,"1",,,,"1",,,,"1",,,,
"Santa Fe del Penedès","082495","2018","1","1",,,,,"1",,,,"1",,,,
"Santa Fe del Penedès","082495","2019","2","1","1",,,,"2",,,,"2",,,,
"Santa Fe del Penedès","082495","2020","0",,,,,,"0",,,,,,,,
"Santa Fe del Penedès","082495","2021","0",,,,,,"0",,,,,,,,
"Santa Llogaia d'Àlguema","171827","2011","1",,,"1","1",,"0",,,,,,,,
"Santa Llogaia d'Àlguema","171827","2012","0",,,,,,"0",,,,,,,,
"Santa Llogaia d'Àlguema","171827","2013","0",,,,,,"0",,,,,,,,
"Santa Llogaia d'Àlguema","171827","2014","2","2",,,,,"2",,,,"2",,,,
"Santa Llogaia d'Àlguema","171827","2015","2",,"2",,,"1","1",,,,"1",,,,
"Santa Llogaia d'Àlguema","171827","2016","3","1",,"2","1","1","1",,,,,,"1",,
"Santa Llogaia d'Àlguema","171827","2017","2",,,"2","2",,"0",,,,,,,,
"Santa Llogaia d'Àlguema","171827","2018","2",,"1","1","1","1","0",,,,,,,,
"Santa Llogaia d'Àlguema","171827","2019","0",,,,,,"0",,,,,,,,
"Santa Llogaia d'Àlguema","171827","2020","0",,,,,,"0",,,,,,,,
"Santa Llogaia d'Àlguema","171827","2021","0",,,,,,"0",,,,,,,,
"Santa Llogaia d'Àlguema","171827","2022","2","2",,,,,"2",,,,,,"2",,
"Santa Llogaia d'Àlguema","171827","2023","4","1","3",,,,"4",,,,,,"4",,
"Santa Margarida de Montbui","082508","2011","88","26","15","47","26","16","41","5","2",,"30",,"9",,
"Santa Margarida de Montbui","082508","2012","40","10","7","23","13","10","16","1","1","1","9",,"4","1",
"Santa Margarida de Montbui","082508","2013","35","13","13","9","6","8","21",,"3","1","10","2","4","1",
"Santa Margarida de Montbui","082508","2014","73","58","6","9","5","7","60","1","1",,"44","6","8","1",
"Santa Margarida de Montbui","082508","2015","36","10","13","13","6","6","24",,,,"15",,"9",,
"Santa Margarida de Montbui","082508","2016","31","12","5","14","8","4","19",,"3","1","10","1","3","1",
"Santa Margarida de Montbui","082508","2017","29","17","7","5","5","2","22",,"4","1","10","3","4",,
"Santa Margarida de Montbui","082508","2018","50","28","18","4","5",,"45",,"1","1","24","4","14","1",
"Santa Margarida de Montbui","082508","2019","100","56","36","8","11","1","88",,,,"61","8","19",,
"Santa Margarida de Montbui","082508","2020","44","18","25","1","2","1","39","2","1",,"28","3","7",,
"Santa Margarida de Montbui","082508","2021","31","15","11","5","2","6","13","10","3",,"3",,"7",,
"Santa Margarida de Montbui","082508","2022","67","45","19","3","2","4","61","5","1","4","36","3","12",,
"Santa Margarida de Montbui","082508","2023","94","63","24","7","1","7","86",,,"11","44","7","20","4",
"Santa Margarida i els Monjos","082515","2011","30","9","9","12","6","6","17","1","2","1","3",,"11",,
"Santa Margarida i els Monjos","082515","2012","15","3","6","6","3","3","8","1","1","2","1","1","3",,
"Santa Margarida i els Monjos","082515","2013","14","3","7","4","4","1","9",,,"1","5",,"2","1",
"Santa Margarida i els Monjos","082515","2014","11","4","4","3","3",,"8",,"1",,"5",,"2",,
"Santa Margarida i els Monjos","082515","2015","10","3","4","3","2",,"8",,,"1","3",,"4",,
"Santa Margarida i els Monjos","082515","2016","18","11","3","4","1",,"17",,"1","4","1",,"11",,
"Santa Margarida i els Monjos","082515","2017","24","14","3","7","6",,"18",,,"1","14",,"3",,
"Santa Margarida i els Monjos","082515","2018","39","28","4","7","5",,"34",,,,"26",,"7","1",
"Santa Margarida i els Monjos","082515","2019","55","40","5","10","6","1","48",,"1",,"37",,"10",,
"Santa Margarida i els Monjos","082515","2020","14","3","6","5","1","1","11","1",,,"1",,"10",,
"Santa Margarida i els Monjos","082515","2021","15","2","8","5","4",,"5","6",,,,,"5",,
"Santa Margarida i els Monjos","082515","2022","21","13",,"8","4","1","16",,,,"10",,"6",,
"Santa Margarida i els Monjos","082515","2023","25","5","8","12","5","4","16",,,,,,"16",,
"Santa Maria de Martorelles","082567","2011","2",,,"2","2",,"0",,,,,,,,
"Santa Maria de Martorelles","082567","2012","1",,,"1","1",,"0",,,,,,,,
"Santa Maria de Martorelles","082567","2013","5","1","1","3","3","1","1",,,,,,"1",,
"Santa Maria de Martorelles","082567","2014","2",,"2",,,,"2",,,,,,"2",,
"Santa Maria de Martorelles","082567","2015","3","1","2",,,,"3",,,,,,"3",,
"Santa Maria de Martorelles","082567","2016","3",,"2","1",,"2","1",,,,,,"1",,
"Santa Maria de Martorelles","082567","2017","6","1","2","3","1","4","1",,"1",,,,,,
"Santa Maria de Martorelles","082567","2018","8",,,"8","3","4","1",,,,,,"1",,
"Santa Maria de Martorelles","082567","2019","4",,"1","3","2","1","1",,,,,,"1",,
"Santa Maria de Martorelles","082567","2020","2","1","1",,"1",,"1",,,,,,"1",,
"Santa Maria de Martorelles","082567","2021","14","11",,"3",,,"3","11",,,,,"1","2",
"Santa Maria de Martorelles","082567","2022","18","8","5","5",,,"18","15",,,,,"1","2",
"Santa Maria de Martorelles","082567","2023","4","1","2","1",,"1","3","1",,,,,"2",,
"Santa Maria de Miralles","082573","2011","1","1",,,,,"1",,"1",,,,,,
"Santa Maria de Miralles","082573","2012","0",,,,,,"0",,,,,,,,
"Santa Maria de Miralles","082573","2013","0",,,,,,"0",,,,,,,,
"Santa Maria de Miralles","082573","2014","0",,,,,,"0",,,,,,,,
"Santa Maria de Miralles","082573","2015","0",,,,,,"0",,,,,,,,
"Santa Maria de Miralles","082573","2016","0",,,,,,"0",,,,,,,,
"Santa Maria de Miralles","082573","2017","0",,,,,,"0",,,,,,,,
"Santa Maria de Miralles","082573","2018","0",,,,,,"0",,,,,,,,
"Santa Maria de Miralles","082573","2019","0",,,,,,"0",,,,,,,,
"Santa Maria de Miralles","082573","2020","0",,,,,,"0",,,,,,,,
"Santa Maria de Miralles","082573","2021","0",,,,,,"0",,,,,,,,
"Santa Maria de Palautordera","082592","2011","35","3","14","18","16","1","18",,"5","3","1","3","4","2",
"Santa Maria de Palautordera","082592","2012","43","6","16","21","16","4","23",,"2","7","1",,"11","2",
"Santa Maria de Palautordera","082592","2013","31","1","6","24","18","2","11",,,"3",,"2","5","1",
"Santa Maria de Palautordera","082592","2014","35","1","9","25","18","8","9",,"1","3",,"2","3",,
"Santa Maria de Palautordera","082592","2015","27","2","11","14","11","8","8",,"2","1",,"2","3",,
"Santa Maria de Palautordera","082592","2016","32","5","11","16","11","7","13","1","4","1",,"1","5","2",
"Santa Maria de Palautordera","082592","2017","28","6","10","12","7","4","16","1","4","1","1","1","9",,
"Santa Maria de Palautordera","082592","2018","20","8","4","8","2","7","11",,"1",,"4",,"5","1",
"Santa Maria de Palautordera","082592","2019","23","4","11","8","2","6","15",,,,"5","1","8","1",
"Santa Maria de Palautordera","082592","2020","12",,"6","6","2","5","5",,"1",,,,"3","1",
"Santa Maria de Palautordera","082592","2021","15",,"6","9","2","8","3","2","2",,,,"1",,
"Santa Maria de Palautordera","082592","2022","9","3","2","4",,"3","6",,,,,,"6",,
"Santa Maria de Palautordera","082592","2023","11","2","7","2","1","1","9",,"1",,,,"6",,"2"
"Santa Maria d'Oló","082589","2011","6","1","3","2",,,"6",,"2",,,,"4",,
"Santa Maria d'Oló","082589","2012","2",,"1","1",,,"2",,"1",,,,"1",,
"Santa Maria d'Oló","082589","2013","1",,"1",,,,"1",,,,,,"1",,
"Santa Maria d'Oló","082589","2014","1",,,"1","1",,"0",,,,,,,,
"Santa Maria d'Oló","082589","2015","1",,,"1","1",,"0",,,,,,,,
"Santa Maria d'Oló","082589","2016","2","2",,,,,"2",,"2",,,,,,
"Santa Maria d'Oló","082589","2017","4",,"4",,,,"4",,"4",,,,,,
"Santa Maria d'Oló","082589","2018","8",,"8",,,"5","3",,"3",,,,,,
"Santa Maria d'Oló","082589","2019","4",,"3","1",,"3","1",,"1",,,,,,
"Santa Maria d'Oló","082589","2020","1",,"1",,,,"1",,"1",,,,,,
"Santa Maria d'Oló","082589","2021","2",,"2",,,,"2",,,,,,"2",,
"Santa Maria d'Oló","082589","2022","3","2","1",,,,"3","1","1",,,,"1",,
"Santa Maria d'Oló","082589","2023","5","4","1",,,,"5",,"1",,,,"4",,
"Santa Oliva","431401","2011","22","6","4","12","9","4","7","2",,,"1",,"6",,
"Santa Oliva","431401","2012","15","3","2","10","8","4","3",,,,"2",,"1",,
"Santa Oliva","431401","2013","13","3","4","6","2","8","3",,,,"1",,"2",,
"Santa Oliva","431401","2014","18","9","4","5","3","4","10","1","1",,"6",,"1","2",
"Santa Oliva","431401","2015","15","4","4","7","5",,"7","3","2",,"4",,,"1",
"Santa Oliva","431401","2016","8","2","4","2","4","1","2","1",,,"1",,"1",,
"Santa Oliva","431401","2017","5","3",,"2","1","1","3",,,"1","2",,,,
"Santa Oliva","431401","2018","11","4","4","3","3","3","5",,"3",,"2",,,,
"Santa Oliva","431401","2019","4","1","2","1","1",,"3",,"1",,"2",,,,
"Santa Oliva","431401","2020","2","1",,"1","1",,"1",,,,"1",,,,
"Santa Oliva","431401","2021","1","1",,,,,"0","1",,,,,,,
"Santa Oliva","431401","2022","9","4","3","2",,"2","7",,,,,,"7",,
"Santa Oliva","431401","2023","15","3","9","3","2","4","9",,,,,,"9",,
"Santa Pau","171848","2011","8","1","1","6","6","1","1",,,,,,"1",,
"Santa Pau","171848","2012","12","2","4","6","6","2","4",,,,,,"4",,
"Santa Pau","171848","2013","9","1","1","7","7","1","1",,,,,,"1",,
"Santa Pau","171848","2014","7",,"2","5","5",,"2",,,,,,"2",,
"Santa Pau","171848","2015","4",,,"4","3","1","0",,,,,,,,
"Santa Pau","171848","2016","3",,,"3","3",,"0",,,,,,,,
"Santa Pau","171848","2017","1",,"1",,,"1","0",,,,,,,,
"Santa Pau","171848","2018","3",,"2","1","1","2","0",,,,,,,,
"Santa Pau","171848","2019","3",,"2","1",,"3","0",,,,,,,,
"Santa Pau","171848","2020","2",,"1","1",,"1","0","1",,,,,,,
"Santa Pau","171848","2021","0",,,,,,"0",,,,,,,,
"Santa Pau","171848","2022","7","5","2",,,,"7",,,"1",,,"6",,
"Santa Pau","171848","2023","5","3","2",,,,"5",,,,,,"5",,
"Santa Perpètua de Mogoda","082606","2011","218","49","64","105","76","38","102","2","4","4","21","14","59",,
"Santa Perpètua de Mogoda","082606","2012","228","85","84","59","52","39","137",,"7","1","35","40","47","7",
"Santa Perpètua de Mogoda","082606","2013","129","47","55","27","29","34","66",,"1","4","11","8","36","6",
"Santa Perpètua de Mogoda","082606","2014","134","31","66","37","30","33","70","1","5",,"9","10","37","9",
"Santa Perpètua de Mogoda","082606","2015","96","24","21","51","32","21","43",,"5","4","4","5","24","1",
"Santa Perpètua de Mogoda","082606","2016","123","39","17","67","44","26","52","1","2","3","10","6","30","1",
"Santa Perpètua de Mogoda","082606","2017","86","27","19","40","29","17","40",,,,"18","2","19","1",
"Santa Perpètua de Mogoda","082606","2018","145","81","20","44","37","17","91",,"2","1","28","6","50","4",
"Santa Perpètua de Mogoda","082606","2019","119","53","30","36","28","14","77",,"3","2","18","6","47","1",
"Santa Perpètua de Mogoda","082606","2020","122","43","44","35","22","12","84","4","8",,"18","6","51","1",
"Santa Perpètua de Mogoda","082606","2021","155","97","28","30","13","8","118","16","7","1","33","22","50","5",
"Santa Perpètua de Mogoda","082606","2022","156","91","35","30","10","14","132","6","3","4","37","20","59","3",
"Santa Perpètua de Mogoda","082606","2023","207","99","78","30","21","16","170","2","1","3","24","18","119","3",
"Santa Susanna","082613","2011","19","2","9","8","5","2","12",,"2","4",,,"6",,
"Santa Susanna","082613","2012","15","3","5","7","3","2","10",,,"7",,,"3",,
"Santa Susanna","082613","2013","14",,"8","6","6","2","6",,"2","4",,,,,
"Santa Susanna","082613","2014","13","2","2","9","4",,"9",,"2","6",,,"1",,
"Santa Susanna","082613","2015","9","1","4","4","3",,"6",,,"3",,,"1",,"2"
"Santa Susanna","082613","2016","4",,"1","3","3",,"1",,,"1",,,,,
"Santa Susanna","082613","2017","2","1","1",,,"1","1",,,,,,"1",,
"Santa Susanna","082613","2018","7","2","1","4","4",,"3",,,"2","1",,,,
"Santa Susanna","082613","2019","16","4","5","7","6","5","5",,,"3","1",,"1",,
"Santa Susanna","082613","2020","8",,"6","2","1","5","2",,,"1",,,"1",,
"Santa Susanna","082613","2021","10","2","6","2",,"4","0","6",,,,,,,
"Santa Susanna","082613","2022","5","2","1","2","2",,"3","1",,,,,"2",,
"Santa Susanna","082613","2023","21","6","5","10","6","2","13","3",,,,,"10",,
"Santpedor","081923","2011","34","2","2","30","20","4","10",,"2",,"4",,"4",,
"Santpedor","081923","2012","27","2","2","23","15",,"12",,"7",,"2",,"3",,
"Santpedor","081923","2013","19","3","7","9","5",,"13","1","6",,"1","1","5",,
"Santpedor","081923","2014","11","1","1","9","6",,"5",,,,,"4","1",,
"Santpedor","081923","2015","3","1","1","1","1","1","1",,,"1",,,,,
"Santpedor","081923","2016","8",,"2","6","4",,"4",,,"1",,"2",,"1",
"Santpedor","081923","2017","3",,"1","2","2",,"1",,"1",,,,,,
"Santpedor","081923","2018","5","3","1","1",,,"5",,,,"3",,"1",,"1"
"Santpedor","081923","2019","27","13","10","4","2",,"25",,,,"10",,"15",,
"Santpedor","081923","2020","3",,"3",,,,"3",,,,"1","1","1",,
"Santpedor","081923","2021","5",,"4","1",,,"5",,,,"1","3","1",,
"Santpedor","081923","2022","1",,"1",,,,"1",,,,,"1",,,
"Santpedor","081923","2023","4",,"1","3","3",,"1",,,,,,"1",,
"Sarral","431423","2011","6","4",,"2","2",,"4",,"3",,,,"1",,
"Sarral","431423","2012","1","1",,,,,"1",,"1",,,,,,
"Sarral","431423","2013","0",,,,,,"0",,,,,,,,
"Sarral","431423","2014","1",,,"1","1",,"0",,,,,,,,
"Sarral","431423","2015","6","1","2","3","3",,"3",,,"2",,,"1",,
"Sarral","431423","2016","2","1",,"1","1",,"1",,,,,,"1",,
"Sarral","431423","2017","3","3",,,,,"3",,,"2",,,"1",,
"Sarral","431423","2018","5","1","3","1","1",,"4",,,"1",,,"3",,
"Sarral","431423","2019","4",,"1","3","3",,"1",,,,,,"1",,
"Sarral","431423","2020","0",,,,,,"0",,,,,,,,
"Sarral","431423","2021","3",,,"3",,,"0","3",,,,,,,
"Sarral","431423","2022","3","2",,"1","1",,"2",,,,"1",,"1",,
"Sarral","431423","2023","2",,,"2","2",,,,,,,,,,
"Sarrià de Ter","171864","2011","33","3","11","19","9","7","17",,"2","1","1","2","11",,
"Sarrià de Ter","171864","2012","28","4","9","15","6","6","15","1","1","4","1","2","7",,
"Sarrià de Ter","171864","2013","13",,"5","8","3","4","6",,"3",,,"1","2",,
"Sarrià de Ter","171864","2014","17","4","4","9","5","1","11",,"1","2","1",,"7",,
"Sarrià de Ter","171864","2015","10",,"5","5","3","1","6",,,"2",,"1","3",,
"Sarrià de Ter","171864","2016","10",,"8","2",,"1","9",,,"4",,"2","3",,
"Sarrià de Ter","171864","2017","8","2","4","2",,"4","4",,,"2",,,"2",,
"Sarrià de Ter","171864","2018","14","3","8","3","1","2","11",,,,,,"11",,
"Sarrià de Ter","171864","2019","34","7","13","14","4","6","24",,,,,,"24",,
"Sarrià de Ter","171864","2020","20","2","9","9","4","2","14",,,,,,"14",,
"Sarrià de Ter","171864","2021","27","9","12","6","2","2","10","13",,,,,"10",,
"Sarrià de Ter","171864","2022","15","1","11","3","1",,"14","8",,,,"1","5",,
"Sarrià de Ter","171864","2023","26","13","9","4","3","2","21",,"5","1","3",,"12",,
"Sarroca de Bellera","252017","2023","1",,,"1","1",,,,,,,,,,
"Sarroca de Lleida","252000","2011","1",,,"1","1",,"0",,,,,,,,
"Sarroca de Lleida","252000","2012","1",,,"1","1",,"0",,,,,,,,
"Sarroca de Lleida","252000","2013","0",,,,,,"0",,,,,,,,
"Sarroca de Lleida","252000","2014","0",,,,,,"0",,,,,,,,
"Sarroca de Lleida","252000","2015","0",,,,,,"0",,,,,,,,
"Sarroca de Lleida","252000","2016","0",,,,,,"0",,,,,,,,
"Sarroca de Lleida","252000","2017","0",,,,,,"0",,,,,,,,
"Sarroca de Lleida","252000","2018","0",,,,,,"0",,,,,,,,
"Sarroca de Lleida","252000","2019","0",,,,,,"0",,,,,,,,
"Sarroca de Lleida","252000","2020","0",,,,,,"0",,,,,,,,
"Sarroca de Lleida","252000","2021","1","1",,,,,"0","1",,,,,,,
"Sarroca de Lleida","252000","2022","1","1",,,,,"1","1",,,,,,,
"Saus, Camallera i Llampaies","171870","2011","0",,,,,,"0",,,,,,,,
"Saus, Camallera i Llampaies","171870","2012","0",,,,,,"0",,,,,,,,
"Saus, Camallera i Llampaies","171870","2013","0",,,,,,"0",,,,,,,,
"Saus, Camallera i Llampaies","171870","2014","0",,,,,,"0",,,,,,,,
"Saus, Camallera i Llampaies","171870","2015","0",,,,,,"0",,,,,,,,
"Saus, Camallera i Llampaies","171870","2016","0",,,,,,"0",,,,,,,,
"Saus, Camallera i Llampaies","171870","2017","0",,,,,,"0",,,,,,,,
"Saus, Camallera i Llampaies","171870","2018","2",,"1","1",,,"1","1",,,,,"1",,
"Saus, Camallera i Llampaies","171870","2019","6","3","3",,,,"6",,"3","1",,,"2",,
"Saus, Camallera i Llampaies","171870","2020","1","1",,,,,"0","1",,,,,,,
"Saus, Camallera i Llampaies","171870","2021","3",,"2","1","1",,"0","2",,,,,,,
"Senterada","252022","2011","0",,,,,,"0",,,,,,,,
"Senterada","252022","2012","0",,,,,,"0",,,,,,,,
"Senterada","252022","2013","1","1",,,,,"1",,"1",,,,,,
"Senterada","252022","2014","0",,,,,,"0",,,,,,,,
"Senterada","252022","2015","0",,,,,,"0",,,,,,,,
"Senterada","252022","2016","0",,,,,,"0",,,,,,,,
"Senterada","252022","2017","0",,,,,,"0",,,,,,,,
"Senterada","252022","2018","0",,,,,,"0",,,,,,,,
"Senterada","252022","2019","0",,,,,,"0",,,,,,,,
"Senterada","252022","2020","0",,,,,,"0",,,,,,,,
"Senterada","252022","2021","0",,,,,,"0",,,,,,,,
"Senterada","252022","2023","1",,"1",,,"1",,,,,,,,,
"Sentmenat","082671","2011","31","2","5","24","18","2","9","2","2",,,"1","6",,
"Sentmenat","082671","2012","30","3","7","20","16","4","10",,"1",,,,"9",,
"Sentmenat","082671","2013","22","3","8","11","8","3","11",,,"4",,,"7",,
"Sentmenat","082671","2014","16",,"7","9","7","2","7",,"1","1","1",,"4",,
"Sentmenat","082671","2015","23","4","4","15","12","4","7",,"2","3","2",,,,
"Sentmenat","082671","2016","17","5","2","10","9","1","7",,,"3",,"1","3",,
"Sentmenat","082671","2017","22","3","13","6","4","3","15",,,"4",,"1","9",,"1"
"Sentmenat","082671","2018","21","5","4","12","10",,"11",,,"4",,"1","6",,
"Sentmenat","082671","2019","21","6","3","12","6","3","11","1",,,,,"9","2",
"Sentmenat","082671","2020","8","1","3","4","1","2","5",,,,,,"5",,
"Sentmenat","082671","2021","10","2","2","6","2","1","0","7",,,,,,,
"Sentmenat","082671","2022","23","7","9","7","2","2","19","11",,,,,"8",,
"Sentmenat","082671","2023","22","5","13","4","3","2","17","5",,,"2",,"10",,
"Serinyà","171903","2011","4",,,"4","3",,"1",,"1",,,,,,
"Serinyà","171903","2012","6","1","2","3","1",,"5",,"5",,,,,,
"Serinyà","171903","2013","1",,"1",,,,"1",,"1",,,,,,
"Serinyà","171903","2014","2","1","1",,,"1","1",,,,,,"1",,
"Serinyà","171903","2015","4",,"2","2","2","2","0",,,,,,,,
"Serinyà","171903","2016","4",,"3","1",,"2","2",,"1",,,,"1",,
"Serinyà","171903","2017","3",,,"3",,"2","1",,,,,,"1",,
"Serinyà","171903","2018","1",,,"1",,"1","0",,,,,,,,
"Serinyà","171903","2019","0",,,,,,"0",,,,,,,,
"Serinyà","171903","2020","3","1",,"2","1","1","1",,,,,,"1",,
"Serinyà","171903","2021","2",,"2",,,,"2",,,,,,"2",,
"Serinyà","171903","2023","1","1",,,,,"1",,,,,,"1",,
"Seròs","252043","2011","18",,"16","2","2",,"16",,"2",,"10","3","1",,
"Seròs","252043","2012","3","2",,"1","1",,"2",,,,"1",,"1",,
"Seròs","252043","2013","9","4","3","2","2",,"7",,,,"4",,"3",,
"Seròs","252043","2014","6","6",,,,,"6",,"1",,"4","1",,,
"Seròs","252043","2015","66","65","1",,,"1","65",,"16",,"46","3",,,
"Seròs","252043","2016","0",,,,,,"0",,,,,,,,
"Seròs","252043","2017","0",,,,,,"0",,,,,,,,
"Seròs","252043","2018","2","1","1",,,,"2",,,"1",,"1",,,
"Seròs","252043","2019","20","16","2","2","2",,"17","1","1","3","10","3",,,
"Seròs","252043","2020","5","1","4",,,,"5",,,"4",,"1",,,
"Seròs","252043","2021","0",,,,,,"0",,,,,,,,
"Seròs","252043","2022","17","17",,,,,"17","1",,"2","11","3",,,
"Seròs","252043","2023","1",,"1",,,,"1","1",,,,,,,
"Serra de Daró","171910","2011","0",,,,,,"0",,,,,,,,
"Serra de Daró","171910","2012","4","1","1","2",,,"4",,"1",,,"1","2",,
"Serra de Daró","171910","2013","3",,"1","2",,,"3",,"1",,,,"2",,
"Serra de Daró","171910","2014","1",,"1",,,,"1",,,,,,"1",,
"Serra de Daró","171910","2015","0",,,,,,"0",,,,,,,,
"Serra de Daró","171910","2016","0",,,,,,"0",,,,,,,,
"Serra de Daró","171910","2017","0",,,,,,"0",,,,,,,,
"Serra de Daró","171910","2018","0",,,,,,"0",,,,,,,,
"Serra de Daró","171910","2019","0",,,,,,"0",,,,,,,,
"Serra de Daró","171910","2020","0",,,,,,"0",,,,,,,,
"Serra de Daró","171910","2021","1",,,"1",,,"1",,,"1",,,,,
"Setcases","171925","2011","0",,,,,,"0",,,,,,,,
"Setcases","171925","2012","0",,,,,,"0",,,,,,,,
"Setcases","171925","2013","0",,,,,,"0",,,,,,,,
"Setcases","171925","2014","0",,,,,,"0",,,,,,,,
"Setcases","171925","2015","0",,,,,,"0",,,,,,,,
"Setcases","171925","2016","0",,,,,,"0",,,,,,,,
"Setcases","171925","2017","0",,,,,,"0",,,,,,,,
"Setcases","171925","2018","5","2","3",,,,"5",,"2","2",,,"1",,
"Setcases","171925","2019","2",,"2",,,,"2",,"1","1",,,,,
"Setcases","171925","2020","0",,,,,,"0",,,,,,,,
"Setcases","171925","2021","2","1","1",,,,"0","2",,,,,,,
"Setcases","171925","2022","1",,"1",,,,"1",,,,,,"1",,
"Seva","082690","2011","17",,"6","11","11","1","5",,,,,,"5",,
"Seva","082690","2012","9","1","2","6","3","3","3",,"1",,,,"2",,
"Seva","082690","2013","3",,,"3",,"1","2",,,,,,"2",,
"Seva","082690","2014","7","2","2","3","2",,"5",,,,,,"5",,
"Seva","082690","2015","9","2","2","5","6",,"3",,"1",,,,"2",,
"Seva","082690","2016","7","2","4","1","1",,"6",,"3",,,,"3",,
"Seva","082690","2017","8",,"3","5","3",,"5",,"3",,,,"2",,
"Seva","082690","2018","5","2","2","1",,,"5",,"1","1","2",,"1",,
"Seva","082690","2019","9","4","4","1",,,"9",,"2",,"4","2","1",,
"Seva","082690","2020","3",,,"3",,,"3",,"2",,,,"1",,
"Seva","082690","2021","2",,,"2","1",,"1",,,,,,"1",,
"Seva","082690","2022","12","11",,"1","1",,"11",,,,"3","1","6","1",
"Seva","082690","2023","8","2","6",,,,"8",,,,,,"8",,
"Sidamon","252056","2011","2",,,"2","2",,"0",,,,,,,,
"Sidamon","252056","2012","0",,,,,,"0",,,,,,,,
"Sidamon","252056","2013","0",,,,,,"0",,,,,,,,
"Sidamon","252056","2014","0",,,,,,"0",,,,,,,,
"Sidamon","252056","2015","0",,,,,,"0",,,,,,,,
"Sidamon","252056","2016","1",,,"1","1",,"0",,,,,,,,
"Sidamon","252056","2017","0",,,,,,"0",,,,,,,,
"Sidamon","252056","2018","2",,,"2","2",,"0",,,,,,,,
"Sidamon","252056","2019","3",,,"3","3",,"0",,,,,,,,
"Sidamon","252056","2020","1","1",,,,,"0","1",,,,,,,
"Sidamon","252056","2021","0",,,,,,"0",,,,,,,,
"Sils","171931","2011","77","57","8","12","9","9","55","4","4","1","3","35","7","5",
"Sils","171931","2012","48","6","37","5","2","8","38",,"3","3","2","19","7","4",
"Sils","171931","2013","8","2","3","3","1","3","4",,"1",,,,"3",,
"Sils","171931","2014","29","14","11","4","3","2","24",,"4",,"4","9","2","5",
"Sils","171931","2015","9","5","2","2","2","1","6",,"1","2","1","1",,"1",
"Sils","171931","2016","11","4","6","1",,"2","9",,"2",,,"2","5",,
"Sils","171931","2017","46","27","17","2","2","3","41",,"1","2","2","12","18","6",
"Sils","171931","2018","17",,"14","3","1","3","13",,"1","1",,"4","7",,
"Sils","171931","2019","36","19","11","6","2","4","30",,"3","1","3","8","15",,
"Sils","171931","2020","22","9","7","6","3","2","15","2","2",,"1","6","6",,
"Sils","171931","2021","5","1","3","1",,"1","1","3",,,,,"1",,
"Sils","171931","2022","21","19",,"2","1","1","19",,,"1","3","9","6",,
"Sils","171931","2023","24","3","12","9","5","2","17","1",,,"2","4","8","2",
"Sitges","082704","2011","232","88","73","71","40","34","152","6","30","1","2","1","108","10",
"Sitges","082704","2012","223","89","71","63","44","38","141",,"22","3","4","4","92","15","1"
"Sitges","082704","2013","221","124","45","52","34","28","158","1","29","6","7","3","96","16","1"
"Sitges","082704","2014","187","102","23","62","37","33","117",,"18","10","2","3","63","18","3"
"Sitges","082704","2015","164","71","54","39","27","24","112","1","22","10","4","1","58","12","5"
"Sitges","082704","2016","186","82","47","57","35","29","121","1","32","5","1","2","65","13","3"
"Sitges","082704","2017","181","74","54","53","23","25","133",,"26","8","3","1","73","13","9"
"Sitges","082704","2018","186","62","68","56","30","30","126",,"35","5","5",,"67","9","5"
"Sitges","082704","2019","213","42","113","58","28","28","157",,"44","5","2",,"89","7","10"
"Sitges","082704","2020","155","64","52","39","12","16","117","10","18","1","1",,"88","6","3"
"Sitges","082704","2021","222","77","109","36","16","13","108","85","19","1","2",,"82","4",
"Sitges","082704","2022","242","100","99","43","27","27","188","23","21","14","3",,"118","5","4"
"Sitges","082704","2023","297","98","151","48","25","29","243","11","29","18","1",,"175",,"9"
"Siurana","170524","2011","1","1",,,,,"1",,"1",,,,,,
"Siurana","170524","2012","1",,,"1",,,"1",,,,,,"1",,
"Siurana","170524","2013","1",,"1",,,"1","0",,,,,,,,
"Siurana","170524","2014","0",,,,,,"0",,,,,,,,
"Siurana","170524","2015","1",,,"1","1",,"0",,,,,,,,
"Siurana","170524","2016","1",,,"1","1",,"0",,,,,,,,
"Siurana","170524","2017","0",,,,,,"0",,,,,,,,
"Siurana","170524","2018","0",,,,,,"0",,,,,,,,
"Siurana","170524","2019","3",,,"3","3",,"0",,,,,,,,
"Siurana","170524","2020","0",,,,,,"0",,,,,,,,
"Siurana","170524","2021","0",,,,,,"0",,,,,,,,
"Siurana","170524","2022","3","2","1",,"1",,"2",,"2",,,,,,
"Siurana","170524","2023","4","1","2","1",,"2","2",,,"2",,,,,
"Solivella","431476","2011","3",,,"3","2",,"1",,,,,,"1",,
"Solivella","431476","2012","4",,,"4","4",,"0",,,,,,,,
"Solivella","431476","2013","3",,,"3","3",,"0",,,,,,,,
"Solivella","431476","2014","0",,,,,,"0",,,,,,,,
"Solivella","431476","2015","4",,"4",,,,"4",,,,,,"4",,
"Solivella","431476","2016","2",,"2",,,,"2",,,,,,"2",,
"Solivella","431476","2017","0",,,,,,"0",,,,,,,,
"Solivella","431476","2018","1","1",,,,,"1",,,,"1",,,,
"Solivella","431476","2019","2",,"1","1","1",,"1",,,,"1",,,,
"Solivella","431476","2020","2",,,"2","2",,"0",,,,,,,,
"Solivella","431476","2021","1",,,"1","1",,"0",,,,,,,,
"Solsona","252075","2011","73","37",,"36","21","7","45",,"16",,"14","1","13",,"1"
"Solsona","252075","2012","63","24","18","21","13","6","44",,"16","1","4","1","18",,"4"
"Solsona","252075","2013","40","14","16","10","7","2","31",,"12","2","3","1","7",,"6"
"Solsona","252075","2014","24","3","9","12","8","2","13","1","5","2",,,"3",,"3"
"Solsona","252075","2015","34","8","10","16","10","5","19",,"8","4","1",,"5",,"1"
"Solsona","252075","2016","14","7",,"7","4","2","8",,"6",,,,,"1","1"
"Solsona","252075","2017","21","12",,"9","6","2","13",,"5","1",,,"5","2",
"Solsona","252075","2018","15",,"8","7","5","1","9",,"2","2",,,"4","1",
"Solsona","252075","2019","33","26",,"7","7","2","24",,"1",,"9","1","10","3",
"Solsona","252075","2020","38","29",,"9","8","3","27",,,,"23",,"4",,
"Solsona","252075","2021","35","23","9","3","1","1","26","7","1","4","10",,"11",,
"Solsona","252075","2022","44","42",,"2",,"2","42",,"6",,"15",,"21",,
"Solsona","252075","2023","20","19",,"1",,,"20",,"1","3","7",,"9",,
"Sora","082726","2011","2",,,"2","2",,"0",,,,,,,,
"Sora","082726","2012","1",,"1",,,,"1",,,,,,"1",,
"Sora","082726","2013","2",,"1","1",,,"2",,"1",,,,"1",,
"Sora","082726","2014","2",,"1","1","1",,"1",,"1",,,,,,
"Sora","082726","2015","0",,,,,,"0",,,,,,,,
"Sora","082726","2016","0",,,,,,"0",,,,,,,,
"Sora","082726","2017","0",,,,,,"0",,,,,,,,
"Sora","082726","2018","0",,,,,,"0",,,,,,,,
"Sora","082726","2019","0",,,,,,"0",,,,,,,,
"Sora","082726","2020","0",,,,,,"0",,,,,,,,
"Sora","082726","2021","3",,,"3","1",,"0","2",,,,,,,
"Sora","082726","2023","2","2",,,,,"2",,"2",,,,,,
"Soriguera","252081","2011","0",,,,,,"0",,,,,,,,
"Soriguera","252081","2012","1","1",,,"1",,"0",,,,,,,,
"Soriguera","252081","2013","0",,,,,,"0",,,,,,,,
"Soriguera","252081","2014","1",,,"1","1",,"0",,,,,,,,
"Soriguera","252081","2015","0",,,,,,"0",,,,,,,,
"Soriguera","252081","2016","0",,,,,,"0",,,,,,,,
"Soriguera","252081","2017","0",,,,,,"0",,,,,,,,
"Soriguera","252081","2018","0",,,,,,"0",,,,,,,,
"Soriguera","252081","2019","0",,,,,,"0",,,,,,,,
"Soriguera","252081","2020","1",,"1",,,"1","0",,,,,,,,
"Soriguera","252081","2021","0",,,,,,"0",,,,,,,,
"Soriguera","252081","2022","1",,,"1","1",,,,,,,,,,
"Sort","252094","2011","23",,"21","2","2","3","17","1","2",,"1",,"13",,"1"
"Sort","252094","2012","33","18","15",,,"5","27","1","4",,"7",,"13","2","1"
"Sort","252094","2013","10",,,"10","3","3","4",,,,"1",,"3",,
"Sort","252094","2014","7",,"1","6","3","4","0",,,,,,,,
"Sort","252094","2015","9",,"2","7","4","3","2",,,,,,"2",,
"Sort","252094","2016","8",,"2","6","3","2","3",,,,,,"3",,
"Sort","252094","2017","15","8","1","6","5","2","8",,"1",,"4",,"2","1",
"Sort","252094","2018","18",,"6","12","3","5","10",,"1",,"6",,"3",,
"Sort","252094","2019","23","12","9","2","1","1","21",,,,"8","2","11",,
"Sort","252094","2020","9","3","1","5","2","3","2","2",,,,,"2",,
"Sort","252094","2021","35","20","3","12","1","10","14","10","1",,"1","1","11",,
"Sort","252094","2022","50","28","4","18","7","5","38","15","3","1","5","2","12",,
"Sort","252094","2023","57","24","12","21","5","6","46","11","4","3","12","2","13","1",
"Soses","252108","2011","41","35","3","3","3",,"38",,,,"34","3","1",,
"Soses","252108","2012","35","30","1","4","4",,"31",,"1",,"25","1","4",,
"Soses","252108","2013","1","1",,,,,"1",,,,"1",,,,
"Soses","252108","2014","5","5",,,,,"5",,,,"4",,"1",,
"Soses","252108","2015","2","2",,,,,"2",,"1",,"1",,,,
"Soses","252108","2016","2","2",,,,,"2",,,,"2",,,,
"Soses","252108","2017","0",,,,,,"0",,,,,,,,
"Soses","252108","2018","0",,,,,,"0",,,,,,,,
"Soses","252108","2019","13","12",,"1","1",,"12",,"1",,"10",,"1",,
"Soses","252108","2020","4",,"4",,,,"4",,"1",,"3",,,,
"Soses","252108","2021","1",,"1",,,,"1",,,,"1",,,,
"Soses","252108","2022","5","4","1",,,,"5","2",,,"3",,,,
"Soses","252108","2023","5",,"5",,,,"5",,,,"5",,,,
"Subirats","082732","2011","15",,"1","14","7",,"5","3",,"2","3",,,,
"Subirats","082732","2012","15","4","5","6","2","5","7","1","2","1","4",,,,
"Subirats","082732","2013","9","2","6","1","2","4","3",,"1","1","1",,,,
"Subirats","082732","2014","4",,"1","3","2",,"2",,,"2",,,,,
"Subirats","082732","2015","9","4","2","3","2",,"7",,"2","1",,,"1","3",
"Subirats","082732","2016","7","4","3",,"1",,"6",,,,,"2","4",,
"Subirats","082732","2017","7","1","1","5","4",,"3",,"1",,,,"2",,
"Subirats","082732","2018","11","2",,"9","7",,"4",,,,"2",,"2",,
"Subirats","082732","2019","8","5",,"3","1",,"7",,,,"5",,"2",,
"Subirats","082732","2020","0",,,,,,"0",,,,,,,,
"Subirats","082732","2021","1","1",,,,,"1",,,,"1",,,,
"Subirats","082732","2022","4","2","2",,,,"4","2",,,,,"2",,
"Sudanell","252115","2011","4",,"2","2","2",,"2",,"1",,,,"1",,
"Sudanell","252115","2012","3",,"2","1","1",,"2",,"2",,,,,,
"Sudanell","252115","2013","0",,,,,,"0",,,,,,,,
"Sudanell","252115","2014","0",,,,,,"0",,,,,,,,
"Sudanell","252115","2015","0",,,,,,"0",,,,,,,,
"Sudanell","252115","2016","1","1",,,,,"1",,,,,,"1",,
"Sudanell","252115","2017","1",,"1",,,,"1",,,,,,,"1",
"Sudanell","252115","2018","1",,,"1","1",,"0",,,,,,,,
"Sudanell","252115","2019","0",,,,,,"0",,,,,,,,
"Sudanell","252115","2020","0",,,,,,"0",,,,,,,,
"Sudanell","252115","2021","3","2",,"1",,,"0","3",,,,,,,
"Sudanell","252115","2022","5","3","2",,,,"5","5",,,,,,,
"Sudanell","252115","2023","1",,"1",,,,"1","1",,,,,,,
"Sunyer","252120","2011","0",,,,,,"0",,,,,,,,
"Sunyer","252120","2012","0",,,,,,"0",,,,,,,,
"Sunyer","252120","2013","0",,,,,,"0",,,,,,,,
"Sunyer","252120","2014","0",,,,,,"0",,,,,,,,
"Sunyer","252120","2015","4","4",,,,,"4",,,,,,"4",,
"Sunyer","252120","2016","9","1","8",,,,"9",,,,,,"9",,
"Sunyer","252120","2017","0",,,,,,"0",,,,,,,,
"Sunyer","252120","2018","3",,"3",,,,"3",,,,,,"3",,
"Sunyer","252120","2019","3","2",,"1","1",,"2",,,,"1","1",,,
"Sunyer","252120","2020","2",,,"2","2",,"0",,,,,,,,
"Sunyer","252120","2021","0",,,,,,"0",,,,,,,,
"Sunyer","252120","2023","1","1",,,,,"1",,,,"1",,,,
"Súria","082747","2011","11",,"4","7","7",,"4",,,"2",,,"2",,
"Súria","082747","2012","8",,,"8","5",,"3",,,"2",,,"1",,
"Súria","082747","2013","14",,"2","12","10",,"4",,,"2",,,"2",,
"Súria","082747","2014","10","2","1","7","4","1","5",,,"2",,,"3",,
"Súria","082747","2015","5","2",,"3","2",,"3",,,,,,"3",,
"Súria","082747","2016","10","6","1","3","3",,"7",,,"1","1",,"5",,
"Súria","082747","2017","10","6",,"4","2","2","6",,,,,,"5","1",
"Súria","082747","2018","14","9","3","2","2",,"12",,,,"1",,"11",,
"Súria","082747","2019","23","12","7","4","4",,"19",,,,"5",,"14",,
"Súria","082747","2020","5","4","1",,,,"4","1",,,,,"4",,
"Súria","082747","2021","13","9","2","2",,,"3","10",,,"1",,"2",,
"Súria","082747","2022","26","11","4","11","1",,"25","14",,,"1",,"10",,
"Súria","082747","2023","19","7","2","10","1",,"18","7",,,,,"11",,
"Susqueda","171946","2011","2",,,"2","2",,"0",,,,,,,,
"Susqueda","171946","2012","0",,,,,,"0",,,,,,,,
"Susqueda","171946","2013","0",,,,,,"0",,,,,,,,
"Susqueda","171946","2014","0",,,,,,"0",,,,,,,,
"Susqueda","171946","2015","0",,,,,,"0",,,,,,,,
"Susqueda","171946","2016","0",,,,,,"0",,,,,,,,
"Susqueda","171946","2017","0",,,,,,"0",,,,,,,,
"Susqueda","171946","2018","0",,,,,,"0",,,,,,,,
"Susqueda","171946","2019","0",,,,,,"0",,,,,,,,
"Susqueda","171946","2020","0",,,,,,"0",,,,,,,,
"Susqueda","171946","2021","0",,,,,,"0",,,,,,,,
"Tagamanent","082763","2011","5","1","2","2","2","3","0",,,,,,,,
"Tagamanent","082763","2012","2",,"1","1","2",,"0",,,,,,,,
"Tagamanent","082763","2013","1",,,"1","1",,"0",,,,,,,,
"Tagamanent","082763","2014","2",,"1","1",,,"2",,,,,,"2",,
"Tagamanent","082763","2015","1",,,"1",,"1","0",,,,,,,,
"Tagamanent","082763","2016","0",,,,,,"0",,,,,,,,
"Tagamanent","082763","2017","2",,,"2",,"2","0",,,,,,,,
"Tagamanent","082763","2018","3","1",,"2","1","1","1",,,,,"1",,,
"Tagamanent","082763","2019","6",,,"6","4","2","0",,,,,,,,
"Tagamanent","082763","2020","2",,,"2","2",,"0",,,,,,,,
"Tagamanent","082763","2021","0",,,,,,"0",,,,,,,,
"Talarn","252154","2011","2",,"2",,,"1","1",,,,,,"1",,
"Talarn","252154","2012","0",,,,,,"0",,,,,,,,
"Talarn","252154","2013","0",,,,,,"0",,,,,,,,
"Talarn","252154","2014","1",,,"1","1",,"0",,,,,,,,
"Talarn","252154","2015","0",,,,,,"0",,,,,,,,
"Talarn","252154","2016","3","1","1","1","1",,"2",,"1",,,"1",,,
"Talarn","252154","2017","5",,"2","3","2","1","2",,"1",,,"1",,,
"Talarn","252154","2018","0",,,,,,"0",,,,,,,,
"Talarn","252154","2019","0",,,,,,"0",,,,,,,,
"Talarn","252154","2020","0",,,,,,"0",,,,,,,,
"Talarn","252154","2021","1",,,"1","1",,"0",,,,,,,,
"Talarn","252154","2023","2","1",,"1","1","1",,,,,,,,,
"Taradell","082785","2011","43","6","15","22","13","2","28",,"3",,"6",,"15","4",
"Taradell","082785","2012","36","8","10","18","9","3","24",,"4",,"2",,"9","9",
"Taradell","082785","2013","27","7","6","14","7","3","17",,"1",,,,"5","11",
"Taradell","082785","2014","25","4","6","15","9","1","15",,"3",,,,"7","5",
"Taradell","082785","2015","16","2","6","8","6",,"10",,"1",,,,"3","6",
"Taradell","082785","2016","22","9","12","1",,"2","20",,"1","4","3",,"8","4",
"Taradell","082785","2017","20","9","8","3","2","2","16",,,"1","6",,"3","5","1"
"Taradell","082785","2018","23","7","13","3","3","1","19",,"1","1","2","1","4","9","1"
"Taradell","082785","2019","20","7","11","2","2",,"17","1",,,"1","1","2","13",
"Taradell","082785","2020","10","5","4","1",,,"9","1","1",,,"2","1","5",
"Taradell","082785","2021","11","5","5","1",,,"7","4",,,,"1","1","5",
"Taradell","082785","2022","22","12","9","1",,,"22","2",,"5","1","3","4","6","1"
"Taradell","082785","2023","14","2","8","4","4","1","9",,,"5",,"1","1","1","1"
"Tarragona","431482","2011","1,345","476","305","564","292","287","745","21","93","22","119","52","428","29","2"
"Tarragona","431482","2012","1,435","714","307","414","226","268","911","30","84","23","271","80","406","47",
"Tarragona","431482","2013","1,451","658","425","368","220","291","915","25","105","29","200","89","431","60","1"
"Tarragona","431482","2014","1,163","518","343","302","175","242","732","14","70","29","175","64","355","35","4"
"Tarragona","431482","2015","1,090","415","355","320","148","283","642","17","94","46","117","47","303","33","2"
"Tarragona","431482","2016","1,307","570","366","371","195","295","804","13","119","56","167","37","376","49",
"Tarragona","431482","2017","1,535","713","446","376","212","270","1,045","8","119","76","245","47","496","53","9"
"Tarragona","431482","2018","1,544","680","485","379","185","221","1,133","5","99","62","239","34","605","81","13"
"Tarragona","431482","2019","1,775","919","524","332","135","243","1,387","10","74","41","380","38","781","68","5"
"Tarragona","431482","2020","1,026","497","321","208","66","122","707","131","47","18","142","24","454","20","2"
"Tarragona","431482","2021","1,219","469","465","285","78","109","527","505","54","19","106","8","325","13","2"
"Tarragona","431482","2022","1,320","744","345","231","65","126","1,129","288","41","37","198","29","512","23","1"
"Tarragona","431482","2023","2,098","977","817","304","125","210","1,763","121","78","93","206","38","1,176","46","5"
"Tàrrega","252173","2011","202","88","77","37","17","8","167","10","15","35","70","13","30","3","1"
"Tàrrega","252173","2012","181","81","97","3","7","7","167",,"14","18","65","25","42","1","2"
"Tàrrega","252173","2013","139","92","39","8","9","10","119","1","20","12","43","18","26",,
"Tàrrega","252173","2014","123","97","20","6","4","5","113","1","15","16","38","14","25","5",
"Tàrrega","252173","2015","175","129","34","12","6","2","167",,"26","9","83","18","29","2",
"Tàrrega","252173","2016","238","195","33","10","4","13","221",,"23","12","123","24","37","1","1"
"Tàrrega","252173","2017","218","168","34","16","9","11","198",,"24","15","96","28","33","2",
"Tàrrega","252173","2018","219","156","48","15","10","11","198",,"19","24","75","27","53",,
"Tàrrega","252173","2019","210","135","55","20","16","5","188","1","18","25","67","26","50","2",
"Tàrrega","252173","2020","77","42","26","9","4","5","67","1","9","11","25","5","15","1","1"
"Tàrrega","252173","2021","133","74","38","21","13","2","93","25","9","4","47","3","23","7",
"Tàrrega","252173","2022","193","153","32","8","3","5","185","8","12","42","66","20","35","2",
"Tàrrega","252173","2023","240","140","76","24","9","14","217","4","11","35","50","9","103","5",
"Tarrés","252189","2011","0",,,,,,"0",,,,,,,,
"Tarrés","252189","2012","0",,,,,,"0",,,,,,,,
"Tarrés","252189","2013","0",,,,,,"0",,,,,,,,
"Tarrés","252189","2014","0",,,,,,"0",,,,,,,,
"Tarrés","252189","2015","0",,,,,,"0",,,,,,,,
"Tarrés","252189","2016","0",,,,,,"0",,,,,,,,
"Tarrés","252189","2017","0",,,,,,"0",,,,,,,,
"Tarrés","252189","2018","0",,,,,,"0",,,,,,,,
"Tarrés","252189","2019","1","1",,,,,"1",,,,,,,"1",
"Tarrés","252189","2020","0",,,,,,"0",,,,,,,,
"Tarrés","252189","2021","0",,,,,,"0",,,,,,,,
"Tarroja de Segarra","252192","2011","2",,"2",,,,"2",,"2",,,,,,
"Tarroja de Segarra","252192","2012","0",,,,,,"0",,,,,,,,
"Tarroja de Segarra","252192","2013","0",,,,,,"0",,,,,,,,
"Tarroja de Segarra","252192","2014","0",,,,,,"0",,,,,,,,
"Tarroja de Segarra","252192","2015","0",,,,,,"0",,,,,,,,
"Tarroja de Segarra","252192","2016","0",,,,,,"0",,,,,,,,
"Tarroja de Segarra","252192","2017","0",,,,,,"0",,,,,,,,
"Tarroja de Segarra","252192","2018","0",,,,,,"0",,,,,,,,
"Tarroja de Segarra","252192","2019","0",,,,,,"0",,,,,,,,
"Tarroja de Segarra","252192","2020","0",,,,,,"0",,,,,,,,
"Tarroja de Segarra","252192","2021","0",,,,,,"0",,,,,,,,
"Tavertet","082802","2022","1","1",,,,,"1",,"1",,,,,,
"Tavertet","082802","2023","1","1",,,,,"1",,"1",,,,,,
"Teià","082819","2011","23","3","1","19","13","4","6",,"1","1",,"1","3",,
"Teià","082819","2012","17","4","2","11","8","2","7",,,,,"1","6",,
"Teià","082819","2013","56","28","3","25","21","3","32",,"4","2",,"19","6",,"1"
"Teià","082819","2014","49","19","4","26","21","3","25",,"1","2","1","16","4",,"1"
"Teià","082819","2015","29","8","2","19","12","3","14",,,"3",,"1","7",,"3"
"Teià","082819","2016","31","5","11","15","11","3","16","1",,"1","1",,"10",,"4"
"Teià","082819","2017","38","7","9","22","17","3","16","2","2",,,"2","11",,"1"
"Teià","082819","2018","38","3","6","29","21","5","12",,"2",,"1","2","6","1",
"Teià","082819","2019","39","22","2","15","13",,"26",,"4",,"6",,"15","1",
"Teià","082819","2020","14","3","11",,,"1","13",,"3","2","1",,"7",,
"Teià","082819","2021","34","11","10","13","4","1","18","11","4","2",,"4","8",,
"Teià","082819","2022","46","25","6","15","5","1","40","7","11","2","3","1","14","2",
"Teià","082819","2023","26","10","8","8","5","3","18","5","1","4",,,"6","2",
"Térmens","252206","2011","8","3","2","3","2",,"6",,"4",,,,"2",,
"Térmens","252206","2012","9","4","5",,,,"9",,"7",,,"1","1",,
"Térmens","252206","2013","0",,,,,,"0",,,,,,,,
"Térmens","252206","2014","0",,,,,,"0",,,,,,,,
"Térmens","252206","2015","1",,,"1","1",,"0",,,,,,,,
"Térmens","252206","2016","0",,,,,,"0",,,,,,,,
"Térmens","252206","2017","2",,"1","1","1",,"1",,"1",,,,,,
"Térmens","252206","2018","1",,,"1","1",,"0",,,,,,,,
"Térmens","252206","2019","3",,,"3","3",,"0",,,,,,,,
"Térmens","252206","2020","1",,,"1",,,"0","1",,,,,,,
"Térmens","252206","2021","2",,,"2",,,"0","2",,,,,,,
"Térmens","252206","2022","11","9",,"2","2",,"9",,"3",,,"1","5",,
"Térmens","252206","2023","2",,,"2","2",,,,,,,,,,
"Terrades","171962","2011","0",,,,,,"0",,,,,,,,
"Terrades","171962","2012","2",,,"2","2",,"0",,,,,,,,
"Terrades","171962","2013","0",,,,,,"0",,,,,,,,
"Terrades","171962","2014","0",,,,,,"0",,,,,,,,
"Terrades","171962","2015","0",,,,,,"0",,,,,,,,
"Terrades","171962","2016","0",,,,,,"0",,,,,,,,
"Terrades","171962","2017","1",,,"1","1",,"0",,,,,,,,
"Terrades","171962","2018","2",,,"2","2",,"0",,,,,,,,
"Terrades","171962","2019","1",,,"1","1",,"0",,,,,,,,
"Terrades","171962","2020","2",,,"2","2",,"0",,,,,,,,
"Terrades","171962","2021","1",,"1",,,,"0","1",,,,,,,
"Terrades","171962","2023","1","1",,,,"1",,,,,,,,,
"Terrassa","082798","2011","2,892","958","964","970","631","399","1,804","58","114","37","596","146","874","32","5"
"Terrassa","082798","2012","2,141","591","771","779","472","314","1,324","31","91","31","435","97","648","15","7"
"Terrassa","082798","2013","1,773","677","518","578","371","290","1,101","11","69","27","344","102","527","27","5"
"Terrassa","082798","2014","1,333","423","416","494","326","254","744","9","52","28","197","42","406","17","2"
"Terrassa","082798","2015","1,170","376","374","420","275","201","685","9","40","29","168","41","389","15","3"
"Terrassa","082798","2016","1,248","465","405","378","249","195","798","6","65","32","184","38","450","24","5"
"Terrassa","082798","2017","1,294","557","383","354","233","158","899","4","46","20","210","44","542","33","4"
"Terrassa","082798","2018","1,763","622","616","525","319","195","1,238","11","45","18","249","55","826","42","3"
"Terrassa","082798","2019","1,427","561","518","348","185","149","1,087","6","41","11","228","24","750","28","5"
"Terrassa","082798","2020","1,287","538","441","308","120","128","924","115","43","16","251","23","568","20","3"
"Terrassa","082798","2021","1,912","822","751","339","84","142","1,264","422","45","17","405","45","739","13",
"Terrassa","082798","2022","1,471","714","513","244","72","116","1,283","151","39","30","329","29","681","24",
"Terrassa","082798","2023","2,027","799","865","363","126","174","1,727","73","49","29","217","34","1,279","40","6"
"Tiana","082824","2011","51","4","11","36","20","17","10","4",,"3",,,"7",,
"Tiana","082824","2012","39","8","9","22","15","12","11","1","2","2",,,"5",,"2"
"Tiana","082824","2013","32","4","3","25","13","14","5",,,,"1",,"2",,"2"
"Tiana","082824","2014","21","5","5","11","9","1","11",,"4",,,,"4","3",
"Tiana","082824","2015","26","6","6","14","11","5","10",,"1",,"2",,"5","2",
"Tiana","082824","2016","27","3","9","15","15","6","6",,"1",,,,"5",,
"Tiana","082824","2017","23","3","6","14","11","1","11",,"5",,,,"5","1",
"Tiana","082824","2018","27","2","9","16","4","7","15","1","7",,,,"8",,
"Tiana","082824","2019","15","3","5","7","3","3","9",,"3",,,,"6",,
"Tiana","082824","2020","5","1","2","2","2",,"3",,"2",,,,"1",,
"Tiana","082824","2021","8","1","4","3","2",,"3","3","1",,"1",,"1",,
"Tiana","082824","2022","8","3","4","1","1","2","5",,,,,,"5",,
"Tiana","082824","2023","19","4","7","8","5","2","12","1","1",,,,"10",,
"Tírvia","252213","2011","2",,,"2",,"2","0",,,,,,,,
"Tírvia","252213","2012","2","2",,,,,"2",,,,"1",,"1",,
"Tírvia","252213","2013","0",,,,,,"0",,,,,,,,
"Tírvia","252213","2014","0",,,,,,"0",,,,,,,,
"Tírvia","252213","2015","0",,,,,,"0",,,,,,,,
"Tírvia","252213","2016","0",,,,,,"0",,,,,,,,
"Tírvia","252213","2017","0",,,,,,"0",,,,,,,,
"Tírvia","252213","2018","0",,,,,,"0",,,,,,,,
"Tírvia","252213","2019","0",,,,,,"0",,,,,,,,
"Tírvia","252213","2020","0",,,,,,"0",,,,,,,,
"Tírvia","252213","2021","0",,,,,,"0",,,,,,,,
"Tivenys","431495","2011","0",,,,,,"0",,,,,,,,
"Tivenys","431495","2012","1","1",,,,,"1",,,,"1",,,,
"Tivenys","431495","2013","1","1",,,,,"1",,,,,,"1",,
"Tivenys","431495","2014","2","1",,"1","1",,"1",,,,,,"1",,
"Tivenys","431495","2015","0",,,,,,"0",,,,,,,,
"Tivenys","431495","2016","9","7","2",,,,"9",,"2",,"4",,"3",,
"Tivenys","431495","2017","2","2",,,,,"2",,,,"2",,,,
"Tivenys","431495","2018","1",,,"1","1",,"0",,,,,,,,
"Tivenys","431495","2019","8","8",,,,,"8",,,,"8",,,,
"Tivenys","431495","2020","4","3","1",,,,"4",,,,"2",,"2",,
"Tivenys","431495","2021","17","14",,"3",,,"17",,,,"14",,"3",,
"Tivenys","431495","2022","10","6","1","3",,,"10",,,,"7",,"3",,
"Tivenys","431495","2023","2",,,"2",,,"2",,,,,,"2",,
"Tivissa","431508","2011","10","4",,"6","6","2","2",,"1",,,"1",,,
"Tivissa","431508","2012","9",,"5","4","4","3","2",,"1",,,"1",,,
"Tivissa","431508","2013","16","9",,"7","7","2","7",,"2","3",,"2",,,
"Tivissa","431508","2014","7","2","2","3","3","2","2",,,"1",,"1",,,
"Tivissa","431508","2015","6",,"4","2",,"4","2",,,"2",,,,,
"Tivissa","431508","2016","3",,,"3",,"3","0",,,,,,,,
"Tivissa","431508","2017","3",,,"3","1","2","0",,,,,,,,
"Tivissa","431508","2018","3",,,"3","1","1","1",,,,,,"1",,
"Tivissa","431508","2019","11","4","2","5","1","4","6",,"2",,,,"4",,
"Tivissa","431508","2020","6","5",,"1",,"1","3","2",,,,"1","2",,
"Tivissa","431508","2021","4","1","2","1","1",,"2","1",,,,,"2",,
"Tivissa","431508","2022","6",,"3","3",,,"6","3",,,,,"3",,
"Tivissa","431508","2023","12","9","2","1",,,"12","1","1",,,,"9","1",
"Tona","082830","2011","13","1","5","7","5",,"6","2",,"1",,"1","4",,
"Tona","082830","2012","15","2","3","10","6",,"9",,,"1",,"2","6",,
"Tona","082830","2013","10","1","2","7","4",,"6",,,,,"1","5",,
"Tona","082830","2014","9","2","3","4","2",,"7",,"2",,,,"5",,
"Tona","082830","2015","15","7","6","2","2",,"13",,"2",,,,"9",,"2"
"Tona","082830","2016","12","2","7","3","3","1","8",,,,,,"8",,
"Tona","082830","2017","13","3","8","2","1","2","10",,"4","1","1",,"4",,
"Tona","082830","2018","19","3","9","7","4","2","12","1","5","4","2",,"1",,
"Tona","082830","2019","25","2","9","14","4","4","17",,"6","8",,,"3",,
"Tona","082830","2020","17","9","2","6",,,"10","7","4","1",,,"5",,
"Tona","082830","2021","6","2","1","3",,,"2","4","2",,,,,,
"Tona","082830","2022","14","8","4","2",,"2","12","1",,,,"2","9",,
"Tona","082830","2023","13","2","7","4","2","1","10",,,"2","1","3","4",,
"Torà","252234","2011","3",,,"3","1","1","0","1",,,,,,,
"Torà","252234","2012","1",,,"1",,"1","0",,,,,,,,
"Torà","252234","2013","2",,,"2",,"2","0",,,,,,,,
"Torà","252234","2014","23","23",,,,,"23",,"4","11","4","2","2",,
"Torà","252234","2015","0",,,,,,"0",,,,,,,,
"Torà","252234","2016","0",,,,,,"0",,,,,,,,
"Torà","252234","2017","0",,,,,,"0",,,,,,,,
"Torà","252234","2018","0",,,,,,"0",,,,,,,,
"Torà","252234","2019","25","25",,,,,"23","2","1","1","15","4","2",,
"Torà","252234","2020","0",,,,,,"0",,,,,,,,
"Torà","252234","2021","0",,,,,,"0",,,,,,,,
"Torà","252234","2023","1",,"1",,,,"1",,"1",,,,,,
"Tordera","082845","2011","82","11","33","38","27","13","42",,"11","4","5","6","16",,
"Tordera","082845","2012","48","10","11","27","19","8","21",,"7","1","2","3","8",,
"Tordera","082845","2013","79","24","27","28","22","26","31",,"11","3",,"1","16",,
"Tordera","082845","2014","41","4","24","13","8","15","18",,"4","3","1",,"9",,"1"
"Tordera","082845","2015","57","23","24","10","9","13","35",,"7","4","1",,"22","1",
"Tordera","082845","2016","110","29","45","36","21","25","64",,"12","5","5","5","37",,
"Tordera","082845","2017","112","16","56","40","30","22","60",,"10","6","10","6","25","3",
"Tordera","082845","2018","90","32","18","40","29","11","50",,"2","12","7","4","24","1",
"Tordera","082845","2019","150","76","35","39","25","13","112",,"14","14","34","5","43","2",
"Tordera","082845","2020","76","23","37","16","13","7","54","2","3","3","11","2","35",,
"Tordera","082845","2021","94","29","51","14","5","9","61","19","3","5","7","3","42",,"1"
"Tordera","082845","2022","108","66","29","13","5","5","98","2","4","6","26","3","55","2",
"Tordera","082845","2023","133","59","52","22","14","10","109","1","1","6","17","3","79","2",
"Torelló","082858","2011","203","63","74","66","40","23","129","11","16","3","41","16","45","8",
"Torelló","082858","2012","155","20","91","44","35","15","104","1","5","5","44","14","28","8",
"Torelló","082858","2013","125","42","48","35","19","13","93",,"6","3","48","10","21","5",
"Torelló","082858","2014","80",,"57","23","18","12","50",,"4",,"23","2","21",,
"Torelló","082858","2015","84","16","57","11","8","11","65",,"6","2","22","7","26","2",
"Torelló","082858","2016","120","43","50","27","18","11","91",,"5","5","31","15","30","3","2"
"Torelló","082858","2017","131","28","81","22","15","16","100",,"5",,"44","14","31","6",
"Torelló","082858","2018","108","50","40","18","13","12","83",,"2","10","19","14","34","4",
"Torelló","082858","2019","134","60","51","23","11","5","117","1","2","18","20","25","45","7",
"Torelló","082858","2020","67","20","38","9","2",,"63","2","2","7","6","10","35","3",
"Torelló","082858","2021","81","23","41","17","6","3","59","13","5","7","7","13","26","1",
"Torelló","082858","2022","129","66","53","10","7","4","118","2","4","10","15","28","54","5",
"Torelló","082858","2023","113","30","79","4","4","1","108",,"3","11","30","18","43","3",
"Tornabous","252252","2011","0",,,,,,"0",,,,,,,,
"Tornabous","252252","2012","0",,,,,,"0",,,,,,,,
"Tornabous","252252","2013","1","1",,,,,"1",,"1",,,,,,
"Tornabous","252252","2014","0",,,,,,"0",,,,,,,,
"Tornabous","252252","2015","0",,,,,,"0",,,,,,,,
"Tornabous","252252","2016","1",,,"1","1",,"0",,,,,,,,
"Tornabous","252252","2017","0",,,,,,"0",,,,,,,,
"Tornabous","252252","2018","0",,,,,,"0",,,,,,,,
"Tornabous","252252","2019","0",,,,,,"0",,,,,,,,
"Tornabous","252252","2020","0",,,,,,"0",,,,,,,,
"Tornabous","252252","2021","1","1",,,,,"0","1",,,,,,,
"Torrebesses","252265","2011","1",,,"1","1",,"0",,,,,,,,
"Torrebesses","252265","2012","0",,,,,,"0",,,,,,,,
"Torrebesses","252265","2013","0",,,,,,"0",,,,,,,,
"Torrebesses","252265","2014","0",,,,,,"0",,,,,,,,
"Torrebesses","252265","2015","0",,,,,,"0",,,,,,,,
"Torrebesses","252265","2016","0",,,,,,"0",,,,,,,,
"Torrebesses","252265","2017","0",,,,,,"0",,,,,,,,
"Torrebesses","252265","2018","0",,,,,,"0",,,,,,,,
"Torrebesses","252265","2019","0",,,,,,"0",,,,,,,,
"Torrebesses","252265","2020","0",,,,,,"0",,,,,,,,
"Torrebesses","252265","2021","0",,,,,,"0",,,,,,,,
"Torrebesses","252265","2023","2","2",,,"2",,,,,,,,,,
"Torredembarra","431536","2011","83","4","6","73","41","25","15","2","3","1","2",,"9",,
"Torredembarra","431536","2012","50","5","5","40","24","12","13","1","3",,,,"10",,
"Torredembarra","431536","2013","15","1","7","7","1","2","10","2","4","1",,,"5",,
"Torredembarra","431536","2014","28","16","6","6","2","4","22",,"8","3","4",,"7",,
"Torredembarra","431536","2015","4",,"1","3",,,"4",,"1","2",,,"1",,
"Torredembarra","431536","2016","11","2","2","7","4",,"6","1","3","1",,,"2",,
"Torredembarra","431536","2017","27",,"6","21","10","1","13","3","10",,,,"3",,
"Torredembarra","431536","2018","27","3","6","18","8","2","14","3","4","2",,,"7","1",
"Torredembarra","431536","2019","29","3","14","12","6","1","20","2",,"6",,,"13","1",
"Torredembarra","431536","2020","17","5","4","8","1","1","13","2","1","3","3",,"6",,
"Torredembarra","431536","2021","33","11","11","11",,"2","9","22","1",,"3",,"5",,
"Torredembarra","431536","2022","27","6","9","12","4","2","21","7",,"2","3",,"9",,
"Torredembarra","431536","2023","67","18","19","30","21","5","41","2","4","2","5",,"27","1",
"Torrefarrera","252287","2011","19","5","2","12","6","4","9",,,"4",,,"5",,
"Torrefarrera","252287","2012","17","3","7","7","6","3","8",,"1",,,,"7",,
"Torrefarrera","252287","2013","21","1","6","14","11","4","6",,"2","3",,,"1",,
"Torrefarrera","252287","2014","13","2","2","9","7","1","5",,"3",,,"1","1",,
"Torrefarrera","252287","2015","8","1","1","6","4",,"4",,"4",,,,,,
"Torrefarrera","252287","2016","11","1","6","4","3","1","7",,"5",,,,,"1","1"
"Torrefarrera","252287","2017","8","1","3","4","1","2","5",,"3",,,"1","1",,
"Torrefarrera","252287","2018","15","6","2","7","3",,"12",,"3","1",,"1","3","4",
"Torrefarrera","252287","2019","19","6","3","10","5",,"14",,"3",,,,"5","6",
"Torrefarrera","252287","2020","7",,"2","5","1","3","3",,"2",,,,"1",,
"Torrefarrera","252287","2021","13","1","1","11","1","3","0","9",,,,,,,
"Torrefarrera","252287","2022","10","3",,"7","1",,"9","5","1",,"1",,"2",,
"Torrefarrera","252287","2023","19","5","2","12","6","2","11","2",,,"3",,"6",,
"Torrefeta i Florejacs","259078","2011","0",,,,,,"0",,,,,,,,
"Torrefeta i Florejacs","259078","2012","0",,,,,,"0",,,,,,,,
"Torrefeta i Florejacs","259078","2013","1","1",,,,,"1",,,,,,"1",,
"Torrefeta i Florejacs","259078","2014","0",,,,,,"0",,,,,,,,
"Torrefeta i Florejacs","259078","2015","0",,,,,,"0",,,,,,,,
"Torrefeta i Florejacs","259078","2016","0",,,,,,"0",,,,,,,,
"Torrefeta i Florejacs","259078","2017","0",,,,,,"0",,,,,,,,
"Torrefeta i Florejacs","259078","2018","0",,,,,,"0",,,,,,,,
"Torrefeta i Florejacs","259078","2019","1","1",,,,,"1",,,,,,,"1",
"Torrefeta i Florejacs","259078","2020","0",,,,,,"0",,,,,,,,
"Torrefeta i Florejacs","259078","2021","1","1",,,,,"0","1",,,,,,,
"Torregrossa","252304","2011","30","27","3",,,,"30",,"3",,"1","19","5","2",
"Torregrossa","252304","2012","25","23",,"2","2",,"23",,"2",,"17","1","1","2",
"Torregrossa","252304","2013","7",,"3","4","4",,"3",,,,,,"3",,
"Torregrossa","252304","2014","3","1","1","1",,,"3",,,,,"1","2",,
"Torregrossa","252304","2015","2",,,"2",,"1","1",,,,,,"1",,
"Torregrossa","252304","2016","4",,,"4","1","3","0",,,,,,,,
"Torregrossa","252304","2017","3",,"1","2",,"2","1",,,,,,"1",,
"Torregrossa","252304","2018","1",,"1",,"1",,"0",,,,,,,,
"Torregrossa","252304","2019","17","16","1",,,,"17",,,,,"17",,,
"Torregrossa","252304","2020","0",,,,,,"0",,,,,,,,
"Torregrossa","252304","2021","2",,,"2",,"1","0","1",,,,,,,
"Torregrossa","252304","2022","19","17",,"2","1","1","17",,"1",,"1","14","1",,
"Torregrossa","252304","2023","16","14",,"2","2",,"14",,,,,"13","1",,
"Torrelameu","252311","2011","72","32","35","5","3",,"69",,,,"1","66","2",,
"Torrelameu","252311","2012","48","25","21","2","2",,"46",,,,,"46",,,
"Torrelameu","252311","2013","1",,"1",,,,"1",,"1",,,,,,
"Torrelameu","252311","2014","0",,,,,,"0",,,,,,,,
"Torrelameu","252311","2015","0",,,,,,"0",,,,,,,,
"Torrelameu","252311","2016","0",,,,,,"0",,,,,,,,
"Torrelameu","252311","2017","2","2",,,,,"2",,,,"1","1",,,
"Torrelameu","252311","2018","0",,,,,,"0",,,,,,,,
"Torrelameu","252311","2019","0",,,,,,"0",,,,,,,,
"Torrelameu","252311","2020","0",,,,,,"0",,,,,,,,
"Torrelameu","252311","2021","0",,,,,,"0",,,,,,,,
"Torrelameu","252311","2022","2","1","1",,,,"2",,,,"2",,,,
"Torrelameu","252311","2023","1",,"1",,"1",,,,,,,,,,
"Torrelavit","082877","2011","1",,,"1","1",,"0",,,,,,,,
"Torrelavit","082877","2012","3","1",,"2","2",,"1",,,,"1",,,,
"Torrelavit","082877","2013","3",,"1","2","2",,"1",,,,"1",,,,
"Torrelavit","082877","2014","3","1","1","1","1","1","1",,"1",,,,,,
"Torrelavit","082877","2015","3",,"2","1",,"2","1",,"1",,,,,,
"Torrelavit","082877","2016","7","1","2","4",,"3","4",,"1","1",,,"2",,
"Torrelavit","082877","2017","8","1","1","6",,"3","5",,"2","2",,,,"1",
"Torrelavit","082877","2018","4",,"3","1",,"1","3",,,,,,"1","2",
"Torrelavit","082877","2019","5",,"3","2","2",,"3",,,,,"1","2",,
"Torrelavit","082877","2020","2",,,"2","2",,"0",,,,,,,,
"Torrelavit","082877","2021","1","1",,,,,"0","1",,,,,,,
"Torrelavit","082877","2022","8","6","1","1","1",,"7","1",,"4","2",,,,
"Torrelavit","082877","2023","6","2","1","3","2","1","3",,,"2",,,"1",,
"Torrelles de Foix","082883","2011","16","1","4","11","10","2","4",,"1",,"1",,"2",,
"Torrelles de Foix","082883","2012","11","6","1","4","4","1","6",,"1",,"3",,"2",,
"Torrelles de Foix","082883","2013","7","3","2","2","1",,"6",,,,"4",,"2",,
"Torrelles de Foix","082883","2014","3","2",,"1",,,"3",,,"1","1",,"1",,
"Torrelles de Foix","082883","2015","11","7","1","3","7","1","3",,,,"1",,"2",,
"Torrelles de Foix","082883","2016","10","4","3","3","3",,"7",,,,"5",,"2",,
"Torrelles de Foix","082883","2017","14","3","7","4","1","2","11",,"4","2","3",,"2",,
"Torrelles de Foix","082883","2018","11","2","5","4","2","2","7",,"4",,"2",,"1",,
"Torrelles de Foix","082883","2019","0",,,,,,"0",,,,,,,,
"Torrelles de Foix","082883","2020","7","5","2",,"1",,"6",,,,"4",,"2",,
"Torrelles de Foix","082883","2021","5","2","2","1","1",,"3","1",,,"2",,"1",,
"Torrelles de Foix","082883","2022","23","10","10","3","5",,"18",,"2",,"16",,,,
"Torrelles de Foix","082883","2023","28","9","17","2","5","2","21",,"4","2","12",,"3",,
"Torrelles de Llobregat","082896","2011","32","1","7","24","11","6","5","10","2",,,,"3",,
"Torrelles de Llobregat","082896","2012","25","1","5","19","12","9","3","1","1",,,,"2",,
"Torrelles de Llobregat","082896","2013","23","2","7","14","12","3","8",,"3","1",,,"4",,
"Torrelles de Llobregat","082896","2014","10","1","6","3","3","1","6",,,"2","2",,"2",,
"Torrelles de Llobregat","082896","2015","22",,"5","17","15","3","4",,"2",,"1",,"1",,
"Torrelles de Llobregat","082896","2016","35","8","5","22","16","4","14","1","3",,,"2","9",,
"Torrelles de Llobregat","082896","2017","24","3","8","13","12","1","11",,"3",,,"1","7",,
"Torrelles de Llobregat","082896","2018","26","2","8","16","15","3","8",,,,,,"8",,
"Torrelles de Llobregat","082896","2019","23","4","4","15","10","4","8","1",,,,,"8",,
"Torrelles de Llobregat","082896","2020","17","4","9","4","4","3","10",,"1",,,,"9",,
"Torrelles de Llobregat","082896","2021","18","5","9","4","4",,"11","3",,,,,"11",,
"Torrelles de Llobregat","082896","2022","43","23","12","8","2","9","32","3","2","1",,,"25",,"1"
"Torrelles de Llobregat","082896","2023","43","5","29","9","5","6","32","2","3",,,,"25","1","1"
"Torrent","171978","2011","2",,,"2",,"2","0",,,,,,,,
"Torrent","171978","2012","0",,,,,,"0",,,,,,,,
"Torrent","171978","2013","0",,,,,,"0",,,,,,,,
"Torrent","171978","2014","0",,,,,,"0",,,,,,,,
"Torrent","171978","2015","0",,,,,,"0",,,,,,,,
"Torrent","171978","2016","0",,,,,,"0",,,,,,,,
"Torrent","171978","2017","0",,,,,,"0",,,,,,,,
"Torrent","171978","2018","1","1",,,,,"1",,,,,,"1",,
"Torrent","171978","2019","2",,"2",,,,"2",,,,,,"2",,
"Torrent","171978","2020","0",,,,,,"0",,,,,,,,
"Torrent","171978","2021","0",,,,,,"0",,,,,,,,
"Torrent","171978","2023","3","1","2",,,,"3",,,,"1",,"2",,
"Torres de Segre","252326","2011","3",,,"3","3",,"0",,,,,,,,
"Torres de Segre","252326","2012","13","3","6","4","4",,"9",,,,"2","1","2","4",
"Torres de Segre","252326","2013","5","4",,"1","1",,"4",,,,"4",,,,
"Torres de Segre","252326","2014","3","3",,,,,"3",,,,"3",,,,
"Torres de Segre","252326","2015","5","5",,,,,"5",,"2",,"1","2",,,
"Torres de Segre","252326","2016","5","4",,"1","1",,"4",,"2",,"1","1",,,
"Torres de Segre","252326","2017","2",,,"2","2",,"0",,,,,,,,
"Torres de Segre","252326","2018","3","1","1","1",,,"3",,"2",,,"1",,,
"Torres de Segre","252326","2019","6","6",,,,,"6",,,,"3","3",,,
"Torres de Segre","252326","2020","3","2",,"1","1",,"2",,,,,"2",,,
"Torres de Segre","252326","2021","3","2",,"1","1",,"1","1",,,"1",,,,
"Torres de Segre","252326","2022","4","2",,"2","2",,"2",,,,"1","1",,,
"Torres de Segre","252326","2023","3",,,"3","3",,,,,,,,,,
"Torre-serona","252332","2011","0",,,,,,"0",,,,,,,,
"Torre-serona","252332","2012","0",,,,,,"0",,,,,,,,
"Torre-serona","252332","2013","0",,,,,,"0",,,,,,,,
"Torre-serona","252332","2014","2","1","1",,,,"2",,,"2",,,,,
"Torre-serona","252332","2015","0",,,,,,"0",,,,,,,,
"Torre-serona","252332","2016","0",,,,,,"0",,,,,,,,
"Torre-serona","252332","2017","2","1",,"1","1",,"1",,,,,"1",,,
"Torre-serona","252332","2018","3",,"1","2","2",,"1",,,,,"1",,,
"Torre-serona","252332","2019","0",,,,,,"0",,,,,,,,
"Torre-serona","252332","2020","0",,,,,,"0",,,,,,,,
"Torre-serona","252332","2021","0",,,,,,"0",,,,,,,,
"Torre-serona","252332","2023","1","1",,,,,"1",,,,,,"1",,
"Torroella de Fluvià","171984","2011","9","3","6",,,,"9",,"2",,,"1","6",,
"Torroella de Fluvià","171984","2012","8","2","3","3","1","1","6",,"1",,"1","1","3",,
"Torroella de Fluvià","171984","2013","14","4","6","4","1","2","11",,"5",,"2",,"4",,
"Torroella de Fluvià","171984","2014","7","1","2","4",,"2","5",,"3",,,,"2",,
"Torroella de Fluvià","171984","2015","3","1","2",,,"1","2",,"1",,,,"1",,
"Torroella de Fluvià","171984","2016","4",,"2","2","1","3","0",,,,,,,,
"Torroella de Fluvià","171984","2017","6","1",,"5","3","2","1",,,,,,"1",,
"Torroella de Fluvià","171984","2018","3",,,"3","2","1","0",,,,,,,,
"Torroella de Fluvià","171984","2019","0",,,,,,"0",,,,,,,,
"Torroella de Fluvià","171984","2020","0",,,,,,"0",,,,,,,,
"Torroella de Fluvià","171984","2021","0",,,,,,"0",,,,,,,,
"Torroella de Montgrí","171997","2011","309","134","111","64","39","23","242","5","36","3","78","44","78","2","1"
"Torroella de Montgrí","171997","2012","283","79","164","40","22","37","222","2","42","4","73","24","75",,"4"
"Torroella de Montgrí","171997","2013","232","57","129","46","32","26","173","1","36","1","40","19","71","1","5"
"Torroella de Montgrí","171997","2014","206","73","83","50","25","13","168",,"32","5","28","16","85","2",
"Torroella de Montgrí","171997","2015","196","64","92","40","19","12","162","3","41","7","26","14","73","1",
"Torroella de Montgrí","171997","2016","162","46","76","40","21","12","124","5","32","8","13","9","60","1","1"
"Torroella de Montgrí","171997","2017","148","48","52","48","16","11","111","10","15","5","23","8","58","1","1"
"Torroella de Montgrí","171997","2018","156","75","57","24","10","11","131","4","12","2","15","10","88","2","2"
"Torroella de Montgrí","171997","2019","231","86","97","48","18","9","200","4","13","1","26","16","140","2","2"
"Torroella de Montgrí","171997","2020","143","64","63","16","11","4","125","3","7","2","31","4","81",,
"Torroella de Montgrí","171997","2021","112","31","66","15","4","5","66","37","8","1","8","1","48",,
"Torroella de Montgrí","171997","2022","199","117","65","17","4","2","193","16","17","23","46","2","85","3","1"
"Torroella de Montgrí","171997","2023","285","143","126","16","4","8","273","10","32","48","26","10","146","1",
"Torroja del Priorat","431541","2011","0",,,,,,"0",,,,,,,,
"Torroja del Priorat","431541","2012","1",,,"1","1",,"0",,,,,,,,
"Torroja del Priorat","431541","2013","0",,,,,,"0",,,,,,,,
"Torroja del Priorat","431541","2014","0",,,,,,"0",,,,,,,,
"Torroja del Priorat","431541","2015","0",,,,,,"0",,,,,,,,
"Torroja del Priorat","431541","2016","0",,,,,,"0",,,,,,,,
"Torroja del Priorat","431541","2017","2",,"1","1","1",,"1",,"1",,,,,,
"Torroja del Priorat","431541","2018","1","1",,,,,"1",,,"1",,,,,
"Torroja del Priorat","431541","2019","0",,,,,,"0",,,,,,,,
"Torroja del Priorat","431541","2020","1","1",,,,,"1",,"1",,,,,,
"Torroja del Priorat","431541","2021","0",,,,,,"0",,,,,,,,
"Tortellà","172001","2011","3",,,"3","3",,"0",,,,,,,,
"Tortellà","172001","2012","1",,"1",,,,"1",,"1",,,,,,
"Tortellà","172001","2013","2",,"1","1","1",,"1",,"1",,,,,,
"Tortellà","172001","2014","3",,"2","1","1",,"2",,,,,,"2",,
"Tortellà","172001","2015","2",,"1","1","1",,"1",,,,,,"1",,
"Tortellà","172001","2016","0",,,,,,"0",,,,,,,,
"Tortellà","172001","2017","0",,,,,,"0",,,,,,,,
"Tortellà","172001","2018","0",,,,,,"0",,,,,,,,
"Tortellà","172001","2019","0",,,,,,"0",,,,,,,,
"Tortellà","172001","2020","0",,,,,,"0",,,,,,,,
"Tortellà","172001","2021","0",,,,,,"0",,,,,,,,
"Tortellà","172001","2022","2","1","1",,,,"2",,,,,,"2",,
"Tortellà","172001","2023","1",,"1",,,,"1",,,,,,"1",,
"Tortosa","431554","2011","1,148","710","188","250","170","44","930","4","103","72","313","98","194","150",
"Tortosa","431554","2012","1,193","887","136","170","103","51","1,039",,"99","85","410","81","204","160",
"Tortosa","431554","2013","923","734","126","63","40","40","842","1","93","47","269","82","197","154",
"Tortosa","431554","2014","390","289","45","56","37","24","329",,"25","13","122","35","66","68",
"Tortosa","431554","2015","400","301","52","47","27","14","359",,"38","19","96","58","85","63",
"Tortosa","431554","2016","537","400","65","72","37","21","479",,"44","23","204","31","90","85","2"
"Tortosa","431554","2017","576","388","71","117","64","33","474","5","37","31","181","28","144","53",
"Tortosa","431554","2018","579","443","56","80","37","23","518","1","35","16","223","48","142","51","3"
"Tortosa","431554","2019","716","535","105","76","40","20","609","47","32","19","303","58","162","33","2"
"Tortosa","431554","2020","405","261","65","79","27","22","304","52","31","8","102","29","106","28",
"Tortosa","431554","2021","528","314","119","95","38","31","340","119","34","13","102","17","143","31",
"Tortosa","431554","2022","799","710","52","37","20","13","766","59","20","59","263","86","228","51",
"Tortosa","431554","2023","1,011","828","135","48","37","15","959","33","26","34","392","113","260","100","1"
"Tossa de Mar","172023","2011","16","1","6","9","5","5","6",,"3",,,,"3",,
"Tossa de Mar","172023","2012","19",,"9","10","5","5","9",,"2",,,,"6","1",
"Tossa de Mar","172023","2013","8","1","6","1",,"1","7",,,,,,"7",,
"Tossa de Mar","172023","2014","2","1",,"1",,,"2",,,,,,"2",,
"Tossa de Mar","172023","2015","1",,"1",,,,"1",,,,,,"1",,
"Tossa de Mar","172023","2016","8","3","2","3","1",,"7",,,"1",,,"4","2",
"Tossa de Mar","172023","2017","12","2","6","4",,"1","11",,"2","4",,,"3","2",
"Tossa de Mar","172023","2018","10","4","4","2","1","1","8",,,,,,"8",,
"Tossa de Mar","172023","2019","3","1","1","1","1",,"2",,,"1",,,"1",,
"Tossa de Mar","172023","2020","3",,"3",,,,"3",,,"1",,"1","1",,
"Tossa de Mar","172023","2021","6","3","1","2",,"1","1","4",,,,,"1",,
"Tossa de Mar","172023","2022","7","4","1","2",,,"7",,"1","2","1",,"3",,
"Tossa de Mar","172023","2023","4",,,"4","1",,"3",,,,,,"3",,
"Tremp","252347","2011","67","1","43","23","14","17","36",,"11",,"7","1","17",,
"Tremp","252347","2012","45","27",,"18","9","12","24",,"3","3","3","4","11",,
"Tremp","252347","2013","22","8",,"14","6","7","9",,"3","1",,"1","4",,
"Tremp","252347","2014","23","7","2","14","5","7","11",,"5","1","4",,"1",,
"Tremp","252347","2015","16","6",,"10","4","3","9",,"2","2","4","1",,,
"Tremp","252347","2016","43","11","14","18","6","7","30",,"6","2","10",,"11","1",
"Tremp","252347","2017","59","15","28","16","5","11","42","1","3","7","6","5","21",,
"Tremp","252347","2018","41","13","8","20","11","9","21",,"3",,"1","1","16",,
"Tremp","252347","2019","48","12","10","26","16","6","26",,"5","1","6","3","11",,
"Tremp","252347","2020","39","10","8","21","15","4","20",,,,"4",,"16",,
"Tremp","252347","2021","35","5","8","22","20","1","10","4","2",,"1",,"7",,
"Tremp","252347","2022","76","58","15","3","4","1","71","4","2","4","27","4","29","1",
"Tremp","252347","2023","72","45","12","15","8","2","62","3","3",,"17",,"39",,
"Ullà","172044","2011","26","5","10","11","8","4","14",,"1",,"6","4","1","2",
"Ullà","172044","2012","40","26","12","2","2","4","34",,"2",,"24","3","1","4",
"Ullà","172044","2013","14","2","10","2","3","1","10",,"1",,"9",,,,
"Ullà","172044","2014","10","2","5","3","3",,"7",,"1",,"6",,,,
"Ullà","172044","2015","10","1","6","3","2",,"8",,"1",,"5",,"2",,
"Ullà","172044","2016","5","2","2","1","1",,"4",,,,"1","1","2",,
"Ullà","172044","2017","27","20","7",,,,"27",,,,"19","2","6",,
"Ullà","172044","2018","9","4","5",,,,"9",,,,"4","2","3",,
"Ullà","172044","2019","32","25","6","1",,,"32",,,,"16",,"16",,
"Ullà","172044","2020","14","9","5",,,,"14",,,,"9","1","4",,
"Ullà","172044","2021","10","9","1",,,,"8","2",,,"7","1",,,
"Ullà","172044","2022","17","17",,,,,"17",,,,"15","1","1",,
"Ullà","172044","2023","7","7",,,,,"7",,,,"7",,,,
"Ullastrell","082900","2011","13",,"5","8","7","2","4",,"3",,,,,,"1"
"Ullastrell","082900","2012","11",,"4","7","6","2","3",,"1",,,,"1",,"1"
"Ullastrell","082900","2013","6",,"3","3","2","2","2",,,,,,"2",,
"Ullastrell","082900","2014","2",,,"2","2",,"0",,,,,,,,
"Ullastrell","082900","2015","2",,,"2","2",,"0",,,,,,,,
"Ullastrell","082900","2016","4","1","1","2","2",,"2",,,,,,"2",,
"Ullastrell","082900","2017","5","2","1","2","1","2","2",,,"2",,,,,
"Ullastrell","082900","2018","5",,"3","2","1","2","2",,,"2",,,,,
"Ullastrell","082900","2019","0",,,,,,"0",,,,,,,,
"Ullastrell","082900","2020","1","1",,,,,"0","1",,,,,,,
"Ullastrell","082900","2021","32","17","8","7",,"3","3","26",,"2",,,"1",,
"Ullastret","172057","2011","6","1","5",,,,"6",,"2","4",,,,,
"Ullastret","172057","2012","4",,"3","1",,,"4",,"2","2",,,,,
"Ullastret","172057","2013","0",,,,,,"0",,,,,,,,
"Ullastret","172057","2014","1","1",,,,,"1",,"1",,,,,,
"Ullastret","172057","2015","1",,,"1",,"1","0",,,,,,,,
"Ullastret","172057","2016","1",,,"1",,"1","0",,,,,,,,
"Ullastret","172057","2017","3","1","2",,,,"3",,"3",,,,,,
"Ullastret","172057","2018","4",,"4",,,,"4",,"4",,,,,,
"Ullastret","172057","2019","3",,"3",,,,"3",,"3",,,,,,
"Ullastret","172057","2020","3",,"1","2","2",,"1",,"1",,,,,,
"Ullastret","172057","2021","18","11","3","4",,,"4","14","2",,"1",,"1",,
"Ullastret","172057","2022","178","80","80","18",,,"178","167","1","2",,,"8",,
"Ullastret","172057","2023","45","4","34","7","3",,"42","36",,,,,"6",,
"Ulldecona","431567","2011","0",,,,,,"0",,,,,,,,
"Ulldecona","431567","2012","9","8",,"1",,,"9",,"4",,"5",,,,
"Ulldecona","431567","2013","3","2",,"1",,,"3",,"1","2",,,,,
"Ulldecona","431567","2014","4",,"4",,,,"4",,,"4",,,,,
"Ulldecona","431567","2015","1",,,"1",,,"1",,"1",,,,,,
"Ulldecona","431567","2016","0",,,,,,"0",,,,,,,,
"Ulldecona","431567","2017","0",,,,,,"0",,,,,,,,
"Ulldecona","431567","2018","0",,,,,,"0",,,,,,,,
"Ulldecona","431567","2019","2","2",,,,,"2",,,,"2",,,,
"Ulldecona","431567","2020","7","4",,"3",,,"3","4",,,"2",,,"1",
"Ulldecona","431567","2021","10","8","2",,,,"9","1","1",,"5",,"2","1",
"Ulldecona","431567","2022","3","2","1",,,,"3",,,,"2",,"1",,
"Ulldecona","431567","2023","19","17",,"2",,,"19","2","2",,"8","1","5","1",
"Ulldemolins","431573","2011","0",,,,,,"0",,,,,,,,
"Ulldemolins","431573","2012","0",,,,,,"0",,,,,,,,
"Ulldemolins","431573","2013","0",,,,,,"0",,,,,,,,
"Ulldemolins","431573","2014","0",,,,,,"0",,,,,,,,
"Ulldemolins","431573","2015","0",,,,,,"0",,,,,,,,
"Ulldemolins","431573","2016","2",,,"2",,,"2",,"2",,,,,,
"Ulldemolins","431573","2017","1",,,"1",,,"1",,"1",,,,,,
"Ulldemolins","431573","2018","0",,,,,,"0",,,,,,,,
"Ulldemolins","431573","2019","0",,,,,,"0",,,,,,,,
"Ulldemolins","431573","2020","0",,,,,,"0",,,,,,,,
"Ulldemolins","431573","2021","0",,,,,,"0",,,,,,,,
"Ulldemolins","431573","2022","2","2",,,,,"2",,,,,,"2",,
"Ulldemolins","431573","2023","2","1",,"1","1",,"1",,,,,,"1",,
"Urús","172060","2011","0",,,,,,"0",,,,,,,,
"Urús","172060","2012","0",,,,,,"0",,,,,,,,
"Urús","172060","2013","0",,,,,,"0",,,,,,,,
"Urús","172060","2014","0",,,,,,"0",,,,,,,,
"Urús","172060","2015","0",,,,,,"0",,,,,,,,
"Urús","172060","2016","0",,,,,,"0",,,,,,,,
"Urús","172060","2017","0",,,,,,"0",,,,,,,,
"Urús","172060","2018","0",,,,,,"0",,,,,,,,
"Urús","172060","2019","0",,,,,,"0",,,,,,,,
"Urús","172060","2020","0",,,,,,"0",,,,,,,,
"Urús","172060","2021","4","3","1",,,,"4",,,,,,"4",,
"Vacarisses","082917","2011","33","8","5","20","16","9","7","1",,,"1",,"6",,
"Vacarisses","082917","2012","23","3","14","6","6","7","10",,"2",,"1",,"6","1",
"Vacarisses","082917","2013","10","1","3","6","3","2","5",,,,,,"3","2",
"Vacarisses","082917","2014","8",,"2","6","4",,"4",,,,,,"2","2",
"Vacarisses","082917","2015","8","4","1","3",,,"8",,,,,,"4","3","1"
"Vacarisses","082917","2016","13","2","1","10","11","1","1",,,,,,"1",,
"Vacarisses","082917","2017","10","1","2","7","6","2","1","1",,,,,"1",,
"Vacarisses","082917","2018","26","17","8","1","1","1","24",,"1",,,,"23",,
"Vacarisses","082917","2019","33","3","27","3","4","1","28",,,,"1",,"27",,
"Vacarisses","082917","2020","11","1","5","5","4","1","6",,,,"1",,"5",,
"Vacarisses","082917","2021","6","1","1","4",,"3","0","3",,,,,,,
"Vacarisses","082917","2022","27","8","16","3","1","3","23","1","2",,"2",,"17","1",
"Vacarisses","082917","2023","24","2","19","3","5","2","17",,"2",,"1",,"13","1",
"Vall de Cardós","259010","2011","0",,,,,,"0",,,,,,,,
"Vall de Cardós","259010","2012","0",,,,,,"0",,,,,,,,
"Vall de Cardós","259010","2013","0",,,,,,"0",,,,,,,,
"Vall de Cardós","259010","2014","0",,,,,,"0",,,,,,,,
"Vall de Cardós","259010","2015","0",,,,,,"0",,,,,,,,
"Vall de Cardós","259010","2016","0",,,,,,"0",,,,,,,,
"Vall de Cardós","259010","2017","3",,,"3","3",,"0",,,,,,,,
"Vall de Cardós","259010","2018","2",,,"2","2",,"0",,,,,,,,
"Vall de Cardós","259010","2019","0",,,,,,"0",,,,,,,,
"Vall de Cardós","259010","2020","0",,,,,,"0",,,,,,,,
"Vall de Cardós","259010","2021","0",,,,,,"0",,,,,,,,
"Vallbona d'Anoia","082922","2011","2","1",,"1","1",,"1",,,,,,"1",,
"Vallbona d'Anoia","082922","2012","4","1","1","2","2",,"2",,,,,,"1","1",
"Vallbona d'Anoia","082922","2013","1",,,"1","1",,"0",,,,,,,,
"Vallbona d'Anoia","082922","2014","4",,,"4","2","2","0",,,,,,,,
"Vallbona d'Anoia","082922","2015","5","2","1","2","1","1","3",,,,,,,"3",
"Vallbona d'Anoia","082922","2016","3",,"1","2",,"2","1",,,,,,,"1",
"Vallbona d'Anoia","082922","2017","1",,,"1",,"1","0",,,,,,,,
"Vallbona d'Anoia","082922","2018","3","2",,"1",,"1","2",,,,"2",,,,
"Vallbona d'Anoia","082922","2019","4","3",,"1","1",,"3",,,,"1",,"2",,
"Vallbona d'Anoia","082922","2020","2","1","1",,,,"2",,,,"1",,"1",,
"Vallbona d'Anoia","082922","2021","3","1","2",,,,"3",,"2",,,,"1",,
"Vallbona d'Anoia","082922","2022","6","3","3",,"1",,"5",,,,"5",,,,
"Vallbona d'Anoia","082922","2023","2","1","1",,,,"2",,,"1","1",,,,
"Vallcebre","082938","2011","1",,,"1","1",,"0",,,,,,,,
"Vallcebre","082938","2012","2",,,"2","2",,"0",,,,,,,,
"Vallcebre","082938","2013","1",,,"1","1",,"0",,,,,,,,
"Vallcebre","082938","2014","0",,,,,,"0",,,,,,,,
"Vallcebre","082938","2015","0",,,,,,"0",,,,,,,,
"Vallcebre","082938","2016","0",,,,,,"0",,,,,,,,
"Vallcebre","082938","2017","0",,,,,,"0",,,,,,,,
"Vallcebre","082938","2018","0",,,,,,"0",,,,,,,,
"Vallcebre","082938","2019","0",,,,,,"0",,,,,,,,
"Vallcebre","082938","2020","0",,,,,,"0",,,,,,,,
"Vallcebre","082938","2021","0",,,,,,"0",,,,,,,,
"Vallclara","431589","2011","0",,,,,,"0",,,,,,,,
"Vallclara","431589","2012","0",,,,,,"0",,,,,,,,
"Vallclara","431589","2013","0",,,,,,"0",,,,,,,,
"Vallclara","431589","2014","0",,,,,,"0",,,,,,,,
"Vallclara","431589","2015","0",,,,,,"0",,,,,,,,
"Vallclara","431589","2016","0",,,,,,"0",,,,,,,,
"Vallclara","431589","2017","0",,,,,,"0",,,,,,,,
"Vallclara","431589","2018","1","1",,,,,"1",,,,,,"1",,
"Vallclara","431589","2019","1",,"1",,,,"1",,,,,,"1",,
"Vallclara","431589","2020","0",,,,,,"0",,,,,,,,
"Vallclara","431589","2021","0",,,,,,"0",,,,,,,,
"Vallfogona de Balaguer","252402","2011","5","3",,"2","4",,"1",,,,,,"1",,
"Vallfogona de Balaguer","252402","2012","4","1","3",,,,"4",,,,"1",,"3",,
"Vallfogona de Balaguer","252402","2013","0",,,,,,"0",,,,,,,,
"Vallfogona de Balaguer","252402","2014","1",,"1",,,,"1",,"1",,,,,,
"Vallfogona de Balaguer","252402","2015","3",,,"3","1","1","1",,"1",,,,,,
"Vallfogona de Balaguer","252402","2016","5",,,"5","2","2","1",,"1",,,,,,
"Vallfogona de Balaguer","252402","2017","3",,"1","2",,"2","1",,"1",,,,,,
"Vallfogona de Balaguer","252402","2018","2","1",,"1","2",,"0",,,,,,,,
"Vallfogona de Balaguer","252402","2019","1",,"1",,"1",,"0",,,,,,,,
"Vallfogona de Balaguer","252402","2020","0",,,,,,"0",,,,,,,,
"Vallfogona de Balaguer","252402","2021","0",,,,,,"0",,,,,,,,
"Vallfogona de Balaguer","252402","2022","3",,,"3","3",,,,,,,,,,
"Vallfogona de Balaguer","252402","2023","3",,,"3","2","1",,,,,,,,,
"Vallfogona de Ripollès","171707","2011","0",,,,,,"0",,,,,,,,
"Vallfogona de Ripollès","171707","2012","0",,,,,,"0",,,,,,,,
"Vallfogona de Ripollès","171707","2013","0",,,,,,"0",,,,,,,,
"Vallfogona de Ripollès","171707","2014","0",,,,,,"0",,,,,,,,
"Vallfogona de Ripollès","171707","2015","0",,,,,,"0",,,,,,,,
"Vallfogona de Ripollès","171707","2016","0",,,,,,"0",,,,,,,,
"Vallfogona de Ripollès","171707","2017","1","1",,,,,"1",,,,,"1",,,
"Vallfogona de Ripollès","171707","2018","0",,,,,,"0",,,,,,,,
"Vallfogona de Ripollès","171707","2019","0",,,,,,"0",,,,,,,,
"Vallfogona de Ripollès","171707","2020","2","1","1",,,,"2",,,,,,"2",,
"Vallfogona de Ripollès","171707","2021","4","1","3",,,,"4",,,,,,"4",,
"Vallfogona de Ripollès","171707","2022","3",,"3",,,,"3",,,,,,"3",,
"Vallfogona de Ripollès","171707","2023","2",,,"2",,,"2",,,,,,"2",,
"Vallfogona de Riucorb","431592","2011","1",,,"1","1",,"0",,,,,,,,
"Vallfogona de Riucorb","431592","2012","0",,,,,,"0",,,,,,,,
"Vallfogona de Riucorb","431592","2013","0",,,,,,"0",,,,,,,,
"Vallfogona de Riucorb","431592","2014","0",,,,,,"0",,,,,,,,
"Vallfogona de Riucorb","431592","2015","0",,,,,,"0",,,,,,,,
"Vallfogona de Riucorb","431592","2016","0",,,,,,"0",,,,,,,,
"Vallfogona de Riucorb","431592","2017","0",,,,,,"0",,,,,,,,
"Vallfogona de Riucorb","431592","2018","0",,,,,,"0",,,,,,,,
"Vallfogona de Riucorb","431592","2019","0",,,,,,"0",,,,,,,,
"Vallfogona de Riucorb","431592","2020","0",,,,,,"0",,,,,,,,
"Vallfogona de Riucorb","431592","2021","0",,,,,,"0",,,,,,,,
"Vallgorguina","082943","2011","35",,"4","31","27","3","5",,"3",,,,"2",,
"Vallgorguina","082943","2012","17","3","7","7","6","4","6","1","6",,,,,,
"Vallgorguina","082943","2013","13","1","3","9","6","3","4",,"2",,,,"2",,
"Vallgorguina","082943","2014","19","3","4","12","9","1","9",,"8",,,,"1",,
"Vallgorguina","082943","2015","12",,"6","6","6",,"6",,"4",,,,"2",,
"Vallgorguina","082943","2016","16",,"7","9","7",,"9",,"3",,,,"6",,
"Vallgorguina","082943","2017","15",,"5","10","6",,"9",,"1",,,,"8",,
"Vallgorguina","082943","2018","13","2","2","9","2","5","6",,,,,,"6",,
"Vallgorguina","082943","2019","16","1",,"15","6","5","5",,"1",,,,"4",,
"Vallgorguina","082943","2020","6","1",,"5","2","2","1","1",,,,,"1",,
"Vallgorguina","082943","2021","16","2","4","10",,"5","4","7",,,,,"4",,
"Vallgorguina","082943","2022","3","1","1","1",,"1","2",,"1",,,,"1",,
"Vallgorguina","082943","2023","5","3","2",,,"1","4",,"1",,,,"1","1","1"
"Vallirana","082956","2011","230","34","56","140","95","46","64","25","9","2","8",,"45",,
"Vallirana","082956","2012","115","5","59","51","35","17","62","1","1","2","14",,"44","1",
"Vallirana","082956","2013","118","31","22","65","44","27","46","1","5","1","4","1","32","3",
"Vallirana","082956","2014","77","7","28","42","34","18","25",,"4","2",,,"16","3",
"Vallirana","082956","2015","70","12","40","18","29","16","24","1","3","3","1",,"16","1",
"Vallirana","082956","2016","121","1","55","65","49","14","58",,"7","6","11",,"34",,
"Vallirana","082956","2017","105","31","24","50","35","13","56","1","3","4","12","1","32","4",
"Vallirana","082956","2018","120","21","43","56","32","19","68","1","3","1","8","3","48","5",
"Vallirana","082956","2019","147","41","73","33","37","22","87","1","3","1","18","4","61",,
"Vallirana","082956","2020","106","43","45","18","18","12","73","3","4","3","11","4","51",,
"Vallirana","082956","2021","83","3","67","13","11","10","52","10",,"3","2","4","43",,
"Vallirana","082956","2022","70","26","26","18","15","6","49","6","3",,"4",,"36",,
"Vallirana","082956","2023","103","35","46","22","21","8","74","6",,"2","8","1","57",,
"Vall-llobrega","172095","2011","12","2","5","5","3",,"9",,"3","2",,,"4",,
"Vall-llobrega","172095","2012","5",,"2","3",,,"5",,,"2",,,"3",,
"Vall-llobrega","172095","2013","4","2","1","1",,"1","3",,,,,,"3",,
"Vall-llobrega","172095","2014","6",,"4","2","1","1","4",,,,,,"4",,
"Vall-llobrega","172095","2015","7","4","1","2",,"1","6",,,,"3",,"3",,
"Vall-llobrega","172095","2016","5","3",,"2",,"2","3",,"2","1",,,,,
"Vall-llobrega","172095","2017","2",,"2",,,,"2",,"2",,,,,,
"Vall-llobrega","172095","2018","4",,"2","2",,"1","3",,,"3",,,,,
"Vall-llobrega","172095","2019","7",,"3","4",,"2","5",,,"5",,,,,
"Vall-llobrega","172095","2020","1",,,"1",,,"1",,,"1",,,,,
"Vall-llobrega","172095","2021","5","1","4",,,,"2","3",,,,,"2",,
"Vall-llobrega","172095","2022","2",,"2",,,,"2","2",,,,,,,
"Vallmoll","431606","2011","10","1",,"9","7","2","1",,,,,,"1",,
"Vallmoll","431606","2012","4",,"1","3","2","1","1",,,,,,"1",,
"Vallmoll","431606","2013","5","1","1","3","2","1","2",,,,,,"2",,
"Vallmoll","431606","2014","5","1","3","1",,"3","2",,,,,,"2",,
"Vallmoll","431606","2015","7",,"3","4",,"4","3",,,,,,"3",,
"Vallmoll","431606","2016","9",,"1","8","1","4","4",,,,,,"4",,
"Vallmoll","431606","2017","11","3",,"8","5","2","3","1",,"2",,,"1",,
"Vallmoll","431606","2018","11","1","5","5","5","1","4","1",,"1",,,"3",,
"Vallmoll","431606","2019","2",,"2",,,,"2",,,,,,"2",,
"Vallmoll","431606","2020","2",,,"2","1",,"1",,,,,,"1",,
"Vallmoll","431606","2021","4","3",,"1",,,"0","4",,,,,,,
"Vallmoll","431606","2022","10","4","2","4",,"3","7","2",,,"2",,"3",,
"Vallmoll","431606","2023","18","8","10",,,,"18","3",,,,,"15",,
"Vallromanes","082969","2011","16","4","3","9","6","3","7",,"4",,"1",,"2",,
"Vallromanes","082969","2012","14","1","8","5","3","4","7",,"1",,"1",,"4","1",
"Vallromanes","082969","2013","3","1","1","1","3",,"0",,,,,,,,
"Vallromanes","082969","2014","5","1",,"4","3","1","1",,,,,,"1",,
"Vallromanes","082969","2015","9","4","2","3","3","5","1",,,,,,"1",,
"Vallromanes","082969","2016","14","1","5","8","6","7","1",,,,,,"1",,
"Vallromanes","082969","2017","9",,"1","8","4","5","0",,,,,,,,
"Vallromanes","082969","2018","9","2","1","6","2","4","3",,"1",,,,"2",,
"Vallromanes","082969","2019","16","3","6","7","7",,"9",,,,"2",,"7",,
"Vallromanes","082969","2020","3","1","2",,,,"3",,,,"1",,"2",,
"Vallromanes","082969","2021","2",,,"2","2",,"0",,,,,,,,
"Vallromanes","082969","2022","7","3","3","1","1",,"6",,"1",,"1",,"4",,
"Vallromanes","082969","2023","4","1","2","1","1",,"3","1",,,,,"2",,
"Valls","431613","2011","185","56","48","81","68","25","92",,"15","2","42","2","29","2",
"Valls","431613","2012","173","71","42","60","49","23","101",,"11","2","36","15","36","1",
"Valls","431613","2013","116","41","17","58","38","24","53","1","7","2","17","1","22","4",
"Valls","431613","2014","86","18","22","46","21","21","44",,"10",,"12","3","18","1",
"Valls","431613","2015","96","17","42","37","14","31","51",,"9","3","13","4","22",,
"Valls","431613","2016","112","30","46","36","16","31","65",,"8","1","17","3","35","1",
"Valls","431613","2017","131","38","50","43","27","22","82",,"4","3","45","5","18","7",
"Valls","431613","2018","206","105","60","41","32","24","150",,"3","10","63","3","61","10",
"Valls","431613","2019","257","109","97","51","40","22","195",,"5","2","80",,"103","5",
"Valls","431613","2020","193","124","52","17","10","7","170","6","7","12","67","15","64","5",
"Valls","431613","2021","179","83","70","26","5","10","93","71","8","2","25","13","42","3",
"Valls","431613","2022","190","118","55","17","11","4","175","21","1","8","32","13","94","6",
"Valls","431613","2023","284","155","104","25","12","18","254","13","4","16","60","14","144","3",
"Vandellòs i l'Hospitalet de l'Infant","431628","2011","126","45","36","45","24","37","65",,"23","14","5","1","19","3",
"Vandellòs i l'Hospitalet de l'Infant","431628","2012","95","26","30","39","24","31","38","2","8","7","2",,"18","3",
"Vandellòs i l'Hospitalet de l'Infant","431628","2013","71","15","32","24","16","23","31","1","7","3","3",,"18",,
"Vandellòs i l'Hospitalet de l'Infant","431628","2014","56","19","17","20","8","23","25",,"8","1","3",,"12","1",
"Vandellòs i l'Hospitalet de l'Infant","431628","2015","54","16","28","10","5","15","34",,"11","4","3",,"14","2",
"Vandellòs i l'Hospitalet de l'Infant","431628","2016","60","15","22","23","13","16","31",,"10","1","5",,"14","1",
"Vandellòs i l'Hospitalet de l'Infant","431628","2017","49",,"18","31","14","19","16",,"9",,"2",,"4","1",
"Vandellòs i l'Hospitalet de l'Infant","431628","2018","70","43","15","12","3","21","46",,"6","5","17","1","17",,
"Vandellòs i l'Hospitalet de l'Infant","431628","2019","95","33","38","24","6","26","63",,"7","5","21",,"29","1",
"Vandellòs i l'Hospitalet de l'Infant","431628","2020","86","26","51","9","3","19","64",,"7","2","18",,"34","3",
"Vandellòs i l'Hospitalet de l'Infant","431628","2021","99","38","41","20","5","16","70","8","6",,"18","3","39","4",
"Vandellòs i l'Hospitalet de l'Infant","431628","2022","101","53","36","12","3","21","77","3","1","6","16","17","30","4",
"Vandellòs i l'Hospitalet de l'Infant","431628","2023","116","52","54","10","1","22","93",,"2","11","3","9","65","3",
"Veciana","082975","2011","0",,,,,,"0",,,,,,,,
"Veciana","082975","2012","2",,,"2",,"2","0",,,,,,,,
"Veciana","082975","2013","1",,,"1",,"1","0",,,,,,,,
"Veciana","082975","2014","0",,,,,,"0",,,,,,,,
"Veciana","082975","2015","0",,,,,,"0",,,,,,,,
"Veciana","082975","2016","0",,,,,,"0",,,,,,,,
"Veciana","082975","2017","0",,,,,,"0",,,,,,,,
"Veciana","082975","2018","0",,,,,,"0",,,,,,,,
"Veciana","082975","2019","0",,,,,,"0",,,,,,,,
"Veciana","082975","2020","1",,,"1",,"1","0",,,,,,,,
"Veciana","082975","2021","2",,,"2",,"2","0",,,,,,,,
"Ventalló","172109","2011","2","1",,"1","1",,"1",,,,,"1",,,
"Ventalló","172109","2012","1",,,"1","1",,"0",,,,,,,,
"Ventalló","172109","2013","2","1","1",,,,"2",,,,,"1","1",,
"Ventalló","172109","2014","2",,"1","1",,,"2",,,,,,"2",,
"Ventalló","172109","2015","2",,,"2",,,"2",,,,,,"2",,
"Ventalló","172109","2016","1",,,"1",,,"1",,,,,,"1",,
"Ventalló","172109","2017","2",,,"2","2",,"0",,,,,,,,
"Ventalló","172109","2018","1",,"1",,"1",,"0",,,,,,,,
"Ventalló","172109","2019","1",,,"1","1",,"0",,,,,,,,
"Ventalló","172109","2020","3","1","1","1","1",,"2",,,,,,"2",,
"Ventalló","172109","2021","1",,,"1",,,"0","1",,,,,,,
"Ventalló","172109","2022","5","1","1","3","1",,"4","3",,,,,"1",,
"Ventalló","172109","2023","15","12",,"3","3",,"12",,"4","3","1",,"4",,
"Verdú","252424","2011","5","5",,,,,"5",,,,,,"5",,
"Verdú","252424","2012","2",,"2",,,,"2",,,,,,"2",,
"Verdú","252424","2013","0",,,,,,"0",,,,,,,,
"Verdú","252424","2014","0",,,,,,"0",,,,,,,,
"Verdú","252424","2015","1",,,"1","1",,"0",,,,,,,,
"Verdú","252424","2016","1",,,"1","1",,"0",,,,,,,,
"Verdú","252424","2017","0",,,,,,"0",,,,,,,,
"Verdú","252424","2018","0",,,,,,"0",,,,,,,,
"Verdú","252424","2019","9","9",,,,,"9",,,,"2",,"7",,
"Verdú","252424","2020","2","2",,,,,"1","1",,,,,"1",,
"Verdú","252424","2021","8","3","5",,,,"3","5",,,,,"3",,
"Verdú","252424","2022","2",,"2",,,,"2",,,,,,"2",,
"Verdú","252424","2023","1",,"1",,,,"1",,,,,,"1",,
"Verges","172116","2011","2","2",,,,"2","0",,,,,,,,
"Verges","172116","2012","4","2","2",,,"3","1",,,,,,,,"1"
"Verges","172116","2013","4",,"4",,,"1","3",,,,,,,,"3"
"Verges","172116","2014","1","1",,,,,"0","1",,,,,,,
"Verges","172116","2015","13","13",,,,,"13",,,"2","4",,"3","4",
"Verges","172116","2016","2",,"1","1","1",,"1",,,,,,"1",,
"Verges","172116","2017","23","18","3","2","2",,"20","1","1",,"12",,"3","4",
"Verges","172116","2018","15","1","12","2","1","1","11","2","1",,"6",,"2","2",
"Verges","172116","2019","20","9","4","7","5",,"13","2","2","1","4","2","3","1",
"Verges","172116","2020","3",,"3",,,,"2","1","2",,,,,,
"Verges","172116","2021","2",,"1","1",,,"1","1","1",,,,,,
"Verges","172116","2022","15","9","5","1",,,"15","7","2","1","1","2","2",,
"Verges","172116","2023","11","4","6","1","1",,"10",,"4","2","3",,"1",,
"Vespella de Gaià","431649","2011","1",,"1",,"1",,"0",,,,,,,,
"Vespella de Gaià","431649","2012","0",,,,,,"0",,,,,,,,
"Vespella de Gaià","431649","2013","1",,,"1","1",,"0",,,,,,,,
"Vespella de Gaià","431649","2014","0",,,,,,"0",,,,,,,,
"Vespella de Gaià","431649","2015","0",,,,,,"0",,,,,,,,
"Vespella de Gaià","431649","2016","0",,,,,,"0",,,,,,,,
"Vespella de Gaià","431649","2017","1",,,"1",,,"1",,,"1",,,,,
"Vespella de Gaià","431649","2018","0",,,,,,"0",,,,,,,,
"Vespella de Gaià","431649","2019","0",,,,,,"0",,,,,,,,
"Vespella de Gaià","431649","2020","0",,,,,,"0",,,,,,,,
"Vespella de Gaià","431649","2021","0",,,,,,"0",,,,,,,,
"Vic","082981","2011","1,744","865","660","219","120","79","1,540","5","100","22","479","336","394","206","3"
"Vic","082981","2012","1,400","684","519","197","97","63","1,234","6","87","24","347","271","312","186","7"
"Vic","082981","2013","1,146","571","411","164","77","67","1,002",,"69","33","210","266","232","190","2"
"Vic","082981","2014","929","456","352","121","47","49","833",,"79","31","169","204","192","155","3"
"Vic","082981","2015","887","470","318","99","48","34","803","2","99","34","194","140","145","183","8"
"Vic","082981","2016","878","551","240","87","37","36","805",,"66","24","232","143","168","162","10"
"Vic","082981","2017","930","536","329","65","30","32","868",,"48","27","194","182","202","206","9"
"Vic","082981","2018","961","542","368","51","24","25","912",,"39","16","194","190","262","201","10"
"Vic","082981","2019","1,379","857","432","90","24","30","1,325",,"35","17","305","307","366","291","4"
"Vic","082981","2020","791","458","266","67","29","22","709","31","13","13","147","117","270","149",
"Vic","082981","2021","1,079","680","338","61","21","14","862","182","21","24","164","182","289","180","2"
"Vic","082981","2022","1,274","811","399","64","17","26","1,231","52","33","75","240","219","470","141","1"
"Vic","082981","2023","1,799","1,040","653","106","35","39","1,725","17","29","57","355","233","851","182","1"
"Vidrà","172121","2011","0",,,,,,"0",,,,,,,,
"Vidrà","172121","2012","0",,,,,,"0",,,,,,,,
"Vidrà","172121","2013","0",,,,,,"0",,,,,,,,
"Vidrà","172121","2014","0",,,,,,"0",,,,,,,,
"Vidrà","172121","2015","0",,,,,,"0",,,,,,,,
"Vidrà","172121","2016","0",,,,,,"0",,,,,,,,
"Vidrà","172121","2017","0",,,,,,"0",,,,,,,,
"Vidrà","172121","2018","0",,,,,,"0",,,,,,,,
"Vidrà","172121","2019","1",,,"1","1",,"0",,,,,,,,
"Vidrà","172121","2020","0",,,,,,"0",,,,,,,,
"Vidrà","172121","2021","0",,,,,,"0",,,,,,,,
"Vidreres","172137","2011","102","84","10","8","1","2","95","4","5",,"18","45","27",,
"Vidreres","172137","2012","94","23","61","10","5","6","80","3","5","2","13","25","33","2",
"Vidreres","172137","2013","61","16","31","14","8","5","45","3","8","2","7","15","13",,
"Vidreres","172137","2014","72","55","5","12","10","1","61",,"1","3","13","40","4",,
"Vidreres","172137","2015","68","54","5","9","3","2","63",,,"3","16","34","10",,
"Vidreres","172137","2016","33","26","4","3",,"1","32",,"3","2","8","16","1","2",
"Vidreres","172137","2017","5","1","2","2",,"1","4",,"1","1",,,"1","1",
"Vidreres","172137","2018","7","2",,"5","2",,"5",,"1","1",,,"3",,
"Vidreres","172137","2019","5","2","3",,,,"5",,,"3",,,"2",,
"Vidreres","172137","2020","9","3","6",,,,"9",,,,,,"3",,"6"
"Vidreres","172137","2021","14","2","7","5","5",,"5","4",,,,,"5",,
"Vidreres","172137","2022","5",,"2","3","2",,"3",,"1",,,,"2",,
"Vidreres","172137","2023","2",,"1","1","1",,"1",,,,,,"1",,
"Vielha e Mijaran","252430","2011","2",,,"2","2",,"0",,,,,,,,
"Vielha e Mijaran","252430","2012","2","1",,"1","1",,"0","1",,,,,,,
"Vielha e Mijaran","252430","2013","0",,,,,,"0",,,,,,,,
"Vielha e Mijaran","252430","2014","1",,,"1","1",,"0",,,,,,,,
"Vielha e Mijaran","252430","2015","2",,,"2","2",,"0",,,,,,,,
"Vielha e Mijaran","252430","2016","7",,"1","6","2","4","1",,,,,,"1",,
"Vielha e Mijaran","252430","2017","7",,"2","5","4","2","1",,,,,,"1",,
"Vielha e Mijaran","252430","2018","2",,,"2",,"2","0",,,,,,,,
"Vielha e Mijaran","252430","2019","1",,,"1",,"1","0",,,,,,,,
"Vielha e Mijaran","252430","2020","1",,,"1",,"1","0",,,,,,,,
"Vielha e Mijaran","252430","2021","7","1","1","5",,"2","0","5",,,,,,,
"Vielha e Mijaran","252430","2022","3","1",,"2",,"2","1","1",,,,,,,
"Vielha e Mijaran","252430","2023","11",,"4","7","5","4","2",,,,,,"2",,
"Vilabella","431652","2011","2",,,"2","1","1","0",,,,,,,,
"Vilabella","431652","2012","0",,,,,,"0",,,,,,,,
"Vilabella","431652","2013","0",,,,,,"0",,,,,,,,
"Vilabella","431652","2014","0",,,,,,"0",,,,,,,,
"Vilabella","431652","2015","2",,,"2","2",,"0",,,,,,,,
"Vilabella","431652","2016","2",,,"2","2",,"0",,,,,,,,
"Vilabella","431652","2017","4",,,"4","4",,"0",,,,,,,,
"Vilabella","431652","2018","2",,,"2","2",,"0",,,,,,,,
"Vilabella","431652","2019","3","1",,"2","2",,"1",,,,,,"1",,
"Vilabella","431652","2020","2","1",,"1","1",,"1",,,"1",,,,,
"Vilabella","431652","2021","5","1","1","3","3",,"2",,,"2",,,,,
"Vilabella","431652","2022","1",,,"1","1",,,,,,,,,,
"Vilabertran","172142","2011","4",,"2","2","1","1","2",,,,,,,"2",
"Vilabertran","172142","2012","11","2","6","3","3",,"8",,"4",,,,"4",,
"Vilabertran","172142","2013","6",,"4","2","1","1","4",,"2",,,,"2",,
"Vilabertran","172142","2014","1",,"1",,,,"1",,,,,,"1",,
"Vilabertran","172142","2015","4","1","1","2","3",,"1",,,"1",,,,,
"Vilabertran","172142","2016","6",,"3","3","3",,"3",,,"2",,,"1",,
"Vilabertran","172142","2017","5",,"2","3","3",,"2",,,,,,"2",,
"Vilabertran","172142","2018","7",,"4","3","2",,"5",,"1",,,,"4",,
"Vilabertran","172142","2019","8","1","3","4","3",,"5",,"3",,,,"2",,
"Vilabertran","172142","2020","5","1","4",,,,"4","1","1",,,,"3",,
"Vilabertran","172142","2021","4",,"2","2",,,"2","2",,,,,"2",,
"Vilabertran","172142","2022","3",,,"3","2",,"1","1",,,,,,,
"Vilabertran","172142","2023","3","2","1",,,,"3",,,,,,"3",,
"Vilablareix","172155","2011","10",,"1","9","7","1","2",,,,,,,"2",
"Vilablareix","172155","2012","4",,"1","3","2",,"2",,"1",,,,,"1",
"Vilablareix","172155","2013","10","1","2","7","6","1","3",,"2",,,,"1",,
"Vilablareix","172155","2014","10",,"5","5","5","2","3",,"2",,,,,"1",
"Vilablareix","172155","2015","8",,"3","5","3","1","4",,"2",,,,"1","1",
"Vilablareix","172155","2016","4","1",,"3",,"2","2",,"1",,,,"1",,
"Vilablareix","172155","2017","9","2","2","5",,"4","5",,,,,,"5",,
"Vilablareix","172155","2018","4","1","1","2","1","1","2",,,,,,"2",,
"Vilablareix","172155","2019","11","2","4","5","5",,"6",,,,,,"6",,
"Vilablareix","172155","2020","8",,"5","3","3",,"5",,,,,,"5",,
"Vilablareix","172155","2021","39","30","7","2","1",,"8","30",,,"2","1","2","3",
"Vilablareix","172155","2022","89","32","55","2","5",,"84","67",,,"5","4","2","6",
"Vilablareix","172155","2023","24","3","17","4","1","1","22","10",,"1","1","1","9",,
"Vilada","082994","2011","1","1",,,,,"1",,"1",,,,,,
"Vilada","082994","2012","1",,,"1","1",,"0",,,,,,,,
"Vilada","082994","2013","0",,,,,,"0",,,,,,,,
"Vilada","082994","2014","1",,,"1",,,"1",,"1",,,,,,
"Vilada","082994","2015","0",,,,,,"0",,,,,,,,
"Vilada","082994","2016","2",,,"2","1",,"1",,"1",,,,,,
"Vilada","082994","2017","1",,,"1",,,"1",,"1",,,,,,
"Vilada","082994","2018","0",,,,,,"0",,,,,,,,
"Vilada","082994","2019","0",,,,,,"0",,,,,,,,
"Vilada","082994","2020","0",,,,,,"0",,,,,,,,
"Vilada","082994","2021","1",,,"1",,,"1",,"1",,,,,,
"Vilada","082994","2022","1",,,"1",,,"1",,"1",,,,,,
"Viladamat","172174","2011","0",,,,,,"0",,,,,,,,
"Viladamat","172174","2012","0",,,,,,"0",,,,,,,,
"Viladamat","172174","2013","0",,,,,,"0",,,,,,,,
"Viladamat","172174","2014","1","1",,,,,"1",,"1",,,,,,
"Viladamat","172174","2015","1","1",,,,,"1",,,,,,"1",,
"Viladamat","172174","2016","2","1",,"1",,,"2",,"1",,,,"1",,
"Viladamat","172174","2017","3","1",,"2",,,"3",,"2",,,,"1",,
"Viladamat","172174","2018","1",,,"1",,,"1",,"1",,,,,,
"Viladamat","172174","2019","3","1","2",,,,"3",,"1",,,,"2",,
"Viladamat","172174","2020","1",,"1",,,,"1",,,,,,"1",,
"Viladamat","172174","2021","0",,,,,,"0",,,,,,,,
"Viladasens","172168","2011","1",,"1",,,,"1",,,"1",,,,,
"Viladasens","172168","2012","2","2",,,,,"2",,"2",,,,,,
"Viladasens","172168","2013","3",,"2","1","1",,"2",,"2",,,,,,
"Viladasens","172168","2014","0",,,,,,"0",,,,,,,,
"Viladasens","172168","2015","0",,,,,,"0",,,,,,,,
"Viladasens","172168","2016","0",,,,,,"0",,,,,,,,
"Viladasens","172168","2017","0",,,,,,"0",,,,,,,,
"Viladasens","172168","2018","0",,,,,,"0",,,,,,,,
"Viladasens","172168","2019","0",,,,,,"0",,,,,,,,
"Viladasens","172168","2020","0",,,,,,"0",,,,,,,,
"Viladasens","172168","2021","5","1","4",,,,"0","5",,,,,,,
"Viladasens","172168","2022","3",,"3",,,,"3","3",,,,,,,
"Viladasens","172168","2023","3",,"3",,,,"3","3",,,,,,,
"Viladecans","083015","2011","580","68","226","286","179","217","159","25","20","3","11","1","120","4",
"Viladecans","083015","2012","741","113","295","333","229","270","230","12","35","2","22","3","153","15",
"Viladecans","083015","2013","680","122","241","317","209","249","213","9","18","7","27","5","140","16",
"Viladecans","083015","2014","522","57","206","259","174","196","147","5","11","8","11","3","104","10",
"Viladecans","083015","2015","431","73","155","203","145","146","137","3","10","10","16","1","93","7",
"Viladecans","083015","2016","426","81","132","213","116","137","170","3","18","9","9","6","113","15",
"Viladecans","083015","2017","410","75","133","202","109","115","177","9","17","4","14","3","127","12",
"Viladecans","083015","2018","401","78","170","153","109","100","182","10","14","3","15","6","132","12",
"Viladecans","083015","2019","488","153","178","157","133","87","264","4","15","5","28","4","176","36",
"Viladecans","083015","2020","269","82","80","107","64","53","143","9","8","4","20","2","99","10",
"Viladecans","083015","2021","178","44","85","49","16","26","82","54","3","2","9","1","62","5",
"Viladecans","083015","2022","204","90","63","51","26","24","154","40","4",,"6",,"100","4",
"Viladecans","083015","2023","408","160","136","112","70","43","295","14","3","5","19",,"249","5",
"Viladecavalls","083008","2011","29","3","5","21","15","2","10","2",,,,,"10",,
"Viladecavalls","083008","2012","25","3","6","16","13","2","10",,,,,,"10",,
"Viladecavalls","083008","2013","17",,"6","11","10","3","4",,,,,,"4",,
"Viladecavalls","083008","2014","13","3","5","5","6","4","3",,"1",,,,"2",,
"Viladecavalls","083008","2015","21","1","8","12","10","6","5",,"1",,,,"4",,
"Viladecavalls","083008","2016","32","2","10","20","17","5","10",,"2",,,,"8",,
"Viladecavalls","083008","2017","22","1","7","14","13","1","8",,"1","1",,,"6",,
"Viladecavalls","083008","2018","9","2","3","4","3","2","4",,,,"1",,"3",,
"Viladecavalls","083008","2019","10","1","4","5","6",,"3","1",,,,,"3",,
"Viladecavalls","083008","2020","14","3","5","6","4","1","8","1",,"2",,,"3",,"3"
"Viladecavalls","083008","2021","13","3","5","5",,,"8","5",,"3",,,"3",,"2"
"Viladecavalls","083008","2022","10","6","3","1","1","1","8","3",,,"2",,"3",,
"Viladecavalls","083008","2023","13","4","4","5","4",,"9",,,,,,"9",,
"Vilademuls","172180","2011","3","1",,"2","2",,"1",,,"1",,,,,
"Vilademuls","172180","2012","1",,,"1","1",,"0",,,,,,,,
"Vilademuls","172180","2013","1",,"1",,,,"1",,,,,,,"1",
"Vilademuls","172180","2014","4","2","2",,,,"4",,"3",,,,,"1",
"Vilademuls","172180","2015","4","1","1","2","1",,"3",,"2",,,,"1",,
"Vilademuls","172180","2016","5",,,"5","3",,"2",,"1",,,,,"1",
"Vilademuls","172180","2017","2",,,"2","2",,"0",,,,,,,,
"Vilademuls","172180","2018","0",,,,,,"0",,,,,,,,
"Vilademuls","172180","2019","0",,,,,,"0",,,,,,,,
"Vilademuls","172180","2020","0",,,,,,"0",,,,,,,,
"Vilademuls","172180","2021","3",,,"3",,,"0","3",,,,,,,
"Vilademuls","172180","2022","1",,,"1",,,"1","1",,,,,,,
"Viladrau","172207","2011","2",,"2",,,"2","0",,,,,,,,
"Viladrau","172207","2012","1","1",,,,,"1",,"1",,,,,,
"Viladrau","172207","2013","0",,,,,,"0",,,,,,,,
"Viladrau","172207","2014","1",,,"1","1",,"0",,,,,,,,
"Viladrau","172207","2015","1",,,"1","1",,"0",,,,,,,,
"Viladrau","172207","2016","6","2","1","3","3",,"3",,"2",,,,,"1",
"Viladrau","172207","2017","2",,"1","1","1",,"1",,"1",,,,,,
"Viladrau","172207","2018","0",,,,,,"0",,,,,,,,
"Viladrau","172207","2019","14","12","2",,,,"14",,"1","2",,,"10","1",
"Viladrau","172207","2020","1",,"1",,,,"1",,,,,,"1",,
"Viladrau","172207","2021","0",,,,,,"0",,,,,,,,
"Viladrau","172207","2022","14","13","1",,,,"14",,"1","1",,"1","10",,"1"
"Viladrau","172207","2023","10","10",,,,,"10",,,"2",,,"7","1",
"Vilafant","172214","2011","42","5","10","27","19","5","17","1","5","3",,"2","7",,
"Vilafant","172214","2012","36","6","8","22","15","2","18","1","3","6","3",,"6",,
"Vilafant","172214","2013","24","4","8","12","10","3","10","1",,"3","2","1","4",,
"Vilafant","172214","2014","10","4","2","4","3","1","5","1",,,"2",,"3",,
"Vilafant","172214","2015","10","3","3","4","2","3","5",,,,"2",,"3",,
"Vilafant","172214","2016","16","6","6","4","3","1","12",,"2",,"1",,"9",,
"Vilafant","172214","2017","7",,"2","5","3","2","2",,"1",,,,"1",,
"Vilafant","172214","2018","6","1","1","4","2","2","2",,"1",,,,"1",,
"Vilafant","172214","2019","21","5","11","5","5","6","10",,"1",,,,"9",,
"Vilafant","172214","2020","9","1","6","2","3","2","3","1",,,,,"3",,
"Vilafant","172214","2021","11","2","5","4","1","3","0","7",,,,,,,
"Vilafant","172214","2022","8","2","3","3",,"3","5","2",,,,,"3",,
"Vilafant","172214","2023","14","5","3","6","3",,"11","4",,"2",,,"5",,
"Vilafranca del Penedès","083054","2011","734","272","254","208","85","74","523","52","34","31","146","45","259","6","2"
"Vilafranca del Penedès","083054","2012","632","283","199","150","90","50","483","9","30","32","167","33","202","18","1"
"Vilafranca del Penedès","083054","2013","499","163","185","151","94","54","350","1","22","26","135","21","133","13",
"Vilafranca del Penedès","083054","2014","458","174","177","107","63","42","353",,"26","18","148","19","132","10",
"Vilafranca del Penedès","083054","2015","465","169","164","132","79","59","327",,"16","28","121","18","132","12",
"Vilafranca del Penedès","083054","2016","475","189","167","119","69","52","354",,"20","22","131","18","150","11","2"
"Vilafranca del Penedès","083054","2017","497","286","124","87","56","36","405",,"18","11","202","17","128","24","5"
"Vilafranca del Penedès","083054","2018","588","303","183","102","65","44","479",,"20","14","225","10","190","20",
"Vilafranca del Penedès","083054","2019","657","321","254","82","41","38","577","1","16","14","259","7","251","27","3"
"Vilafranca del Penedès","083054","2020","452","215","167","70","36","29","346","41","12","10","117","7","177","18","5"
"Vilafranca del Penedès","083054","2021","641","301","234","106","47","21","440","133","14","15","199","10","186","16",
"Vilafranca del Penedès","083054","2022","641","417","162","62","24","18","599","24","9","25","251","12","260","17","1"
"Vilafranca del Penedès","083054","2023","703","364","237","102","60","30","613","8","14","18","157","14","370","32",
"Vilagrassa","252445","2011","2","1","1",,,"1","1",,,,,"1",,,
"Vilagrassa","252445","2012","2",,"2",,,"2","0",,,,,,,,
"Vilagrassa","252445","2013","2","1","1",,,,"2",,,,,,"2",,
"Vilagrassa","252445","2014","1","1",,,,,"1",,,,,"1",,,
"Vilagrassa","252445","2015","3","2","1",,,,"3",,,"1",,"2",,,
"Vilagrassa","252445","2016","3","1","2",,,,"3",,,,,"3",,,
"Vilagrassa","252445","2017","2","1","1",,,,"2",,,,,"1","1",,
"Vilagrassa","252445","2018","8","5","3",,,,"8",,,,,"3","5",,
"Vilagrassa","252445","2019","1",,"1",,,,"1",,,,,,"1",,
"Vilagrassa","252445","2020","1","1",,,,,"1",,"1",,,,,,
"Vilagrassa","252445","2021","2",,"2",,,,"2",,"2",,,,,,
"Vilagrassa","252445","2022","1",,,"1","1",,,,,,,,,,
"Vilagrassa","252445","2023","1",,,"1",,,"1",,"1",,,,,,
"Vilajuïga","172235","2011","6","1","4","1","1","1","4",,"3","1",,,,,
"Vilajuïga","172235","2012","8","2","5","1","1","1","6",,"5",,,,"1",,
"Vilajuïga","172235","2013","5","1","4",,,"1","4",,"2",,,,"2",,
"Vilajuïga","172235","2014","4",,"3","1",,"2","2",,"1",,,,"1",,
"Vilajuïga","172235","2015","4",,"2","2",,"2","2",,,"2",,,,,
"Vilajuïga","172235","2016","1",,,"1","1",,"0",,,,,,,,
"Vilajuïga","172235","2017","4","2","1","1","1",,"3",,"2",,"1",,,,
"Vilajuïga","172235","2018","4",,"3","1",,,"4",,"1","1","1","1",,,
"Vilajuïga","172235","2019","8","2","5","1",,"2","6",,,"1",,"2","3",,
"Vilajuïga","172235","2020","2",,"2",,,,"2",,,,,,"2",,
"Vilajuïga","172235","2021","3",,"3",,,,"3",,,,,,"3",,
"Vilajuïga","172235","2022","2",,"1","1",,"1","1",,,,,,"1",,
"Vilalba dels Arcs","431750","2011","1","1",,,,,"1",,,,,,"1",,
"Vilalba dels Arcs","431750","2012","1",,,"1","1",,"0",,,,,,,,
"Vilalba dels Arcs","431750","2013","0",,,,,,"0",,,,,,,,
"Vilalba dels Arcs","431750","2014","1",,,"1","1",,"0",,,,,,,,
"Vilalba dels Arcs","431750","2015","1",,,"1","1",,"0",,,,,,,,
"Vilalba dels Arcs","431750","2016","0",,,,,,"0",,,,,,,,
"Vilalba dels Arcs","431750","2017","0",,,,,,"0",,,,,,,,
"Vilalba dels Arcs","431750","2018","1","1",,,,,"1",,"1",,,,,,
"Vilalba dels Arcs","431750","2019","7",,"2","5","5",,"2",,"2",,,,,,
"Vilalba dels Arcs","431750","2020","1",,,"1","1",,"0",,,,,,,,
"Vilalba dels Arcs","431750","2021","0",,,,,,"0",,,,,,,,
"Vilalba dels Arcs","431750","2023","4","4",,,,,"4",,"1","1",,"1","1",,
"Vilalba Sasserra","083067","2011","8","1","4","3",,"2","6",,,,,,"6",,
"Vilalba Sasserra","083067","2012","6",,"1","5","2","1","3",,,,,"1","2",,
"Vilalba Sasserra","083067","2013","9",,,"9","2","1","6",,,,,"3","3",,
"Vilalba Sasserra","083067","2014","4",,,"4",,"2","2",,,,,"1","1",,
"Vilalba Sasserra","083067","2015","4",,"2","2","2","1","1",,,"1",,,,,
"Vilalba Sasserra","083067","2016","2","1","1",,,,"2",,,"1",,,"1",,
"Vilalba Sasserra","083067","2017","3",,"3",,,,"3",,,"1",,,"2",,
"Vilalba Sasserra","083067","2018","5","1","3","1",,"1","4",,,"1",,,"3",,
"Vilalba Sasserra","083067","2019","8","5","3",,,"1","7",,,,"1",,"6",,
"Vilalba Sasserra","083067","2020","7",,"7",,,"3","4",,,,"1",,"3",,
"Vilalba Sasserra","083067","2021","9",,"6","3",,"3","6",,"2","1","1",,"2",,
"Vilalba Sasserra","083067","2022","4","2","1","1",,"1","3",,,,"3",,,,
"Vilalba Sasserra","083067","2023","3","1","1","1",,,"3",,,"1","2",,,,
"Vilaller","252458","2011","1",,,"1","1",,"0",,,,,,,,
"Vilaller","252458","2012","1",,"1",,,,"1",,,,,,"1",,
"Vilaller","252458","2013","1",,,"1",,"1","0",,,,,,,,
"Vilaller","252458","2014","0",,,,,,"0",,,,,,,,
"Vilaller","252458","2015","1",,,"1","1",,"0",,,,,,,,
"Vilaller","252458","2016","2",,,"2","2",,"0",,,,,,,,
"Vilaller","252458","2017","1",,"1",,,"1","0",,,,,,,,
"Vilaller","252458","2018","0",,,,,,"0",,,,,,,,
"Vilaller","252458","2019","2","1","1",,,"1","1",,,,,,"1",,
"Vilaller","252458","2020","3",,"3",,,"2","1",,,,,,"1",,
"Vilaller","252458","2021","1",,"1",,,,"1",,,,,,"1",,
"Vilaller","252458","2023","1",,,"1","1",,,,,,,,,,
"Vilallonga de Ter","172240","2011","0",,,,,,"0",,,,,,,,
"Vilallonga de Ter","172240","2012","0",,,,,,"0",,,,,,,,
"Vilallonga de Ter","172240","2013","1",,"1",,,,"1",,,,,,,,"1"
"Vilallonga de Ter","172240","2014","0",,,,,,"0",,,,,,,,
"Vilallonga de Ter","172240","2015","1",,,"1","1",,"0",,,,,,,,
"Vilallonga de Ter","172240","2016","0",,,,,,"0",,,,,,,,
"Vilallonga de Ter","172240","2017","0",,,,,,"0",,,,,,,,
"Vilallonga de Ter","172240","2018","0",,,,,,"0",,,,,,,,
"Vilallonga de Ter","172240","2019","1",,"1",,,,"1",,,,,,"1",,
"Vilallonga de Ter","172240","2020","0",,,,,,"0",,,,,,,,
"Vilallonga de Ter","172240","2021","0",,,,,,"0",,,,,,,,
"Vilallonga de Ter","172240","2022","1",,"1",,,,"1",,,,,,"1",,
"Vilallonga del Camp","431665","2011","8","1","5","2","1","3","4",,,,,,"4",,
"Vilallonga del Camp","431665","2012","20","18",,"2","1","2","17",,"5",,"3","1","8",,
"Vilallonga del Camp","431665","2013","2",,,"2","1","1","0",,,,,,,,
"Vilallonga del Camp","431665","2014","0",,,,,,"0",,,,,,,,
"Vilallonga del Camp","431665","2015","1","1",,,,"1","0",,,,,,,,
"Vilallonga del Camp","431665","2016","9","1","3","5","2","5","2",,"1",,"1",,,,
"Vilallonga del Camp","431665","2017","3","2",,"1","1",,"2",,,,"2",,,,
"Vilallonga del Camp","431665","2018","4","4",,,,,"4",,,,"3",,"1",,
"Vilallonga del Camp","431665","2019","3","1","2",,,,"3",,,,"1",,"2",,
"Vilallonga del Camp","431665","2020","4","2","2",,,"2","0","2",,,,,,,
"Vilallonga del Camp","431665","2021","7","3","3","1","1",,"0","6",,,,,,,
"Vilallonga del Camp","431665","2022","5","2","1","2","2",,"3","1",,,,"1","1",,
"Vilallonga del Camp","431665","2023","4","1","2","1","1",,"3",,,"2",,"1",,,
"Vilamacolum","172253","2011","1",,"1",,,,"1",,"1",,,,,,
"Vilamacolum","172253","2012","1",,,"1",,"1","0",,,,,,,,
"Vilamacolum","172253","2013","3","2",,"1",,"1","2",,"1",,"1",,,,
"Vilamacolum","172253","2014","2","2",,,,"1","1",,,,,,"1",,
"Vilamacolum","172253","2015","2","1","1",,,"1","1",,,,,,"1",,
"Vilamacolum","172253","2016","0",,,,,,"0",,,,,,,,
"Vilamacolum","172253","2017","2",,"2",,,"2","0",,,,,,,,
"Vilamacolum","172253","2018","3","1","2",,,"3","0",,,,,,,,
"Vilamacolum","172253","2019","9","6","2","1","1",,"8",,"3",,"1","2","2",,
"Vilamacolum","172253","2020","3","2","1",,,,"2","1","1",,,,"1",,
"Vilamacolum","172253","2021","4","1","3",,,,"4",,"1",,,,"3",,
"Vilamacolum","172253","2022","2",,"2",,,"1","1",,"1",,,,,,
"Vilamacolum","172253","2023","6","5","1",,,,"6",,"1",,,,"5",,
"Vilamalla","172266","2011","3","1","2",,,"2","1",,,,"1",,,,
"Vilamalla","172266","2012","5","2","2","1",,"2","3",,,,"2",,"1",,
"Vilamalla","172266","2013","2",,"1","1",,"2","0",,,,,,,,
"Vilamalla","172266","2014","2",,"1","1",,"2","0",,,,,,,,
"Vilamalla","172266","2015","3",,,"3",,"3","0",,,,,,,,
"Vilamalla","172266","2016","5","1","2","2",,"2","3",,,,"2",,"1",,
"Vilamalla","172266","2017","1",,,"1","1",,"0",,,,,,,,
"Vilamalla","172266","2018","2",,"2",,,,"2",,,,"2",,,,
"Vilamalla","172266","2019","1","1",,,,,"1",,,,,,"1",,
"Vilamalla","172266","2020","0",,,,,,"0",,,,,,,,
"Vilamalla","172266","2021","3",,"3",,,,"0","3",,,,,,,
"Vilamaniscle","172272","2011","0",,,,,,"0",,,,,,,,
"Vilamaniscle","172272","2012","0",,,,,,"0",,,,,,,,
"Vilamaniscle","172272","2013","0",,,,,,"0",,,,,,,,
"Vilamaniscle","172272","2014","0",,,,,,"0",,,,,,,,
"Vilamaniscle","172272","2015","1",,,"1","1",,"0",,,,,,,,
"Vilamaniscle","172272","2016","1",,,"1","1",,"0",,,,,,,,
"Vilamaniscle","172272","2017","1","1",,,,"1","0",,,,,,,,
"Vilamaniscle","172272","2018","3","1","2",,,,"3",,"2",,,,"1",,
"Vilamaniscle","172272","2019","0",,,,,,"0",,,,,,,,
"Vilamaniscle","172272","2020","1",,"1",,"1",,"0",,,,,,,,
"Vilamaniscle","172272","2021","0",,,,,,"0",,,,,,,,
"Vilamaniscle","172272","2022","9","3","4","2",,,"9","7",,"1",,,"1",,
"Vilamaniscle","172272","2023","5","2","2","1",,,"5","2","3",,,,,,
"Vilanant","172288","2011","0",,,,,,"0",,,,,,,,
"Vilanant","172288","2012","2",,"1","1","1",,"1",,"1",,,,,,
"Vilanant","172288","2013","5","1","1","3","2",,"3",,"2",,,,"1",,
"Vilanant","172288","2014","5","2","2","1",,,"5",,"1",,,,"4",,
"Vilanant","172288","2015","0",,,,,,"0",,,,,,,,
"Vilanant","172288","2016","2","1","1",,,,"2",,"2",,,,,,
"Vilanant","172288","2017","0",,,,,,"0",,,,,,,,
"Vilanant","172288","2018","0",,,,,,"0",,,,,,,,
"Vilanant","172288","2019","0",,,,,,"0",,,,,,,,
"Vilanant","172288","2020","0",,,,,,"0",,,,,,,,
"Vilanant","172288","2021","2","1","1",,,,"0","2",,,,,,,
"Vilanova de Bellpuig","252483","2011","3","1",,"2",,"2","1",,,,,"1",,,
"Vilanova de Bellpuig","252483","2012","0",,,,,,"0",,,,,,,,
"Vilanova de Bellpuig","252483","2013","1",,,"1","1",,"0",,,,,,,,
"Vilanova de Bellpuig","252483","2014","1",,,"1","1",,"0",,,,,,,,
"Vilanova de Bellpuig","252483","2015","2",,,"2",,"2","0",,,,,,,,
"Vilanova de Bellpuig","252483","2016","3",,,"3",,"3","0",,,,,,,,
"Vilanova de Bellpuig","252483","2017","0",,,,,,"0",,,,,,,,
"Vilanova de Bellpuig","252483","2018","0",,,,,,"0",,,,,,,,
"Vilanova de Bellpuig","252483","2019","0",,,,,,"0",,,,,,,,
"Vilanova de Bellpuig","252483","2020","1",,"1",,,,"1",,,,,,"1",,
"Vilanova de Bellpuig","252483","2021","2",,"2",,,,"2",,,,,,"2",,
"Vilanova de Bellpuig","252483","2022","4","4",,,,,"4",,,"4",,,,,
"Vilanova de Bellpuig","252483","2023","30","30",,,,,"30",,"2",,"2","25","1",,
"Vilanova de la Barca","252542","2011","39","18","20","1","1",,"38",,"9",,"1","26","2",,
"Vilanova de la Barca","252542","2012","1",,"1",,,,"1",,,,,"1",,,
"Vilanova de la Barca","252542","2013","1",,,"1",,,"1",,"1",,,,,,
"Vilanova de la Barca","252542","2014","0",,,,,,"0",,,,,,,,
"Vilanova de la Barca","252542","2015","0",,,,,,"0",,,,,,,,
"Vilanova de la Barca","252542","2016","2","1",,"1","1",,"1",,,,,"1",,,
"Vilanova de la Barca","252542","2017","1",,"1",,,,"1",,,,,,,"1",
"Vilanova de la Barca","252542","2018","0",,,,,,"0",,,,,,,,
"Vilanova de la Barca","252542","2019","1",,,"1","1",,"0",,,,,,,,
"Vilanova de la Barca","252542","2020","3","2",,"1","1",,"2",,,,,"1","1",,
"Vilanova de la Barca","252542","2021","4","2","2",,,,"2","2",,,,,"2",,
"Vilanova de la Barca","252542","2022","3","3",,,,,"3","1",,,,"2",,,
"Vilanova de la Barca","252542","2023","2",,,"2","1",,"1",,"1",,,,,,
"Vilanova de l'Aguda","252496","2023","1",,"1",,,,"1",,"1",,,,,,
"Vilanova de Meià","252509","2022","2","2",,,,,"2",,,,"1","1",,,
"Vilanova de Prades","431687","2011","0",,,,,,"0",,,,,,,,
"Vilanova de Prades","431687","2012","0",,,,,,"0",,,,,,,,
"Vilanova de Prades","431687","2013","0",,,,,,"0",,,,,,,,
"Vilanova de Prades","431687","2014","0",,,,,,"0",,,,,,,,
"Vilanova de Prades","431687","2015","0",,,,,,"0",,,,,,,,
"Vilanova de Prades","431687","2016","0",,,,,,"0",,,,,,,,
"Vilanova de Prades","431687","2017","0",,,,,,"0",,,,,,,,
"Vilanova de Prades","431687","2018","0",,,,,,"0",,,,,,,,
"Vilanova de Prades","431687","2019","0",,,,,,"0",,,,,,,,
"Vilanova de Prades","431687","2020","0",,,,,,"0",,,,,,,,
"Vilanova de Prades","431687","2021","1","1",,,,,"0","1",,,,,,,
"Vilanova de Sau","083036","2011","0",,,,,,"0",,,,,,,,
"Vilanova de Sau","083036","2012","0",,,,,,"0",,,,,,,,
"Vilanova de Sau","083036","2013","0",,,,,,"0",,,,,,,,
"Vilanova de Sau","083036","2014","0",,,,,,"0",,,,,,,,
"Vilanova de Sau","083036","2015","0",,,,,,"0",,,,,,,,
"Vilanova de Sau","083036","2016","0",,,,,,"0",,,,,,,,
"Vilanova de Sau","083036","2017","1",,,"1","1",,"0",,,,,,,,
"Vilanova de Sau","083036","2018","1",,,"1","1",,"0",,,,,,,,
"Vilanova de Sau","083036","2019","0",,,,,,"0",,,,,,,,
"Vilanova de Sau","083036","2020","0",,,,,,"0",,,,,,,,
"Vilanova de Sau","083036","2021","0",,,,,,"0",,,,,,,,
"Vilanova de Segrià","252516","2011","1",,"1",,"1",,"0",,,,,,,,
"Vilanova de Segrià","252516","2012","3",,"3",,,,"3",,,,,"3",,,
"Vilanova de Segrià","252516","2013","0",,,,,,"0",,,,,,,,
"Vilanova de Segrià","252516","2014","1",,,"1",,"1","0",,,,,,,,
"Vilanova de Segrià","252516","2015","2",,,"2",,"2","0",,,,,,,,
"Vilanova de Segrià","252516","2016","1","1",,,,,"1",,,,,,"1",,
"Vilanova de Segrià","252516","2017","0",,,,,,"0",,,,,,,,
"Vilanova de Segrià","252516","2018","0",,,,,,"0",,,,,,,,
"Vilanova de Segrià","252516","2019","1",,,"1","1",,"0",,,,,,,,
"Vilanova de Segrià","252516","2020","1",,,"1","1",,"0",,,,,,,,
"Vilanova de Segrià","252516","2021","0",,,,,,"0",,,,,,,,
"Vilanova de Segrià","252516","2022","5","5",,,,,"5",,,,"1","3","1",,
"Vilanova de Segrià","252516","2023","3","1","1","1","1",,"2",,,,,,"2",,
"Vilanova del Camí","083020","2011","89","15","34","40","27","7","49","6","2","2","19","1","24",,"1"
"Vilanova del Camí","083020","2012","61","21","11","29","22","7","31","1","2","1","19","2","7",,
"Vilanova del Camí","083020","2013","45","22","6","17","12","3","29","1","2","1","14","2","10",,
"Vilanova del Camí","083020","2014","42","16","11","15","9","6","26","1","1","2","12","2","9",,
"Vilanova del Camí","083020","2015","38","25","6","7","4","6","28",,"1","1","9",,"15","2",
"Vilanova del Camí","083020","2016","29","10","7","12","10","3","16",,,"2","5",,"9",,
"Vilanova del Camí","083020","2017","38","12","12","14","15","2","21",,"1",,"9","1","10",,
"Vilanova del Camí","083020","2018","58","32","14","12","8","8","42",,,"2","20","1","18","1",
"Vilanova del Camí","083020","2019","74","22","33","19","11","12","49","2",,"3","10",,"35","1",
"Vilanova del Camí","083020","2020","37","9","22","6","3","4","28","2",,"2","6","2","18",,
"Vilanova del Camí","083020","2021","42","11","26","5","1","2","35","4",,,"5",,"30",,
"Vilanova del Camí","083020","2022","60","33","18","9","1",,"59","6","1","6","18","2","24","1","1"
"Vilanova del Camí","083020","2023","65","20","39","6","3","1","61",,"2","5","17","9","27","1",
"Vilanova del Vallès","089024","2011","61","22","9","30","25","17","16","3","2",,,"1","7","6",
"Vilanova del Vallès","089024","2012","32","2","12","18","16","8","8",,"2",,,,"4","2",
"Vilanova del Vallès","089024","2013","31","1","12","18","13","7","9","2","3","1",,,"3","2",
"Vilanova del Vallès","089024","2014","22","1","9","12","10","7","5",,"2",,,,"2","1",
"Vilanova del Vallès","089024","2015","14","2","5","7","4","5","5",,,,,,"5",,
"Vilanova del Vallès","089024","2016","18","1","4","13","8","5","5",,,,,,"5",,
"Vilanova del Vallès","089024","2017","12","2","1","9","4","1","7",,,"1","1",,"3","2",
"Vilanova del Vallès","089024","2018","9","4","1","4","1","1","7",,,,"1",,"6",,
"Vilanova del Vallès","089024","2019","43","22","12","9","3","4","36",,,"2","16","4","14",,
"Vilanova del Vallès","089024","2020","14","2","4","8","1","3","8","2",,"1","1",,"6",,
"Vilanova del Vallès","089024","2021","19","7","5","7","1","5","4","9",,,"3",,"1",,
"Vilanova del Vallès","089024","2022","7",,"7",,,"1","6","5",,,,,"1",,
"Vilanova del Vallès","089024","2023","9","1","3","5","4","3","2",,,,,"1","1",,
"Vilanova d'Escornalbou","431671","2011","5","3",,"2",,,"5",,"3",,,,"2",,
"Vilanova d'Escornalbou","431671","2012","2",,,"2","2",,"0",,,,,,,,
"Vilanova d'Escornalbou","431671","2013","3",,"1","2","2","1","0",,,,,,,,
"Vilanova d'Escornalbou","431671","2014","2",,"2",,,"2","0",,,,,,,,
"Vilanova d'Escornalbou","431671","2015","0",,,,,,"0",,,,,,,,
"Vilanova d'Escornalbou","431671","2016","1","1",,,,,"1",,"1",,,,,,
"Vilanova d'Escornalbou","431671","2017","3",,"3",,,,"3",,"3",,,,,,
"Vilanova d'Escornalbou","431671","2018","2",,,"2",,,"2",,,,,,"2",,
"Vilanova d'Escornalbou","431671","2019","0",,,,,,"0",,,,,,,,
"Vilanova d'Escornalbou","431671","2020","0",,,,,,"0",,,,,,,,
"Vilanova d'Escornalbou","431671","2021","2",,,"2","2",,"0",,,,,,,,
"Vilanova d'Escornalbou","431671","2022","1",,,"1","1",,,,,,,,,,
"Vilanova d'Escornalbou","431671","2023","1","1",,,,,"1",,"1",,,,,,
"Vilanova i la Geltrú","083073","2011","681","139","184","358","202","156","295","28","60","10","38","3","177","2","5"
"Vilanova i la Geltrú","083073","2012","667","207","187","273","143","154","360","10","54","7","64","6","217","10","2"
"Vilanova i la Geltrú","083073","2013","538","163","152","223","123","122","289","4","66","11","43","1","155","11","2"
"Vilanova i la Geltrú","083073","2014","484","123","145","216","118","111","254","1","50","21","45","14","115","7","2"
"Vilanova i la Geltrú","083073","2015","454","134","136","184","105","110","238","1","39","19","31","11","127","9","2"
"Vilanova i la Geltrú","083073","2016","464","136","142","186","116","98","249","1","36","14","58","7","120","11","3"
"Vilanova i la Geltrú","083073","2017","432","139","108","185","121","81","229","1","24","14","36","13","125","15","2"
"Vilanova i la Geltrú","083073","2018","489","142","159","188","117","79","293",,"34","15","39","16","180","8","1"
"Vilanova i la Geltrú","083073","2019","623","214","247","162","88","96","436","3","39","8","113","15","240","19","2"
"Vilanova i la Geltrú","083073","2020","436","121","165","150","65","60","282","29","26","5","63","10","168","9","1"
"Vilanova i la Geltrú","083073","2021","536","200","210","126","42","74","313","107","28","13","62","27","175","7","1"
"Vilanova i la Geltrú","083073","2022","542","210","226","106","43","72","427","25","25","42","75","13","235","9","3"
"Vilanova i la Geltrú","083073","2023","801","280","306","215","119","101","581","9","51","35","69","24","362","27","4"
"Vilaplana","431690","2011","4",,,"4","4",,"0",,,,,,,,
"Vilaplana","431690","2012","8","1",,"7","7",,"1",,,,,,,"1",
"Vilaplana","431690","2013","5","1",,"4","4","1","0",,,,,,,,
"Vilaplana","431690","2014","4","2","2",,,"2","2",,,,"2",,,,
"Vilaplana","431690","2015","0",,,,,,"0",,,,,,,,
"Vilaplana","431690","2016","1",,,"1","1",,"0",,,,,,,,
"Vilaplana","431690","2017","1",,,"1","1",,"0",,,,,,,,
"Vilaplana","431690","2018","1",,,"1",,"1","0",,,,,,,,
"Vilaplana","431690","2019","1",,,"1",,"1","0",,,,,,,,
"Vilaplana","431690","2020","1","1",,,,,"1",,,,"1",,,,
"Vilaplana","431690","2021","1","1",,,,,"1",,"1",,,,,,
"Vila-rodona","431704","2011","6",,"1","5","3","2","1",,,,,,"1",,
"Vila-rodona","431704","2012","4",,"1","3","3",,"1",,,,"1",,,,
"Vila-rodona","431704","2013","3",,"2","1",,,"3",,"2",,"1",,,,
"Vila-rodona","431704","2014","3",,,"3",,,"3",,"3",,,,,,
"Vila-rodona","431704","2015","2",,,"2","1",,"1",,"1",,,,,,
"Vila-rodona","431704","2016","6",,"2","4","3","2","1",,"1",,,,,,
"Vila-rodona","431704","2017","5",,,"5","3",,"2",,"2",,,,,,
"Vila-rodona","431704","2018","1",,"1",,,,"1",,"1",,,,,,
"Vila-rodona","431704","2019","14","11","1","2",,,"14",,"2",,"11","1",,,
"Vila-rodona","431704","2020","6","4",,"2","1",,"5",,"1",,"3",,"1",,
"Vila-rodona","431704","2021","3","1","2",,,,"3",,"1",,"2",,,,
"Vila-rodona","431704","2022","2","1","1",,,,"2",,"1",,"1",,,,
"Vila-rodona","431704","2023","1",,"1",,,,"1",,"1",,,,,,
"Vila-sacra","172305","2011","1",,"1",,,,"1",,,"1",,,,,
"Vila-sacra","172305","2012","6","3","1","2","1",,"5",,,"1","3",,"1",,
"Vila-sacra","172305","2013","6","2","2","2","1",,"5",,,"2","1",,"2",,
"Vila-sacra","172305","2014","9","2","3","4","2",,"7",,,,,,"7",,
"Vila-sacra","172305","2015","6","2","1","3","2",,"4",,"1",,,"1","2",,
"Vila-sacra","172305","2016","2",,"1","1","1",,"1",,"1",,,,,,
"Vila-sacra","172305","2017","3","1",,"2","2",,"1",,,,,,"1",,
"Vila-sacra","172305","2018","3","1","2",,,,"3",,,,,,"3",,
"Vila-sacra","172305","2019","1","1",,,,,"1",,,,"1",,,,
"Vila-sacra","172305","2020","1",,"1",,,,"1",,,,"1",,,,
"Vila-sacra","172305","2021","3","1","2",,,,"2","1",,,"2",,,,
"Vila-sacra","172305","2023","7","6","1",,,,"7",,,,,,"7",,
"Vila-sana","252521","2011","1",,"1",,,"1","0",,,,,,,,
"Vila-sana","252521","2012","2",,,"2","2",,"0",,,,,,,,
"Vila-sana","252521","2013","0",,,,,,"0",,,,,,,,
"Vila-sana","252521","2014","2","2",,,,,"2",,"1",,,,"1",,
"Vila-sana","252521","2015","3",,"3",,,,"3",,"3",,,,,,
"Vila-sana","252521","2016","0",,,,,,"0",,,,,,,,
"Vila-sana","252521","2017","0",,,,,,"0",,,,,,,,
"Vila-sana","252521","2018","1",,,"1","1",,"0",,,,,,,,
"Vila-sana","252521","2019","0",,,,,,"0",,,,,,,,
"Vila-sana","252521","2020","0",,,,,,"0",,,,,,,,
"Vila-sana","252521","2021","1",,,"1","1",,"0",,,,,,,,
"Vila-sana","252521","2023","1","1",,,,"1",,,,,,,,,
"Vila-seca","431711","2011","332","139","119","74","37","84","193","18","20","14","63","18","68","8","2"
"Vila-seca","431711","2012","374","211","121","42","31","50","289","4","11","9","128","58","48","35",
"Vila-seca","431711","2013","336","180","110","46","22","62","252",,"8","13","96","61","44","30",
"Vila-seca","431711","2014","228","142","49","37","21","43","164",,"9","12","65","35","20","22","1"
"Vila-seca","431711","2015","216","142","17","57","13","49","151","3","7","7","73","38","15","10","1"
"Vila-seca","431711","2016","197","96","59","42","17","55","123","2","15","11","45","16","27","9",
"Vila-seca","431711","2017","109","26","39","44","22","28","59",,"12","5","15","5","18","3","1"
"Vila-seca","431711","2018","136","58","44","34","21","29","86",,"8","7","17","6","42","6",
"Vila-seca","431711","2019","180","65","70","45","19","39","121","1","12","8","28","8","59","4","2"
"Vila-seca","431711","2020","127","58","29","40","19","27","77","4","1","3","28","6","28","11",
"Vila-seca","431711","2021","150","68","43","39","17","20","79","34","1","4","27","9","22","15","1"
"Vila-seca","431711","2022","145","82","46","17","7","13","125","17","5","13","20","7","58","3","2"
"Vila-seca","431711","2023","237","109","88","40","20","27","190","10","9","17","20","1","123","7","3"
"Vilassar de Dalt","082140","2011","57","20","24","13","8","4","44","1",,"2","17",,"23","2",
"Vilassar de Dalt","082140","2012","54","24","20","10","11","5","38",,"1",,"16",,"19","2",
"Vilassar de Dalt","082140","2013","57","19","17","21","16","9","31","1",,"1","13","2","13","1","1"
"Vilassar de Dalt","082140","2014","48","16","19","13","9","12","27",,"1","1","10","1","12","2",
"Vilassar de Dalt","082140","2015","58","15","32","11","10","12","36",,"7","2","10",,"13","4",
"Vilassar de Dalt","082140","2016","65","12","28","25","13","6","46",,"10","3","12",,"17","4",
"Vilassar de Dalt","082140","2017","79","22","22","35","28","3","48",,"4","4","11","1","24","4",
"Vilassar de Dalt","082140","2018","49","10","19","20","20","4","25",,"1","3",,,"20","1",
"Vilassar de Dalt","082140","2019","74","34","16","24","15","7","52",,"3","6","4",,"26","13",
"Vilassar de Dalt","082140","2020","37","4","12","21","13","3","20","1","3","1","5","1","9","1",
"Vilassar de Dalt","082140","2021","22","8","9","5","2","1","15","4","3","2","1",,"9",,
"Vilassar de Dalt","082140","2022","34","16","10","8","4","3","27","2","2","4","4","4","7","4",
"Vilassar de Dalt","082140","2023","42","9","20","13","7",,"35",,"5","12",,"2","13","3",
"Vilassar de Mar","082191","2011","158","38","70","50","33","31","91","3","22","7","6","2","50","3","1"
"Vilassar de Mar","082191","2012","156","37","47","72","43","33","78","2","14","11","2","3","40","5","3"
"Vilassar de Mar","082191","2013","190","8","44","138","93","48","46","3","7","2","5",,"28","3","1"
"Vilassar de Mar","082191","2014","144","10","45","89","52","47","41","4","3","2","7",,"27","2",
"Vilassar de Mar","082191","2015","149","29","40","80","52","43","53","1","3","1","5","1","41","2",
"Vilassar de Mar","082191","2016","140","12","51","77","59","15","65","1","10","2","5","3","43","2",
"Vilassar de Mar","082191","2017","107","28","32","47","37","14","55","1","11","3","4",,"34","3",
"Vilassar de Mar","082191","2018","145","26","58","61","54","16","75",,"7","10","2","2","49","5",
"Vilassar de Mar","082191","2019","118","28","47","43","22","11","85",,"14","9","7","3","50","2",
"Vilassar de Mar","082191","2020","71","6","25","40","17","11","42","1","8","5","2",,"26","1",
"Vilassar de Mar","082191","2021","58","15","18","25","4","14","34","6","5","2","3",,"23","1",
"Vilassar de Mar","082191","2022","69","24","17","28","11","13","45","3","6","3","3",,"25","3","2"
"Vilassar de Mar","082191","2023","95","37","38","20","14","9","72","3","2","4","8","7","41","4","3"
"Vilaür","172229","2011","1","1",,,,,"1",,"1",,,,,,
"Vilaür","172229","2012","3",,"3",,,,"3",,"3",,,,,,
"Vilaür","172229","2013","2",,"2",,,,"2",,"2",,,,,,
"Vilaür","172229","2014","2",,,"2",,,"2",,"2",,,,,,
"Vilaür","172229","2015","0",,,,,,"0",,,,,,,,
"Vilaür","172229","2016","0",,,,,,"0",,,,,,,,
"Vilaür","172229","2017","0",,,,,,"0",,,,,,,,
"Vilaür","172229","2018","0",,,,,,"0",,,,,,,,
"Vilaür","172229","2019","0",,,,,,"0",,,,,,,,
"Vilaür","172229","2020","0",,,,,,"0",,,,,,,,
"Vilaür","172229","2021","0",,,,,,"0",,,,,,,,
"Vilaverd","431726","2011","3","3",,,,,"3",,"3",,,,,,
"Vilaverd","431726","2012","0",,,,,,"0",,,,,,,,
"Vilaverd","431726","2013","0",,,,,,"0",,,,,,,,
"Vilaverd","431726","2014","0",,,,,,"0",,,,,,,,
"Vilaverd","431726","2015","0",,,,,,"0",,,,,,,,
"Vilaverd","431726","2016","2",,,"2",,"2","0",,,,,,,,
"Vilaverd","431726","2017","0",,,,,,"0",,,,,,,,
"Vilaverd","431726","2018","0",,,,,,"0",,,,,,,,
"Vilaverd","431726","2019","0",,,,,,"0",,,,,,,,
"Vilaverd","431726","2020","0",,,,,,"0",,,,,,,,
"Vilaverd","431726","2021","0",,,,,,"0",,,,,,,,
"Vilobí del Penedès","083041","2011","7",,"2","5","3",,"4",,,"1","2",,"1",,
"Vilobí del Penedès","083041","2012","3","1",,"2","2",,"1",,"1",,,,,,
"Vilobí del Penedès","083041","2013","2","1",,"1","1",,"1",,,,,,,"1",
"Vilobí del Penedès","083041","2014","0",,,,,,"0",,,,,,,,
"Vilobí del Penedès","083041","2015","4","1","1","2","1",,"3",,,,"1",,"1","1",
"Vilobí del Penedès","083041","2016","0",,,,,,"0",,,,,,,,
"Vilobí del Penedès","083041","2017","0",,,,,,"0",,,,,,,,
"Vilobí del Penedès","083041","2018","1",,"1",,,"1","0",,,,,,,,
"Vilobí del Penedès","083041","2019","4","1","1","2",,"2","2",,"2",,,,,,
"Vilobí del Penedès","083041","2020","5","1",,"4",,"1","4",,"4",,,,,,
"Vilobí del Penedès","083041","2021","0",,,,,,"0",,,,,,,,
"Vilobí del Penedès","083041","2022","1","1",,,,,"1",,"1",,,,,,
"Vilobí d'Onyar","172333","2011","12","3","2","7","6","1","4","1","1",,"1",,"2",,
"Vilobí d'Onyar","172333","2012","9","3","2","4","4",,"5",,"3",,,,"2",,
"Vilobí d'Onyar","172333","2013","8",,"5","3","2",,"5","1","1",,,"1","3",,
"Vilobí d'Onyar","172333","2014","6","1","1","4","4","2","0",,,,,,,,
"Vilobí d'Onyar","172333","2015","8",,"3","5","5","2","1",,,,,,"1",,
"Vilobí d'Onyar","172333","2016","5","3",,"2",,,"5",,"2",,,,"3",,
"Vilobí d'Onyar","172333","2017","7","2","3","2","1",,"6",,"1",,,,"5",,
"Vilobí d'Onyar","172333","2018","6","1","4","1",,,"6",,,,,"3","3",,
"Vilobí d'Onyar","172333","2019","7",,"5","2","1",,"6",,"1",,,,"5",,
"Vilobí d'Onyar","172333","2020","12","1","6","5","4",,"8",,"3",,,,"4","1",
"Vilobí d'Onyar","172333","2021","14","5","5","4",,,"5","9",,,,,"3","2",
"Vilobí d'Onyar","172333","2022","13","7","1","5",,,"13","10",,"1",,,"2",,
"Vilobí d'Onyar","172333","2023","7",,"3","4","1",,"6","3",,,,,"3",,
"Vilopriu","172327","2011","3",,,"3","1",,"2",,,,,,,"2",
"Vilopriu","172327","2012","1",,,"1",,,"1",,,,,,,"1",
"Vilopriu","172327","2013","0",,,,,,"0",,,,,,,,
"Vilopriu","172327","2014","1",,,"1",,,"1",,,,,,,"1",
"Vilopriu","172327","2015","1","1",,,,,"1",,,,,,"1",,
"Vilopriu","172327","2016","0",,,,,,"0",,,,,,,,
"Vilopriu","172327","2017","0",,,,,,"0",,,,,,,,
"Vilopriu","172327","2018","0",,,,,,"0",,,,,,,,
"Vilopriu","172327","2019","1","1",,,,,"1",,,,"1",,,,
"Vilopriu","172327","2020","0",,,,,,"0",,,,,,,,
"Vilopriu","172327","2021","2",,"2",,,,"0","2",,,,,,,
"Vimbodí i Poblet","431763","2011","7",,,"7","6",,"1",,"1",,,,,,
"Vimbodí i Poblet","431763","2012","7",,,"7","6",,"1",,"1",,,,,,
"Vimbodí i Poblet","431763","2013","0",,,,,,"0",,,,,,,,
"Vimbodí i Poblet","431763","2014","1",,,"1","1",,"0",,,,,,,,
"Vimbodí i Poblet","431763","2015","0",,,,,,"0",,,,,,,,
"Vimbodí i Poblet","431763","2016","0",,,,,,"0",,,,,,,,
"Vimbodí i Poblet","431763","2017","0",,,,,,"0",,,,,,,,
"Vimbodí i Poblet","431763","2018","1","1",,,,,"1",,,,"1",,,,
"Vimbodí i Poblet","431763","2019","0",,,,,,"0",,,,,,,,
"Vimbodí i Poblet","431763","2020","0",,,,,,"0",,,,,,,,
"Vimbodí i Poblet","431763","2021","1",,,"1","1",,"0",,,,,,,,
"Vinaixa","252555","2011","0",,,,,,"0",,,,,,,,
"Vinaixa","252555","2012","0",,,,,,"0",,,,,,,,
"Vinaixa","252555","2013","1",,,"1",,"1","0",,,,,,,,
"Vinaixa","252555","2014","2",,,"2",,"2","0",,,,,,,,
"Vinaixa","252555","2015","0",,,,,,"0",,,,,,,,
"Vinaixa","252555","2016","0",,,,,,"0",,,,,,,,
"Vinaixa","252555","2017","1",,,"1",,"1","0",,,,,,,,
"Vinaixa","252555","2018","0",,,,,,"0",,,,,,,,
"Vinaixa","252555","2019","0",,,,,,"0",,,,,,,,
"Vinaixa","252555","2020","1",,,"1",,"1","0",,,,,,,,
"Vinaixa","252555","2021","0",,,,,,"0",,,,,,,,
"Vinaixa","252555","2022","1",,,"1","1",,,,,,,,,,
"Vinebre","431779","2011","7",,,"7","4","3","0",,,,,,,,
"Vinebre","431779","2012","2",,,"2",,"2","0",,,,,,,,
"Vinebre","431779","2013","0",,,,,,"0",,,,,,,,
"Vinebre","431779","2014","0",,,,,,"0",,,,,,,,
"Vinebre","431779","2015","0",,,,,,"0",,,,,,,,
"Vinebre","431779","2016","0",,,,,,"0",,,,,,,,
"Vinebre","431779","2017","2",,"2",,,,"2",,,,,"1","1",,
"Vinebre","431779","2018","2",,"2",,,,"2",,,,,"1","1",,
"Vinebre","431779","2019","0",,,,,,"0",,,,,,,,
"Vinebre","431779","2020","3","3",,,,,"3",,,,"1","2",,,
"Vinebre","431779","2021","0",,,,,,"0",,,,,,,,
"Vinebre","431779","2022","4","4",,,,,"4",,,,"4",,,,
"Vinebre","431779","2023","1","1",,,,,"1",,,,"1",,,,
"Vinyols i els Arcs","431785","2011","15","3","6","6","6","5","4",,"4",,,,,,
"Vinyols i els Arcs","431785","2012","15",,"9","6","5","5","5",,"3",,"2",,,,
"Vinyols i els Arcs","431785","2013","8",,"4","4","2","2","4",,"2",,"2",,,,
"Vinyols i els Arcs","431785","2014","11","3",,"8","3","6","2",,,,,,"2",,
"Vinyols i els Arcs","431785","2015","11","1","3","7","3","4","4",,"1",,,,"3",,
"Vinyols i els Arcs","431785","2016","9","1","1","7","4","1","4",,"3",,,,"1",,
"Vinyols i els Arcs","431785","2017","5","1",,"4","1","2","2",,"2",,,,,,
"Vinyols i els Arcs","431785","2018","7","3","1","3","4","1","2",,"1",,"1",,,,
"Vinyols i els Arcs","431785","2019","8","5",,"3","3",,"5",,,,"5",,,,
"Vinyols i els Arcs","431785","2020","2",,"1","1","1",,"1",,,,"1",,,,
"Vinyols i els Arcs","431785","2021","2","2",,,,,"1","1",,,"1",,,,
"Vinyols i els Arcs","431785","2022","3","1","1","1","1",,"2",,,,"2",,,,
"Vinyols i els Arcs","431785","2023","3","1","1","1","2",,"1",,,,"1",,,,
"Viver i Serrateix","083089","2011","0",,,,,,"0",,,,,,,,
"Viver i Serrateix","083089","2012","0",,,,,,"0",,,,,,,,
"Viver i Serrateix","083089","2013","0",,,,,,"0",,,,,,,,
"Viver i Serrateix","083089","2014","0",,,,,,"0",,,,,,,,
"Viver i Serrateix","083089","2015","1",,,"1","1",,"0",,,,,,,,
"Viver i Serrateix","083089","2016","1",,,"1","1",,"0",,,,,,,,
"Viver i Serrateix","083089","2017","0",,,,,,"0",,,,,,,,
"Viver i Serrateix","083089","2018","0",,,,,,"0",,,,,,,,
"Viver i Serrateix","083089","2019","0",,,,,,"0",,,,,,,,
"Viver i Serrateix","083089","2020","0",,,,,,"0",,,,,,,,
"Viver i Serrateix","083089","2021","0",,,,,,"0",,,,,,,,
"Xerta","430521","2011","10",,"2","8","6","2","2",,,,"2",,,,
"Xerta","430521","2012","8","5","1","2","2",,"6",,,,"6",,,,
"Xerta","430521","2013","1","1",,,,,"1",,,,"1",,,,
"Xerta","430521","2014","2","2",,,,,"2",,,,"1",,"1",,
"Xerta","430521","2015","1","1",,,,,"1",,,,"1",,,,
"Xerta","430521","2016","0",,,,,,"0",,,,,,,,
"Xerta","430521","2017","2","1","1",,"1",,"1",,"1",,,,,,
"Xerta","430521","2018","1","1",,,,,"1",,,,,,"1",,
"Xerta","430521","2019","2","1","1",,,,"2",,,,"1",,"1",,
"Xerta","430521","2020","6","2",,"4",,"1","1","4","1",,,,,,
"Xerta","430521","2021","3","1","2",,,,"0","3",,,,,,,
"Xerta","430521","2023","2","1","1",,,,"2",,,,,,"2",,
"Catalunya Nord",,"2011","28","6","9","13","1","4","23",,"23",,,,,,
"Catalunya Nord",,"2012","42","13","12","17","3","3","36",,"34",,,,"2",,
"Catalunya Nord",,"2013","40","12","18","10",,"1","39",,"39",,,,,,
"Catalunya Nord",,"2014","32","8","14","10",,,"32",,"31",,,,"1",,
"Catalunya Nord",,"2015","25","5","16","4",,,"25",,"25",,,,,,
"Catalunya Nord",,"2016","20","5","13","2","1",,"19",,"18",,,,"1",,
"Catalunya Nord",,"2017","21","9","10","2",,"1","20",,"20",,,,,,
"Catalunya Nord",,"2018","14","3","7","4",,"2","12",,"9",,"1",,"2",,
"Catalunya Nord",,"2019","8","5","3",,,,"8",,"7",,"1",,,,
"Catalunya Nord",,"2020","1",,"1",,,,"1",,,,"1",,,,
"Catalunya Nord",,"2021","1",,,"1",,,"1",,,,,,"1",,
"Catalunya Nord",,"2023","1",,"1",,,,"1",,"1",,,,,,
"Franja",,"2011","39","1","5","33","2","35","2",,"1","1",,,,,
"Franja",,"2012","26",,"2","24","1","22","2","1","2",,,,,,
"Franja",,"2013","0",,,,,,"0",,,,,,,,
"Franja",,"2014","0",,,,,,"0",,,,,,,,
"Franja",,"2015","0",,,,,,"0",,,,,,,,
"Franja",,"2016","0",,,,,,"0",,,,,,,,
"Franja",,"2017","0",,,,,,"0",,,,,,,,
"Franja",,"2018","12",,"1","11","3","9","0",,,,,,,,
"Franja",,"2019","41",,"1","40","8","33","0",,,,,,,,
"Franja",,"2020","40","1",,"39","5","31","1","3","1",,,,,,
"Franja",,"2021","20",,,"20","2","8","0","10",,,,,,,
"Franja",,"2022","18",,"1","17","6","7","5","5",,,,,,,
"Franja",,"2023","33","2","2","29","10","19","4","1",,,"1",,"2",,
"Illes Balears",,"2011","2",,"1","1",,"2","0",,,,,,,,
"Illes Balears",,"2012","0",,,,,,"0",,,,,,,,
"Illes Balears",,"2013","1","1",,,,,"1",,,,,,"1",,
"Illes Balears",,"2014","0",,,,,,"0",,,,,,,,
"Illes Balears",,"2015","5","2",,"3",,"4","1",,,,,,"1",,
"Illes Balears",,"2016","3","1",,"2",,"3","0",,,,,,,,
"Illes Balears",,"2017","12","5","6","1",,"8","4",,,,,,"4",,
"Illes Balears",,"2018","13","3","5","5",,"11","2",,"1",,,,"1",,
"Illes Balears",,"2019","11","2","6","3",,"9","2",,,,,,"2",,
"Illes Balears",,"2020","7","2","1","4",,"5","1","1",,,,,"1",,
"Illes Balears",,"2021","10","2","2","6",,"6","0","4",,,,,,,
"Illes Balears",,"2022","10","6","1","3",,"5","5",,,,,,"5",,
"Illes Balears",,"2023","23","9","6","8",,"14","9",,,,,,"9",,
"País Valencià",,"2011","6",,"2","4",,"2","2","2",,,,,"2",,
"País Valencià",,"2012","12","2","2","8",,"9","0","3",,,,,,,
"País Valencià",,"2013","0",,,,,,"0",,,,,,,,
"País Valencià",,"2014","5","1",,"4",,"5","0",,,,,,,,
"País Valencià",,"2015","11","1","6","4",,"7","4",,"1",,,,"3",,
"País Valencià",,"2016","5","2","1","2",,"3","2",,,,,,"2",,
"País Valencià",,"2017","5","3","1","1",,"1","3","1","1",,,,"2",,
"País Valencià",,"2018","7","1","1","5",,"7","0",,,,,,,,
"País Valencià",,"2019","10","3",,"7",,"7","3",,,,,,,"3",
"País Valencià",,"2020","8","1",,"7","1","5","2",,"1",,,,"1",,
"País Valencià",,"2021","14","8",,"6","1",,"1","12",,,,,"1",,
"País Valencià",,"2022","16","4","3","9",,"4","12","6",,,"1",,"4","1",
"País Valencià",,"2023","52","10","10","32",,"26","26","5",,"3","1",,"16","1",
"Resta de l'estat espanyol",,"2011","47","5","20","22",,"30","1","16",,,,,"1",,
"Resta de l'estat espanyol",,"2012","68","17","19","32","2","49","7","10",,"1",,,"5","1",
"Resta de l'estat espanyol",,"2013","99","17","25","57","2","76","8","13","1",,,,"4","3",
"Resta de l'estat espanyol",,"2014","75","17","21","37","3","62","5","5","1",,,,"4",,
"Resta de l'estat espanyol",,"2015","99","23","29","47","11","83","3","2","1",,,,"2",,
"Resta de l'estat espanyol",,"2016","124","26","41","57","18","96","9","1","2",,,,"5","2",
"Resta de l'estat espanyol",,"2017","159","40","56","63","10","133","15","1","6","2",,"1","5","1",
"Resta de l'estat espanyol",,"2018","113","24","37","52","7","93","13",,"2",,,"1","7","2","1"
"Resta de l'estat espanyol",,"2019","98","20","36","42","2","80","16",,"7",,"2",,"5","2",
"Resta de l'estat espanyol",,"2020","71","27","26","18",,"36","10","25","2",,,,"7","1",
"Resta de l'estat espanyol",,"2021","204","100","54","50","1","40","7","156",,"2","2",,"3",,
"Resta de l'estat espanyol",,"2022","313","104","132","77","8","96","209","181","2","2","4",,"19","1",
"Resta de l'estat espanyol",,"2023","478","150","199","129","28","289","161","63","8","9","4",,"71","6",
"sense dades",,"2011","5,109","2,885","1,242","982","411","351","1,881","2,466","260","91","300","165","888","167","10"
"sense dades",,"2012","714","268","334","112","66","112","437","99","56","42","84","35","172","45","3"
"sense dades",,"2013","141","58","55","28","9","15","139","38","33","6","27","15","47","10","1"
"sense dades",,"2014","147","66","47","34","8","14","73","52","8","6","13","11","27","6","2"
"sense dades",,"2015","266","122","97","47","15","12","108","131","18","8","13","14","46","8","1"
"sense dades",,"2016","227","110","83","34","8","21","175","23","39","12","13","7","72","30","2"
"sense dades",,"2017","252","98","100","54","20","19","207","6","45","10","15","9","90","34","4"
"sense dades",,"2018","121","44","39","38","12","10","98","2","23","4","6","5","45","12","3"
"sense dades",,"2019","261","127","104","30","8","24","151","78","30","2","15",,"88","9","7"
"sense dades",,"2020","417","327","58","32","3","14","89","311","14",,"7","2","56","8","2"
"sense dades",,"2021","4,164","3,084","497","583","51","38","473","3,602","36","21","139","22","218","33","4"
"sense dades",,"2022","10,037","4,507","4,079","1,451","71","65","9,901","8,828","72","50","220","50","620","61",
"sense dades",,"2023","3,443","940","1,788","715","63","49","3,331","2,118","115","43","101","24","888","30","12"
