año;Cataluña;ámbitos de uso de la lengua;edad;usos lingüísticos;concepto;estado;valor
2013;Catalunya;con los miembros del hogar;de 15 a 29 años;solo catalán;población de 15 años o más (miles);;273,1
2013;Catalunya;con los miembros del hogar;de 15 a 29 años;más catalán que castellano;población de 15 años o más (miles);;73,5
2013;Catalunya;con los miembros del hogar;de 15 a 29 años;catalán y castellano;población de 15 años o más (miles);;75,2
2013;Catalunya;con los miembros del hogar;de 15 a 29 años;más castellano que catalán;población de 15 años o más (miles);;121,8
2013;Catalunya;con los miembros del hogar;de 15 a 29 años;solo castellano;población de 15 años o más (miles);;400,7
2013;Catalunya;con los miembros del hogar;de 15 a 29 años;otra lengua (o lenguas);población de 15 años o más (miles);;65,1
2013;Catalunya;con los miembros del hogar;de 15 a 29 años;catalán y otra lengua (o lenguas);población de 15 años o más (miles);..;null
2013;Catalunya;con los miembros del hogar;de 15 a 29 años;castellano y otra lengua (o lenguas);población de 15 años o más (miles);;49,1
2013;Catalunya;con los miembros del hogar;de 15 a 29 años;otras combinaciones de lenguas;población de 15 años o más (miles);;23,8
2013;Catalunya;con los miembros del hogar;de 15 a 29 años;No consta;población de 15 años o más (miles);..;null
2013;Catalunya;con los miembros del hogar;de 15 a 29 años;total;población de 15 años o más (miles);;1092,4
2013;Catalunya;con los miembros del hogar;de 30 a 44 años;solo catalán;población de 15 años o más (miles);;368,1
2013;Catalunya;con los miembros del hogar;de 30 a 44 años;más catalán que castellano;población de 15 años o más (miles);;90,2
2013;Catalunya;con los miembros del hogar;de 30 a 44 años;catalán y castellano;población de 15 años o más (miles);;179,0
2013;Catalunya;con los miembros del hogar;de 30 a 44 años;más castellano que catalán;población de 15 años o más (miles);;238,8
2013;Catalunya;con los miembros del hogar;de 30 a 44 años;solo castellano;población de 15 años o más (miles);;573,8
2013;Catalunya;con los miembros del hogar;de 30 a 44 años;otra lengua (o lenguas);población de 15 años o más (miles);;118,8
2013;Catalunya;con los miembros del hogar;de 30 a 44 años;catalán y otra lengua (o lenguas);población de 15 años o más (miles);;17,4
2013;Catalunya;con los miembros del hogar;de 30 a 44 años;castellano y otra lengua (o lenguas);población de 15 años o más (miles);;106,2
2013;Catalunya;con los miembros del hogar;de 30 a 44 años;otras combinaciones de lenguas;población de 15 años o más (miles);;28,9
2013;Catalunya;con los miembros del hogar;de 30 a 44 años;No consta;población de 15 años o más (miles);..;null
2013;Catalunya;con los miembros del hogar;de 30 a 44 años;total;población de 15 años o más (miles);;1723,9
2013;Catalunya;con los miembros del hogar;de 45 a 64 años;solo catalán;población de 15 años o más (miles);;486,8
2013;Catalunya;con los miembros del hogar;de 45 a 64 años;más catalán que castellano;población de 15 años o más (miles);;94,3
2013;Catalunya;con los miembros del hogar;de 45 a 64 años;catalán y castellano;población de 15 años o más (miles);;144,1
2013;Catalunya;con los miembros del hogar;de 45 a 64 años;más castellano que catalán;población de 15 años o más (miles);;165,2
2013;Catalunya;con los miembros del hogar;de 45 a 64 años;solo castellano;población de 15 años o más (miles);;718,4
2013;Catalunya;con los miembros del hogar;de 45 a 64 años;otra lengua (o lenguas);población de 15 años o más (miles);;57,6
2013;Catalunya;con los miembros del hogar;de 45 a 64 años;catalán y otra lengua (o lenguas);población de 15 años o más (miles);..;null
2013;Catalunya;con los miembros del hogar;de 45 a 64 años;castellano y otra lengua (o lenguas);población de 15 años o más (miles);;54,9
2013;Catalunya;con los miembros del hogar;de 45 a 64 años;otras combinaciones de lenguas;población de 15 años o más (miles);;18,4
2013;Catalunya;con los miembros del hogar;de 45 a 64 años;No consta;población de 15 años o más (miles);..;null
2013;Catalunya;con los miembros del hogar;de 45 a 64 años;total;población de 15 años o más (miles);;1744,1
2013;Catalunya;con los miembros del hogar;65 años o más;solo catalán;población de 15 años o más (miles);;372,7
2013;Catalunya;con los miembros del hogar;65 años o más;más catalán que castellano;población de 15 años o más (miles);;35,2
2013;Catalunya;con los miembros del hogar;65 años o más;catalán y castellano;población de 15 años o más (miles);;54,0
2013;Catalunya;con los miembros del hogar;65 años o más;más castellano que catalán;población de 15 años o más (miles);;38,9
2013;Catalunya;con los miembros del hogar;65 años o más;solo castellano;población de 15 años o más (miles);;536,9
2013;Catalunya;con los miembros del hogar;65 años o más;otra lengua (o lenguas);población de 15 años o más (miles);;18,2
2013;Catalunya;con los miembros del hogar;65 años o más;catalán y otra lengua (o lenguas);población de 15 años o más (miles);..;null
2013;Catalunya;con los miembros del hogar;65 años o más;castellano y otra lengua (o lenguas);población de 15 años o más (miles);..;null
2013;Catalunya;con los miembros del hogar;65 años o más;otras combinaciones de lenguas;población de 15 años o más (miles);..;null
2013;Catalunya;con los miembros del hogar;65 años o más;No consta;población de 15 años o más (miles);..;null
2013;Catalunya;con los miembros del hogar;65 años o más;total;población de 15 años o más (miles);;1066,2
2013;Catalunya;con los miembros del hogar;total;solo catalán;población de 15 años o más (miles);;1500,6
2013;Catalunya;con los miembros del hogar;total;más catalán que castellano;población de 15 años o más (miles);;293,2
2013;Catalunya;con los miembros del hogar;total;catalán y castellano;población de 15 años o más (miles);;452,4
2013;Catalunya;con los miembros del hogar;total;más castellano que catalán;población de 15 años o más (miles);;564,7
2013;Catalunya;con los miembros del hogar;total;solo castellano;población de 15 años o más (miles);;2229,9
2013;Catalunya;con los miembros del hogar;total;otra lengua (o lenguas);población de 15 años o más (miles);;259,7
2013;Catalunya;con los miembros del hogar;total;catalán y otra lengua (o lenguas);población de 15 años o más (miles);;30,1
2013;Catalunya;con los miembros del hogar;total;castellano y otra lengua (o lenguas);población de 15 años o más (miles);;216,9
2013;Catalunya;con los miembros del hogar;total;otras combinaciones de lenguas;población de 15 años o más (miles);;72,8
2013;Catalunya;con los miembros del hogar;total;No consta;población de 15 años o más (miles);..;null
2013;Catalunya;con los miembros del hogar;total;total;población de 15 años o más (miles);;5626,6
2013;Catalunya;con los amigos;de 15 a 29 años;solo catalán;población de 15 años o más (miles);;144,2
2013;Catalunya;con los amigos;de 15 a 29 años;más catalán que castellano;población de 15 años o más (miles);;202,4
2013;Catalunya;con los amigos;de 15 a 29 años;catalán y castellano;población de 15 años o más (miles);;187,4
2013;Catalunya;con los amigos;de 15 a 29 años;más castellano que catalán;población de 15 años o más (miles);;199,3
2013;Catalunya;con los amigos;de 15 a 29 años;solo castellano;población de 15 años o más (miles);;261,0
2013;Catalunya;con los amigos;de 15 a 29 años;otra lengua (o lenguas);población de 15 años o más (miles);;21,0
2013;Catalunya;con los amigos;de 15 a 29 años;catalán y otra lengua (o lenguas);población de 15 años o más (miles);..;null
2013;Catalunya;con los amigos;de 15 a 29 años;castellano y otra lengua (o lenguas);población de 15 años o más (miles);;61,6
2013;Catalunya;con los amigos;de 15 a 29 años;otras combinaciones de lenguas;población de 15 años o más (miles);;40,9
2013;Catalunya;con los amigos;de 15 a 29 años;No consta;población de 15 años o más (miles);..;null
2013;Catalunya;con los amigos;de 15 a 29 años;total;población de 15 años o más (miles);;1126,7
2013;Catalunya;con los amigos;de 30 a 44 años;solo catalán;población de 15 años o más (miles);;209,6
2013;Catalunya;con los amigos;de 30 a 44 años;más catalán que castellano;población de 15 años o más (miles);;240,2
2013;Catalunya;con los amigos;de 30 a 44 años;catalán y castellano;población de 15 años o más (miles);;344,8
2013;Catalunya;con los amigos;de 30 a 44 años;más castellano que catalán;población de 15 años o más (miles);;308,0
2013;Catalunya;con los amigos;de 30 a 44 años;solo castellano;población de 15 años o más (miles);;477,8
2013;Catalunya;con los amigos;de 30 a 44 años;otra lengua (o lenguas);población de 15 años o más (miles);;40,4
2013;Catalunya;con los amigos;de 30 a 44 años;catalán y otra lengua (o lenguas);población de 15 años o más (miles);..;null
2013;Catalunya;con los amigos;de 30 a 44 años;castellano y otra lengua (o lenguas);población de 15 años o más (miles);;168,1
2013;Catalunya;con los amigos;de 30 a 44 años;otras combinaciones de lenguas;población de 15 años o más (miles);;62,3
2013;Catalunya;con los amigos;de 30 a 44 años;No consta;población de 15 años o más (miles);..;null
2013;Catalunya;con los amigos;de 30 a 44 años;total;población de 15 años o más (miles);;1863,6
2013;Catalunya;con los amigos;de 45 a 64 años;solo catalán;población de 15 años o más (miles);;285,3
2013;Catalunya;con los amigos;de 45 a 64 años;más catalán que castellano;población de 15 años o más (miles);;337,0
2013;Catalunya;con los amigos;de 45 a 64 años;catalán y castellano;población de 15 años o más (miles);;304,9
2013;Catalunya;con los amigos;de 45 a 64 años;más castellano que catalán;población de 15 años o más (miles);;228,0
2013;Catalunya;con los amigos;de 45 a 64 años;solo castellano;población de 15 años o más (miles);;623,8
2013;Catalunya;con los amigos;de 45 a 64 años;otra lengua (o lenguas);población de 15 años o más (miles);;32,6
2013;Catalunya;con los amigos;de 45 a 64 años;catalán y otra lengua (o lenguas);población de 15 años o más (miles);..;null
2013;Catalunya;con los amigos;de 45 a 64 años;castellano y otra lengua (o lenguas);población de 15 años o más (miles);;69,4
2013;Catalunya;con los amigos;de 45 a 64 años;otras combinaciones de lenguas;población de 15 años o más (miles);;33,7
2013;Catalunya;con los amigos;de 45 a 64 años;No consta;población de 15 años o más (miles);..;null
2013;Catalunya;con los amigos;de 45 a 64 años;total;población de 15 años o más (miles);;1925,2
2013;Catalunya;con los amigos;65 años o más;solo catalán;población de 15 años o más (miles);;300,5
2013;Catalunya;con los amigos;65 años o más;más catalán que castellano;población de 15 años o más (miles);;211,9
2013;Catalunya;con los amigos;65 años o más;catalán y castellano;población de 15 años o más (miles);;145,7
2013;Catalunya;con los amigos;65 años o más;más castellano que catalán;población de 15 años o más (miles);;83,5
2013;Catalunya;con los amigos;65 años o más;solo castellano;población de 15 años o más (miles);;555,1
2013;Catalunya;con los amigos;65 años o más;otra lengua (o lenguas);población de 15 años o más (miles);;14,5
2013;Catalunya;con los amigos;65 años o más;catalán y otra lengua (o lenguas);población de 15 años o más (miles);..;null
2013;Catalunya;con los amigos;65 años o más;castellano y otra lengua (o lenguas);población de 15 años o más (miles);;12,2
2013;Catalunya;con los amigos;65 años o más;otras combinaciones de lenguas;población de 15 años o más (miles);;7,0
2013;Catalunya;con los amigos;65 años o más;No consta;población de 15 años o más (miles);..;null
2013;Catalunya;con los amigos;65 años o más;total;población de 15 años o más (miles);;1338,4
2013;Catalunya;con los amigos;total;solo catalán;población de 15 años o más (miles);;939,6
2013;Catalunya;con los amigos;total;más catalán que castellano;población de 15 años o más (miles);;991,4
2013;Catalunya;con los amigos;total;catalán y castellano;población de 15 años o más (miles);;982,8
2013;Catalunya;con los amigos;total;más castellano que catalán;población de 15 años o más (miles);;818,8
2013;Catalunya;con los amigos;total;solo castellano;población de 15 años o más (miles);;1917,6
2013;Catalunya;con los amigos;total;otra lengua (o lenguas);población de 15 años o más (miles);;108,4
2013;Catalunya;con los amigos;total;catalán y otra lengua (o lenguas);población de 15 años o más (miles);;17,4
2013;Catalunya;con los amigos;total;castellano y otra lengua (o lenguas);población de 15 años o más (miles);;311,3
2013;Catalunya;con los amigos;total;otras combinaciones de lenguas;población de 15 años o más (miles);;144,0
2013;Catalunya;con los amigos;total;No consta;población de 15 años o más (miles);;22,4
2013;Catalunya;con los amigos;total;total;población de 15 años o más (miles);;6253,8
2013;Catalunya;con los vecinos;de 15 a 29 años;solo catalán;población de 15 años o más (miles);;197,1
2013;Catalunya;con los vecinos;de 15 a 29 años;más catalán que castellano;población de 15 años o más (miles);;175,4
2013;Catalunya;con los vecinos;de 15 a 29 años;catalán y castellano;población de 15 años o más (miles);;189,8
2013;Catalunya;con los vecinos;de 15 a 29 años;más castellano que catalán;población de 15 años o más (miles);;128,2
2013;Catalunya;con los vecinos;de 15 a 29 años;solo castellano;población de 15 años o más (miles);;373,2
2013;Catalunya;con los vecinos;de 15 a 29 años;otra lengua (o lenguas);población de 15 años o más (miles);..;null
2013;Catalunya;con los vecinos;de 15 a 29 años;catalán y otra lengua (o lenguas);población de 15 años o más (miles);..;null
2013;Catalunya;con los vecinos;de 15 a 29 años;castellano y otra lengua (o lenguas);población de 15 años o más (miles);;10,0
2013;Catalunya;con los vecinos;de 15 a 29 años;otras combinaciones de lenguas;población de 15 años o más (miles);;11,3
2013;Catalunya;con los vecinos;de 15 a 29 años;No consta;población de 15 años o más (miles);;34,1
2013;Catalunya;con los vecinos;de 15 a 29 años;total;población de 15 años o más (miles);;1126,7
2013;Catalunya;con los vecinos;de 30 a 44 años;solo catalán;población de 15 años o más (miles);;267,1
2013;Catalunya;con los vecinos;de 30 a 44 años;más catalán que castellano;población de 15 años o más (miles);;236,8
2013;Catalunya;con los vecinos;de 30 a 44 años;catalán y castellano;población de 15 años o más (miles);;323,2
2013;Catalunya;con los vecinos;de 30 a 44 años;más castellano que catalán;población de 15 años o más (miles);;288,2
2013;Catalunya;con los vecinos;de 30 a 44 años;solo castellano;población de 15 años o más (miles);;664,3
2013;Catalunya;con los vecinos;de 30 a 44 años;otra lengua (o lenguas);población de 15 años o más (miles);;13,5
2013;Catalunya;con los vecinos;de 30 a 44 años;catalán y otra lengua (o lenguas);población de 15 años o más (miles);..;null
2013;Catalunya;con los vecinos;de 30 a 44 años;castellano y otra lengua (o lenguas);población de 15 años o más (miles);;29,8
2013;Catalunya;con los vecinos;de 30 a 44 años;otras combinaciones de lenguas;población de 15 años o más (miles);;7,0
2013;Catalunya;con los vecinos;de 30 a 44 años;No consta;población de 15 años o más (miles);;33,0
2013;Catalunya;con los vecinos;de 30 a 44 años;total;población de 15 años o más (miles);;1863,6
2013;Catalunya;con los vecinos;de 45 a 64 años;solo catalán;población de 15 años o más (miles);;318,1
2013;Catalunya;con los vecinos;de 45 a 64 años;más catalán que castellano;población de 15 años o más (miles);;303,5
2013;Catalunya;con los vecinos;de 45 a 64 años;catalán y castellano;población de 15 años o más (miles);;328,1
2013;Catalunya;con los vecinos;de 45 a 64 años;más castellano que catalán;población de 15 años o más (miles);;209,6
2013;Catalunya;con los vecinos;de 45 a 64 años;solo castellano;población de 15 años o más (miles);;719,1
2013;Catalunya;con los vecinos;de 45 a 64 años;otra lengua (o lenguas);población de 15 años o más (miles);;7,1
2013;Catalunya;con los vecinos;de 45 a 64 años;catalán y otra lengua (o lenguas);población de 15 años o más (miles);..;null
2013;Catalunya;con los vecinos;de 45 a 64 años;castellano y otra lengua (o lenguas);población de 15 años o más (miles);;20,3
2013;Catalunya;con los vecinos;de 45 a 64 años;otras combinaciones de lenguas;población de 15 años o más (miles);;3,3
2013;Catalunya;con los vecinos;de 45 a 64 años;No consta;población de 15 años o más (miles);;13,7
2013;Catalunya;con los vecinos;de 45 a 64 años;total;población de 15 años o más (miles);;1925,2
2013;Catalunya;con los vecinos;65 años o más;solo catalán;población de 15 años o más (miles);;298,9
2013;Catalunya;con los vecinos;65 años o más;más catalán que castellano;población de 15 años o más (miles);;199,4
2013;Catalunya;con los vecinos;65 años o más;catalán y castellano;población de 15 años o más (miles);;138,2
2013;Catalunya;con los vecinos;65 años o más;más castellano que catalán;población de 15 años o más (miles);;89,9
2013;Catalunya;con los vecinos;65 años o más;solo castellano;población de 15 años o más (miles);;591,0
2013;Catalunya;con los vecinos;65 años o más;otra lengua (o lenguas);población de 15 años o más (miles);;5,7
2013;Catalunya;con los vecinos;65 años o más;catalán y otra lengua (o lenguas);población de 15 años o más (miles);..;null
2013;Catalunya;con los vecinos;65 años o más;castellano y otra lengua (o lenguas);población de 15 años o más (miles);..;null
2013;Catalunya;con los vecinos;65 años o más;otras combinaciones de lenguas;población de 15 años o más (miles);..;null
2013;Catalunya;con los vecinos;65 años o más;No consta;población de 15 años o más (miles);..;null
2013;Catalunya;con los vecinos;65 años o más;total;población de 15 años o más (miles);;1338,4
2013;Catalunya;con los vecinos;total;solo catalán;población de 15 años o más (miles);;1081,2
2013;Catalunya;con los vecinos;total;más catalán que castellano;población de 15 años o más (miles);;915,1
2013;Catalunya;con los vecinos;total;catalán y castellano;población de 15 años o más (miles);;979,3
2013;Catalunya;con los vecinos;total;más castellano que catalán;población de 15 años o más (miles);;715,9
2013;Catalunya;con los vecinos;total;solo castellano;población de 15 años o más (miles);;2347,6
2013;Catalunya;con los vecinos;total;otra lengua (o lenguas);población de 15 años o más (miles);;33,3
2013;Catalunya;con los vecinos;total;catalán y otra lengua (o lenguas);población de 15 años o más (miles);;3,7
2013;Catalunya;con los vecinos;total;castellano y otra lengua (o lenguas);población de 15 años o más (miles);;62,6
2013;Catalunya;con los vecinos;total;otras combinaciones de lenguas;población de 15 años o más (miles);;25,7
2013;Catalunya;con los vecinos;total;No consta;población de 15 años o más (miles);;89,4
2013;Catalunya;con los vecinos;total;total;población de 15 años o más (miles);;6253,8
2013;Catalunya;con los compañeros de estudio;de 15 a 29 años;solo catalán;población de 15 años o más (miles);;115,5
2013;Catalunya;con los compañeros de estudio;de 15 a 29 años;más catalán que castellano;población de 15 años o más (miles);;146,3
2013;Catalunya;con los compañeros de estudio;de 15 a 29 años;catalán y castellano;población de 15 años o más (miles);;121,3
2013;Catalunya;con los compañeros de estudio;de 15 a 29 años;más castellano que catalán;población de 15 años o más (miles);;120,0
2013;Catalunya;con los compañeros de estudio;de 15 a 29 años;solo castellano;población de 15 años o más (miles);;100,0
2013;Catalunya;con los compañeros de estudio;de 15 a 29 años;otra lengua (o lenguas);población de 15 años o más (miles);..;null
2013;Catalunya;con los compañeros de estudio;de 15 a 29 años;catalán y otra lengua (o lenguas);población de 15 años o más (miles);..;null
2013;Catalunya;con los compañeros de estudio;de 15 a 29 años;castellano y otra lengua (o lenguas);población de 15 años o más (miles);..;null
2013;Catalunya;con los compañeros de estudio;de 15 a 29 años;otras combinaciones de lenguas;población de 15 años o más (miles);;17,4
2013;Catalunya;con los compañeros de estudio;de 15 a 29 años;No consta;población de 15 años o más (miles);..;null
2013;Catalunya;con los compañeros de estudio;de 15 a 29 años;total;población de 15 años o más (miles);;636,7
2013;Catalunya;con los compañeros de estudio;de 30 a 44 años;solo catalán;población de 15 años o más (miles);;56,1
2013;Catalunya;con los compañeros de estudio;de 30 a 44 años;más catalán que castellano;población de 15 años o más (miles);;43,3
2013;Catalunya;con los compañeros de estudio;de 30 a 44 años;catalán y castellano;población de 15 años o más (miles);;48,8
2013;Catalunya;con los compañeros de estudio;de 30 a 44 años;más castellano que catalán;población de 15 años o más (miles);;24,4
2013;Catalunya;con los compañeros de estudio;de 30 a 44 años;solo castellano;población de 15 años o más (miles);;51,7
2013;Catalunya;con los compañeros de estudio;de 30 a 44 años;otra lengua (o lenguas);población de 15 años o más (miles);..;null
2013;Catalunya;con los compañeros de estudio;de 30 a 44 años;catalán y otra lengua (o lenguas);población de 15 años o más (miles);..;null
2013;Catalunya;con los compañeros de estudio;de 30 a 44 años;castellano y otra lengua (o lenguas);población de 15 años o más (miles);..;null
2013;Catalunya;con los compañeros de estudio;de 30 a 44 años;otras combinaciones de lenguas;población de 15 años o más (miles);..;null
2013;Catalunya;con los compañeros de estudio;de 30 a 44 años;No consta;población de 15 años o más (miles);..;null
2013;Catalunya;con los compañeros de estudio;de 30 a 44 años;total;población de 15 años o más (miles);;257,8
2013;Catalunya;con los compañeros de estudio;de 45 a 64 años;solo catalán;población de 15 años o más (miles);;38,8
2013;Catalunya;con los compañeros de estudio;de 45 a 64 años;más catalán que castellano;población de 15 años o más (miles);;40,9
2013;Catalunya;con los compañeros de estudio;de 45 a 64 años;catalán y castellano;población de 15 años o más (miles);..;null
2013;Catalunya;con los compañeros de estudio;de 45 a 64 años;más castellano que catalán;población de 15 años o más (miles);..;null
2013;Catalunya;con los compañeros de estudio;de 45 a 64 años;solo castellano;población de 15 años o más (miles);;26,7
2013;Catalunya;con los compañeros de estudio;de 45 a 64 años;otra lengua (o lenguas);población de 15 años o más (miles);..;null
2013;Catalunya;con los compañeros de estudio;de 45 a 64 años;catalán y otra lengua (o lenguas);población de 15 años o más (miles);..;null
2013;Catalunya;con los compañeros de estudio;de 45 a 64 años;castellano y otra lengua (o lenguas);población de 15 años o más (miles);..;null
2013;Catalunya;con los compañeros de estudio;de 45 a 64 años;otras combinaciones de lenguas;población de 15 años o más (miles);..;null
2013;Catalunya;con los compañeros de estudio;de 45 a 64 años;No consta;población de 15 años o más (miles);..;null
2013;Catalunya;con los compañeros de estudio;de 45 a 64 años;total;población de 15 años o más (miles);;154,3
2013;Catalunya;con los compañeros de estudio;65 años o más;solo catalán;población de 15 años o más (miles);;16,2
2013;Catalunya;con los compañeros de estudio;65 años o más;más catalán que castellano;población de 15 años o más (miles);..;null
2013;Catalunya;con los compañeros de estudio;65 años o más;catalán y castellano;población de 15 años o más (miles);..;null
2013;Catalunya;con los compañeros de estudio;65 años o más;más castellano que catalán;población de 15 años o más (miles);..;null
2013;Catalunya;con los compañeros de estudio;65 años o más;solo castellano;población de 15 años o más (miles);..;null
2013;Catalunya;con los compañeros de estudio;65 años o más;otra lengua (o lenguas);población de 15 años o más (miles);..;null
2013;Catalunya;con los compañeros de estudio;65 años o más;catalán y otra lengua (o lenguas);población de 15 años o más (miles);..;null
2013;Catalunya;con los compañeros de estudio;65 años o más;castellano y otra lengua (o lenguas);población de 15 años o más (miles);..;null
2013;Catalunya;con los compañeros de estudio;65 años o más;otras combinaciones de lenguas;población de 15 años o más (miles);..;null
2013;Catalunya;con los compañeros de estudio;65 años o más;No consta;población de 15 años o más (miles);..;null
2013;Catalunya;con los compañeros de estudio;65 años o más;total;población de 15 años o más (miles);;54,9
2013;Catalunya;con los compañeros de estudio;total;solo catalán;población de 15 años o más (miles);;226,6
2013;Catalunya;con los compañeros de estudio;total;más catalán que castellano;población de 15 años o más (miles);;247,3
2013;Catalunya;con los compañeros de estudio;total;catalán y castellano;población de 15 años o más (miles);;192,5
2013;Catalunya;con los compañeros de estudio;total;más castellano que catalán;población de 15 años o más (miles);;156,6
2013;Catalunya;con los compañeros de estudio;total;solo castellano;población de 15 años o más (miles);;183,1
2013;Catalunya;con los compañeros de estudio;total;otra lengua (o lenguas);población de 15 años o más (miles);;18,2
2013;Catalunya;con los compañeros de estudio;total;catalán y otra lengua (o lenguas);población de 15 años o más (miles);;19,1
2013;Catalunya;con los compañeros de estudio;total;castellano y otra lengua (o lenguas);población de 15 años o más (miles);;21,3
2013;Catalunya;con los compañeros de estudio;total;otras combinaciones de lenguas;población de 15 años o más (miles);;28,0
2013;Catalunya;con los compañeros de estudio;total;No consta;población de 15 años o más (miles);..;null
2013;Catalunya;con los compañeros de estudio;total;total;población de 15 años o más (miles);;1103,8
2013;Catalunya;con los compañeros de trabajo;de 15 a 29 años;solo catalán;población de 15 años o más (miles);;50,7
2013;Catalunya;con los compañeros de trabajo;de 15 a 29 años;más catalán que castellano;población de 15 años o más (miles);;52,4
2013;Catalunya;con los compañeros de trabajo;de 15 a 29 años;catalán y castellano;población de 15 años o más (miles);;62,6
2013;Catalunya;con los compañeros de trabajo;de 15 a 29 años;más castellano que catalán;población de 15 años o más (miles);;66,5
2013;Catalunya;con los compañeros de trabajo;de 15 a 29 años;solo castellano;población de 15 años o más (miles);;116,3
2013;Catalunya;con los compañeros de trabajo;de 15 a 29 años;otra lengua (o lenguas);población de 15 años o más (miles);..;null
2013;Catalunya;con los compañeros de trabajo;de 15 a 29 años;catalán y otra lengua (o lenguas);población de 15 años o más (miles);..;null
2013;Catalunya;con los compañeros de trabajo;de 15 a 29 años;castellano y otra lengua (o lenguas);población de 15 años o más (miles);..;null
2013;Catalunya;con los compañeros de trabajo;de 15 a 29 años;otras combinaciones de lenguas;población de 15 años o más (miles);..;null
2013;Catalunya;con los compañeros de trabajo;de 15 a 29 años;No consta;población de 15 años o más (miles);..;null
2013;Catalunya;con los compañeros de trabajo;de 15 a 29 años;total;población de 15 años o más (miles);;381,4
2013;Catalunya;con los compañeros de trabajo;de 30 a 44 años;solo catalán;población de 15 años o más (miles);;209,5
2013;Catalunya;con los compañeros de trabajo;de 30 a 44 años;más catalán que castellano;población de 15 años o más (miles);;206,2
2013;Catalunya;con los compañeros de trabajo;de 30 a 44 años;catalán y castellano;población de 15 años o más (miles);;238,7
2013;Catalunya;con los compañeros de trabajo;de 30 a 44 años;más castellano que catalán;población de 15 años o más (miles);;198,4
2013;Catalunya;con los compañeros de trabajo;de 30 a 44 años;solo castellano;población de 15 años o más (miles);;333,7
2013;Catalunya;con los compañeros de trabajo;de 30 a 44 años;otra lengua (o lenguas);población de 15 años o más (miles);..;null
2013;Catalunya;con los compañeros de trabajo;de 30 a 44 años;catalán y otra lengua (o lenguas);población de 15 años o más (miles);..;null
2013;Catalunya;con los compañeros de trabajo;de 30 a 44 años;castellano y otra lengua (o lenguas);población de 15 años o más (miles);;35,9
2013;Catalunya;con los compañeros de trabajo;de 30 a 44 años;otras combinaciones de lenguas;población de 15 años o más (miles);;44,0
2013;Catalunya;con los compañeros de trabajo;de 30 a 44 años;No consta;población de 15 años o más (miles);;53,9
2013;Catalunya;con los compañeros de trabajo;de 30 a 44 años;total;población de 15 años o más (miles);;1333,9
2013;Catalunya;con los compañeros de trabajo;de 45 a 64 años;solo catalán;población de 15 años o más (miles);;221,6
2013;Catalunya;con los compañeros de trabajo;de 45 a 64 años;más catalán que castellano;población de 15 años o más (miles);;211,7
2013;Catalunya;con los compañeros de trabajo;de 45 a 64 años;catalán y castellano;población de 15 años o más (miles);;195,7
2013;Catalunya;con los compañeros de trabajo;de 45 a 64 años;más castellano que catalán;población de 15 años o más (miles);;129,1
2013;Catalunya;con los compañeros de trabajo;de 45 a 64 años;solo castellano;población de 15 años o más (miles);;297,1
2013;Catalunya;con los compañeros de trabajo;de 45 a 64 años;otra lengua (o lenguas);población de 15 años o más (miles);..;null
2013;Catalunya;con los compañeros de trabajo;de 45 a 64 años;catalán y otra lengua (o lenguas);población de 15 años o más (miles);..;null
2013;Catalunya;con los compañeros de trabajo;de 45 a 64 años;castellano y otra lengua (o lenguas);población de 15 años o más (miles);;15,4
2013;Catalunya;con los compañeros de trabajo;de 45 a 64 años;otras combinaciones de lenguas;población de 15 años o más (miles);;24,0
2013;Catalunya;con los compañeros de trabajo;de 45 a 64 años;No consta;población de 15 años o más (miles);;69,6
2013;Catalunya;con los compañeros de trabajo;de 45 a 64 años;total;población de 15 años o más (miles);;1174,3
2013;Catalunya;con los compañeros de trabajo;65 años o más;solo catalán;población de 15 años o más (miles);;10,5
2013;Catalunya;con los compañeros de trabajo;65 años o más;más catalán que castellano;población de 15 años o más (miles);..;null
2013;Catalunya;con los compañeros de trabajo;65 años o más;catalán y castellano;población de 15 años o más (miles);..;null
2013;Catalunya;con los compañeros de trabajo;65 años o más;más castellano que catalán;población de 15 años o más (miles);..;null
2013;Catalunya;con los compañeros de trabajo;65 años o más;solo castellano;población de 15 años o más (miles);;22,6
2013;Catalunya;con los compañeros de trabajo;65 años o más;otra lengua (o lenguas);población de 15 años o más (miles);..;null
2013;Catalunya;con los compañeros de trabajo;65 años o más;catalán y otra lengua (o lenguas);población de 15 años o más (miles);..;null
2013;Catalunya;con los compañeros de trabajo;65 años o más;castellano y otra lengua (o lenguas);población de 15 años o más (miles);..;null
2013;Catalunya;con los compañeros de trabajo;65 años o más;otras combinaciones de lenguas;población de 15 años o más (miles);..;null
2013;Catalunya;con los compañeros de trabajo;65 años o más;No consta;población de 15 años o más (miles);..;null
2013;Catalunya;con los compañeros de trabajo;65 años o más;total;población de 15 años o más (miles);;66,7
2013;Catalunya;con los compañeros de trabajo;total;solo catalán;población de 15 años o más (miles);;492,4
2013;Catalunya;con los compañeros de trabajo;total;más catalán que castellano;población de 15 años o más (miles);;482,6
2013;Catalunya;con los compañeros de trabajo;total;catalán y castellano;población de 15 años o más (miles);;505,6
2013;Catalunya;con los compañeros de trabajo;total;más castellano que catalán;población de 15 años o más (miles);;399,8
2013;Catalunya;con los compañeros de trabajo;total;solo castellano;población de 15 años o más (miles);;769,7
2013;Catalunya;con los compañeros de trabajo;total;otra lengua (o lenguas);población de 15 años o más (miles);;27,2
2013;Catalunya;con los compañeros de trabajo;total;catalán y otra lengua (o lenguas);población de 15 años o más (miles);..;null
2013;Catalunya;con los compañeros de trabajo;total;castellano y otra lengua (o lenguas);población de 15 años o más (miles);;59,2
2013;Catalunya;con los compañeros de trabajo;total;otras combinaciones de lenguas;población de 15 años o más (miles);;75,1
2013;Catalunya;con los compañeros de trabajo;total;No consta;población de 15 años o más (miles);;140,6
2013;Catalunya;con los compañeros de trabajo;total;total;población de 15 años o más (miles);;2956,3
2013;Catalunya;con usuarios o clientes de Cataluña;de 15 a 29 años;solo catalán;población de 15 años o más (miles);;46,3
2013;Catalunya;con usuarios o clientes de Cataluña;de 15 a 29 años;más catalán que castellano;población de 15 años o más (miles);;85,6
2013;Catalunya;con usuarios o clientes de Cataluña;de 15 a 29 años;catalán y castellano;población de 15 años o más (miles);;94,1
2013;Catalunya;con usuarios o clientes de Cataluña;de 15 a 29 años;más castellano que catalán;población de 15 años o más (miles);;43,1
2013;Catalunya;con usuarios o clientes de Cataluña;de 15 a 29 años;solo castellano;población de 15 años o más (miles);;50,9
2013;Catalunya;con usuarios o clientes de Cataluña;de 15 a 29 años;otra lengua (o lenguas);población de 15 años o más (miles);..;null
2013;Catalunya;con usuarios o clientes de Cataluña;de 15 a 29 años;catalán y otra lengua (o lenguas);población de 15 años o más (miles);..;null
2013;Catalunya;con usuarios o clientes de Cataluña;de 15 a 29 años;castellano y otra lengua (o lenguas);población de 15 años o más (miles);..;null
2013;Catalunya;con usuarios o clientes de Cataluña;de 15 a 29 años;otras combinaciones de lenguas;población de 15 años o más (miles);..;null
2013;Catalunya;con usuarios o clientes de Cataluña;de 15 a 29 años;No consta;población de 15 años o más (miles);..;null
2013;Catalunya;con usuarios o clientes de Cataluña;de 15 a 29 años;total;población de 15 años o más (miles);;346,9
2013;Catalunya;con usuarios o clientes de Cataluña;de 30 a 44 años;solo catalán;población de 15 años o más (miles);;143,7
2013;Catalunya;con usuarios o clientes de Cataluña;de 30 a 44 años;más catalán que castellano;población de 15 años o más (miles);;327,2
2013;Catalunya;con usuarios o clientes de Cataluña;de 30 a 44 años;catalán y castellano;población de 15 años o más (miles);;292,0
2013;Catalunya;con usuarios o clientes de Cataluña;de 30 a 44 años;más castellano que catalán;población de 15 años o más (miles);;171,0
2013;Catalunya;con usuarios o clientes de Cataluña;de 30 a 44 años;solo castellano;población de 15 años o más (miles);;206,0
2013;Catalunya;con usuarios o clientes de Cataluña;de 30 a 44 años;otra lengua (o lenguas);población de 15 años o más (miles);..;null
2013;Catalunya;con usuarios o clientes de Cataluña;de 30 a 44 años;catalán y otra lengua (o lenguas);población de 15 años o más (miles);..;null
2013;Catalunya;con usuarios o clientes de Cataluña;de 30 a 44 años;castellano y otra lengua (o lenguas);población de 15 años o más (miles);;27,0
2013;Catalunya;con usuarios o clientes de Cataluña;de 30 a 44 años;otras combinaciones de lenguas;población de 15 años o más (miles);;28,2
2013;Catalunya;con usuarios o clientes de Cataluña;de 30 a 44 años;No consta;población de 15 años o más (miles);..;null
2013;Catalunya;con usuarios o clientes de Cataluña;de 30 a 44 años;total;población de 15 años o más (miles);;1209,6
2013;Catalunya;con usuarios o clientes de Cataluña;de 45 a 64 años;solo catalán;población de 15 años o más (miles);;142,0
2013;Catalunya;con usuarios o clientes de Cataluña;de 45 a 64 años;más catalán que castellano;población de 15 años o más (miles);;305,7
2013;Catalunya;con usuarios o clientes de Cataluña;de 45 a 64 años;catalán y castellano;población de 15 años o más (miles);;241,7
2013;Catalunya;con usuarios o clientes de Cataluña;de 45 a 64 años;más castellano que catalán;población de 15 años o más (miles);;123,4
2013;Catalunya;con usuarios o clientes de Cataluña;de 45 a 64 años;solo castellano;población de 15 años o más (miles);;220,0
2013;Catalunya;con usuarios o clientes de Cataluña;de 45 a 64 años;otra lengua (o lenguas);población de 15 años o más (miles);..;null
2013;Catalunya;con usuarios o clientes de Cataluña;de 45 a 64 años;catalán y otra lengua (o lenguas);población de 15 años o más (miles);..;null
2013;Catalunya;con usuarios o clientes de Cataluña;de 45 a 64 años;castellano y otra lengua (o lenguas);población de 15 años o más (miles);..;null
2013;Catalunya;con usuarios o clientes de Cataluña;de 45 a 64 años;otras combinaciones de lenguas;población de 15 años o más (miles);;18,4
2013;Catalunya;con usuarios o clientes de Cataluña;de 45 a 64 años;No consta;población de 15 años o más (miles);..;null
2013;Catalunya;con usuarios o clientes de Cataluña;de 45 a 64 años;total;población de 15 años o más (miles);;1079,8
2013;Catalunya;con usuarios o clientes de Cataluña;65 años o más;solo catalán;población de 15 años o más (miles);..;null
2013;Catalunya;con usuarios o clientes de Cataluña;65 años o más;más catalán que castellano;población de 15 años o más (miles);;17,8
2013;Catalunya;con usuarios o clientes de Cataluña;65 años o más;catalán y castellano;población de 15 años o más (miles);..;null
2013;Catalunya;con usuarios o clientes de Cataluña;65 años o más;más castellano que catalán;población de 15 años o más (miles);..;null
2013;Catalunya;con usuarios o clientes de Cataluña;65 años o más;solo castellano;población de 15 años o más (miles);..;null
2013;Catalunya;con usuarios o clientes de Cataluña;65 años o más;otra lengua (o lenguas);población de 15 años o más (miles);..;null
2013;Catalunya;con usuarios o clientes de Cataluña;65 años o más;catalán y otra lengua (o lenguas);población de 15 años o más (miles);..;null
2013;Catalunya;con usuarios o clientes de Cataluña;65 años o más;castellano y otra lengua (o lenguas);población de 15 años o más (miles);..;null
2013;Catalunya;con usuarios o clientes de Cataluña;65 años o más;otras combinaciones de lenguas;población de 15 años o más (miles);..;null
2013;Catalunya;con usuarios o clientes de Cataluña;65 años o más;No consta;población de 15 años o más (miles);..;null
2013;Catalunya;con usuarios o clientes de Cataluña;65 años o más;total;población de 15 años o más (miles);;61,6
2013;Catalunya;con usuarios o clientes de Cataluña;total;solo catalán;población de 15 años o más (miles);;340,1
2013;Catalunya;con usuarios o clientes de Cataluña;total;más catalán que castellano;población de 15 años o más (miles);;736,4
2013;Catalunya;con usuarios o clientes de Cataluña;total;catalán y castellano;población de 15 años o más (miles);;640,3
2013;Catalunya;con usuarios o clientes de Cataluña;total;más castellano que catalán;población de 15 años o más (miles);;341,5
2013;Catalunya;con usuarios o clientes de Cataluña;total;solo castellano;población de 15 años o más (miles);;495,1
2013;Catalunya;con usuarios o clientes de Cataluña;total;otra lengua (o lenguas);población de 15 años o más (miles);;17,4
2013;Catalunya;con usuarios o clientes de Cataluña;total;catalán y otra lengua (o lenguas);población de 15 años o más (miles);;11,3
2013;Catalunya;con usuarios o clientes de Cataluña;total;castellano y otra lengua (o lenguas);población de 15 años o más (miles);;46,2
2013;Catalunya;con usuarios o clientes de Cataluña;total;otras combinaciones de lenguas;población de 15 años o más (miles);;61,8
2013;Catalunya;con usuarios o clientes de Cataluña;total;No consta;población de 15 años o más (miles);..;null
2013;Catalunya;con usuarios o clientes de Cataluña;total;total;población de 15 años o más (miles);;2698,0
2013;Catalunya;con los compañeros de deporte;de 15 a 29 años;solo catalán;población de 15 años o más (miles);..;null
2013;Catalunya;con los compañeros de deporte;de 15 a 29 años;más catalán que castellano;población de 15 años o más (miles);..;null
2013;Catalunya;con los compañeros de deporte;de 15 a 29 años;catalán y castellano;población de 15 años o más (miles);..;null
2013;Catalunya;con los compañeros de deporte;de 15 a 29 años;más castellano que catalán;población de 15 años o más (miles);..;null
2013;Catalunya;con los compañeros de deporte;de 15 a 29 años;solo castellano;población de 15 años o más (miles);..;null
2013;Catalunya;con los compañeros de deporte;de 15 a 29 años;otra lengua (o lenguas);población de 15 años o más (miles);..;null
2013;Catalunya;con los compañeros de deporte;de 15 a 29 años;catalán y otra lengua (o lenguas);población de 15 años o más (miles);..;null
2013;Catalunya;con los compañeros de deporte;de 15 a 29 años;castellano y otra lengua (o lenguas);población de 15 años o más (miles);..;null
2013;Catalunya;con los compañeros de deporte;de 15 a 29 años;otras combinaciones de lenguas;población de 15 años o más (miles);..;null
2013;Catalunya;con los compañeros de deporte;de 15 a 29 años;No consta;población de 15 años o más (miles);..;null
2013;Catalunya;con los compañeros de deporte;de 15 a 29 años;total;población de 15 años o más (miles);..;null
2013;Catalunya;con los compañeros de deporte;de 30 a 44 años;solo catalán;población de 15 años o más (miles);..;null
2013;Catalunya;con los compañeros de deporte;de 30 a 44 años;más catalán que castellano;población de 15 años o más (miles);..;null
2013;Catalunya;con los compañeros de deporte;de 30 a 44 años;catalán y castellano;población de 15 años o más (miles);..;null
2013;Catalunya;con los compañeros de deporte;de 30 a 44 años;más castellano que catalán;población de 15 años o más (miles);..;null
2013;Catalunya;con los compañeros de deporte;de 30 a 44 años;solo castellano;población de 15 años o más (miles);..;null
2013;Catalunya;con los compañeros de deporte;de 30 a 44 años;otra lengua (o lenguas);población de 15 años o más (miles);..;null
2013;Catalunya;con los compañeros de deporte;de 30 a 44 años;catalán y otra lengua (o lenguas);población de 15 años o más (miles);..;null
2013;Catalunya;con los compañeros de deporte;de 30 a 44 años;castellano y otra lengua (o lenguas);población de 15 años o más (miles);..;null
2013;Catalunya;con los compañeros de deporte;de 30 a 44 años;otras combinaciones de lenguas;población de 15 años o más (miles);..;null
2013;Catalunya;con los compañeros de deporte;de 30 a 44 años;No consta;población de 15 años o más (miles);..;null
2013;Catalunya;con los compañeros de deporte;de 30 a 44 años;total;población de 15 años o más (miles);..;null
2013;Catalunya;con los compañeros de deporte;de 45 a 64 años;solo catalán;población de 15 años o más (miles);..;null
2013;Catalunya;con los compañeros de deporte;de 45 a 64 años;más catalán que castellano;población de 15 años o más (miles);..;null
2013;Catalunya;con los compañeros de deporte;de 45 a 64 años;catalán y castellano;población de 15 años o más (miles);..;null
2013;Catalunya;con los compañeros de deporte;de 45 a 64 años;más castellano que catalán;población de 15 años o más (miles);..;null
2013;Catalunya;con los compañeros de deporte;de 45 a 64 años;solo castellano;población de 15 años o más (miles);..;null
2013;Catalunya;con los compañeros de deporte;de 45 a 64 años;otra lengua (o lenguas);población de 15 años o más (miles);..;null
2013;Catalunya;con los compañeros de deporte;de 45 a 64 años;catalán y otra lengua (o lenguas);población de 15 años o más (miles);..;null
2013;Catalunya;con los compañeros de deporte;de 45 a 64 años;castellano y otra lengua (o lenguas);población de 15 años o más (miles);..;null
2013;Catalunya;con los compañeros de deporte;de 45 a 64 años;otras combinaciones de lenguas;población de 15 años o más (miles);..;null
2013;Catalunya;con los compañeros de deporte;de 45 a 64 años;No consta;población de 15 años o más (miles);..;null
2013;Catalunya;con los compañeros de deporte;de 45 a 64 años;total;población de 15 años o más (miles);..;null
2013;Catalunya;con los compañeros de deporte;65 años o más;solo catalán;población de 15 años o más (miles);..;null
2013;Catalunya;con los compañeros de deporte;65 años o más;más catalán que castellano;población de 15 años o más (miles);..;null
2013;Catalunya;con los compañeros de deporte;65 años o más;catalán y castellano;población de 15 años o más (miles);..;null
2013;Catalunya;con los compañeros de deporte;65 años o más;más castellano que catalán;población de 15 años o más (miles);..;null
2013;Catalunya;con los compañeros de deporte;65 años o más;solo castellano;población de 15 años o más (miles);..;null
2013;Catalunya;con los compañeros de deporte;65 años o más;otra lengua (o lenguas);población de 15 años o más (miles);..;null
2013;Catalunya;con los compañeros de deporte;65 años o más;catalán y otra lengua (o lenguas);población de 15 años o más (miles);..;null
2013;Catalunya;con los compañeros de deporte;65 años o más;castellano y otra lengua (o lenguas);población de 15 años o más (miles);..;null
2013;Catalunya;con los compañeros de deporte;65 años o más;otras combinaciones de lenguas;población de 15 años o más (miles);..;null
2013;Catalunya;con los compañeros de deporte;65 años o más;No consta;población de 15 años o más (miles);..;null
2013;Catalunya;con los compañeros de deporte;65 años o más;total;población de 15 años o más (miles);..;null
2013;Catalunya;con los compañeros de deporte;total;solo catalán;población de 15 años o más (miles);..;null
2013;Catalunya;con los compañeros de deporte;total;más catalán que castellano;población de 15 años o más (miles);..;null
2013;Catalunya;con los compañeros de deporte;total;catalán y castellano;población de 15 años o más (miles);..;null
2013;Catalunya;con los compañeros de deporte;total;más castellano que catalán;población de 15 años o más (miles);..;null
2013;Catalunya;con los compañeros de deporte;total;solo castellano;población de 15 años o más (miles);..;null
2013;Catalunya;con los compañeros de deporte;total;otra lengua (o lenguas);población de 15 años o más (miles);..;null
2013;Catalunya;con los compañeros de deporte;total;catalán y otra lengua (o lenguas);población de 15 años o más (miles);..;null
2013;Catalunya;con los compañeros de deporte;total;castellano y otra lengua (o lenguas);población de 15 años o más (miles);..;null
2013;Catalunya;con los compañeros de deporte;total;otras combinaciones de lenguas;población de 15 años o más (miles);..;null
2013;Catalunya;con los compañeros de deporte;total;No consta;población de 15 años o más (miles);..;null
2013;Catalunya;con los compañeros de deporte;total;total;población de 15 años o más (miles);..;null
2013;Catalunya;en el centro de culto;de 15 a 29 años;solo catalán;población de 15 años o más (miles);..;null
2013;Catalunya;en el centro de culto;de 15 a 29 años;más catalán que castellano;población de 15 años o más (miles);..;null
2013;Catalunya;en el centro de culto;de 15 a 29 años;catalán y castellano;población de 15 años o más (miles);..;null
2013;Catalunya;en el centro de culto;de 15 a 29 años;más castellano que catalán;población de 15 años o más (miles);..;null
2013;Catalunya;en el centro de culto;de 15 a 29 años;solo castellano;población de 15 años o más (miles);..;null
2013;Catalunya;en el centro de culto;de 15 a 29 años;otra lengua (o lenguas);población de 15 años o más (miles);..;null
2013;Catalunya;en el centro de culto;de 15 a 29 años;catalán y otra lengua (o lenguas);población de 15 años o más (miles);..;null
2013;Catalunya;en el centro de culto;de 15 a 29 años;castellano y otra lengua (o lenguas);población de 15 años o más (miles);..;null
2013;Catalunya;en el centro de culto;de 15 a 29 años;otras combinaciones de lenguas;población de 15 años o más (miles);..;null
2013;Catalunya;en el centro de culto;de 15 a 29 años;No consta;población de 15 años o más (miles);..;null
2013;Catalunya;en el centro de culto;de 15 a 29 años;total;población de 15 años o más (miles);..;null
2013;Catalunya;en el centro de culto;de 30 a 44 años;solo catalán;población de 15 años o más (miles);..;null
2013;Catalunya;en el centro de culto;de 30 a 44 años;más catalán que castellano;población de 15 años o más (miles);..;null
2013;Catalunya;en el centro de culto;de 30 a 44 años;catalán y castellano;población de 15 años o más (miles);..;null
2013;Catalunya;en el centro de culto;de 30 a 44 años;más castellano que catalán;población de 15 años o más (miles);..;null
2013;Catalunya;en el centro de culto;de 30 a 44 años;solo castellano;población de 15 años o más (miles);..;null
2013;Catalunya;en el centro de culto;de 30 a 44 años;otra lengua (o lenguas);población de 15 años o más (miles);..;null
2013;Catalunya;en el centro de culto;de 30 a 44 años;catalán y otra lengua (o lenguas);población de 15 años o más (miles);..;null
2013;Catalunya;en el centro de culto;de 30 a 44 años;castellano y otra lengua (o lenguas);población de 15 años o más (miles);..;null
2013;Catalunya;en el centro de culto;de 30 a 44 años;otras combinaciones de lenguas;población de 15 años o más (miles);..;null
2013;Catalunya;en el centro de culto;de 30 a 44 años;No consta;población de 15 años o más (miles);..;null
2013;Catalunya;en el centro de culto;de 30 a 44 años;total;población de 15 años o más (miles);..;null
2013;Catalunya;en el centro de culto;de 45 a 64 años;solo catalán;población de 15 años o más (miles);..;null
2013;Catalunya;en el centro de culto;de 45 a 64 años;más catalán que castellano;población de 15 años o más (miles);..;null
2013;Catalunya;en el centro de culto;de 45 a 64 años;catalán y castellano;población de 15 años o más (miles);..;null
2013;Catalunya;en el centro de culto;de 45 a 64 años;más castellano que catalán;población de 15 años o más (miles);..;null
2013;Catalunya;en el centro de culto;de 45 a 64 años;solo castellano;población de 15 años o más (miles);..;null
2013;Catalunya;en el centro de culto;de 45 a 64 años;otra lengua (o lenguas);población de 15 años o más (miles);..;null
2013;Catalunya;en el centro de culto;de 45 a 64 años;catalán y otra lengua (o lenguas);población de 15 años o más (miles);..;null
2013;Catalunya;en el centro de culto;de 45 a 64 años;castellano y otra lengua (o lenguas);población de 15 años o más (miles);..;null
2013;Catalunya;en el centro de culto;de 45 a 64 años;otras combinaciones de lenguas;población de 15 años o más (miles);..;null
2013;Catalunya;en el centro de culto;de 45 a 64 años;No consta;población de 15 años o más (miles);..;null
2013;Catalunya;en el centro de culto;de 45 a 64 años;total;población de 15 años o más (miles);..;null
2013;Catalunya;en el centro de culto;65 años o más;solo catalán;población de 15 años o más (miles);..;null
2013;Catalunya;en el centro de culto;65 años o más;más catalán que castellano;población de 15 años o más (miles);..;null
2013;Catalunya;en el centro de culto;65 años o más;catalán y castellano;población de 15 años o más (miles);..;null
2013;Catalunya;en el centro de culto;65 años o más;más castellano que catalán;población de 15 años o más (miles);..;null
2013;Catalunya;en el centro de culto;65 años o más;solo castellano;población de 15 años o más (miles);..;null
2013;Catalunya;en el centro de culto;65 años o más;otra lengua (o lenguas);población de 15 años o más (miles);..;null
2013;Catalunya;en el centro de culto;65 años o más;catalán y otra lengua (o lenguas);población de 15 años o más (miles);..;null
2013;Catalunya;en el centro de culto;65 años o más;castellano y otra lengua (o lenguas);población de 15 años o más (miles);..;null
2013;Catalunya;en el centro de culto;65 años o más;otras combinaciones de lenguas;población de 15 años o más (miles);..;null
2013;Catalunya;en el centro de culto;65 años o más;No consta;población de 15 años o más (miles);..;null
2013;Catalunya;en el centro de culto;65 años o más;total;población de 15 años o más (miles);..;null
2013;Catalunya;en el centro de culto;total;solo catalán;población de 15 años o más (miles);..;null
2013;Catalunya;en el centro de culto;total;más catalán que castellano;población de 15 años o más (miles);..;null
2013;Catalunya;en el centro de culto;total;catalán y castellano;población de 15 años o más (miles);..;null
2013;Catalunya;en el centro de culto;total;más castellano que catalán;población de 15 años o más (miles);..;null
2013;Catalunya;en el centro de culto;total;solo castellano;población de 15 años o más (miles);..;null
2013;Catalunya;en el centro de culto;total;otra lengua (o lenguas);población de 15 años o más (miles);..;null
2013;Catalunya;en el centro de culto;total;catalán y otra lengua (o lenguas);población de 15 años o más (miles);..;null
2013;Catalunya;en el centro de culto;total;castellano y otra lengua (o lenguas);población de 15 años o más (miles);..;null
2013;Catalunya;en el centro de culto;total;otras combinaciones de lenguas;población de 15 años o más (miles);..;null
2013;Catalunya;en el centro de culto;total;No consta;población de 15 años o más (miles);..;null
2013;Catalunya;en el centro de culto;total;total;población de 15 años o más (miles);..;null
2013;Catalunya;en el pequeño comercio;de 15 a 29 años;solo catalán;población de 15 años o más (miles);;220,5
2013;Catalunya;en el pequeño comercio;de 15 a 29 años;más catalán que castellano;población de 15 años o más (miles);;225,3
2013;Catalunya;en el pequeño comercio;de 15 a 29 años;catalán y castellano;población de 15 años o más (miles);;207,3
2013;Catalunya;en el pequeño comercio;de 15 a 29 años;más castellano que catalán;población de 15 años o más (miles);;164,5
2013;Catalunya;en el pequeño comercio;de 15 a 29 años;solo castellano;población de 15 años o más (miles);;288,2
2013;Catalunya;en el pequeño comercio;de 15 a 29 años;otra lengua (o lenguas);población de 15 años o más (miles);..;null
2013;Catalunya;en el pequeño comercio;de 15 a 29 años;catalán y otra lengua (o lenguas);población de 15 años o más (miles);..;null
2013;Catalunya;en el pequeño comercio;de 15 a 29 años;castellano y otra lengua (o lenguas);población de 15 años o más (miles);..;null
2013;Catalunya;en el pequeño comercio;de 15 a 29 años;otras combinaciones de lenguas;población de 15 años o más (miles);;2,0
2013;Catalunya;en el pequeño comercio;de 15 a 29 años;No consta;población de 15 años o más (miles);..;null
2013;Catalunya;en el pequeño comercio;de 15 a 29 años;total;población de 15 años o más (miles);;1126,7
2013;Catalunya;en el pequeño comercio;de 30 a 44 años;solo catalán;población de 15 años o más (miles);;346,5
2013;Catalunya;en el pequeño comercio;de 30 a 44 años;más catalán que castellano;población de 15 años o más (miles);;329,9
2013;Catalunya;en el pequeño comercio;de 30 a 44 años;catalán y castellano;población de 15 años o más (miles);;315,5
2013;Catalunya;en el pequeño comercio;de 30 a 44 años;más castellano que catalán;población de 15 años o más (miles);;259,9
2013;Catalunya;en el pequeño comercio;de 30 a 44 años;solo castellano;población de 15 años o más (miles);;582,9
2013;Catalunya;en el pequeño comercio;de 30 a 44 años;otra lengua (o lenguas);población de 15 años o más (miles);..;null
2013;Catalunya;en el pequeño comercio;de 30 a 44 años;catalán y otra lengua (o lenguas);población de 15 años o más (miles);..;null
2013;Catalunya;en el pequeño comercio;de 30 a 44 años;castellano y otra lengua (o lenguas);población de 15 años o más (miles);;15,1
2013;Catalunya;en el pequeño comercio;de 30 a 44 años;otras combinaciones de lenguas;población de 15 años o más (miles);..;null
2013;Catalunya;en el pequeño comercio;de 30 a 44 años;No consta;población de 15 años o más (miles);..;null
2013;Catalunya;en el pequeño comercio;de 30 a 44 años;total;población de 15 años o más (miles);;1863,6
2013;Catalunya;en el pequeño comercio;de 45 a 64 años;solo catalán;población de 15 años o más (miles);;434,4
2013;Catalunya;en el pequeño comercio;de 45 a 64 años;más catalán que castellano;población de 15 años o más (miles);;349,2
2013;Catalunya;en el pequeño comercio;de 45 a 64 años;catalán y castellano;población de 15 años o más (miles);;282,3
2013;Catalunya;en el pequeño comercio;de 45 a 64 años;más castellano que catalán;población de 15 años o más (miles);;178,8
2013;Catalunya;en el pequeño comercio;de 45 a 64 años;solo castellano;población de 15 años o más (miles);;652,8
2013;Catalunya;en el pequeño comercio;de 45 a 64 años;otra lengua (o lenguas);población de 15 años o más (miles);..;null
2013;Catalunya;en el pequeño comercio;de 45 a 64 años;catalán y otra lengua (o lenguas);población de 15 años o más (miles);..;null
2013;Catalunya;en el pequeño comercio;de 45 a 64 años;castellano y otra lengua (o lenguas);población de 15 años o más (miles);;11,7
2013;Catalunya;en el pequeño comercio;de 45 a 64 años;otras combinaciones de lenguas;población de 15 años o más (miles);;1,3
2013;Catalunya;en el pequeño comercio;de 45 a 64 años;No consta;población de 15 años o más (miles);..;null
2013;Catalunya;en el pequeño comercio;de 45 a 64 años;total;población de 15 años o más (miles);;1925,2
2013;Catalunya;en el pequeño comercio;65 años o más;solo catalán;población de 15 años o más (miles);;338,4
2013;Catalunya;en el pequeño comercio;65 años o más;más catalán que castellano;población de 15 años o más (miles);;199,8
2013;Catalunya;en el pequeño comercio;65 años o más;catalán y castellano;población de 15 años o más (miles);;127,5
2013;Catalunya;en el pequeño comercio;65 años o más;más castellano que catalán;población de 15 años o más (miles);;76,6
2013;Catalunya;en el pequeño comercio;65 años o más;solo castellano;población de 15 años o más (miles);;549,8
2013;Catalunya;en el pequeño comercio;65 años o más;otra lengua (o lenguas);población de 15 años o más (miles);..;null
2013;Catalunya;en el pequeño comercio;65 años o más;catalán y otra lengua (o lenguas);población de 15 años o más (miles);..;null
2013;Catalunya;en el pequeño comercio;65 años o más;castellano y otra lengua (o lenguas);población de 15 años o más (miles);..;null
2013;Catalunya;en el pequeño comercio;65 años o más;otras combinaciones de lenguas;población de 15 años o más (miles);..;null
2013;Catalunya;en el pequeño comercio;65 años o más;No consta;población de 15 años o más (miles);;38,1
2013;Catalunya;en el pequeño comercio;65 años o más;total;población de 15 años o más (miles);;1338,4
2013;Catalunya;en el pequeño comercio;total;solo catalán;población de 15 años o más (miles);;1339,8
2013;Catalunya;en el pequeño comercio;total;más catalán que castellano;población de 15 años o más (miles);;1104,3
2013;Catalunya;en el pequeño comercio;total;catalán y castellano;población de 15 años o más (miles);;932,6
2013;Catalunya;en el pequeño comercio;total;más castellano que catalán;población de 15 años o más (miles);;679,8
2013;Catalunya;en el pequeño comercio;total;solo castellano;población de 15 años o más (miles);;2073,6
2013;Catalunya;en el pequeño comercio;total;otra lengua (o lenguas);población de 15 años o más (miles);;12,9
2013;Catalunya;en el pequeño comercio;total;catalán y otra lengua (o lenguas);población de 15 años o más (miles);..;null
2013;Catalunya;en el pequeño comercio;total;castellano y otra lengua (o lenguas);población de 15 años o más (miles);;37,5
2013;Catalunya;en el pequeño comercio;total;otras combinaciones de lenguas;población de 15 años o más (miles);;9,7
2013;Catalunya;en el pequeño comercio;total;No consta;población de 15 años o más (miles);;62,5
2013;Catalunya;en el pequeño comercio;total;total;población de 15 años o más (miles);;6253,8
2013;Catalunya;en el gran comercio;de 15 a 29 años;solo catalán;población de 15 años o más (miles);;176,9
2013;Catalunya;en el gran comercio;de 15 a 29 años;más catalán que castellano;población de 15 años o más (miles);;191,9
2013;Catalunya;en el gran comercio;de 15 a 29 años;catalán y castellano;población de 15 años o más (miles);;216,0
2013;Catalunya;en el gran comercio;de 15 a 29 años;más castellano que catalán;población de 15 años o más (miles);;184,2
2013;Catalunya;en el gran comercio;de 15 a 29 años;solo castellano;población de 15 años o más (miles);;345,2
2013;Catalunya;en el gran comercio;de 15 a 29 años;otra lengua (o lenguas);población de 15 años o más (miles);..;null
2013;Catalunya;en el gran comercio;de 15 a 29 años;catalán y otra lengua (o lenguas);población de 15 años o más (miles);..;null
2013;Catalunya;en el gran comercio;de 15 a 29 años;castellano y otra lengua (o lenguas);población de 15 años o más (miles);..;null
2013;Catalunya;en el gran comercio;de 15 a 29 años;otras combinaciones de lenguas;población de 15 años o más (miles);..;null
2013;Catalunya;en el gran comercio;de 15 a 29 años;No consta;población de 15 años o más (miles);..;null
2013;Catalunya;en el gran comercio;de 15 a 29 años;total;población de 15 años o más (miles);;1126,7
2013;Catalunya;en el gran comercio;de 30 a 44 años;solo catalán;población de 15 años o más (miles);;281,7
2013;Catalunya;en el gran comercio;de 30 a 44 años;más catalán que castellano;población de 15 años o más (miles);;296,0
2013;Catalunya;en el gran comercio;de 30 a 44 años;catalán y castellano;población de 15 años o más (miles);;312,3
2013;Catalunya;en el gran comercio;de 30 a 44 años;más castellano que catalán;población de 15 años o más (miles);;318,4
2013;Catalunya;en el gran comercio;de 30 a 44 años;solo castellano;población de 15 años o más (miles);;636,4
2013;Catalunya;en el gran comercio;de 30 a 44 años;otra lengua (o lenguas);población de 15 años o más (miles);..;null
2013;Catalunya;en el gran comercio;de 30 a 44 años;catalán y otra lengua (o lenguas);población de 15 años o más (miles);..;null
2013;Catalunya;en el gran comercio;de 30 a 44 años;castellano y otra lengua (o lenguas);población de 15 años o más (miles);..;null
2013;Catalunya;en el gran comercio;de 30 a 44 años;otras combinaciones de lenguas;población de 15 años o más (miles);..;null
2013;Catalunya;en el gran comercio;de 30 a 44 años;No consta;población de 15 años o más (miles);..;null
2013;Catalunya;en el gran comercio;de 30 a 44 años;total;población de 15 años o más (miles);;1863,6
2013;Catalunya;en el gran comercio;de 45 a 64 años;solo catalán;población de 15 años o más (miles);;376,3
2013;Catalunya;en el gran comercio;de 45 a 64 años;más catalán que castellano;población de 15 años o más (miles);;303,5
2013;Catalunya;en el gran comercio;de 45 a 64 años;catalán y castellano;población de 15 años o más (miles);;295,4
2013;Catalunya;en el gran comercio;de 45 a 64 años;más castellano que catalán;población de 15 años o más (miles);;215,1
2013;Catalunya;en el gran comercio;de 45 a 64 años;solo castellano;población de 15 años o más (miles);;706,7
2013;Catalunya;en el gran comercio;de 45 a 64 años;otra lengua (o lenguas);población de 15 años o más (miles);..;null
2013;Catalunya;en el gran comercio;de 45 a 64 años;catalán y otra lengua (o lenguas);población de 15 años o más (miles);..;null
2013;Catalunya;en el gran comercio;de 45 a 64 años;castellano y otra lengua (o lenguas);población de 15 años o más (miles);..;null
2013;Catalunya;en el gran comercio;de 45 a 64 años;otras combinaciones de lenguas;población de 15 años o más (miles);;0,4
2013;Catalunya;en el gran comercio;de 45 a 64 años;No consta;población de 15 años o más (miles);;25,8
2013;Catalunya;en el gran comercio;de 45 a 64 años;total;población de 15 años o más (miles);;1925,2
2013;Catalunya;en el gran comercio;65 años o más;solo catalán;población de 15 años o más (miles);;281,5
2013;Catalunya;en el gran comercio;65 años o más;más catalán que castellano;población de 15 años o más (miles);;193,2
2013;Catalunya;en el gran comercio;65 años o más;catalán y castellano;población de 15 años o más (miles);;133,1
2013;Catalunya;en el gran comercio;65 años o más;más castellano que catalán;población de 15 años o más (miles);;85,9
2013;Catalunya;en el gran comercio;65 años o más;solo castellano;población de 15 años o más (miles);;556,5
2013;Catalunya;en el gran comercio;65 años o más;otra lengua (o lenguas);población de 15 años o más (miles);..;null
2013;Catalunya;en el gran comercio;65 años o más;catalán y otra lengua (o lenguas);población de 15 años o más (miles);..;null
2013;Catalunya;en el gran comercio;65 años o más;castellano y otra lengua (o lenguas);población de 15 años o más (miles);..;null
2013;Catalunya;en el gran comercio;65 años o más;otras combinaciones de lenguas;población de 15 años o más (miles);..;null
2013;Catalunya;en el gran comercio;65 años o más;No consta;población de 15 años o más (miles);;80,9
2013;Catalunya;en el gran comercio;65 años o más;total;población de 15 años o más (miles);;1338,4
2013;Catalunya;en el gran comercio;total;solo catalán;población de 15 años o más (miles);;1116,4
2013;Catalunya;en el gran comercio;total;más catalán que castellano;población de 15 años o más (miles);;984,6
2013;Catalunya;en el gran comercio;total;catalán y castellano;población de 15 años o más (miles);;956,8
2013;Catalunya;en el gran comercio;total;más castellano que catalán;población de 15 años o más (miles);;803,6
2013;Catalunya;en el gran comercio;total;solo castellano;población de 15 años o más (miles);;2244,7
2013;Catalunya;en el gran comercio;total;otra lengua (o lenguas);población de 15 años o más (miles);..;null
2013;Catalunya;en el gran comercio;total;catalán y otra lengua (o lenguas);población de 15 años o más (miles);..;null
2013;Catalunya;en el gran comercio;total;castellano y otra lengua (o lenguas);población de 15 años o más (miles);;6,4
2013;Catalunya;en el gran comercio;total;otras combinaciones de lenguas;población de 15 años o más (miles);;5,7
2013;Catalunya;en el gran comercio;total;No consta;población de 15 años o más (miles);;120,8
2013;Catalunya;en el gran comercio;total;total;población de 15 años o más (miles);;6253,8
2013;Catalunya;en la entidad financiera;de 15 a 29 años;solo catalán;población de 15 años o más (miles);;329,3
2013;Catalunya;en la entidad financiera;de 15 a 29 años;más catalán que castellano;población de 15 años o más (miles);;148,3
2013;Catalunya;en la entidad financiera;de 15 a 29 años;catalán y castellano;población de 15 años o más (miles);;161,0
2013;Catalunya;en la entidad financiera;de 15 a 29 años;más castellano que catalán;población de 15 años o más (miles);;114,8
2013;Catalunya;en la entidad financiera;de 15 a 29 años;solo castellano;población de 15 años o más (miles);;305,5
2013;Catalunya;en la entidad financiera;de 15 a 29 años;otra lengua (o lenguas);población de 15 años o más (miles);..;null
2013;Catalunya;en la entidad financiera;de 15 a 29 años;catalán y otra lengua (o lenguas);población de 15 años o más (miles);..;null
2013;Catalunya;en la entidad financiera;de 15 a 29 años;castellano y otra lengua (o lenguas);población de 15 años o más (miles);..;null
2013;Catalunya;en la entidad financiera;de 15 a 29 años;otras combinaciones de lenguas;población de 15 años o más (miles);..;null
2013;Catalunya;en la entidad financiera;de 15 a 29 años;No consta;población de 15 años o más (miles);;62,7
2013;Catalunya;en la entidad financiera;de 15 a 29 años;total;población de 15 años o más (miles);;1126,7
2013;Catalunya;en la entidad financiera;de 30 a 44 años;solo catalán;población de 15 años o más (miles);;511,8
2013;Catalunya;en la entidad financiera;de 30 a 44 años;más catalán que castellano;población de 15 años o más (miles);;237,0
2013;Catalunya;en la entidad financiera;de 30 a 44 años;catalán y castellano;población de 15 años o más (miles);;247,0
2013;Catalunya;en la entidad financiera;de 30 a 44 años;más castellano que catalán;población de 15 años o más (miles);;194,1
2013;Catalunya;en la entidad financiera;de 30 a 44 años;solo castellano;población de 15 años o más (miles);;646,6
2013;Catalunya;en la entidad financiera;de 30 a 44 años;otra lengua (o lenguas);población de 15 años o más (miles);..;null
2013;Catalunya;en la entidad financiera;de 30 a 44 años;catalán y otra lengua (o lenguas);población de 15 años o más (miles);..;null
2013;Catalunya;en la entidad financiera;de 30 a 44 años;castellano y otra lengua (o lenguas);población de 15 años o más (miles);..;null
2013;Catalunya;en la entidad financiera;de 30 a 44 años;otras combinaciones de lenguas;población de 15 años o más (miles);..;null
2013;Catalunya;en la entidad financiera;de 30 a 44 años;No consta;población de 15 años o más (miles);;17,4
2013;Catalunya;en la entidad financiera;de 30 a 44 años;total;población de 15 años o más (miles);;1863,6
2013;Catalunya;en la entidad financiera;de 45 a 64 años;solo catalán;población de 15 años o más (miles);;620,4
2013;Catalunya;en la entidad financiera;de 45 a 64 años;más catalán que castellano;población de 15 años o más (miles);;230,9
2013;Catalunya;en la entidad financiera;de 45 a 64 años;catalán y castellano;población de 15 años o más (miles);;209,7
2013;Catalunya;en la entidad financiera;de 45 a 64 años;más castellano que catalán;población de 15 años o más (miles);;128,9
2013;Catalunya;en la entidad financiera;de 45 a 64 años;solo castellano;población de 15 años o más (miles);;707,8
2013;Catalunya;en la entidad financiera;de 45 a 64 años;otra lengua (o lenguas);población de 15 años o más (miles);..;null
2013;Catalunya;en la entidad financiera;de 45 a 64 años;catalán y otra lengua (o lenguas);población de 15 años o más (miles);..;null
2013;Catalunya;en la entidad financiera;de 45 a 64 años;castellano y otra lengua (o lenguas);población de 15 años o más (miles);..;null
2013;Catalunya;en la entidad financiera;de 45 a 64 años;otras combinaciones de lenguas;población de 15 años o más (miles);..;null
2013;Catalunya;en la entidad financiera;de 45 a 64 años;No consta;población de 15 años o más (miles);;25,5
2013;Catalunya;en la entidad financiera;de 45 a 64 años;total;población de 15 años o más (miles);;1925,2
2013;Catalunya;en la entidad financiera;65 años o más;solo catalán;población de 15 años o más (miles);;457,3
2013;Catalunya;en la entidad financiera;65 años o más;más catalán que castellano;población de 15 años o más (miles);;106,1
2013;Catalunya;en la entidad financiera;65 años o más;catalán y castellano;población de 15 años o más (miles);;99,8
2013;Catalunya;en la entidad financiera;65 años o más;más castellano que catalán;población de 15 años o más (miles);;47,6
2013;Catalunya;en la entidad financiera;65 años o más;solo castellano;población de 15 años o más (miles);;560,6
2013;Catalunya;en la entidad financiera;65 años o más;otra lengua (o lenguas);población de 15 años o más (miles);..;null
2013;Catalunya;en la entidad financiera;65 años o más;catalán y otra lengua (o lenguas);población de 15 años o más (miles);..;null
2013;Catalunya;en la entidad financiera;65 años o más;castellano y otra lengua (o lenguas);población de 15 años o más (miles);..;null
2013;Catalunya;en la entidad financiera;65 años o más;otras combinaciones de lenguas;población de 15 años o más (miles);..;null
2013;Catalunya;en la entidad financiera;65 años o más;No consta;población de 15 años o más (miles);;61,2
2013;Catalunya;en la entidad financiera;65 años o más;total;población de 15 años o más (miles);;1338,4
2013;Catalunya;en la entidad financiera;total;solo catalán;población de 15 años o más (miles);;1918,8
2013;Catalunya;en la entidad financiera;total;más catalán que castellano;población de 15 años o más (miles);;722,2
2013;Catalunya;en la entidad financiera;total;catalán y castellano;población de 15 años o más (miles);;717,4
2013;Catalunya;en la entidad financiera;total;más castellano que catalán;población de 15 años o más (miles);;485,5
2013;Catalunya;en la entidad financiera;total;solo castellano;población de 15 años o más (miles);;2220,5
2013;Catalunya;en la entidad financiera;total;otra lengua (o lenguas);población de 15 años o más (miles);;9,9
2013;Catalunya;en la entidad financiera;total;catalán y otra lengua (o lenguas);población de 15 años o más (miles);;1,7
2013;Catalunya;en la entidad financiera;total;castellano y otra lengua (o lenguas);población de 15 años o más (miles);;8,0
2013;Catalunya;en la entidad financiera;total;otras combinaciones de lenguas;población de 15 años o más (miles);;2,8
2013;Catalunya;en la entidad financiera;total;No consta;población de 15 años o más (miles);;166,7
2013;Catalunya;en la entidad financiera;total;total;población de 15 años o más (miles);;6253,8
2013;Catalunya;con el personal de un restaurante o bar;de 15 a 29 años;solo catalán;población de 15 años o más (miles);..;null
2013;Catalunya;con el personal de un restaurante o bar;de 15 a 29 años;más catalán que castellano;población de 15 años o más (miles);..;null
2013;Catalunya;con el personal de un restaurante o bar;de 15 a 29 años;catalán y castellano;población de 15 años o más (miles);..;null
2013;Catalunya;con el personal de un restaurante o bar;de 15 a 29 años;más castellano que catalán;población de 15 años o más (miles);..;null
2013;Catalunya;con el personal de un restaurante o bar;de 15 a 29 años;solo castellano;población de 15 años o más (miles);..;null
2013;Catalunya;con el personal de un restaurante o bar;de 15 a 29 años;otra lengua (o lenguas);población de 15 años o más (miles);..;null
2013;Catalunya;con el personal de un restaurante o bar;de 15 a 29 años;catalán y otra lengua (o lenguas);población de 15 años o más (miles);..;null
2013;Catalunya;con el personal de un restaurante o bar;de 15 a 29 años;castellano y otra lengua (o lenguas);población de 15 años o más (miles);..;null
2013;Catalunya;con el personal de un restaurante o bar;de 15 a 29 años;otras combinaciones de lenguas;población de 15 años o más (miles);..;null
2013;Catalunya;con el personal de un restaurante o bar;de 15 a 29 años;No consta;población de 15 años o más (miles);..;null
2013;Catalunya;con el personal de un restaurante o bar;de 15 a 29 años;total;población de 15 años o más (miles);..;null
2013;Catalunya;con el personal de un restaurante o bar;de 30 a 44 años;solo catalán;población de 15 años o más (miles);..;null
2013;Catalunya;con el personal de un restaurante o bar;de 30 a 44 años;más catalán que castellano;población de 15 años o más (miles);..;null
2013;Catalunya;con el personal de un restaurante o bar;de 30 a 44 años;catalán y castellano;población de 15 años o más (miles);..;null
2013;Catalunya;con el personal de un restaurante o bar;de 30 a 44 años;más castellano que catalán;población de 15 años o más (miles);..;null
2013;Catalunya;con el personal de un restaurante o bar;de 30 a 44 años;solo castellano;población de 15 años o más (miles);..;null
2013;Catalunya;con el personal de un restaurante o bar;de 30 a 44 años;otra lengua (o lenguas);población de 15 años o más (miles);..;null
2013;Catalunya;con el personal de un restaurante o bar;de 30 a 44 años;catalán y otra lengua (o lenguas);población de 15 años o más (miles);..;null
2013;Catalunya;con el personal de un restaurante o bar;de 30 a 44 años;castellano y otra lengua (o lenguas);población de 15 años o más (miles);..;null
2013;Catalunya;con el personal de un restaurante o bar;de 30 a 44 años;otras combinaciones de lenguas;población de 15 años o más (miles);..;null
2013;Catalunya;con el personal de un restaurante o bar;de 30 a 44 años;No consta;población de 15 años o más (miles);..;null
2013;Catalunya;con el personal de un restaurante o bar;de 30 a 44 años;total;población de 15 años o más (miles);..;null
2013;Catalunya;con el personal de un restaurante o bar;de 45 a 64 años;solo catalán;población de 15 años o más (miles);..;null
2013;Catalunya;con el personal de un restaurante o bar;de 45 a 64 años;más catalán que castellano;población de 15 años o más (miles);..;null
2013;Catalunya;con el personal de un restaurante o bar;de 45 a 64 años;catalán y castellano;población de 15 años o más (miles);..;null
2013;Catalunya;con el personal de un restaurante o bar;de 45 a 64 años;más castellano que catalán;población de 15 años o más (miles);..;null
2013;Catalunya;con el personal de un restaurante o bar;de 45 a 64 años;solo castellano;población de 15 años o más (miles);..;null
2013;Catalunya;con el personal de un restaurante o bar;de 45 a 64 años;otra lengua (o lenguas);población de 15 años o más (miles);..;null
2013;Catalunya;con el personal de un restaurante o bar;de 45 a 64 años;catalán y otra lengua (o lenguas);población de 15 años o más (miles);..;null
2013;Catalunya;con el personal de un restaurante o bar;de 45 a 64 años;castellano y otra lengua (o lenguas);población de 15 años o más (miles);..;null
2013;Catalunya;con el personal de un restaurante o bar;de 45 a 64 años;otras combinaciones de lenguas;población de 15 años o más (miles);..;null
2013;Catalunya;con el personal de un restaurante o bar;de 45 a 64 años;No consta;población de 15 años o más (miles);..;null
2013;Catalunya;con el personal de un restaurante o bar;de 45 a 64 años;total;población de 15 años o más (miles);..;null
2013;Catalunya;con el personal de un restaurante o bar;65 años o más;solo catalán;población de 15 años o más (miles);..;null
2013;Catalunya;con el personal de un restaurante o bar;65 años o más;más catalán que castellano;población de 15 años o más (miles);..;null
2013;Catalunya;con el personal de un restaurante o bar;65 años o más;catalán y castellano;población de 15 años o más (miles);..;null
2013;Catalunya;con el personal de un restaurante o bar;65 años o más;más castellano que catalán;población de 15 años o más (miles);..;null
2013;Catalunya;con el personal de un restaurante o bar;65 años o más;solo castellano;población de 15 años o más (miles);..;null
2013;Catalunya;con el personal de un restaurante o bar;65 años o más;otra lengua (o lenguas);población de 15 años o más (miles);..;null
2013;Catalunya;con el personal de un restaurante o bar;65 años o más;catalán y otra lengua (o lenguas);población de 15 años o más (miles);..;null
2013;Catalunya;con el personal de un restaurante o bar;65 años o más;castellano y otra lengua (o lenguas);población de 15 años o más (miles);..;null
2013;Catalunya;con el personal de un restaurante o bar;65 años o más;otras combinaciones de lenguas;población de 15 años o más (miles);..;null
2013;Catalunya;con el personal de un restaurante o bar;65 años o más;No consta;población de 15 años o más (miles);..;null
2013;Catalunya;con el personal de un restaurante o bar;65 años o más;total;población de 15 años o más (miles);..;null
2013;Catalunya;con el personal de un restaurante o bar;total;solo catalán;población de 15 años o más (miles);..;null
2013;Catalunya;con el personal de un restaurante o bar;total;más catalán que castellano;población de 15 años o más (miles);..;null
2013;Catalunya;con el personal de un restaurante o bar;total;catalán y castellano;población de 15 años o más (miles);..;null
2013;Catalunya;con el personal de un restaurante o bar;total;más castellano que catalán;población de 15 años o más (miles);..;null
2013;Catalunya;con el personal de un restaurante o bar;total;solo castellano;población de 15 años o más (miles);..;null
2013;Catalunya;con el personal de un restaurante o bar;total;otra lengua (o lenguas);población de 15 años o más (miles);..;null
2013;Catalunya;con el personal de un restaurante o bar;total;catalán y otra lengua (o lenguas);población de 15 años o más (miles);..;null
2013;Catalunya;con el personal de un restaurante o bar;total;castellano y otra lengua (o lenguas);población de 15 años o más (miles);..;null
2013;Catalunya;con el personal de un restaurante o bar;total;otras combinaciones de lenguas;población de 15 años o más (miles);..;null
2013;Catalunya;con el personal de un restaurante o bar;total;No consta;población de 15 años o más (miles);..;null
2013;Catalunya;con el personal de un restaurante o bar;total;total;población de 15 años o más (miles);..;null
2013;Catalunya;con la Administración local;de 15 a 29 años;solo catalán;población de 15 años o más (miles);;436,5
2013;Catalunya;con la Administración local;de 15 a 29 años;más catalán que castellano;población de 15 años o más (miles);;130,2
2013;Catalunya;con la Administración local;de 15 a 29 años;catalán y castellano;población de 15 años o más (miles);;122,3
2013;Catalunya;con la Administración local;de 15 a 29 años;más castellano que catalán;población de 15 años o más (miles);;86,8
2013;Catalunya;con la Administración local;de 15 a 29 años;solo castellano;población de 15 años o más (miles);;235,2
2013;Catalunya;con la Administración local;de 15 a 29 años;otra lengua (o lenguas);población de 15 años o más (miles);;1,9
2013;Catalunya;con la Administración local;de 15 a 29 años;catalán y otra lengua (o lenguas);población de 15 años o más (miles);..;null
2013;Catalunya;con la Administración local;de 15 a 29 años;castellano y otra lengua (o lenguas);población de 15 años o más (miles);..;null
2013;Catalunya;con la Administración local;de 15 a 29 años;otras combinaciones de lenguas;población de 15 años o más (miles);..;null
2013;Catalunya;con la Administración local;de 15 a 29 años;No consta;población de 15 años o más (miles);;111,2
2013;Catalunya;con la Administración local;de 15 a 29 años;total;población de 15 años o más (miles);;1126,7
2013;Catalunya;con la Administración local;de 30 a 44 años;solo catalán;población de 15 años o más (miles);;668,8
2013;Catalunya;con la Administración local;de 30 a 44 años;más catalán que castellano;población de 15 años o más (miles);;238,4
2013;Catalunya;con la Administración local;de 30 a 44 años;catalán y castellano;población de 15 años o más (miles);;162,0
2013;Catalunya;con la Administración local;de 30 a 44 años;más castellano que catalán;población de 15 años o más (miles);;166,2
2013;Catalunya;con la Administración local;de 30 a 44 años;solo castellano;población de 15 años o más (miles);;587,5
2013;Catalunya;con la Administración local;de 30 a 44 años;otra lengua (o lenguas);población de 15 años o más (miles);;2,7
2013;Catalunya;con la Administración local;de 30 a 44 años;catalán y otra lengua (o lenguas);población de 15 años o más (miles);..;null
2013;Catalunya;con la Administración local;de 30 a 44 años;castellano y otra lengua (o lenguas);población de 15 años o más (miles);..;null
2013;Catalunya;con la Administración local;de 30 a 44 años;otras combinaciones de lenguas;población de 15 años o más (miles);..;null
2013;Catalunya;con la Administración local;de 30 a 44 años;No consta;población de 15 años o más (miles);;34,7
2013;Catalunya;con la Administración local;de 30 a 44 años;total;población de 15 años o más (miles);;1863,6
2013;Catalunya;con la Administración local;de 45 a 64 años;solo catalán;población de 15 años o más (miles);;756,1
2013;Catalunya;con la Administración local;de 45 a 64 años;más catalán que castellano;población de 15 años o más (miles);;192,3
2013;Catalunya;con la Administración local;de 45 a 64 años;catalán y castellano;población de 15 años o más (miles);;135,0
2013;Catalunya;con la Administración local;de 45 a 64 años;más castellano que catalán;población de 15 años o más (miles);;115,4
2013;Catalunya;con la Administración local;de 45 a 64 años;solo castellano;población de 15 años o más (miles);;679,5
2013;Catalunya;con la Administración local;de 45 a 64 años;otra lengua (o lenguas);población de 15 años o más (miles);;1,5
2013;Catalunya;con la Administración local;de 45 a 64 años;catalán y otra lengua (o lenguas);población de 15 años o más (miles);..;null
2013;Catalunya;con la Administración local;de 45 a 64 años;castellano y otra lengua (o lenguas);población de 15 años o más (miles);..;null
2013;Catalunya;con la Administración local;de 45 a 64 años;otras combinaciones de lenguas;población de 15 años o más (miles);..;null
2013;Catalunya;con la Administración local;de 45 a 64 años;No consta;población de 15 años o más (miles);;43,6
2013;Catalunya;con la Administración local;de 45 a 64 años;total;población de 15 años o más (miles);;1925,2
2013;Catalunya;con la Administración local;65 años o más;solo catalán;población de 15 años o más (miles);;483,5
2013;Catalunya;con la Administración local;65 años o más;más catalán que castellano;población de 15 años o más (miles);;91,6
2013;Catalunya;con la Administración local;65 años o más;catalán y castellano;población de 15 años o más (miles);;75,0
2013;Catalunya;con la Administración local;65 años o más;más castellano que catalán;población de 15 años o más (miles);;48,3
2013;Catalunya;con la Administración local;65 años o más;solo castellano;población de 15 años o más (miles);;510,0
2013;Catalunya;con la Administración local;65 años o más;otra lengua (o lenguas);población de 15 años o más (miles);;2,3
2013;Catalunya;con la Administración local;65 años o más;catalán y otra lengua (o lenguas);población de 15 años o más (miles);..;null
2013;Catalunya;con la Administración local;65 años o más;castellano y otra lengua (o lenguas);población de 15 años o más (miles);..;null
2013;Catalunya;con la Administración local;65 años o más;otras combinaciones de lenguas;población de 15 años o más (miles);..;null
2013;Catalunya;con la Administración local;65 años o más;No consta;población de 15 años o más (miles);;125,6
2013;Catalunya;con la Administración local;65 años o más;total;población de 15 años o más (miles);;1338,4
2013;Catalunya;con la Administración local;total;solo catalán;población de 15 años o más (miles);;2344,8
2013;Catalunya;con la Administración local;total;más catalán que castellano;población de 15 años o más (miles);;652,6
2013;Catalunya;con la Administración local;total;catalán y castellano;población de 15 años o más (miles);;494,3
2013;Catalunya;con la Administración local;total;más castellano que catalán;población de 15 años o más (miles);;416,7
2013;Catalunya;con la Administración local;total;solo castellano;población de 15 años o más (miles);;2012,1
2013;Catalunya;con la Administración local;total;otra lengua (o lenguas);población de 15 años o más (miles);;8,4
2013;Catalunya;con la Administración local;total;catalán y otra lengua (o lenguas);población de 15 años o más (miles);;3,3
2013;Catalunya;con la Administración local;total;castellano y otra lengua (o lenguas);población de 15 años o más (miles);;5,9
2013;Catalunya;con la Administración local;total;otras combinaciones de lenguas;población de 15 años o más (miles);;0,5
2013;Catalunya;con la Administración local;total;No consta;población de 15 años o más (miles);;315,2
2013;Catalunya;con la Administración local;total;total;población de 15 años o más (miles);;6253,8
2013;Catalunya;con la Administración de la Generalitat de Catalunya;de 15 a 29 años;solo catalán;población de 15 años o más (miles);;432,4
2013;Catalunya;con la Administración de la Generalitat de Catalunya;de 15 a 29 años;más catalán que castellano;población de 15 años o más (miles);;112,3
2013;Catalunya;con la Administración de la Generalitat de Catalunya;de 15 a 29 años;catalán y castellano;población de 15 años o más (miles);;102,8
2013;Catalunya;con la Administración de la Generalitat de Catalunya;de 15 a 29 años;más castellano que catalán;población de 15 años o más (miles);;80,6
2013;Catalunya;con la Administración de la Generalitat de Catalunya;de 15 a 29 años;solo castellano;población de 15 años o más (miles);;223,2
2013;Catalunya;con la Administración de la Generalitat de Catalunya;de 15 a 29 años;otra lengua (o lenguas);población de 15 años o más (miles);..;null
2013;Catalunya;con la Administración de la Generalitat de Catalunya;de 15 a 29 años;catalán y otra lengua (o lenguas);población de 15 años o más (miles);..;null
2013;Catalunya;con la Administración de la Generalitat de Catalunya;de 15 a 29 años;castellano y otra lengua (o lenguas);población de 15 años o más (miles);..;null
2013;Catalunya;con la Administración de la Generalitat de Catalunya;de 15 a 29 años;otras combinaciones de lenguas;población de 15 años o más (miles);..;null
2013;Catalunya;con la Administración de la Generalitat de Catalunya;de 15 a 29 años;No consta;población de 15 años o más (miles);;172,1
2013;Catalunya;con la Administración de la Generalitat de Catalunya;de 15 a 29 años;total;población de 15 años o más (miles);;1126,7
2013;Catalunya;con la Administración de la Generalitat de Catalunya;de 30 a 44 años;solo catalán;población de 15 años o más (miles);;685,2
2013;Catalunya;con la Administración de la Generalitat de Catalunya;de 30 a 44 años;más catalán que castellano;población de 15 años o más (miles);;206,3
2013;Catalunya;con la Administración de la Generalitat de Catalunya;de 30 a 44 años;catalán y castellano;población de 15 años o más (miles);;144,0
2013;Catalunya;con la Administración de la Generalitat de Catalunya;de 30 a 44 años;más castellano que catalán;población de 15 años o más (miles);;164,4
2013;Catalunya;con la Administración de la Generalitat de Catalunya;de 30 a 44 años;solo castellano;población de 15 años o más (miles);;546,0
2013;Catalunya;con la Administración de la Generalitat de Catalunya;de 30 a 44 años;otra lengua (o lenguas);población de 15 años o más (miles);..;null
2013;Catalunya;con la Administración de la Generalitat de Catalunya;de 30 a 44 años;catalán y otra lengua (o lenguas);población de 15 años o más (miles);..;null
2013;Catalunya;con la Administración de la Generalitat de Catalunya;de 30 a 44 años;castellano y otra lengua (o lenguas);población de 15 años o más (miles);..;null
2013;Catalunya;con la Administración de la Generalitat de Catalunya;de 30 a 44 años;otras combinaciones de lenguas;población de 15 años o más (miles);..;null
2013;Catalunya;con la Administración de la Generalitat de Catalunya;de 30 a 44 años;No consta;población de 15 años o más (miles);;115,6
2013;Catalunya;con la Administración de la Generalitat de Catalunya;de 30 a 44 años;total;población de 15 años o más (miles);;1863,6
2013;Catalunya;con la Administración de la Generalitat de Catalunya;de 45 a 64 años;solo catalán;población de 15 años o más (miles);;756,4
2013;Catalunya;con la Administración de la Generalitat de Catalunya;de 45 a 64 años;más catalán que castellano;población de 15 años o más (miles);;160,3
2013;Catalunya;con la Administración de la Generalitat de Catalunya;de 45 a 64 años;catalán y castellano;población de 15 años o más (miles);;119,5
2013;Catalunya;con la Administración de la Generalitat de Catalunya;de 45 a 64 años;más castellano que catalán;población de 15 años o más (miles);;107,2
2013;Catalunya;con la Administración de la Generalitat de Catalunya;de 45 a 64 años;solo castellano;población de 15 años o más (miles);;629,2
2013;Catalunya;con la Administración de la Generalitat de Catalunya;de 45 a 64 años;otra lengua (o lenguas);población de 15 años o más (miles);..;null
2013;Catalunya;con la Administración de la Generalitat de Catalunya;de 45 a 64 años;catalán y otra lengua (o lenguas);población de 15 años o más (miles);..;null
2013;Catalunya;con la Administración de la Generalitat de Catalunya;de 45 a 64 años;castellano y otra lengua (o lenguas);población de 15 años o más (miles);..;null
2013;Catalunya;con la Administración de la Generalitat de Catalunya;de 45 a 64 años;otras combinaciones de lenguas;población de 15 años o más (miles);..;null
2013;Catalunya;con la Administración de la Generalitat de Catalunya;de 45 a 64 años;No consta;población de 15 años o más (miles);;151,7
2013;Catalunya;con la Administración de la Generalitat de Catalunya;de 45 a 64 años;total;población de 15 años o más (miles);;1925,2
2013;Catalunya;con la Administración de la Generalitat de Catalunya;65 años o más;solo catalán;población de 15 años o más (miles);;471,7
2013;Catalunya;con la Administración de la Generalitat de Catalunya;65 años o más;más catalán que castellano;población de 15 años o más (miles);;65,5
2013;Catalunya;con la Administración de la Generalitat de Catalunya;65 años o más;catalán y castellano;población de 15 años o más (miles);;58,4
2013;Catalunya;con la Administración de la Generalitat de Catalunya;65 años o más;más castellano que catalán;población de 15 años o más (miles);;42,0
2013;Catalunya;con la Administración de la Generalitat de Catalunya;65 años o más;solo castellano;población de 15 años o más (miles);;467,9
2013;Catalunya;con la Administración de la Generalitat de Catalunya;65 años o más;otra lengua (o lenguas);población de 15 años o más (miles);..;null
2013;Catalunya;con la Administración de la Generalitat de Catalunya;65 años o más;catalán y otra lengua (o lenguas);población de 15 años o más (miles);..;null
2013;Catalunya;con la Administración de la Generalitat de Catalunya;65 años o más;castellano y otra lengua (o lenguas);población de 15 años o más (miles);..;null
2013;Catalunya;con la Administración de la Generalitat de Catalunya;65 años o más;otras combinaciones de lenguas;población de 15 años o más (miles);..;null
2013;Catalunya;con la Administración de la Generalitat de Catalunya;65 años o más;No consta;población de 15 años o más (miles);;228,8
2013;Catalunya;con la Administración de la Generalitat de Catalunya;65 años o más;total;población de 15 años o más (miles);;1338,4
2013;Catalunya;con la Administración de la Generalitat de Catalunya;total;solo catalán;población de 15 años o más (miles);;2345,7
2013;Catalunya;con la Administración de la Generalitat de Catalunya;total;más catalán que castellano;población de 15 años o más (miles);;544,4
2013;Catalunya;con la Administración de la Generalitat de Catalunya;total;catalán y castellano;población de 15 años o más (miles);;424,8
2013;Catalunya;con la Administración de la Generalitat de Catalunya;total;más castellano que catalán;población de 15 años o más (miles);;394,1
2013;Catalunya;con la Administración de la Generalitat de Catalunya;total;solo castellano;población de 15 años o más (miles);;1866,3
2013;Catalunya;con la Administración de la Generalitat de Catalunya;total;otra lengua (o lenguas);población de 15 años o más (miles);..;null
2013;Catalunya;con la Administración de la Generalitat de Catalunya;total;catalán y otra lengua (o lenguas);población de 15 años o más (miles);..;null
2013;Catalunya;con la Administración de la Generalitat de Catalunya;total;castellano y otra lengua (o lenguas);población de 15 años o más (miles);..;null
2013;Catalunya;con la Administración de la Generalitat de Catalunya;total;otras combinaciones de lenguas;población de 15 años o más (miles);..;null
2013;Catalunya;con la Administración de la Generalitat de Catalunya;total;No consta;población de 15 años o más (miles);;668,2
2013;Catalunya;con la Administración de la Generalitat de Catalunya;total;total;población de 15 años o más (miles);;6253,8
2013;Catalunya;con la Administración del Estado en Cataluña;de 15 a 29 años;solo catalán;población de 15 años o más (miles);;296,2
2013;Catalunya;con la Administración del Estado en Cataluña;de 15 a 29 años;más catalán que castellano;población de 15 años o más (miles);;130,7
2013;Catalunya;con la Administración del Estado en Cataluña;de 15 a 29 años;catalán y castellano;población de 15 años o más (miles);;153,1
2013;Catalunya;con la Administración del Estado en Cataluña;de 15 a 29 años;más castellano que catalán;población de 15 años o más (miles);;123,3
2013;Catalunya;con la Administración del Estado en Cataluña;de 15 a 29 años;solo castellano;población de 15 años o más (miles);;310,3
2013;Catalunya;con la Administración del Estado en Cataluña;de 15 a 29 años;otra lengua (o lenguas);población de 15 años o más (miles);..;null
2013;Catalunya;con la Administración del Estado en Cataluña;de 15 a 29 años;catalán y otra lengua (o lenguas);población de 15 años o más (miles);..;null
2013;Catalunya;con la Administración del Estado en Cataluña;de 15 a 29 años;castellano y otra lengua (o lenguas);población de 15 años o más (miles);..;null
2013;Catalunya;con la Administración del Estado en Cataluña;de 15 a 29 años;otras combinaciones de lenguas;población de 15 años o más (miles);..;null
2013;Catalunya;con la Administración del Estado en Cataluña;de 15 a 29 años;No consta;población de 15 años o más (miles);;109,1
2013;Catalunya;con la Administración del Estado en Cataluña;de 15 a 29 años;total;población de 15 años o más (miles);;1126,7
2013;Catalunya;con la Administración del Estado en Cataluña;de 30 a 44 años;solo catalán;población de 15 años o más (miles);;377,8
2013;Catalunya;con la Administración del Estado en Cataluña;de 30 a 44 años;más catalán que castellano;población de 15 años o más (miles);;278,6
2013;Catalunya;con la Administración del Estado en Cataluña;de 30 a 44 años;catalán y castellano;población de 15 años o más (miles);;217,9
2013;Catalunya;con la Administración del Estado en Cataluña;de 30 a 44 años;más castellano que catalán;población de 15 años o más (miles);;240,2
2013;Catalunya;con la Administración del Estado en Cataluña;de 30 a 44 años;solo castellano;población de 15 años o más (miles);;689,9
2013;Catalunya;con la Administración del Estado en Cataluña;de 30 a 44 años;otra lengua (o lenguas);población de 15 años o más (miles);..;null
2013;Catalunya;con la Administración del Estado en Cataluña;de 30 a 44 años;catalán y otra lengua (o lenguas);población de 15 años o más (miles);..;null
2013;Catalunya;con la Administración del Estado en Cataluña;de 30 a 44 años;castellano y otra lengua (o lenguas);población de 15 años o más (miles);..;null
2013;Catalunya;con la Administración del Estado en Cataluña;de 30 a 44 años;otras combinaciones de lenguas;población de 15 años o más (miles);..;null
2013;Catalunya;con la Administración del Estado en Cataluña;de 30 a 44 años;No consta;población de 15 años o más (miles);;55,7
2013;Catalunya;con la Administración del Estado en Cataluña;de 30 a 44 años;total;población de 15 años o más (miles);;1863,6
2013;Catalunya;con la Administración del Estado en Cataluña;de 45 a 64 años;solo catalán;población de 15 años o más (miles);;437,1
2013;Catalunya;con la Administración del Estado en Cataluña;de 45 a 64 años;más catalán que castellano;población de 15 años o más (miles);;257,2
2013;Catalunya;con la Administración del Estado en Cataluña;de 45 a 64 años;catalán y castellano;población de 15 años o más (miles);;203,5
2013;Catalunya;con la Administración del Estado en Cataluña;de 45 a 64 años;más castellano que catalán;población de 15 años o más (miles);;188,3
2013;Catalunya;con la Administración del Estado en Cataluña;de 45 a 64 años;solo castellano;población de 15 años o más (miles);;778,0
2013;Catalunya;con la Administración del Estado en Cataluña;de 45 a 64 años;otra lengua (o lenguas);población de 15 años o más (miles);..;null
2013;Catalunya;con la Administración del Estado en Cataluña;de 45 a 64 años;catalán y otra lengua (o lenguas);población de 15 años o más (miles);..;null
2013;Catalunya;con la Administración del Estado en Cataluña;de 45 a 64 años;castellano y otra lengua (o lenguas);población de 15 años o más (miles);..;null
2013;Catalunya;con la Administración del Estado en Cataluña;de 45 a 64 años;otras combinaciones de lenguas;población de 15 años o más (miles);..;null
2013;Catalunya;con la Administración del Estado en Cataluña;de 45 a 64 años;No consta;población de 15 años o más (miles);;61,0
2013;Catalunya;con la Administración del Estado en Cataluña;de 45 a 64 años;total;población de 15 años o más (miles);;1925,2
2013;Catalunya;con la Administración del Estado en Cataluña;65 años o más;solo catalán;población de 15 años o más (miles);;292,9
2013;Catalunya;con la Administración del Estado en Cataluña;65 años o más;más catalán que castellano;población de 15 años o más (miles);;146,2
2013;Catalunya;con la Administración del Estado en Cataluña;65 años o más;catalán y castellano;población de 15 años o más (miles);;110,4
2013;Catalunya;con la Administración del Estado en Cataluña;65 años o más;más castellano que catalán;población de 15 años o más (miles);;73,4
2013;Catalunya;con la Administración del Estado en Cataluña;65 años o más;solo castellano;población de 15 años o más (miles);;565,3
2013;Catalunya;con la Administración del Estado en Cataluña;65 años o más;otra lengua (o lenguas);población de 15 años o más (miles);..;null
2013;Catalunya;con la Administración del Estado en Cataluña;65 años o más;catalán y otra lengua (o lenguas);población de 15 años o más (miles);..;null
2013;Catalunya;con la Administración del Estado en Cataluña;65 años o más;castellano y otra lengua (o lenguas);población de 15 años o más (miles);..;null
2013;Catalunya;con la Administración del Estado en Cataluña;65 años o más;otras combinaciones de lenguas;población de 15 años o más (miles);..;null
2013;Catalunya;con la Administración del Estado en Cataluña;65 años o más;No consta;población de 15 años o más (miles);;146,4
2013;Catalunya;con la Administración del Estado en Cataluña;65 años o más;total;población de 15 años o más (miles);;1338,4
2013;Catalunya;con la Administración del Estado en Cataluña;total;solo catalán;población de 15 años o más (miles);;1403,9
2013;Catalunya;con la Administración del Estado en Cataluña;total;más catalán que castellano;población de 15 años o más (miles);;812,7
2013;Catalunya;con la Administración del Estado en Cataluña;total;catalán y castellano;población de 15 años o más (miles);;684,8
2013;Catalunya;con la Administración del Estado en Cataluña;total;más castellano que catalán;población de 15 años o más (miles);;625,2
2013;Catalunya;con la Administración del Estado en Cataluña;total;solo castellano;población de 15 años o más (miles);;2343,4
2013;Catalunya;con la Administración del Estado en Cataluña;total;otra lengua (o lenguas);población de 15 años o más (miles);..;null
2013;Catalunya;con la Administración del Estado en Cataluña;total;catalán y otra lengua (o lenguas);población de 15 años o más (miles);..;null
2013;Catalunya;con la Administración del Estado en Cataluña;total;castellano y otra lengua (o lenguas);población de 15 años o más (miles);..;null
2013;Catalunya;con la Administración del Estado en Cataluña;total;otras combinaciones de lenguas;población de 15 años o más (miles);..;null
2013;Catalunya;con la Administración del Estado en Cataluña;total;No consta;población de 15 años o más (miles);;372,2
2013;Catalunya;con la Administración del Estado en Cataluña;total;total;población de 15 años o más (miles);;6253,8
2013;Catalunya;con la policía local o Mossos d'Esquadra;de 15 a 29 años;solo catalán;población de 15 años o más (miles);..;null
2013;Catalunya;con la policía local o Mossos d'Esquadra;de 15 a 29 años;más catalán que castellano;población de 15 años o más (miles);..;null
2013;Catalunya;con la policía local o Mossos d'Esquadra;de 15 a 29 años;catalán y castellano;población de 15 años o más (miles);..;null
2013;Catalunya;con la policía local o Mossos d'Esquadra;de 15 a 29 años;más castellano que catalán;población de 15 años o más (miles);..;null
2013;Catalunya;con la policía local o Mossos d'Esquadra;de 15 a 29 años;solo castellano;población de 15 años o más (miles);..;null
2013;Catalunya;con la policía local o Mossos d'Esquadra;de 15 a 29 años;otra lengua (o lenguas);población de 15 años o más (miles);..;null
2013;Catalunya;con la policía local o Mossos d'Esquadra;de 15 a 29 años;catalán y otra lengua (o lenguas);población de 15 años o más (miles);..;null
2013;Catalunya;con la policía local o Mossos d'Esquadra;de 15 a 29 años;castellano y otra lengua (o lenguas);población de 15 años o más (miles);..;null
2013;Catalunya;con la policía local o Mossos d'Esquadra;de 15 a 29 años;otras combinaciones de lenguas;población de 15 años o más (miles);..;null
2013;Catalunya;con la policía local o Mossos d'Esquadra;de 15 a 29 años;No consta;población de 15 años o más (miles);..;null
2013;Catalunya;con la policía local o Mossos d'Esquadra;de 15 a 29 años;total;población de 15 años o más (miles);..;null
2013;Catalunya;con la policía local o Mossos d'Esquadra;de 30 a 44 años;solo catalán;población de 15 años o más (miles);..;null
2013;Catalunya;con la policía local o Mossos d'Esquadra;de 30 a 44 años;más catalán que castellano;población de 15 años o más (miles);..;null
2013;Catalunya;con la policía local o Mossos d'Esquadra;de 30 a 44 años;catalán y castellano;población de 15 años o más (miles);..;null
2013;Catalunya;con la policía local o Mossos d'Esquadra;de 30 a 44 años;más castellano que catalán;población de 15 años o más (miles);..;null
2013;Catalunya;con la policía local o Mossos d'Esquadra;de 30 a 44 años;solo castellano;población de 15 años o más (miles);..;null
2013;Catalunya;con la policía local o Mossos d'Esquadra;de 30 a 44 años;otra lengua (o lenguas);población de 15 años o más (miles);..;null
2013;Catalunya;con la policía local o Mossos d'Esquadra;de 30 a 44 años;catalán y otra lengua (o lenguas);población de 15 años o más (miles);..;null
2013;Catalunya;con la policía local o Mossos d'Esquadra;de 30 a 44 años;castellano y otra lengua (o lenguas);población de 15 años o más (miles);..;null
2013;Catalunya;con la policía local o Mossos d'Esquadra;de 30 a 44 años;otras combinaciones de lenguas;población de 15 años o más (miles);..;null
2013;Catalunya;con la policía local o Mossos d'Esquadra;de 30 a 44 años;No consta;población de 15 años o más (miles);..;null
2013;Catalunya;con la policía local o Mossos d'Esquadra;de 30 a 44 años;total;población de 15 años o más (miles);..;null
2013;Catalunya;con la policía local o Mossos d'Esquadra;de 45 a 64 años;solo catalán;población de 15 años o más (miles);..;null
2013;Catalunya;con la policía local o Mossos d'Esquadra;de 45 a 64 años;más catalán que castellano;población de 15 años o más (miles);..;null
2013;Catalunya;con la policía local o Mossos d'Esquadra;de 45 a 64 años;catalán y castellano;población de 15 años o más (miles);..;null
2013;Catalunya;con la policía local o Mossos d'Esquadra;de 45 a 64 años;más castellano que catalán;población de 15 años o más (miles);..;null
2013;Catalunya;con la policía local o Mossos d'Esquadra;de 45 a 64 años;solo castellano;población de 15 años o más (miles);..;null
2013;Catalunya;con la policía local o Mossos d'Esquadra;de 45 a 64 años;otra lengua (o lenguas);población de 15 años o más (miles);..;null
2013;Catalunya;con la policía local o Mossos d'Esquadra;de 45 a 64 años;catalán y otra lengua (o lenguas);población de 15 años o más (miles);..;null
2013;Catalunya;con la policía local o Mossos d'Esquadra;de 45 a 64 años;castellano y otra lengua (o lenguas);población de 15 años o más (miles);..;null
2013;Catalunya;con la policía local o Mossos d'Esquadra;de 45 a 64 años;otras combinaciones de lenguas;población de 15 años o más (miles);..;null
2013;Catalunya;con la policía local o Mossos d'Esquadra;de 45 a 64 años;No consta;población de 15 años o más (miles);..;null
2013;Catalunya;con la policía local o Mossos d'Esquadra;de 45 a 64 años;total;población de 15 años o más (miles);..;null
2013;Catalunya;con la policía local o Mossos d'Esquadra;65 años o más;solo catalán;población de 15 años o más (miles);..;null
2013;Catalunya;con la policía local o Mossos d'Esquadra;65 años o más;más catalán que castellano;población de 15 años o más (miles);..;null
2013;Catalunya;con la policía local o Mossos d'Esquadra;65 años o más;catalán y castellano;población de 15 años o más (miles);..;null
2013;Catalunya;con la policía local o Mossos d'Esquadra;65 años o más;más castellano que catalán;población de 15 años o más (miles);..;null
2013;Catalunya;con la policía local o Mossos d'Esquadra;65 años o más;solo castellano;población de 15 años o más (miles);..;null
2013;Catalunya;con la policía local o Mossos d'Esquadra;65 años o más;otra lengua (o lenguas);población de 15 años o más (miles);..;null
2013;Catalunya;con la policía local o Mossos d'Esquadra;65 años o más;catalán y otra lengua (o lenguas);población de 15 años o más (miles);..;null
2013;Catalunya;con la policía local o Mossos d'Esquadra;65 años o más;castellano y otra lengua (o lenguas);población de 15 años o más (miles);..;null
2013;Catalunya;con la policía local o Mossos d'Esquadra;65 años o más;otras combinaciones de lenguas;población de 15 años o más (miles);..;null
2013;Catalunya;con la policía local o Mossos d'Esquadra;65 años o más;No consta;población de 15 años o más (miles);..;null
2013;Catalunya;con la policía local o Mossos d'Esquadra;65 años o más;total;población de 15 años o más (miles);..;null
2013;Catalunya;con la policía local o Mossos d'Esquadra;total;solo catalán;población de 15 años o más (miles);..;null
2013;Catalunya;con la policía local o Mossos d'Esquadra;total;más catalán que castellano;población de 15 años o más (miles);..;null
2013;Catalunya;con la policía local o Mossos d'Esquadra;total;catalán y castellano;población de 15 años o más (miles);..;null
2013;Catalunya;con la policía local o Mossos d'Esquadra;total;más castellano que catalán;población de 15 años o más (miles);..;null
2013;Catalunya;con la policía local o Mossos d'Esquadra;total;solo castellano;población de 15 años o más (miles);..;null
2013;Catalunya;con la policía local o Mossos d'Esquadra;total;otra lengua (o lenguas);población de 15 años o más (miles);..;null
2013;Catalunya;con la policía local o Mossos d'Esquadra;total;catalán y otra lengua (o lenguas);población de 15 años o más (miles);..;null
2013;Catalunya;con la policía local o Mossos d'Esquadra;total;castellano y otra lengua (o lenguas);población de 15 años o más (miles);..;null
2013;Catalunya;con la policía local o Mossos d'Esquadra;total;otras combinaciones de lenguas;población de 15 años o más (miles);..;null
2013;Catalunya;con la policía local o Mossos d'Esquadra;total;No consta;población de 15 años o más (miles);..;null
2013;Catalunya;con la policía local o Mossos d'Esquadra;total;total;población de 15 años o más (miles);..;null
2013;Catalunya;con los órganos judiciales;de 15 a 29 años;solo catalán;población de 15 años o más (miles);..;null
2013;Catalunya;con los órganos judiciales;de 15 a 29 años;más catalán que castellano;población de 15 años o más (miles);..;null
2013;Catalunya;con los órganos judiciales;de 15 a 29 años;catalán y castellano;población de 15 años o más (miles);..;null
2013;Catalunya;con los órganos judiciales;de 15 a 29 años;más castellano que catalán;población de 15 años o más (miles);..;null
2013;Catalunya;con los órganos judiciales;de 15 a 29 años;solo castellano;población de 15 años o más (miles);..;null
2013;Catalunya;con los órganos judiciales;de 15 a 29 años;otra lengua (o lenguas);población de 15 años o más (miles);..;null
2013;Catalunya;con los órganos judiciales;de 15 a 29 años;catalán y otra lengua (o lenguas);población de 15 años o más (miles);..;null
2013;Catalunya;con los órganos judiciales;de 15 a 29 años;castellano y otra lengua (o lenguas);población de 15 años o más (miles);..;null
2013;Catalunya;con los órganos judiciales;de 15 a 29 años;otras combinaciones de lenguas;población de 15 años o más (miles);..;null
2013;Catalunya;con los órganos judiciales;de 15 a 29 años;No consta;población de 15 años o más (miles);..;null
2013;Catalunya;con los órganos judiciales;de 15 a 29 años;total;población de 15 años o más (miles);..;null
2013;Catalunya;con los órganos judiciales;de 30 a 44 años;solo catalán;población de 15 años o más (miles);..;null
2013;Catalunya;con los órganos judiciales;de 30 a 44 años;más catalán que castellano;población de 15 años o más (miles);..;null
2013;Catalunya;con los órganos judiciales;de 30 a 44 años;catalán y castellano;población de 15 años o más (miles);..;null
2013;Catalunya;con los órganos judiciales;de 30 a 44 años;más castellano que catalán;población de 15 años o más (miles);..;null
2013;Catalunya;con los órganos judiciales;de 30 a 44 años;solo castellano;población de 15 años o más (miles);..;null
2013;Catalunya;con los órganos judiciales;de 30 a 44 años;otra lengua (o lenguas);población de 15 años o más (miles);..;null
2013;Catalunya;con los órganos judiciales;de 30 a 44 años;catalán y otra lengua (o lenguas);población de 15 años o más (miles);..;null
2013;Catalunya;con los órganos judiciales;de 30 a 44 años;castellano y otra lengua (o lenguas);población de 15 años o más (miles);..;null
2013;Catalunya;con los órganos judiciales;de 30 a 44 años;otras combinaciones de lenguas;población de 15 años o más (miles);..;null
2013;Catalunya;con los órganos judiciales;de 30 a 44 años;No consta;población de 15 años o más (miles);..;null
2013;Catalunya;con los órganos judiciales;de 30 a 44 años;total;población de 15 años o más (miles);..;null
2013;Catalunya;con los órganos judiciales;de 45 a 64 años;solo catalán;población de 15 años o más (miles);..;null
2013;Catalunya;con los órganos judiciales;de 45 a 64 años;más catalán que castellano;población de 15 años o más (miles);..;null
2013;Catalunya;con los órganos judiciales;de 45 a 64 años;catalán y castellano;población de 15 años o más (miles);..;null
2013;Catalunya;con los órganos judiciales;de 45 a 64 años;más castellano que catalán;población de 15 años o más (miles);..;null
2013;Catalunya;con los órganos judiciales;de 45 a 64 años;solo castellano;población de 15 años o más (miles);..;null
2013;Catalunya;con los órganos judiciales;de 45 a 64 años;otra lengua (o lenguas);población de 15 años o más (miles);..;null
2013;Catalunya;con los órganos judiciales;de 45 a 64 años;catalán y otra lengua (o lenguas);población de 15 años o más (miles);..;null
2013;Catalunya;con los órganos judiciales;de 45 a 64 años;castellano y otra lengua (o lenguas);población de 15 años o más (miles);..;null
2013;Catalunya;con los órganos judiciales;de 45 a 64 años;otras combinaciones de lenguas;población de 15 años o más (miles);..;null
2013;Catalunya;con los órganos judiciales;de 45 a 64 años;No consta;población de 15 años o más (miles);..;null
2013;Catalunya;con los órganos judiciales;de 45 a 64 años;total;población de 15 años o más (miles);..;null
2013;Catalunya;con los órganos judiciales;65 años o más;solo catalán;población de 15 años o más (miles);..;null
2013;Catalunya;con los órganos judiciales;65 años o más;más catalán que castellano;población de 15 años o más (miles);..;null
2013;Catalunya;con los órganos judiciales;65 años o más;catalán y castellano;población de 15 años o más (miles);..;null
2013;Catalunya;con los órganos judiciales;65 años o más;más castellano que catalán;población de 15 años o más (miles);..;null
2013;Catalunya;con los órganos judiciales;65 años o más;solo castellano;población de 15 años o más (miles);..;null
2013;Catalunya;con los órganos judiciales;65 años o más;otra lengua (o lenguas);población de 15 años o más (miles);..;null
2013;Catalunya;con los órganos judiciales;65 años o más;catalán y otra lengua (o lenguas);población de 15 años o más (miles);..;null
2013;Catalunya;con los órganos judiciales;65 años o más;castellano y otra lengua (o lenguas);población de 15 años o más (miles);..;null
2013;Catalunya;con los órganos judiciales;65 años o más;otras combinaciones de lenguas;población de 15 años o más (miles);..;null
2013;Catalunya;con los órganos judiciales;65 años o más;No consta;población de 15 años o más (miles);..;null
2013;Catalunya;con los órganos judiciales;65 años o más;total;población de 15 años o más (miles);..;null
2013;Catalunya;con los órganos judiciales;total;solo catalán;población de 15 años o más (miles);..;null
2013;Catalunya;con los órganos judiciales;total;más catalán que castellano;población de 15 años o más (miles);..;null
2013;Catalunya;con los órganos judiciales;total;catalán y castellano;población de 15 años o más (miles);..;null
2013;Catalunya;con los órganos judiciales;total;más castellano que catalán;población de 15 años o más (miles);..;null
2013;Catalunya;con los órganos judiciales;total;solo castellano;población de 15 años o más (miles);..;null
2013;Catalunya;con los órganos judiciales;total;otra lengua (o lenguas);población de 15 años o más (miles);..;null
2013;Catalunya;con los órganos judiciales;total;catalán y otra lengua (o lenguas);población de 15 años o más (miles);..;null
2013;Catalunya;con los órganos judiciales;total;castellano y otra lengua (o lenguas);población de 15 años o más (miles);..;null
2013;Catalunya;con los órganos judiciales;total;otras combinaciones de lenguas;población de 15 años o más (miles);..;null
2013;Catalunya;con los órganos judiciales;total;No consta;población de 15 años o más (miles);..;null
2013;Catalunya;con los órganos judiciales;total;total;población de 15 años o más (miles);..;null
2013;Catalunya;con el personal médico;de 15 a 29 años;solo catalán;población de 15 años o más (miles);;310,1
2013;Catalunya;con el personal médico;de 15 a 29 años;más catalán que castellano;población de 15 años o más (miles);;162,4
2013;Catalunya;con el personal médico;de 15 a 29 años;catalán y castellano;población de 15 años o más (miles);;181,6
2013;Catalunya;con el personal médico;de 15 a 29 años;más castellano que catalán;población de 15 años o más (miles);;92,6
2013;Catalunya;con el personal médico;de 15 a 29 años;solo castellano;población de 15 años o más (miles);;362,6
2013;Catalunya;con el personal médico;de 15 a 29 años;otra lengua (o lenguas);población de 15 años o más (miles);..;null
2013;Catalunya;con el personal médico;de 15 a 29 años;catalán y otra lengua (o lenguas);población de 15 años o más (miles);..;null
2013;Catalunya;con el personal médico;de 15 a 29 años;castellano y otra lengua (o lenguas);población de 15 años o más (miles);..;null
2013;Catalunya;con el personal médico;de 15 a 29 años;otras combinaciones de lenguas;población de 15 años o más (miles);..;null
2013;Catalunya;con el personal médico;de 15 a 29 años;No consta;población de 15 años o más (miles);..;null
2013;Catalunya;con el personal médico;de 15 a 29 años;total;población de 15 años o más (miles);;1126,7
2013;Catalunya;con el personal médico;de 30 a 44 años;solo catalán;población de 15 años o más (miles);;445,5
2013;Catalunya;con el personal médico;de 30 a 44 años;más catalán que castellano;población de 15 años o más (miles);;247,0
2013;Catalunya;con el personal médico;de 30 a 44 años;catalán y castellano;población de 15 años o más (miles);;247,3
2013;Catalunya;con el personal médico;de 30 a 44 años;más castellano que catalán;población de 15 años o más (miles);;184,7
2013;Catalunya;con el personal médico;de 30 a 44 años;solo castellano;población de 15 años o más (miles);;711,9
2013;Catalunya;con el personal médico;de 30 a 44 años;otra lengua (o lenguas);población de 15 años o más (miles);..;null
2013;Catalunya;con el personal médico;de 30 a 44 años;catalán y otra lengua (o lenguas);población de 15 años o más (miles);..;null
2013;Catalunya;con el personal médico;de 30 a 44 años;castellano y otra lengua (o lenguas);población de 15 años o más (miles);..;null
2013;Catalunya;con el personal médico;de 30 a 44 años;otras combinaciones de lenguas;población de 15 años o más (miles);..;null
2013;Catalunya;con el personal médico;de 30 a 44 años;No consta;población de 15 años o más (miles);;20,4
2013;Catalunya;con el personal médico;de 30 a 44 años;total;población de 15 años o más (miles);;1863,6
2013;Catalunya;con el personal médico;de 45 a 64 años;solo catalán;población de 15 años o más (miles);;543,1
2013;Catalunya;con el personal médico;de 45 a 64 años;más catalán que castellano;población de 15 años o más (miles);;240,9
2013;Catalunya;con el personal médico;de 45 a 64 años;catalán y castellano;población de 15 años o más (miles);;222,4
2013;Catalunya;con el personal médico;de 45 a 64 años;más castellano que catalán;población de 15 años o más (miles);;128,1
2013;Catalunya;con el personal médico;de 45 a 64 años;solo castellano;población de 15 años o más (miles);;769,0
2013;Catalunya;con el personal médico;de 45 a 64 años;otra lengua (o lenguas);población de 15 años o más (miles);..;null
2013;Catalunya;con el personal médico;de 45 a 64 años;catalán y otra lengua (o lenguas);población de 15 años o más (miles);..;null
2013;Catalunya;con el personal médico;de 45 a 64 años;castellano y otra lengua (o lenguas);población de 15 años o más (miles);..;null
2013;Catalunya;con el personal médico;de 45 a 64 años;otras combinaciones de lenguas;población de 15 años o más (miles);..;null
2013;Catalunya;con el personal médico;de 45 a 64 años;No consta;población de 15 años o más (miles);..;null
2013;Catalunya;con el personal médico;de 45 a 64 años;total;población de 15 años o más (miles);;1925,2
2013;Catalunya;con el personal médico;65 años o más;solo catalán;población de 15 años o más (miles);;439,6
2013;Catalunya;con el personal médico;65 años o más;más catalán que castellano;población de 15 años o más (miles);;128,4
2013;Catalunya;con el personal médico;65 años o más;catalán y castellano;población de 15 años o más (miles);;101,8
2013;Catalunya;con el personal médico;65 años o más;más castellano que catalán;población de 15 años o más (miles);;41,2
2013;Catalunya;con el personal médico;65 años o más;solo castellano;población de 15 años o más (miles);;608,1
2013;Catalunya;con el personal médico;65 años o más;otra lengua (o lenguas);población de 15 años o más (miles);..;null
2013;Catalunya;con el personal médico;65 años o más;catalán y otra lengua (o lenguas);población de 15 años o más (miles);..;null
2013;Catalunya;con el personal médico;65 años o más;castellano y otra lengua (o lenguas);población de 15 años o más (miles);..;null
2013;Catalunya;con el personal médico;65 años o más;otras combinaciones de lenguas;población de 15 años o más (miles);..;null
2013;Catalunya;con el personal médico;65 años o más;No consta;población de 15 años o más (miles);..;null
2013;Catalunya;con el personal médico;65 años o más;total;población de 15 años o más (miles);;1338,4
2013;Catalunya;con el personal médico;total;solo catalán;población de 15 años o más (miles);;1738,4
2013;Catalunya;con el personal médico;total;más catalán que castellano;población de 15 años o más (miles);;778,7
2013;Catalunya;con el personal médico;total;catalán y castellano;población de 15 años o más (miles);;753,1
2013;Catalunya;con el personal médico;total;más castellano que catalán;población de 15 años o más (miles);;446,5
2013;Catalunya;con el personal médico;total;solo castellano;población de 15 años o más (miles);;2451,6
2013;Catalunya;con el personal médico;total;otra lengua (o lenguas);población de 15 años o más (miles);;16,2
2013;Catalunya;con el personal médico;total;catalán y otra lengua (o lenguas);población de 15 años o más (miles);..;null
2013;Catalunya;con el personal médico;total;castellano y otra lengua (o lenguas);población de 15 años o más (miles);;6,6
2013;Catalunya;con el personal médico;total;otras combinaciones de lenguas;población de 15 años o más (miles);;1,4
2013;Catalunya;con el personal médico;total;No consta;población de 15 años o más (miles);;60,4
2013;Catalunya;con el personal médico;total;total;población de 15 años o más (miles);;6253,8
2013;Catalunya;al contestar al personal médico en la consulta;de 15 a 29 años;solo catalán;población de 15 años o más (miles);..;null
2013;Catalunya;al contestar al personal médico en la consulta;de 15 a 29 años;más catalán que castellano;población de 15 años o más (miles);..;null
2013;Catalunya;al contestar al personal médico en la consulta;de 15 a 29 años;catalán y castellano;población de 15 años o más (miles);..;null
2013;Catalunya;al contestar al personal médico en la consulta;de 15 a 29 años;más castellano que catalán;población de 15 años o más (miles);..;null
2013;Catalunya;al contestar al personal médico en la consulta;de 15 a 29 años;solo castellano;población de 15 años o más (miles);..;null
2013;Catalunya;al contestar al personal médico en la consulta;de 15 a 29 años;otra lengua (o lenguas);población de 15 años o más (miles);..;null
2013;Catalunya;al contestar al personal médico en la consulta;de 15 a 29 años;catalán y otra lengua (o lenguas);población de 15 años o más (miles);..;null
2013;Catalunya;al contestar al personal médico en la consulta;de 15 a 29 años;castellano y otra lengua (o lenguas);población de 15 años o más (miles);..;null
2013;Catalunya;al contestar al personal médico en la consulta;de 15 a 29 años;otras combinaciones de lenguas;población de 15 años o más (miles);..;null
2013;Catalunya;al contestar al personal médico en la consulta;de 15 a 29 años;No consta;población de 15 años o más (miles);..;null
2013;Catalunya;al contestar al personal médico en la consulta;de 15 a 29 años;total;población de 15 años o más (miles);..;null
2013;Catalunya;al contestar al personal médico en la consulta;de 30 a 44 años;solo catalán;población de 15 años o más (miles);..;null
2013;Catalunya;al contestar al personal médico en la consulta;de 30 a 44 años;más catalán que castellano;población de 15 años o más (miles);..;null
2013;Catalunya;al contestar al personal médico en la consulta;de 30 a 44 años;catalán y castellano;población de 15 años o más (miles);..;null
2013;Catalunya;al contestar al personal médico en la consulta;de 30 a 44 años;más castellano que catalán;población de 15 años o más (miles);..;null
2013;Catalunya;al contestar al personal médico en la consulta;de 30 a 44 años;solo castellano;población de 15 años o más (miles);..;null
2013;Catalunya;al contestar al personal médico en la consulta;de 30 a 44 años;otra lengua (o lenguas);población de 15 años o más (miles);..;null
2013;Catalunya;al contestar al personal médico en la consulta;de 30 a 44 años;catalán y otra lengua (o lenguas);población de 15 años o más (miles);..;null
2013;Catalunya;al contestar al personal médico en la consulta;de 30 a 44 años;castellano y otra lengua (o lenguas);población de 15 años o más (miles);..;null
2013;Catalunya;al contestar al personal médico en la consulta;de 30 a 44 años;otras combinaciones de lenguas;población de 15 años o más (miles);..;null
2013;Catalunya;al contestar al personal médico en la consulta;de 30 a 44 años;No consta;población de 15 años o más (miles);..;null
2013;Catalunya;al contestar al personal médico en la consulta;de 30 a 44 años;total;población de 15 años o más (miles);..;null
2013;Catalunya;al contestar al personal médico en la consulta;de 45 a 64 años;solo catalán;población de 15 años o más (miles);..;null
2013;Catalunya;al contestar al personal médico en la consulta;de 45 a 64 años;más catalán que castellano;población de 15 años o más (miles);..;null
2013;Catalunya;al contestar al personal médico en la consulta;de 45 a 64 años;catalán y castellano;población de 15 años o más (miles);..;null
2013;Catalunya;al contestar al personal médico en la consulta;de 45 a 64 años;más castellano que catalán;población de 15 años o más (miles);..;null
2013;Catalunya;al contestar al personal médico en la consulta;de 45 a 64 años;solo castellano;población de 15 años o más (miles);..;null
2013;Catalunya;al contestar al personal médico en la consulta;de 45 a 64 años;otra lengua (o lenguas);población de 15 años o más (miles);..;null
2013;Catalunya;al contestar al personal médico en la consulta;de 45 a 64 años;catalán y otra lengua (o lenguas);población de 15 años o más (miles);..;null
2013;Catalunya;al contestar al personal médico en la consulta;de 45 a 64 años;castellano y otra lengua (o lenguas);población de 15 años o más (miles);..;null
2013;Catalunya;al contestar al personal médico en la consulta;de 45 a 64 años;otras combinaciones de lenguas;población de 15 años o más (miles);..;null
2013;Catalunya;al contestar al personal médico en la consulta;de 45 a 64 años;No consta;población de 15 años o más (miles);..;null
2013;Catalunya;al contestar al personal médico en la consulta;de 45 a 64 años;total;población de 15 años o más (miles);..;null
2013;Catalunya;al contestar al personal médico en la consulta;65 años o más;solo catalán;población de 15 años o más (miles);..;null
2013;Catalunya;al contestar al personal médico en la consulta;65 años o más;más catalán que castellano;población de 15 años o más (miles);..;null
2013;Catalunya;al contestar al personal médico en la consulta;65 años o más;catalán y castellano;población de 15 años o más (miles);..;null
2013;Catalunya;al contestar al personal médico en la consulta;65 años o más;más castellano que catalán;población de 15 años o más (miles);..;null
2013;Catalunya;al contestar al personal médico en la consulta;65 años o más;solo castellano;población de 15 años o más (miles);..;null
2013;Catalunya;al contestar al personal médico en la consulta;65 años o más;otra lengua (o lenguas);población de 15 años o más (miles);..;null
2013;Catalunya;al contestar al personal médico en la consulta;65 años o más;catalán y otra lengua (o lenguas);población de 15 años o más (miles);..;null
2013;Catalunya;al contestar al personal médico en la consulta;65 años o más;castellano y otra lengua (o lenguas);población de 15 años o más (miles);..;null
2013;Catalunya;al contestar al personal médico en la consulta;65 años o más;otras combinaciones de lenguas;población de 15 años o más (miles);..;null
2013;Catalunya;al contestar al personal médico en la consulta;65 años o más;No consta;población de 15 años o más (miles);..;null
2013;Catalunya;al contestar al personal médico en la consulta;65 años o más;total;población de 15 años o más (miles);..;null
2013;Catalunya;al contestar al personal médico en la consulta;total;solo catalán;población de 15 años o más (miles);..;null
2013;Catalunya;al contestar al personal médico en la consulta;total;más catalán que castellano;población de 15 años o más (miles);..;null
2013;Catalunya;al contestar al personal médico en la consulta;total;catalán y castellano;población de 15 años o más (miles);..;null
2013;Catalunya;al contestar al personal médico en la consulta;total;más castellano que catalán;población de 15 años o más (miles);..;null
2013;Catalunya;al contestar al personal médico en la consulta;total;solo castellano;población de 15 años o más (miles);..;null
2013;Catalunya;al contestar al personal médico en la consulta;total;otra lengua (o lenguas);población de 15 años o más (miles);..;null
2013;Catalunya;al contestar al personal médico en la consulta;total;catalán y otra lengua (o lenguas);población de 15 años o más (miles);..;null
2013;Catalunya;al contestar al personal médico en la consulta;total;castellano y otra lengua (o lenguas);población de 15 años o más (miles);..;null
2013;Catalunya;al contestar al personal médico en la consulta;total;otras combinaciones de lenguas;población de 15 años o más (miles);..;null
2013;Catalunya;al contestar al personal médico en la consulta;total;No consta;población de 15 años o más (miles);..;null
2013;Catalunya;al contestar al personal médico en la consulta;total;total;población de 15 años o más (miles);..;null
2013;Catalunya;al escribir mensajes de móvil;de 15 a 29 años;solo catalán;población de 15 años o más (miles);..;null
2013;Catalunya;al escribir mensajes de móvil;de 15 a 29 años;más catalán que castellano;población de 15 años o más (miles);..;null
2013;Catalunya;al escribir mensajes de móvil;de 15 a 29 años;catalán y castellano;población de 15 años o más (miles);..;null
2013;Catalunya;al escribir mensajes de móvil;de 15 a 29 años;más castellano que catalán;población de 15 años o más (miles);..;null
2013;Catalunya;al escribir mensajes de móvil;de 15 a 29 años;solo castellano;población de 15 años o más (miles);..;null
2013;Catalunya;al escribir mensajes de móvil;de 15 a 29 años;otra lengua (o lenguas);población de 15 años o más (miles);..;null
2013;Catalunya;al escribir mensajes de móvil;de 15 a 29 años;catalán y otra lengua (o lenguas);población de 15 años o más (miles);..;null
2013;Catalunya;al escribir mensajes de móvil;de 15 a 29 años;castellano y otra lengua (o lenguas);población de 15 años o más (miles);..;null
2013;Catalunya;al escribir mensajes de móvil;de 15 a 29 años;otras combinaciones de lenguas;población de 15 años o más (miles);..;null
2013;Catalunya;al escribir mensajes de móvil;de 15 a 29 años;No consta;población de 15 años o más (miles);..;null
2013;Catalunya;al escribir mensajes de móvil;de 15 a 29 años;total;población de 15 años o más (miles);..;null
2013;Catalunya;al escribir mensajes de móvil;de 30 a 44 años;solo catalán;población de 15 años o más (miles);..;null
2013;Catalunya;al escribir mensajes de móvil;de 30 a 44 años;más catalán que castellano;población de 15 años o más (miles);..;null
2013;Catalunya;al escribir mensajes de móvil;de 30 a 44 años;catalán y castellano;población de 15 años o más (miles);..;null
2013;Catalunya;al escribir mensajes de móvil;de 30 a 44 años;más castellano que catalán;población de 15 años o más (miles);..;null
2013;Catalunya;al escribir mensajes de móvil;de 30 a 44 años;solo castellano;población de 15 años o más (miles);..;null
2013;Catalunya;al escribir mensajes de móvil;de 30 a 44 años;otra lengua (o lenguas);población de 15 años o más (miles);..;null
2013;Catalunya;al escribir mensajes de móvil;de 30 a 44 años;catalán y otra lengua (o lenguas);población de 15 años o más (miles);..;null
2013;Catalunya;al escribir mensajes de móvil;de 30 a 44 años;castellano y otra lengua (o lenguas);población de 15 años o más (miles);..;null
2013;Catalunya;al escribir mensajes de móvil;de 30 a 44 años;otras combinaciones de lenguas;población de 15 años o más (miles);..;null
2013;Catalunya;al escribir mensajes de móvil;de 30 a 44 años;No consta;población de 15 años o más (miles);..;null
2013;Catalunya;al escribir mensajes de móvil;de 30 a 44 años;total;población de 15 años o más (miles);..;null
2013;Catalunya;al escribir mensajes de móvil;de 45 a 64 años;solo catalán;población de 15 años o más (miles);..;null
2013;Catalunya;al escribir mensajes de móvil;de 45 a 64 años;más catalán que castellano;población de 15 años o más (miles);..;null
2013;Catalunya;al escribir mensajes de móvil;de 45 a 64 años;catalán y castellano;población de 15 años o más (miles);..;null
2013;Catalunya;al escribir mensajes de móvil;de 45 a 64 años;más castellano que catalán;población de 15 años o más (miles);..;null
2013;Catalunya;al escribir mensajes de móvil;de 45 a 64 años;solo castellano;población de 15 años o más (miles);..;null
2013;Catalunya;al escribir mensajes de móvil;de 45 a 64 años;otra lengua (o lenguas);población de 15 años o más (miles);..;null
2013;Catalunya;al escribir mensajes de móvil;de 45 a 64 años;catalán y otra lengua (o lenguas);población de 15 años o más (miles);..;null
2013;Catalunya;al escribir mensajes de móvil;de 45 a 64 años;castellano y otra lengua (o lenguas);población de 15 años o más (miles);..;null
2013;Catalunya;al escribir mensajes de móvil;de 45 a 64 años;otras combinaciones de lenguas;población de 15 años o más (miles);..;null
2013;Catalunya;al escribir mensajes de móvil;de 45 a 64 años;No consta;población de 15 años o más (miles);..;null
2013;Catalunya;al escribir mensajes de móvil;de 45 a 64 años;total;población de 15 años o más (miles);..;null
2013;Catalunya;al escribir mensajes de móvil;65 años o más;solo catalán;población de 15 años o más (miles);..;null
2013;Catalunya;al escribir mensajes de móvil;65 años o más;más catalán que castellano;población de 15 años o más (miles);..;null
2013;Catalunya;al escribir mensajes de móvil;65 años o más;catalán y castellano;población de 15 años o más (miles);..;null
2013;Catalunya;al escribir mensajes de móvil;65 años o más;más castellano que catalán;población de 15 años o más (miles);..;null
2013;Catalunya;al escribir mensajes de móvil;65 años o más;solo castellano;población de 15 años o más (miles);..;null
2013;Catalunya;al escribir mensajes de móvil;65 años o más;otra lengua (o lenguas);población de 15 años o más (miles);..;null
2013;Catalunya;al escribir mensajes de móvil;65 años o más;catalán y otra lengua (o lenguas);población de 15 años o más (miles);..;null
2013;Catalunya;al escribir mensajes de móvil;65 años o más;castellano y otra lengua (o lenguas);población de 15 años o más (miles);..;null
2013;Catalunya;al escribir mensajes de móvil;65 años o más;otras combinaciones de lenguas;población de 15 años o más (miles);..;null
2013;Catalunya;al escribir mensajes de móvil;65 años o más;No consta;población de 15 años o más (miles);..;null
2013;Catalunya;al escribir mensajes de móvil;65 años o más;total;población de 15 años o más (miles);..;null
2013;Catalunya;al escribir mensajes de móvil;total;solo catalán;población de 15 años o más (miles);..;null
2013;Catalunya;al escribir mensajes de móvil;total;más catalán que castellano;población de 15 años o más (miles);..;null
2013;Catalunya;al escribir mensajes de móvil;total;catalán y castellano;población de 15 años o más (miles);..;null
2013;Catalunya;al escribir mensajes de móvil;total;más castellano que catalán;población de 15 años o más (miles);..;null
2013;Catalunya;al escribir mensajes de móvil;total;solo castellano;población de 15 años o más (miles);..;null
2013;Catalunya;al escribir mensajes de móvil;total;otra lengua (o lenguas);población de 15 años o más (miles);..;null
2013;Catalunya;al escribir mensajes de móvil;total;catalán y otra lengua (o lenguas);población de 15 años o más (miles);..;null
2013;Catalunya;al escribir mensajes de móvil;total;castellano y otra lengua (o lenguas);población de 15 años o más (miles);..;null
2013;Catalunya;al escribir mensajes de móvil;total;otras combinaciones de lenguas;población de 15 años o más (miles);..;null
2013;Catalunya;al escribir mensajes de móvil;total;No consta;población de 15 años o más (miles);..;null
2013;Catalunya;al escribir mensajes de móvil;total;total;población de 15 años o más (miles);..;null
2013;Catalunya;al hacer publicaciones en las redes sociales;de 15 a 29 años;solo catalán;población de 15 años o más (miles);..;null
2013;Catalunya;al hacer publicaciones en las redes sociales;de 15 a 29 años;más catalán que castellano;población de 15 años o más (miles);..;null
2013;Catalunya;al hacer publicaciones en las redes sociales;de 15 a 29 años;catalán y castellano;población de 15 años o más (miles);..;null
2013;Catalunya;al hacer publicaciones en las redes sociales;de 15 a 29 años;más castellano que catalán;población de 15 años o más (miles);..;null
2013;Catalunya;al hacer publicaciones en las redes sociales;de 15 a 29 años;solo castellano;población de 15 años o más (miles);..;null
2013;Catalunya;al hacer publicaciones en las redes sociales;de 15 a 29 años;otra lengua (o lenguas);población de 15 años o más (miles);..;null
2013;Catalunya;al hacer publicaciones en las redes sociales;de 15 a 29 años;catalán y otra lengua (o lenguas);población de 15 años o más (miles);..;null
2013;Catalunya;al hacer publicaciones en las redes sociales;de 15 a 29 años;castellano y otra lengua (o lenguas);población de 15 años o más (miles);..;null
2013;Catalunya;al hacer publicaciones en las redes sociales;de 15 a 29 años;otras combinaciones de lenguas;población de 15 años o más (miles);..;null
2013;Catalunya;al hacer publicaciones en las redes sociales;de 15 a 29 años;No consta;población de 15 años o más (miles);..;null
2013;Catalunya;al hacer publicaciones en las redes sociales;de 15 a 29 años;total;población de 15 años o más (miles);..;null
2013;Catalunya;al hacer publicaciones en las redes sociales;de 30 a 44 años;solo catalán;población de 15 años o más (miles);..;null
2013;Catalunya;al hacer publicaciones en las redes sociales;de 30 a 44 años;más catalán que castellano;población de 15 años o más (miles);..;null
2013;Catalunya;al hacer publicaciones en las redes sociales;de 30 a 44 años;catalán y castellano;población de 15 años o más (miles);..;null
2013;Catalunya;al hacer publicaciones en las redes sociales;de 30 a 44 años;más castellano que catalán;población de 15 años o más (miles);..;null
2013;Catalunya;al hacer publicaciones en las redes sociales;de 30 a 44 años;solo castellano;población de 15 años o más (miles);..;null
2013;Catalunya;al hacer publicaciones en las redes sociales;de 30 a 44 años;otra lengua (o lenguas);población de 15 años o más (miles);..;null
2013;Catalunya;al hacer publicaciones en las redes sociales;de 30 a 44 años;catalán y otra lengua (o lenguas);población de 15 años o más (miles);..;null
2013;Catalunya;al hacer publicaciones en las redes sociales;de 30 a 44 años;castellano y otra lengua (o lenguas);población de 15 años o más (miles);..;null
2013;Catalunya;al hacer publicaciones en las redes sociales;de 30 a 44 años;otras combinaciones de lenguas;población de 15 años o más (miles);..;null
2013;Catalunya;al hacer publicaciones en las redes sociales;de 30 a 44 años;No consta;población de 15 años o más (miles);..;null
2013;Catalunya;al hacer publicaciones en las redes sociales;de 30 a 44 años;total;población de 15 años o más (miles);..;null
2013;Catalunya;al hacer publicaciones en las redes sociales;de 45 a 64 años;solo catalán;población de 15 años o más (miles);..;null
2013;Catalunya;al hacer publicaciones en las redes sociales;de 45 a 64 años;más catalán que castellano;población de 15 años o más (miles);..;null
2013;Catalunya;al hacer publicaciones en las redes sociales;de 45 a 64 años;catalán y castellano;población de 15 años o más (miles);..;null
2013;Catalunya;al hacer publicaciones en las redes sociales;de 45 a 64 años;más castellano que catalán;población de 15 años o más (miles);..;null
2013;Catalunya;al hacer publicaciones en las redes sociales;de 45 a 64 años;solo castellano;población de 15 años o más (miles);..;null
2013;Catalunya;al hacer publicaciones en las redes sociales;de 45 a 64 años;otra lengua (o lenguas);población de 15 años o más (miles);..;null
2013;Catalunya;al hacer publicaciones en las redes sociales;de 45 a 64 años;catalán y otra lengua (o lenguas);población de 15 años o más (miles);..;null
2013;Catalunya;al hacer publicaciones en las redes sociales;de 45 a 64 años;castellano y otra lengua (o lenguas);población de 15 años o más (miles);..;null
2013;Catalunya;al hacer publicaciones en las redes sociales;de 45 a 64 años;otras combinaciones de lenguas;población de 15 años o más (miles);..;null
2013;Catalunya;al hacer publicaciones en las redes sociales;de 45 a 64 años;No consta;población de 15 años o más (miles);..;null
2013;Catalunya;al hacer publicaciones en las redes sociales;de 45 a 64 años;total;población de 15 años o más (miles);..;null
2013;Catalunya;al hacer publicaciones en las redes sociales;65 años o más;solo catalán;población de 15 años o más (miles);..;null
2013;Catalunya;al hacer publicaciones en las redes sociales;65 años o más;más catalán que castellano;población de 15 años o más (miles);..;null
2013;Catalunya;al hacer publicaciones en las redes sociales;65 años o más;catalán y castellano;población de 15 años o más (miles);..;null
2013;Catalunya;al hacer publicaciones en las redes sociales;65 años o más;más castellano que catalán;población de 15 años o más (miles);..;null
2013;Catalunya;al hacer publicaciones en las redes sociales;65 años o más;solo castellano;población de 15 años o más (miles);..;null
2013;Catalunya;al hacer publicaciones en las redes sociales;65 años o más;otra lengua (o lenguas);población de 15 años o más (miles);..;null
2013;Catalunya;al hacer publicaciones en las redes sociales;65 años o más;catalán y otra lengua (o lenguas);población de 15 años o más (miles);..;null
2013;Catalunya;al hacer publicaciones en las redes sociales;65 años o más;castellano y otra lengua (o lenguas);población de 15 años o más (miles);..;null
2013;Catalunya;al hacer publicaciones en las redes sociales;65 años o más;otras combinaciones de lenguas;población de 15 años o más (miles);..;null
2013;Catalunya;al hacer publicaciones en las redes sociales;65 años o más;No consta;población de 15 años o más (miles);..;null
2013;Catalunya;al hacer publicaciones en las redes sociales;65 años o más;total;población de 15 años o más (miles);..;null
2013;Catalunya;al hacer publicaciones en las redes sociales;total;solo catalán;población de 15 años o más (miles);..;null
2013;Catalunya;al hacer publicaciones en las redes sociales;total;más catalán que castellano;población de 15 años o más (miles);..;null
2013;Catalunya;al hacer publicaciones en las redes sociales;total;catalán y castellano;población de 15 años o más (miles);..;null
2013;Catalunya;al hacer publicaciones en las redes sociales;total;más castellano que catalán;población de 15 años o más (miles);..;null
2013;Catalunya;al hacer publicaciones en las redes sociales;total;solo castellano;población de 15 años o más (miles);..;null
2013;Catalunya;al hacer publicaciones en las redes sociales;total;otra lengua (o lenguas);población de 15 años o más (miles);..;null
2013;Catalunya;al hacer publicaciones en las redes sociales;total;catalán y otra lengua (o lenguas);población de 15 años o más (miles);..;null
2013;Catalunya;al hacer publicaciones en las redes sociales;total;castellano y otra lengua (o lenguas);población de 15 años o más (miles);..;null
2013;Catalunya;al hacer publicaciones en las redes sociales;total;otras combinaciones de lenguas;población de 15 años o más (miles);..;null
2013;Catalunya;al hacer publicaciones en las redes sociales;total;No consta;población de 15 años o más (miles);..;null
2013;Catalunya;al hacer publicaciones en las redes sociales;total;total;población de 15 años o más (miles);..;null
2018;Catalunya;con los miembros del hogar;de 15 a 29 años;solo catalán;población de 15 años o más (miles);;280,4
2018;Catalunya;con los miembros del hogar;de 15 a 29 años;más catalán que castellano;población de 15 años o más (miles);;75,7
2018;Catalunya;con los miembros del hogar;de 15 a 29 años;catalán y castellano;población de 15 años o más (miles);;87,3
2018;Catalunya;con los miembros del hogar;de 15 a 29 años;más castellano que catalán;población de 15 años o más (miles);;119,3
2018;Catalunya;con los miembros del hogar;de 15 a 29 años;solo castellano;población de 15 años o más (miles);;414,6
2018;Catalunya;con los miembros del hogar;de 15 a 29 años;otra lengua (o lenguas);población de 15 años o más (miles);;55,3
2018;Catalunya;con los miembros del hogar;de 15 a 29 años;catalán y otra lengua (o lenguas);población de 15 años o más (miles);..;null
2018;Catalunya;con los miembros del hogar;de 15 a 29 años;castellano y otra lengua (o lenguas);población de 15 años o más (miles);;67,2
2018;Catalunya;con los miembros del hogar;de 15 a 29 años;otras combinaciones de lenguas;población de 15 años o más (miles);;18,4
2018;Catalunya;con los miembros del hogar;de 15 a 29 años;No consta;población de 15 años o más (miles);..;null
2018;Catalunya;con los miembros del hogar;de 15 a 29 años;total;población de 15 años o más (miles);;1134,1
2018;Catalunya;con los miembros del hogar;de 30 a 44 años;solo catalán;población de 15 años o más (miles);;320,8
2018;Catalunya;con los miembros del hogar;de 30 a 44 años;más catalán que castellano;población de 15 años o más (miles);;103,0
2018;Catalunya;con los miembros del hogar;de 30 a 44 años;catalán y castellano;población de 15 años o más (miles);;141,8
2018;Catalunya;con los miembros del hogar;de 30 a 44 años;más castellano que catalán;población de 15 años o más (miles);;214,5
2018;Catalunya;con los miembros del hogar;de 30 a 44 años;solo castellano;población de 15 años o más (miles);;507,5
2018;Catalunya;con los miembros del hogar;de 30 a 44 años;otra lengua (o lenguas);población de 15 años o más (miles);;109,2
2018;Catalunya;con los miembros del hogar;de 30 a 44 años;catalán y otra lengua (o lenguas);población de 15 años o más (miles);;17,5
2018;Catalunya;con los miembros del hogar;de 30 a 44 años;castellano y otra lengua (o lenguas);población de 15 años o más (miles);;113,8
2018;Catalunya;con los miembros del hogar;de 30 a 44 años;otras combinaciones de lenguas;población de 15 años o más (miles);;34,6
2018;Catalunya;con los miembros del hogar;de 30 a 44 años;No consta;población de 15 años o más (miles);..;null
2018;Catalunya;con los miembros del hogar;de 30 a 44 años;total;población de 15 años o más (miles);;1563,4
2018;Catalunya;con los miembros del hogar;de 45 a 64 años;solo catalán;población de 15 años o más (miles);;535,6
2018;Catalunya;con los miembros del hogar;de 45 a 64 años;más catalán que castellano;población de 15 años o más (miles);;100,0
2018;Catalunya;con los miembros del hogar;de 45 a 64 años;catalán y castellano;población de 15 años o más (miles);;154,7
2018;Catalunya;con los miembros del hogar;de 45 a 64 años;más castellano que catalán;población de 15 años o más (miles);;183,8
2018;Catalunya;con los miembros del hogar;de 45 a 64 años;solo castellano;población de 15 años o más (miles);;764,0
2018;Catalunya;con los miembros del hogar;de 45 a 64 años;otra lengua (o lenguas);población de 15 años o más (miles);;83,1
2018;Catalunya;con los miembros del hogar;de 45 a 64 años;catalán y otra lengua (o lenguas);población de 15 años o más (miles);..;null
2018;Catalunya;con los miembros del hogar;de 45 a 64 años;castellano y otra lengua (o lenguas);población de 15 años o más (miles);;70,4
2018;Catalunya;con los miembros del hogar;de 45 a 64 años;otras combinaciones de lenguas;población de 15 años o más (miles);;12,9
2018;Catalunya;con los miembros del hogar;de 45 a 64 años;No consta;población de 15 años o más (miles);..;null
2018;Catalunya;con los miembros del hogar;de 45 a 64 años;total;población de 15 años o más (miles);;1917,0
2018;Catalunya;con los miembros del hogar;65 años o más;solo catalán;población de 15 años o más (miles);;426,1
2018;Catalunya;con los miembros del hogar;65 años o más;más catalán que castellano;población de 15 años o más (miles);;45,0
2018;Catalunya;con los miembros del hogar;65 años o más;catalán y castellano;población de 15 años o más (miles);;61,6
2018;Catalunya;con los miembros del hogar;65 años o más;más castellano que catalán;población de 15 años o más (miles);;60,5
2018;Catalunya;con los miembros del hogar;65 años o más;solo castellano;población de 15 años o más (miles);;480,1
2018;Catalunya;con los miembros del hogar;65 años o más;otra lengua (o lenguas);población de 15 años o más (miles);;15,2
2018;Catalunya;con los miembros del hogar;65 años o más;catalán y otra lengua (o lenguas);población de 15 años o más (miles);..;null
2018;Catalunya;con los miembros del hogar;65 años o más;castellano y otra lengua (o lenguas);población de 15 años o más (miles);;28,8
2018;Catalunya;con los miembros del hogar;65 años o más;otras combinaciones de lenguas;población de 15 años o más (miles);..;null
2018;Catalunya;con los miembros del hogar;65 años o más;No consta;población de 15 años o más (miles);..;null
2018;Catalunya;con los miembros del hogar;65 años o más;total;población de 15 años o más (miles);;1125,0
2018;Catalunya;con los miembros del hogar;total;solo catalán;población de 15 años o más (miles);;1562,9
2018;Catalunya;con los miembros del hogar;total;más catalán que castellano;población de 15 años o más (miles);;323,7
2018;Catalunya;con los miembros del hogar;total;catalán y castellano;población de 15 años o más (miles);;445,4
2018;Catalunya;con los miembros del hogar;total;más castellano que catalán;población de 15 años o más (miles);;578,0
2018;Catalunya;con los miembros del hogar;total;solo castellano;población de 15 años o más (miles);;2166,2
2018;Catalunya;con los miembros del hogar;total;otra lengua (o lenguas);población de 15 años o más (miles);;262,8
2018;Catalunya;con los miembros del hogar;total;catalán y otra lengua (o lenguas);población de 15 años o más (miles);;39,5
2018;Catalunya;con los miembros del hogar;total;castellano y otra lengua (o lenguas);población de 15 años o más (miles);;280,2
2018;Catalunya;con los miembros del hogar;total;otras combinaciones de lenguas;población de 15 años o más (miles);;71,4
2018;Catalunya;con los miembros del hogar;total;No consta;población de 15 años o más (miles);..;null
2018;Catalunya;con los miembros del hogar;total;total;población de 15 años o más (miles);;5739,5
2018;Catalunya;con los amigos;de 15 a 29 años;solo catalán;población de 15 años o más (miles);;120,3
2018;Catalunya;con los amigos;de 15 a 29 años;más catalán que castellano;población de 15 años o más (miles);;197,0
2018;Catalunya;con los amigos;de 15 a 29 años;catalán y castellano;población de 15 años o más (miles);;229,5
2018;Catalunya;con los amigos;de 15 a 29 años;más castellano que catalán;población de 15 años o más (miles);;221,5
2018;Catalunya;con los amigos;de 15 a 29 años;solo castellano;población de 15 años o más (miles);;265,1
2018;Catalunya;con los amigos;de 15 a 29 años;otra lengua (o lenguas);población de 15 años o más (miles);;20,3
2018;Catalunya;con los amigos;de 15 a 29 años;catalán y otra lengua (o lenguas);población de 15 años o más (miles);..;null
2018;Catalunya;con los amigos;de 15 a 29 años;castellano y otra lengua (o lenguas);población de 15 años o más (miles);;68,5
2018;Catalunya;con los amigos;de 15 a 29 años;otras combinaciones de lenguas;población de 15 años o más (miles);;37,6
2018;Catalunya;con los amigos;de 15 a 29 años;No consta;población de 15 años o más (miles);..;null
2018;Catalunya;con los amigos;de 15 a 29 años;total;población de 15 años o más (miles);;1168,0
2018;Catalunya;con los amigos;de 30 a 44 años;solo catalán;población de 15 años o más (miles);;143,9
2018;Catalunya;con los amigos;de 30 a 44 años;más catalán que castellano;población de 15 años o más (miles);;262,0
2018;Catalunya;con los amigos;de 30 a 44 años;catalán y castellano;población de 15 años o más (miles);;301,2
2018;Catalunya;con los amigos;de 30 a 44 años;más castellano que catalán;población de 15 años o más (miles);;261,6
2018;Catalunya;con los amigos;de 30 a 44 años;solo castellano;población de 15 años o más (miles);;459,2
2018;Catalunya;con los amigos;de 30 a 44 años;otra lengua (o lenguas);población de 15 años o más (miles);;49,8
2018;Catalunya;con los amigos;de 30 a 44 años;catalán y otra lengua (o lenguas);población de 15 años o más (miles);..;null
2018;Catalunya;con los amigos;de 30 a 44 años;castellano y otra lengua (o lenguas);población de 15 años o más (miles);;152,2
2018;Catalunya;con los amigos;de 30 a 44 años;otras combinaciones de lenguas;población de 15 años o más (miles);;48,4
2018;Catalunya;con los amigos;de 30 a 44 años;No consta;población de 15 años o más (miles);..;null
2018;Catalunya;con los amigos;de 30 a 44 años;total;población de 15 años o más (miles);;1693,7
2018;Catalunya;con los amigos;de 45 a 64 años;solo catalán;población de 15 años o más (miles);;266,0
2018;Catalunya;con los amigos;de 45 a 64 años;más catalán que castellano;población de 15 años o más (miles);;362,0
2018;Catalunya;con los amigos;de 45 a 64 años;catalán y castellano;población de 15 años o más (miles);;414,1
2018;Catalunya;con los amigos;de 45 a 64 años;más castellano que catalán;población de 15 años o más (miles);;268,6
2018;Catalunya;con los amigos;de 45 a 64 años;solo castellano;población de 15 años o más (miles);;616,1
2018;Catalunya;con los amigos;de 45 a 64 años;otra lengua (o lenguas);población de 15 años o más (miles);;36,8
2018;Catalunya;con los amigos;de 45 a 64 años;catalán y otra lengua (o lenguas);población de 15 años o más (miles);..;null
2018;Catalunya;con los amigos;de 45 a 64 años;castellano y otra lengua (o lenguas);población de 15 años o más (miles);;80,1
2018;Catalunya;con los amigos;de 45 a 64 años;otras combinaciones de lenguas;población de 15 años o más (miles);;29,4
2018;Catalunya;con los amigos;de 45 a 64 años;No consta;población de 15 años o más (miles);..;null
2018;Catalunya;con los amigos;de 45 a 64 años;total;población de 15 años o más (miles);;2092,8
2018;Catalunya;con los amigos;65 años o más;solo catalán;población de 15 años o más (miles);;324,4
2018;Catalunya;con los amigos;65 años o más;más catalán que castellano;población de 15 años o más (miles);;229,7
2018;Catalunya;con los amigos;65 años o más;catalán y castellano;población de 15 años o más (miles);;226,8
2018;Catalunya;con los amigos;65 años o más;más castellano que catalán;población de 15 años o más (miles);;82,9
2018;Catalunya;con los amigos;65 años o más;solo castellano;población de 15 años o más (miles);;507,3
2018;Catalunya;con los amigos;65 años o más;otra lengua (o lenguas);población de 15 años o más (miles);..;null
2018;Catalunya;con los amigos;65 años o más;catalán y otra lengua (o lenguas);población de 15 años o más (miles);..;null
2018;Catalunya;con los amigos;65 años o más;castellano y otra lengua (o lenguas);población de 15 años o más (miles);;24,9
2018;Catalunya;con los amigos;65 años o más;otras combinaciones de lenguas;población de 15 años o más (miles);;11,7
2018;Catalunya;con los amigos;65 años o más;No consta;población de 15 años o más (miles);..;null
2018;Catalunya;con los amigos;65 años o más;total;población de 15 años o más (miles);;1432,1
2018;Catalunya;con los amigos;total;solo catalán;población de 15 años o más (miles);;854,6
2018;Catalunya;con los amigos;total;más catalán que castellano;población de 15 años o más (miles);;1050,8
2018;Catalunya;con los amigos;total;catalán y castellano;población de 15 años o más (miles);;1171,7
2018;Catalunya;con los amigos;total;más castellano que catalán;población de 15 años o más (miles);;834,5
2018;Catalunya;con los amigos;total;solo castellano;población de 15 años o más (miles);;1847,6
2018;Catalunya;con los amigos;total;otra lengua (o lenguas);población de 15 años o más (miles);;116,1
2018;Catalunya;con los amigos;total;catalán y otra lengua (o lenguas);población de 15 años o más (miles);;17,3
2018;Catalunya;con los amigos;total;castellano y otra lengua (o lenguas);población de 15 años o más (miles);;325,7
2018;Catalunya;con los amigos;total;otras combinaciones de lenguas;población de 15 años o más (miles);;127,2
2018;Catalunya;con los amigos;total;No consta;población de 15 años o más (miles);;41,1
2018;Catalunya;con los amigos;total;total;población de 15 años o más (miles);;6386,6
2018;Catalunya;con los vecinos;de 15 a 29 años;solo catalán;población de 15 años o más (miles);;205,2
2018;Catalunya;con los vecinos;de 15 a 29 años;más catalán que castellano;población de 15 años o más (miles);;143,7
2018;Catalunya;con los vecinos;de 15 a 29 años;catalán y castellano;población de 15 años o más (miles);;199,3
2018;Catalunya;con los vecinos;de 15 a 29 años;más castellano que catalán;población de 15 años o más (miles);;154,6
2018;Catalunya;con los vecinos;de 15 a 29 años;solo castellano;población de 15 años o más (miles);;399,8
2018;Catalunya;con los vecinos;de 15 a 29 años;otra lengua (o lenguas);población de 15 años o más (miles);..;null
2018;Catalunya;con los vecinos;de 15 a 29 años;catalán y otra lengua (o lenguas);población de 15 años o más (miles);..;null
2018;Catalunya;con los vecinos;de 15 a 29 años;castellano y otra lengua (o lenguas);población de 15 años o más (miles);;15,3
2018;Catalunya;con los vecinos;de 15 a 29 años;otras combinaciones de lenguas;población de 15 años o más (miles);;4,3
2018;Catalunya;con los vecinos;de 15 a 29 años;No consta;población de 15 años o más (miles);;36,6
2018;Catalunya;con los vecinos;de 15 a 29 años;total;población de 15 años o más (miles);;1168,0
2018;Catalunya;con los vecinos;de 30 a 44 años;solo catalán;población de 15 años o más (miles);;210,8
2018;Catalunya;con los vecinos;de 30 a 44 años;más catalán que castellano;población de 15 años o más (miles);;235,1
2018;Catalunya;con los vecinos;de 30 a 44 años;catalán y castellano;población de 15 años o más (miles);;292,6
2018;Catalunya;con los vecinos;de 30 a 44 años;más castellano que catalán;población de 15 años o más (miles);;224,3
2018;Catalunya;con los vecinos;de 30 a 44 años;solo castellano;población de 15 años o más (miles);;644,2
2018;Catalunya;con los vecinos;de 30 a 44 años;otra lengua (o lenguas);población de 15 años o más (miles);;17,9
2018;Catalunya;con los vecinos;de 30 a 44 años;catalán y otra lengua (o lenguas);población de 15 años o más (miles);..;null
2018;Catalunya;con los vecinos;de 30 a 44 años;castellano y otra lengua (o lenguas);población de 15 años o más (miles);;23,3
2018;Catalunya;con los vecinos;de 30 a 44 años;otras combinaciones de lenguas;población de 15 años o más (miles);;11,2
2018;Catalunya;con los vecinos;de 30 a 44 años;No consta;población de 15 años o más (miles);;30,8
2018;Catalunya;con los vecinos;de 30 a 44 años;total;población de 15 años o más (miles);;1693,7
2018;Catalunya;con los vecinos;de 45 a 64 años;solo catalán;población de 15 años o más (miles);;318,2
2018;Catalunya;con los vecinos;de 45 a 64 años;más catalán que castellano;población de 15 años o más (miles);;341,1
2018;Catalunya;con los vecinos;de 45 a 64 años;catalán y castellano;población de 15 años o más (miles);;381,9
2018;Catalunya;con los vecinos;de 45 a 64 años;más castellano que catalán;población de 15 años o más (miles);;234,4
2018;Catalunya;con los vecinos;de 45 a 64 años;solo castellano;población de 15 años o más (miles);;751,3
2018;Catalunya;con los vecinos;de 45 a 64 años;otra lengua (o lenguas);población de 15 años o más (miles);;14,3
2018;Catalunya;con los vecinos;de 45 a 64 años;catalán y otra lengua (o lenguas);población de 15 años o más (miles);..;null
2018;Catalunya;con los vecinos;de 45 a 64 años;castellano y otra lengua (o lenguas);población de 15 años o más (miles);;17,6
2018;Catalunya;con los vecinos;de 45 a 64 años;otras combinaciones de lenguas;población de 15 años o más (miles);;8,3
2018;Catalunya;con los vecinos;de 45 a 64 años;No consta;población de 15 años o más (miles);;23,4
2018;Catalunya;con los vecinos;de 45 a 64 años;total;población de 15 años o más (miles);;2092,8
2018;Catalunya;con los vecinos;65 años o más;solo catalán;población de 15 años o más (miles);;336,6
2018;Catalunya;con los vecinos;65 años o más;más catalán que castellano;población de 15 años o más (miles);;196,4
2018;Catalunya;con los vecinos;65 años o más;catalán y castellano;población de 15 años o más (miles);;220,9
2018;Catalunya;con los vecinos;65 años o más;más castellano que catalán;población de 15 años o más (miles);;83,6
2018;Catalunya;con los vecinos;65 años o más;solo castellano;población de 15 años o más (miles);;567,4
2018;Catalunya;con los vecinos;65 años o más;otra lengua (o lenguas);población de 15 años o más (miles);..;null
2018;Catalunya;con los vecinos;65 años o más;catalán y otra lengua (o lenguas);población de 15 años o más (miles);..;null
2018;Catalunya;con los vecinos;65 años o más;castellano y otra lengua (o lenguas);población de 15 años o más (miles);..;null
2018;Catalunya;con los vecinos;65 años o más;otras combinaciones de lenguas;población de 15 años o más (miles);;4,8
2018;Catalunya;con los vecinos;65 años o más;No consta;población de 15 años o más (miles);..;null
2018;Catalunya;con los vecinos;65 años o más;total;población de 15 años o más (miles);;1432,1
2018;Catalunya;con los vecinos;total;solo catalán;población de 15 años o más (miles);;1070,8
2018;Catalunya;con los vecinos;total;más catalán que castellano;población de 15 años o más (miles);;916,2
2018;Catalunya;con los vecinos;total;catalán y castellano;población de 15 años o más (miles);;1094,7
2018;Catalunya;con los vecinos;total;más castellano que catalán;población de 15 años o más (miles);;696,8
2018;Catalunya;con los vecinos;total;solo castellano;población de 15 años o más (miles);;2362,7
2018;Catalunya;con los vecinos;total;otra lengua (o lenguas);población de 15 años o más (miles);;41,6
2018;Catalunya;con los vecinos;total;catalán y otra lengua (o lenguas);población de 15 años o más (miles);;7,3
2018;Catalunya;con los vecinos;total;castellano y otra lengua (o lenguas);población de 15 años o más (miles);;63,7
2018;Catalunya;con los vecinos;total;otras combinaciones de lenguas;población de 15 años o más (miles);;28,7
2018;Catalunya;con los vecinos;total;No consta;población de 15 años o más (miles);;104,1
2018;Catalunya;con los vecinos;total;total;población de 15 años o más (miles);;6386,6
2018;Catalunya;con los compañeros de estudio;de 15 a 29 años;solo catalán;población de 15 años o más (miles);;102,1
2018;Catalunya;con los compañeros de estudio;de 15 a 29 años;más catalán que castellano;población de 15 años o más (miles);;134,9
2018;Catalunya;con los compañeros de estudio;de 15 a 29 años;catalán y castellano;población de 15 años o más (miles);;139,0
2018;Catalunya;con los compañeros de estudio;de 15 a 29 años;más castellano que catalán;población de 15 años o más (miles);;101,4
2018;Catalunya;con los compañeros de estudio;de 15 a 29 años;solo castellano;población de 15 años o más (miles);;125,3
2018;Catalunya;con los compañeros de estudio;de 15 a 29 años;otra lengua (o lenguas);población de 15 años o más (miles);;14,1
2018;Catalunya;con los compañeros de estudio;de 15 a 29 años;catalán y otra lengua (o lenguas);población de 15 años o más (miles);..;null
2018;Catalunya;con los compañeros de estudio;de 15 a 29 años;castellano y otra lengua (o lenguas);población de 15 años o más (miles);..;null
2018;Catalunya;con los compañeros de estudio;de 15 a 29 años;otras combinaciones de lenguas;población de 15 años o más (miles);;14,8
2018;Catalunya;con los compañeros de estudio;de 15 a 29 años;No consta;población de 15 años o más (miles);..;null
2018;Catalunya;con los compañeros de estudio;de 15 a 29 años;total;población de 15 años o más (miles);;655,7
2018;Catalunya;con los compañeros de estudio;de 30 a 44 años;solo catalán;población de 15 años o más (miles);;37,4
2018;Catalunya;con los compañeros de estudio;de 30 a 44 años;más catalán que castellano;población de 15 años o más (miles);;28,4
2018;Catalunya;con los compañeros de estudio;de 30 a 44 años;catalán y castellano;población de 15 años o más (miles);;33,2
2018;Catalunya;con los compañeros de estudio;de 30 a 44 años;más castellano que catalán;población de 15 años o más (miles);;24,6
2018;Catalunya;con los compañeros de estudio;de 30 a 44 años;solo castellano;población de 15 años o más (miles);;51,4
2018;Catalunya;con los compañeros de estudio;de 30 a 44 años;otra lengua (o lenguas);población de 15 años o más (miles);..;null
2018;Catalunya;con los compañeros de estudio;de 30 a 44 años;catalán y otra lengua (o lenguas);población de 15 años o más (miles);..;null
2018;Catalunya;con los compañeros de estudio;de 30 a 44 años;castellano y otra lengua (o lenguas);población de 15 años o más (miles);..;null
2018;Catalunya;con los compañeros de estudio;de 30 a 44 años;otras combinaciones de lenguas;población de 15 años o más (miles);..;null
2018;Catalunya;con los compañeros de estudio;de 30 a 44 años;No consta;población de 15 años o más (miles);..;null
2018;Catalunya;con los compañeros de estudio;de 30 a 44 años;total;población de 15 años o más (miles);;203,4
2018;Catalunya;con los compañeros de estudio;de 45 a 64 años;solo catalán;población de 15 años o más (miles);;36,9
2018;Catalunya;con los compañeros de estudio;de 45 a 64 años;más catalán que castellano;población de 15 años o más (miles);;21,1
2018;Catalunya;con los compañeros de estudio;de 45 a 64 años;catalán y castellano;población de 15 años o más (miles);;29,0
2018;Catalunya;con los compañeros de estudio;de 45 a 64 años;más castellano que catalán;población de 15 años o más (miles);..;null
2018;Catalunya;con los compañeros de estudio;de 45 a 64 años;solo castellano;población de 15 años o más (miles);;33,0
2018;Catalunya;con los compañeros de estudio;de 45 a 64 años;otra lengua (o lenguas);población de 15 años o más (miles);..;null
2018;Catalunya;con los compañeros de estudio;de 45 a 64 años;catalán y otra lengua (o lenguas);población de 15 años o más (miles);..;null
2018;Catalunya;con los compañeros de estudio;de 45 a 64 años;castellano y otra lengua (o lenguas);población de 15 años o más (miles);..;null
2018;Catalunya;con los compañeros de estudio;de 45 a 64 años;otras combinaciones de lenguas;población de 15 años o más (miles);..;null
2018;Catalunya;con los compañeros de estudio;de 45 a 64 años;No consta;población de 15 años o más (miles);..;null
2018;Catalunya;con los compañeros de estudio;de 45 a 64 años;total;población de 15 años o más (miles);;168,0
2018;Catalunya;con los compañeros de estudio;65 años o más;solo catalán;población de 15 años o más (miles);;21,4
2018;Catalunya;con los compañeros de estudio;65 años o más;más catalán que castellano;población de 15 años o más (miles);..;null
2018;Catalunya;con los compañeros de estudio;65 años o más;catalán y castellano;población de 15 años o más (miles);..;null
2018;Catalunya;con los compañeros de estudio;65 años o más;más castellano que catalán;población de 15 años o más (miles);..;null
2018;Catalunya;con los compañeros de estudio;65 años o más;solo castellano;población de 15 años o más (miles);..;null
2018;Catalunya;con los compañeros de estudio;65 años o más;otra lengua (o lenguas);población de 15 años o más (miles);..;null
2018;Catalunya;con los compañeros de estudio;65 años o más;catalán y otra lengua (o lenguas);población de 15 años o más (miles);..;null
2018;Catalunya;con los compañeros de estudio;65 años o más;castellano y otra lengua (o lenguas);población de 15 años o más (miles);..;null
2018;Catalunya;con los compañeros de estudio;65 años o más;otras combinaciones de lenguas;población de 15 años o más (miles);..;null
2018;Catalunya;con los compañeros de estudio;65 años o más;No consta;población de 15 años o más (miles);..;null
2018;Catalunya;con los compañeros de estudio;65 años o más;total;población de 15 años o más (miles);;57,1
2018;Catalunya;con los compañeros de estudio;total;solo catalán;población de 15 años o más (miles);;197,8
2018;Catalunya;con los compañeros de estudio;total;más catalán que castellano;población de 15 años o más (miles);;196,4
2018;Catalunya;con los compañeros de estudio;total;catalán y castellano;población de 15 años o más (miles);;207,6
2018;Catalunya;con los compañeros de estudio;total;más castellano que catalán;población de 15 años o más (miles);;139,4
2018;Catalunya;con los compañeros de estudio;total;solo castellano;población de 15 años o más (miles);;216,0
2018;Catalunya;con los compañeros de estudio;total;otra lengua (o lenguas);población de 15 años o más (miles);;36,1
2018;Catalunya;con los compañeros de estudio;total;catalán y otra lengua (o lenguas);población de 15 años o más (miles);;20,7
2018;Catalunya;con los compañeros de estudio;total;castellano y otra lengua (o lenguas);población de 15 años o más (miles);;27,0
2018;Catalunya;con los compañeros de estudio;total;otras combinaciones de lenguas;población de 15 años o más (miles);;28,2
2018;Catalunya;con los compañeros de estudio;total;No consta;población de 15 años o más (miles);;15,0
2018;Catalunya;con los compañeros de estudio;total;total;población de 15 años o más (miles);;1084,2
2018;Catalunya;con los compañeros de trabajo;de 15 a 29 años;solo catalán;población de 15 años o más (miles);;78,2
2018;Catalunya;con los compañeros de trabajo;de 15 a 29 años;más catalán que castellano;población de 15 años o más (miles);;62,7
2018;Catalunya;con los compañeros de trabajo;de 15 a 29 años;catalán y castellano;población de 15 años o más (miles);;111,6
2018;Catalunya;con los compañeros de trabajo;de 15 a 29 años;más castellano que catalán;población de 15 años o más (miles);;68,7
2018;Catalunya;con los compañeros de trabajo;de 15 a 29 años;solo castellano;población de 15 años o más (miles);;116,5
2018;Catalunya;con los compañeros de trabajo;de 15 a 29 años;otra lengua (o lenguas);población de 15 años o más (miles);..;null
2018;Catalunya;con los compañeros de trabajo;de 15 a 29 años;catalán y otra lengua (o lenguas);población de 15 años o más (miles);..;null
2018;Catalunya;con los compañeros de trabajo;de 15 a 29 años;castellano y otra lengua (o lenguas);población de 15 años o más (miles);;20,2
2018;Catalunya;con los compañeros de trabajo;de 15 a 29 años;otras combinaciones de lenguas;población de 15 años o más (miles);;14,9
2018;Catalunya;con los compañeros de trabajo;de 15 a 29 años;No consta;población de 15 años o más (miles);;19,6
2018;Catalunya;con los compañeros de trabajo;de 15 a 29 años;total;población de 15 años o más (miles);;501,6
2018;Catalunya;con los compañeros de trabajo;de 30 a 44 años;solo catalán;población de 15 años o más (miles);;180,0
2018;Catalunya;con los compañeros de trabajo;de 30 a 44 años;más catalán que castellano;población de 15 años o más (miles);;210,0
2018;Catalunya;con los compañeros de trabajo;de 30 a 44 años;catalán y castellano;población de 15 años o más (miles);;275,5
2018;Catalunya;con los compañeros de trabajo;de 30 a 44 años;más castellano que catalán;población de 15 años o más (miles);;194,0
2018;Catalunya;con los compañeros de trabajo;de 30 a 44 años;solo castellano;población de 15 años o más (miles);;385,2
2018;Catalunya;con los compañeros de trabajo;de 30 a 44 años;otra lengua (o lenguas);población de 15 años o más (miles);;17,1
2018;Catalunya;con los compañeros de trabajo;de 30 a 44 años;catalán y otra lengua (o lenguas);población de 15 años o más (miles);..;null
2018;Catalunya;con los compañeros de trabajo;de 30 a 44 años;castellano y otra lengua (o lenguas);población de 15 años o más (miles);;45,8
2018;Catalunya;con los compañeros de trabajo;de 30 a 44 años;otras combinaciones de lenguas;población de 15 años o más (miles);;22,5
2018;Catalunya;con los compañeros de trabajo;de 30 a 44 años;No consta;población de 15 años o más (miles);;34,9
2018;Catalunya;con los compañeros de trabajo;de 30 a 44 años;total;población de 15 años o más (miles);;1369,8
2018;Catalunya;con los compañeros de trabajo;de 45 a 64 años;solo catalán;población de 15 años o más (miles);;239,8
2018;Catalunya;con los compañeros de trabajo;de 45 a 64 años;más catalán que castellano;población de 15 años o más (miles);;219,1
2018;Catalunya;con los compañeros de trabajo;de 45 a 64 años;catalán y castellano;población de 15 años o más (miles);;274,9
2018;Catalunya;con los compañeros de trabajo;de 45 a 64 años;más castellano que catalán;población de 15 años o más (miles);;171,3
2018;Catalunya;con los compañeros de trabajo;de 45 a 64 años;solo castellano;población de 15 años o más (miles);;346,3
2018;Catalunya;con los compañeros de trabajo;de 45 a 64 años;otra lengua (o lenguas);población de 15 años o más (miles);;14,5
2018;Catalunya;con los compañeros de trabajo;de 45 a 64 años;catalán y otra lengua (o lenguas);población de 15 años o más (miles);..;null
2018;Catalunya;con los compañeros de trabajo;de 45 a 64 años;castellano y otra lengua (o lenguas);población de 15 años o más (miles);;25,9
2018;Catalunya;con los compañeros de trabajo;de 45 a 64 años;otras combinaciones de lenguas;población de 15 años o más (miles);;21,4
2018;Catalunya;con los compañeros de trabajo;de 45 a 64 años;No consta;población de 15 años o más (miles);;80,4
2018;Catalunya;con los compañeros de trabajo;de 45 a 64 años;total;población de 15 años o más (miles);;1395,4
2018;Catalunya;con los compañeros de trabajo;65 años o más;solo catalán;población de 15 años o más (miles);..;null
2018;Catalunya;con los compañeros de trabajo;65 años o más;más catalán que castellano;población de 15 años o más (miles);..;null
2018;Catalunya;con los compañeros de trabajo;65 años o más;catalán y castellano;población de 15 años o más (miles);..;null
2018;Catalunya;con los compañeros de trabajo;65 años o más;más castellano que catalán;población de 15 años o más (miles);..;null
2018;Catalunya;con los compañeros de trabajo;65 años o más;solo castellano;población de 15 años o más (miles);..;null
2018;Catalunya;con los compañeros de trabajo;65 años o más;otra lengua (o lenguas);población de 15 años o más (miles);..;null
2018;Catalunya;con los compañeros de trabajo;65 años o más;catalán y otra lengua (o lenguas);población de 15 años o más (miles);..;null
2018;Catalunya;con los compañeros de trabajo;65 años o más;castellano y otra lengua (o lenguas);población de 15 años o más (miles);..;null
2018;Catalunya;con los compañeros de trabajo;65 años o más;otras combinaciones de lenguas;población de 15 años o más (miles);..;null
2018;Catalunya;con los compañeros de trabajo;65 años o más;No consta;población de 15 años o más (miles);..;null
2018;Catalunya;con los compañeros de trabajo;65 años o más;total;población de 15 años o más (miles);;35,6
2018;Catalunya;con los compañeros de trabajo;total;solo catalán;población de 15 años o más (miles);;504,8
2018;Catalunya;con los compañeros de trabajo;total;más catalán que castellano;población de 15 años o más (miles);;498,7
2018;Catalunya;con los compañeros de trabajo;total;catalán y castellano;población de 15 años o más (miles);;666,0
2018;Catalunya;con los compañeros de trabajo;total;más castellano que catalán;población de 15 años o más (miles);;435,6
2018;Catalunya;con los compañeros de trabajo;total;solo castellano;población de 15 años o más (miles);;859,4
2018;Catalunya;con los compañeros de trabajo;total;otra lengua (o lenguas);población de 15 años o más (miles);;39,7
2018;Catalunya;con los compañeros de trabajo;total;catalán y otra lengua (o lenguas);población de 15 años o más (miles);;8,0
2018;Catalunya;con los compañeros de trabajo;total;castellano y otra lengua (o lenguas);población de 15 años o más (miles);;93,9
2018;Catalunya;con los compañeros de trabajo;total;otras combinaciones de lenguas;población de 15 años o más (miles);;58,9
2018;Catalunya;con los compañeros de trabajo;total;No consta;población de 15 años o más (miles);;137,4
2018;Catalunya;con los compañeros de trabajo;total;total;población de 15 años o más (miles);;3302,5
2018;Catalunya;con usuarios o clientes de Cataluña;de 15 a 29 años;solo catalán;población de 15 años o más (miles);;58,6
2018;Catalunya;con usuarios o clientes de Cataluña;de 15 a 29 años;más catalán que castellano;población de 15 años o más (miles);;82,4
2018;Catalunya;con usuarios o clientes de Cataluña;de 15 a 29 años;catalán y castellano;población de 15 años o más (miles);;143,1
2018;Catalunya;con usuarios o clientes de Cataluña;de 15 a 29 años;más castellano que catalán;población de 15 años o más (miles);;50,6
2018;Catalunya;con usuarios o clientes de Cataluña;de 15 a 29 años;solo castellano;población de 15 años o más (miles);;57,2
2018;Catalunya;con usuarios o clientes de Cataluña;de 15 a 29 años;otra lengua (o lenguas);población de 15 años o más (miles);..;null
2018;Catalunya;con usuarios o clientes de Cataluña;de 15 a 29 años;catalán y otra lengua (o lenguas);población de 15 años o más (miles);..;null
2018;Catalunya;con usuarios o clientes de Cataluña;de 15 a 29 años;castellano y otra lengua (o lenguas);población de 15 años o más (miles);..;null
2018;Catalunya;con usuarios o clientes de Cataluña;de 15 a 29 años;otras combinaciones de lenguas;población de 15 años o más (miles);;27,4
2018;Catalunya;con usuarios o clientes de Cataluña;de 15 a 29 años;No consta;población de 15 años o más (miles);..;null
2018;Catalunya;con usuarios o clientes de Cataluña;de 15 a 29 años;total;población de 15 años o más (miles);;440,2
2018;Catalunya;con usuarios o clientes de Cataluña;de 30 a 44 años;solo catalán;población de 15 años o más (miles);;128,8
2018;Catalunya;con usuarios o clientes de Cataluña;de 30 a 44 años;más catalán que castellano;población de 15 años o más (miles);;279,8
2018;Catalunya;con usuarios o clientes de Cataluña;de 30 a 44 años;catalán y castellano;población de 15 años o más (miles);;324,2
2018;Catalunya;con usuarios o clientes de Cataluña;de 30 a 44 años;más castellano que catalán;población de 15 años o más (miles);;159,4
2018;Catalunya;con usuarios o clientes de Cataluña;de 30 a 44 años;solo castellano;población de 15 años o más (miles);;252,7
2018;Catalunya;con usuarios o clientes de Cataluña;de 30 a 44 años;otra lengua (o lenguas);población de 15 años o más (miles);..;null
2018;Catalunya;con usuarios o clientes de Cataluña;de 30 a 44 años;catalán y otra lengua (o lenguas);población de 15 años o más (miles);..;null
2018;Catalunya;con usuarios o clientes de Cataluña;de 30 a 44 años;castellano y otra lengua (o lenguas);población de 15 años o más (miles);;35,6
2018;Catalunya;con usuarios o clientes de Cataluña;de 30 a 44 años;otras combinaciones de lenguas;población de 15 años o más (miles);;37,7
2018;Catalunya;con usuarios o clientes de Cataluña;de 30 a 44 años;No consta;población de 15 años o más (miles);..;null
2018;Catalunya;con usuarios o clientes de Cataluña;de 30 a 44 años;total;población de 15 años o más (miles);;1243,5
2018;Catalunya;con usuarios o clientes de Cataluña;de 45 a 64 años;solo catalán;población de 15 años o más (miles);;146,8
2018;Catalunya;con usuarios o clientes de Cataluña;de 45 a 64 años;más catalán que castellano;población de 15 años o más (miles);;334,3
2018;Catalunya;con usuarios o clientes de Cataluña;de 45 a 64 años;catalán y castellano;población de 15 años o más (miles);;349,0
2018;Catalunya;con usuarios o clientes de Cataluña;de 45 a 64 años;más castellano que catalán;población de 15 años o más (miles);;137,2
2018;Catalunya;con usuarios o clientes de Cataluña;de 45 a 64 años;solo castellano;población de 15 años o más (miles);;227,6
2018;Catalunya;con usuarios o clientes de Cataluña;de 45 a 64 años;otra lengua (o lenguas);población de 15 años o más (miles);..;null
2018;Catalunya;con usuarios o clientes de Cataluña;de 45 a 64 años;catalán y otra lengua (o lenguas);población de 15 años o más (miles);..;null
2018;Catalunya;con usuarios o clientes de Cataluña;de 45 a 64 años;castellano y otra lengua (o lenguas);población de 15 años o más (miles);;21,2
2018;Catalunya;con usuarios o clientes de Cataluña;de 45 a 64 años;otras combinaciones de lenguas;población de 15 años o más (miles);;24,5
2018;Catalunya;con usuarios o clientes de Cataluña;de 45 a 64 años;No consta;población de 15 años o más (miles);..;null
2018;Catalunya;con usuarios o clientes de Cataluña;de 45 a 64 años;total;población de 15 años o más (miles);;1257,3
2018;Catalunya;con usuarios o clientes de Cataluña;65 años o más;solo catalán;población de 15 años o más (miles);..;null
2018;Catalunya;con usuarios o clientes de Cataluña;65 años o más;más catalán que castellano;población de 15 años o más (miles);..;null
2018;Catalunya;con usuarios o clientes de Cataluña;65 años o más;catalán y castellano;población de 15 años o más (miles);..;null
2018;Catalunya;con usuarios o clientes de Cataluña;65 años o más;más castellano que catalán;población de 15 años o más (miles);..;null
2018;Catalunya;con usuarios o clientes de Cataluña;65 años o más;solo castellano;población de 15 años o más (miles);..;null
2018;Catalunya;con usuarios o clientes de Cataluña;65 años o más;otra lengua (o lenguas);población de 15 años o más (miles);..;null
2018;Catalunya;con usuarios o clientes de Cataluña;65 años o más;catalán y otra lengua (o lenguas);población de 15 años o más (miles);..;null
2018;Catalunya;con usuarios o clientes de Cataluña;65 años o más;castellano y otra lengua (o lenguas);población de 15 años o más (miles);..;null
2018;Catalunya;con usuarios o clientes de Cataluña;65 años o más;otras combinaciones de lenguas;población de 15 años o más (miles);..;null
2018;Catalunya;con usuarios o clientes de Cataluña;65 años o más;No consta;población de 15 años o más (miles);..;null
2018;Catalunya;con usuarios o clientes de Cataluña;65 años o más;total;población de 15 años o más (miles);;33,4
2018;Catalunya;con usuarios o clientes de Cataluña;total;solo catalán;población de 15 años o más (miles);;336,1
2018;Catalunya;con usuarios o clientes de Cataluña;total;más catalán que castellano;población de 15 años o más (miles);;705,2
2018;Catalunya;con usuarios o clientes de Cataluña;total;catalán y castellano;población de 15 años o más (miles);;823,4
2018;Catalunya;con usuarios o clientes de Cataluña;total;más castellano que catalán;población de 15 años o más (miles);;350,8
2018;Catalunya;con usuarios o clientes de Cataluña;total;solo castellano;población de 15 años o más (miles);;545,9
2018;Catalunya;con usuarios o clientes de Cataluña;total;otra lengua (o lenguas);población de 15 años o más (miles);;23,9
2018;Catalunya;con usuarios o clientes de Cataluña;total;catalán y otra lengua (o lenguas);población de 15 años o más (miles);;11,1
2018;Catalunya;con usuarios o clientes de Cataluña;total;castellano y otra lengua (o lenguas);población de 15 años o más (miles);;65,2
2018;Catalunya;con usuarios o clientes de Cataluña;total;otras combinaciones de lenguas;población de 15 años o más (miles);;90,9
2018;Catalunya;con usuarios o clientes de Cataluña;total;No consta;población de 15 años o más (miles);;21,9
2018;Catalunya;con usuarios o clientes de Cataluña;total;total;población de 15 años o más (miles);;2974,4
2018;Catalunya;con los compañeros de deporte;de 15 a 29 años;solo catalán;población de 15 años o más (miles);..;null
2018;Catalunya;con los compañeros de deporte;de 15 a 29 años;más catalán que castellano;población de 15 años o más (miles);..;null
2018;Catalunya;con los compañeros de deporte;de 15 a 29 años;catalán y castellano;población de 15 años o más (miles);..;null
2018;Catalunya;con los compañeros de deporte;de 15 a 29 años;más castellano que catalán;población de 15 años o más (miles);..;null
2018;Catalunya;con los compañeros de deporte;de 15 a 29 años;solo castellano;población de 15 años o más (miles);..;null
2018;Catalunya;con los compañeros de deporte;de 15 a 29 años;otra lengua (o lenguas);población de 15 años o más (miles);..;null
2018;Catalunya;con los compañeros de deporte;de 15 a 29 años;catalán y otra lengua (o lenguas);población de 15 años o más (miles);..;null
2018;Catalunya;con los compañeros de deporte;de 15 a 29 años;castellano y otra lengua (o lenguas);población de 15 años o más (miles);..;null
2018;Catalunya;con los compañeros de deporte;de 15 a 29 años;otras combinaciones de lenguas;población de 15 años o más (miles);..;null
2018;Catalunya;con los compañeros de deporte;de 15 a 29 años;No consta;población de 15 años o más (miles);..;null
2018;Catalunya;con los compañeros de deporte;de 15 a 29 años;total;población de 15 años o más (miles);..;null
2018;Catalunya;con los compañeros de deporte;de 30 a 44 años;solo catalán;población de 15 años o más (miles);..;null
2018;Catalunya;con los compañeros de deporte;de 30 a 44 años;más catalán que castellano;población de 15 años o más (miles);..;null
2018;Catalunya;con los compañeros de deporte;de 30 a 44 años;catalán y castellano;población de 15 años o más (miles);..;null
2018;Catalunya;con los compañeros de deporte;de 30 a 44 años;más castellano que catalán;población de 15 años o más (miles);..;null
2018;Catalunya;con los compañeros de deporte;de 30 a 44 años;solo castellano;población de 15 años o más (miles);..;null
2018;Catalunya;con los compañeros de deporte;de 30 a 44 años;otra lengua (o lenguas);población de 15 años o más (miles);..;null
2018;Catalunya;con los compañeros de deporte;de 30 a 44 años;catalán y otra lengua (o lenguas);población de 15 años o más (miles);..;null
2018;Catalunya;con los compañeros de deporte;de 30 a 44 años;castellano y otra lengua (o lenguas);población de 15 años o más (miles);..;null
2018;Catalunya;con los compañeros de deporte;de 30 a 44 años;otras combinaciones de lenguas;población de 15 años o más (miles);..;null
2018;Catalunya;con los compañeros de deporte;de 30 a 44 años;No consta;población de 15 años o más (miles);..;null
2018;Catalunya;con los compañeros de deporte;de 30 a 44 años;total;población de 15 años o más (miles);..;null
2018;Catalunya;con los compañeros de deporte;de 45 a 64 años;solo catalán;población de 15 años o más (miles);..;null
2018;Catalunya;con los compañeros de deporte;de 45 a 64 años;más catalán que castellano;población de 15 años o más (miles);..;null
2018;Catalunya;con los compañeros de deporte;de 45 a 64 años;catalán y castellano;población de 15 años o más (miles);..;null
2018;Catalunya;con los compañeros de deporte;de 45 a 64 años;más castellano que catalán;población de 15 años o más (miles);..;null
2018;Catalunya;con los compañeros de deporte;de 45 a 64 años;solo castellano;población de 15 años o más (miles);..;null
2018;Catalunya;con los compañeros de deporte;de 45 a 64 años;otra lengua (o lenguas);población de 15 años o más (miles);..;null
2018;Catalunya;con los compañeros de deporte;de 45 a 64 años;catalán y otra lengua (o lenguas);población de 15 años o más (miles);..;null
2018;Catalunya;con los compañeros de deporte;de 45 a 64 años;castellano y otra lengua (o lenguas);población de 15 años o más (miles);..;null
2018;Catalunya;con los compañeros de deporte;de 45 a 64 años;otras combinaciones de lenguas;población de 15 años o más (miles);..;null
2018;Catalunya;con los compañeros de deporte;de 45 a 64 años;No consta;población de 15 años o más (miles);..;null
2018;Catalunya;con los compañeros de deporte;de 45 a 64 años;total;población de 15 años o más (miles);..;null
2018;Catalunya;con los compañeros de deporte;65 años o más;solo catalán;población de 15 años o más (miles);..;null
2018;Catalunya;con los compañeros de deporte;65 años o más;más catalán que castellano;población de 15 años o más (miles);..;null
2018;Catalunya;con los compañeros de deporte;65 años o más;catalán y castellano;población de 15 años o más (miles);..;null
2018;Catalunya;con los compañeros de deporte;65 años o más;más castellano que catalán;población de 15 años o más (miles);..;null
2018;Catalunya;con los compañeros de deporte;65 años o más;solo castellano;población de 15 años o más (miles);..;null
2018;Catalunya;con los compañeros de deporte;65 años o más;otra lengua (o lenguas);población de 15 años o más (miles);..;null
2018;Catalunya;con los compañeros de deporte;65 años o más;catalán y otra lengua (o lenguas);población de 15 años o más (miles);..;null
2018;Catalunya;con los compañeros de deporte;65 años o más;castellano y otra lengua (o lenguas);población de 15 años o más (miles);..;null
2018;Catalunya;con los compañeros de deporte;65 años o más;otras combinaciones de lenguas;población de 15 años o más (miles);..;null
2018;Catalunya;con los compañeros de deporte;65 años o más;No consta;población de 15 años o más (miles);..;null
2018;Catalunya;con los compañeros de deporte;65 años o más;total;población de 15 años o más (miles);..;null
2018;Catalunya;con los compañeros de deporte;total;solo catalán;población de 15 años o más (miles);..;null
2018;Catalunya;con los compañeros de deporte;total;más catalán que castellano;población de 15 años o más (miles);..;null
2018;Catalunya;con los compañeros de deporte;total;catalán y castellano;población de 15 años o más (miles);..;null
2018;Catalunya;con los compañeros de deporte;total;más castellano que catalán;población de 15 años o más (miles);..;null
2018;Catalunya;con los compañeros de deporte;total;solo castellano;población de 15 años o más (miles);..;null
2018;Catalunya;con los compañeros de deporte;total;otra lengua (o lenguas);población de 15 años o más (miles);..;null
2018;Catalunya;con los compañeros de deporte;total;catalán y otra lengua (o lenguas);población de 15 años o más (miles);..;null
2018;Catalunya;con los compañeros de deporte;total;castellano y otra lengua (o lenguas);población de 15 años o más (miles);..;null
2018;Catalunya;con los compañeros de deporte;total;otras combinaciones de lenguas;población de 15 años o más (miles);..;null
2018;Catalunya;con los compañeros de deporte;total;No consta;población de 15 años o más (miles);..;null
2018;Catalunya;con los compañeros de deporte;total;total;población de 15 años o más (miles);..;null
2018;Catalunya;en el centro de culto;de 15 a 29 años;solo catalán;población de 15 años o más (miles);..;null
2018;Catalunya;en el centro de culto;de 15 a 29 años;más catalán que castellano;población de 15 años o más (miles);..;null
2018;Catalunya;en el centro de culto;de 15 a 29 años;catalán y castellano;población de 15 años o más (miles);..;null
2018;Catalunya;en el centro de culto;de 15 a 29 años;más castellano que catalán;población de 15 años o más (miles);..;null
2018;Catalunya;en el centro de culto;de 15 a 29 años;solo castellano;población de 15 años o más (miles);..;null
2018;Catalunya;en el centro de culto;de 15 a 29 años;otra lengua (o lenguas);población de 15 años o más (miles);..;null
2018;Catalunya;en el centro de culto;de 15 a 29 años;catalán y otra lengua (o lenguas);población de 15 años o más (miles);..;null
2018;Catalunya;en el centro de culto;de 15 a 29 años;castellano y otra lengua (o lenguas);población de 15 años o más (miles);..;null
2018;Catalunya;en el centro de culto;de 15 a 29 años;otras combinaciones de lenguas;población de 15 años o más (miles);..;null
2018;Catalunya;en el centro de culto;de 15 a 29 años;No consta;población de 15 años o más (miles);..;null
2018;Catalunya;en el centro de culto;de 15 a 29 años;total;población de 15 años o más (miles);..;null
2018;Catalunya;en el centro de culto;de 30 a 44 años;solo catalán;población de 15 años o más (miles);..;null
2018;Catalunya;en el centro de culto;de 30 a 44 años;más catalán que castellano;población de 15 años o más (miles);..;null
2018;Catalunya;en el centro de culto;de 30 a 44 años;catalán y castellano;población de 15 años o más (miles);..;null
2018;Catalunya;en el centro de culto;de 30 a 44 años;más castellano que catalán;población de 15 años o más (miles);..;null
2018;Catalunya;en el centro de culto;de 30 a 44 años;solo castellano;población de 15 años o más (miles);..;null
2018;Catalunya;en el centro de culto;de 30 a 44 años;otra lengua (o lenguas);población de 15 años o más (miles);..;null
2018;Catalunya;en el centro de culto;de 30 a 44 años;catalán y otra lengua (o lenguas);población de 15 años o más (miles);..;null
2018;Catalunya;en el centro de culto;de 30 a 44 años;castellano y otra lengua (o lenguas);población de 15 años o más (miles);..;null
2018;Catalunya;en el centro de culto;de 30 a 44 años;otras combinaciones de lenguas;población de 15 años o más (miles);..;null
2018;Catalunya;en el centro de culto;de 30 a 44 años;No consta;población de 15 años o más (miles);..;null
2018;Catalunya;en el centro de culto;de 30 a 44 años;total;población de 15 años o más (miles);..;null
2018;Catalunya;en el centro de culto;de 45 a 64 años;solo catalán;población de 15 años o más (miles);..;null
2018;Catalunya;en el centro de culto;de 45 a 64 años;más catalán que castellano;población de 15 años o más (miles);..;null
2018;Catalunya;en el centro de culto;de 45 a 64 años;catalán y castellano;población de 15 años o más (miles);..;null
2018;Catalunya;en el centro de culto;de 45 a 64 años;más castellano que catalán;población de 15 años o más (miles);..;null
2018;Catalunya;en el centro de culto;de 45 a 64 años;solo castellano;población de 15 años o más (miles);..;null
2018;Catalunya;en el centro de culto;de 45 a 64 años;otra lengua (o lenguas);población de 15 años o más (miles);..;null
2018;Catalunya;en el centro de culto;de 45 a 64 años;catalán y otra lengua (o lenguas);población de 15 años o más (miles);..;null
2018;Catalunya;en el centro de culto;de 45 a 64 años;castellano y otra lengua (o lenguas);población de 15 años o más (miles);..;null
2018;Catalunya;en el centro de culto;de 45 a 64 años;otras combinaciones de lenguas;población de 15 años o más (miles);..;null
2018;Catalunya;en el centro de culto;de 45 a 64 años;No consta;población de 15 años o más (miles);..;null
2018;Catalunya;en el centro de culto;de 45 a 64 años;total;población de 15 años o más (miles);..;null
2018;Catalunya;en el centro de culto;65 años o más;solo catalán;población de 15 años o más (miles);..;null
2018;Catalunya;en el centro de culto;65 años o más;más catalán que castellano;población de 15 años o más (miles);..;null
2018;Catalunya;en el centro de culto;65 años o más;catalán y castellano;población de 15 años o más (miles);..;null
2018;Catalunya;en el centro de culto;65 años o más;más castellano que catalán;población de 15 años o más (miles);..;null
2018;Catalunya;en el centro de culto;65 años o más;solo castellano;población de 15 años o más (miles);..;null
2018;Catalunya;en el centro de culto;65 años o más;otra lengua (o lenguas);población de 15 años o más (miles);..;null
2018;Catalunya;en el centro de culto;65 años o más;catalán y otra lengua (o lenguas);población de 15 años o más (miles);..;null
2018;Catalunya;en el centro de culto;65 años o más;castellano y otra lengua (o lenguas);población de 15 años o más (miles);..;null
2018;Catalunya;en el centro de culto;65 años o más;otras combinaciones de lenguas;población de 15 años o más (miles);..;null
2018;Catalunya;en el centro de culto;65 años o más;No consta;población de 15 años o más (miles);..;null
2018;Catalunya;en el centro de culto;65 años o más;total;población de 15 años o más (miles);..;null
2018;Catalunya;en el centro de culto;total;solo catalán;población de 15 años o más (miles);..;null
2018;Catalunya;en el centro de culto;total;más catalán que castellano;población de 15 años o más (miles);..;null
2018;Catalunya;en el centro de culto;total;catalán y castellano;población de 15 años o más (miles);..;null
2018;Catalunya;en el centro de culto;total;más castellano que catalán;población de 15 años o más (miles);..;null
2018;Catalunya;en el centro de culto;total;solo castellano;población de 15 años o más (miles);..;null
2018;Catalunya;en el centro de culto;total;otra lengua (o lenguas);población de 15 años o más (miles);..;null
2018;Catalunya;en el centro de culto;total;catalán y otra lengua (o lenguas);población de 15 años o más (miles);..;null
2018;Catalunya;en el centro de culto;total;castellano y otra lengua (o lenguas);población de 15 años o más (miles);..;null
2018;Catalunya;en el centro de culto;total;otras combinaciones de lenguas;población de 15 años o más (miles);..;null
2018;Catalunya;en el centro de culto;total;No consta;población de 15 años o más (miles);..;null
2018;Catalunya;en el centro de culto;total;total;población de 15 años o más (miles);..;null
2018;Catalunya;en el pequeño comercio;de 15 a 29 años;solo catalán;población de 15 años o más (miles);;187,7
2018;Catalunya;en el pequeño comercio;de 15 a 29 años;más catalán que castellano;población de 15 años o más (miles);;233,9
2018;Catalunya;en el pequeño comercio;de 15 a 29 años;catalán y castellano;población de 15 años o más (miles);;251,8
2018;Catalunya;en el pequeño comercio;de 15 a 29 años;más castellano que catalán;población de 15 años o más (miles);;152,6
2018;Catalunya;en el pequeño comercio;de 15 a 29 años;solo castellano;población de 15 años o más (miles);;320,9
2018;Catalunya;en el pequeño comercio;de 15 a 29 años;otra lengua (o lenguas);población de 15 años o más (miles);..;null
2018;Catalunya;en el pequeño comercio;de 15 a 29 años;catalán y otra lengua (o lenguas);población de 15 años o más (miles);..;null
2018;Catalunya;en el pequeño comercio;de 15 a 29 años;castellano y otra lengua (o lenguas);población de 15 años o más (miles);..;null
2018;Catalunya;en el pequeño comercio;de 15 a 29 años;otras combinaciones de lenguas;población de 15 años o más (miles);..;null
2018;Catalunya;en el pequeño comercio;de 15 a 29 años;No consta;población de 15 años o más (miles);..;null
2018;Catalunya;en el pequeño comercio;de 15 a 29 años;total;población de 15 años o más (miles);;1168,0
2018;Catalunya;en el pequeño comercio;de 30 a 44 años;solo catalán;población de 15 años o más (miles);;264,4
2018;Catalunya;en el pequeño comercio;de 30 a 44 años;más catalán que castellano;población de 15 años o más (miles);;322,8
2018;Catalunya;en el pequeño comercio;de 30 a 44 años;catalán y castellano;población de 15 años o más (miles);;313,3
2018;Catalunya;en el pequeño comercio;de 30 a 44 años;más castellano que catalán;población de 15 años o más (miles);;191,9
2018;Catalunya;en el pequeño comercio;de 30 a 44 años;solo castellano;población de 15 años o más (miles);;564,3
2018;Catalunya;en el pequeño comercio;de 30 a 44 años;otra lengua (o lenguas);población de 15 años o más (miles);..;null
2018;Catalunya;en el pequeño comercio;de 30 a 44 años;catalán y otra lengua (o lenguas);población de 15 años o más (miles);..;null
2018;Catalunya;en el pequeño comercio;de 30 a 44 años;castellano y otra lengua (o lenguas);población de 15 años o más (miles);;9,4
2018;Catalunya;en el pequeño comercio;de 30 a 44 años;otras combinaciones de lenguas;población de 15 años o más (miles);;3,4
2018;Catalunya;en el pequeño comercio;de 30 a 44 años;No consta;población de 15 años o más (miles);;16,9
2018;Catalunya;en el pequeño comercio;de 30 a 44 años;total;población de 15 años o más (miles);;1693,7
2018;Catalunya;en el pequeño comercio;de 45 a 64 años;solo catalán;población de 15 años o más (miles);;405,1
2018;Catalunya;en el pequeño comercio;de 45 a 64 años;más catalán que castellano;población de 15 años o más (miles);;399,2
2018;Catalunya;en el pequeño comercio;de 45 a 64 años;catalán y castellano;población de 15 años o más (miles);;389,9
2018;Catalunya;en el pequeño comercio;de 45 a 64 años;más castellano que catalán;población de 15 años o más (miles);;217,5
2018;Catalunya;en el pequeño comercio;de 45 a 64 años;solo castellano;población de 15 años o más (miles);;653,2
2018;Catalunya;en el pequeño comercio;de 45 a 64 años;otra lengua (o lenguas);población de 15 años o más (miles);..;null
2018;Catalunya;en el pequeño comercio;de 45 a 64 años;catalán y otra lengua (o lenguas);población de 15 años o más (miles);..;null
2018;Catalunya;en el pequeño comercio;de 45 a 64 años;castellano y otra lengua (o lenguas);población de 15 años o más (miles);;9,5
2018;Catalunya;en el pequeño comercio;de 45 a 64 años;otras combinaciones de lenguas;población de 15 años o más (miles);;1,5
2018;Catalunya;en el pequeño comercio;de 45 a 64 años;No consta;población de 15 años o más (miles);..;null
2018;Catalunya;en el pequeño comercio;de 45 a 64 años;total;población de 15 años o más (miles);;2092,8
2018;Catalunya;en el pequeño comercio;65 años o más;solo catalán;población de 15 años o más (miles);;413,4
2018;Catalunya;en el pequeño comercio;65 años o más;más catalán que castellano;población de 15 años o más (miles);;190,7
2018;Catalunya;en el pequeño comercio;65 años o más;catalán y castellano;población de 15 años o más (miles);;207,4
2018;Catalunya;en el pequeño comercio;65 años o más;más castellano que catalán;población de 15 años o más (miles);;79,1
2018;Catalunya;en el pequeño comercio;65 años o más;solo castellano;población de 15 años o más (miles);;515,0
2018;Catalunya;en el pequeño comercio;65 años o más;otra lengua (o lenguas);población de 15 años o más (miles);..;null
2018;Catalunya;en el pequeño comercio;65 años o más;catalán y otra lengua (o lenguas);población de 15 años o más (miles);..;null
2018;Catalunya;en el pequeño comercio;65 años o más;castellano y otra lengua (o lenguas);población de 15 años o más (miles);..;null
2018;Catalunya;en el pequeño comercio;65 años o más;otras combinaciones de lenguas;población de 15 años o más (miles);;0,6
2018;Catalunya;en el pequeño comercio;65 años o más;No consta;población de 15 años o más (miles);;22,8
2018;Catalunya;en el pequeño comercio;65 años o más;total;población de 15 años o más (miles);;1432,1
2018;Catalunya;en el pequeño comercio;total;solo catalán;población de 15 años o más (miles);;1270,6
2018;Catalunya;en el pequeño comercio;total;más catalán que castellano;población de 15 años o más (miles);;1146,6
2018;Catalunya;en el pequeño comercio;total;catalán y castellano;población de 15 años o más (miles);;1162,4
2018;Catalunya;en el pequeño comercio;total;más castellano que catalán;población de 15 años o más (miles);;641,0
2018;Catalunya;en el pequeño comercio;total;solo castellano;población de 15 años o más (miles);;2053,4
2018;Catalunya;en el pequeño comercio;total;otra lengua (o lenguas);población de 15 años o más (miles);;11,1
2018;Catalunya;en el pequeño comercio;total;catalán y otra lengua (o lenguas);población de 15 años o más (miles);;2,0
2018;Catalunya;en el pequeño comercio;total;castellano y otra lengua (o lenguas);población de 15 años o más (miles);;25,8
2018;Catalunya;en el pequeño comercio;total;otras combinaciones de lenguas;población de 15 años o más (miles);;8,7
2018;Catalunya;en el pequeño comercio;total;No consta;población de 15 años o más (miles);;65,0
2018;Catalunya;en el pequeño comercio;total;total;población de 15 años o más (miles);;6386,6
2018;Catalunya;en el gran comercio;de 15 a 29 años;solo catalán;población de 15 años o más (miles);;160,5
2018;Catalunya;en el gran comercio;de 15 a 29 años;más catalán que castellano;población de 15 años o más (miles);;177,0
2018;Catalunya;en el gran comercio;de 15 a 29 años;catalán y castellano;población de 15 años o más (miles);;252,4
2018;Catalunya;en el gran comercio;de 15 a 29 años;más castellano que catalán;población de 15 años o más (miles);;202,5
2018;Catalunya;en el gran comercio;de 15 a 29 años;solo castellano;población de 15 años o más (miles);;353,0
2018;Catalunya;en el gran comercio;de 15 a 29 años;otra lengua (o lenguas);población de 15 años o más (miles);..;null
2018;Catalunya;en el gran comercio;de 15 a 29 años;catalán y otra lengua (o lenguas);población de 15 años o más (miles);..;null
2018;Catalunya;en el gran comercio;de 15 a 29 años;castellano y otra lengua (o lenguas);población de 15 años o más (miles);..;null
2018;Catalunya;en el gran comercio;de 15 a 29 años;otras combinaciones de lenguas;población de 15 años o más (miles);..;null
2018;Catalunya;en el gran comercio;de 15 a 29 años;No consta;población de 15 años o más (miles);;16,1
2018;Catalunya;en el gran comercio;de 15 a 29 años;total;población de 15 años o más (miles);;1168,0
2018;Catalunya;en el gran comercio;de 30 a 44 años;solo catalán;población de 15 años o más (miles);;223,0
2018;Catalunya;en el gran comercio;de 30 a 44 años;más catalán que castellano;población de 15 años o más (miles);;264,5
2018;Catalunya;en el gran comercio;de 30 a 44 años;catalán y castellano;población de 15 años o más (miles);;317,1
2018;Catalunya;en el gran comercio;de 30 a 44 años;más castellano que catalán;población de 15 años o más (miles);;236,7
2018;Catalunya;en el gran comercio;de 30 a 44 años;solo castellano;población de 15 años o más (miles);;623,4
2018;Catalunya;en el gran comercio;de 30 a 44 años;otra lengua (o lenguas);población de 15 años o más (miles);..;null
2018;Catalunya;en el gran comercio;de 30 a 44 años;catalán y otra lengua (o lenguas);población de 15 años o más (miles);..;null
2018;Catalunya;en el gran comercio;de 30 a 44 años;castellano y otra lengua (o lenguas);población de 15 años o más (miles);..;null
2018;Catalunya;en el gran comercio;de 30 a 44 años;otras combinaciones de lenguas;población de 15 años o más (miles);..;null
2018;Catalunya;en el gran comercio;de 30 a 44 años;No consta;población de 15 años o más (miles);;21,6
2018;Catalunya;en el gran comercio;de 30 a 44 años;total;población de 15 años o más (miles);;1693,7
2018;Catalunya;en el gran comercio;de 45 a 64 años;solo catalán;población de 15 años o más (miles);;341,5
2018;Catalunya;en el gran comercio;de 45 a 64 años;más catalán que castellano;población de 15 años o más (miles);;375,2
2018;Catalunya;en el gran comercio;de 45 a 64 años;catalán y castellano;población de 15 años o más (miles);;408,5
2018;Catalunya;en el gran comercio;de 45 a 64 años;más castellano que catalán;población de 15 años o más (miles);;243,7
2018;Catalunya;en el gran comercio;de 45 a 64 años;solo castellano;población de 15 años o más (miles);;690,7
2018;Catalunya;en el gran comercio;de 45 a 64 años;otra lengua (o lenguas);población de 15 años o más (miles);..;null
2018;Catalunya;en el gran comercio;de 45 a 64 años;catalán y otra lengua (o lenguas);población de 15 años o más (miles);..;null
2018;Catalunya;en el gran comercio;de 45 a 64 años;castellano y otra lengua (o lenguas);población de 15 años o más (miles);..;null
2018;Catalunya;en el gran comercio;de 45 a 64 años;otras combinaciones de lenguas;población de 15 años o más (miles);;1,4
2018;Catalunya;en el gran comercio;de 45 a 64 años;No consta;población de 15 años o más (miles);;21,6
2018;Catalunya;en el gran comercio;de 45 a 64 años;total;población de 15 años o más (miles);;2092,8
2018;Catalunya;en el gran comercio;65 años o más;solo catalán;población de 15 años o más (miles);;364,0
2018;Catalunya;en el gran comercio;65 años o más;más catalán que castellano;población de 15 años o más (miles);;196,4
2018;Catalunya;en el gran comercio;65 años o más;catalán y castellano;población de 15 años o más (miles);;214,6
2018;Catalunya;en el gran comercio;65 años o más;más castellano que catalán;población de 15 años o más (miles);;78,7
2018;Catalunya;en el gran comercio;65 años o más;solo castellano;población de 15 años o más (miles);;524,4
2018;Catalunya;en el gran comercio;65 años o más;otra lengua (o lenguas);población de 15 años o más (miles);..;null
2018;Catalunya;en el gran comercio;65 años o más;catalán y otra lengua (o lenguas);población de 15 años o más (miles);..;null
2018;Catalunya;en el gran comercio;65 años o más;castellano y otra lengua (o lenguas);población de 15 años o más (miles);..;null
2018;Catalunya;en el gran comercio;65 años o más;otras combinaciones de lenguas;población de 15 años o más (miles);;0,6
2018;Catalunya;en el gran comercio;65 años o más;No consta;población de 15 años o más (miles);;50,1
2018;Catalunya;en el gran comercio;65 años o más;total;población de 15 años o más (miles);;1432,1
2018;Catalunya;en el gran comercio;total;solo catalán;población de 15 años o más (miles);;1089,1
2018;Catalunya;en el gran comercio;total;más catalán que castellano;población de 15 años o más (miles);;1013,2
2018;Catalunya;en el gran comercio;total;catalán y castellano;población de 15 años o más (miles);;1192,7
2018;Catalunya;en el gran comercio;total;más castellano que catalán;población de 15 años o más (miles);;761,6
2018;Catalunya;en el gran comercio;total;solo castellano;población de 15 años o más (miles);;2191,5
2018;Catalunya;en el gran comercio;total;otra lengua (o lenguas);población de 15 años o más (miles);;10,4
2018;Catalunya;en el gran comercio;total;catalán y otra lengua (o lenguas);población de 15 años o más (miles);..;null
2018;Catalunya;en el gran comercio;total;castellano y otra lengua (o lenguas);población de 15 años o más (miles);;13,4
2018;Catalunya;en el gran comercio;total;otras combinaciones de lenguas;población de 15 años o más (miles);;3,9
2018;Catalunya;en el gran comercio;total;No consta;población de 15 años o más (miles);;109,4
2018;Catalunya;en el gran comercio;total;total;población de 15 años o más (miles);;6386,6
2018;Catalunya;en la entidad financiera;de 15 a 29 años;solo catalán;población de 15 años o más (miles);;296,4
2018;Catalunya;en la entidad financiera;de 15 a 29 años;más catalán que castellano;población de 15 años o más (miles);;153,1
2018;Catalunya;en la entidad financiera;de 15 a 29 años;catalán y castellano;población de 15 años o más (miles);;178,0
2018;Catalunya;en la entidad financiera;de 15 a 29 años;más castellano que catalán;población de 15 años o más (miles);;104,5
2018;Catalunya;en la entidad financiera;de 15 a 29 años;solo castellano;población de 15 años o más (miles);;313,1
2018;Catalunya;en la entidad financiera;de 15 a 29 años;otra lengua (o lenguas);población de 15 años o más (miles);..;null
2018;Catalunya;en la entidad financiera;de 15 a 29 años;catalán y otra lengua (o lenguas);población de 15 años o más (miles);..;null
2018;Catalunya;en la entidad financiera;de 15 a 29 años;castellano y otra lengua (o lenguas);población de 15 años o más (miles);..;null
2018;Catalunya;en la entidad financiera;de 15 a 29 años;otras combinaciones de lenguas;población de 15 años o más (miles);..;null
2018;Catalunya;en la entidad financiera;de 15 a 29 años;No consta;población de 15 años o más (miles);;118,9
2018;Catalunya;en la entidad financiera;de 15 a 29 años;total;población de 15 años o más (miles);;1168,0
2018;Catalunya;en la entidad financiera;de 30 a 44 años;solo catalán;población de 15 años o más (miles);;439,0
2018;Catalunya;en la entidad financiera;de 30 a 44 años;más catalán que castellano;población de 15 años o más (miles);;222,8
2018;Catalunya;en la entidad financiera;de 30 a 44 años;catalán y castellano;población de 15 años o más (miles);;213,2
2018;Catalunya;en la entidad financiera;de 30 a 44 años;más castellano que catalán;población de 15 años o más (miles);;145,0
2018;Catalunya;en la entidad financiera;de 30 a 44 años;solo castellano;población de 15 años o más (miles);;619,8
2018;Catalunya;en la entidad financiera;de 30 a 44 años;otra lengua (o lenguas);población de 15 años o más (miles);..;null
2018;Catalunya;en la entidad financiera;de 30 a 44 años;catalán y otra lengua (o lenguas);población de 15 años o más (miles);..;null
2018;Catalunya;en la entidad financiera;de 30 a 44 años;castellano y otra lengua (o lenguas);población de 15 años o más (miles);..;null
2018;Catalunya;en la entidad financiera;de 30 a 44 años;otras combinaciones de lenguas;población de 15 años o más (miles);..;null
2018;Catalunya;en la entidad financiera;de 30 a 44 años;No consta;población de 15 años o más (miles);;45,9
2018;Catalunya;en la entidad financiera;de 30 a 44 años;total;población de 15 años o más (miles);;1693,7
2018;Catalunya;en la entidad financiera;de 45 a 64 años;solo catalán;población de 15 años o más (miles);;621,8
2018;Catalunya;en la entidad financiera;de 45 a 64 años;más catalán que castellano;población de 15 años o más (miles);;264,1
2018;Catalunya;en la entidad financiera;de 45 a 64 años;catalán y castellano;población de 15 años o más (miles);;265,5
2018;Catalunya;en la entidad financiera;de 45 a 64 años;más castellano que catalán;población de 15 años o más (miles);;156,7
2018;Catalunya;en la entidad financiera;de 45 a 64 años;solo castellano;población de 15 años o más (miles);;740,3
2018;Catalunya;en la entidad financiera;de 45 a 64 años;otra lengua (o lenguas);población de 15 años o más (miles);..;null
2018;Catalunya;en la entidad financiera;de 45 a 64 años;catalán y otra lengua (o lenguas);población de 15 años o más (miles);..;null
2018;Catalunya;en la entidad financiera;de 45 a 64 años;castellano y otra lengua (o lenguas);población de 15 años o más (miles);..;null
2018;Catalunya;en la entidad financiera;de 45 a 64 años;otras combinaciones de lenguas;población de 15 años o más (miles);..;null
2018;Catalunya;en la entidad financiera;de 45 a 64 años;No consta;población de 15 años o más (miles);;37,7
2018;Catalunya;en la entidad financiera;de 45 a 64 años;total;población de 15 años o más (miles);;2092,8
2018;Catalunya;en la entidad financiera;65 años o más;solo catalán;población de 15 años o más (miles);;564,2
2018;Catalunya;en la entidad financiera;65 años o más;más catalán que castellano;población de 15 años o más (miles);;98,3
2018;Catalunya;en la entidad financiera;65 años o más;catalán y castellano;población de 15 años o más (miles);;135,6
2018;Catalunya;en la entidad financiera;65 años o más;más castellano que catalán;población de 15 años o más (miles);;40,4
2018;Catalunya;en la entidad financiera;65 años o más;solo castellano;población de 15 años o más (miles);;546,3
2018;Catalunya;en la entidad financiera;65 años o más;otra lengua (o lenguas);población de 15 años o más (miles);..;null
2018;Catalunya;en la entidad financiera;65 años o más;catalán y otra lengua (o lenguas);población de 15 años o más (miles);..;null
2018;Catalunya;en la entidad financiera;65 años o más;castellano y otra lengua (o lenguas);población de 15 años o más (miles);..;null
2018;Catalunya;en la entidad financiera;65 años o más;otras combinaciones de lenguas;población de 15 años o más (miles);..;null
2018;Catalunya;en la entidad financiera;65 años o más;No consta;población de 15 años o más (miles);;45,1
2018;Catalunya;en la entidad financiera;65 años o más;total;población de 15 años o más (miles);;1432,1
2018;Catalunya;en la entidad financiera;total;solo catalán;población de 15 años o más (miles);;1921,4
2018;Catalunya;en la entidad financiera;total;más catalán que castellano;población de 15 años o más (miles);;738,4
2018;Catalunya;en la entidad financiera;total;catalán y castellano;población de 15 años o más (miles);;792,3
2018;Catalunya;en la entidad financiera;total;más castellano que catalán;población de 15 años o más (miles);;446,6
2018;Catalunya;en la entidad financiera;total;solo castellano;población de 15 años o más (miles);;2219,4
2018;Catalunya;en la entidad financiera;total;otra lengua (o lenguas);población de 15 años o más (miles);;11,3
2018;Catalunya;en la entidad financiera;total;catalán y otra lengua (o lenguas);población de 15 años o más (miles);;1,3
2018;Catalunya;en la entidad financiera;total;castellano y otra lengua (o lenguas);población de 15 años o más (miles);;6,6
2018;Catalunya;en la entidad financiera;total;otras combinaciones de lenguas;población de 15 años o más (miles);;1,9
2018;Catalunya;en la entidad financiera;total;No consta;población de 15 años o más (miles);;247,5
2018;Catalunya;en la entidad financiera;total;total;población de 15 años o más (miles);;6386,6
2018;Catalunya;con el personal de un restaurante o bar;de 15 a 29 años;solo catalán;población de 15 años o más (miles);..;null
2018;Catalunya;con el personal de un restaurante o bar;de 15 a 29 años;más catalán que castellano;población de 15 años o más (miles);..;null
2018;Catalunya;con el personal de un restaurante o bar;de 15 a 29 años;catalán y castellano;población de 15 años o más (miles);..;null
2018;Catalunya;con el personal de un restaurante o bar;de 15 a 29 años;más castellano que catalán;población de 15 años o más (miles);..;null
2018;Catalunya;con el personal de un restaurante o bar;de 15 a 29 años;solo castellano;población de 15 años o más (miles);..;null
2018;Catalunya;con el personal de un restaurante o bar;de 15 a 29 años;otra lengua (o lenguas);población de 15 años o más (miles);..;null
2018;Catalunya;con el personal de un restaurante o bar;de 15 a 29 años;catalán y otra lengua (o lenguas);población de 15 años o más (miles);..;null
2018;Catalunya;con el personal de un restaurante o bar;de 15 a 29 años;castellano y otra lengua (o lenguas);población de 15 años o más (miles);..;null
2018;Catalunya;con el personal de un restaurante o bar;de 15 a 29 años;otras combinaciones de lenguas;población de 15 años o más (miles);..;null
2018;Catalunya;con el personal de un restaurante o bar;de 15 a 29 años;No consta;población de 15 años o más (miles);..;null
2018;Catalunya;con el personal de un restaurante o bar;de 15 a 29 años;total;población de 15 años o más (miles);..;null
2018;Catalunya;con el personal de un restaurante o bar;de 30 a 44 años;solo catalán;población de 15 años o más (miles);..;null
2018;Catalunya;con el personal de un restaurante o bar;de 30 a 44 años;más catalán que castellano;población de 15 años o más (miles);..;null
2018;Catalunya;con el personal de un restaurante o bar;de 30 a 44 años;catalán y castellano;población de 15 años o más (miles);..;null
2018;Catalunya;con el personal de un restaurante o bar;de 30 a 44 años;más castellano que catalán;población de 15 años o más (miles);..;null
2018;Catalunya;con el personal de un restaurante o bar;de 30 a 44 años;solo castellano;población de 15 años o más (miles);..;null
2018;Catalunya;con el personal de un restaurante o bar;de 30 a 44 años;otra lengua (o lenguas);población de 15 años o más (miles);..;null
2018;Catalunya;con el personal de un restaurante o bar;de 30 a 44 años;catalán y otra lengua (o lenguas);población de 15 años o más (miles);..;null
2018;Catalunya;con el personal de un restaurante o bar;de 30 a 44 años;castellano y otra lengua (o lenguas);población de 15 años o más (miles);..;null
2018;Catalunya;con el personal de un restaurante o bar;de 30 a 44 años;otras combinaciones de lenguas;población de 15 años o más (miles);..;null
2018;Catalunya;con el personal de un restaurante o bar;de 30 a 44 años;No consta;población de 15 años o más (miles);..;null
2018;Catalunya;con el personal de un restaurante o bar;de 30 a 44 años;total;población de 15 años o más (miles);..;null
2018;Catalunya;con el personal de un restaurante o bar;de 45 a 64 años;solo catalán;población de 15 años o más (miles);..;null
2018;Catalunya;con el personal de un restaurante o bar;de 45 a 64 años;más catalán que castellano;población de 15 años o más (miles);..;null
2018;Catalunya;con el personal de un restaurante o bar;de 45 a 64 años;catalán y castellano;población de 15 años o más (miles);..;null
2018;Catalunya;con el personal de un restaurante o bar;de 45 a 64 años;más castellano que catalán;población de 15 años o más (miles);..;null
2018;Catalunya;con el personal de un restaurante o bar;de 45 a 64 años;solo castellano;población de 15 años o más (miles);..;null
2018;Catalunya;con el personal de un restaurante o bar;de 45 a 64 años;otra lengua (o lenguas);población de 15 años o más (miles);..;null
2018;Catalunya;con el personal de un restaurante o bar;de 45 a 64 años;catalán y otra lengua (o lenguas);población de 15 años o más (miles);..;null
2018;Catalunya;con el personal de un restaurante o bar;de 45 a 64 años;castellano y otra lengua (o lenguas);población de 15 años o más (miles);..;null
2018;Catalunya;con el personal de un restaurante o bar;de 45 a 64 años;otras combinaciones de lenguas;población de 15 años o más (miles);..;null
2018;Catalunya;con el personal de un restaurante o bar;de 45 a 64 años;No consta;población de 15 años o más (miles);..;null
2018;Catalunya;con el personal de un restaurante o bar;de 45 a 64 años;total;población de 15 años o más (miles);..;null
2018;Catalunya;con el personal de un restaurante o bar;65 años o más;solo catalán;población de 15 años o más (miles);..;null
2018;Catalunya;con el personal de un restaurante o bar;65 años o más;más catalán que castellano;población de 15 años o más (miles);..;null
2018;Catalunya;con el personal de un restaurante o bar;65 años o más;catalán y castellano;población de 15 años o más (miles);..;null
2018;Catalunya;con el personal de un restaurante o bar;65 años o más;más castellano que catalán;población de 15 años o más (miles);..;null
2018;Catalunya;con el personal de un restaurante o bar;65 años o más;solo castellano;población de 15 años o más (miles);..;null
2018;Catalunya;con el personal de un restaurante o bar;65 años o más;otra lengua (o lenguas);población de 15 años o más (miles);..;null
2018;Catalunya;con el personal de un restaurante o bar;65 años o más;catalán y otra lengua (o lenguas);población de 15 años o más (miles);..;null
2018;Catalunya;con el personal de un restaurante o bar;65 años o más;castellano y otra lengua (o lenguas);población de 15 años o más (miles);..;null
2018;Catalunya;con el personal de un restaurante o bar;65 años o más;otras combinaciones de lenguas;población de 15 años o más (miles);..;null
2018;Catalunya;con el personal de un restaurante o bar;65 años o más;No consta;población de 15 años o más (miles);..;null
2018;Catalunya;con el personal de un restaurante o bar;65 años o más;total;población de 15 años o más (miles);..;null
2018;Catalunya;con el personal de un restaurante o bar;total;solo catalán;población de 15 años o más (miles);..;null
2018;Catalunya;con el personal de un restaurante o bar;total;más catalán que castellano;población de 15 años o más (miles);..;null
2018;Catalunya;con el personal de un restaurante o bar;total;catalán y castellano;población de 15 años o más (miles);..;null
2018;Catalunya;con el personal de un restaurante o bar;total;más castellano que catalán;población de 15 años o más (miles);..;null
2018;Catalunya;con el personal de un restaurante o bar;total;solo castellano;población de 15 años o más (miles);..;null
2018;Catalunya;con el personal de un restaurante o bar;total;otra lengua (o lenguas);población de 15 años o más (miles);..;null
2018;Catalunya;con el personal de un restaurante o bar;total;catalán y otra lengua (o lenguas);población de 15 años o más (miles);..;null
2018;Catalunya;con el personal de un restaurante o bar;total;castellano y otra lengua (o lenguas);población de 15 años o más (miles);..;null
2018;Catalunya;con el personal de un restaurante o bar;total;otras combinaciones de lenguas;población de 15 años o más (miles);..;null
2018;Catalunya;con el personal de un restaurante o bar;total;No consta;población de 15 años o más (miles);..;null
2018;Catalunya;con el personal de un restaurante o bar;total;total;población de 15 años o más (miles);..;null
2018;Catalunya;con la Administración local;de 15 a 29 años;solo catalán;población de 15 años o más (miles);;420,2
2018;Catalunya;con la Administración local;de 15 a 29 años;más catalán que castellano;población de 15 años o más (miles);;138,5
2018;Catalunya;con la Administración local;de 15 a 29 años;catalán y castellano;población de 15 años o más (miles);;130,5
2018;Catalunya;con la Administración local;de 15 a 29 años;más castellano que catalán;población de 15 años o más (miles);;77,6
2018;Catalunya;con la Administración local;de 15 a 29 años;solo castellano;población de 15 años o más (miles);;250,5
2018;Catalunya;con la Administración local;de 15 a 29 años;otra lengua (o lenguas);población de 15 años o más (miles);;0,5
2018;Catalunya;con la Administración local;de 15 a 29 años;catalán y otra lengua (o lenguas);población de 15 años o más (miles);..;null
2018;Catalunya;con la Administración local;de 15 a 29 años;castellano y otra lengua (o lenguas);población de 15 años o más (miles);..;null
2018;Catalunya;con la Administración local;de 15 a 29 años;otras combinaciones de lenguas;población de 15 años o más (miles);..;null
2018;Catalunya;con la Administración local;de 15 a 29 años;No consta;población de 15 años o más (miles);;147,6
2018;Catalunya;con la Administración local;de 15 a 29 años;total;población de 15 años o más (miles);;1168,0
2018;Catalunya;con la Administración local;de 30 a 44 años;solo catalán;población de 15 años o más (miles);;617,4
2018;Catalunya;con la Administración local;de 30 a 44 años;más catalán que castellano;población de 15 años o más (miles);;201,5
2018;Catalunya;con la Administración local;de 30 a 44 años;catalán y castellano;población de 15 años o más (miles);;140,8
2018;Catalunya;con la Administración local;de 30 a 44 años;más castellano que catalán;población de 15 años o más (miles);;122,2
2018;Catalunya;con la Administración local;de 30 a 44 años;solo castellano;población de 15 años o más (miles);;558,9
2018;Catalunya;con la Administración local;de 30 a 44 años;otra lengua (o lenguas);población de 15 años o más (miles);;5,9
2018;Catalunya;con la Administración local;de 30 a 44 años;catalán y otra lengua (o lenguas);población de 15 años o más (miles);..;null
2018;Catalunya;con la Administración local;de 30 a 44 años;castellano y otra lengua (o lenguas);población de 15 años o más (miles);..;null
2018;Catalunya;con la Administración local;de 30 a 44 años;otras combinaciones de lenguas;población de 15 años o más (miles);..;null
2018;Catalunya;con la Administración local;de 30 a 44 años;No consta;población de 15 años o más (miles);;46,1
2018;Catalunya;con la Administración local;de 30 a 44 años;total;población de 15 años o más (miles);;1693,7
2018;Catalunya;con la Administración local;de 45 a 64 años;solo catalán;población de 15 años o más (miles);;811,9
2018;Catalunya;con la Administración local;de 45 a 64 años;más catalán que castellano;población de 15 años o más (miles);;196,2
2018;Catalunya;con la Administración local;de 45 a 64 años;catalán y castellano;población de 15 años o más (miles);;201,2
2018;Catalunya;con la Administración local;de 45 a 64 años;más castellano que catalán;población de 15 años o más (miles);;132,8
2018;Catalunya;con la Administración local;de 45 a 64 años;solo castellano;población de 15 años o más (miles);;676,0
2018;Catalunya;con la Administración local;de 45 a 64 años;otra lengua (o lenguas);población de 15 años o más (miles);;6,5
2018;Catalunya;con la Administración local;de 45 a 64 años;catalán y otra lengua (o lenguas);población de 15 años o más (miles);..;null
2018;Catalunya;con la Administración local;de 45 a 64 años;castellano y otra lengua (o lenguas);población de 15 años o más (miles);..;null
2018;Catalunya;con la Administración local;de 45 a 64 años;otras combinaciones de lenguas;población de 15 años o más (miles);..;null
2018;Catalunya;con la Administración local;de 45 a 64 años;No consta;población de 15 años o más (miles);;66,7
2018;Catalunya;con la Administración local;de 45 a 64 años;total;población de 15 años o más (miles);;2092,8
2018;Catalunya;con la Administración local;65 años o más;solo catalán;población de 15 años o más (miles);;573,4
2018;Catalunya;con la Administración local;65 años o más;más catalán que castellano;población de 15 años o más (miles);;78,1
2018;Catalunya;con la Administración local;65 años o más;catalán y castellano;población de 15 años o más (miles);;110,7
2018;Catalunya;con la Administración local;65 años o más;más castellano que catalán;población de 15 años o más (miles);;50,8
2018;Catalunya;con la Administración local;65 años o más;solo castellano;población de 15 años o más (miles);;500,3
2018;Catalunya;con la Administración local;65 años o más;otra lengua (o lenguas);población de 15 años o más (miles);..;null
2018;Catalunya;con la Administración local;65 años o más;catalán y otra lengua (o lenguas);población de 15 años o más (miles);..;null
2018;Catalunya;con la Administración local;65 años o más;castellano y otra lengua (o lenguas);población de 15 años o más (miles);..;null
2018;Catalunya;con la Administración local;65 años o más;otras combinaciones de lenguas;población de 15 años o más (miles);..;null
2018;Catalunya;con la Administración local;65 años o más;No consta;población de 15 años o más (miles);;118,2
2018;Catalunya;con la Administración local;65 años o más;total;población de 15 años o más (miles);;1432,1
2018;Catalunya;con la Administración local;total;solo catalán;población de 15 años o más (miles);;2422,9
2018;Catalunya;con la Administración local;total;más catalán que castellano;población de 15 años o más (miles);;614,3
2018;Catalunya;con la Administración local;total;catalán y castellano;población de 15 años o más (miles);;583,2
2018;Catalunya;con la Administración local;total;más castellano que catalán;población de 15 años o más (miles);;383,4
2018;Catalunya;con la Administración local;total;solo castellano;población de 15 años o más (miles);;1985,7
2018;Catalunya;con la Administración local;total;otra lengua (o lenguas);población de 15 años o más (miles);;13,3
2018;Catalunya;con la Administración local;total;catalán y otra lengua (o lenguas);población de 15 años o más (miles);;1,3
2018;Catalunya;con la Administración local;total;castellano y otra lengua (o lenguas);población de 15 años o más (miles);..;null
2018;Catalunya;con la Administración local;total;otras combinaciones de lenguas;población de 15 años o más (miles);;1,9
2018;Catalunya;con la Administración local;total;No consta;población de 15 años o más (miles);;378,6
2018;Catalunya;con la Administración local;total;total;población de 15 años o más (miles);;6386,6
2018;Catalunya;con la Administración de la Generalitat de Catalunya;de 15 a 29 años;solo catalán;población de 15 años o más (miles);;433,9
2018;Catalunya;con la Administración de la Generalitat de Catalunya;de 15 a 29 años;más catalán que castellano;población de 15 años o más (miles);;118,3
2018;Catalunya;con la Administración de la Generalitat de Catalunya;de 15 a 29 años;catalán y castellano;población de 15 años o más (miles);;115,5
2018;Catalunya;con la Administración de la Generalitat de Catalunya;de 15 a 29 años;más castellano que catalán;población de 15 años o más (miles);;65,3
2018;Catalunya;con la Administración de la Generalitat de Catalunya;de 15 a 29 años;solo castellano;población de 15 años o más (miles);;228,5
2018;Catalunya;con la Administración de la Generalitat de Catalunya;de 15 a 29 años;otra lengua (o lenguas);población de 15 años o más (miles);..;null
2018;Catalunya;con la Administración de la Generalitat de Catalunya;de 15 a 29 años;catalán y otra lengua (o lenguas);población de 15 años o más (miles);..;null
2018;Catalunya;con la Administración de la Generalitat de Catalunya;de 15 a 29 años;castellano y otra lengua (o lenguas);población de 15 años o más (miles);..;null
2018;Catalunya;con la Administración de la Generalitat de Catalunya;de 15 a 29 años;otras combinaciones de lenguas;población de 15 años o más (miles);..;null
2018;Catalunya;con la Administración de la Generalitat de Catalunya;de 15 a 29 años;No consta;población de 15 años o más (miles);;206,1
2018;Catalunya;con la Administración de la Generalitat de Catalunya;de 15 a 29 años;total;población de 15 años o más (miles);;1168,0
2018;Catalunya;con la Administración de la Generalitat de Catalunya;de 30 a 44 años;solo catalán;población de 15 años o más (miles);;641,9
2018;Catalunya;con la Administración de la Generalitat de Catalunya;de 30 a 44 años;más catalán que castellano;población de 15 años o más (miles);;186,4
2018;Catalunya;con la Administración de la Generalitat de Catalunya;de 30 a 44 años;catalán y castellano;población de 15 años o más (miles);;114,9
2018;Catalunya;con la Administración de la Generalitat de Catalunya;de 30 a 44 años;más castellano que catalán;población de 15 años o más (miles);;98,9
2018;Catalunya;con la Administración de la Generalitat de Catalunya;de 30 a 44 años;solo castellano;población de 15 años o más (miles);;532,1
2018;Catalunya;con la Administración de la Generalitat de Catalunya;de 30 a 44 años;otra lengua (o lenguas);población de 15 años o más (miles);..;null
2018;Catalunya;con la Administración de la Generalitat de Catalunya;de 30 a 44 años;catalán y otra lengua (o lenguas);población de 15 años o más (miles);..;null
2018;Catalunya;con la Administración de la Generalitat de Catalunya;de 30 a 44 años;castellano y otra lengua (o lenguas);población de 15 años o más (miles);..;null
2018;Catalunya;con la Administración de la Generalitat de Catalunya;de 30 a 44 años;otras combinaciones de lenguas;población de 15 años o más (miles);..;null
2018;Catalunya;con la Administración de la Generalitat de Catalunya;de 30 a 44 años;No consta;población de 15 años o más (miles);;116,2
2018;Catalunya;con la Administración de la Generalitat de Catalunya;de 30 a 44 años;total;población de 15 años o más (miles);;1693,7
2018;Catalunya;con la Administración de la Generalitat de Catalunya;de 45 a 64 años;solo catalán;población de 15 años o más (miles);;793,3
2018;Catalunya;con la Administración de la Generalitat de Catalunya;de 45 a 64 años;más catalán que castellano;población de 15 años o más (miles);;175,2
2018;Catalunya;con la Administración de la Generalitat de Catalunya;de 45 a 64 años;catalán y castellano;población de 15 años o más (miles);;172,9
2018;Catalunya;con la Administración de la Generalitat de Catalunya;de 45 a 64 años;más castellano que catalán;población de 15 años o más (miles);;109,2
2018;Catalunya;con la Administración de la Generalitat de Catalunya;de 45 a 64 años;solo castellano;población de 15 años o más (miles);;631,9
2018;Catalunya;con la Administración de la Generalitat de Catalunya;de 45 a 64 años;otra lengua (o lenguas);población de 15 años o más (miles);..;null
2018;Catalunya;con la Administración de la Generalitat de Catalunya;de 45 a 64 años;catalán y otra lengua (o lenguas);población de 15 años o más (miles);..;null
2018;Catalunya;con la Administración de la Generalitat de Catalunya;de 45 a 64 años;castellano y otra lengua (o lenguas);población de 15 años o más (miles);..;null
2018;Catalunya;con la Administración de la Generalitat de Catalunya;de 45 a 64 años;otras combinaciones de lenguas;población de 15 años o más (miles);..;null
2018;Catalunya;con la Administración de la Generalitat de Catalunya;de 45 a 64 años;No consta;población de 15 años o más (miles);;205,0
2018;Catalunya;con la Administración de la Generalitat de Catalunya;de 45 a 64 años;total;población de 15 años o más (miles);;2092,8
2018;Catalunya;con la Administración de la Generalitat de Catalunya;65 años o más;solo catalán;población de 15 años o más (miles);;519,4
2018;Catalunya;con la Administración de la Generalitat de Catalunya;65 años o más;más catalán que castellano;población de 15 años o más (miles);;57,3
2018;Catalunya;con la Administración de la Generalitat de Catalunya;65 años o más;catalán y castellano;población de 15 años o más (miles);;93,2
2018;Catalunya;con la Administración de la Generalitat de Catalunya;65 años o más;más castellano que catalán;población de 15 años o más (miles);;38,9
2018;Catalunya;con la Administración de la Generalitat de Catalunya;65 años o más;solo castellano;población de 15 años o más (miles);;451,2
2018;Catalunya;con la Administración de la Generalitat de Catalunya;65 años o más;otra lengua (o lenguas);población de 15 años o más (miles);..;null
2018;Catalunya;con la Administración de la Generalitat de Catalunya;65 años o más;catalán y otra lengua (o lenguas);población de 15 años o más (miles);..;null
2018;Catalunya;con la Administración de la Generalitat de Catalunya;65 años o más;castellano y otra lengua (o lenguas);población de 15 años o más (miles);..;null
2018;Catalunya;con la Administración de la Generalitat de Catalunya;65 años o más;otras combinaciones de lenguas;población de 15 años o más (miles);..;null
2018;Catalunya;con la Administración de la Generalitat de Catalunya;65 años o más;No consta;población de 15 años o más (miles);;271,9
2018;Catalunya;con la Administración de la Generalitat de Catalunya;65 años o más;total;población de 15 años o más (miles);;1432,1
2018;Catalunya;con la Administración de la Generalitat de Catalunya;total;solo catalán;población de 15 años o más (miles);;2388,5
2018;Catalunya;con la Administración de la Generalitat de Catalunya;total;más catalán que castellano;población de 15 años o más (miles);;537,3
2018;Catalunya;con la Administración de la Generalitat de Catalunya;total;catalán y castellano;población de 15 años o más (miles);;496,5
2018;Catalunya;con la Administración de la Generalitat de Catalunya;total;más castellano que catalán;población de 15 años o más (miles);;312,3
2018;Catalunya;con la Administración de la Generalitat de Catalunya;total;solo castellano;población de 15 años o más (miles);;1843,8
2018;Catalunya;con la Administración de la Generalitat de Catalunya;total;otra lengua (o lenguas);población de 15 años o más (miles);..;null
2018;Catalunya;con la Administración de la Generalitat de Catalunya;total;catalán y otra lengua (o lenguas);población de 15 años o más (miles);..;null
2018;Catalunya;con la Administración de la Generalitat de Catalunya;total;castellano y otra lengua (o lenguas);población de 15 años o más (miles);..;null
2018;Catalunya;con la Administración de la Generalitat de Catalunya;total;otras combinaciones de lenguas;población de 15 años o más (miles);..;null
2018;Catalunya;con la Administración de la Generalitat de Catalunya;total;No consta;población de 15 años o más (miles);;799,2
2018;Catalunya;con la Administración de la Generalitat de Catalunya;total;total;población de 15 años o más (miles);;6386,6
2018;Catalunya;con la Administración del Estado en Cataluña;de 15 a 29 años;solo catalán;población de 15 años o más (miles);;241,7
2018;Catalunya;con la Administración del Estado en Cataluña;de 15 a 29 años;más catalán que castellano;población de 15 años o más (miles);;127,4
2018;Catalunya;con la Administración del Estado en Cataluña;de 15 a 29 años;catalán y castellano;población de 15 años o más (miles);;173,2
2018;Catalunya;con la Administración del Estado en Cataluña;de 15 a 29 años;más castellano que catalán;población de 15 años o más (miles);;118,7
2018;Catalunya;con la Administración del Estado en Cataluña;de 15 a 29 años;solo castellano;población de 15 años o más (miles);;369,1
2018;Catalunya;con la Administración del Estado en Cataluña;de 15 a 29 años;otra lengua (o lenguas);población de 15 años o más (miles);..;null
2018;Catalunya;con la Administración del Estado en Cataluña;de 15 a 29 años;catalán y otra lengua (o lenguas);población de 15 años o más (miles);..;null
2018;Catalunya;con la Administración del Estado en Cataluña;de 15 a 29 años;castellano y otra lengua (o lenguas);población de 15 años o más (miles);..;null
2018;Catalunya;con la Administración del Estado en Cataluña;de 15 a 29 años;otras combinaciones de lenguas;población de 15 años o más (miles);..;null
2018;Catalunya;con la Administración del Estado en Cataluña;de 15 a 29 años;No consta;población de 15 años o más (miles);;136,5
2018;Catalunya;con la Administración del Estado en Cataluña;de 15 a 29 años;total;población de 15 años o más (miles);;1168,0
2018;Catalunya;con la Administración del Estado en Cataluña;de 30 a 44 años;solo catalán;población de 15 años o más (miles);;324,9
2018;Catalunya;con la Administración del Estado en Cataluña;de 30 a 44 años;más catalán que castellano;población de 15 años o más (miles);;214,4
2018;Catalunya;con la Administración del Estado en Cataluña;de 30 a 44 años;catalán y castellano;población de 15 años o más (miles);;200,6
2018;Catalunya;con la Administración del Estado en Cataluña;de 30 a 44 años;más castellano que catalán;población de 15 años o más (miles);;175,4
2018;Catalunya;con la Administración del Estado en Cataluña;de 30 a 44 años;solo castellano;población de 15 años o más (miles);;718,0
2018;Catalunya;con la Administración del Estado en Cataluña;de 30 a 44 años;otra lengua (o lenguas);población de 15 años o más (miles);..;null
2018;Catalunya;con la Administración del Estado en Cataluña;de 30 a 44 años;catalán y otra lengua (o lenguas);población de 15 años o más (miles);..;null
2018;Catalunya;con la Administración del Estado en Cataluña;de 30 a 44 años;castellano y otra lengua (o lenguas);población de 15 años o más (miles);..;null
2018;Catalunya;con la Administración del Estado en Cataluña;de 30 a 44 años;otras combinaciones de lenguas;población de 15 años o más (miles);..;null
2018;Catalunya;con la Administración del Estado en Cataluña;de 30 a 44 años;No consta;población de 15 años o más (miles);;56,6
2018;Catalunya;con la Administración del Estado en Cataluña;de 30 a 44 años;total;población de 15 años o más (miles);;1693,7
2018;Catalunya;con la Administración del Estado en Cataluña;de 45 a 64 años;solo catalán;población de 15 años o más (miles);;393,2
2018;Catalunya;con la Administración del Estado en Cataluña;de 45 a 64 años;más catalán que castellano;población de 15 años o más (miles);;272,8
2018;Catalunya;con la Administración del Estado en Cataluña;de 45 a 64 años;catalán y castellano;población de 15 años o más (miles);;320,1
2018;Catalunya;con la Administración del Estado en Cataluña;de 45 a 64 años;más castellano que catalán;población de 15 años o más (miles);;203,8
2018;Catalunya;con la Administración del Estado en Cataluña;de 45 a 64 años;solo castellano;población de 15 años o más (miles);;820,1
2018;Catalunya;con la Administración del Estado en Cataluña;de 45 a 64 años;otra lengua (o lenguas);población de 15 años o más (miles);..;null
2018;Catalunya;con la Administración del Estado en Cataluña;de 45 a 64 años;catalán y otra lengua (o lenguas);población de 15 años o más (miles);..;null
2018;Catalunya;con la Administración del Estado en Cataluña;de 45 a 64 años;castellano y otra lengua (o lenguas);población de 15 años o más (miles);..;null
2018;Catalunya;con la Administración del Estado en Cataluña;de 45 a 64 años;otras combinaciones de lenguas;población de 15 años o más (miles);..;null
2018;Catalunya;con la Administración del Estado en Cataluña;de 45 a 64 años;No consta;población de 15 años o más (miles);;77,2
2018;Catalunya;con la Administración del Estado en Cataluña;de 45 a 64 años;total;población de 15 años o más (miles);;2092,8
2018;Catalunya;con la Administración del Estado en Cataluña;65 años o más;solo catalán;población de 15 años o más (miles);;323,4
2018;Catalunya;con la Administración del Estado en Cataluña;65 años o más;más catalán que castellano;población de 15 años o más (miles);;122,5
2018;Catalunya;con la Administración del Estado en Cataluña;65 años o más;catalán y castellano;población de 15 años o más (miles);;173,6
2018;Catalunya;con la Administración del Estado en Cataluña;65 años o más;más castellano que catalán;población de 15 años o más (miles);;73,8
2018;Catalunya;con la Administración del Estado en Cataluña;65 años o más;solo castellano;población de 15 años o más (miles);;578,3
2018;Catalunya;con la Administración del Estado en Cataluña;65 años o más;otra lengua (o lenguas);población de 15 años o más (miles);..;null
2018;Catalunya;con la Administración del Estado en Cataluña;65 años o más;catalán y otra lengua (o lenguas);población de 15 años o más (miles);..;null
2018;Catalunya;con la Administración del Estado en Cataluña;65 años o más;castellano y otra lengua (o lenguas);población de 15 años o más (miles);..;null
2018;Catalunya;con la Administración del Estado en Cataluña;65 años o más;otras combinaciones de lenguas;población de 15 años o más (miles);..;null
2018;Catalunya;con la Administración del Estado en Cataluña;65 años o más;No consta;población de 15 años o más (miles);;159,8
2018;Catalunya;con la Administración del Estado en Cataluña;65 años o más;total;población de 15 años o más (miles);;1432,1
2018;Catalunya;con la Administración del Estado en Cataluña;total;solo catalán;población de 15 años o más (miles);;1283,1
2018;Catalunya;con la Administración del Estado en Cataluña;total;más catalán que castellano;población de 15 años o más (miles);;737,1
2018;Catalunya;con la Administración del Estado en Cataluña;total;catalán y castellano;población de 15 años o más (miles);;867,6
2018;Catalunya;con la Administración del Estado en Cataluña;total;más castellano que catalán;población de 15 años o más (miles);;571,8
2018;Catalunya;con la Administración del Estado en Cataluña;total;solo castellano;población de 15 años o más (miles);;2485,6
2018;Catalunya;con la Administración del Estado en Cataluña;total;otra lengua (o lenguas);población de 15 años o más (miles);..;null
2018;Catalunya;con la Administración del Estado en Cataluña;total;catalán y otra lengua (o lenguas);población de 15 años o más (miles);..;null
2018;Catalunya;con la Administración del Estado en Cataluña;total;castellano y otra lengua (o lenguas);población de 15 años o más (miles);..;null
2018;Catalunya;con la Administración del Estado en Cataluña;total;otras combinaciones de lenguas;población de 15 años o más (miles);..;null
2018;Catalunya;con la Administración del Estado en Cataluña;total;No consta;población de 15 años o más (miles);;430,1
2018;Catalunya;con la Administración del Estado en Cataluña;total;total;población de 15 años o más (miles);;6386,6
2018;Catalunya;con la policía local o Mossos d'Esquadra;de 15 a 29 años;solo catalán;población de 15 años o más (miles);..;null
2018;Catalunya;con la policía local o Mossos d'Esquadra;de 15 a 29 años;más catalán que castellano;población de 15 años o más (miles);..;null
2018;Catalunya;con la policía local o Mossos d'Esquadra;de 15 a 29 años;catalán y castellano;población de 15 años o más (miles);..;null
2018;Catalunya;con la policía local o Mossos d'Esquadra;de 15 a 29 años;más castellano que catalán;población de 15 años o más (miles);..;null
2018;Catalunya;con la policía local o Mossos d'Esquadra;de 15 a 29 años;solo castellano;población de 15 años o más (miles);..;null
2018;Catalunya;con la policía local o Mossos d'Esquadra;de 15 a 29 años;otra lengua (o lenguas);población de 15 años o más (miles);..;null
2018;Catalunya;con la policía local o Mossos d'Esquadra;de 15 a 29 años;catalán y otra lengua (o lenguas);población de 15 años o más (miles);..;null
2018;Catalunya;con la policía local o Mossos d'Esquadra;de 15 a 29 años;castellano y otra lengua (o lenguas);población de 15 años o más (miles);..;null
2018;Catalunya;con la policía local o Mossos d'Esquadra;de 15 a 29 años;otras combinaciones de lenguas;población de 15 años o más (miles);..;null
2018;Catalunya;con la policía local o Mossos d'Esquadra;de 15 a 29 años;No consta;población de 15 años o más (miles);..;null
2018;Catalunya;con la policía local o Mossos d'Esquadra;de 15 a 29 años;total;población de 15 años o más (miles);..;null
2018;Catalunya;con la policía local o Mossos d'Esquadra;de 30 a 44 años;solo catalán;población de 15 años o más (miles);..;null
2018;Catalunya;con la policía local o Mossos d'Esquadra;de 30 a 44 años;más catalán que castellano;población de 15 años o más (miles);..;null
2018;Catalunya;con la policía local o Mossos d'Esquadra;de 30 a 44 años;catalán y castellano;población de 15 años o más (miles);..;null
2018;Catalunya;con la policía local o Mossos d'Esquadra;de 30 a 44 años;más castellano que catalán;población de 15 años o más (miles);..;null
2018;Catalunya;con la policía local o Mossos d'Esquadra;de 30 a 44 años;solo castellano;población de 15 años o más (miles);..;null
2018;Catalunya;con la policía local o Mossos d'Esquadra;de 30 a 44 años;otra lengua (o lenguas);población de 15 años o más (miles);..;null
2018;Catalunya;con la policía local o Mossos d'Esquadra;de 30 a 44 años;catalán y otra lengua (o lenguas);población de 15 años o más (miles);..;null
2018;Catalunya;con la policía local o Mossos d'Esquadra;de 30 a 44 años;castellano y otra lengua (o lenguas);población de 15 años o más (miles);..;null
2018;Catalunya;con la policía local o Mossos d'Esquadra;de 30 a 44 años;otras combinaciones de lenguas;población de 15 años o más (miles);..;null
2018;Catalunya;con la policía local o Mossos d'Esquadra;de 30 a 44 años;No consta;población de 15 años o más (miles);..;null
2018;Catalunya;con la policía local o Mossos d'Esquadra;de 30 a 44 años;total;población de 15 años o más (miles);..;null
2018;Catalunya;con la policía local o Mossos d'Esquadra;de 45 a 64 años;solo catalán;población de 15 años o más (miles);..;null
2018;Catalunya;con la policía local o Mossos d'Esquadra;de 45 a 64 años;más catalán que castellano;población de 15 años o más (miles);..;null
2018;Catalunya;con la policía local o Mossos d'Esquadra;de 45 a 64 años;catalán y castellano;población de 15 años o más (miles);..;null
2018;Catalunya;con la policía local o Mossos d'Esquadra;de 45 a 64 años;más castellano que catalán;población de 15 años o más (miles);..;null
2018;Catalunya;con la policía local o Mossos d'Esquadra;de 45 a 64 años;solo castellano;población de 15 años o más (miles);..;null
2018;Catalunya;con la policía local o Mossos d'Esquadra;de 45 a 64 años;otra lengua (o lenguas);población de 15 años o más (miles);..;null
2018;Catalunya;con la policía local o Mossos d'Esquadra;de 45 a 64 años;catalán y otra lengua (o lenguas);población de 15 años o más (miles);..;null
2018;Catalunya;con la policía local o Mossos d'Esquadra;de 45 a 64 años;castellano y otra lengua (o lenguas);población de 15 años o más (miles);..;null
2018;Catalunya;con la policía local o Mossos d'Esquadra;de 45 a 64 años;otras combinaciones de lenguas;población de 15 años o más (miles);..;null
2018;Catalunya;con la policía local o Mossos d'Esquadra;de 45 a 64 años;No consta;población de 15 años o más (miles);..;null
2018;Catalunya;con la policía local o Mossos d'Esquadra;de 45 a 64 años;total;población de 15 años o más (miles);..;null
2018;Catalunya;con la policía local o Mossos d'Esquadra;65 años o más;solo catalán;población de 15 años o más (miles);..;null
2018;Catalunya;con la policía local o Mossos d'Esquadra;65 años o más;más catalán que castellano;población de 15 años o más (miles);..;null
2018;Catalunya;con la policía local o Mossos d'Esquadra;65 años o más;catalán y castellano;población de 15 años o más (miles);..;null
2018;Catalunya;con la policía local o Mossos d'Esquadra;65 años o más;más castellano que catalán;población de 15 años o más (miles);..;null
2018;Catalunya;con la policía local o Mossos d'Esquadra;65 años o más;solo castellano;población de 15 años o más (miles);..;null
2018;Catalunya;con la policía local o Mossos d'Esquadra;65 años o más;otra lengua (o lenguas);población de 15 años o más (miles);..;null
2018;Catalunya;con la policía local o Mossos d'Esquadra;65 años o más;catalán y otra lengua (o lenguas);población de 15 años o más (miles);..;null
2018;Catalunya;con la policía local o Mossos d'Esquadra;65 años o más;castellano y otra lengua (o lenguas);población de 15 años o más (miles);..;null
2018;Catalunya;con la policía local o Mossos d'Esquadra;65 años o más;otras combinaciones de lenguas;población de 15 años o más (miles);..;null
2018;Catalunya;con la policía local o Mossos d'Esquadra;65 años o más;No consta;población de 15 años o más (miles);..;null
2018;Catalunya;con la policía local o Mossos d'Esquadra;65 años o más;total;población de 15 años o más (miles);..;null
2018;Catalunya;con la policía local o Mossos d'Esquadra;total;solo catalán;población de 15 años o más (miles);..;null
2018;Catalunya;con la policía local o Mossos d'Esquadra;total;más catalán que castellano;población de 15 años o más (miles);..;null
2018;Catalunya;con la policía local o Mossos d'Esquadra;total;catalán y castellano;población de 15 años o más (miles);..;null
2018;Catalunya;con la policía local o Mossos d'Esquadra;total;más castellano que catalán;población de 15 años o más (miles);..;null
2018;Catalunya;con la policía local o Mossos d'Esquadra;total;solo castellano;población de 15 años o más (miles);..;null
2018;Catalunya;con la policía local o Mossos d'Esquadra;total;otra lengua (o lenguas);población de 15 años o más (miles);..;null
2018;Catalunya;con la policía local o Mossos d'Esquadra;total;catalán y otra lengua (o lenguas);población de 15 años o más (miles);..;null
2018;Catalunya;con la policía local o Mossos d'Esquadra;total;castellano y otra lengua (o lenguas);población de 15 años o más (miles);..;null
2018;Catalunya;con la policía local o Mossos d'Esquadra;total;otras combinaciones de lenguas;población de 15 años o más (miles);..;null
2018;Catalunya;con la policía local o Mossos d'Esquadra;total;No consta;población de 15 años o más (miles);..;null
2018;Catalunya;con la policía local o Mossos d'Esquadra;total;total;población de 15 años o más (miles);..;null
2018;Catalunya;con los órganos judiciales;de 15 a 29 años;solo catalán;población de 15 años o más (miles);..;null
2018;Catalunya;con los órganos judiciales;de 15 a 29 años;más catalán que castellano;población de 15 años o más (miles);..;null
2018;Catalunya;con los órganos judiciales;de 15 a 29 años;catalán y castellano;población de 15 años o más (miles);..;null
2018;Catalunya;con los órganos judiciales;de 15 a 29 años;más castellano que catalán;población de 15 años o más (miles);..;null
2018;Catalunya;con los órganos judiciales;de 15 a 29 años;solo castellano;población de 15 años o más (miles);..;null
2018;Catalunya;con los órganos judiciales;de 15 a 29 años;otra lengua (o lenguas);población de 15 años o más (miles);..;null
2018;Catalunya;con los órganos judiciales;de 15 a 29 años;catalán y otra lengua (o lenguas);población de 15 años o más (miles);..;null
2018;Catalunya;con los órganos judiciales;de 15 a 29 años;castellano y otra lengua (o lenguas);población de 15 años o más (miles);..;null
2018;Catalunya;con los órganos judiciales;de 15 a 29 años;otras combinaciones de lenguas;población de 15 años o más (miles);..;null
2018;Catalunya;con los órganos judiciales;de 15 a 29 años;No consta;población de 15 años o más (miles);..;null
2018;Catalunya;con los órganos judiciales;de 15 a 29 años;total;población de 15 años o más (miles);..;null
2018;Catalunya;con los órganos judiciales;de 30 a 44 años;solo catalán;población de 15 años o más (miles);..;null
2018;Catalunya;con los órganos judiciales;de 30 a 44 años;más catalán que castellano;población de 15 años o más (miles);..;null
2018;Catalunya;con los órganos judiciales;de 30 a 44 años;catalán y castellano;población de 15 años o más (miles);..;null
2018;Catalunya;con los órganos judiciales;de 30 a 44 años;más castellano que catalán;población de 15 años o más (miles);..;null
2018;Catalunya;con los órganos judiciales;de 30 a 44 años;solo castellano;población de 15 años o más (miles);..;null
2018;Catalunya;con los órganos judiciales;de 30 a 44 años;otra lengua (o lenguas);población de 15 años o más (miles);..;null
2018;Catalunya;con los órganos judiciales;de 30 a 44 años;catalán y otra lengua (o lenguas);población de 15 años o más (miles);..;null
2018;Catalunya;con los órganos judiciales;de 30 a 44 años;castellano y otra lengua (o lenguas);población de 15 años o más (miles);..;null
2018;Catalunya;con los órganos judiciales;de 30 a 44 años;otras combinaciones de lenguas;población de 15 años o más (miles);..;null
2018;Catalunya;con los órganos judiciales;de 30 a 44 años;No consta;población de 15 años o más (miles);..;null
2018;Catalunya;con los órganos judiciales;de 30 a 44 años;total;población de 15 años o más (miles);..;null
2018;Catalunya;con los órganos judiciales;de 45 a 64 años;solo catalán;población de 15 años o más (miles);..;null
2018;Catalunya;con los órganos judiciales;de 45 a 64 años;más catalán que castellano;población de 15 años o más (miles);..;null
2018;Catalunya;con los órganos judiciales;de 45 a 64 años;catalán y castellano;población de 15 años o más (miles);..;null
2018;Catalunya;con los órganos judiciales;de 45 a 64 años;más castellano que catalán;población de 15 años o más (miles);..;null
2018;Catalunya;con los órganos judiciales;de 45 a 64 años;solo castellano;población de 15 años o más (miles);..;null
2018;Catalunya;con los órganos judiciales;de 45 a 64 años;otra lengua (o lenguas);población de 15 años o más (miles);..;null
2018;Catalunya;con los órganos judiciales;de 45 a 64 años;catalán y otra lengua (o lenguas);población de 15 años o más (miles);..;null
2018;Catalunya;con los órganos judiciales;de 45 a 64 años;castellano y otra lengua (o lenguas);población de 15 años o más (miles);..;null
2018;Catalunya;con los órganos judiciales;de 45 a 64 años;otras combinaciones de lenguas;población de 15 años o más (miles);..;null
2018;Catalunya;con los órganos judiciales;de 45 a 64 años;No consta;población de 15 años o más (miles);..;null
2018;Catalunya;con los órganos judiciales;de 45 a 64 años;total;población de 15 años o más (miles);..;null
2018;Catalunya;con los órganos judiciales;65 años o más;solo catalán;población de 15 años o más (miles);..;null
2018;Catalunya;con los órganos judiciales;65 años o más;más catalán que castellano;población de 15 años o más (miles);..;null
2018;Catalunya;con los órganos judiciales;65 años o más;catalán y castellano;población de 15 años o más (miles);..;null
2018;Catalunya;con los órganos judiciales;65 años o más;más castellano que catalán;población de 15 años o más (miles);..;null
2018;Catalunya;con los órganos judiciales;65 años o más;solo castellano;población de 15 años o más (miles);..;null
2018;Catalunya;con los órganos judiciales;65 años o más;otra lengua (o lenguas);población de 15 años o más (miles);..;null
2018;Catalunya;con los órganos judiciales;65 años o más;catalán y otra lengua (o lenguas);población de 15 años o más (miles);..;null
2018;Catalunya;con los órganos judiciales;65 años o más;castellano y otra lengua (o lenguas);población de 15 años o más (miles);..;null
2018;Catalunya;con los órganos judiciales;65 años o más;otras combinaciones de lenguas;población de 15 años o más (miles);..;null
2018;Catalunya;con los órganos judiciales;65 años o más;No consta;población de 15 años o más (miles);..;null
2018;Catalunya;con los órganos judiciales;65 años o más;total;población de 15 años o más (miles);..;null
2018;Catalunya;con los órganos judiciales;total;solo catalán;población de 15 años o más (miles);..;null
2018;Catalunya;con los órganos judiciales;total;más catalán que castellano;población de 15 años o más (miles);..;null
2018;Catalunya;con los órganos judiciales;total;catalán y castellano;población de 15 años o más (miles);..;null
2018;Catalunya;con los órganos judiciales;total;más castellano que catalán;población de 15 años o más (miles);..;null
2018;Catalunya;con los órganos judiciales;total;solo castellano;población de 15 años o más (miles);..;null
2018;Catalunya;con los órganos judiciales;total;otra lengua (o lenguas);población de 15 años o más (miles);..;null
2018;Catalunya;con los órganos judiciales;total;catalán y otra lengua (o lenguas);población de 15 años o más (miles);..;null
2018;Catalunya;con los órganos judiciales;total;castellano y otra lengua (o lenguas);población de 15 años o más (miles);..;null
2018;Catalunya;con los órganos judiciales;total;otras combinaciones de lenguas;población de 15 años o más (miles);..;null
2018;Catalunya;con los órganos judiciales;total;No consta;población de 15 años o más (miles);..;null
2018;Catalunya;con los órganos judiciales;total;total;población de 15 años o más (miles);..;null
2018;Catalunya;con el personal médico;de 15 a 29 años;solo catalán;población de 15 años o más (miles);;309,7
2018;Catalunya;con el personal médico;de 15 a 29 años;más catalán que castellano;población de 15 años o más (miles);;148,5
2018;Catalunya;con el personal médico;de 15 a 29 años;catalán y castellano;población de 15 años o más (miles);;210,7
2018;Catalunya;con el personal médico;de 15 a 29 años;más castellano que catalán;población de 15 años o más (miles);;110,1
2018;Catalunya;con el personal médico;de 15 a 29 años;solo castellano;población de 15 años o más (miles);;366,7
2018;Catalunya;con el personal médico;de 15 a 29 años;otra lengua (o lenguas);población de 15 años o más (miles);..;null
2018;Catalunya;con el personal médico;de 15 a 29 años;catalán y otra lengua (o lenguas);población de 15 años o más (miles);..;null
2018;Catalunya;con el personal médico;de 15 a 29 años;castellano y otra lengua (o lenguas);población de 15 años o más (miles);..;null
2018;Catalunya;con el personal médico;de 15 a 29 años;otras combinaciones de lenguas;población de 15 años o más (miles);..;null
2018;Catalunya;con el personal médico;de 15 a 29 años;No consta;población de 15 años o más (miles);..;null
2018;Catalunya;con el personal médico;de 15 a 29 años;total;población de 15 años o más (miles);;1168,0
2018;Catalunya;con el personal médico;de 30 a 44 años;solo catalán;población de 15 años o más (miles);;377,8
2018;Catalunya;con el personal médico;de 30 a 44 años;más catalán que castellano;población de 15 años o más (miles);;227,4
2018;Catalunya;con el personal médico;de 30 a 44 años;catalán y castellano;población de 15 años o más (miles);;248,0
2018;Catalunya;con el personal médico;de 30 a 44 años;más castellano que catalán;población de 15 años o más (miles);;134,6
2018;Catalunya;con el personal médico;de 30 a 44 años;solo castellano;población de 15 años o más (miles);;675,2
2018;Catalunya;con el personal médico;de 30 a 44 años;otra lengua (o lenguas);población de 15 años o más (miles);..;null
2018;Catalunya;con el personal médico;de 30 a 44 años;catalán y otra lengua (o lenguas);población de 15 años o más (miles);..;null
2018;Catalunya;con el personal médico;de 30 a 44 años;castellano y otra lengua (o lenguas);población de 15 años o más (miles);..;null
2018;Catalunya;con el personal médico;de 30 a 44 años;otras combinaciones de lenguas;población de 15 años o más (miles);..;null
2018;Catalunya;con el personal médico;de 30 a 44 años;No consta;población de 15 años o más (miles);;19,7
2018;Catalunya;con el personal médico;de 30 a 44 años;total;población de 15 años o más (miles);;1693,7
2018;Catalunya;con el personal médico;de 45 a 64 años;solo catalán;población de 15 años o más (miles);;516,6
2018;Catalunya;con el personal médico;de 45 a 64 años;más catalán que castellano;población de 15 años o más (miles);;281,4
2018;Catalunya;con el personal médico;de 45 a 64 años;catalán y castellano;población de 15 años o más (miles);;307,0
2018;Catalunya;con el personal médico;de 45 a 64 años;más castellano que catalán;población de 15 años o más (miles);;143,4
2018;Catalunya;con el personal médico;de 45 a 64 años;solo castellano;población de 15 años o más (miles);;816,5
2018;Catalunya;con el personal médico;de 45 a 64 años;otra lengua (o lenguas);población de 15 años o más (miles);..;null
2018;Catalunya;con el personal médico;de 45 a 64 años;catalán y otra lengua (o lenguas);población de 15 años o más (miles);..;null
2018;Catalunya;con el personal médico;de 45 a 64 años;castellano y otra lengua (o lenguas);población de 15 años o más (miles);..;null
2018;Catalunya;con el personal médico;de 45 a 64 años;otras combinaciones de lenguas;población de 15 años o más (miles);..;null
2018;Catalunya;con el personal médico;de 45 a 64 años;No consta;población de 15 años o más (miles);;19,2
2018;Catalunya;con el personal médico;de 45 a 64 años;total;población de 15 años o más (miles);;2092,8
2018;Catalunya;con el personal médico;65 años o más;solo catalán;población de 15 años o más (miles);;481,6
2018;Catalunya;con el personal médico;65 años o más;más catalán que castellano;población de 15 años o más (miles);;146,1
2018;Catalunya;con el personal médico;65 años o más;catalán y castellano;población de 15 años o más (miles);;158,6
2018;Catalunya;con el personal médico;65 años o más;más castellano que catalán;población de 15 años o más (miles);;47,3
2018;Catalunya;con el personal médico;65 años o más;solo castellano;población de 15 años o más (miles);;590,9
2018;Catalunya;con el personal médico;65 años o más;otra lengua (o lenguas);población de 15 años o más (miles);..;null
2018;Catalunya;con el personal médico;65 años o más;catalán y otra lengua (o lenguas);población de 15 años o más (miles);..;null
2018;Catalunya;con el personal médico;65 años o más;castellano y otra lengua (o lenguas);población de 15 años o más (miles);..;null
2018;Catalunya;con el personal médico;65 años o más;otras combinaciones de lenguas;población de 15 años o más (miles);..;null
2018;Catalunya;con el personal médico;65 años o más;No consta;población de 15 años o más (miles);..;null
2018;Catalunya;con el personal médico;65 años o más;total;población de 15 años o más (miles);;1432,1
2018;Catalunya;con el personal médico;total;solo catalán;población de 15 años o más (miles);;1685,6
2018;Catalunya;con el personal médico;total;más catalán que castellano;población de 15 años o más (miles);;803,4
2018;Catalunya;con el personal médico;total;catalán y castellano;población de 15 años o más (miles);;924,3
2018;Catalunya;con el personal médico;total;más castellano que catalán;población de 15 años o más (miles);;435,5
2018;Catalunya;con el personal médico;total;solo castellano;población de 15 años o más (miles);;2449,3
2018;Catalunya;con el personal médico;total;otra lengua (o lenguas);población de 15 años o más (miles);;13,4
2018;Catalunya;con el personal médico;total;catalán y otra lengua (o lenguas);población de 15 años o más (miles);..;null
2018;Catalunya;con el personal médico;total;castellano y otra lengua (o lenguas);población de 15 años o más (miles);;11,6
2018;Catalunya;con el personal médico;total;otras combinaciones de lenguas;población de 15 años o más (miles);;2,5
2018;Catalunya;con el personal médico;total;No consta;población de 15 años o más (miles);;59,0
2018;Catalunya;con el personal médico;total;total;población de 15 años o más (miles);;6386,6
2018;Catalunya;al contestar al personal médico en la consulta;de 15 a 29 años;solo catalán;población de 15 años o más (miles);..;null
2018;Catalunya;al contestar al personal médico en la consulta;de 15 a 29 años;más catalán que castellano;población de 15 años o más (miles);..;null
2018;Catalunya;al contestar al personal médico en la consulta;de 15 a 29 años;catalán y castellano;población de 15 años o más (miles);..;null
2018;Catalunya;al contestar al personal médico en la consulta;de 15 a 29 años;más castellano que catalán;población de 15 años o más (miles);..;null
2018;Catalunya;al contestar al personal médico en la consulta;de 15 a 29 años;solo castellano;población de 15 años o más (miles);..;null
2018;Catalunya;al contestar al personal médico en la consulta;de 15 a 29 años;otra lengua (o lenguas);población de 15 años o más (miles);..;null
2018;Catalunya;al contestar al personal médico en la consulta;de 15 a 29 años;catalán y otra lengua (o lenguas);población de 15 años o más (miles);..;null
2018;Catalunya;al contestar al personal médico en la consulta;de 15 a 29 años;castellano y otra lengua (o lenguas);población de 15 años o más (miles);..;null
2018;Catalunya;al contestar al personal médico en la consulta;de 15 a 29 años;otras combinaciones de lenguas;población de 15 años o más (miles);..;null
2018;Catalunya;al contestar al personal médico en la consulta;de 15 a 29 años;No consta;población de 15 años o más (miles);..;null
2018;Catalunya;al contestar al personal médico en la consulta;de 15 a 29 años;total;población de 15 años o más (miles);..;null
2018;Catalunya;al contestar al personal médico en la consulta;de 30 a 44 años;solo catalán;población de 15 años o más (miles);..;null
2018;Catalunya;al contestar al personal médico en la consulta;de 30 a 44 años;más catalán que castellano;población de 15 años o más (miles);..;null
2018;Catalunya;al contestar al personal médico en la consulta;de 30 a 44 años;catalán y castellano;población de 15 años o más (miles);..;null
2018;Catalunya;al contestar al personal médico en la consulta;de 30 a 44 años;más castellano que catalán;población de 15 años o más (miles);..;null
2018;Catalunya;al contestar al personal médico en la consulta;de 30 a 44 años;solo castellano;población de 15 años o más (miles);..;null
2018;Catalunya;al contestar al personal médico en la consulta;de 30 a 44 años;otra lengua (o lenguas);población de 15 años o más (miles);..;null
2018;Catalunya;al contestar al personal médico en la consulta;de 30 a 44 años;catalán y otra lengua (o lenguas);población de 15 años o más (miles);..;null
2018;Catalunya;al contestar al personal médico en la consulta;de 30 a 44 años;castellano y otra lengua (o lenguas);población de 15 años o más (miles);..;null
2018;Catalunya;al contestar al personal médico en la consulta;de 30 a 44 años;otras combinaciones de lenguas;población de 15 años o más (miles);..;null
2018;Catalunya;al contestar al personal médico en la consulta;de 30 a 44 años;No consta;población de 15 años o más (miles);..;null
2018;Catalunya;al contestar al personal médico en la consulta;de 30 a 44 años;total;población de 15 años o más (miles);..;null
2018;Catalunya;al contestar al personal médico en la consulta;de 45 a 64 años;solo catalán;población de 15 años o más (miles);..;null
2018;Catalunya;al contestar al personal médico en la consulta;de 45 a 64 años;más catalán que castellano;población de 15 años o más (miles);..;null
2018;Catalunya;al contestar al personal médico en la consulta;de 45 a 64 años;catalán y castellano;población de 15 años o más (miles);..;null
2018;Catalunya;al contestar al personal médico en la consulta;de 45 a 64 años;más castellano que catalán;población de 15 años o más (miles);..;null
2018;Catalunya;al contestar al personal médico en la consulta;de 45 a 64 años;solo castellano;población de 15 años o más (miles);..;null
2018;Catalunya;al contestar al personal médico en la consulta;de 45 a 64 años;otra lengua (o lenguas);población de 15 años o más (miles);..;null
2018;Catalunya;al contestar al personal médico en la consulta;de 45 a 64 años;catalán y otra lengua (o lenguas);población de 15 años o más (miles);..;null
2018;Catalunya;al contestar al personal médico en la consulta;de 45 a 64 años;castellano y otra lengua (o lenguas);población de 15 años o más (miles);..;null
2018;Catalunya;al contestar al personal médico en la consulta;de 45 a 64 años;otras combinaciones de lenguas;población de 15 años o más (miles);..;null
2018;Catalunya;al contestar al personal médico en la consulta;de 45 a 64 años;No consta;población de 15 años o más (miles);..;null
2018;Catalunya;al contestar al personal médico en la consulta;de 45 a 64 años;total;población de 15 años o más (miles);..;null
2018;Catalunya;al contestar al personal médico en la consulta;65 años o más;solo catalán;población de 15 años o más (miles);..;null
2018;Catalunya;al contestar al personal médico en la consulta;65 años o más;más catalán que castellano;población de 15 años o más (miles);..;null
2018;Catalunya;al contestar al personal médico en la consulta;65 años o más;catalán y castellano;población de 15 años o más (miles);..;null
2018;Catalunya;al contestar al personal médico en la consulta;65 años o más;más castellano que catalán;población de 15 años o más (miles);..;null
2018;Catalunya;al contestar al personal médico en la consulta;65 años o más;solo castellano;población de 15 años o más (miles);..;null
2018;Catalunya;al contestar al personal médico en la consulta;65 años o más;otra lengua (o lenguas);población de 15 años o más (miles);..;null
2018;Catalunya;al contestar al personal médico en la consulta;65 años o más;catalán y otra lengua (o lenguas);población de 15 años o más (miles);..;null
2018;Catalunya;al contestar al personal médico en la consulta;65 años o más;castellano y otra lengua (o lenguas);población de 15 años o más (miles);..;null
2018;Catalunya;al contestar al personal médico en la consulta;65 años o más;otras combinaciones de lenguas;población de 15 años o más (miles);..;null
2018;Catalunya;al contestar al personal médico en la consulta;65 años o más;No consta;población de 15 años o más (miles);..;null
2018;Catalunya;al contestar al personal médico en la consulta;65 años o más;total;población de 15 años o más (miles);..;null
2018;Catalunya;al contestar al personal médico en la consulta;total;solo catalán;población de 15 años o más (miles);..;null
2018;Catalunya;al contestar al personal médico en la consulta;total;más catalán que castellano;población de 15 años o más (miles);..;null
2018;Catalunya;al contestar al personal médico en la consulta;total;catalán y castellano;población de 15 años o más (miles);..;null
2018;Catalunya;al contestar al personal médico en la consulta;total;más castellano que catalán;población de 15 años o más (miles);..;null
2018;Catalunya;al contestar al personal médico en la consulta;total;solo castellano;población de 15 años o más (miles);..;null
2018;Catalunya;al contestar al personal médico en la consulta;total;otra lengua (o lenguas);población de 15 años o más (miles);..;null
2018;Catalunya;al contestar al personal médico en la consulta;total;catalán y otra lengua (o lenguas);población de 15 años o más (miles);..;null
2018;Catalunya;al contestar al personal médico en la consulta;total;castellano y otra lengua (o lenguas);población de 15 años o más (miles);..;null
2018;Catalunya;al contestar al personal médico en la consulta;total;otras combinaciones de lenguas;población de 15 años o más (miles);..;null
2018;Catalunya;al contestar al personal médico en la consulta;total;No consta;población de 15 años o más (miles);..;null
2018;Catalunya;al contestar al personal médico en la consulta;total;total;población de 15 años o más (miles);..;null
2018;Catalunya;al escribir mensajes de móvil;de 15 a 29 años;solo catalán;población de 15 años o más (miles);;94,1
2018;Catalunya;al escribir mensajes de móvil;de 15 a 29 años;más catalán que castellano;población de 15 años o más (miles);;157,7
2018;Catalunya;al escribir mensajes de móvil;de 15 a 29 años;catalán y castellano;población de 15 años o más (miles);;251,1
2018;Catalunya;al escribir mensajes de móvil;de 15 a 29 años;más castellano que catalán;población de 15 años o más (miles);;202,0
2018;Catalunya;al escribir mensajes de móvil;de 15 a 29 años;solo castellano;población de 15 años o más (miles);;307,3
2018;Catalunya;al escribir mensajes de móvil;de 15 a 29 años;otra lengua (o lenguas);población de 15 años o más (miles);..;null
2018;Catalunya;al escribir mensajes de móvil;de 15 a 29 años;catalán y otra lengua (o lenguas);población de 15 años o más (miles);;12,0
2018;Catalunya;al escribir mensajes de móvil;de 15 a 29 años;castellano y otra lengua (o lenguas);población de 15 años o más (miles);;74,6
2018;Catalunya;al escribir mensajes de móvil;de 15 a 29 años;otras combinaciones de lenguas;población de 15 años o más (miles);;51,3
2018;Catalunya;al escribir mensajes de móvil;de 15 a 29 años;No consta;población de 15 años o más (miles);..;null
2018;Catalunya;al escribir mensajes de móvil;de 15 a 29 años;total;población de 15 años o más (miles);;1168,0
2018;Catalunya;al escribir mensajes de móvil;de 30 a 44 años;solo catalán;población de 15 años o más (miles);;154,3
2018;Catalunya;al escribir mensajes de móvil;de 30 a 44 años;más catalán que castellano;población de 15 años o más (miles);;227,2
2018;Catalunya;al escribir mensajes de móvil;de 30 a 44 años;catalán y castellano;población de 15 años o más (miles);;257,3
2018;Catalunya;al escribir mensajes de móvil;de 30 a 44 años;más castellano que catalán;población de 15 años o más (miles);;226,5
2018;Catalunya;al escribir mensajes de móvil;de 30 a 44 años;solo castellano;población de 15 años o más (miles);;586,3
2018;Catalunya;al escribir mensajes de móvil;de 30 a 44 años;otra lengua (o lenguas);población de 15 años o más (miles);;33,3
2018;Catalunya;al escribir mensajes de móvil;de 30 a 44 años;catalán y otra lengua (o lenguas);población de 15 años o más (miles);..;null
2018;Catalunya;al escribir mensajes de móvil;de 30 a 44 años;castellano y otra lengua (o lenguas);población de 15 años o más (miles);;117,9
2018;Catalunya;al escribir mensajes de móvil;de 30 a 44 años;otras combinaciones de lenguas;población de 15 años o más (miles);;51,9
2018;Catalunya;al escribir mensajes de móvil;de 30 a 44 años;No consta;población de 15 años o más (miles);;33,2
2018;Catalunya;al escribir mensajes de móvil;de 30 a 44 años;total;población de 15 años o más (miles);;1693,7
2018;Catalunya;al escribir mensajes de móvil;de 45 a 64 años;solo catalán;población de 15 años o más (miles);;297,8
2018;Catalunya;al escribir mensajes de móvil;de 45 a 64 años;más catalán que castellano;población de 15 años o más (miles);;285,9
2018;Catalunya;al escribir mensajes de móvil;de 45 a 64 años;catalán y castellano;población de 15 años o más (miles);;269,5
2018;Catalunya;al escribir mensajes de móvil;de 45 a 64 años;más castellano que catalán;población de 15 años o más (miles);;187,1
2018;Catalunya;al escribir mensajes de móvil;de 45 a 64 años;solo castellano;población de 15 años o más (miles);;802,8
2018;Catalunya;al escribir mensajes de móvil;de 45 a 64 años;otra lengua (o lenguas);población de 15 años o más (miles);;12,9
2018;Catalunya;al escribir mensajes de móvil;de 45 a 64 años;catalán y otra lengua (o lenguas);población de 15 años o más (miles);..;null
2018;Catalunya;al escribir mensajes de móvil;de 45 a 64 años;castellano y otra lengua (o lenguas);población de 15 años o más (miles);;84,9
2018;Catalunya;al escribir mensajes de móvil;de 45 a 64 años;otras combinaciones de lenguas;población de 15 años o más (miles);;32,2
2018;Catalunya;al escribir mensajes de móvil;de 45 a 64 años;No consta;población de 15 años o más (miles);;116,4
2018;Catalunya;al escribir mensajes de móvil;de 45 a 64 años;total;población de 15 años o más (miles);;2092,8
2018;Catalunya;al escribir mensajes de móvil;65 años o más;solo catalán;población de 15 años o más (miles);;210,0
2018;Catalunya;al escribir mensajes de móvil;65 años o más;más catalán que castellano;población de 15 años o más (miles);;80,7
2018;Catalunya;al escribir mensajes de móvil;65 años o más;catalán y castellano;población de 15 años o más (miles);;86,4
2018;Catalunya;al escribir mensajes de móvil;65 años o más;más castellano que catalán;población de 15 años o más (miles);;40,5
2018;Catalunya;al escribir mensajes de móvil;65 años o más;solo castellano;población de 15 años o más (miles);;402,8
2018;Catalunya;al escribir mensajes de móvil;65 años o más;otra lengua (o lenguas);población de 15 años o más (miles);..;null
2018;Catalunya;al escribir mensajes de móvil;65 años o más;catalán y otra lengua (o lenguas);población de 15 años o más (miles);..;null
2018;Catalunya;al escribir mensajes de móvil;65 años o más;castellano y otra lengua (o lenguas);población de 15 años o más (miles);;19,0
2018;Catalunya;al escribir mensajes de móvil;65 años o más;otras combinaciones de lenguas;población de 15 años o más (miles);..;null
2018;Catalunya;al escribir mensajes de móvil;65 años o más;No consta;población de 15 años o más (miles);;581,2
2018;Catalunya;al escribir mensajes de móvil;65 años o más;total;población de 15 años o más (miles);;1432,1
2018;Catalunya;al escribir mensajes de móvil;total;solo catalán;población de 15 años o más (miles);;756,1
2018;Catalunya;al escribir mensajes de móvil;total;más catalán que castellano;población de 15 años o más (miles);;751,6
2018;Catalunya;al escribir mensajes de móvil;total;catalán y castellano;población de 15 años o más (miles);;864,3
2018;Catalunya;al escribir mensajes de móvil;total;más castellano que catalán;población de 15 años o más (miles);;656,0
2018;Catalunya;al escribir mensajes de móvil;total;solo castellano;población de 15 años o más (miles);;2099,2
2018;Catalunya;al escribir mensajes de móvil;total;otra lengua (o lenguas);población de 15 años o más (miles);;56,1
2018;Catalunya;al escribir mensajes de móvil;total;catalán y otra lengua (o lenguas);población de 15 años o más (miles);;24,8
2018;Catalunya;al escribir mensajes de móvil;total;castellano y otra lengua (o lenguas);población de 15 años o más (miles);;296,5
2018;Catalunya;al escribir mensajes de móvil;total;otras combinaciones de lenguas;población de 15 años o más (miles);;141,4
2018;Catalunya;al escribir mensajes de móvil;total;No consta;población de 15 años o más (miles);;740,7
2018;Catalunya;al escribir mensajes de móvil;total;total;población de 15 años o más (miles);;6386,6
2018;Catalunya;al hacer publicaciones en las redes sociales;de 15 a 29 años;solo catalán;población de 15 años o más (miles);..;null
2018;Catalunya;al hacer publicaciones en las redes sociales;de 15 a 29 años;más catalán que castellano;población de 15 años o más (miles);..;null
2018;Catalunya;al hacer publicaciones en las redes sociales;de 15 a 29 años;catalán y castellano;población de 15 años o más (miles);..;null
2018;Catalunya;al hacer publicaciones en las redes sociales;de 15 a 29 años;más castellano que catalán;población de 15 años o más (miles);..;null
2018;Catalunya;al hacer publicaciones en las redes sociales;de 15 a 29 años;solo castellano;población de 15 años o más (miles);..;null
2018;Catalunya;al hacer publicaciones en las redes sociales;de 15 a 29 años;otra lengua (o lenguas);población de 15 años o más (miles);..;null
2018;Catalunya;al hacer publicaciones en las redes sociales;de 15 a 29 años;catalán y otra lengua (o lenguas);población de 15 años o más (miles);..;null
2018;Catalunya;al hacer publicaciones en las redes sociales;de 15 a 29 años;castellano y otra lengua (o lenguas);población de 15 años o más (miles);..;null
2018;Catalunya;al hacer publicaciones en las redes sociales;de 15 a 29 años;otras combinaciones de lenguas;población de 15 años o más (miles);..;null
2018;Catalunya;al hacer publicaciones en las redes sociales;de 15 a 29 años;No consta;población de 15 años o más (miles);..;null
2018;Catalunya;al hacer publicaciones en las redes sociales;de 15 a 29 años;total;población de 15 años o más (miles);..;null
2018;Catalunya;al hacer publicaciones en las redes sociales;de 30 a 44 años;solo catalán;población de 15 años o más (miles);..;null
2018;Catalunya;al hacer publicaciones en las redes sociales;de 30 a 44 años;más catalán que castellano;población de 15 años o más (miles);..;null
2018;Catalunya;al hacer publicaciones en las redes sociales;de 30 a 44 años;catalán y castellano;población de 15 años o más (miles);..;null
2018;Catalunya;al hacer publicaciones en las redes sociales;de 30 a 44 años;más castellano que catalán;población de 15 años o más (miles);..;null
2018;Catalunya;al hacer publicaciones en las redes sociales;de 30 a 44 años;solo castellano;población de 15 años o más (miles);..;null
2018;Catalunya;al hacer publicaciones en las redes sociales;de 30 a 44 años;otra lengua (o lenguas);población de 15 años o más (miles);..;null
2018;Catalunya;al hacer publicaciones en las redes sociales;de 30 a 44 años;catalán y otra lengua (o lenguas);población de 15 años o más (miles);..;null
2018;Catalunya;al hacer publicaciones en las redes sociales;de 30 a 44 años;castellano y otra lengua (o lenguas);población de 15 años o más (miles);..;null
2018;Catalunya;al hacer publicaciones en las redes sociales;de 30 a 44 años;otras combinaciones de lenguas;población de 15 años o más (miles);..;null
2018;Catalunya;al hacer publicaciones en las redes sociales;de 30 a 44 años;No consta;población de 15 años o más (miles);..;null
2018;Catalunya;al hacer publicaciones en las redes sociales;de 30 a 44 años;total;población de 15 años o más (miles);..;null
2018;Catalunya;al hacer publicaciones en las redes sociales;de 45 a 64 años;solo catalán;población de 15 años o más (miles);..;null
2018;Catalunya;al hacer publicaciones en las redes sociales;de 45 a 64 años;más catalán que castellano;población de 15 años o más (miles);..;null
2018;Catalunya;al hacer publicaciones en las redes sociales;de 45 a 64 años;catalán y castellano;población de 15 años o más (miles);..;null
2018;Catalunya;al hacer publicaciones en las redes sociales;de 45 a 64 años;más castellano que catalán;población de 15 años o más (miles);..;null
2018;Catalunya;al hacer publicaciones en las redes sociales;de 45 a 64 años;solo castellano;población de 15 años o más (miles);..;null
2018;Catalunya;al hacer publicaciones en las redes sociales;de 45 a 64 años;otra lengua (o lenguas);población de 15 años o más (miles);..;null
2018;Catalunya;al hacer publicaciones en las redes sociales;de 45 a 64 años;catalán y otra lengua (o lenguas);población de 15 años o más (miles);..;null
2018;Catalunya;al hacer publicaciones en las redes sociales;de 45 a 64 años;castellano y otra lengua (o lenguas);población de 15 años o más (miles);..;null
2018;Catalunya;al hacer publicaciones en las redes sociales;de 45 a 64 años;otras combinaciones de lenguas;población de 15 años o más (miles);..;null
2018;Catalunya;al hacer publicaciones en las redes sociales;de 45 a 64 años;No consta;población de 15 años o más (miles);..;null
2018;Catalunya;al hacer publicaciones en las redes sociales;de 45 a 64 años;total;población de 15 años o más (miles);..;null
2018;Catalunya;al hacer publicaciones en las redes sociales;65 años o más;solo catalán;población de 15 años o más (miles);..;null
2018;Catalunya;al hacer publicaciones en las redes sociales;65 años o más;más catalán que castellano;población de 15 años o más (miles);..;null
2018;Catalunya;al hacer publicaciones en las redes sociales;65 años o más;catalán y castellano;población de 15 años o más (miles);..;null
2018;Catalunya;al hacer publicaciones en las redes sociales;65 años o más;más castellano que catalán;población de 15 años o más (miles);..;null
2018;Catalunya;al hacer publicaciones en las redes sociales;65 años o más;solo castellano;población de 15 años o más (miles);..;null
2018;Catalunya;al hacer publicaciones en las redes sociales;65 años o más;otra lengua (o lenguas);población de 15 años o más (miles);..;null
2018;Catalunya;al hacer publicaciones en las redes sociales;65 años o más;catalán y otra lengua (o lenguas);población de 15 años o más (miles);..;null
2018;Catalunya;al hacer publicaciones en las redes sociales;65 años o más;castellano y otra lengua (o lenguas);población de 15 años o más (miles);..;null
2018;Catalunya;al hacer publicaciones en las redes sociales;65 años o más;otras combinaciones de lenguas;población de 15 años o más (miles);..;null
2018;Catalunya;al hacer publicaciones en las redes sociales;65 años o más;No consta;población de 15 años o más (miles);..;null
2018;Catalunya;al hacer publicaciones en las redes sociales;65 años o más;total;población de 15 años o más (miles);..;null
2018;Catalunya;al hacer publicaciones en las redes sociales;total;solo catalán;población de 15 años o más (miles);..;null
2018;Catalunya;al hacer publicaciones en las redes sociales;total;más catalán que castellano;población de 15 años o más (miles);..;null
2018;Catalunya;al hacer publicaciones en las redes sociales;total;catalán y castellano;población de 15 años o más (miles);..;null
2018;Catalunya;al hacer publicaciones en las redes sociales;total;más castellano que catalán;población de 15 años o más (miles);..;null
2018;Catalunya;al hacer publicaciones en las redes sociales;total;solo castellano;población de 15 años o más (miles);..;null
2018;Catalunya;al hacer publicaciones en las redes sociales;total;otra lengua (o lenguas);población de 15 años o más (miles);..;null
2018;Catalunya;al hacer publicaciones en las redes sociales;total;catalán y otra lengua (o lenguas);población de 15 años o más (miles);..;null
2018;Catalunya;al hacer publicaciones en las redes sociales;total;castellano y otra lengua (o lenguas);población de 15 años o más (miles);..;null
2018;Catalunya;al hacer publicaciones en las redes sociales;total;otras combinaciones de lenguas;población de 15 años o más (miles);..;null
2018;Catalunya;al hacer publicaciones en las redes sociales;total;No consta;población de 15 años o más (miles);..;null
2018;Catalunya;al hacer publicaciones en las redes sociales;total;total;población de 15 años o más (miles);..;null
2023;Catalunya;con los miembros del hogar;de 15 a 29 años;solo catalán;población de 15 años o más (miles);;290,4
2023;Catalunya;con los miembros del hogar;de 15 a 29 años;más catalán que castellano;población de 15 años o más (miles);;70,8
2023;Catalunya;con los miembros del hogar;de 15 a 29 años;catalán y castellano;población de 15 años o más (miles);;93,0
2023;Catalunya;con los miembros del hogar;de 15 a 29 años;más castellano que catalán;población de 15 años o más (miles);;113,4
2023;Catalunya;con los miembros del hogar;de 15 a 29 años;solo castellano;población de 15 años o más (miles);;496,5
2023;Catalunya;con los miembros del hogar;de 15 a 29 años;otra lengua (o lenguas);población de 15 años o más (miles);;78,3
2023;Catalunya;con los miembros del hogar;de 15 a 29 años;catalán y otra lengua (o lenguas);población de 15 años o más (miles);;17,6
2023;Catalunya;con los miembros del hogar;de 15 a 29 años;castellano y otra lengua (o lenguas);población de 15 años o más (miles);;88,7
2023;Catalunya;con los miembros del hogar;de 15 a 29 años;otras combinaciones de lenguas;población de 15 años o más (miles);;17,0
2023;Catalunya;con los miembros del hogar;de 15 a 29 años;No consta;población de 15 años o más (miles);..;null
2023;Catalunya;con los miembros del hogar;de 15 a 29 años;total;población de 15 años o más (miles);;1267,9
2023;Catalunya;con los miembros del hogar;de 30 a 44 años;solo catalán;población de 15 años o más (miles);;301,9
2023;Catalunya;con los miembros del hogar;de 30 a 44 años;más catalán que castellano;población de 15 años o más (miles);;72,5
2023;Catalunya;con los miembros del hogar;de 30 a 44 años;catalán y castellano;población de 15 años o más (miles);;115,0
2023;Catalunya;con los miembros del hogar;de 30 a 44 años;más castellano que catalán;población de 15 años o más (miles);;147,3
2023;Catalunya;con los miembros del hogar;de 30 a 44 años;solo castellano;población de 15 años o más (miles);;522,4
2023;Catalunya;con los miembros del hogar;de 30 a 44 años;otra lengua (o lenguas);población de 15 años o más (miles);;111,3
2023;Catalunya;con los miembros del hogar;de 30 a 44 años;catalán y otra lengua (o lenguas);población de 15 años o más (miles);;21,8
2023;Catalunya;con los miembros del hogar;de 30 a 44 años;castellano y otra lengua (o lenguas);población de 15 años o más (miles);;147,1
2023;Catalunya;con los miembros del hogar;de 30 a 44 años;otras combinaciones de lenguas;población de 15 años o más (miles);;29,6
2023;Catalunya;con los miembros del hogar;de 30 a 44 años;No consta;población de 15 años o más (miles);..;null
2023;Catalunya;con los miembros del hogar;de 30 a 44 años;total;población de 15 años o más (miles);;1472,3
2023;Catalunya;con los miembros del hogar;de 45 a 64 años;solo catalán;población de 15 años o más (miles);;574,8
2023;Catalunya;con los miembros del hogar;de 45 a 64 años;más catalán que castellano;población de 15 años o más (miles);;108,8
2023;Catalunya;con los miembros del hogar;de 45 a 64 años;catalán y castellano;población de 15 años o más (miles);;177,9
2023;Catalunya;con los miembros del hogar;de 45 a 64 años;más castellano que catalán;población de 15 años o más (miles);;182,4
2023;Catalunya;con los miembros del hogar;de 45 a 64 años;solo castellano;población de 15 años o más (miles);;797,5
2023;Catalunya;con los miembros del hogar;de 45 a 64 años;otra lengua (o lenguas);población de 15 años o más (miles);;85,2
2023;Catalunya;con los miembros del hogar;de 45 a 64 años;catalán y otra lengua (o lenguas);población de 15 años o más (miles);;20,6
2023;Catalunya;con los miembros del hogar;de 45 a 64 años;castellano y otra lengua (o lenguas);población de 15 años o más (miles);;103,3
2023;Catalunya;con los miembros del hogar;de 45 a 64 años;otras combinaciones de lenguas;población de 15 años o más (miles);;13,3
2023;Catalunya;con los miembros del hogar;de 45 a 64 años;No consta;población de 15 años o más (miles);..;null
2023;Catalunya;con los miembros del hogar;de 45 a 64 años;total;población de 15 años o más (miles);;2070,6
2023;Catalunya;con los miembros del hogar;65 años o más;solo catalán;población de 15 años o más (miles);;437,7
2023;Catalunya;con los miembros del hogar;65 años o más;más catalán que castellano;población de 15 años o más (miles);;41,3
2023;Catalunya;con los miembros del hogar;65 años o más;catalán y castellano;población de 15 años o más (miles);;56,2
2023;Catalunya;con los miembros del hogar;65 años o más;más castellano que catalán;población de 15 años o más (miles);;67,4
2023;Catalunya;con los miembros del hogar;65 años o más;solo castellano;población de 15 años o más (miles);;548,0
2023;Catalunya;con los miembros del hogar;65 años o más;otra lengua (o lenguas);población de 15 años o más (miles);;34,0
2023;Catalunya;con los miembros del hogar;65 años o más;catalán y otra lengua (o lenguas);población de 15 años o más (miles);..;null
2023;Catalunya;con los miembros del hogar;65 años o más;castellano y otra lengua (o lenguas);población de 15 años o más (miles);;14,5
2023;Catalunya;con los miembros del hogar;65 años o más;otras combinaciones de lenguas;población de 15 años o más (miles);..;null
2023;Catalunya;con los miembros del hogar;65 años o más;No consta;población de 15 años o más (miles);..;null
2023;Catalunya;con los miembros del hogar;65 años o más;total;población de 15 años o más (miles);;1200,4
2023;Catalunya;con los miembros del hogar;total;solo catalán;población de 15 años o más (miles);;1604,7
2023;Catalunya;con los miembros del hogar;total;más catalán que castellano;población de 15 años o más (miles);;293,4
2023;Catalunya;con los miembros del hogar;total;catalán y castellano;población de 15 años o más (miles);;442,2
2023;Catalunya;con los miembros del hogar;total;más castellano que catalán;población de 15 años o más (miles);;510,5
2023;Catalunya;con los miembros del hogar;total;solo castellano;población de 15 años o más (miles);;2364,3
2023;Catalunya;con los miembros del hogar;total;otra lengua (o lenguas);población de 15 años o más (miles);;308,9
2023;Catalunya;con los miembros del hogar;total;catalán y otra lengua (o lenguas);población de 15 años o más (miles);;60,0
2023;Catalunya;con los miembros del hogar;total;castellano y otra lengua (o lenguas);población de 15 años o más (miles);;353,6
2023;Catalunya;con los miembros del hogar;total;otras combinaciones de lenguas;población de 15 años o más (miles);;60,8
2023;Catalunya;con los miembros del hogar;total;No consta;población de 15 años o más (miles);..;null
2023;Catalunya;con los miembros del hogar;total;total;población de 15 años o más (miles);;6011,3
2023;Catalunya;con los amigos;de 15 a 29 años;solo catalán;población de 15 años o más (miles);;156,0
2023;Catalunya;con los amigos;de 15 a 29 años;más catalán que castellano;población de 15 años o más (miles);;174,6
2023;Catalunya;con los amigos;de 15 a 29 años;catalán y castellano;población de 15 años o más (miles);;209,1
2023;Catalunya;con los amigos;de 15 a 29 años;más castellano que catalán;población de 15 años o más (miles);;252,2
2023;Catalunya;con los amigos;de 15 a 29 años;solo castellano;población de 15 años o más (miles);;385,3
2023;Catalunya;con los amigos;de 15 a 29 años;otra lengua (o lenguas);población de 15 años o más (miles);;20,2
2023;Catalunya;con los amigos;de 15 a 29 años;catalán y otra lengua (o lenguas);población de 15 años o más (miles);..;null
2023;Catalunya;con los amigos;de 15 a 29 años;castellano y otra lengua (o lenguas);población de 15 años o más (miles);;67,1
2023;Catalunya;con los amigos;de 15 a 29 años;otras combinaciones de lenguas;población de 15 años o más (miles);;29,7
2023;Catalunya;con los amigos;de 15 a 29 años;No consta;población de 15 años o más (miles);..;null
2023;Catalunya;con los amigos;de 15 a 29 años;total;población de 15 años o más (miles);;1313,4
2023;Catalunya;con los amigos;de 30 a 44 años;solo catalán;población de 15 años o más (miles);;151,9
2023;Catalunya;con los amigos;de 30 a 44 años;más catalán que castellano;población de 15 años o más (miles);;193,5
2023;Catalunya;con los amigos;de 30 a 44 años;catalán y castellano;población de 15 años o más (miles);;267,7
2023;Catalunya;con los amigos;de 30 a 44 años;más castellano que catalán;población de 15 años o más (miles);;229,8
2023;Catalunya;con los amigos;de 30 a 44 años;solo castellano;población de 15 años o más (miles);;500,3
2023;Catalunya;con los amigos;de 30 a 44 años;otra lengua (o lenguas);población de 15 años o más (miles);;55,5
2023;Catalunya;con los amigos;de 30 a 44 años;catalán y otra lengua (o lenguas);población de 15 años o más (miles);..;null
2023;Catalunya;con los amigos;de 30 a 44 años;castellano y otra lengua (o lenguas);población de 15 años o más (miles);;174,6
2023;Catalunya;con los amigos;de 30 a 44 años;otras combinaciones de lenguas;población de 15 años o más (miles);;30,7
2023;Catalunya;con los amigos;de 30 a 44 años;No consta;población de 15 años o más (miles);..;null
2023;Catalunya;con los amigos;de 30 a 44 años;total;población de 15 años o más (miles);;1621,7
2023;Catalunya;con los amigos;de 45 a 64 años;solo catalán;población de 15 años o más (miles);;338,6
2023;Catalunya;con los amigos;de 45 a 64 años;más catalán que castellano;población de 15 años o más (miles);;381,8
2023;Catalunya;con los amigos;de 45 a 64 años;catalán y castellano;población de 15 años o más (miles);;435,0
2023;Catalunya;con los amigos;de 45 a 64 años;más castellano que catalán;población de 15 años o más (miles);;253,8
2023;Catalunya;con los amigos;de 45 a 64 años;solo castellano;población de 15 años o más (miles);;684,4
2023;Catalunya;con los amigos;de 45 a 64 años;otra lengua (o lenguas);población de 15 años o más (miles);;52,8
2023;Catalunya;con los amigos;de 45 a 64 años;catalán y otra lengua (o lenguas);población de 15 años o más (miles);..;null
2023;Catalunya;con los amigos;de 45 a 64 años;castellano y otra lengua (o lenguas);población de 15 años o más (miles);;106,4
2023;Catalunya;con los amigos;de 45 a 64 años;otras combinaciones de lenguas;población de 15 años o más (miles);;38,6
2023;Catalunya;con los amigos;de 45 a 64 años;No consta;población de 15 años o más (miles);;22,9
2023;Catalunya;con los amigos;de 45 a 64 años;total;población de 15 años o más (miles);;2320,8
2023;Catalunya;con los amigos;65 años o más;solo catalán;población de 15 años o más (miles);;370,2
2023;Catalunya;con los amigos;65 años o más;más catalán que castellano;población de 15 años o más (miles);;231,2
2023;Catalunya;con los amigos;65 años o más;catalán y castellano;población de 15 años o más (miles);;230,7
2023;Catalunya;con los amigos;65 años o más;más castellano que catalán;población de 15 años o más (miles);;77,0
2023;Catalunya;con los amigos;65 años o más;solo castellano;población de 15 años o más (miles);;556,7
2023;Catalunya;con los amigos;65 años o más;otra lengua (o lenguas);población de 15 años o más (miles);;17,5
2023;Catalunya;con los amigos;65 años o más;catalán y otra lengua (o lenguas);población de 15 años o más (miles);..;null
2023;Catalunya;con los amigos;65 años o más;castellano y otra lengua (o lenguas);población de 15 años o más (miles);;16,4
2023;Catalunya;con los amigos;65 años o más;otras combinaciones de lenguas;población de 15 años o más (miles);;7,5
2023;Catalunya;con los amigos;65 años o más;No consta;población de 15 años o más (miles);;18,9
2023;Catalunya;con los amigos;65 años o más;total;población de 15 años o más (miles);;1529,2
2023;Catalunya;con los amigos;total;solo catalán;población de 15 años o más (miles);;1016,7
2023;Catalunya;con los amigos;total;más catalán que castellano;población de 15 años o más (miles);;981,1
2023;Catalunya;con los amigos;total;catalán y castellano;población de 15 años o más (miles);;1142,4
2023;Catalunya;con los amigos;total;más castellano que catalán;población de 15 años o más (miles);;812,8
2023;Catalunya;con los amigos;total;solo castellano;población de 15 años o más (miles);;2126,7
2023;Catalunya;con los amigos;total;otra lengua (o lenguas);población de 15 años o más (miles);;146,0
2023;Catalunya;con los amigos;total;catalán y otra lengua (o lenguas);población de 15 años o más (miles);;26,3
2023;Catalunya;con los amigos;total;castellano y otra lengua (o lenguas);población de 15 años o más (miles);;364,5
2023;Catalunya;con los amigos;total;otras combinaciones de lenguas;población de 15 años o más (miles);;106,6
2023;Catalunya;con los amigos;total;No consta;población de 15 años o más (miles);;61,9
2023;Catalunya;con los amigos;total;total;población de 15 años o más (miles);;6785,1
2023;Catalunya;con los vecinos;de 15 a 29 años;solo catalán;población de 15 años o más (miles);;231,9
2023;Catalunya;con los vecinos;de 15 a 29 años;más catalán que castellano;población de 15 años o más (miles);;152,7
2023;Catalunya;con los vecinos;de 15 a 29 años;catalán y castellano;población de 15 años o más (miles);;196,7
2023;Catalunya;con los vecinos;de 15 a 29 años;más castellano que catalán;población de 15 años o más (miles);;165,9
2023;Catalunya;con los vecinos;de 15 a 29 años;solo castellano;población de 15 años o más (miles);;470,2
2023;Catalunya;con los vecinos;de 15 a 29 años;otra lengua (o lenguas);población de 15 años o más (miles);..;null
2023;Catalunya;con los vecinos;de 15 a 29 años;catalán y otra lengua (o lenguas);población de 15 años o más (miles);..;null
2023;Catalunya;con los vecinos;de 15 a 29 años;castellano y otra lengua (o lenguas);población de 15 años o más (miles);;22,3
2023;Catalunya;con los vecinos;de 15 a 29 años;otras combinaciones de lenguas;población de 15 años o más (miles);;9,4
2023;Catalunya;con los vecinos;de 15 a 29 años;No consta;población de 15 años o más (miles);;53,1
2023;Catalunya;con los vecinos;de 15 a 29 años;total;población de 15 años o más (miles);;1313,4
2023;Catalunya;con los vecinos;de 30 a 44 años;solo catalán;población de 15 años o más (miles);;209,8
2023;Catalunya;con los vecinos;de 30 a 44 años;más catalán que castellano;población de 15 años o más (miles);;210,5
2023;Catalunya;con los vecinos;de 30 a 44 años;catalán y castellano;población de 15 años o más (miles);;221,3
2023;Catalunya;con los vecinos;de 30 a 44 años;más castellano que catalán;población de 15 años o más (miles);;196,3
2023;Catalunya;con los vecinos;de 30 a 44 años;solo castellano;población de 15 años o más (miles);;662,4
2023;Catalunya;con los vecinos;de 30 a 44 años;otra lengua (o lenguas);población de 15 años o más (miles);;21,2
2023;Catalunya;con los vecinos;de 30 a 44 años;catalán y otra lengua (o lenguas);población de 15 años o más (miles);..;null
2023;Catalunya;con los vecinos;de 30 a 44 años;castellano y otra lengua (o lenguas);población de 15 años o más (miles);;57,5
2023;Catalunya;con los vecinos;de 30 a 44 años;otras combinaciones de lenguas;población de 15 años o más (miles);;8,2
2023;Catalunya;con los vecinos;de 30 a 44 años;No consta;población de 15 años o más (miles);;29,1
2023;Catalunya;con los vecinos;de 30 a 44 años;total;población de 15 años o más (miles);;1621,7
2023;Catalunya;con los vecinos;de 45 a 64 años;solo catalán;población de 15 años o más (miles);;349,0
2023;Catalunya;con los vecinos;de 45 a 64 años;más catalán que castellano;población de 15 años o más (miles);;400,5
2023;Catalunya;con los vecinos;de 45 a 64 años;catalán y castellano;población de 15 años o más (miles);;384,0
2023;Catalunya;con los vecinos;de 45 a 64 años;más castellano que catalán;población de 15 años o más (miles);;259,6
2023;Catalunya;con los vecinos;de 45 a 64 años;solo castellano;población de 15 años o más (miles);;789,8
2023;Catalunya;con los vecinos;de 45 a 64 años;otra lengua (o lenguas);población de 15 años o más (miles);;26,2
2023;Catalunya;con los vecinos;de 45 a 64 años;catalán y otra lengua (o lenguas);población de 15 años o más (miles);..;null
2023;Catalunya;con los vecinos;de 45 a 64 años;castellano y otra lengua (o lenguas);población de 15 años o más (miles);;44,7
2023;Catalunya;con los vecinos;de 45 a 64 años;otras combinaciones de lenguas;población de 15 años o más (miles);;13,4
2023;Catalunya;con los vecinos;de 45 a 64 años;No consta;población de 15 años o más (miles);;53,4
2023;Catalunya;con los vecinos;de 45 a 64 años;total;población de 15 años o más (miles);;2320,8
2023;Catalunya;con los vecinos;65 años o más;solo catalán;población de 15 años o más (miles);;388,8
2023;Catalunya;con los vecinos;65 años o más;más catalán que castellano;población de 15 años o más (miles);;198,2
2023;Catalunya;con los vecinos;65 años o más;catalán y castellano;población de 15 años o más (miles);;215,1
2023;Catalunya;con los vecinos;65 años o más;más castellano que catalán;población de 15 años o más (miles);;94,2
2023;Catalunya;con los vecinos;65 años o más;solo castellano;población de 15 años o más (miles);;585,7
2023;Catalunya;con los vecinos;65 años o más;otra lengua (o lenguas);población de 15 años o más (miles);;10,2
2023;Catalunya;con los vecinos;65 años o más;catalán y otra lengua (o lenguas);población de 15 años o más (miles);..;null
2023;Catalunya;con los vecinos;65 años o más;castellano y otra lengua (o lenguas);población de 15 años o más (miles);..;null
2023;Catalunya;con los vecinos;65 años o más;otras combinaciones de lenguas;población de 15 años o más (miles);;2,7
2023;Catalunya;con los vecinos;65 años o más;No consta;población de 15 años o más (miles);;21,9
2023;Catalunya;con los vecinos;65 años o más;total;población de 15 años o más (miles);;1529,2
2023;Catalunya;con los vecinos;total;solo catalán;población de 15 años o más (miles);;1179,5
2023;Catalunya;con los vecinos;total;más catalán que castellano;población de 15 años o más (miles);;961,9
2023;Catalunya;con los vecinos;total;catalán y castellano;población de 15 años o más (miles);;1017,2
2023;Catalunya;con los vecinos;total;más castellano que catalán;población de 15 años o más (miles);;716,0
2023;Catalunya;con los vecinos;total;solo castellano;población de 15 años o más (miles);;2508,1
2023;Catalunya;con los vecinos;total;otra lengua (o lenguas);población de 15 años o más (miles);;67,8
2023;Catalunya;con los vecinos;total;catalán y otra lengua (o lenguas);población de 15 años o más (miles);;7,9
2023;Catalunya;con los vecinos;total;castellano y otra lengua (o lenguas);población de 15 años o más (miles);;135,5
2023;Catalunya;con los vecinos;total;otras combinaciones de lenguas;población de 15 años o más (miles);;33,6
2023;Catalunya;con los vecinos;total;No consta;población de 15 años o más (miles);;157,6
2023;Catalunya;con los vecinos;total;total;población de 15 años o más (miles);;6785,1
2023;Catalunya;con los compañeros de estudio;de 15 a 29 años;solo catalán;población de 15 años o más (miles);;133,2
2023;Catalunya;con los compañeros de estudio;de 15 a 29 años;más catalán que castellano;población de 15 años o más (miles);;123,8
2023;Catalunya;con los compañeros de estudio;de 15 a 29 años;catalán y castellano;población de 15 años o más (miles);;136,0
2023;Catalunya;con los compañeros de estudio;de 15 a 29 años;más castellano que catalán;población de 15 años o más (miles);;102,2
2023;Catalunya;con los compañeros de estudio;de 15 a 29 años;solo castellano;población de 15 años o más (miles);;159,7
2023;Catalunya;con los compañeros de estudio;de 15 a 29 años;otra lengua (o lenguas);población de 15 años o más (miles);;23,8
2023;Catalunya;con los compañeros de estudio;de 15 a 29 años;catalán y otra lengua (o lenguas);población de 15 años o más (miles);..;null
2023;Catalunya;con los compañeros de estudio;de 15 a 29 años;castellano y otra lengua (o lenguas);población de 15 años o más (miles);..;null
2023;Catalunya;con los compañeros de estudio;de 15 a 29 años;otras combinaciones de lenguas;población de 15 años o más (miles);..;null
2023;Catalunya;con los compañeros de estudio;de 15 a 29 años;No consta;población de 15 años o más (miles);..;null
2023;Catalunya;con los compañeros de estudio;de 15 a 29 años;total;población de 15 años o más (miles);;717,3
2023;Catalunya;con los compañeros de estudio;de 30 a 44 años;solo catalán;población de 15 años o más (miles);;43,6
2023;Catalunya;con los compañeros de estudio;de 30 a 44 años;más catalán que castellano;población de 15 años o más (miles);;20,8
2023;Catalunya;con los compañeros de estudio;de 30 a 44 años;catalán y castellano;población de 15 años o más (miles);;22,2
2023;Catalunya;con los compañeros de estudio;de 30 a 44 años;más castellano que catalán;población de 15 años o más (miles);;17,5
2023;Catalunya;con los compañeros de estudio;de 30 a 44 años;solo castellano;población de 15 años o más (miles);;67,7
2023;Catalunya;con los compañeros de estudio;de 30 a 44 años;otra lengua (o lenguas);población de 15 años o más (miles);..;null
2023;Catalunya;con los compañeros de estudio;de 30 a 44 años;catalán y otra lengua (o lenguas);población de 15 años o más (miles);..;null
2023;Catalunya;con los compañeros de estudio;de 30 a 44 años;castellano y otra lengua (o lenguas);población de 15 años o más (miles);..;null
2023;Catalunya;con los compañeros de estudio;de 30 a 44 años;otras combinaciones de lenguas;población de 15 años o más (miles);..;null
2023;Catalunya;con los compañeros de estudio;de 30 a 44 años;No consta;población de 15 años o más (miles);;32,4
2023;Catalunya;con los compañeros de estudio;de 30 a 44 años;total;población de 15 años o más (miles);;236,2
2023;Catalunya;con los compañeros de estudio;de 45 a 64 años;solo catalán;población de 15 años o más (miles);;70,1
2023;Catalunya;con los compañeros de estudio;de 45 a 64 años;más catalán que castellano;población de 15 años o más (miles);;24,5
2023;Catalunya;con los compañeros de estudio;de 45 a 64 años;catalán y castellano;población de 15 años o más (miles);;30,7
2023;Catalunya;con los compañeros de estudio;de 45 a 64 años;más castellano que catalán;población de 15 años o más (miles);..;null
2023;Catalunya;con los compañeros de estudio;de 45 a 64 años;solo castellano;población de 15 años o más (miles);;53,3
2023;Catalunya;con los compañeros de estudio;de 45 a 64 años;otra lengua (o lenguas);población de 15 años o más (miles);..;null
2023;Catalunya;con los compañeros de estudio;de 45 a 64 años;catalán y otra lengua (o lenguas);población de 15 años o más (miles);..;null
2023;Catalunya;con los compañeros de estudio;de 45 a 64 años;castellano y otra lengua (o lenguas);población de 15 años o más (miles);..;null
2023;Catalunya;con los compañeros de estudio;de 45 a 64 años;otras combinaciones de lenguas;población de 15 años o más (miles);..;null
2023;Catalunya;con los compañeros de estudio;de 45 a 64 años;No consta;población de 15 años o más (miles);;21,5
2023;Catalunya;con los compañeros de estudio;de 45 a 64 años;total;población de 15 años o más (miles);;232,0
2023;Catalunya;con los compañeros de estudio;65 años o más;solo catalán;población de 15 años o más (miles);;29,7
2023;Catalunya;con los compañeros de estudio;65 años o más;más catalán que castellano;población de 15 años o más (miles);..;null
2023;Catalunya;con los compañeros de estudio;65 años o más;catalán y castellano;población de 15 años o más (miles);..;null
2023;Catalunya;con los compañeros de estudio;65 años o más;más castellano que catalán;población de 15 años o más (miles);..;null
2023;Catalunya;con los compañeros de estudio;65 años o más;solo castellano;población de 15 años o más (miles);..;null
2023;Catalunya;con los compañeros de estudio;65 años o más;otra lengua (o lenguas);población de 15 años o más (miles);..;null
2023;Catalunya;con los compañeros de estudio;65 años o más;catalán y otra lengua (o lenguas);población de 15 años o más (miles);..;null
2023;Catalunya;con los compañeros de estudio;65 años o más;castellano y otra lengua (o lenguas);población de 15 años o más (miles);..;null
2023;Catalunya;con los compañeros de estudio;65 años o más;otras combinaciones de lenguas;población de 15 años o más (miles);..;null
2023;Catalunya;con los compañeros de estudio;65 años o más;No consta;población de 15 años o más (miles);..;null
2023;Catalunya;con los compañeros de estudio;65 años o más;total;población de 15 años o más (miles);;62,4
2023;Catalunya;con los compañeros de estudio;total;solo catalán;población de 15 años o más (miles);;276,5
2023;Catalunya;con los compañeros de estudio;total;más catalán que castellano;población de 15 años o más (miles);;177,8
2023;Catalunya;con los compañeros de estudio;total;catalán y castellano;población de 15 años o más (miles);;198,2
2023;Catalunya;con los compañeros de estudio;total;más castellano que catalán;población de 15 años o más (miles);;136,6
2023;Catalunya;con los compañeros de estudio;total;solo castellano;población de 15 años o más (miles);;287,0
2023;Catalunya;con los compañeros de estudio;total;otra lengua (o lenguas);población de 15 años o más (miles);;50,3
2023;Catalunya;con los compañeros de estudio;total;catalán y otra lengua (o lenguas);población de 15 años o más (miles);..;null
2023;Catalunya;con los compañeros de estudio;total;castellano y otra lengua (o lenguas);población de 15 años o más (miles);;22,5
2023;Catalunya;con los compañeros de estudio;total;otras combinaciones de lenguas;población de 15 años o más (miles);;15,7
2023;Catalunya;con los compañeros de estudio;total;No consta;población de 15 años o más (miles);;71,8
2023;Catalunya;con los compañeros de estudio;total;total;población de 15 años o más (miles);;1247,9
2023;Catalunya;con los compañeros de trabajo;de 15 a 29 años;solo catalán;población de 15 años o más (miles);;93,0
2023;Catalunya;con los compañeros de trabajo;de 15 a 29 años;más catalán que castellano;población de 15 años o más (miles);;70,4
2023;Catalunya;con los compañeros de trabajo;de 15 a 29 años;catalán y castellano;población de 15 años o más (miles);;114,9
2023;Catalunya;con los compañeros de trabajo;de 15 a 29 años;más castellano que catalán;población de 15 años o más (miles);;62,5
2023;Catalunya;con los compañeros de trabajo;de 15 a 29 años;solo castellano;población de 15 años o más (miles);;170,7
2023;Catalunya;con los compañeros de trabajo;de 15 a 29 años;otra lengua (o lenguas);población de 15 años o más (miles);;23,4
2023;Catalunya;con los compañeros de trabajo;de 15 a 29 años;catalán y otra lengua (o lenguas);población de 15 años o más (miles);..;null
2023;Catalunya;con los compañeros de trabajo;de 15 a 29 años;castellano y otra lengua (o lenguas);población de 15 años o más (miles);;16,5
2023;Catalunya;con los compañeros de trabajo;de 15 a 29 años;otras combinaciones de lenguas;población de 15 años o más (miles);;21,7
2023;Catalunya;con los compañeros de trabajo;de 15 a 29 años;No consta;población de 15 años o más (miles);;20,4
2023;Catalunya;con los compañeros de trabajo;de 15 a 29 años;total;población de 15 años o más (miles);;595,1
2023;Catalunya;con los compañeros de trabajo;de 30 a 44 años;solo catalán;población de 15 años o más (miles);;180,5
2023;Catalunya;con los compañeros de trabajo;de 30 a 44 años;más catalán que castellano;población de 15 años o más (miles);;176,6
2023;Catalunya;con los compañeros de trabajo;de 30 a 44 años;catalán y castellano;población de 15 años o más (miles);;194,0
2023;Catalunya;con los compañeros de trabajo;de 30 a 44 años;más castellano que catalán;población de 15 años o más (miles);;149,0
2023;Catalunya;con los compañeros de trabajo;de 30 a 44 años;solo castellano;población de 15 años o más (miles);;326,0
2023;Catalunya;con los compañeros de trabajo;de 30 a 44 años;otra lengua (o lenguas);población de 15 años o más (miles);;53,6
2023;Catalunya;con los compañeros de trabajo;de 30 a 44 años;catalán y otra lengua (o lenguas);población de 15 años o más (miles);..;null
2023;Catalunya;con los compañeros de trabajo;de 30 a 44 años;castellano y otra lengua (o lenguas);población de 15 años o más (miles);;79,5
2023;Catalunya;con los compañeros de trabajo;de 30 a 44 años;otras combinaciones de lenguas;población de 15 años o más (miles);;36,0
2023;Catalunya;con los compañeros de trabajo;de 30 a 44 años;No consta;población de 15 años o más (miles);;32,9
2023;Catalunya;con los compañeros de trabajo;de 30 a 44 años;total;población de 15 años o más (miles);;1238,4
2023;Catalunya;con los compañeros de trabajo;de 45 a 64 años;solo catalán;población de 15 años o más (miles);;287,2
2023;Catalunya;con los compañeros de trabajo;de 45 a 64 años;más catalán que castellano;población de 15 años o más (miles);;276,0
2023;Catalunya;con los compañeros de trabajo;de 45 a 64 años;catalán y castellano;población de 15 años o más (miles);;296,4
2023;Catalunya;con los compañeros de trabajo;de 45 a 64 años;más castellano que catalán;población de 15 años o más (miles);;174,9
2023;Catalunya;con los compañeros de trabajo;de 45 a 64 años;solo castellano;población de 15 años o más (miles);;397,0
2023;Catalunya;con los compañeros de trabajo;de 45 a 64 años;otra lengua (o lenguas);población de 15 años o más (miles);;13,9
2023;Catalunya;con los compañeros de trabajo;de 45 a 64 años;catalán y otra lengua (o lenguas);población de 15 años o más (miles);..;null
2023;Catalunya;con los compañeros de trabajo;de 45 a 64 años;castellano y otra lengua (o lenguas);población de 15 años o más (miles);;39,2
2023;Catalunya;con los compañeros de trabajo;de 45 a 64 años;otras combinaciones de lenguas;población de 15 años o más (miles);;38,8
2023;Catalunya;con los compañeros de trabajo;de 45 a 64 años;No consta;población de 15 años o más (miles);;44,5
2023;Catalunya;con los compañeros de trabajo;de 45 a 64 años;total;población de 15 años o más (miles);;1573,6
2023;Catalunya;con los compañeros de trabajo;65 años o más;solo catalán;población de 15 años o más (miles);;17,2
2023;Catalunya;con los compañeros de trabajo;65 años o más;más catalán que castellano;población de 15 años o más (miles);..;null
2023;Catalunya;con los compañeros de trabajo;65 años o más;catalán y castellano;población de 15 años o más (miles);..;null
2023;Catalunya;con los compañeros de trabajo;65 años o más;más castellano que catalán;población de 15 años o más (miles);..;null
2023;Catalunya;con los compañeros de trabajo;65 años o más;solo castellano;población de 15 años o más (miles);..;null
2023;Catalunya;con los compañeros de trabajo;65 años o más;otra lengua (o lenguas);población de 15 años o más (miles);..;null
2023;Catalunya;con los compañeros de trabajo;65 años o más;catalán y otra lengua (o lenguas);población de 15 años o más (miles);..;null
2023;Catalunya;con los compañeros de trabajo;65 años o más;castellano y otra lengua (o lenguas);población de 15 años o más (miles);..;null
2023;Catalunya;con los compañeros de trabajo;65 años o más;otras combinaciones de lenguas;población de 15 años o más (miles);..;null
2023;Catalunya;con los compañeros de trabajo;65 años o más;No consta;población de 15 años o más (miles);..;null
2023;Catalunya;con los compañeros de trabajo;65 años o más;total;población de 15 años o más (miles);;60,5
2023;Catalunya;con los compañeros de trabajo;total;solo catalán;población de 15 años o más (miles);;577,9
2023;Catalunya;con los compañeros de trabajo;total;más catalán que castellano;población de 15 años o más (miles);;532,1
2023;Catalunya;con los compañeros de trabajo;total;catalán y castellano;población de 15 años o más (miles);;612,3
2023;Catalunya;con los compañeros de trabajo;total;más castellano que catalán;población de 15 años o más (miles);;393,0
2023;Catalunya;con los compañeros de trabajo;total;solo castellano;población de 15 años o más (miles);;907,2
2023;Catalunya;con los compañeros de trabajo;total;otra lengua (o lenguas);población de 15 años o más (miles);;90,8
2023;Catalunya;con los compañeros de trabajo;total;catalán y otra lengua (o lenguas);población de 15 años o más (miles);;17,9
2023;Catalunya;con los compañeros de trabajo;total;castellano y otra lengua (o lenguas);población de 15 años o más (miles);;135,2
2023;Catalunya;con los compañeros de trabajo;total;otras combinaciones de lenguas;población de 15 años o más (miles);;96,5
2023;Catalunya;con los compañeros de trabajo;total;No consta;población de 15 años o más (miles);;104,7
2023;Catalunya;con los compañeros de trabajo;total;total;población de 15 años o más (miles);;3467,5
2023;Catalunya;con usuarios o clientes de Cataluña;de 15 a 29 años;solo catalán;población de 15 años o más (miles);;72,9
2023;Catalunya;con usuarios o clientes de Cataluña;de 15 a 29 años;más catalán que castellano;población de 15 años o más (miles);;85,4
2023;Catalunya;con usuarios o clientes de Cataluña;de 15 a 29 años;catalán y castellano;población de 15 años o más (miles);;140,4
2023;Catalunya;con usuarios o clientes de Cataluña;de 15 a 29 años;más castellano que catalán;población de 15 años o más (miles);;67,8
2023;Catalunya;con usuarios o clientes de Cataluña;de 15 a 29 años;solo castellano;población de 15 años o más (miles);;66,9
2023;Catalunya;con usuarios o clientes de Cataluña;de 15 a 29 años;otra lengua (o lenguas);población de 15 años o más (miles);..;null
2023;Catalunya;con usuarios o clientes de Cataluña;de 15 a 29 años;catalán y otra lengua (o lenguas);población de 15 años o más (miles);..;null
2023;Catalunya;con usuarios o clientes de Cataluña;de 15 a 29 años;castellano y otra lengua (o lenguas);población de 15 años o más (miles);;24,2
2023;Catalunya;con usuarios o clientes de Cataluña;de 15 a 29 años;otras combinaciones de lenguas;población de 15 años o más (miles);;39,4
2023;Catalunya;con usuarios o clientes de Cataluña;de 15 a 29 años;No consta;población de 15 años o más (miles);..;null
2023;Catalunya;con usuarios o clientes de Cataluña;de 15 a 29 años;total;población de 15 años o más (miles);;516,0
2023;Catalunya;con usuarios o clientes de Cataluña;de 30 a 44 años;solo catalán;población de 15 años o más (miles);;111,4
2023;Catalunya;con usuarios o clientes de Cataluña;de 30 a 44 años;más catalán que castellano;población de 15 años o más (miles);;196,2
2023;Catalunya;con usuarios o clientes de Cataluña;de 30 a 44 años;catalán y castellano;población de 15 años o más (miles);;250,0
2023;Catalunya;con usuarios o clientes de Cataluña;de 30 a 44 años;más castellano que catalán;población de 15 años o más (miles);;131,8
2023;Catalunya;con usuarios o clientes de Cataluña;de 30 a 44 años;solo castellano;población de 15 años o más (miles);;200,0
2023;Catalunya;con usuarios o clientes de Cataluña;de 30 a 44 años;otra lengua (o lenguas);población de 15 años o más (miles);;43,8
2023;Catalunya;con usuarios o clientes de Cataluña;de 30 a 44 años;catalán y otra lengua (o lenguas);población de 15 años o más (miles);..;null
2023;Catalunya;con usuarios o clientes de Cataluña;de 30 a 44 años;castellano y otra lengua (o lenguas);población de 15 años o más (miles);;78,7
2023;Catalunya;con usuarios o clientes de Cataluña;de 30 a 44 años;otras combinaciones de lenguas;población de 15 años o más (miles);;51,1
2023;Catalunya;con usuarios o clientes de Cataluña;de 30 a 44 años;No consta;población de 15 años o más (miles);..;null
2023;Catalunya;con usuarios o clientes de Cataluña;de 30 a 44 años;total;población de 15 años o más (miles);;1080,3
2023;Catalunya;con usuarios o clientes de Cataluña;de 45 a 64 años;solo catalán;población de 15 años o más (miles);;147,9
2023;Catalunya;con usuarios o clientes de Cataluña;de 45 a 64 años;más catalán que castellano;población de 15 años o más (miles);;335,7
2023;Catalunya;con usuarios o clientes de Cataluña;de 45 a 64 años;catalán y castellano;población de 15 años o más (miles);;360,7
2023;Catalunya;con usuarios o clientes de Cataluña;de 45 a 64 años;más castellano que catalán;población de 15 años o más (miles);;174,6
2023;Catalunya;con usuarios o clientes de Cataluña;de 45 a 64 años;solo castellano;población de 15 años o más (miles);;249,7
2023;Catalunya;con usuarios o clientes de Cataluña;de 45 a 64 años;otra lengua (o lenguas);población de 15 años o más (miles);..;null
2023;Catalunya;con usuarios o clientes de Cataluña;de 45 a 64 años;catalán y otra lengua (o lenguas);población de 15 años o más (miles);..;null
2023;Catalunya;con usuarios o clientes de Cataluña;de 45 a 64 años;castellano y otra lengua (o lenguas);población de 15 años o más (miles);;45,7
2023;Catalunya;con usuarios o clientes de Cataluña;de 45 a 64 años;otras combinaciones de lenguas;población de 15 años o más (miles);;51,2
2023;Catalunya;con usuarios o clientes de Cataluña;de 45 a 64 años;No consta;población de 15 años o más (miles);..;null
2023;Catalunya;con usuarios o clientes de Cataluña;de 45 a 64 años;total;población de 15 años o más (miles);;1389,1
2023;Catalunya;con usuarios o clientes de Cataluña;65 años o más;solo catalán;población de 15 años o más (miles);..;null
2023;Catalunya;con usuarios o clientes de Cataluña;65 años o más;más catalán que castellano;población de 15 años o más (miles);..;null
2023;Catalunya;con usuarios o clientes de Cataluña;65 años o más;catalán y castellano;población de 15 años o más (miles);;17,2
2023;Catalunya;con usuarios o clientes de Cataluña;65 años o más;más castellano que catalán;población de 15 años o más (miles);..;null
2023;Catalunya;con usuarios o clientes de Cataluña;65 años o más;solo castellano;población de 15 años o más (miles);..;null
2023;Catalunya;con usuarios o clientes de Cataluña;65 años o más;otra lengua (o lenguas);población de 15 años o más (miles);..;null
2023;Catalunya;con usuarios o clientes de Cataluña;65 años o más;catalán y otra lengua (o lenguas);población de 15 años o más (miles);..;null
2023;Catalunya;con usuarios o clientes de Cataluña;65 años o más;castellano y otra lengua (o lenguas);población de 15 años o más (miles);..;null
2023;Catalunya;con usuarios o clientes de Cataluña;65 años o más;otras combinaciones de lenguas;población de 15 años o más (miles);..;null
2023;Catalunya;con usuarios o clientes de Cataluña;65 años o más;No consta;población de 15 años o más (miles);..;null
2023;Catalunya;con usuarios o clientes de Cataluña;65 años o más;total;población de 15 años o más (miles);;51,7
2023;Catalunya;con usuarios o clientes de Cataluña;total;solo catalán;población de 15 años o más (miles);;340,6
2023;Catalunya;con usuarios o clientes de Cataluña;total;más catalán que castellano;población de 15 años o más (miles);;631,8
2023;Catalunya;con usuarios o clientes de Cataluña;total;catalán y castellano;población de 15 años o más (miles);;768,4
2023;Catalunya;con usuarios o clientes de Cataluña;total;más castellano que catalán;población de 15 años o más (miles);;378,3
2023;Catalunya;con usuarios o clientes de Cataluña;total;solo castellano;población de 15 años o más (miles);;521,9
2023;Catalunya;con usuarios o clientes de Cataluña;total;otra lengua (o lenguas);población de 15 años o más (miles);;69,8
2023;Catalunya;con usuarios o clientes de Cataluña;total;catalán y otra lengua (o lenguas);población de 15 años o más (miles);;23,7
2023;Catalunya;con usuarios o clientes de Cataluña;total;castellano y otra lengua (o lenguas);población de 15 años o más (miles);;148,6
2023;Catalunya;con usuarios o clientes de Cataluña;total;otras combinaciones de lenguas;población de 15 años o más (miles);;141,7
2023;Catalunya;con usuarios o clientes de Cataluña;total;No consta;población de 15 años o más (miles);..;null
2023;Catalunya;con usuarios o clientes de Cataluña;total;total;población de 15 años o más (miles);;3037,1
2023;Catalunya;con los compañeros de deporte;de 15 a 29 años;solo catalán;población de 15 años o más (miles);;172,3
2023;Catalunya;con los compañeros de deporte;de 15 a 29 años;más catalán que castellano;población de 15 años o más (miles);;119,3
2023;Catalunya;con los compañeros de deporte;de 15 a 29 años;catalán y castellano;población de 15 años o más (miles);;138,1
2023;Catalunya;con los compañeros de deporte;de 15 a 29 años;más castellano que catalán;población de 15 años o más (miles);;145,7
2023;Catalunya;con los compañeros de deporte;de 15 a 29 años;solo castellano;población de 15 años o más (miles);;391,4
2023;Catalunya;con los compañeros de deporte;de 15 a 29 años;otra lengua (o lenguas);población de 15 años o más (miles);..;null
2023;Catalunya;con los compañeros de deporte;de 15 a 29 años;catalán y otra lengua (o lenguas);población de 15 años o más (miles);..;null
2023;Catalunya;con los compañeros de deporte;de 15 a 29 años;castellano y otra lengua (o lenguas);población de 15 años o más (miles);;22,3
2023;Catalunya;con los compañeros de deporte;de 15 a 29 años;otras combinaciones de lenguas;población de 15 años o más (miles);;10,1
2023;Catalunya;con los compañeros de deporte;de 15 a 29 años;No consta;población de 15 años o más (miles);..;null
2023;Catalunya;con los compañeros de deporte;de 15 a 29 años;total;población de 15 años o más (miles);;1021,3
2023;Catalunya;con los compañeros de deporte;de 30 a 44 años;solo catalán;población de 15 años o más (miles);;156,6
2023;Catalunya;con los compañeros de deporte;de 30 a 44 años;más catalán que castellano;población de 15 años o más (miles);;139,1
2023;Catalunya;con los compañeros de deporte;de 30 a 44 años;catalán y castellano;población de 15 años o más (miles);;199,3
2023;Catalunya;con los compañeros de deporte;de 30 a 44 años;más castellano que catalán;población de 15 años o más (miles);;132,1
2023;Catalunya;con los compañeros de deporte;de 30 a 44 años;solo castellano;población de 15 años o más (miles);;424,6
2023;Catalunya;con los compañeros de deporte;de 30 a 44 años;otra lengua (o lenguas);población de 15 años o más (miles);..;null
2023;Catalunya;con los compañeros de deporte;de 30 a 44 años;catalán y otra lengua (o lenguas);población de 15 años o más (miles);..;null
2023;Catalunya;con los compañeros de deporte;de 30 a 44 años;castellano y otra lengua (o lenguas);población de 15 años o más (miles);;48,2
2023;Catalunya;con los compañeros de deporte;de 30 a 44 años;otras combinaciones de lenguas;población de 15 años o más (miles);;7,4
2023;Catalunya;con los compañeros de deporte;de 30 a 44 años;No consta;población de 15 años o más (miles);;20,7
2023;Catalunya;con los compañeros de deporte;de 30 a 44 años;total;población de 15 años o más (miles);;1145,7
2023;Catalunya;con los compañeros de deporte;de 45 a 64 años;solo catalán;población de 15 años o más (miles);;312,6
2023;Catalunya;con los compañeros de deporte;de 45 a 64 años;más catalán que castellano;población de 15 años o más (miles);;260,1
2023;Catalunya;con los compañeros de deporte;de 45 a 64 años;catalán y castellano;población de 15 años o más (miles);;304,3
2023;Catalunya;con los compañeros de deporte;de 45 a 64 años;más castellano que catalán;población de 15 años o más (miles);;127,8
2023;Catalunya;con los compañeros de deporte;de 45 a 64 años;solo castellano;población de 15 años o más (miles);;437,7
2023;Catalunya;con los compañeros de deporte;de 45 a 64 años;otra lengua (o lenguas);población de 15 años o más (miles);..;null
2023;Catalunya;con los compañeros de deporte;de 45 a 64 años;catalán y otra lengua (o lenguas);población de 15 años o más (miles);..;null
2023;Catalunya;con los compañeros de deporte;de 45 a 64 años;castellano y otra lengua (o lenguas);población de 15 años o más (miles);;20,8
2023;Catalunya;con los compañeros de deporte;de 45 a 64 años;otras combinaciones de lenguas;población de 15 años o más (miles);;7,5
2023;Catalunya;con los compañeros de deporte;de 45 a 64 años;No consta;población de 15 años o más (miles);;44,8
2023;Catalunya;con los compañeros de deporte;de 45 a 64 años;total;población de 15 años o más (miles);;1526,5
2023;Catalunya;con los compañeros de deporte;65 años o más;solo catalán;población de 15 años o más (miles);;219,5
2023;Catalunya;con los compañeros de deporte;65 años o más;más catalán que castellano;población de 15 años o más (miles);;109,6
2023;Catalunya;con los compañeros de deporte;65 años o más;catalán y castellano;población de 15 años o más (miles);;107,5
2023;Catalunya;con los compañeros de deporte;65 años o más;más castellano que catalán;población de 15 años o más (miles);;34,9
2023;Catalunya;con los compañeros de deporte;65 años o más;solo castellano;población de 15 años o más (miles);;250,1
2023;Catalunya;con los compañeros de deporte;65 años o más;otra lengua (o lenguas);población de 15 años o más (miles);..;null
2023;Catalunya;con los compañeros de deporte;65 años o más;catalán y otra lengua (o lenguas);población de 15 años o más (miles);..;null
2023;Catalunya;con los compañeros de deporte;65 años o más;castellano y otra lengua (o lenguas);población de 15 años o más (miles);..;null
2023;Catalunya;con los compañeros de deporte;65 años o más;otras combinaciones de lenguas;población de 15 años o más (miles);..;null
2023;Catalunya;con los compañeros de deporte;65 años o más;No consta;población de 15 años o más (miles);;25,6
2023;Catalunya;con los compañeros de deporte;65 años o más;total;población de 15 años o más (miles);;755,4
2023;Catalunya;con los compañeros de deporte;total;solo catalán;población de 15 años o más (miles);;860,9
2023;Catalunya;con los compañeros de deporte;total;más catalán que castellano;población de 15 años o más (miles);;628,1
2023;Catalunya;con los compañeros de deporte;total;catalán y castellano;población de 15 años o más (miles);;749,2
2023;Catalunya;con los compañeros de deporte;total;más castellano que catalán;población de 15 años o más (miles);;440,6
2023;Catalunya;con los compañeros de deporte;total;solo castellano;población de 15 años o más (miles);;1503,8
2023;Catalunya;con los compañeros de deporte;total;otra lengua (o lenguas);población de 15 años o más (miles);;34,1
2023;Catalunya;con los compañeros de deporte;total;catalán y otra lengua (o lenguas);población de 15 años o más (miles);..;null
2023;Catalunya;con los compañeros de deporte;total;castellano y otra lengua (o lenguas);población de 15 años o más (miles);;94,4
2023;Catalunya;con los compañeros de deporte;total;otras combinaciones de lenguas;población de 15 años o más (miles);;25,2
2023;Catalunya;con los compañeros de deporte;total;No consta;población de 15 años o más (miles);;106,0
2023;Catalunya;con los compañeros de deporte;total;total;población de 15 años o más (miles);;4448,9
2023;Catalunya;en el centro de culto;de 15 a 29 años;solo catalán;población de 15 años o más (miles);;80,8
2023;Catalunya;en el centro de culto;de 15 a 29 años;más catalán que castellano;población de 15 años o más (miles);;25,4
2023;Catalunya;en el centro de culto;de 15 a 29 años;catalán y castellano;población de 15 años o más (miles);;49,6
2023;Catalunya;en el centro de culto;de 15 a 29 años;más castellano que catalán;población de 15 años o más (miles);;42,6
2023;Catalunya;en el centro de culto;de 15 a 29 años;solo castellano;población de 15 años o más (miles);;175,5
2023;Catalunya;en el centro de culto;de 15 a 29 años;otra lengua (o lenguas);población de 15 años o más (miles);;41,3
2023;Catalunya;en el centro de culto;de 15 a 29 años;catalán y otra lengua (o lenguas);población de 15 años o más (miles);..;null
2023;Catalunya;en el centro de culto;de 15 a 29 años;castellano y otra lengua (o lenguas);población de 15 años o más (miles);..;null
2023;Catalunya;en el centro de culto;de 15 a 29 años;otras combinaciones de lenguas;población de 15 años o más (miles);..;null
2023;Catalunya;en el centro de culto;de 15 a 29 años;No consta;población de 15 años o más (miles);;48,0
2023;Catalunya;en el centro de culto;de 15 a 29 años;total;población de 15 años o más (miles);;488,7
2023;Catalunya;en el centro de culto;de 30 a 44 años;solo catalán;población de 15 años o más (miles);;66,2
2023;Catalunya;en el centro de culto;de 30 a 44 años;más catalán que castellano;población de 15 años o más (miles);;43,5
2023;Catalunya;en el centro de culto;de 30 a 44 años;catalán y castellano;población de 15 años o más (miles);;58,6
2023;Catalunya;en el centro de culto;de 30 a 44 años;más castellano que catalán;población de 15 años o más (miles);;34,1
2023;Catalunya;en el centro de culto;de 30 a 44 años;solo castellano;población de 15 años o más (miles);;222,0
2023;Catalunya;en el centro de culto;de 30 a 44 años;otra lengua (o lenguas);población de 15 años o más (miles);;71,7
2023;Catalunya;en el centro de culto;de 30 a 44 años;catalán y otra lengua (o lenguas);población de 15 años o más (miles);..;null
2023;Catalunya;en el centro de culto;de 30 a 44 años;castellano y otra lengua (o lenguas);población de 15 años o más (miles);;40,9
2023;Catalunya;en el centro de culto;de 30 a 44 años;otras combinaciones de lenguas;población de 15 años o más (miles);..;null
2023;Catalunya;en el centro de culto;de 30 a 44 años;No consta;población de 15 años o más (miles);;47,0
2023;Catalunya;en el centro de culto;de 30 a 44 años;total;población de 15 años o más (miles);;587,7
2023;Catalunya;en el centro de culto;de 45 a 64 años;solo catalán;población de 15 años o más (miles);;185,9
2023;Catalunya;en el centro de culto;de 45 a 64 años;más catalán que castellano;población de 15 años o más (miles);;91,0
2023;Catalunya;en el centro de culto;de 45 a 64 años;catalán y castellano;población de 15 años o más (miles);;99,8
2023;Catalunya;en el centro de culto;de 45 a 64 años;más castellano que catalán;población de 15 años o más (miles);;49,1
2023;Catalunya;en el centro de culto;de 45 a 64 años;solo castellano;población de 15 años o más (miles);;298,7
2023;Catalunya;en el centro de culto;de 45 a 64 años;otra lengua (o lenguas);población de 15 años o más (miles);;53,4
2023;Catalunya;en el centro de culto;de 45 a 64 años;catalán y otra lengua (o lenguas);población de 15 años o más (miles);..;null
2023;Catalunya;en el centro de culto;de 45 a 64 años;castellano y otra lengua (o lenguas);población de 15 años o más (miles);;21,2
2023;Catalunya;en el centro de culto;de 45 a 64 años;otras combinaciones de lenguas;población de 15 años o más (miles);..;null
2023;Catalunya;en el centro de culto;de 45 a 64 años;No consta;población de 15 años o más (miles);;83,7
2023;Catalunya;en el centro de culto;de 45 a 64 años;total;población de 15 años o más (miles);;888,6
2023;Catalunya;en el centro de culto;65 años o más;solo catalán;población de 15 años o más (miles);;219,9
2023;Catalunya;en el centro de culto;65 años o más;más catalán que castellano;población de 15 años o más (miles);;64,0
2023;Catalunya;en el centro de culto;65 años o más;catalán y castellano;población de 15 años o más (miles);;84,2
2023;Catalunya;en el centro de culto;65 años o más;más castellano que catalán;población de 15 años o más (miles);;21,7
2023;Catalunya;en el centro de culto;65 años o más;solo castellano;población de 15 años o más (miles);;261,7
2023;Catalunya;en el centro de culto;65 años o más;otra lengua (o lenguas);población de 15 años o más (miles);;12,5
2023;Catalunya;en el centro de culto;65 años o más;catalán y otra lengua (o lenguas);población de 15 años o más (miles);..;null
2023;Catalunya;en el centro de culto;65 años o más;castellano y otra lengua (o lenguas);población de 15 años o más (miles);..;null
2023;Catalunya;en el centro de culto;65 años o más;otras combinaciones de lenguas;población de 15 años o más (miles);..;null
2023;Catalunya;en el centro de culto;65 años o más;No consta;población de 15 años o más (miles);;39,5
2023;Catalunya;en el centro de culto;65 años o más;total;población de 15 años o más (miles);;706,4
2023;Catalunya;en el centro de culto;total;solo catalán;población de 15 años o más (miles);;552,8
2023;Catalunya;en el centro de culto;total;más catalán que castellano;población de 15 años o más (miles);;223,9
2023;Catalunya;en el centro de culto;total;catalán y castellano;población de 15 años o más (miles);;292,2
2023;Catalunya;en el centro de culto;total;más castellano que catalán;población de 15 años o más (miles);;147,5
2023;Catalunya;en el centro de culto;total;solo castellano;población de 15 años o más (miles);;957,9
2023;Catalunya;en el centro de culto;total;otra lengua (o lenguas);población de 15 años o más (miles);;178,8
2023;Catalunya;en el centro de culto;total;catalán y otra lengua (o lenguas);población de 15 años o más (miles);..;null
2023;Catalunya;en el centro de culto;total;castellano y otra lengua (o lenguas);población de 15 años o más (miles);;79,7
2023;Catalunya;en el centro de culto;total;otras combinaciones de lenguas;población de 15 años o más (miles);;16,3
2023;Catalunya;en el centro de culto;total;No consta;población de 15 años o más (miles);;218,2
2023;Catalunya;en el centro de culto;total;total;población de 15 años o más (miles);;2671,4
2023;Catalunya;en el pequeño comercio;de 15 a 29 años;solo catalán;población de 15 años o más (miles);;210,3
2023;Catalunya;en el pequeño comercio;de 15 a 29 años;más catalán que castellano;población de 15 años o más (miles);;223,4
2023;Catalunya;en el pequeño comercio;de 15 a 29 años;catalán y castellano;población de 15 años o más (miles);;250,4
2023;Catalunya;en el pequeño comercio;de 15 a 29 años;más castellano que catalán;población de 15 años o más (miles);;175,7
2023;Catalunya;en el pequeño comercio;de 15 a 29 años;solo castellano;población de 15 años o más (miles);;394,8
2023;Catalunya;en el pequeño comercio;de 15 a 29 años;otra lengua (o lenguas);población de 15 años o más (miles);..;null
2023;Catalunya;en el pequeño comercio;de 15 a 29 años;catalán y otra lengua (o lenguas);población de 15 años o más (miles);..;null
2023;Catalunya;en el pequeño comercio;de 15 a 29 años;castellano y otra lengua (o lenguas);población de 15 años o más (miles);;16,8
2023;Catalunya;en el pequeño comercio;de 15 a 29 años;otras combinaciones de lenguas;población de 15 años o más (miles);;9,8
2023;Catalunya;en el pequeño comercio;de 15 a 29 años;No consta;población de 15 años o más (miles);;20,2
2023;Catalunya;en el pequeño comercio;de 15 a 29 años;total;población de 15 años o más (miles);;1313,4
2023;Catalunya;en el pequeño comercio;de 30 a 44 años;solo catalán;población de 15 años o más (miles);;243,1
2023;Catalunya;en el pequeño comercio;de 30 a 44 años;más catalán que castellano;población de 15 años o más (miles);;265,1
2023;Catalunya;en el pequeño comercio;de 30 a 44 años;catalán y castellano;población de 15 años o más (miles);;253,4
2023;Catalunya;en el pequeño comercio;de 30 a 44 años;más castellano que catalán;población de 15 años o más (miles);;171,1
2023;Catalunya;en el pequeño comercio;de 30 a 44 años;solo castellano;población de 15 años o más (miles);;604,3
2023;Catalunya;en el pequeño comercio;de 30 a 44 años;otra lengua (o lenguas);población de 15 años o más (miles);..;null
2023;Catalunya;en el pequeño comercio;de 30 a 44 años;catalán y otra lengua (o lenguas);población de 15 años o más (miles);..;null
2023;Catalunya;en el pequeño comercio;de 30 a 44 años;castellano y otra lengua (o lenguas);población de 15 años o más (miles);;45,0
2023;Catalunya;en el pequeño comercio;de 30 a 44 años;otras combinaciones de lenguas;población de 15 años o más (miles);;4,2
2023;Catalunya;en el pequeño comercio;de 30 a 44 años;No consta;población de 15 años o más (miles);;22,3
2023;Catalunya;en el pequeño comercio;de 30 a 44 años;total;población de 15 años o más (miles);;1621,7
2023;Catalunya;en el pequeño comercio;de 45 a 64 años;solo catalán;población de 15 años o más (miles);;463,4
2023;Catalunya;en el pequeño comercio;de 45 a 64 años;más catalán que castellano;población de 15 años o más (miles);;443,7
2023;Catalunya;en el pequeño comercio;de 45 a 64 años;catalán y castellano;población de 15 años o más (miles);;393,2
2023;Catalunya;en el pequeño comercio;de 45 a 64 años;más castellano que catalán;población de 15 años o más (miles);;206,7
2023;Catalunya;en el pequeño comercio;de 45 a 64 años;solo castellano;población de 15 años o más (miles);;731,0
2023;Catalunya;en el pequeño comercio;de 45 a 64 años;otra lengua (o lenguas);población de 15 años o más (miles);..;null
2023;Catalunya;en el pequeño comercio;de 45 a 64 años;catalán y otra lengua (o lenguas);población de 15 años o más (miles);..;null
2023;Catalunya;en el pequeño comercio;de 45 a 64 años;castellano y otra lengua (o lenguas);población de 15 años o más (miles);;33,0
2023;Catalunya;en el pequeño comercio;de 45 a 64 años;otras combinaciones de lenguas;población de 15 años o más (miles);;10,3
2023;Catalunya;en el pequeño comercio;de 45 a 64 años;No consta;población de 15 años o más (miles);;23,1
2023;Catalunya;en el pequeño comercio;de 45 a 64 años;total;población de 15 años o más (miles);;2320,8
2023;Catalunya;en el pequeño comercio;65 años o más;solo catalán;población de 15 años o más (miles);;422,2
2023;Catalunya;en el pequeño comercio;65 años o más;más catalán que castellano;población de 15 años o más (miles);;211,6
2023;Catalunya;en el pequeño comercio;65 años o más;catalán y castellano;población de 15 años o más (miles);;202,4
2023;Catalunya;en el pequeño comercio;65 años o más;más castellano que catalán;población de 15 años o más (miles);;80,0
2023;Catalunya;en el pequeño comercio;65 años o más;solo castellano;población de 15 años o más (miles);;534,0
2023;Catalunya;en el pequeño comercio;65 años o más;otra lengua (o lenguas);población de 15 años o más (miles);..;null
2023;Catalunya;en el pequeño comercio;65 años o más;catalán y otra lengua (o lenguas);población de 15 años o más (miles);..;null
2023;Catalunya;en el pequeño comercio;65 años o más;castellano y otra lengua (o lenguas);población de 15 años o más (miles);..;null
2023;Catalunya;en el pequeño comercio;65 años o más;otras combinaciones de lenguas;población de 15 años o más (miles);;2,0
2023;Catalunya;en el pequeño comercio;65 años o más;No consta;población de 15 años o más (miles);;63,7
2023;Catalunya;en el pequeño comercio;65 años o más;total;población de 15 años o más (miles);;1529,2
2023;Catalunya;en el pequeño comercio;total;solo catalán;población de 15 años o más (miles);;1339,0
2023;Catalunya;en el pequeño comercio;total;más catalán que castellano;población de 15 años o más (miles);;1143,8
2023;Catalunya;en el pequeño comercio;total;catalán y castellano;población de 15 años o más (miles);;1099,4
2023;Catalunya;en el pequeño comercio;total;más castellano que catalán;población de 15 años o más (miles);;633,6
2023;Catalunya;en el pequeño comercio;total;solo castellano;población de 15 años o más (miles);;2264,0
2023;Catalunya;en el pequeño comercio;total;otra lengua (o lenguas);población de 15 años o más (miles);;42,8
2023;Catalunya;en el pequeño comercio;total;catalán y otra lengua (o lenguas);población de 15 años o más (miles);;8,1
2023;Catalunya;en el pequeño comercio;total;castellano y otra lengua (o lenguas);población de 15 años o más (miles);;98,8
2023;Catalunya;en el pequeño comercio;total;otras combinaciones de lenguas;población de 15 años o más (miles);;26,2
2023;Catalunya;en el pequeño comercio;total;No consta;población de 15 años o más (miles);;129,3
2023;Catalunya;en el pequeño comercio;total;total;población de 15 años o más (miles);;6785,1
2023;Catalunya;en el gran comercio;de 15 a 29 años;solo catalán;población de 15 años o más (miles);;159,5
2023;Catalunya;en el gran comercio;de 15 a 29 años;más catalán que castellano;población de 15 años o más (miles);;169,1
2023;Catalunya;en el gran comercio;de 15 a 29 años;catalán y castellano;población de 15 años o más (miles);;230,5
2023;Catalunya;en el gran comercio;de 15 a 29 años;más castellano que catalán;población de 15 años o más (miles);;231,5
2023;Catalunya;en el gran comercio;de 15 a 29 años;solo castellano;población de 15 años o más (miles);;462,6
2023;Catalunya;en el gran comercio;de 15 a 29 años;otra lengua (o lenguas);población de 15 años o más (miles);..;null
2023;Catalunya;en el gran comercio;de 15 a 29 años;catalán y otra lengua (o lenguas);población de 15 años o más (miles);..;null
2023;Catalunya;en el gran comercio;de 15 a 29 años;castellano y otra lengua (o lenguas);población de 15 años o más (miles);;19,5
2023;Catalunya;en el gran comercio;de 15 a 29 años;otras combinaciones de lenguas;población de 15 años o más (miles);..;null
2023;Catalunya;en el gran comercio;de 15 a 29 años;No consta;población de 15 años o más (miles);;26,7
2023;Catalunya;en el gran comercio;de 15 a 29 años;total;población de 15 años o más (miles);;1313,4
2023;Catalunya;en el gran comercio;de 30 a 44 años;solo catalán;población de 15 años o más (miles);;186,4
2023;Catalunya;en el gran comercio;de 30 a 44 años;más catalán que castellano;población de 15 años o más (miles);;206,3
2023;Catalunya;en el gran comercio;de 30 a 44 años;catalán y castellano;población de 15 años o más (miles);;255,2
2023;Catalunya;en el gran comercio;de 30 a 44 años;más castellano que catalán;población de 15 años o más (miles);;228,4
2023;Catalunya;en el gran comercio;de 30 a 44 años;solo castellano;población de 15 años o más (miles);;676,7
2023;Catalunya;en el gran comercio;de 30 a 44 años;otra lengua (o lenguas);población de 15 años o más (miles);..;null
2023;Catalunya;en el gran comercio;de 30 a 44 años;catalán y otra lengua (o lenguas);población de 15 años o más (miles);..;null
2023;Catalunya;en el gran comercio;de 30 a 44 años;castellano y otra lengua (o lenguas);población de 15 años o más (miles);;31,4
2023;Catalunya;en el gran comercio;de 30 a 44 años;otras combinaciones de lenguas;población de 15 años o más (miles);;2,6
2023;Catalunya;en el gran comercio;de 30 a 44 años;No consta;población de 15 años o más (miles);;25,3
2023;Catalunya;en el gran comercio;de 30 a 44 años;total;población de 15 años o más (miles);;1621,7
2023;Catalunya;en el gran comercio;de 45 a 64 años;solo catalán;población de 15 años o más (miles);;365,6
2023;Catalunya;en el gran comercio;de 45 a 64 años;más catalán que castellano;población de 15 años o más (miles);;413,7
2023;Catalunya;en el gran comercio;de 45 a 64 años;catalán y castellano;población de 15 años o más (miles);;404,8
2023;Catalunya;en el gran comercio;de 45 a 64 años;más castellano que catalán;población de 15 años o más (miles);;258,6
2023;Catalunya;en el gran comercio;de 45 a 64 años;solo castellano;población de 15 años o más (miles);;793,6
2023;Catalunya;en el gran comercio;de 45 a 64 años;otra lengua (o lenguas);población de 15 años o más (miles);..;null
2023;Catalunya;en el gran comercio;de 45 a 64 años;catalán y otra lengua (o lenguas);población de 15 años o más (miles);..;null
2023;Catalunya;en el gran comercio;de 45 a 64 años;castellano y otra lengua (o lenguas);población de 15 años o más (miles);;19,0
2023;Catalunya;en el gran comercio;de 45 a 64 años;otras combinaciones de lenguas;población de 15 años o más (miles);;7,6
2023;Catalunya;en el gran comercio;de 45 a 64 años;No consta;población de 15 años o más (miles);;47,6
2023;Catalunya;en el gran comercio;de 45 a 64 años;total;población de 15 años o más (miles);;2320,8
2023;Catalunya;en el gran comercio;65 años o más;solo catalán;población de 15 años o más (miles);;358,2
2023;Catalunya;en el gran comercio;65 años o más;más catalán que castellano;población de 15 años o más (miles);;199,4
2023;Catalunya;en el gran comercio;65 años o más;catalán y castellano;población de 15 años o más (miles);;209,3
2023;Catalunya;en el gran comercio;65 años o más;más castellano que catalán;población de 15 años o más (miles);;76,6
2023;Catalunya;en el gran comercio;65 años o más;solo castellano;población de 15 años o más (miles);;557,6
2023;Catalunya;en el gran comercio;65 años o más;otra lengua (o lenguas);población de 15 años o más (miles);..;null
2023;Catalunya;en el gran comercio;65 años o más;catalán y otra lengua (o lenguas);población de 15 años o más (miles);..;null
2023;Catalunya;en el gran comercio;65 años o más;castellano y otra lengua (o lenguas);población de 15 años o más (miles);..;null
2023;Catalunya;en el gran comercio;65 años o más;otras combinaciones de lenguas;población de 15 años o más (miles);..;null
2023;Catalunya;en el gran comercio;65 años o más;No consta;población de 15 años o más (miles);;112,5
2023;Catalunya;en el gran comercio;65 años o más;total;población de 15 años o más (miles);;1529,2
2023;Catalunya;en el gran comercio;total;solo catalán;población de 15 años o más (miles);;1069,8
2023;Catalunya;en el gran comercio;total;más catalán que castellano;población de 15 años o más (miles);;988,5
2023;Catalunya;en el gran comercio;total;catalán y castellano;población de 15 años o más (miles);;1099,8
2023;Catalunya;en el gran comercio;total;más castellano que catalán;población de 15 años o más (miles);;795,1
2023;Catalunya;en el gran comercio;total;solo castellano;población de 15 años o más (miles);;2490,5
2023;Catalunya;en el gran comercio;total;otra lengua (o lenguas);población de 15 años o más (miles);;32,9
2023;Catalunya;en el gran comercio;total;catalán y otra lengua (o lenguas);población de 15 años o más (miles);..;null
2023;Catalunya;en el gran comercio;total;castellano y otra lengua (o lenguas);población de 15 años o más (miles);;73,7
2023;Catalunya;en el gran comercio;total;otras combinaciones de lenguas;población de 15 años o más (miles);;19,9
2023;Catalunya;en el gran comercio;total;No consta;población de 15 años o más (miles);;212,2
2023;Catalunya;en el gran comercio;total;total;población de 15 años o más (miles);;6785,1
2023;Catalunya;en la entidad financiera;de 15 a 29 años;solo catalán;población de 15 años o más (miles);;278,6
2023;Catalunya;en la entidad financiera;de 15 a 29 años;más catalán que castellano;población de 15 años o más (miles);;141,6
2023;Catalunya;en la entidad financiera;de 15 a 29 años;catalán y castellano;población de 15 años o más (miles);;188,1
2023;Catalunya;en la entidad financiera;de 15 a 29 años;más castellano que catalán;población de 15 años o más (miles);;123,0
2023;Catalunya;en la entidad financiera;de 15 a 29 años;solo castellano;población de 15 años o más (miles);;402,0
2023;Catalunya;en la entidad financiera;de 15 a 29 años;otra lengua (o lenguas);población de 15 años o más (miles);..;null
2023;Catalunya;en la entidad financiera;de 15 a 29 años;catalán y otra lengua (o lenguas);población de 15 años o más (miles);..;null
2023;Catalunya;en la entidad financiera;de 15 a 29 años;castellano y otra lengua (o lenguas);población de 15 años o más (miles);..;null
2023;Catalunya;en la entidad financiera;de 15 a 29 años;otras combinaciones de lenguas;población de 15 años o más (miles);..;null
2023;Catalunya;en la entidad financiera;de 15 a 29 años;No consta;población de 15 años o más (miles);;155,7
2023;Catalunya;en la entidad financiera;de 15 a 29 años;total;población de 15 años o más (miles);;1313,4
2023;Catalunya;en la entidad financiera;de 30 a 44 años;solo catalán;población de 15 años o más (miles);;351,4
2023;Catalunya;en la entidad financiera;de 30 a 44 años;más catalán que castellano;población de 15 años o más (miles);;186,4
2023;Catalunya;en la entidad financiera;de 30 a 44 años;catalán y castellano;población de 15 años o más (miles);;194,7
2023;Catalunya;en la entidad financiera;de 30 a 44 años;más castellano que catalán;población de 15 años o más (miles);;96,2
2023;Catalunya;en la entidad financiera;de 30 a 44 años;solo castellano;población de 15 años o más (miles);;643,7
2023;Catalunya;en la entidad financiera;de 30 a 44 años;otra lengua (o lenguas);población de 15 años o más (miles);..;null
2023;Catalunya;en la entidad financiera;de 30 a 44 años;catalán y otra lengua (o lenguas);población de 15 años o más (miles);..;null
2023;Catalunya;en la entidad financiera;de 30 a 44 años;castellano y otra lengua (o lenguas);población de 15 años o más (miles);;27,9
2023;Catalunya;en la entidad financiera;de 30 a 44 años;otras combinaciones de lenguas;población de 15 años o más (miles);..;null
2023;Catalunya;en la entidad financiera;de 30 a 44 años;No consta;población de 15 años o más (miles);;106,8
2023;Catalunya;en la entidad financiera;de 30 a 44 años;total;población de 15 años o más (miles);;1621,7
2023;Catalunya;en la entidad financiera;de 45 a 64 años;solo catalán;población de 15 años o más (miles);;686,7
2023;Catalunya;en la entidad financiera;de 45 a 64 años;más catalán que castellano;población de 15 años o más (miles);;318,7
2023;Catalunya;en la entidad financiera;de 45 a 64 años;catalán y castellano;población de 15 años o más (miles);;260,0
2023;Catalunya;en la entidad financiera;de 45 a 64 años;más castellano que catalán;población de 15 años o más (miles);;140,9
2023;Catalunya;en la entidad financiera;de 45 a 64 años;solo castellano;población de 15 años o más (miles);;768,8
2023;Catalunya;en la entidad financiera;de 45 a 64 años;otra lengua (o lenguas);población de 15 años o más (miles);..;null
2023;Catalunya;en la entidad financiera;de 45 a 64 años;catalán y otra lengua (o lenguas);población de 15 años o más (miles);..;null
2023;Catalunya;en la entidad financiera;de 45 a 64 años;castellano y otra lengua (o lenguas);población de 15 años o más (miles);;16,4
2023;Catalunya;en la entidad financiera;de 45 a 64 años;otras combinaciones de lenguas;población de 15 años o más (miles);;2,4
2023;Catalunya;en la entidad financiera;de 45 a 64 años;No consta;población de 15 años o más (miles);;117,2
2023;Catalunya;en la entidad financiera;de 45 a 64 años;total;población de 15 años o más (miles);;2320,8
2023;Catalunya;en la entidad financiera;65 años o más;solo catalán;población de 15 años o más (miles);;559,9
2023;Catalunya;en la entidad financiera;65 años o más;más catalán que castellano;población de 15 años o más (miles);;111,9
2023;Catalunya;en la entidad financiera;65 años o más;catalán y castellano;población de 15 años o más (miles);;131,2
2023;Catalunya;en la entidad financiera;65 años o más;más castellano que catalán;población de 15 años o más (miles);;46,0
2023;Catalunya;en la entidad financiera;65 años o más;solo castellano;población de 15 años o más (miles);;544,5
2023;Catalunya;en la entidad financiera;65 años o más;otra lengua (o lenguas);población de 15 años o más (miles);..;null
2023;Catalunya;en la entidad financiera;65 años o más;catalán y otra lengua (o lenguas);población de 15 años o más (miles);..;null
2023;Catalunya;en la entidad financiera;65 años o más;castellano y otra lengua (o lenguas);población de 15 años o más (miles);..;null
2023;Catalunya;en la entidad financiera;65 años o más;otras combinaciones de lenguas;población de 15 años o más (miles);..;null
2023;Catalunya;en la entidad financiera;65 años o más;No consta;población de 15 años o más (miles);;125,3
2023;Catalunya;en la entidad financiera;65 años o más;total;población de 15 años o más (miles);;1529,2
2023;Catalunya;en la entidad financiera;total;solo catalán;población de 15 años o más (miles);;1876,6
2023;Catalunya;en la entidad financiera;total;más catalán que castellano;población de 15 años o más (miles);;758,7
2023;Catalunya;en la entidad financiera;total;catalán y castellano;población de 15 años o más (miles);;774,0
2023;Catalunya;en la entidad financiera;total;más castellano que catalán;población de 15 años o más (miles);;406,1
2023;Catalunya;en la entidad financiera;total;solo castellano;población de 15 años o más (miles);;2358,9
2023;Catalunya;en la entidad financiera;total;otra lengua (o lenguas);población de 15 años o más (miles);;30,6
2023;Catalunya;en la entidad financiera;total;catalán y otra lengua (o lenguas);población de 15 años o más (miles);;3,5
2023;Catalunya;en la entidad financiera;total;castellano y otra lengua (o lenguas);población de 15 años o más (miles);;57,4
2023;Catalunya;en la entidad financiera;total;otras combinaciones de lenguas;población de 15 años o más (miles);;14,2
2023;Catalunya;en la entidad financiera;total;No consta;población de 15 años o más (miles);;505,0
2023;Catalunya;en la entidad financiera;total;total;población de 15 años o más (miles);;6785,1
2023;Catalunya;con el personal de un restaurante o bar;de 15 a 29 años;solo catalán;población de 15 años o más (miles);;182,2
2023;Catalunya;con el personal de un restaurante o bar;de 15 a 29 años;más catalán que castellano;población de 15 años o más (miles);;165,8
2023;Catalunya;con el personal de un restaurante o bar;de 15 a 29 años;catalán y castellano;población de 15 años o más (miles);;260,9
2023;Catalunya;con el personal de un restaurante o bar;de 15 a 29 años;más castellano que catalán;población de 15 años o más (miles);;195,5
2023;Catalunya;con el personal de un restaurante o bar;de 15 a 29 años;solo castellano;población de 15 años o más (miles);;453,0
2023;Catalunya;con el personal de un restaurante o bar;de 15 a 29 años;otra lengua (o lenguas);población de 15 años o más (miles);..;null
2023;Catalunya;con el personal de un restaurante o bar;de 15 a 29 años;catalán y otra lengua (o lenguas);población de 15 años o más (miles);..;null
2023;Catalunya;con el personal de un restaurante o bar;de 15 a 29 años;castellano y otra lengua (o lenguas);población de 15 años o más (miles);;18,7
2023;Catalunya;con el personal de un restaurante o bar;de 15 a 29 años;otras combinaciones de lenguas;población de 15 años o más (miles);;9,1
2023;Catalunya;con el personal de un restaurante o bar;de 15 a 29 años;No consta;población de 15 años o más (miles);;19,0
2023;Catalunya;con el personal de un restaurante o bar;de 15 a 29 años;total;población de 15 años o más (miles);;1313,4
2023;Catalunya;con el personal de un restaurante o bar;de 30 a 44 años;solo catalán;población de 15 años o más (miles);;200,6
2023;Catalunya;con el personal de un restaurante o bar;de 30 a 44 años;más catalán que castellano;población de 15 años o más (miles);;189,8
2023;Catalunya;con el personal de un restaurante o bar;de 30 a 44 años;catalán y castellano;población de 15 años o más (miles);;297,2
2023;Catalunya;con el personal de un restaurante o bar;de 30 a 44 años;más castellano que catalán;población de 15 años o más (miles);;187,2
2023;Catalunya;con el personal de un restaurante o bar;de 30 a 44 años;solo castellano;población de 15 años o más (miles);;663,9
2023;Catalunya;con el personal de un restaurante o bar;de 30 a 44 años;otra lengua (o lenguas);población de 15 años o más (miles);..;null
2023;Catalunya;con el personal de un restaurante o bar;de 30 a 44 años;catalán y otra lengua (o lenguas);población de 15 años o más (miles);..;null
2023;Catalunya;con el personal de un restaurante o bar;de 30 a 44 años;castellano y otra lengua (o lenguas);población de 15 años o más (miles);;41,6
2023;Catalunya;con el personal de un restaurante o bar;de 30 a 44 años;otras combinaciones de lenguas;población de 15 años o más (miles);;9,7
2023;Catalunya;con el personal de un restaurante o bar;de 30 a 44 años;No consta;población de 15 años o más (miles);;19,5
2023;Catalunya;con el personal de un restaurante o bar;de 30 a 44 años;total;población de 15 años o más (miles);;1621,7
2023;Catalunya;con el personal de un restaurante o bar;de 45 a 64 años;solo catalán;población de 15 años o más (miles);;396,9
2023;Catalunya;con el personal de un restaurante o bar;de 45 a 64 años;más catalán que castellano;población de 15 años o más (miles);;396,0
2023;Catalunya;con el personal de un restaurante o bar;de 45 a 64 años;catalán y castellano;población de 15 años o más (miles);;435,8
2023;Catalunya;con el personal de un restaurante o bar;de 45 a 64 años;más castellano que catalán;población de 15 años o más (miles);;228,4
2023;Catalunya;con el personal de un restaurante o bar;de 45 a 64 años;solo castellano;población de 15 años o más (miles);;776,3
2023;Catalunya;con el personal de un restaurante o bar;de 45 a 64 años;otra lengua (o lenguas);población de 15 años o más (miles);..;null
2023;Catalunya;con el personal de un restaurante o bar;de 45 a 64 años;catalán y otra lengua (o lenguas);población de 15 años o más (miles);..;null
2023;Catalunya;con el personal de un restaurante o bar;de 45 a 64 años;castellano y otra lengua (o lenguas);población de 15 años o más (miles);;22,4
2023;Catalunya;con el personal de un restaurante o bar;de 45 a 64 años;otras combinaciones de lenguas;población de 15 años o más (miles);;9,4
2023;Catalunya;con el personal de un restaurante o bar;de 45 a 64 años;No consta;población de 15 años o más (miles);;44,0
2023;Catalunya;con el personal de un restaurante o bar;de 45 a 64 años;total;población de 15 años o más (miles);;2320,8
2023;Catalunya;con el personal de un restaurante o bar;65 años o más;solo catalán;población de 15 años o más (miles);;398,8
2023;Catalunya;con el personal de un restaurante o bar;65 años o más;más catalán que castellano;población de 15 años o más (miles);;199,9
2023;Catalunya;con el personal de un restaurante o bar;65 años o más;catalán y castellano;población de 15 años o más (miles);;214,7
2023;Catalunya;con el personal de un restaurante o bar;65 años o más;más castellano que catalán;población de 15 años o más (miles);;61,2
2023;Catalunya;con el personal de un restaurante o bar;65 años o más;solo castellano;población de 15 años o más (miles);;553,9
2023;Catalunya;con el personal de un restaurante o bar;65 años o más;otra lengua (o lenguas);población de 15 años o más (miles);..;null
2023;Catalunya;con el personal de un restaurante o bar;65 años o más;catalán y otra lengua (o lenguas);población de 15 años o más (miles);..;null
2023;Catalunya;con el personal de un restaurante o bar;65 años o más;castellano y otra lengua (o lenguas);población de 15 años o más (miles);..;null
2023;Catalunya;con el personal de un restaurante o bar;65 años o más;otras combinaciones de lenguas;población de 15 años o más (miles);;0,9
2023;Catalunya;con el personal de un restaurante o bar;65 años o más;No consta;población de 15 años o más (miles);;88,4
2023;Catalunya;con el personal de un restaurante o bar;65 años o más;total;población de 15 años o más (miles);;1529,2
2023;Catalunya;con el personal de un restaurante o bar;total;solo catalán;población de 15 años o más (miles);;1178,4
2023;Catalunya;con el personal de un restaurante o bar;total;más catalán que castellano;población de 15 años o más (miles);;951,6
2023;Catalunya;con el personal de un restaurante o bar;total;catalán y castellano;población de 15 años o más (miles);;1208,6
2023;Catalunya;con el personal de un restaurante o bar;total;más castellano que catalán;población de 15 años o más (miles);;672,4
2023;Catalunya;con el personal de un restaurante o bar;total;solo castellano;población de 15 años o más (miles);;2447,0
2023;Catalunya;con el personal de un restaurante o bar;total;otra lengua (o lenguas);población de 15 años o más (miles);;37,9
2023;Catalunya;con el personal de un restaurante o bar;total;catalán y otra lengua (o lenguas);población de 15 años o más (miles);..;null
2023;Catalunya;con el personal de un restaurante o bar;total;castellano y otra lengua (o lenguas);población de 15 años o más (miles);;86,6
2023;Catalunya;con el personal de un restaurante o bar;total;otras combinaciones de lenguas;población de 15 años o más (miles);;29,0
2023;Catalunya;con el personal de un restaurante o bar;total;No consta;población de 15 años o más (miles);;170,9
2023;Catalunya;con el personal de un restaurante o bar;total;total;población de 15 años o más (miles);;6785,1
2023;Catalunya;con la Administración local;de 15 a 29 años;solo catalán;población de 15 años o más (miles);;441,1
2023;Catalunya;con la Administración local;de 15 a 29 años;más catalán que castellano;población de 15 años o más (miles);;149,2
2023;Catalunya;con la Administración local;de 15 a 29 años;catalán y castellano;población de 15 años o más (miles);;139,3
2023;Catalunya;con la Administración local;de 15 a 29 años;más castellano que catalán;población de 15 años o más (miles);;73,3
2023;Catalunya;con la Administración local;de 15 a 29 años;solo castellano;población de 15 años o más (miles);;307,0
2023;Catalunya;con la Administración local;de 15 a 29 años;otra lengua (o lenguas);población de 15 años o más (miles);..;null
2023;Catalunya;con la Administración local;de 15 a 29 años;catalán y otra lengua (o lenguas);población de 15 años o más (miles);..;null
2023;Catalunya;con la Administración local;de 15 a 29 años;castellano y otra lengua (o lenguas);población de 15 años o más (miles);..;null
2023;Catalunya;con la Administración local;de 15 a 29 años;otras combinaciones de lenguas;población de 15 años o más (miles);..;null
2023;Catalunya;con la Administración local;de 15 a 29 años;No consta;población de 15 años o más (miles);;184,3
2023;Catalunya;con la Administración local;de 15 a 29 años;total;población de 15 años o más (miles);;1313,4
2023;Catalunya;con la Administración local;de 30 a 44 años;solo catalán;población de 15 años o más (miles);;526,5
2023;Catalunya;con la Administración local;de 30 a 44 años;más catalán que castellano;población de 15 años o más (miles);;186,0
2023;Catalunya;con la Administración local;de 30 a 44 años;catalán y castellano;población de 15 años o más (miles);;143,5
2023;Catalunya;con la Administración local;de 30 a 44 años;más castellano que catalán;población de 15 años o más (miles);;81,6
2023;Catalunya;con la Administración local;de 30 a 44 años;solo castellano;población de 15 años o más (miles);;599,5
2023;Catalunya;con la Administración local;de 30 a 44 años;otra lengua (o lenguas);población de 15 años o más (miles);;8,0
2023;Catalunya;con la Administración local;de 30 a 44 años;catalán y otra lengua (o lenguas);población de 15 años o más (miles);..;null
2023;Catalunya;con la Administración local;de 30 a 44 años;castellano y otra lengua (o lenguas);población de 15 años o más (miles);;17,1
2023;Catalunya;con la Administración local;de 30 a 44 años;otras combinaciones de lenguas;población de 15 años o más (miles);..;null
2023;Catalunya;con la Administración local;de 30 a 44 años;No consta;población de 15 años o más (miles);;56,2
2023;Catalunya;con la Administración local;de 30 a 44 años;total;población de 15 años o más (miles);;1621,7
2023;Catalunya;con la Administración local;de 45 a 64 años;solo catalán;población de 15 años o más (miles);;948,4
2023;Catalunya;con la Administración local;de 45 a 64 años;más catalán que castellano;población de 15 años o más (miles);;253,4
2023;Catalunya;con la Administración local;de 45 a 64 años;catalán y castellano;población de 15 años o más (miles);;187,7
2023;Catalunya;con la Administración local;de 45 a 64 años;más castellano que catalán;población de 15 años o más (miles);;118,1
2023;Catalunya;con la Administración local;de 45 a 64 años;solo castellano;población de 15 años o más (miles);;703,6
2023;Catalunya;con la Administración local;de 45 a 64 años;otra lengua (o lenguas);población de 15 años o más (miles);;8,5
2023;Catalunya;con la Administración local;de 45 a 64 años;catalán y otra lengua (o lenguas);población de 15 años o más (miles);..;null
2023;Catalunya;con la Administración local;de 45 a 64 años;castellano y otra lengua (o lenguas);población de 15 años o más (miles);..;null
2023;Catalunya;con la Administración local;de 45 a 64 años;otras combinaciones de lenguas;población de 15 años o más (miles);..;null
2023;Catalunya;con la Administración local;de 45 a 64 años;No consta;población de 15 años o más (miles);;88,0
2023;Catalunya;con la Administración local;de 45 a 64 años;total;población de 15 años o más (miles);;2320,8
2023;Catalunya;con la Administración local;65 años o más;solo catalán;población de 15 años o más (miles);;627,8
2023;Catalunya;con la Administración local;65 años o más;más catalán que castellano;población de 15 años o más (miles);;81,0
2023;Catalunya;con la Administración local;65 años o más;catalán y castellano;población de 15 años o más (miles);;99,4
2023;Catalunya;con la Administración local;65 años o más;más castellano que catalán;población de 15 años o más (miles);;33,0
2023;Catalunya;con la Administración local;65 años o más;solo castellano;población de 15 años o más (miles);;463,2
2023;Catalunya;con la Administración local;65 años o más;otra lengua (o lenguas);población de 15 años o más (miles);;5,5
2023;Catalunya;con la Administración local;65 años o más;catalán y otra lengua (o lenguas);población de 15 años o más (miles);..;null
2023;Catalunya;con la Administración local;65 años o más;castellano y otra lengua (o lenguas);población de 15 años o más (miles);..;null
2023;Catalunya;con la Administración local;65 años o más;otras combinaciones de lenguas;población de 15 años o más (miles);..;null
2023;Catalunya;con la Administración local;65 años o más;No consta;población de 15 años o más (miles);;216,5
2023;Catalunya;con la Administración local;65 años o más;total;población de 15 años o más (miles);;1529,2
2023;Catalunya;con la Administración local;total;solo catalán;población de 15 años o más (miles);;2543,7
2023;Catalunya;con la Administración local;total;más catalán que castellano;población de 15 años o más (miles);;669,6
2023;Catalunya;con la Administración local;total;catalán y castellano;población de 15 años o más (miles);;570,0
2023;Catalunya;con la Administración local;total;más castellano que catalán;población de 15 años o más (miles);;306,0
2023;Catalunya;con la Administración local;total;solo castellano;población de 15 años o más (miles);;2073,4
2023;Catalunya;con la Administración local;total;otra lengua (o lenguas);población de 15 años o más (miles);;26,6
2023;Catalunya;con la Administración local;total;catalán y otra lengua (o lenguas);población de 15 años o más (miles);;2,7
2023;Catalunya;con la Administración local;total;castellano y otra lengua (o lenguas);población de 15 años o más (miles);;40,0
2023;Catalunya;con la Administración local;total;otras combinaciones de lenguas;población de 15 años o más (miles);;8,2
2023;Catalunya;con la Administración local;total;No consta;población de 15 años o más (miles);;545,0
2023;Catalunya;con la Administración local;total;total;población de 15 años o más (miles);;6785,1
2023;Catalunya;con la Administración de la Generalitat de Catalunya;de 15 a 29 años;solo catalán;población de 15 años o más (miles);;425,8
2023;Catalunya;con la Administración de la Generalitat de Catalunya;de 15 a 29 años;más catalán que castellano;población de 15 años o más (miles);;129,8
2023;Catalunya;con la Administración de la Generalitat de Catalunya;de 15 a 29 años;catalán y castellano;población de 15 años o más (miles);;113,0
2023;Catalunya;con la Administración de la Generalitat de Catalunya;de 15 a 29 años;más castellano que catalán;población de 15 años o más (miles);;59,3
2023;Catalunya;con la Administración de la Generalitat de Catalunya;de 15 a 29 años;solo castellano;población de 15 años o más (miles);;255,1
2023;Catalunya;con la Administración de la Generalitat de Catalunya;de 15 a 29 años;otra lengua (o lenguas);población de 15 años o más (miles);..;null
2023;Catalunya;con la Administración de la Generalitat de Catalunya;de 15 a 29 años;catalán y otra lengua (o lenguas);población de 15 años o más (miles);..;null
2023;Catalunya;con la Administración de la Generalitat de Catalunya;de 15 a 29 años;castellano y otra lengua (o lenguas);población de 15 años o más (miles);..;null
2023;Catalunya;con la Administración de la Generalitat de Catalunya;de 15 a 29 años;otras combinaciones de lenguas;población de 15 años o más (miles);..;null
2023;Catalunya;con la Administración de la Generalitat de Catalunya;de 15 a 29 años;No consta;población de 15 años o más (miles);;314,6
2023;Catalunya;con la Administración de la Generalitat de Catalunya;de 15 a 29 años;total;población de 15 años o más (miles);;1313,4
2023;Catalunya;con la Administración de la Generalitat de Catalunya;de 30 a 44 años;solo catalán;población de 15 años o más (miles);;530,9
2023;Catalunya;con la Administración de la Generalitat de Catalunya;de 30 a 44 años;más catalán que castellano;población de 15 años o más (miles);;138,1
2023;Catalunya;con la Administración de la Generalitat de Catalunya;de 30 a 44 años;catalán y castellano;población de 15 años o más (miles);;120,3
2023;Catalunya;con la Administración de la Generalitat de Catalunya;de 30 a 44 años;más castellano que catalán;población de 15 años o más (miles);;54,2
2023;Catalunya;con la Administración de la Generalitat de Catalunya;de 30 a 44 años;solo castellano;población de 15 años o más (miles);;507,0
2023;Catalunya;con la Administración de la Generalitat de Catalunya;de 30 a 44 años;otra lengua (o lenguas);población de 15 años o más (miles);..;null
2023;Catalunya;con la Administración de la Generalitat de Catalunya;de 30 a 44 años;catalán y otra lengua (o lenguas);población de 15 años o más (miles);..;null
2023;Catalunya;con la Administración de la Generalitat de Catalunya;de 30 a 44 años;castellano y otra lengua (o lenguas);población de 15 años o más (miles);..;null
2023;Catalunya;con la Administración de la Generalitat de Catalunya;de 30 a 44 años;otras combinaciones de lenguas;población de 15 años o más (miles);..;null
2023;Catalunya;con la Administración de la Generalitat de Catalunya;de 30 a 44 años;No consta;población de 15 años o más (miles);;245,1
2023;Catalunya;con la Administración de la Generalitat de Catalunya;de 30 a 44 años;total;población de 15 años o más (miles);;1621,7
2023;Catalunya;con la Administración de la Generalitat de Catalunya;de 45 a 64 años;solo catalán;población de 15 años o más (miles);;936,8
2023;Catalunya;con la Administración de la Generalitat de Catalunya;de 45 a 64 años;más catalán que castellano;población de 15 años o más (miles);;200,1
2023;Catalunya;con la Administración de la Generalitat de Catalunya;de 45 a 64 años;catalán y castellano;población de 15 años o más (miles);;134,1
2023;Catalunya;con la Administración de la Generalitat de Catalunya;de 45 a 64 años;más castellano que catalán;población de 15 años o más (miles);;99,6
2023;Catalunya;con la Administración de la Generalitat de Catalunya;de 45 a 64 años;solo castellano;población de 15 años o más (miles);;597,0
2023;Catalunya;con la Administración de la Generalitat de Catalunya;de 45 a 64 años;otra lengua (o lenguas);población de 15 años o más (miles);..;null
2023;Catalunya;con la Administración de la Generalitat de Catalunya;de 45 a 64 años;catalán y otra lengua (o lenguas);población de 15 años o más (miles);..;null
2023;Catalunya;con la Administración de la Generalitat de Catalunya;de 45 a 64 años;castellano y otra lengua (o lenguas);población de 15 años o más (miles);..;null
2023;Catalunya;con la Administración de la Generalitat de Catalunya;de 45 a 64 años;otras combinaciones de lenguas;población de 15 años o más (miles);..;null
2023;Catalunya;con la Administración de la Generalitat de Catalunya;de 45 a 64 años;No consta;población de 15 años o más (miles);;335,7
2023;Catalunya;con la Administración de la Generalitat de Catalunya;de 45 a 64 años;total;población de 15 años o más (miles);;2320,8
2023;Catalunya;con la Administración de la Generalitat de Catalunya;65 años o más;solo catalán;población de 15 años o más (miles);;542,2
2023;Catalunya;con la Administración de la Generalitat de Catalunya;65 años o más;más catalán que castellano;población de 15 años o más (miles);;60,3
2023;Catalunya;con la Administración de la Generalitat de Catalunya;65 años o más;catalán y castellano;población de 15 años o más (miles);;76,4
2023;Catalunya;con la Administración de la Generalitat de Catalunya;65 años o más;más castellano que catalán;población de 15 años o más (miles);;25,3
2023;Catalunya;con la Administración de la Generalitat de Catalunya;65 años o más;solo castellano;población de 15 años o más (miles);;366,3
2023;Catalunya;con la Administración de la Generalitat de Catalunya;65 años o más;otra lengua (o lenguas);población de 15 años o más (miles);..;null
2023;Catalunya;con la Administración de la Generalitat de Catalunya;65 años o más;catalán y otra lengua (o lenguas);población de 15 años o más (miles);..;null
2023;Catalunya;con la Administración de la Generalitat de Catalunya;65 años o más;castellano y otra lengua (o lenguas);población de 15 años o más (miles);..;null
2023;Catalunya;con la Administración de la Generalitat de Catalunya;65 años o más;otras combinaciones de lenguas;población de 15 años o más (miles);..;null
2023;Catalunya;con la Administración de la Generalitat de Catalunya;65 años o más;No consta;población de 15 años o más (miles);;453,4
2023;Catalunya;con la Administración de la Generalitat de Catalunya;65 años o más;total;población de 15 años o más (miles);;1529,2
2023;Catalunya;con la Administración de la Generalitat de Catalunya;total;solo catalán;población de 15 años o más (miles);;2435,8
2023;Catalunya;con la Administración de la Generalitat de Catalunya;total;más catalán que castellano;población de 15 años o más (miles);;528,3
2023;Catalunya;con la Administración de la Generalitat de Catalunya;total;catalán y castellano;población de 15 años o más (miles);;443,9
2023;Catalunya;con la Administración de la Generalitat de Catalunya;total;más castellano que catalán;población de 15 años o más (miles);;238,4
2023;Catalunya;con la Administración de la Generalitat de Catalunya;total;solo castellano;población de 15 años o más (miles);;1725,4
2023;Catalunya;con la Administración de la Generalitat de Catalunya;total;otra lengua (o lenguas);población de 15 años o más (miles);;20,3
2023;Catalunya;con la Administración de la Generalitat de Catalunya;total;catalán y otra lengua (o lenguas);población de 15 años o más (miles);..;null
2023;Catalunya;con la Administración de la Generalitat de Catalunya;total;castellano y otra lengua (o lenguas);población de 15 años o más (miles);;38,2
2023;Catalunya;con la Administración de la Generalitat de Catalunya;total;otras combinaciones de lenguas;población de 15 años o más (miles);;4,9
2023;Catalunya;con la Administración de la Generalitat de Catalunya;total;No consta;población de 15 años o más (miles);;1348,8
2023;Catalunya;con la Administración de la Generalitat de Catalunya;total;total;población de 15 años o más (miles);;6785,1
2023;Catalunya;con la Administración del Estado en Cataluña;de 15 a 29 años;solo catalán;población de 15 años o más (miles);;263,9
2023;Catalunya;con la Administración del Estado en Cataluña;de 15 a 29 años;más catalán que castellano;población de 15 años o más (miles);;140,8
2023;Catalunya;con la Administración del Estado en Cataluña;de 15 a 29 años;catalán y castellano;población de 15 años o más (miles);;142,0
2023;Catalunya;con la Administración del Estado en Cataluña;de 15 a 29 años;más castellano que catalán;población de 15 años o más (miles);;132,7
2023;Catalunya;con la Administración del Estado en Cataluña;de 15 a 29 años;solo castellano;población de 15 años o más (miles);;364,9
2023;Catalunya;con la Administración del Estado en Cataluña;de 15 a 29 años;otra lengua (o lenguas);población de 15 años o más (miles);..;null
2023;Catalunya;con la Administración del Estado en Cataluña;de 15 a 29 años;catalán y otra lengua (o lenguas);población de 15 años o más (miles);..;null
2023;Catalunya;con la Administración del Estado en Cataluña;de 15 a 29 años;castellano y otra lengua (o lenguas);población de 15 años o más (miles);..;null
2023;Catalunya;con la Administración del Estado en Cataluña;de 15 a 29 años;otras combinaciones de lenguas;población de 15 años o más (miles);..;null
2023;Catalunya;con la Administración del Estado en Cataluña;de 15 a 29 años;No consta;población de 15 años o más (miles);;248,8
2023;Catalunya;con la Administración del Estado en Cataluña;de 15 a 29 años;total;población de 15 años o más (miles);;1313,4
2023;Catalunya;con la Administración del Estado en Cataluña;de 30 a 44 años;solo catalán;población de 15 años o más (miles);;265,2
2023;Catalunya;con la Administración del Estado en Cataluña;de 30 a 44 años;más catalán que castellano;población de 15 años o más (miles);;159,0
2023;Catalunya;con la Administración del Estado en Cataluña;de 30 a 44 años;catalán y castellano;población de 15 años o más (miles);;186,7
2023;Catalunya;con la Administración del Estado en Cataluña;de 30 a 44 años;más castellano que catalán;población de 15 años o más (miles);;139,5
2023;Catalunya;con la Administración del Estado en Cataluña;de 30 a 44 años;solo castellano;población de 15 años o más (miles);;710,7
2023;Catalunya;con la Administración del Estado en Cataluña;de 30 a 44 años;otra lengua (o lenguas);población de 15 años o más (miles);..;null
2023;Catalunya;con la Administración del Estado en Cataluña;de 30 a 44 años;catalán y otra lengua (o lenguas);población de 15 años o más (miles);..;null
2023;Catalunya;con la Administración del Estado en Cataluña;de 30 a 44 años;castellano y otra lengua (o lenguas);población de 15 años o más (miles);;18,4
2023;Catalunya;con la Administración del Estado en Cataluña;de 30 a 44 años;otras combinaciones de lenguas;población de 15 años o más (miles);..;null
2023;Catalunya;con la Administración del Estado en Cataluña;de 30 a 44 años;No consta;población de 15 años o más (miles);;131,7
2023;Catalunya;con la Administración del Estado en Cataluña;de 30 a 44 años;total;población de 15 años o más (miles);;1621,7
2023;Catalunya;con la Administración del Estado en Cataluña;de 45 a 64 años;solo catalán;población de 15 años o más (miles);;478,8
2023;Catalunya;con la Administración del Estado en Cataluña;de 45 a 64 años;más catalán que castellano;población de 15 años o más (miles);;279,7
2023;Catalunya;con la Administración del Estado en Cataluña;de 45 a 64 años;catalán y castellano;población de 15 años o más (miles);;262,5
2023;Catalunya;con la Administración del Estado en Cataluña;de 45 a 64 años;más castellano que catalán;población de 15 años o más (miles);;229,0
2023;Catalunya;con la Administración del Estado en Cataluña;de 45 a 64 años;solo castellano;población de 15 años o más (miles);;844,8
2023;Catalunya;con la Administración del Estado en Cataluña;de 45 a 64 años;otra lengua (o lenguas);población de 15 años o más (miles);..;null
2023;Catalunya;con la Administración del Estado en Cataluña;de 45 a 64 años;catalán y otra lengua (o lenguas);población de 15 años o más (miles);..;null
2023;Catalunya;con la Administración del Estado en Cataluña;de 45 a 64 años;castellano y otra lengua (o lenguas);población de 15 años o más (miles);;14,1
2023;Catalunya;con la Administración del Estado en Cataluña;de 45 a 64 años;otras combinaciones de lenguas;población de 15 años o más (miles);..;null
2023;Catalunya;con la Administración del Estado en Cataluña;de 45 a 64 años;No consta;población de 15 años o más (miles);;202,4
2023;Catalunya;con la Administración del Estado en Cataluña;de 45 a 64 años;total;población de 15 años o más (miles);;2320,8
2023;Catalunya;con la Administración del Estado en Cataluña;65 años o más;solo catalán;población de 15 años o más (miles);;322,6
2023;Catalunya;con la Administración del Estado en Cataluña;65 años o más;más catalán que castellano;población de 15 años o más (miles);;130,3
2023;Catalunya;con la Administración del Estado en Cataluña;65 años o más;catalán y castellano;población de 15 años o más (miles);;150,7
2023;Catalunya;con la Administración del Estado en Cataluña;65 años o más;más castellano que catalán;población de 15 años o más (miles);;68,0
2023;Catalunya;con la Administración del Estado en Cataluña;65 años o más;solo castellano;población de 15 años o más (miles);;516,1
2023;Catalunya;con la Administración del Estado en Cataluña;65 años o más;otra lengua (o lenguas);población de 15 años o más (miles);..;null
2023;Catalunya;con la Administración del Estado en Cataluña;65 años o más;catalán y otra lengua (o lenguas);población de 15 años o más (miles);..;null
2023;Catalunya;con la Administración del Estado en Cataluña;65 años o más;castellano y otra lengua (o lenguas);población de 15 años o más (miles);..;null
2023;Catalunya;con la Administración del Estado en Cataluña;65 años o más;otras combinaciones de lenguas;población de 15 años o más (miles);..;null
2023;Catalunya;con la Administración del Estado en Cataluña;65 años o más;No consta;población de 15 años o más (miles);;334,6
2023;Catalunya;con la Administración del Estado en Cataluña;65 años o más;total;población de 15 años o más (miles);;1529,2
2023;Catalunya;con la Administración del Estado en Cataluña;total;solo catalán;población de 15 años o más (miles);;1330,5
2023;Catalunya;con la Administración del Estado en Cataluña;total;más catalán que castellano;población de 15 años o más (miles);;709,8
2023;Catalunya;con la Administración del Estado en Cataluña;total;catalán y castellano;población de 15 años o más (miles);;741,9
2023;Catalunya;con la Administración del Estado en Cataluña;total;más castellano que catalán;población de 15 años o más (miles);;569,2
2023;Catalunya;con la Administración del Estado en Cataluña;total;solo castellano;población de 15 años o más (miles);;2436,5
2023;Catalunya;con la Administración del Estado en Cataluña;total;otra lengua (o lenguas);población de 15 años o más (miles);;28,0
2023;Catalunya;con la Administración del Estado en Cataluña;total;catalán y otra lengua (o lenguas);población de 15 años o más (miles);..;null
2023;Catalunya;con la Administración del Estado en Cataluña;total;castellano y otra lengua (o lenguas);población de 15 años o más (miles);;44,6
2023;Catalunya;con la Administración del Estado en Cataluña;total;otras combinaciones de lenguas;población de 15 años o más (miles);;5,8
2023;Catalunya;con la Administración del Estado en Cataluña;total;No consta;población de 15 años o más (miles);;917,4
2023;Catalunya;con la Administración del Estado en Cataluña;total;total;población de 15 años o más (miles);;6785,1
2023;Catalunya;con la policía local o Mossos d'Esquadra;de 15 a 29 años;solo catalán;población de 15 años o más (miles);;314,6
2023;Catalunya;con la policía local o Mossos d'Esquadra;de 15 a 29 años;más catalán que castellano;población de 15 años o más (miles);;146,0
2023;Catalunya;con la policía local o Mossos d'Esquadra;de 15 a 29 años;catalán y castellano;población de 15 años o más (miles);;159,5
2023;Catalunya;con la policía local o Mossos d'Esquadra;de 15 a 29 años;más castellano que catalán;población de 15 años o más (miles);;106,6
2023;Catalunya;con la policía local o Mossos d'Esquadra;de 15 a 29 años;solo castellano;población de 15 años o más (miles);;349,2
2023;Catalunya;con la policía local o Mossos d'Esquadra;de 15 a 29 años;otra lengua (o lenguas);población de 15 años o más (miles);..;null
2023;Catalunya;con la policía local o Mossos d'Esquadra;de 15 a 29 años;catalán y otra lengua (o lenguas);población de 15 años o más (miles);..;null
2023;Catalunya;con la policía local o Mossos d'Esquadra;de 15 a 29 años;castellano y otra lengua (o lenguas);población de 15 años o más (miles);..;null
2023;Catalunya;con la policía local o Mossos d'Esquadra;de 15 a 29 años;otras combinaciones de lenguas;población de 15 años o más (miles);..;null
2023;Catalunya;con la policía local o Mossos d'Esquadra;de 15 a 29 años;No consta;población de 15 años o más (miles);;221,3
2023;Catalunya;con la policía local o Mossos d'Esquadra;de 15 a 29 años;total;población de 15 años o más (miles);;1313,4
2023;Catalunya;con la policía local o Mossos d'Esquadra;de 30 a 44 años;solo catalán;población de 15 años o más (miles);;415,6
2023;Catalunya;con la policía local o Mossos d'Esquadra;de 30 a 44 años;más catalán que castellano;población de 15 años o más (miles);;171,6
2023;Catalunya;con la policía local o Mossos d'Esquadra;de 30 a 44 años;catalán y castellano;población de 15 años o más (miles);;149,6
2023;Catalunya;con la policía local o Mossos d'Esquadra;de 30 a 44 años;más castellano que catalán;población de 15 años o más (miles);;88,3
2023;Catalunya;con la policía local o Mossos d'Esquadra;de 30 a 44 años;solo castellano;población de 15 años o más (miles);;580,1
2023;Catalunya;con la policía local o Mossos d'Esquadra;de 30 a 44 años;otra lengua (o lenguas);población de 15 años o más (miles);..;null
2023;Catalunya;con la policía local o Mossos d'Esquadra;de 30 a 44 años;catalán y otra lengua (o lenguas);población de 15 años o más (miles);..;null
2023;Catalunya;con la policía local o Mossos d'Esquadra;de 30 a 44 años;castellano y otra lengua (o lenguas);población de 15 años o más (miles);;22,2
2023;Catalunya;con la policía local o Mossos d'Esquadra;de 30 a 44 años;otras combinaciones de lenguas;población de 15 años o más (miles);..;null
2023;Catalunya;con la policía local o Mossos d'Esquadra;de 30 a 44 años;No consta;población de 15 años o más (miles);;185,3
2023;Catalunya;con la policía local o Mossos d'Esquadra;de 30 a 44 años;total;población de 15 años o más (miles);;1621,7
2023;Catalunya;con la policía local o Mossos d'Esquadra;de 45 a 64 años;solo catalán;población de 15 años o más (miles);;832,2
2023;Catalunya;con la policía local o Mossos d'Esquadra;de 45 a 64 años;más catalán que castellano;población de 15 años o más (miles);;210,6
2023;Catalunya;con la policía local o Mossos d'Esquadra;de 45 a 64 años;catalán y castellano;población de 15 años o más (miles);;212,9
2023;Catalunya;con la policía local o Mossos d'Esquadra;de 45 a 64 años;más castellano que catalán;población de 15 años o más (miles);;117,6
2023;Catalunya;con la policía local o Mossos d'Esquadra;de 45 a 64 años;solo castellano;población de 15 años o más (miles);;693,4
2023;Catalunya;con la policía local o Mossos d'Esquadra;de 45 a 64 años;otra lengua (o lenguas);población de 15 años o más (miles);..;null
2023;Catalunya;con la policía local o Mossos d'Esquadra;de 45 a 64 años;catalán y otra lengua (o lenguas);población de 15 años o más (miles);..;null
2023;Catalunya;con la policía local o Mossos d'Esquadra;de 45 a 64 años;castellano y otra lengua (o lenguas);población de 15 años o más (miles);..;null
2023;Catalunya;con la policía local o Mossos d'Esquadra;de 45 a 64 años;otras combinaciones de lenguas;población de 15 años o más (miles);..;null
2023;Catalunya;con la policía local o Mossos d'Esquadra;de 45 a 64 años;No consta;población de 15 años o más (miles);;236,2
2023;Catalunya;con la policía local o Mossos d'Esquadra;de 45 a 64 años;total;población de 15 años o más (miles);;2320,8
2023;Catalunya;con la policía local o Mossos d'Esquadra;65 años o más;solo catalán;población de 15 años o más (miles);;505,7
2023;Catalunya;con la policía local o Mossos d'Esquadra;65 años o más;más catalán que castellano;población de 15 años o más (miles);;85,4
2023;Catalunya;con la policía local o Mossos d'Esquadra;65 años o más;catalán y castellano;población de 15 años o más (miles);;101,5
2023;Catalunya;con la policía local o Mossos d'Esquadra;65 años o más;más castellano que catalán;población de 15 años o más (miles);;31,2
2023;Catalunya;con la policía local o Mossos d'Esquadra;65 años o más;solo castellano;población de 15 años o más (miles);;444,2
2023;Catalunya;con la policía local o Mossos d'Esquadra;65 años o más;otra lengua (o lenguas);población de 15 años o más (miles);..;null
2023;Catalunya;con la policía local o Mossos d'Esquadra;65 años o más;catalán y otra lengua (o lenguas);población de 15 años o más (miles);..;null
2023;Catalunya;con la policía local o Mossos d'Esquadra;65 años o más;castellano y otra lengua (o lenguas);población de 15 años o más (miles);..;null
2023;Catalunya;con la policía local o Mossos d'Esquadra;65 años o más;otras combinaciones de lenguas;población de 15 años o más (miles);..;null
2023;Catalunya;con la policía local o Mossos d'Esquadra;65 años o más;No consta;población de 15 años o más (miles);;354,9
2023;Catalunya;con la policía local o Mossos d'Esquadra;65 años o más;total;población de 15 años o más (miles);;1529,2
2023;Catalunya;con la policía local o Mossos d'Esquadra;total;solo catalán;población de 15 años o más (miles);;2068,0
2023;Catalunya;con la policía local o Mossos d'Esquadra;total;más catalán que castellano;población de 15 años o más (miles);;613,7
2023;Catalunya;con la policía local o Mossos d'Esquadra;total;catalán y castellano;población de 15 años o más (miles);;623,4
2023;Catalunya;con la policía local o Mossos d'Esquadra;total;más castellano que catalán;población de 15 años o más (miles);;343,7
2023;Catalunya;con la policía local o Mossos d'Esquadra;total;solo castellano;población de 15 años o más (miles);;2066,9
2023;Catalunya;con la policía local o Mossos d'Esquadra;total;otra lengua (o lenguas);población de 15 años o más (miles);;20,2
2023;Catalunya;con la policía local o Mossos d'Esquadra;total;catalán y otra lengua (o lenguas);población de 15 años o más (miles);;1,4
2023;Catalunya;con la policía local o Mossos d'Esquadra;total;castellano y otra lengua (o lenguas);población de 15 años o más (miles);;45,6
2023;Catalunya;con la policía local o Mossos d'Esquadra;total;otras combinaciones de lenguas;población de 15 años o más (miles);;4,4
2023;Catalunya;con la policía local o Mossos d'Esquadra;total;No consta;población de 15 años o más (miles);;997,6
2023;Catalunya;con la policía local o Mossos d'Esquadra;total;total;población de 15 años o más (miles);;6785,1
2023;Catalunya;con los órganos judiciales;de 15 a 29 años;solo catalán;población de 15 años o más (miles);;165,5
2023;Catalunya;con los órganos judiciales;de 15 a 29 años;más catalán que castellano;población de 15 años o más (miles);;99,4
2023;Catalunya;con los órganos judiciales;de 15 a 29 años;catalán y castellano;población de 15 años o más (miles);;130,5
2023;Catalunya;con los órganos judiciales;de 15 a 29 años;más castellano que catalán;población de 15 años o más (miles);;95,0
2023;Catalunya;con los órganos judiciales;de 15 a 29 años;solo castellano;población de 15 años o más (miles);;338,8
2023;Catalunya;con los órganos judiciales;de 15 a 29 años;otra lengua (o lenguas);población de 15 años o más (miles);..;null
2023;Catalunya;con los órganos judiciales;de 15 a 29 años;catalán y otra lengua (o lenguas);población de 15 años o más (miles);..;null
2023;Catalunya;con los órganos judiciales;de 15 a 29 años;castellano y otra lengua (o lenguas);población de 15 años o más (miles);..;null
2023;Catalunya;con los órganos judiciales;de 15 a 29 años;otras combinaciones de lenguas;población de 15 años o más (miles);..;null
2023;Catalunya;con los órganos judiciales;de 15 a 29 años;No consta;población de 15 años o más (miles);;468,3
2023;Catalunya;con los órganos judiciales;de 15 a 29 años;total;población de 15 años o más (miles);;1313,4
2023;Catalunya;con los órganos judiciales;de 30 a 44 años;solo catalán;población de 15 años o más (miles);;227,3
2023;Catalunya;con los órganos judiciales;de 30 a 44 años;más catalán que castellano;población de 15 años o más (miles);;152,3
2023;Catalunya;con los órganos judiciales;de 30 a 44 años;catalán y castellano;población de 15 años o más (miles);;176,4
2023;Catalunya;con los órganos judiciales;de 30 a 44 años;más castellano que catalán;población de 15 años o más (miles);;129,3
2023;Catalunya;con los órganos judiciales;de 30 a 44 años;solo castellano;población de 15 años o más (miles);;602,7
2023;Catalunya;con los órganos judiciales;de 30 a 44 años;otra lengua (o lenguas);población de 15 años o más (miles);..;null
2023;Catalunya;con los órganos judiciales;de 30 a 44 años;catalán y otra lengua (o lenguas);población de 15 años o más (miles);..;null
2023;Catalunya;con los órganos judiciales;de 30 a 44 años;castellano y otra lengua (o lenguas);población de 15 años o más (miles);;20,8
2023;Catalunya;con los órganos judiciales;de 30 a 44 años;otras combinaciones de lenguas;población de 15 años o más (miles);..;null
2023;Catalunya;con los órganos judiciales;de 30 a 44 años;No consta;población de 15 años o más (miles);;304,6
2023;Catalunya;con los órganos judiciales;de 30 a 44 años;total;población de 15 años o más (miles);;1621,7
2023;Catalunya;con los órganos judiciales;de 45 a 64 años;solo catalán;población de 15 años o más (miles);;419,6
2023;Catalunya;con los órganos judiciales;de 45 a 64 años;más catalán que castellano;población de 15 años o más (miles);;255,8
2023;Catalunya;con los órganos judiciales;de 45 a 64 años;catalán y castellano;población de 15 años o más (miles);;234,8
2023;Catalunya;con los órganos judiciales;de 45 a 64 años;más castellano que catalán;población de 15 años o más (miles);;189,9
2023;Catalunya;con los órganos judiciales;de 45 a 64 años;solo castellano;población de 15 años o más (miles);;766,3
2023;Catalunya;con los órganos judiciales;de 45 a 64 años;otra lengua (o lenguas);población de 15 años o más (miles);..;null
2023;Catalunya;con los órganos judiciales;de 45 a 64 años;catalán y otra lengua (o lenguas);población de 15 años o más (miles);..;null
2023;Catalunya;con los órganos judiciales;de 45 a 64 años;castellano y otra lengua (o lenguas);población de 15 años o más (miles);..;null
2023;Catalunya;con los órganos judiciales;de 45 a 64 años;otras combinaciones de lenguas;población de 15 años o más (miles);..;null
2023;Catalunya;con los órganos judiciales;de 45 a 64 años;No consta;población de 15 años o más (miles);;433,0
2023;Catalunya;con los órganos judiciales;de 45 a 64 años;total;población de 15 años o más (miles);;2320,8
2023;Catalunya;con los órganos judiciales;65 años o más;solo catalán;población de 15 años o más (miles);;251,6
2023;Catalunya;con los órganos judiciales;65 años o más;más catalán que castellano;población de 15 años o más (miles);;125,3
2023;Catalunya;con los órganos judiciales;65 años o más;catalán y castellano;población de 15 años o más (miles);;129,4
2023;Catalunya;con los órganos judiciales;65 años o más;más castellano que catalán;población de 15 años o más (miles);;53,6
2023;Catalunya;con los órganos judiciales;65 años o más;solo castellano;población de 15 años o más (miles);;427,7
2023;Catalunya;con los órganos judiciales;65 años o más;otra lengua (o lenguas);población de 15 años o más (miles);..;null
2023;Catalunya;con los órganos judiciales;65 años o más;catalán y otra lengua (o lenguas);población de 15 años o más (miles);..;null
2023;Catalunya;con los órganos judiciales;65 años o más;castellano y otra lengua (o lenguas);población de 15 años o más (miles);..;null
2023;Catalunya;con los órganos judiciales;65 años o más;otras combinaciones de lenguas;población de 15 años o más (miles);..;null
2023;Catalunya;con los órganos judiciales;65 años o más;No consta;población de 15 años o más (miles);;535,6
2023;Catalunya;con los órganos judiciales;65 años o más;total;población de 15 años o más (miles);;1529,2
2023;Catalunya;con los órganos judiciales;total;solo catalán;población de 15 años o más (miles);;1064,0
2023;Catalunya;con los órganos judiciales;total;más catalán que castellano;población de 15 años o más (miles);;632,8
2023;Catalunya;con los órganos judiciales;total;catalán y castellano;población de 15 años o más (miles);;671,1
2023;Catalunya;con los órganos judiciales;total;más castellano que catalán;población de 15 años o más (miles);;467,8
2023;Catalunya;con los órganos judiciales;total;solo castellano;población de 15 años o más (miles);;2135,4
2023;Catalunya;con los órganos judiciales;total;otra lengua (o lenguas);población de 15 años o más (miles);;22,1
2023;Catalunya;con los órganos judiciales;total;catalán y otra lengua (o lenguas);población de 15 años o más (miles);..;null
2023;Catalunya;con los órganos judiciales;total;castellano y otra lengua (o lenguas);población de 15 años o más (miles);;40,4
2023;Catalunya;con los órganos judiciales;total;otras combinaciones de lenguas;población de 15 años o más (miles);;9,7
2023;Catalunya;con los órganos judiciales;total;No consta;población de 15 años o más (miles);;1741,4
2023;Catalunya;con los órganos judiciales;total;total;población de 15 años o más (miles);;6785,1
2023;Catalunya;con el personal médico;de 15 a 29 años;solo catalán;población de 15 años o más (miles);;333,4
2023;Catalunya;con el personal médico;de 15 a 29 años;más catalán que castellano;población de 15 años o más (miles);;155,6
2023;Catalunya;con el personal médico;de 15 a 29 años;catalán y castellano;población de 15 años o más (miles);;183,6
2023;Catalunya;con el personal médico;de 15 a 29 años;más castellano que catalán;población de 15 años o más (miles);;125,6
2023;Catalunya;con el personal médico;de 15 a 29 años;solo castellano;población de 15 años o más (miles);;478,0
2023;Catalunya;con el personal médico;de 15 a 29 años;otra lengua (o lenguas);población de 15 años o más (miles);..;null
2023;Catalunya;con el personal médico;de 15 a 29 años;catalán y otra lengua (o lenguas);población de 15 años o más (miles);..;null
2023;Catalunya;con el personal médico;de 15 a 29 años;castellano y otra lengua (o lenguas);población de 15 años o más (miles);..;null
2023;Catalunya;con el personal médico;de 15 a 29 años;otras combinaciones de lenguas;población de 15 años o más (miles);..;null
2023;Catalunya;con el personal médico;de 15 a 29 años;No consta;población de 15 años o más (miles);;16,5
2023;Catalunya;con el personal médico;de 15 a 29 años;total;población de 15 años o más (miles);;1313,4
2023;Catalunya;con el personal médico;de 30 a 44 años;solo catalán;población de 15 años o más (miles);;313,1
2023;Catalunya;con el personal médico;de 30 a 44 años;más catalán que castellano;población de 15 años o más (miles);;178,5
2023;Catalunya;con el personal médico;de 30 a 44 años;catalán y castellano;población de 15 años o más (miles);;204,3
2023;Catalunya;con el personal médico;de 30 a 44 años;más castellano que catalán;población de 15 años o más (miles);;118,4
2023;Catalunya;con el personal médico;de 30 a 44 años;solo castellano;población de 15 años o más (miles);;748,3
2023;Catalunya;con el personal médico;de 30 a 44 años;otra lengua (o lenguas);población de 15 años o más (miles);..;null
2023;Catalunya;con el personal médico;de 30 a 44 años;catalán y otra lengua (o lenguas);población de 15 años o más (miles);..;null
2023;Catalunya;con el personal médico;de 30 a 44 años;castellano y otra lengua (o lenguas);población de 15 años o más (miles);;23,8
2023;Catalunya;con el personal médico;de 30 a 44 años;otras combinaciones de lenguas;población de 15 años o más (miles);..;null
2023;Catalunya;con el personal médico;de 30 a 44 años;No consta;población de 15 años o más (miles);;22,7
2023;Catalunya;con el personal médico;de 30 a 44 años;total;población de 15 años o más (miles);;1621,7
2023;Catalunya;con el personal médico;de 45 a 64 años;solo catalán;población de 15 años o más (miles);;605,8
2023;Catalunya;con el personal médico;de 45 a 64 años;más catalán que castellano;población de 15 años o más (miles);;289,8
2023;Catalunya;con el personal médico;de 45 a 64 años;catalán y castellano;población de 15 años o más (miles);;306,9
2023;Catalunya;con el personal médico;de 45 a 64 años;más castellano que catalán;población de 15 años o más (miles);;157,4
2023;Catalunya;con el personal médico;de 45 a 64 años;solo castellano;población de 15 años o más (miles);;903,5
2023;Catalunya;con el personal médico;de 45 a 64 años;otra lengua (o lenguas);población de 15 años o más (miles);..;null
2023;Catalunya;con el personal médico;de 45 a 64 años;catalán y otra lengua (o lenguas);población de 15 años o más (miles);..;null
2023;Catalunya;con el personal médico;de 45 a 64 años;castellano y otra lengua (o lenguas);población de 15 años o más (miles);;12,9
2023;Catalunya;con el personal médico;de 45 a 64 años;otras combinaciones de lenguas;población de 15 años o más (miles);..;null
2023;Catalunya;con el personal médico;de 45 a 64 años;No consta;población de 15 años o más (miles);;31,5
2023;Catalunya;con el personal médico;de 45 a 64 años;total;población de 15 años o más (miles);;2320,8
2023;Catalunya;con el personal médico;65 años o más;solo catalán;población de 15 años o más (miles);;528,4
2023;Catalunya;con el personal médico;65 años o más;más catalán que castellano;población de 15 años o más (miles);;118,8
2023;Catalunya;con el personal médico;65 años o más;catalán y castellano;población de 15 años o más (miles);;141,9
2023;Catalunya;con el personal médico;65 años o más;más castellano que catalán;población de 15 años o más (miles);;46,8
2023;Catalunya;con el personal médico;65 años o más;solo castellano;población de 15 años o más (miles);;666,8
2023;Catalunya;con el personal médico;65 años o más;otra lengua (o lenguas);población de 15 años o más (miles);;10,3
2023;Catalunya;con el personal médico;65 años o más;catalán y otra lengua (o lenguas);población de 15 años o más (miles);..;null
2023;Catalunya;con el personal médico;65 años o más;castellano y otra lengua (o lenguas);población de 15 años o más (miles);..;null
2023;Catalunya;con el personal médico;65 años o más;otras combinaciones de lenguas;población de 15 años o más (miles);..;null
2023;Catalunya;con el personal médico;65 años o más;No consta;población de 15 años o más (miles);..;null
2023;Catalunya;con el personal médico;65 años o más;total;población de 15 años o más (miles);;1529,2
2023;Catalunya;con el personal médico;total;solo catalán;población de 15 años o más (miles);;1780,7
2023;Catalunya;con el personal médico;total;más catalán que castellano;población de 15 años o más (miles);;742,7
2023;Catalunya;con el personal médico;total;catalán y castellano;población de 15 años o más (miles);;836,7
2023;Catalunya;con el personal médico;total;más castellano que catalán;población de 15 años o más (miles);;448,2
2023;Catalunya;con el personal médico;total;solo castellano;población de 15 años o más (miles);;2796,7
2023;Catalunya;con el personal médico;total;otra lengua (o lenguas);población de 15 años o más (miles);;39,6
2023;Catalunya;con el personal médico;total;catalán y otra lengua (o lenguas);población de 15 años o más (miles);..;null
2023;Catalunya;con el personal médico;total;castellano y otra lengua (o lenguas);población de 15 años o más (miles);;47,9
2023;Catalunya;con el personal médico;total;otras combinaciones de lenguas;población de 15 años o más (miles);;7,0
2023;Catalunya;con el personal médico;total;No consta;población de 15 años o más (miles);;84,4
2023;Catalunya;con el personal médico;total;total;población de 15 años o más (miles);;6785,1
2023;Catalunya;al contestar al personal médico en la consulta;de 15 a 29 años;solo catalán;población de 15 años o más (miles);;260,3
2023;Catalunya;al contestar al personal médico en la consulta;de 15 a 29 años;más catalán que castellano;población de 15 años o más (miles);;154,3
2023;Catalunya;al contestar al personal médico en la consulta;de 15 a 29 años;catalán y castellano;población de 15 años o más (miles);;243,3
2023;Catalunya;al contestar al personal médico en la consulta;de 15 a 29 años;más castellano que catalán;población de 15 años o más (miles);;162,5
2023;Catalunya;al contestar al personal médico en la consulta;de 15 a 29 años;solo castellano;población de 15 años o más (miles);;429,5
2023;Catalunya;al contestar al personal médico en la consulta;de 15 a 29 años;otra lengua (o lenguas);población de 15 años o más (miles);..;null
2023;Catalunya;al contestar al personal médico en la consulta;de 15 a 29 años;catalán y otra lengua (o lenguas);población de 15 años o más (miles);..;null
2023;Catalunya;al contestar al personal médico en la consulta;de 15 a 29 años;castellano y otra lengua (o lenguas);población de 15 años o más (miles);..;null
2023;Catalunya;al contestar al personal médico en la consulta;de 15 a 29 años;otras combinaciones de lenguas;población de 15 años o más (miles);..;null
2023;Catalunya;al contestar al personal médico en la consulta;de 15 a 29 años;No consta;población de 15 años o más (miles);;40,8
2023;Catalunya;al contestar al personal médico en la consulta;de 15 a 29 años;total;población de 15 años o más (miles);;1313,4
2023;Catalunya;al contestar al personal médico en la consulta;de 30 a 44 años;solo catalán;población de 15 años o más (miles);;249,4
2023;Catalunya;al contestar al personal médico en la consulta;de 30 a 44 años;más catalán que castellano;población de 15 años o más (miles);;175,7
2023;Catalunya;al contestar al personal médico en la consulta;de 30 a 44 años;catalán y castellano;población de 15 años o más (miles);;260,8
2023;Catalunya;al contestar al personal médico en la consulta;de 30 a 44 años;más castellano que catalán;población de 15 años o más (miles);;172,5
2023;Catalunya;al contestar al personal médico en la consulta;de 30 a 44 años;solo castellano;población de 15 años o más (miles);;682,4
2023;Catalunya;al contestar al personal médico en la consulta;de 30 a 44 años;otra lengua (o lenguas);población de 15 años o más (miles);..;null
2023;Catalunya;al contestar al personal médico en la consulta;de 30 a 44 años;catalán y otra lengua (o lenguas);población de 15 años o más (miles);..;null
2023;Catalunya;al contestar al personal médico en la consulta;de 30 a 44 años;castellano y otra lengua (o lenguas);población de 15 años o más (miles);;25,3
2023;Catalunya;al contestar al personal médico en la consulta;de 30 a 44 años;otras combinaciones de lenguas;población de 15 años o más (miles);..;null
2023;Catalunya;al contestar al personal médico en la consulta;de 30 a 44 años;No consta;población de 15 años o más (miles);;41,3
2023;Catalunya;al contestar al personal médico en la consulta;de 30 a 44 años;total;población de 15 años o más (miles);;1621,7
2023;Catalunya;al contestar al personal médico en la consulta;de 45 a 64 años;solo catalán;población de 15 años o más (miles);;460,4
2023;Catalunya;al contestar al personal médico en la consulta;de 45 a 64 años;más catalán que castellano;población de 15 años o más (miles);;281,5
2023;Catalunya;al contestar al personal médico en la consulta;de 45 a 64 años;catalán y castellano;población de 15 años o más (miles);;401,8
2023;Catalunya;al contestar al personal médico en la consulta;de 45 a 64 años;más castellano que catalán;población de 15 años o más (miles);;229,0
2023;Catalunya;al contestar al personal médico en la consulta;de 45 a 64 años;solo castellano;población de 15 años o más (miles);;849,8
2023;Catalunya;al contestar al personal médico en la consulta;de 45 a 64 años;otra lengua (o lenguas);población de 15 años o más (miles);..;null
2023;Catalunya;al contestar al personal médico en la consulta;de 45 a 64 años;catalán y otra lengua (o lenguas);población de 15 años o más (miles);..;null
2023;Catalunya;al contestar al personal médico en la consulta;de 45 a 64 años;castellano y otra lengua (o lenguas);población de 15 años o más (miles);;13,9
2023;Catalunya;al contestar al personal médico en la consulta;de 45 a 64 años;otras combinaciones de lenguas;población de 15 años o más (miles);..;null
2023;Catalunya;al contestar al personal médico en la consulta;de 45 a 64 años;No consta;población de 15 años o más (miles);;75,3
2023;Catalunya;al contestar al personal médico en la consulta;de 45 a 64 años;total;población de 15 años o más (miles);;2320,8
2023;Catalunya;al contestar al personal médico en la consulta;65 años o más;solo catalán;población de 15 años o más (miles);;408,6
2023;Catalunya;al contestar al personal médico en la consulta;65 años o más;más catalán que castellano;población de 15 años o más (miles);;154,1
2023;Catalunya;al contestar al personal médico en la consulta;65 años o más;catalán y castellano;población de 15 años o más (miles);;200,4
2023;Catalunya;al contestar al personal médico en la consulta;65 años o más;más castellano que catalán;población de 15 años o más (miles);;87,5
2023;Catalunya;al contestar al personal médico en la consulta;65 años o más;solo castellano;población de 15 años o más (miles);;632,2
2023;Catalunya;al contestar al personal médico en la consulta;65 años o más;otra lengua (o lenguas);población de 15 años o más (miles);..;null
2023;Catalunya;al contestar al personal médico en la consulta;65 años o más;catalán y otra lengua (o lenguas);población de 15 años o más (miles);..;null
2023;Catalunya;al contestar al personal médico en la consulta;65 años o más;castellano y otra lengua (o lenguas);población de 15 años o más (miles);..;null
2023;Catalunya;al contestar al personal médico en la consulta;65 años o más;otras combinaciones de lenguas;población de 15 años o más (miles);..;null
2023;Catalunya;al contestar al personal médico en la consulta;65 años o más;No consta;población de 15 años o más (miles);;36,9
2023;Catalunya;al contestar al personal médico en la consulta;65 años o más;total;población de 15 años o más (miles);;1529,2
2023;Catalunya;al contestar al personal médico en la consulta;total;solo catalán;población de 15 años o más (miles);;1378,7
2023;Catalunya;al contestar al personal médico en la consulta;total;más catalán que castellano;población de 15 años o más (miles);;765,7
2023;Catalunya;al contestar al personal médico en la consulta;total;catalán y castellano;población de 15 años o más (miles);;1106,4
2023;Catalunya;al contestar al personal médico en la consulta;total;más castellano que catalán;población de 15 años o más (miles);;651,4
2023;Catalunya;al contestar al personal médico en la consulta;total;solo castellano;población de 15 años o más (miles);;2593,8
2023;Catalunya;al contestar al personal médico en la consulta;total;otra lengua (o lenguas);población de 15 años o más (miles);;30,4
2023;Catalunya;al contestar al personal médico en la consulta;total;catalán y otra lengua (o lenguas);población de 15 años o más (miles);..;null
2023;Catalunya;al contestar al personal médico en la consulta;total;castellano y otra lengua (o lenguas);población de 15 años o más (miles);;51,5
2023;Catalunya;al contestar al personal médico en la consulta;total;otras combinaciones de lenguas;población de 15 años o más (miles);;10,8
2023;Catalunya;al contestar al personal médico en la consulta;total;No consta;población de 15 años o más (miles);;194,2
2023;Catalunya;al contestar al personal médico en la consulta;total;total;población de 15 años o más (miles);;6785,1
2023;Catalunya;al escribir mensajes de móvil;de 15 a 29 años;solo catalán;población de 15 años o más (miles);;126,4
2023;Catalunya;al escribir mensajes de móvil;de 15 a 29 años;más catalán que castellano;población de 15 años o más (miles);;147,1
2023;Catalunya;al escribir mensajes de móvil;de 15 a 29 años;catalán y castellano;población de 15 años o más (miles);;217,0
2023;Catalunya;al escribir mensajes de móvil;de 15 a 29 años;más castellano que catalán;población de 15 años o más (miles);;216,8
2023;Catalunya;al escribir mensajes de móvil;de 15 a 29 años;solo castellano;población de 15 años o más (miles);;436,8
2023;Catalunya;al escribir mensajes de móvil;de 15 a 29 años;otra lengua (o lenguas);población de 15 años o más (miles);..;null
2023;Catalunya;al escribir mensajes de móvil;de 15 a 29 años;catalán y otra lengua (o lenguas);población de 15 años o más (miles);..;null
2023;Catalunya;al escribir mensajes de móvil;de 15 a 29 años;castellano y otra lengua (o lenguas);población de 15 años o más (miles);;78,4
2023;Catalunya;al escribir mensajes de móvil;de 15 a 29 años;otras combinaciones de lenguas;población de 15 años o más (miles);;53,6
2023;Catalunya;al escribir mensajes de móvil;de 15 a 29 años;No consta;población de 15 años o más (miles);..;null
2023;Catalunya;al escribir mensajes de móvil;de 15 a 29 años;total;población de 15 años o más (miles);;1313,4
2023;Catalunya;al escribir mensajes de móvil;de 30 a 44 años;solo catalán;población de 15 años o más (miles);;133,5
2023;Catalunya;al escribir mensajes de móvil;de 30 a 44 años;más catalán que castellano;población de 15 años o más (miles);;181,1
2023;Catalunya;al escribir mensajes de móvil;de 30 a 44 años;catalán y castellano;población de 15 años o más (miles);;226,5
2023;Catalunya;al escribir mensajes de móvil;de 30 a 44 años;más castellano que catalán;población de 15 años o más (miles);;212,9
2023;Catalunya;al escribir mensajes de móvil;de 30 a 44 años;solo castellano;población de 15 años o más (miles);;546,2
2023;Catalunya;al escribir mensajes de móvil;de 30 a 44 años;otra lengua (o lenguas);población de 15 años o más (miles);;34,5
2023;Catalunya;al escribir mensajes de móvil;de 30 a 44 años;catalán y otra lengua (o lenguas);población de 15 años o más (miles);..;null
2023;Catalunya;al escribir mensajes de móvil;de 30 a 44 años;castellano y otra lengua (o lenguas);población de 15 años o más (miles);;197,3
2023;Catalunya;al escribir mensajes de móvil;de 30 a 44 años;otras combinaciones de lenguas;población de 15 años o más (miles);;46,2
2023;Catalunya;al escribir mensajes de móvil;de 30 a 44 años;No consta;población de 15 años o más (miles);;28,3
2023;Catalunya;al escribir mensajes de móvil;de 30 a 44 años;total;población de 15 años o más (miles);;1621,7
2023;Catalunya;al escribir mensajes de móvil;de 45 a 64 años;solo catalán;población de 15 años o más (miles);;340,0
2023;Catalunya;al escribir mensajes de móvil;de 45 a 64 años;más catalán que castellano;población de 15 años o más (miles);;318,9
2023;Catalunya;al escribir mensajes de móvil;de 45 a 64 años;catalán y castellano;población de 15 años o más (miles);;359,3
2023;Catalunya;al escribir mensajes de móvil;de 45 a 64 años;más castellano que catalán;población de 15 años o más (miles);;218,6
2023;Catalunya;al escribir mensajes de móvil;de 45 a 64 años;solo castellano;población de 15 años o más (miles);;835,1
2023;Catalunya;al escribir mensajes de móvil;de 45 a 64 años;otra lengua (o lenguas);población de 15 años o más (miles);;29,4
2023;Catalunya;al escribir mensajes de móvil;de 45 a 64 años;catalán y otra lengua (o lenguas);población de 15 años o más (miles);..;null
2023;Catalunya;al escribir mensajes de móvil;de 45 a 64 años;castellano y otra lengua (o lenguas);población de 15 años o más (miles);;103,0
2023;Catalunya;al escribir mensajes de móvil;de 45 a 64 años;otras combinaciones de lenguas;población de 15 años o más (miles);;38,9
2023;Catalunya;al escribir mensajes de móvil;de 45 a 64 años;No consta;población de 15 años o más (miles);;72,5
2023;Catalunya;al escribir mensajes de móvil;de 45 a 64 años;total;población de 15 años o más (miles);;2320,8
2023;Catalunya;al escribir mensajes de móvil;65 años o más;solo catalán;población de 15 años o más (miles);;285,3
2023;Catalunya;al escribir mensajes de móvil;65 años o más;más catalán que castellano;población de 15 años o más (miles);;123,9
2023;Catalunya;al escribir mensajes de móvil;65 años o más;catalán y castellano;población de 15 años o más (miles);;107,8
2023;Catalunya;al escribir mensajes de móvil;65 años o más;más castellano que catalán;población de 15 años o más (miles);;60,5
2023;Catalunya;al escribir mensajes de móvil;65 años o más;solo castellano;población de 15 años o más (miles);;475,8
2023;Catalunya;al escribir mensajes de móvil;65 años o más;otra lengua (o lenguas);población de 15 años o más (miles);..;null
2023;Catalunya;al escribir mensajes de móvil;65 años o más;catalán y otra lengua (o lenguas);población de 15 años o más (miles);..;null
2023;Catalunya;al escribir mensajes de móvil;65 años o más;castellano y otra lengua (o lenguas);población de 15 años o más (miles);;15,7
2023;Catalunya;al escribir mensajes de móvil;65 años o más;otras combinaciones de lenguas;población de 15 años o más (miles);..;null
2023;Catalunya;al escribir mensajes de móvil;65 años o más;No consta;población de 15 años o más (miles);;440,6
2023;Catalunya;al escribir mensajes de móvil;65 años o más;total;población de 15 años o más (miles);;1529,2
2023;Catalunya;al escribir mensajes de móvil;total;solo catalán;población de 15 años o más (miles);;885,2
2023;Catalunya;al escribir mensajes de móvil;total;más catalán que castellano;población de 15 años o más (miles);;770,9
2023;Catalunya;al escribir mensajes de móvil;total;catalán y castellano;población de 15 años o más (miles);;910,7
2023;Catalunya;al escribir mensajes de móvil;total;más castellano que catalán;población de 15 años o más (miles);;708,8
2023;Catalunya;al escribir mensajes de móvil;total;solo castellano;población de 15 años o más (miles);;2293,9
2023;Catalunya;al escribir mensajes de móvil;total;otra lengua (o lenguas);población de 15 años o más (miles);;90,7
2023;Catalunya;al escribir mensajes de móvil;total;catalán y otra lengua (o lenguas);población de 15 años o más (miles);;34,0
2023;Catalunya;al escribir mensajes de móvil;total;castellano y otra lengua (o lenguas);población de 15 años o más (miles);;394,4
2023;Catalunya;al escribir mensajes de móvil;total;otras combinaciones de lenguas;población de 15 años o más (miles);;144,3
2023;Catalunya;al escribir mensajes de móvil;total;No consta;población de 15 años o más (miles);;552,1
2023;Catalunya;al escribir mensajes de móvil;total;total;población de 15 años o más (miles);;6785,1
2023;Catalunya;al hacer publicaciones en las redes sociales;de 15 a 29 años;solo catalán;población de 15 años o más (miles);;120,2
2023;Catalunya;al hacer publicaciones en las redes sociales;de 15 a 29 años;más catalán que castellano;población de 15 años o más (miles);;60,6
2023;Catalunya;al hacer publicaciones en las redes sociales;de 15 a 29 años;catalán y castellano;población de 15 años o más (miles);;116,2
2023;Catalunya;al hacer publicaciones en las redes sociales;de 15 a 29 años;más castellano que catalán;población de 15 años o más (miles);;140,4
2023;Catalunya;al hacer publicaciones en las redes sociales;de 15 a 29 años;solo castellano;población de 15 años o más (miles);;528,1
2023;Catalunya;al hacer publicaciones en las redes sociales;de 15 a 29 años;otra lengua (o lenguas);población de 15 años o más (miles);;35,8
2023;Catalunya;al hacer publicaciones en las redes sociales;de 15 a 29 años;catalán y otra lengua (o lenguas);población de 15 años o más (miles);..;null
2023;Catalunya;al hacer publicaciones en las redes sociales;de 15 a 29 años;castellano y otra lengua (o lenguas);población de 15 años o más (miles);;81,0
2023;Catalunya;al hacer publicaciones en las redes sociales;de 15 a 29 años;otras combinaciones de lenguas;población de 15 años o más (miles);;44,1
2023;Catalunya;al hacer publicaciones en las redes sociales;de 15 a 29 años;No consta;población de 15 años o más (miles);;31,1
2023;Catalunya;al hacer publicaciones en las redes sociales;de 15 a 29 años;total;población de 15 años o más (miles);;1171,9
2023;Catalunya;al hacer publicaciones en las redes sociales;de 30 a 44 años;solo catalán;población de 15 años o más (miles);;153,1
2023;Catalunya;al hacer publicaciones en las redes sociales;de 30 a 44 años;más catalán que castellano;población de 15 años o más (miles);;58,2
2023;Catalunya;al hacer publicaciones en las redes sociales;de 30 a 44 años;catalán y castellano;población de 15 años o más (miles);;113,8
2023;Catalunya;al hacer publicaciones en las redes sociales;de 30 a 44 años;más castellano que catalán;población de 15 años o más (miles);;118,3
2023;Catalunya;al hacer publicaciones en las redes sociales;de 30 a 44 años;solo castellano;población de 15 años o más (miles);;513,9
2023;Catalunya;al hacer publicaciones en las redes sociales;de 30 a 44 años;otra lengua (o lenguas);población de 15 años o más (miles);;65,8
2023;Catalunya;al hacer publicaciones en las redes sociales;de 30 a 44 años;catalán y otra lengua (o lenguas);población de 15 años o más (miles);;25,8
2023;Catalunya;al hacer publicaciones en las redes sociales;de 30 a 44 años;castellano y otra lengua (o lenguas);población de 15 años o más (miles);;151,2
2023;Catalunya;al hacer publicaciones en las redes sociales;de 30 a 44 años;otras combinaciones de lenguas;población de 15 años o más (miles);;32,0
2023;Catalunya;al hacer publicaciones en las redes sociales;de 30 a 44 años;No consta;población de 15 años o más (miles);;37,0
2023;Catalunya;al hacer publicaciones en las redes sociales;de 30 a 44 años;total;población de 15 años o más (miles);;1269,0
2023;Catalunya;al hacer publicaciones en las redes sociales;de 45 a 64 años;solo catalán;población de 15 años o más (miles);;245,6
2023;Catalunya;al hacer publicaciones en las redes sociales;de 45 a 64 años;más catalán que castellano;población de 15 años o más (miles);;101,6
2023;Catalunya;al hacer publicaciones en las redes sociales;de 45 a 64 años;catalán y castellano;población de 15 años o más (miles);;157,7
2023;Catalunya;al hacer publicaciones en las redes sociales;de 45 a 64 años;más castellano que catalán;población de 15 años o más (miles);;108,0
2023;Catalunya;al hacer publicaciones en las redes sociales;de 45 a 64 años;solo castellano;población de 15 años o más (miles);;650,4
2023;Catalunya;al hacer publicaciones en las redes sociales;de 45 a 64 años;otra lengua (o lenguas);población de 15 años o más (miles);;26,4
2023;Catalunya;al hacer publicaciones en las redes sociales;de 45 a 64 años;catalán y otra lengua (o lenguas);población de 15 años o más (miles);..;null
2023;Catalunya;al hacer publicaciones en las redes sociales;de 45 a 64 años;castellano y otra lengua (o lenguas);población de 15 años o más (miles);;59,2
2023;Catalunya;al hacer publicaciones en las redes sociales;de 45 a 64 años;otras combinaciones de lenguas;población de 15 años o más (miles);;31,5
2023;Catalunya;al hacer publicaciones en las redes sociales;de 45 a 64 años;No consta;población de 15 años o más (miles);;57,2
2023;Catalunya;al hacer publicaciones en las redes sociales;de 45 a 64 años;total;población de 15 años o más (miles);;1447,9
2023;Catalunya;al hacer publicaciones en las redes sociales;65 años o más;solo catalán;población de 15 años o más (miles);;122,4
2023;Catalunya;al hacer publicaciones en las redes sociales;65 años o más;más catalán que castellano;población de 15 años o más (miles);;35,8
2023;Catalunya;al hacer publicaciones en las redes sociales;65 años o más;catalán y castellano;población de 15 años o más (miles);;46,3
2023;Catalunya;al hacer publicaciones en las redes sociales;65 años o más;más castellano que catalán;población de 15 años o más (miles);;20,1
2023;Catalunya;al hacer publicaciones en las redes sociales;65 años o más;solo castellano;población de 15 años o más (miles);;205,4
2023;Catalunya;al hacer publicaciones en las redes sociales;65 años o más;otra lengua (o lenguas);población de 15 años o más (miles);..;null
2023;Catalunya;al hacer publicaciones en las redes sociales;65 años o más;catalán y otra lengua (o lenguas);población de 15 años o más (miles);..;null
2023;Catalunya;al hacer publicaciones en las redes sociales;65 años o más;castellano y otra lengua (o lenguas);población de 15 años o más (miles);..;null
2023;Catalunya;al hacer publicaciones en las redes sociales;65 años o más;otras combinaciones de lenguas;población de 15 años o más (miles);..;null
2023;Catalunya;al hacer publicaciones en las redes sociales;65 años o más;No consta;población de 15 años o más (miles);;44,3
2023;Catalunya;al hacer publicaciones en las redes sociales;65 años o más;total;población de 15 años o más (miles);;492,8
2023;Catalunya;al hacer publicaciones en las redes sociales;total;solo catalán;población de 15 años o más (miles);;641,3
2023;Catalunya;al hacer publicaciones en las redes sociales;total;más catalán que castellano;población de 15 años o más (miles);;256,3
2023;Catalunya;al hacer publicaciones en las redes sociales;total;catalán y castellano;población de 15 años o más (miles);;434,1
2023;Catalunya;al hacer publicaciones en las redes sociales;total;más castellano que catalán;población de 15 años o más (miles);;386,7
2023;Catalunya;al hacer publicaciones en las redes sociales;total;solo castellano;población de 15 años o más (miles);;1897,7
2023;Catalunya;al hacer publicaciones en las redes sociales;total;otra lengua (o lenguas);población de 15 años o más (miles);;132,3
2023;Catalunya;al hacer publicaciones en las redes sociales;total;catalán y otra lengua (o lenguas);población de 15 años o más (miles);;52,5
2023;Catalunya;al hacer publicaciones en las redes sociales;total;castellano y otra lengua (o lenguas);población de 15 años o más (miles);;300,5
2023;Catalunya;al hacer publicaciones en las redes sociales;total;otras combinaciones de lenguas;población de 15 años o más (miles);;110,7
2023;Catalunya;al hacer publicaciones en las redes sociales;total;No consta;población de 15 años o más (miles);;169,5
2023;Catalunya;al hacer publicaciones en las redes sociales;total;total;población de 15 años o más (miles);;4381,6
