año;Cataluña;ámbitos de uso de la lengua;lugar de nacimiento;usos lingüísticos;concepto;estado;valor
2013;Catalunya;con los miembros del hogar;Cataluña;solo catalán;población de 15 años o más (miles);;1410,1
2013;Catalunya;con los miembros del hogar;Cataluña;más catalán que castellano;población de 15 años o más (miles);;257,5
2013;Catalunya;con los miembros del hogar;Cataluña;catalán y castellano;población de 15 años o más (miles);;351,0
2013;Catalunya;con los miembros del hogar;Cataluña;más castellano que catalán;población de 15 años o más (miles);;381,1
2013;Catalunya;con los miembros del hogar;Cataluña;solo castellano;población de 15 años o más (miles);;871,8
2013;Catalunya;con los miembros del hogar;Cataluña;otra lengua (o lenguas);población de 15 años o más (miles);;3,9
2013;Catalunya;con los miembros del hogar;Cataluña;catalán y otra lengua (o lenguas);población de 15 años o más (miles);;11,7
2013;Catalunya;con los miembros del hogar;Cataluña;castellano y otra lengua (o lenguas);población de 15 años o más (miles);;22,1
2013;Catalunya;con los miembros del hogar;Cataluña;otras combinaciones de lenguas;población de 15 años o más (miles);;15,7
2013;Catalunya;con los miembros del hogar;Cataluña;No consta;población de 15 años o más (miles);..;null
2013;Catalunya;con los miembros del hogar;Cataluña;total;población de 15 años o más (miles);;3326,5
2013;Catalunya;con los miembros del hogar;resto de España;solo catalán;población de 15 años o más (miles);;59,0
2013;Catalunya;con los miembros del hogar;resto de España;más catalán que castellano;población de 15 años o más (miles);;23,6
2013;Catalunya;con los miembros del hogar;resto de España;catalán y castellano;población de 15 años o más (miles);;62,6
2013;Catalunya;con los miembros del hogar;resto de España;más castellano que catalán;población de 15 años o más (miles);;114,0
2013;Catalunya;con los miembros del hogar;resto de España;solo castellano;población de 15 años o más (miles);;932,7
2013;Catalunya;con los miembros del hogar;resto de España;otra lengua (o lenguas);población de 15 años o más (miles);..;null
2013;Catalunya;con los miembros del hogar;resto de España;catalán y otra lengua (o lenguas);población de 15 años o más (miles);..;null
2013;Catalunya;con los miembros del hogar;resto de España;castellano y otra lengua (o lenguas);población de 15 años o más (miles);;18,1
2013;Catalunya;con los miembros del hogar;resto de España;otras combinaciones de lenguas;población de 15 años o más (miles);..;null
2013;Catalunya;con los miembros del hogar;resto de España;No consta;población de 15 años o más (miles);..;null
2013;Catalunya;con los miembros del hogar;resto de España;total;población de 15 años o más (miles);;1218,4
2013;Catalunya;con los miembros del hogar;extranjero;solo catalán;población de 15 años o más (miles);;31,5
2013;Catalunya;con los miembros del hogar;extranjero;más catalán que castellano;población de 15 años o más (miles);..;null
2013;Catalunya;con los miembros del hogar;extranjero;catalán y castellano;población de 15 años o más (miles);;38,8
2013;Catalunya;con los miembros del hogar;extranjero;más castellano que catalán;población de 15 años o más (miles);;69,5
2013;Catalunya;con los miembros del hogar;extranjero;solo castellano;población de 15 años o más (miles);;425,4
2013;Catalunya;con los miembros del hogar;extranjero;otra lengua (o lenguas);población de 15 años o más (miles);;253,0
2013;Catalunya;con los miembros del hogar;extranjero;catalán y otra lengua (o lenguas);población de 15 años o más (miles);;18,4
2013;Catalunya;con los miembros del hogar;extranjero;castellano y otra lengua (o lenguas);población de 15 años o más (miles);;176,7
2013;Catalunya;con los miembros del hogar;extranjero;otras combinaciones de lenguas;población de 15 años o más (miles);;51,6
2013;Catalunya;con los miembros del hogar;extranjero;No consta;población de 15 años o más (miles);..;null
2013;Catalunya;con los miembros del hogar;extranjero;total;población de 15 años o más (miles);;1081,6
2013;Catalunya;con los miembros del hogar;total;solo catalán;población de 15 años o más (miles);;1500,6
2013;Catalunya;con los miembros del hogar;total;más catalán que castellano;población de 15 años o más (miles);;293,2
2013;Catalunya;con los miembros del hogar;total;catalán y castellano;población de 15 años o más (miles);;452,4
2013;Catalunya;con los miembros del hogar;total;más castellano que catalán;población de 15 años o más (miles);;564,7
2013;Catalunya;con los miembros del hogar;total;solo castellano;población de 15 años o más (miles);;2229,9
2013;Catalunya;con los miembros del hogar;total;otra lengua (o lenguas);población de 15 años o más (miles);;259,7
2013;Catalunya;con los miembros del hogar;total;catalán y otra lengua (o lenguas);población de 15 años o más (miles);;30,1
2013;Catalunya;con los miembros del hogar;total;castellano y otra lengua (o lenguas);población de 15 años o más (miles);;216,9
2013;Catalunya;con los miembros del hogar;total;otras combinaciones de lenguas;población de 15 años o más (miles);;72,8
2013;Catalunya;con los miembros del hogar;total;No consta;población de 15 años o más (miles);..;null
2013;Catalunya;con los miembros del hogar;total;total;población de 15 años o más (miles);;5626,6
2013;Catalunya;con los amigos;Cataluña;solo catalán;población de 15 años o más (miles);;879,6
2013;Catalunya;con los amigos;Cataluña;más catalán que castellano;población de 15 años o más (miles);;880,9
2013;Catalunya;con los amigos;Cataluña;catalán y castellano;población de 15 años o más (miles);;752,2
2013;Catalunya;con los amigos;Cataluña;más castellano que catalán;población de 15 años o más (miles);;511,5
2013;Catalunya;con los amigos;Cataluña;solo castellano;población de 15 años o más (miles);;569,7
2013;Catalunya;con los amigos;Cataluña;otra lengua (o lenguas);población de 15 años o más (miles);;1,9
2013;Catalunya;con los amigos;Cataluña;catalán y otra lengua (o lenguas);población de 15 años o más (miles);..;null
2013;Catalunya;con los amigos;Cataluña;castellano y otra lengua (o lenguas);población de 15 años o más (miles);;8,1
2013;Catalunya;con los amigos;Cataluña;otras combinaciones de lenguas;población de 15 años o más (miles);;64,6
2013;Catalunya;con los amigos;Cataluña;No consta;población de 15 años o más (miles);..;null
2013;Catalunya;con los amigos;Cataluña;total;población de 15 años o más (miles);;3682,2
2013;Catalunya;con los amigos;resto de España;solo catalán;población de 15 años o más (miles);;44,4
2013;Catalunya;con los amigos;resto de España;más catalán que castellano;población de 15 años o más (miles);;80,8
2013;Catalunya;con los amigos;resto de España;catalán y castellano;población de 15 años o más (miles);;144,9
2013;Catalunya;con los amigos;resto de España;más castellano que catalán;población de 15 años o más (miles);;189,3
2013;Catalunya;con los amigos;resto de España;solo castellano;población de 15 años o más (miles);;923,6
2013;Catalunya;con los amigos;resto de España;otra lengua (o lenguas);población de 15 años o más (miles);..;null
2013;Catalunya;con los amigos;resto de España;catalán y otra lengua (o lenguas);población de 15 años o más (miles);..;null
2013;Catalunya;con los amigos;resto de España;castellano y otra lengua (o lenguas);población de 15 años o más (miles);;11,4
2013;Catalunya;con los amigos;resto de España;otras combinaciones de lenguas;población de 15 años o más (miles);..;null
2013;Catalunya;con los amigos;resto de España;No consta;población de 15 años o más (miles);..;null
2013;Catalunya;con los amigos;resto de España;total;población de 15 años o más (miles);;1410,8
2013;Catalunya;con los amigos;extranjero;solo catalán;población de 15 años o más (miles);;15,6
2013;Catalunya;con los amigos;extranjero;más catalán que castellano;población de 15 años o más (miles);;29,7
2013;Catalunya;con los amigos;extranjero;catalán y castellano;población de 15 años o más (miles);;85,7
2013;Catalunya;con los amigos;extranjero;más castellano que catalán;población de 15 años o más (miles);;118,0
2013;Catalunya;con los amigos;extranjero;solo castellano;población de 15 años o más (miles);;424,3
2013;Catalunya;con los amigos;extranjero;otra lengua (o lenguas);población de 15 años o más (miles);;104,9
2013;Catalunya;con los amigos;extranjero;catalán y otra lengua (o lenguas);población de 15 años o más (miles);..;null
2013;Catalunya;con los amigos;extranjero;castellano y otra lengua (o lenguas);población de 15 años o más (miles);;291,8
2013;Catalunya;con los amigos;extranjero;otras combinaciones de lenguas;población de 15 años o más (miles);;69,3
2013;Catalunya;con los amigos;extranjero;No consta;población de 15 años o más (miles);..;null
2013;Catalunya;con los amigos;extranjero;total;población de 15 años o más (miles);;1160,8
2013;Catalunya;con los amigos;total;solo catalán;población de 15 años o más (miles);;939,6
2013;Catalunya;con los amigos;total;más catalán que castellano;población de 15 años o más (miles);;991,4
2013;Catalunya;con los amigos;total;catalán y castellano;población de 15 años o más (miles);;982,8
2013;Catalunya;con los amigos;total;más castellano que catalán;población de 15 años o más (miles);;818,8
2013;Catalunya;con los amigos;total;solo castellano;población de 15 años o más (miles);;1917,6
2013;Catalunya;con los amigos;total;otra lengua (o lenguas);población de 15 años o más (miles);;108,4
2013;Catalunya;con los amigos;total;catalán y otra lengua (o lenguas);población de 15 años o más (miles);;17,4
2013;Catalunya;con los amigos;total;castellano y otra lengua (o lenguas);población de 15 años o más (miles);;311,3
2013;Catalunya;con los amigos;total;otras combinaciones de lenguas;población de 15 años o más (miles);;144,0
2013;Catalunya;con los amigos;total;No consta;población de 15 años o más (miles);;22,4
2013;Catalunya;con los amigos;total;total;población de 15 años o más (miles);;6253,8
2013;Catalunya;con los vecinos;Cataluña;solo catalán;población de 15 años o más (miles);;981,7
2013;Catalunya;con los vecinos;Cataluña;más catalán que castellano;población de 15 años o más (miles);;788,1
2013;Catalunya;con los vecinos;Cataluña;catalán y castellano;población de 15 años o más (miles);;726,7
2013;Catalunya;con los vecinos;Cataluña;más castellano que catalán;población de 15 años o más (miles);;435,3
2013;Catalunya;con los vecinos;Cataluña;solo castellano;población de 15 años o más (miles);;689,3
2013;Catalunya;con los vecinos;Cataluña;otra lengua (o lenguas);población de 15 años o más (miles);;5,7
2013;Catalunya;con los vecinos;Cataluña;catalán y otra lengua (o lenguas);población de 15 años o más (miles);;0,9
2013;Catalunya;con los vecinos;Cataluña;castellano y otra lengua (o lenguas);población de 15 años o más (miles);;1,6
2013;Catalunya;con los vecinos;Cataluña;otras combinaciones de lenguas;población de 15 años o más (miles);;8,1
2013;Catalunya;con los vecinos;Cataluña;No consta;población de 15 años o más (miles);;44,7
2013;Catalunya;con los vecinos;Cataluña;total;población de 15 años o más (miles);;3682,2
2013;Catalunya;con los vecinos;resto de España;solo catalán;población de 15 años o más (miles);;56,0
2013;Catalunya;con los vecinos;resto de España;más catalán que castellano;población de 15 años o más (miles);;76,6
2013;Catalunya;con los vecinos;resto de España;catalán y castellano;población de 15 años o más (miles);;152,6
2013;Catalunya;con los vecinos;resto de España;más castellano que catalán;población de 15 años o más (miles);;163,6
2013;Catalunya;con los vecinos;resto de España;solo castellano;población de 15 años o más (miles);;950,2
2013;Catalunya;con los vecinos;resto de España;otra lengua (o lenguas);población de 15 años o más (miles);..;null
2013;Catalunya;con los vecinos;resto de España;catalán y otra lengua (o lenguas);población de 15 años o más (miles);..;null
2013;Catalunya;con los vecinos;resto de España;castellano y otra lengua (o lenguas);población de 15 años o más (miles);..;null
2013;Catalunya;con los vecinos;resto de España;otras combinaciones de lenguas;población de 15 años o más (miles);..;null
2013;Catalunya;con los vecinos;resto de España;No consta;población de 15 años o más (miles);..;null
2013;Catalunya;con los vecinos;resto de España;total;población de 15 años o más (miles);;1410,8
2013;Catalunya;con los vecinos;extranjero;solo catalán;población de 15 años o más (miles);;43,4
2013;Catalunya;con los vecinos;extranjero;más catalán que castellano;población de 15 años o más (miles);;50,4
2013;Catalunya;con los vecinos;extranjero;catalán y castellano;población de 15 años o más (miles);;100,1
2013;Catalunya;con los vecinos;extranjero;más castellano que catalán;población de 15 años o más (miles);;117,0
2013;Catalunya;con los vecinos;extranjero;solo castellano;población de 15 años o más (miles);;708,1
2013;Catalunya;con los vecinos;extranjero;otra lengua (o lenguas);población de 15 años o más (miles);;26,0
2013;Catalunya;con los vecinos;extranjero;catalán y otra lengua (o lenguas);población de 15 años o más (miles);..;null
2013;Catalunya;con los vecinos;extranjero;castellano y otra lengua (o lenguas);población de 15 años o más (miles);;60,7
2013;Catalunya;con los vecinos;extranjero;otras combinaciones de lenguas;población de 15 años o más (miles);;17,4
2013;Catalunya;con los vecinos;extranjero;No consta;población de 15 años o más (miles);;35,0
2013;Catalunya;con los vecinos;extranjero;total;población de 15 años o más (miles);;1160,8
2013;Catalunya;con los vecinos;total;solo catalán;población de 15 años o más (miles);;1081,2
2013;Catalunya;con los vecinos;total;más catalán que castellano;población de 15 años o más (miles);;915,1
2013;Catalunya;con los vecinos;total;catalán y castellano;población de 15 años o más (miles);;979,3
2013;Catalunya;con los vecinos;total;más castellano que catalán;población de 15 años o más (miles);;715,9
2013;Catalunya;con los vecinos;total;solo castellano;población de 15 años o más (miles);;2347,6
2013;Catalunya;con los vecinos;total;otra lengua (o lenguas);población de 15 años o más (miles);;33,3
2013;Catalunya;con los vecinos;total;catalán y otra lengua (o lenguas);población de 15 años o más (miles);;3,7
2013;Catalunya;con los vecinos;total;castellano y otra lengua (o lenguas);población de 15 años o más (miles);;62,6
2013;Catalunya;con los vecinos;total;otras combinaciones de lenguas;población de 15 años o más (miles);;25,7
2013;Catalunya;con los vecinos;total;No consta;población de 15 años o más (miles);;89,4
2013;Catalunya;con los vecinos;total;total;población de 15 años o más (miles);;6253,8
2013;Catalunya;con los compañeros de estudio;Cataluña;solo catalán;población de 15 años o más (miles);;190,0
2013;Catalunya;con los compañeros de estudio;Cataluña;más catalán que castellano;población de 15 años o más (miles);;213,1
2013;Catalunya;con los compañeros de estudio;Cataluña;catalán y castellano;población de 15 años o más (miles);;138,8
2013;Catalunya;con los compañeros de estudio;Cataluña;más castellano que catalán;población de 15 años o más (miles);;116,8
2013;Catalunya;con los compañeros de estudio;Cataluña;solo castellano;población de 15 años o más (miles);;94,4
2013;Catalunya;con los compañeros de estudio;Cataluña;otra lengua (o lenguas);población de 15 años o más (miles);..;null
2013;Catalunya;con los compañeros de estudio;Cataluña;catalán y otra lengua (o lenguas);población de 15 años o más (miles);;13,8
2013;Catalunya;con los compañeros de estudio;Cataluña;castellano y otra lengua (o lenguas);población de 15 años o más (miles);..;null
2013;Catalunya;con los compañeros de estudio;Cataluña;otras combinaciones de lenguas;población de 15 años o más (miles);;21,8
2013;Catalunya;con los compañeros de estudio;Cataluña;No consta;población de 15 años o más (miles);..;null
2013;Catalunya;con los compañeros de estudio;Cataluña;total;población de 15 años o más (miles);;814,2
2013;Catalunya;con los compañeros de estudio;resto de España;solo catalán;población de 15 años o más (miles);..;null
2013;Catalunya;con los compañeros de estudio;resto de España;más catalán que castellano;población de 15 años o más (miles);..;null
2013;Catalunya;con los compañeros de estudio;resto de España;catalán y castellano;población de 15 años o más (miles);..;null
2013;Catalunya;con los compañeros de estudio;resto de España;más castellano que catalán;población de 15 años o más (miles);..;null
2013;Catalunya;con los compañeros de estudio;resto de España;solo castellano;población de 15 años o más (miles);;28,1
2013;Catalunya;con los compañeros de estudio;resto de España;otra lengua (o lenguas);población de 15 años o más (miles);..;null
2013;Catalunya;con los compañeros de estudio;resto de España;catalán y otra lengua (o lenguas);población de 15 años o más (miles);..;null
2013;Catalunya;con los compañeros de estudio;resto de España;castellano y otra lengua (o lenguas);población de 15 años o más (miles);..;null
2013;Catalunya;con los compañeros de estudio;resto de España;otras combinaciones de lenguas;población de 15 años o más (miles);..;null
2013;Catalunya;con los compañeros de estudio;resto de España;No consta;población de 15 años o más (miles);..;null
2013;Catalunya;con los compañeros de estudio;resto de España;total;población de 15 años o más (miles);;96,5
2013;Catalunya;con los compañeros de estudio;extranjero;solo catalán;población de 15 años o más (miles);;20,8
2013;Catalunya;con los compañeros de estudio;extranjero;más catalán que castellano;población de 15 años o más (miles);;17,0
2013;Catalunya;con los compañeros de estudio;extranjero;catalán y castellano;población de 15 años o más (miles);;39,0
2013;Catalunya;con los compañeros de estudio;extranjero;más castellano que catalán;población de 15 años o más (miles);;31,6
2013;Catalunya;con los compañeros de estudio;extranjero;solo castellano;población de 15 años o más (miles);;60,5
2013;Catalunya;con los compañeros de estudio;extranjero;otra lengua (o lenguas);población de 15 años o más (miles);..;null
2013;Catalunya;con los compañeros de estudio;extranjero;catalán y otra lengua (o lenguas);población de 15 años o más (miles);..;null
2013;Catalunya;con los compañeros de estudio;extranjero;castellano y otra lengua (o lenguas);población de 15 años o más (miles);..;null
2013;Catalunya;con los compañeros de estudio;extranjero;otras combinaciones de lenguas;población de 15 años o más (miles);..;null
2013;Catalunya;con los compañeros de estudio;extranjero;No consta;población de 15 años o más (miles);..;null
2013;Catalunya;con los compañeros de estudio;extranjero;total;población de 15 años o más (miles);;193,1
2013;Catalunya;con los compañeros de estudio;total;solo catalán;población de 15 años o más (miles);;226,6
2013;Catalunya;con los compañeros de estudio;total;más catalán que castellano;población de 15 años o más (miles);;247,3
2013;Catalunya;con los compañeros de estudio;total;catalán y castellano;población de 15 años o más (miles);;192,5
2013;Catalunya;con los compañeros de estudio;total;más castellano que catalán;población de 15 años o más (miles);;156,6
2013;Catalunya;con los compañeros de estudio;total;solo castellano;población de 15 años o más (miles);;183,1
2013;Catalunya;con los compañeros de estudio;total;otra lengua (o lenguas);población de 15 años o más (miles);;18,2
2013;Catalunya;con los compañeros de estudio;total;catalán y otra lengua (o lenguas);población de 15 años o más (miles);;19,1
2013;Catalunya;con los compañeros de estudio;total;castellano y otra lengua (o lenguas);población de 15 años o más (miles);;21,3
2013;Catalunya;con los compañeros de estudio;total;otras combinaciones de lenguas;población de 15 años o más (miles);;28,0
2013;Catalunya;con los compañeros de estudio;total;No consta;población de 15 años o más (miles);..;null
2013;Catalunya;con los compañeros de estudio;total;total;población de 15 años o más (miles);;1103,8
2013;Catalunya;con los compañeros de trabajo;Cataluña;solo catalán;población de 15 años o más (miles);;441,6
2013;Catalunya;con los compañeros de trabajo;Cataluña;más catalán que castellano;población de 15 años o más (miles);;422,4
2013;Catalunya;con los compañeros de trabajo;Cataluña;catalán y castellano;población de 15 años o más (miles);;407,1
2013;Catalunya;con los compañeros de trabajo;Cataluña;más castellano que catalán;población de 15 años o más (miles);;267,9
2013;Catalunya;con los compañeros de trabajo;Cataluña;solo castellano;población de 15 años o más (miles);;298,3
2013;Catalunya;con los compañeros de trabajo;Cataluña;otra lengua (o lenguas);población de 15 años o más (miles);..;null
2013;Catalunya;con los compañeros de trabajo;Cataluña;catalán y otra lengua (o lenguas);población de 15 años o más (miles);..;null
2013;Catalunya;con los compañeros de trabajo;Cataluña;castellano y otra lengua (o lenguas);población de 15 años o más (miles);..;null
2013;Catalunya;con los compañeros de trabajo;Cataluña;otras combinaciones de lenguas;población de 15 años o más (miles);;55,7
2013;Catalunya;con los compañeros de trabajo;Cataluña;No consta;población de 15 años o más (miles);;68,6
2013;Catalunya;con los compañeros de trabajo;Cataluña;total;población de 15 años o más (miles);;1978,6
2013;Catalunya;con los compañeros de trabajo;resto de España;solo catalán;población de 15 años o más (miles);;27,9
2013;Catalunya;con los compañeros de trabajo;resto de España;más catalán que castellano;población de 15 años o más (miles);;33,3
2013;Catalunya;con los compañeros de trabajo;resto de España;catalán y castellano;población de 15 años o más (miles);;53,5
2013;Catalunya;con los compañeros de trabajo;resto de España;más castellano que catalán;población de 15 años o más (miles);;73,3
2013;Catalunya;con los compañeros de trabajo;resto de España;solo castellano;población de 15 años o más (miles);;186,4
2013;Catalunya;con los compañeros de trabajo;resto de España;otra lengua (o lenguas);población de 15 años o más (miles);..;null
2013;Catalunya;con los compañeros de trabajo;resto de España;catalán y otra lengua (o lenguas);población de 15 años o más (miles);..;null
2013;Catalunya;con los compañeros de trabajo;resto de España;castellano y otra lengua (o lenguas);población de 15 años o más (miles);..;null
2013;Catalunya;con los compañeros de trabajo;resto de España;otras combinaciones de lenguas;población de 15 años o más (miles);..;null
2013;Catalunya;con los compañeros de trabajo;resto de España;No consta;población de 15 años o más (miles);..;null
2013;Catalunya;con los compañeros de trabajo;resto de España;total;población de 15 años o más (miles);;405,7
2013;Catalunya;con los compañeros de trabajo;extranjero;solo catalán;población de 15 años o más (miles);;22,9
2013;Catalunya;con los compañeros de trabajo;extranjero;más catalán que castellano;población de 15 años o más (miles);;26,9
2013;Catalunya;con los compañeros de trabajo;extranjero;catalán y castellano;población de 15 años o más (miles);;44,9
2013;Catalunya;con los compañeros de trabajo;extranjero;más castellano que catalán;población de 15 años o más (miles);;58,6
2013;Catalunya;con los compañeros de trabajo;extranjero;solo castellano;población de 15 años o más (miles);;285,0
2013;Catalunya;con los compañeros de trabajo;extranjero;otra lengua (o lenguas);población de 15 años o más (miles);..;null
2013;Catalunya;con los compañeros de trabajo;extranjero;catalán y otra lengua (o lenguas);población de 15 años o más (miles);..;null
2013;Catalunya;con los compañeros de trabajo;extranjero;castellano y otra lengua (o lenguas);población de 15 años o más (miles);;47,0
2013;Catalunya;con los compañeros de trabajo;extranjero;otras combinaciones de lenguas;población de 15 años o más (miles);..;null
2013;Catalunya;con los compañeros de trabajo;extranjero;No consta;población de 15 años o más (miles);;52,1
2013;Catalunya;con los compañeros de trabajo;extranjero;total;población de 15 años o más (miles);;572,0
2013;Catalunya;con los compañeros de trabajo;total;solo catalán;población de 15 años o más (miles);;492,4
2013;Catalunya;con los compañeros de trabajo;total;más catalán que castellano;población de 15 años o más (miles);;482,6
2013;Catalunya;con los compañeros de trabajo;total;catalán y castellano;población de 15 años o más (miles);;505,6
2013;Catalunya;con los compañeros de trabajo;total;más castellano que catalán;población de 15 años o más (miles);;399,8
2013;Catalunya;con los compañeros de trabajo;total;solo castellano;población de 15 años o más (miles);;769,7
2013;Catalunya;con los compañeros de trabajo;total;otra lengua (o lenguas);población de 15 años o más (miles);;27,2
2013;Catalunya;con los compañeros de trabajo;total;catalán y otra lengua (o lenguas);población de 15 años o más (miles);..;null
2013;Catalunya;con los compañeros de trabajo;total;castellano y otra lengua (o lenguas);población de 15 años o más (miles);;59,2
2013;Catalunya;con los compañeros de trabajo;total;otras combinaciones de lenguas;población de 15 años o más (miles);;75,1
2013;Catalunya;con los compañeros de trabajo;total;No consta;población de 15 años o más (miles);;140,6
2013;Catalunya;con los compañeros de trabajo;total;total;población de 15 años o más (miles);;2956,3
2013;Catalunya;con usuarios o clientes de Cataluña;Cataluña;solo catalán;población de 15 años o más (miles);;296,9
2013;Catalunya;con usuarios o clientes de Cataluña;Cataluña;más catalán que castellano;población de 15 años o más (miles);;644,5
2013;Catalunya;con usuarios o clientes de Cataluña;Cataluña;catalán y castellano;población de 15 años o más (miles);;483,6
2013;Catalunya;con usuarios o clientes de Cataluña;Cataluña;más castellano que catalán;población de 15 años o más (miles);;221,4
2013;Catalunya;con usuarios o clientes de Cataluña;Cataluña;solo castellano;población de 15 años o más (miles);;123,6
2013;Catalunya;con usuarios o clientes de Cataluña;Cataluña;otra lengua (o lenguas);población de 15 años o más (miles);..;null
2013;Catalunya;con usuarios o clientes de Cataluña;Cataluña;catalán y otra lengua (o lenguas);población de 15 años o más (miles);;10,7
2013;Catalunya;con usuarios o clientes de Cataluña;Cataluña;castellano y otra lengua (o lenguas);población de 15 años o más (miles);..;null
2013;Catalunya;con usuarios o clientes de Cataluña;Cataluña;otras combinaciones de lenguas;población de 15 años o más (miles);;42,9
2013;Catalunya;con usuarios o clientes de Cataluña;Cataluña;No consta;población de 15 años o más (miles);..;null
2013;Catalunya;con usuarios o clientes de Cataluña;Cataluña;total;población de 15 años o más (miles);;1845,8
2013;Catalunya;con usuarios o clientes de Cataluña;resto de España;solo catalán;población de 15 años o más (miles);;25,3
2013;Catalunya;con usuarios o clientes de Cataluña;resto de España;más catalán que castellano;población de 15 años o más (miles);;54,8
2013;Catalunya;con usuarios o clientes de Cataluña;resto de España;catalán y castellano;población de 15 años o más (miles);;87,2
2013;Catalunya;con usuarios o clientes de Cataluña;resto de España;más castellano que catalán;población de 15 años o más (miles);;59,5
2013;Catalunya;con usuarios o clientes de Cataluña;resto de España;solo castellano;población de 15 años o más (miles);;125,1
2013;Catalunya;con usuarios o clientes de Cataluña;resto de España;otra lengua (o lenguas);población de 15 años o más (miles);..;null
2013;Catalunya;con usuarios o clientes de Cataluña;resto de España;catalán y otra lengua (o lenguas);población de 15 años o más (miles);..;null
2013;Catalunya;con usuarios o clientes de Cataluña;resto de España;castellano y otra lengua (o lenguas);población de 15 años o más (miles);..;null
2013;Catalunya;con usuarios o clientes de Cataluña;resto de España;otras combinaciones de lenguas;población de 15 años o más (miles);..;null
2013;Catalunya;con usuarios o clientes de Cataluña;resto de España;No consta;población de 15 años o más (miles);..;null
2013;Catalunya;con usuarios o clientes de Cataluña;resto de España;total;población de 15 años o más (miles);;366,0
2013;Catalunya;con usuarios o clientes de Cataluña;extranjero;solo catalán;población de 15 años o más (miles);;17,9
2013;Catalunya;con usuarios o clientes de Cataluña;extranjero;más catalán que castellano;población de 15 años o más (miles);;37,2
2013;Catalunya;con usuarios o clientes de Cataluña;extranjero;catalán y castellano;población de 15 años o más (miles);;69,5
2013;Catalunya;con usuarios o clientes de Cataluña;extranjero;más castellano que catalán;población de 15 años o más (miles);;60,6
2013;Catalunya;con usuarios o clientes de Cataluña;extranjero;solo castellano;población de 15 años o más (miles);;246,4
2013;Catalunya;con usuarios o clientes de Cataluña;extranjero;otra lengua (o lenguas);población de 15 años o más (miles);..;null
2013;Catalunya;con usuarios o clientes de Cataluña;extranjero;catalán y otra lengua (o lenguas);población de 15 años o más (miles);..;null
2013;Catalunya;con usuarios o clientes de Cataluña;extranjero;castellano y otra lengua (o lenguas);población de 15 años o más (miles);;30,7
2013;Catalunya;con usuarios o clientes de Cataluña;extranjero;otras combinaciones de lenguas;población de 15 años o más (miles);..;null
2013;Catalunya;con usuarios o clientes de Cataluña;extranjero;No consta;población de 15 años o más (miles);..;null
2013;Catalunya;con usuarios o clientes de Cataluña;extranjero;total;población de 15 años o más (miles);;486,2
2013;Catalunya;con usuarios o clientes de Cataluña;total;solo catalán;población de 15 años o más (miles);;340,1
2013;Catalunya;con usuarios o clientes de Cataluña;total;más catalán que castellano;población de 15 años o más (miles);;736,4
2013;Catalunya;con usuarios o clientes de Cataluña;total;catalán y castellano;población de 15 años o más (miles);;640,3
2013;Catalunya;con usuarios o clientes de Cataluña;total;más castellano que catalán;población de 15 años o más (miles);;341,5
2013;Catalunya;con usuarios o clientes de Cataluña;total;solo castellano;población de 15 años o más (miles);;495,1
2013;Catalunya;con usuarios o clientes de Cataluña;total;otra lengua (o lenguas);población de 15 años o más (miles);;17,4
2013;Catalunya;con usuarios o clientes de Cataluña;total;catalán y otra lengua (o lenguas);población de 15 años o más (miles);;11,3
2013;Catalunya;con usuarios o clientes de Cataluña;total;castellano y otra lengua (o lenguas);población de 15 años o más (miles);;46,2
2013;Catalunya;con usuarios o clientes de Cataluña;total;otras combinaciones de lenguas;población de 15 años o más (miles);;61,8
2013;Catalunya;con usuarios o clientes de Cataluña;total;No consta;población de 15 años o más (miles);..;null
2013;Catalunya;con usuarios o clientes de Cataluña;total;total;población de 15 años o más (miles);;2698,0
2013;Catalunya;con los compañeros de deporte;Cataluña;solo catalán;población de 15 años o más (miles);..;null
2013;Catalunya;con los compañeros de deporte;Cataluña;más catalán que castellano;población de 15 años o más (miles);..;null
2013;Catalunya;con los compañeros de deporte;Cataluña;catalán y castellano;población de 15 años o más (miles);..;null
2013;Catalunya;con los compañeros de deporte;Cataluña;más castellano que catalán;población de 15 años o más (miles);..;null
2013;Catalunya;con los compañeros de deporte;Cataluña;solo castellano;población de 15 años o más (miles);..;null
2013;Catalunya;con los compañeros de deporte;Cataluña;otra lengua (o lenguas);población de 15 años o más (miles);..;null
2013;Catalunya;con los compañeros de deporte;Cataluña;catalán y otra lengua (o lenguas);población de 15 años o más (miles);..;null
2013;Catalunya;con los compañeros de deporte;Cataluña;castellano y otra lengua (o lenguas);población de 15 años o más (miles);..;null
2013;Catalunya;con los compañeros de deporte;Cataluña;otras combinaciones de lenguas;población de 15 años o más (miles);..;null
2013;Catalunya;con los compañeros de deporte;Cataluña;No consta;población de 15 años o más (miles);..;null
2013;Catalunya;con los compañeros de deporte;Cataluña;total;población de 15 años o más (miles);..;null
2013;Catalunya;con los compañeros de deporte;resto de España;solo catalán;población de 15 años o más (miles);..;null
2013;Catalunya;con los compañeros de deporte;resto de España;más catalán que castellano;población de 15 años o más (miles);..;null
2013;Catalunya;con los compañeros de deporte;resto de España;catalán y castellano;población de 15 años o más (miles);..;null
2013;Catalunya;con los compañeros de deporte;resto de España;más castellano que catalán;población de 15 años o más (miles);..;null
2013;Catalunya;con los compañeros de deporte;resto de España;solo castellano;población de 15 años o más (miles);..;null
2013;Catalunya;con los compañeros de deporte;resto de España;otra lengua (o lenguas);población de 15 años o más (miles);..;null
2013;Catalunya;con los compañeros de deporte;resto de España;catalán y otra lengua (o lenguas);población de 15 años o más (miles);..;null
2013;Catalunya;con los compañeros de deporte;resto de España;castellano y otra lengua (o lenguas);población de 15 años o más (miles);..;null
2013;Catalunya;con los compañeros de deporte;resto de España;otras combinaciones de lenguas;población de 15 años o más (miles);..;null
2013;Catalunya;con los compañeros de deporte;resto de España;No consta;población de 15 años o más (miles);..;null
2013;Catalunya;con los compañeros de deporte;resto de España;total;población de 15 años o más (miles);..;null
2013;Catalunya;con los compañeros de deporte;extranjero;solo catalán;población de 15 años o más (miles);..;null
2013;Catalunya;con los compañeros de deporte;extranjero;más catalán que castellano;población de 15 años o más (miles);..;null
2013;Catalunya;con los compañeros de deporte;extranjero;catalán y castellano;población de 15 años o más (miles);..;null
2013;Catalunya;con los compañeros de deporte;extranjero;más castellano que catalán;población de 15 años o más (miles);..;null
2013;Catalunya;con los compañeros de deporte;extranjero;solo castellano;población de 15 años o más (miles);..;null
2013;Catalunya;con los compañeros de deporte;extranjero;otra lengua (o lenguas);población de 15 años o más (miles);..;null
2013;Catalunya;con los compañeros de deporte;extranjero;catalán y otra lengua (o lenguas);población de 15 años o más (miles);..;null
2013;Catalunya;con los compañeros de deporte;extranjero;castellano y otra lengua (o lenguas);población de 15 años o más (miles);..;null
2013;Catalunya;con los compañeros de deporte;extranjero;otras combinaciones de lenguas;población de 15 años o más (miles);..;null
2013;Catalunya;con los compañeros de deporte;extranjero;No consta;población de 15 años o más (miles);..;null
2013;Catalunya;con los compañeros de deporte;extranjero;total;población de 15 años o más (miles);..;null
2013;Catalunya;con los compañeros de deporte;total;solo catalán;población de 15 años o más (miles);..;null
2013;Catalunya;con los compañeros de deporte;total;más catalán que castellano;población de 15 años o más (miles);..;null
2013;Catalunya;con los compañeros de deporte;total;catalán y castellano;población de 15 años o más (miles);..;null
2013;Catalunya;con los compañeros de deporte;total;más castellano que catalán;población de 15 años o más (miles);..;null
2013;Catalunya;con los compañeros de deporte;total;solo castellano;población de 15 años o más (miles);..;null
2013;Catalunya;con los compañeros de deporte;total;otra lengua (o lenguas);población de 15 años o más (miles);..;null
2013;Catalunya;con los compañeros de deporte;total;catalán y otra lengua (o lenguas);población de 15 años o más (miles);..;null
2013;Catalunya;con los compañeros de deporte;total;castellano y otra lengua (o lenguas);población de 15 años o más (miles);..;null
2013;Catalunya;con los compañeros de deporte;total;otras combinaciones de lenguas;población de 15 años o más (miles);..;null
2013;Catalunya;con los compañeros de deporte;total;No consta;población de 15 años o más (miles);..;null
2013;Catalunya;con los compañeros de deporte;total;total;población de 15 años o más (miles);..;null
2013;Catalunya;en el centro de culto;Cataluña;solo catalán;población de 15 años o más (miles);..;null
2013;Catalunya;en el centro de culto;Cataluña;más catalán que castellano;población de 15 años o más (miles);..;null
2013;Catalunya;en el centro de culto;Cataluña;catalán y castellano;población de 15 años o más (miles);..;null
2013;Catalunya;en el centro de culto;Cataluña;más castellano que catalán;población de 15 años o más (miles);..;null
2013;Catalunya;en el centro de culto;Cataluña;solo castellano;población de 15 años o más (miles);..;null
2013;Catalunya;en el centro de culto;Cataluña;otra lengua (o lenguas);población de 15 años o más (miles);..;null
2013;Catalunya;en el centro de culto;Cataluña;catalán y otra lengua (o lenguas);población de 15 años o más (miles);..;null
2013;Catalunya;en el centro de culto;Cataluña;castellano y otra lengua (o lenguas);población de 15 años o más (miles);..;null
2013;Catalunya;en el centro de culto;Cataluña;otras combinaciones de lenguas;población de 15 años o más (miles);..;null
2013;Catalunya;en el centro de culto;Cataluña;No consta;población de 15 años o más (miles);..;null
2013;Catalunya;en el centro de culto;Cataluña;total;población de 15 años o más (miles);..;null
2013;Catalunya;en el centro de culto;resto de España;solo catalán;población de 15 años o más (miles);..;null
2013;Catalunya;en el centro de culto;resto de España;más catalán que castellano;población de 15 años o más (miles);..;null
2013;Catalunya;en el centro de culto;resto de España;catalán y castellano;población de 15 años o más (miles);..;null
2013;Catalunya;en el centro de culto;resto de España;más castellano que catalán;población de 15 años o más (miles);..;null
2013;Catalunya;en el centro de culto;resto de España;solo castellano;población de 15 años o más (miles);..;null
2013;Catalunya;en el centro de culto;resto de España;otra lengua (o lenguas);población de 15 años o más (miles);..;null
2013;Catalunya;en el centro de culto;resto de España;catalán y otra lengua (o lenguas);población de 15 años o más (miles);..;null
2013;Catalunya;en el centro de culto;resto de España;castellano y otra lengua (o lenguas);población de 15 años o más (miles);..;null
2013;Catalunya;en el centro de culto;resto de España;otras combinaciones de lenguas;población de 15 años o más (miles);..;null
2013;Catalunya;en el centro de culto;resto de España;No consta;población de 15 años o más (miles);..;null
2013;Catalunya;en el centro de culto;resto de España;total;población de 15 años o más (miles);..;null
2013;Catalunya;en el centro de culto;extranjero;solo catalán;población de 15 años o más (miles);..;null
2013;Catalunya;en el centro de culto;extranjero;más catalán que castellano;población de 15 años o más (miles);..;null
2013;Catalunya;en el centro de culto;extranjero;catalán y castellano;población de 15 años o más (miles);..;null
2013;Catalunya;en el centro de culto;extranjero;más castellano que catalán;población de 15 años o más (miles);..;null
2013;Catalunya;en el centro de culto;extranjero;solo castellano;población de 15 años o más (miles);..;null
2013;Catalunya;en el centro de culto;extranjero;otra lengua (o lenguas);población de 15 años o más (miles);..;null
2013;Catalunya;en el centro de culto;extranjero;catalán y otra lengua (o lenguas);población de 15 años o más (miles);..;null
2013;Catalunya;en el centro de culto;extranjero;castellano y otra lengua (o lenguas);población de 15 años o más (miles);..;null
2013;Catalunya;en el centro de culto;extranjero;otras combinaciones de lenguas;población de 15 años o más (miles);..;null
2013;Catalunya;en el centro de culto;extranjero;No consta;población de 15 años o más (miles);..;null
2013;Catalunya;en el centro de culto;extranjero;total;población de 15 años o más (miles);..;null
2013;Catalunya;en el centro de culto;total;solo catalán;población de 15 años o más (miles);..;null
2013;Catalunya;en el centro de culto;total;más catalán que castellano;población de 15 años o más (miles);..;null
2013;Catalunya;en el centro de culto;total;catalán y castellano;población de 15 años o más (miles);..;null
2013;Catalunya;en el centro de culto;total;más castellano que catalán;población de 15 años o más (miles);..;null
2013;Catalunya;en el centro de culto;total;solo castellano;población de 15 años o más (miles);..;null
2013;Catalunya;en el centro de culto;total;otra lengua (o lenguas);población de 15 años o más (miles);..;null
2013;Catalunya;en el centro de culto;total;catalán y otra lengua (o lenguas);población de 15 años o más (miles);..;null
2013;Catalunya;en el centro de culto;total;castellano y otra lengua (o lenguas);población de 15 años o más (miles);..;null
2013;Catalunya;en el centro de culto;total;otras combinaciones de lenguas;población de 15 años o más (miles);..;null
2013;Catalunya;en el centro de culto;total;No consta;población de 15 años o más (miles);..;null
2013;Catalunya;en el centro de culto;total;total;población de 15 años o más (miles);..;null
2013;Catalunya;en el pequeño comercio;Cataluña;solo catalán;población de 15 años o más (miles);;1198,5
2013;Catalunya;en el pequeño comercio;Cataluña;más catalán que castellano;población de 15 años o más (miles);;946,2
2013;Catalunya;en el pequeño comercio;Cataluña;catalán y castellano;población de 15 años o más (miles);;644,8
2013;Catalunya;en el pequeño comercio;Cataluña;más castellano que catalán;población de 15 años o más (miles);;380,7
2013;Catalunya;en el pequeño comercio;Cataluña;solo castellano;población de 15 años o más (miles);;478,9
2013;Catalunya;en el pequeño comercio;Cataluña;otra lengua (o lenguas);población de 15 años o más (miles);;0,9
2013;Catalunya;en el pequeño comercio;Cataluña;catalán y otra lengua (o lenguas);población de 15 años o más (miles);..;null
2013;Catalunya;en el pequeño comercio;Cataluña;castellano y otra lengua (o lenguas);población de 15 años o más (miles);;1,7
2013;Catalunya;en el pequeño comercio;Cataluña;otras combinaciones de lenguas;población de 15 años o más (miles);;2,4
2013;Catalunya;en el pequeño comercio;Cataluña;No consta;población de 15 años o más (miles);;27,7
2013;Catalunya;en el pequeño comercio;Cataluña;total;población de 15 años o más (miles);;3682,2
2013;Catalunya;en el pequeño comercio;resto de España;solo catalán;población de 15 años o más (miles);;85,2
2013;Catalunya;en el pequeño comercio;resto de España;más catalán que castellano;población de 15 años o más (miles);;92,1
2013;Catalunya;en el pequeño comercio;resto de España;catalán y castellano;población de 15 años o más (miles);;162,6
2013;Catalunya;en el pequeño comercio;resto de España;más castellano que catalán;población de 15 años o más (miles);;172,8
2013;Catalunya;en el pequeño comercio;resto de España;solo castellano;población de 15 años o más (miles);;873,5
2013;Catalunya;en el pequeño comercio;resto de España;otra lengua (o lenguas);población de 15 años o más (miles);..;null
2013;Catalunya;en el pequeño comercio;resto de España;catalán y otra lengua (o lenguas);población de 15 años o más (miles);..;null
2013;Catalunya;en el pequeño comercio;resto de España;castellano y otra lengua (o lenguas);población de 15 años o más (miles);..;null
2013;Catalunya;en el pequeño comercio;resto de España;otras combinaciones de lenguas;población de 15 años o más (miles);..;null
2013;Catalunya;en el pequeño comercio;resto de España;No consta;población de 15 años o más (miles);;22,7
2013;Catalunya;en el pequeño comercio;resto de España;total;población de 15 años o más (miles);;1410,8
2013;Catalunya;en el pequeño comercio;extranjero;solo catalán;población de 15 años o más (miles);;56,1
2013;Catalunya;en el pequeño comercio;extranjero;más catalán que castellano;población de 15 años o más (miles);;65,9
2013;Catalunya;en el pequeño comercio;extranjero;catalán y castellano;población de 15 años o más (miles);;125,2
2013;Catalunya;en el pequeño comercio;extranjero;más castellano que catalán;población de 15 años o más (miles);;126,3
2013;Catalunya;en el pequeño comercio;extranjero;solo castellano;población de 15 años o más (miles);;721,3
2013;Catalunya;en el pequeño comercio;extranjero;otra lengua (o lenguas);población de 15 años o más (miles);..;null
2013;Catalunya;en el pequeño comercio;extranjero;catalán y otra lengua (o lenguas);población de 15 años o más (miles);..;null
2013;Catalunya;en el pequeño comercio;extranjero;castellano y otra lengua (o lenguas);población de 15 años o más (miles);;35,6
2013;Catalunya;en el pequeño comercio;extranjero;otras combinaciones de lenguas;población de 15 años o más (miles);..;null
2013;Catalunya;en el pequeño comercio;extranjero;No consta;población de 15 años o más (miles);..;null
2013;Catalunya;en el pequeño comercio;extranjero;total;población de 15 años o más (miles);;1160,8
2013;Catalunya;en el pequeño comercio;total;solo catalán;población de 15 años o más (miles);;1339,8
2013;Catalunya;en el pequeño comercio;total;más catalán que castellano;población de 15 años o más (miles);;1104,3
2013;Catalunya;en el pequeño comercio;total;catalán y castellano;población de 15 años o más (miles);;932,6
2013;Catalunya;en el pequeño comercio;total;más castellano que catalán;población de 15 años o más (miles);;679,8
2013;Catalunya;en el pequeño comercio;total;solo castellano;población de 15 años o más (miles);;2073,6
2013;Catalunya;en el pequeño comercio;total;otra lengua (o lenguas);población de 15 años o más (miles);;12,9
2013;Catalunya;en el pequeño comercio;total;catalán y otra lengua (o lenguas);población de 15 años o más (miles);..;null
2013;Catalunya;en el pequeño comercio;total;castellano y otra lengua (o lenguas);población de 15 años o más (miles);;37,5
2013;Catalunya;en el pequeño comercio;total;otras combinaciones de lenguas;población de 15 años o más (miles);;9,7
2013;Catalunya;en el pequeño comercio;total;No consta;población de 15 años o más (miles);;62,5
2013;Catalunya;en el pequeño comercio;total;total;población de 15 años o más (miles);;6253,8
2013;Catalunya;en el gran comercio;Cataluña;solo catalán;población de 15 años o más (miles);;1002,4
2013;Catalunya;en el gran comercio;Cataluña;más catalán que castellano;población de 15 años o más (miles);;860,7
2013;Catalunya;en el gran comercio;Cataluña;catalán y castellano;población de 15 años o más (miles);;682,3
2013;Catalunya;en el gran comercio;Cataluña;más castellano que catalán;población de 15 años o más (miles);;504,1
2013;Catalunya;en el gran comercio;Cataluña;solo castellano;población de 15 años o más (miles);;568,9
2013;Catalunya;en el gran comercio;Cataluña;otra lengua (o lenguas);población de 15 años o más (miles);..;null
2013;Catalunya;en el gran comercio;Cataluña;catalán y otra lengua (o lenguas);población de 15 años o más (miles);..;null
2013;Catalunya;en el gran comercio;Cataluña;castellano y otra lengua (o lenguas);población de 15 años o más (miles);..;null
2013;Catalunya;en el gran comercio;Cataluña;otras combinaciones de lenguas;población de 15 años o más (miles);;1,4
2013;Catalunya;en el gran comercio;Cataluña;No consta;población de 15 años o más (miles);;59,9
2013;Catalunya;en el gran comercio;Cataluña;total;población de 15 años o más (miles);;3682,2
2013;Catalunya;en el gran comercio;resto de España;solo catalán;población de 15 años o más (miles);;69,2
2013;Catalunya;en el gran comercio;resto de España;más catalán que castellano;población de 15 años o más (miles);;74,6
2013;Catalunya;en el gran comercio;resto de España;catalán y castellano;población de 15 años o más (miles);;156,3
2013;Catalunya;en el gran comercio;resto de España;más castellano que catalán;población de 15 años o más (miles);;163,1
2013;Catalunya;en el gran comercio;resto de España;solo castellano;población de 15 años o más (miles);;900,3
2013;Catalunya;en el gran comercio;resto de España;otra lengua (o lenguas);población de 15 años o más (miles);..;null
2013;Catalunya;en el gran comercio;resto de España;catalán y otra lengua (o lenguas);población de 15 años o más (miles);..;null
2013;Catalunya;en el gran comercio;resto de España;castellano y otra lengua (o lenguas);población de 15 años o más (miles);..;null
2013;Catalunya;en el gran comercio;resto de España;otras combinaciones de lenguas;población de 15 años o más (miles);..;null
2013;Catalunya;en el gran comercio;resto de España;No consta;población de 15 años o más (miles);;45,6
2013;Catalunya;en el gran comercio;resto de España;total;población de 15 años o más (miles);;1410,8
2013;Catalunya;en el gran comercio;extranjero;solo catalán;población de 15 años o más (miles);;44,8
2013;Catalunya;en el gran comercio;extranjero;más catalán que castellano;población de 15 años o más (miles);;49,3
2013;Catalunya;en el gran comercio;extranjero;catalán y castellano;población de 15 años o más (miles);;118,3
2013;Catalunya;en el gran comercio;extranjero;más castellano que catalán;población de 15 años o más (miles);;136,3
2013;Catalunya;en el gran comercio;extranjero;solo castellano;población de 15 años o más (miles);;775,5
2013;Catalunya;en el gran comercio;extranjero;otra lengua (o lenguas);población de 15 años o más (miles);..;null
2013;Catalunya;en el gran comercio;extranjero;catalán y otra lengua (o lenguas);población de 15 años o más (miles);..;null
2013;Catalunya;en el gran comercio;extranjero;castellano y otra lengua (o lenguas);población de 15 años o más (miles);..;null
2013;Catalunya;en el gran comercio;extranjero;otras combinaciones de lenguas;población de 15 años o más (miles);..;null
2013;Catalunya;en el gran comercio;extranjero;No consta;población de 15 años o más (miles);..;null
2013;Catalunya;en el gran comercio;extranjero;total;población de 15 años o más (miles);;1160,8
2013;Catalunya;en el gran comercio;total;solo catalán;población de 15 años o más (miles);;1116,4
2013;Catalunya;en el gran comercio;total;más catalán que castellano;población de 15 años o más (miles);;984,6
2013;Catalunya;en el gran comercio;total;catalán y castellano;población de 15 años o más (miles);;956,8
2013;Catalunya;en el gran comercio;total;más castellano que catalán;población de 15 años o más (miles);;803,6
2013;Catalunya;en el gran comercio;total;solo castellano;población de 15 años o más (miles);;2244,7
2013;Catalunya;en el gran comercio;total;otra lengua (o lenguas);población de 15 años o más (miles);..;null
2013;Catalunya;en el gran comercio;total;catalán y otra lengua (o lenguas);población de 15 años o más (miles);..;null
2013;Catalunya;en el gran comercio;total;castellano y otra lengua (o lenguas);población de 15 años o más (miles);;6,4
2013;Catalunya;en el gran comercio;total;otras combinaciones de lenguas;población de 15 años o más (miles);;5,7
2013;Catalunya;en el gran comercio;total;No consta;población de 15 años o más (miles);;120,8
2013;Catalunya;en el gran comercio;total;total;población de 15 años o más (miles);;6253,8
2013;Catalunya;en la entidad financiera;Cataluña;solo catalán;población de 15 años o más (miles);;1696,6
2013;Catalunya;en la entidad financiera;Cataluña;más catalán que castellano;población de 15 años o más (miles);;604,2
2013;Catalunya;en la entidad financiera;Cataluña;catalán y castellano;población de 15 años o más (miles);;472,3
2013;Catalunya;en la entidad financiera;Cataluña;más castellano que catalán;población de 15 años o más (miles);;265,8
2013;Catalunya;en la entidad financiera;Cataluña;solo castellano;población de 15 años o más (miles);;532,2
2013;Catalunya;en la entidad financiera;Cataluña;otra lengua (o lenguas);población de 15 años o más (miles);;2,0
2013;Catalunya;en la entidad financiera;Cataluña;catalán y otra lengua (o lenguas);población de 15 años o más (miles);;1,0
2013;Catalunya;en la entidad financiera;Cataluña;castellano y otra lengua (o lenguas);población de 15 años o más (miles);..;null
2013;Catalunya;en la entidad financiera;Cataluña;otras combinaciones de lenguas;población de 15 años o más (miles);;1,1
2013;Catalunya;en la entidad financiera;Cataluña;No consta;población de 15 años o más (miles);;107,0
2013;Catalunya;en la entidad financiera;Cataluña;total;población de 15 años o más (miles);;3682,2
2013;Catalunya;en la entidad financiera;resto de España;solo catalán;población de 15 años o más (miles);;133,5
2013;Catalunya;en la entidad financiera;resto de España;más catalán que castellano;población de 15 años o más (miles);;71,1
2013;Catalunya;en la entidad financiera;resto de España;catalán y castellano;población de 15 años o más (miles);;135,2
2013;Catalunya;en la entidad financiera;resto de España;más castellano que catalán;población de 15 años o más (miles);;121,1
2013;Catalunya;en la entidad financiera;resto de España;solo castellano;población de 15 años o más (miles);;918,0
2013;Catalunya;en la entidad financiera;resto de España;otra lengua (o lenguas);población de 15 años o más (miles);..;null
2013;Catalunya;en la entidad financiera;resto de España;catalán y otra lengua (o lenguas);población de 15 años o más (miles);..;null
2013;Catalunya;en la entidad financiera;resto de España;castellano y otra lengua (o lenguas);población de 15 años o más (miles);..;null
2013;Catalunya;en la entidad financiera;resto de España;otras combinaciones de lenguas;población de 15 años o más (miles);..;null
2013;Catalunya;en la entidad financiera;resto de España;No consta;población de 15 años o más (miles);;30,1
2013;Catalunya;en la entidad financiera;resto de España;total;población de 15 años o más (miles);;1410,8
2013;Catalunya;en la entidad financiera;extranjero;solo catalán;población de 15 años o más (miles);;88,7
2013;Catalunya;en la entidad financiera;extranjero;más catalán que castellano;población de 15 años o más (miles);;46,9
2013;Catalunya;en la entidad financiera;extranjero;catalán y castellano;población de 15 años o más (miles);;110,0
2013;Catalunya;en la entidad financiera;extranjero;más castellano que catalán;población de 15 años o más (miles);;98,7
2013;Catalunya;en la entidad financiera;extranjero;solo castellano;población de 15 años o más (miles);;770,3
2013;Catalunya;en la entidad financiera;extranjero;otra lengua (o lenguas);población de 15 años o más (miles);..;null
2013;Catalunya;en la entidad financiera;extranjero;catalán y otra lengua (o lenguas);población de 15 años o más (miles);..;null
2013;Catalunya;en la entidad financiera;extranjero;castellano y otra lengua (o lenguas);población de 15 años o más (miles);..;null
2013;Catalunya;en la entidad financiera;extranjero;otras combinaciones de lenguas;población de 15 años o más (miles);..;null
2013;Catalunya;en la entidad financiera;extranjero;No consta;población de 15 años o más (miles);;29,6
2013;Catalunya;en la entidad financiera;extranjero;total;población de 15 años o más (miles);;1160,8
2013;Catalunya;en la entidad financiera;total;solo catalán;población de 15 años o más (miles);;1918,8
2013;Catalunya;en la entidad financiera;total;más catalán que castellano;población de 15 años o más (miles);;722,2
2013;Catalunya;en la entidad financiera;total;catalán y castellano;población de 15 años o más (miles);;717,4
2013;Catalunya;en la entidad financiera;total;más castellano que catalán;población de 15 años o más (miles);;485,5
2013;Catalunya;en la entidad financiera;total;solo castellano;población de 15 años o más (miles);;2220,5
2013;Catalunya;en la entidad financiera;total;otra lengua (o lenguas);población de 15 años o más (miles);;9,9
2013;Catalunya;en la entidad financiera;total;catalán y otra lengua (o lenguas);población de 15 años o más (miles);;1,7
2013;Catalunya;en la entidad financiera;total;castellano y otra lengua (o lenguas);población de 15 años o más (miles);;8,0
2013;Catalunya;en la entidad financiera;total;otras combinaciones de lenguas;población de 15 años o más (miles);;2,8
2013;Catalunya;en la entidad financiera;total;No consta;población de 15 años o más (miles);;166,7
2013;Catalunya;en la entidad financiera;total;total;población de 15 años o más (miles);;6253,8
2013;Catalunya;con el personal de un restaurante o bar;Cataluña;solo catalán;población de 15 años o más (miles);..;null
2013;Catalunya;con el personal de un restaurante o bar;Cataluña;más catalán que castellano;población de 15 años o más (miles);..;null
2013;Catalunya;con el personal de un restaurante o bar;Cataluña;catalán y castellano;población de 15 años o más (miles);..;null
2013;Catalunya;con el personal de un restaurante o bar;Cataluña;más castellano que catalán;población de 15 años o más (miles);..;null
2013;Catalunya;con el personal de un restaurante o bar;Cataluña;solo castellano;población de 15 años o más (miles);..;null
2013;Catalunya;con el personal de un restaurante o bar;Cataluña;otra lengua (o lenguas);población de 15 años o más (miles);..;null
2013;Catalunya;con el personal de un restaurante o bar;Cataluña;catalán y otra lengua (o lenguas);población de 15 años o más (miles);..;null
2013;Catalunya;con el personal de un restaurante o bar;Cataluña;castellano y otra lengua (o lenguas);población de 15 años o más (miles);..;null
2013;Catalunya;con el personal de un restaurante o bar;Cataluña;otras combinaciones de lenguas;población de 15 años o más (miles);..;null
2013;Catalunya;con el personal de un restaurante o bar;Cataluña;No consta;población de 15 años o más (miles);..;null
2013;Catalunya;con el personal de un restaurante o bar;Cataluña;total;población de 15 años o más (miles);..;null
2013;Catalunya;con el personal de un restaurante o bar;resto de España;solo catalán;población de 15 años o más (miles);..;null
2013;Catalunya;con el personal de un restaurante o bar;resto de España;más catalán que castellano;población de 15 años o más (miles);..;null
2013;Catalunya;con el personal de un restaurante o bar;resto de España;catalán y castellano;población de 15 años o más (miles);..;null
2013;Catalunya;con el personal de un restaurante o bar;resto de España;más castellano que catalán;población de 15 años o más (miles);..;null
2013;Catalunya;con el personal de un restaurante o bar;resto de España;solo castellano;población de 15 años o más (miles);..;null
2013;Catalunya;con el personal de un restaurante o bar;resto de España;otra lengua (o lenguas);población de 15 años o más (miles);..;null
2013;Catalunya;con el personal de un restaurante o bar;resto de España;catalán y otra lengua (o lenguas);población de 15 años o más (miles);..;null
2013;Catalunya;con el personal de un restaurante o bar;resto de España;castellano y otra lengua (o lenguas);población de 15 años o más (miles);..;null
2013;Catalunya;con el personal de un restaurante o bar;resto de España;otras combinaciones de lenguas;población de 15 años o más (miles);..;null
2013;Catalunya;con el personal de un restaurante o bar;resto de España;No consta;población de 15 años o más (miles);..;null
2013;Catalunya;con el personal de un restaurante o bar;resto de España;total;población de 15 años o más (miles);..;null
2013;Catalunya;con el personal de un restaurante o bar;extranjero;solo catalán;población de 15 años o más (miles);..;null
2013;Catalunya;con el personal de un restaurante o bar;extranjero;más catalán que castellano;población de 15 años o más (miles);..;null
2013;Catalunya;con el personal de un restaurante o bar;extranjero;catalán y castellano;población de 15 años o más (miles);..;null
2013;Catalunya;con el personal de un restaurante o bar;extranjero;más castellano que catalán;población de 15 años o más (miles);..;null
2013;Catalunya;con el personal de un restaurante o bar;extranjero;solo castellano;población de 15 años o más (miles);..;null
2013;Catalunya;con el personal de un restaurante o bar;extranjero;otra lengua (o lenguas);población de 15 años o más (miles);..;null
2013;Catalunya;con el personal de un restaurante o bar;extranjero;catalán y otra lengua (o lenguas);población de 15 años o más (miles);..;null
2013;Catalunya;con el personal de un restaurante o bar;extranjero;castellano y otra lengua (o lenguas);población de 15 años o más (miles);..;null
2013;Catalunya;con el personal de un restaurante o bar;extranjero;otras combinaciones de lenguas;población de 15 años o más (miles);..;null
2013;Catalunya;con el personal de un restaurante o bar;extranjero;No consta;población de 15 años o más (miles);..;null
2013;Catalunya;con el personal de un restaurante o bar;extranjero;total;población de 15 años o más (miles);..;null
2013;Catalunya;con el personal de un restaurante o bar;total;solo catalán;población de 15 años o más (miles);..;null
2013;Catalunya;con el personal de un restaurante o bar;total;más catalán que castellano;población de 15 años o más (miles);..;null
2013;Catalunya;con el personal de un restaurante o bar;total;catalán y castellano;población de 15 años o más (miles);..;null
2013;Catalunya;con el personal de un restaurante o bar;total;más castellano que catalán;población de 15 años o más (miles);..;null
2013;Catalunya;con el personal de un restaurante o bar;total;solo castellano;población de 15 años o más (miles);..;null
2013;Catalunya;con el personal de un restaurante o bar;total;otra lengua (o lenguas);población de 15 años o más (miles);..;null
2013;Catalunya;con el personal de un restaurante o bar;total;catalán y otra lengua (o lenguas);población de 15 años o más (miles);..;null
2013;Catalunya;con el personal de un restaurante o bar;total;castellano y otra lengua (o lenguas);población de 15 años o más (miles);..;null
2013;Catalunya;con el personal de un restaurante o bar;total;otras combinaciones de lenguas;población de 15 años o más (miles);..;null
2013;Catalunya;con el personal de un restaurante o bar;total;No consta;población de 15 años o más (miles);..;null
2013;Catalunya;con el personal de un restaurante o bar;total;total;población de 15 años o más (miles);..;null
2013;Catalunya;con la Administración local;Cataluña;solo catalán;población de 15 años o más (miles);;2061,4
2013;Catalunya;con la Administración local;Cataluña;más catalán que castellano;población de 15 años o más (miles);;507,0
2013;Catalunya;con la Administración local;Cataluña;catalán y castellano;población de 15 años o más (miles);;293,1
2013;Catalunya;con la Administración local;Cataluña;más castellano que catalán;población de 15 años o más (miles);;209,6
2013;Catalunya;con la Administración local;Cataluña;solo castellano;población de 15 años o más (miles);;420,3
2013;Catalunya;con la Administración local;Cataluña;otra lengua (o lenguas);población de 15 años o más (miles);;3,1
2013;Catalunya;con la Administración local;Cataluña;catalán y otra lengua (o lenguas);población de 15 años o más (miles);;1,1
2013;Catalunya;con la Administración local;Cataluña;castellano y otra lengua (o lenguas);población de 15 años o más (miles);..;null
2013;Catalunya;con la Administración local;Cataluña;otras combinaciones de lenguas;población de 15 años o más (miles);;0,4
2013;Catalunya;con la Administración local;Cataluña;No consta;población de 15 años o más (miles);;186,1
2013;Catalunya;con la Administración local;Cataluña;total;población de 15 años o más (miles);;3682,2
2013;Catalunya;con la Administración local;resto de España;solo catalán;población de 15 años o más (miles);;167,1
2013;Catalunya;con la Administración local;resto de España;más catalán que castellano;población de 15 años o más (miles);;81,4
2013;Catalunya;con la Administración local;resto de España;catalán y castellano;población de 15 años o más (miles);;111,5
2013;Catalunya;con la Administración local;resto de España;más castellano que catalán;población de 15 años o más (miles);;109,8
2013;Catalunya;con la Administración local;resto de España;solo castellano;población de 15 años o más (miles);;852,7
2013;Catalunya;con la Administración local;resto de España;otra lengua (o lenguas);población de 15 años o más (miles);..;null
2013;Catalunya;con la Administración local;resto de España;catalán y otra lengua (o lenguas);población de 15 años o más (miles);..;null
2013;Catalunya;con la Administración local;resto de España;castellano y otra lengua (o lenguas);población de 15 años o más (miles);..;null
2013;Catalunya;con la Administración local;resto de España;otras combinaciones de lenguas;población de 15 años o más (miles);..;null
2013;Catalunya;con la Administración local;resto de España;No consta;población de 15 años o más (miles);;86,4
2013;Catalunya;con la Administración local;resto de España;total;población de 15 años o más (miles);;1410,8
2013;Catalunya;con la Administración local;extranjero;solo catalán;población de 15 años o más (miles);;116,4
2013;Catalunya;con la Administración local;extranjero;más catalán que castellano;población de 15 años o más (miles);;64,2
2013;Catalunya;con la Administración local;extranjero;catalán y castellano;población de 15 años o más (miles);;89,7
2013;Catalunya;con la Administración local;extranjero;más castellano que catalán;población de 15 años o más (miles);;97,3
2013;Catalunya;con la Administración local;extranjero;solo castellano;población de 15 años o más (miles);;739,2
2013;Catalunya;con la Administración local;extranjero;otra lengua (o lenguas);población de 15 años o más (miles);..;null
2013;Catalunya;con la Administración local;extranjero;catalán y otra lengua (o lenguas);población de 15 años o más (miles);..;null
2013;Catalunya;con la Administración local;extranjero;castellano y otra lengua (o lenguas);población de 15 años o más (miles);..;null
2013;Catalunya;con la Administración local;extranjero;otras combinaciones de lenguas;población de 15 años o más (miles);..;null
2013;Catalunya;con la Administración local;extranjero;No consta;población de 15 años o más (miles);;42,6
2013;Catalunya;con la Administración local;extranjero;total;población de 15 años o más (miles);;1160,8
2013;Catalunya;con la Administración local;total;solo catalán;población de 15 años o más (miles);;2344,8
2013;Catalunya;con la Administración local;total;más catalán que castellano;población de 15 años o más (miles);;652,6
2013;Catalunya;con la Administración local;total;catalán y castellano;población de 15 años o más (miles);;494,3
2013;Catalunya;con la Administración local;total;más castellano que catalán;población de 15 años o más (miles);;416,7
2013;Catalunya;con la Administración local;total;solo castellano;población de 15 años o más (miles);;2012,1
2013;Catalunya;con la Administración local;total;otra lengua (o lenguas);población de 15 años o más (miles);;8,4
2013;Catalunya;con la Administración local;total;catalán y otra lengua (o lenguas);población de 15 años o más (miles);;3,3
2013;Catalunya;con la Administración local;total;castellano y otra lengua (o lenguas);población de 15 años o más (miles);;5,9
2013;Catalunya;con la Administración local;total;otras combinaciones de lenguas;población de 15 años o más (miles);;0,5
2013;Catalunya;con la Administración local;total;No consta;población de 15 años o más (miles);;315,2
2013;Catalunya;con la Administración local;total;total;población de 15 años o más (miles);;6253,8
2013;Catalunya;con la Administración de la Generalitat de Catalunya;Cataluña;solo catalán;población de 15 años o más (miles);;2065,9
2013;Catalunya;con la Administración de la Generalitat de Catalunya;Cataluña;más catalán que castellano;población de 15 años o más (miles);;411,6
2013;Catalunya;con la Administración de la Generalitat de Catalunya;Cataluña;catalán y castellano;población de 15 años o más (miles);;239,4
2013;Catalunya;con la Administración de la Generalitat de Catalunya;Cataluña;más castellano que catalán;población de 15 años o más (miles);;198,8
2013;Catalunya;con la Administración de la Generalitat de Catalunya;Cataluña;solo castellano;población de 15 años o más (miles);;381,1
2013;Catalunya;con la Administración de la Generalitat de Catalunya;Cataluña;otra lengua (o lenguas);población de 15 años o más (miles);..;null
2013;Catalunya;con la Administración de la Generalitat de Catalunya;Cataluña;catalán y otra lengua (o lenguas);población de 15 años o más (miles);..;null
2013;Catalunya;con la Administración de la Generalitat de Catalunya;Cataluña;castellano y otra lengua (o lenguas);población de 15 años o más (miles);..;null
2013;Catalunya;con la Administración de la Generalitat de Catalunya;Cataluña;otras combinaciones de lenguas;población de 15 años o más (miles);..;null
2013;Catalunya;con la Administración de la Generalitat de Catalunya;Cataluña;No consta;población de 15 años o más (miles);;383,4
2013;Catalunya;con la Administración de la Generalitat de Catalunya;Cataluña;total;población de 15 años o más (miles);;3682,2
2013;Catalunya;con la Administración de la Generalitat de Catalunya;resto de España;solo catalán;población de 15 años o más (miles);;166,6
2013;Catalunya;con la Administración de la Generalitat de Catalunya;resto de España;más catalán que castellano;población de 15 años o más (miles);;71,1
2013;Catalunya;con la Administración de la Generalitat de Catalunya;resto de España;catalán y castellano;población de 15 años o más (miles);;107,7
2013;Catalunya;con la Administración de la Generalitat de Catalunya;resto de España;más castellano que catalán;población de 15 años o más (miles);;99,1
2013;Catalunya;con la Administración de la Generalitat de Catalunya;resto de España;solo castellano;población de 15 años o más (miles);;782,3
2013;Catalunya;con la Administración de la Generalitat de Catalunya;resto de España;otra lengua (o lenguas);población de 15 años o más (miles);..;null
2013;Catalunya;con la Administración de la Generalitat de Catalunya;resto de España;catalán y otra lengua (o lenguas);población de 15 años o más (miles);..;null
2013;Catalunya;con la Administración de la Generalitat de Catalunya;resto de España;castellano y otra lengua (o lenguas);población de 15 años o más (miles);..;null
2013;Catalunya;con la Administración de la Generalitat de Catalunya;resto de España;otras combinaciones de lenguas;población de 15 años o más (miles);..;null
2013;Catalunya;con la Administración de la Generalitat de Catalunya;resto de España;No consta;población de 15 años o más (miles);;184,0
2013;Catalunya;con la Administración de la Generalitat de Catalunya;resto de España;total;población de 15 años o más (miles);;1410,8
2013;Catalunya;con la Administración de la Generalitat de Catalunya;extranjero;solo catalán;población de 15 años o más (miles);;113,3
2013;Catalunya;con la Administración de la Generalitat de Catalunya;extranjero;más catalán que castellano;población de 15 años o más (miles);;61,8
2013;Catalunya;con la Administración de la Generalitat de Catalunya;extranjero;catalán y castellano;población de 15 años o más (miles);;77,7
2013;Catalunya;con la Administración de la Generalitat de Catalunya;extranjero;más castellano que catalán;población de 15 años o más (miles);;96,2
2013;Catalunya;con la Administración de la Generalitat de Catalunya;extranjero;solo castellano;población de 15 años o más (miles);;702,9
2013;Catalunya;con la Administración de la Generalitat de Catalunya;extranjero;otra lengua (o lenguas);población de 15 años o más (miles);..;null
2013;Catalunya;con la Administración de la Generalitat de Catalunya;extranjero;catalán y otra lengua (o lenguas);población de 15 años o más (miles);..;null
2013;Catalunya;con la Administración de la Generalitat de Catalunya;extranjero;castellano y otra lengua (o lenguas);población de 15 años o más (miles);..;null
2013;Catalunya;con la Administración de la Generalitat de Catalunya;extranjero;otras combinaciones de lenguas;población de 15 años o más (miles);..;null
2013;Catalunya;con la Administración de la Generalitat de Catalunya;extranjero;No consta;población de 15 años o más (miles);;100,8
2013;Catalunya;con la Administración de la Generalitat de Catalunya;extranjero;total;población de 15 años o más (miles);;1160,8
2013;Catalunya;con la Administración de la Generalitat de Catalunya;total;solo catalán;población de 15 años o más (miles);;2345,7
2013;Catalunya;con la Administración de la Generalitat de Catalunya;total;más catalán que castellano;población de 15 años o más (miles);;544,4
2013;Catalunya;con la Administración de la Generalitat de Catalunya;total;catalán y castellano;población de 15 años o más (miles);;424,8
2013;Catalunya;con la Administración de la Generalitat de Catalunya;total;más castellano que catalán;población de 15 años o más (miles);;394,1
2013;Catalunya;con la Administración de la Generalitat de Catalunya;total;solo castellano;población de 15 años o más (miles);;1866,3
2013;Catalunya;con la Administración de la Generalitat de Catalunya;total;otra lengua (o lenguas);población de 15 años o más (miles);..;null
2013;Catalunya;con la Administración de la Generalitat de Catalunya;total;catalán y otra lengua (o lenguas);población de 15 años o más (miles);..;null
2013;Catalunya;con la Administración de la Generalitat de Catalunya;total;castellano y otra lengua (o lenguas);población de 15 años o más (miles);..;null
2013;Catalunya;con la Administración de la Generalitat de Catalunya;total;otras combinaciones de lenguas;población de 15 años o más (miles);..;null
2013;Catalunya;con la Administración de la Generalitat de Catalunya;total;No consta;población de 15 años o más (miles);;668,2
2013;Catalunya;con la Administración de la Generalitat de Catalunya;total;total;población de 15 años o más (miles);;6253,8
2013;Catalunya;con la Administración del Estado en Cataluña;Cataluña;solo catalán;población de 15 años o más (miles);;1227,2
2013;Catalunya;con la Administración del Estado en Cataluña;Cataluña;más catalán que castellano;población de 15 años o más (miles);;687,8
2013;Catalunya;con la Administración del Estado en Cataluña;Cataluña;catalán y castellano;población de 15 años o más (miles);;475,6
2013;Catalunya;con la Administración del Estado en Cataluña;Cataluña;más castellano que catalán;población de 15 años o más (miles);;410,1
2013;Catalunya;con la Administración del Estado en Cataluña;Cataluña;solo castellano;población de 15 años o más (miles);;642,7
2013;Catalunya;con la Administración del Estado en Cataluña;Cataluña;otra lengua (o lenguas);población de 15 años o más (miles);..;null
2013;Catalunya;con la Administración del Estado en Cataluña;Cataluña;catalán y otra lengua (o lenguas);población de 15 años o más (miles);..;null
2013;Catalunya;con la Administración del Estado en Cataluña;Cataluña;castellano y otra lengua (o lenguas);población de 15 años o más (miles);..;null
2013;Catalunya;con la Administración del Estado en Cataluña;Cataluña;otras combinaciones de lenguas;población de 15 años o más (miles);..;null
2013;Catalunya;con la Administración del Estado en Cataluña;Cataluña;No consta;población de 15 años o más (miles);;236,5
2013;Catalunya;con la Administración del Estado en Cataluña;Cataluña;total;población de 15 años o más (miles);;3682,2
2013;Catalunya;con la Administración del Estado en Cataluña;resto de España;solo catalán;población de 15 años o más (miles);;106,0
2013;Catalunya;con la Administración del Estado en Cataluña;resto de España;más catalán que castellano;población de 15 años o más (miles);;66,8
2013;Catalunya;con la Administración del Estado en Cataluña;resto de España;catalán y castellano;población de 15 años o más (miles);;118,4
2013;Catalunya;con la Administración del Estado en Cataluña;resto de España;más castellano que catalán;población de 15 años o más (miles);;116,7
2013;Catalunya;con la Administración del Estado en Cataluña;resto de España;solo castellano;población de 15 años o más (miles);;915,6
2013;Catalunya;con la Administración del Estado en Cataluña;resto de España;otra lengua (o lenguas);población de 15 años o más (miles);..;null
2013;Catalunya;con la Administración del Estado en Cataluña;resto de España;catalán y otra lengua (o lenguas);población de 15 años o más (miles);..;null
2013;Catalunya;con la Administración del Estado en Cataluña;resto de España;castellano y otra lengua (o lenguas);población de 15 años o más (miles);..;null
2013;Catalunya;con la Administración del Estado en Cataluña;resto de España;otras combinaciones de lenguas;población de 15 años o más (miles);..;null
2013;Catalunya;con la Administración del Estado en Cataluña;resto de España;No consta;población de 15 años o más (miles);;87,2
2013;Catalunya;con la Administración del Estado en Cataluña;resto de España;total;población de 15 años o más (miles);;1410,8
2013;Catalunya;con la Administración del Estado en Cataluña;extranjero;solo catalán;población de 15 años o más (miles);;70,8
2013;Catalunya;con la Administración del Estado en Cataluña;extranjero;más catalán que castellano;población de 15 años o más (miles);;58,1
2013;Catalunya;con la Administración del Estado en Cataluña;extranjero;catalán y castellano;población de 15 años o más (miles);;90,8
2013;Catalunya;con la Administración del Estado en Cataluña;extranjero;más castellano que catalán;población de 15 años o más (miles);;98,5
2013;Catalunya;con la Administración del Estado en Cataluña;extranjero;solo castellano;población de 15 años o más (miles);;785,1
2013;Catalunya;con la Administración del Estado en Cataluña;extranjero;otra lengua (o lenguas);población de 15 años o más (miles);..;null
2013;Catalunya;con la Administración del Estado en Cataluña;extranjero;catalán y otra lengua (o lenguas);población de 15 años o más (miles);..;null
2013;Catalunya;con la Administración del Estado en Cataluña;extranjero;castellano y otra lengua (o lenguas);población de 15 años o más (miles);..;null
2013;Catalunya;con la Administración del Estado en Cataluña;extranjero;otras combinaciones de lenguas;población de 15 años o más (miles);..;null
2013;Catalunya;con la Administración del Estado en Cataluña;extranjero;No consta;población de 15 años o más (miles);;48,5
2013;Catalunya;con la Administración del Estado en Cataluña;extranjero;total;población de 15 años o más (miles);;1160,8
2013;Catalunya;con la Administración del Estado en Cataluña;total;solo catalán;población de 15 años o más (miles);;1403,9
2013;Catalunya;con la Administración del Estado en Cataluña;total;más catalán que castellano;población de 15 años o más (miles);;812,7
2013;Catalunya;con la Administración del Estado en Cataluña;total;catalán y castellano;población de 15 años o más (miles);;684,8
2013;Catalunya;con la Administración del Estado en Cataluña;total;más castellano que catalán;población de 15 años o más (miles);;625,2
2013;Catalunya;con la Administración del Estado en Cataluña;total;solo castellano;población de 15 años o más (miles);;2343,4
2013;Catalunya;con la Administración del Estado en Cataluña;total;otra lengua (o lenguas);población de 15 años o más (miles);..;null
2013;Catalunya;con la Administración del Estado en Cataluña;total;catalán y otra lengua (o lenguas);población de 15 años o más (miles);..;null
2013;Catalunya;con la Administración del Estado en Cataluña;total;castellano y otra lengua (o lenguas);población de 15 años o más (miles);..;null
2013;Catalunya;con la Administración del Estado en Cataluña;total;otras combinaciones de lenguas;población de 15 años o más (miles);..;null
2013;Catalunya;con la Administración del Estado en Cataluña;total;No consta;población de 15 años o más (miles);;372,2
2013;Catalunya;con la Administración del Estado en Cataluña;total;total;población de 15 años o más (miles);;6253,8
2013;Catalunya;con la policía local o Mossos d'Esquadra;Cataluña;solo catalán;población de 15 años o más (miles);..;null
2013;Catalunya;con la policía local o Mossos d'Esquadra;Cataluña;más catalán que castellano;población de 15 años o más (miles);..;null
2013;Catalunya;con la policía local o Mossos d'Esquadra;Cataluña;catalán y castellano;población de 15 años o más (miles);..;null
2013;Catalunya;con la policía local o Mossos d'Esquadra;Cataluña;más castellano que catalán;población de 15 años o más (miles);..;null
2013;Catalunya;con la policía local o Mossos d'Esquadra;Cataluña;solo castellano;población de 15 años o más (miles);..;null
2013;Catalunya;con la policía local o Mossos d'Esquadra;Cataluña;otra lengua (o lenguas);población de 15 años o más (miles);..;null
2013;Catalunya;con la policía local o Mossos d'Esquadra;Cataluña;catalán y otra lengua (o lenguas);población de 15 años o más (miles);..;null
2013;Catalunya;con la policía local o Mossos d'Esquadra;Cataluña;castellano y otra lengua (o lenguas);población de 15 años o más (miles);..;null
2013;Catalunya;con la policía local o Mossos d'Esquadra;Cataluña;otras combinaciones de lenguas;población de 15 años o más (miles);..;null
2013;Catalunya;con la policía local o Mossos d'Esquadra;Cataluña;No consta;población de 15 años o más (miles);..;null
2013;Catalunya;con la policía local o Mossos d'Esquadra;Cataluña;total;población de 15 años o más (miles);..;null
2013;Catalunya;con la policía local o Mossos d'Esquadra;resto de España;solo catalán;población de 15 años o más (miles);..;null
2013;Catalunya;con la policía local o Mossos d'Esquadra;resto de España;más catalán que castellano;población de 15 años o más (miles);..;null
2013;Catalunya;con la policía local o Mossos d'Esquadra;resto de España;catalán y castellano;población de 15 años o más (miles);..;null
2013;Catalunya;con la policía local o Mossos d'Esquadra;resto de España;más castellano que catalán;población de 15 años o más (miles);..;null
2013;Catalunya;con la policía local o Mossos d'Esquadra;resto de España;solo castellano;población de 15 años o más (miles);..;null
2013;Catalunya;con la policía local o Mossos d'Esquadra;resto de España;otra lengua (o lenguas);población de 15 años o más (miles);..;null
2013;Catalunya;con la policía local o Mossos d'Esquadra;resto de España;catalán y otra lengua (o lenguas);población de 15 años o más (miles);..;null
2013;Catalunya;con la policía local o Mossos d'Esquadra;resto de España;castellano y otra lengua (o lenguas);población de 15 años o más (miles);..;null
2013;Catalunya;con la policía local o Mossos d'Esquadra;resto de España;otras combinaciones de lenguas;población de 15 años o más (miles);..;null
2013;Catalunya;con la policía local o Mossos d'Esquadra;resto de España;No consta;población de 15 años o más (miles);..;null
2013;Catalunya;con la policía local o Mossos d'Esquadra;resto de España;total;población de 15 años o más (miles);..;null
2013;Catalunya;con la policía local o Mossos d'Esquadra;extranjero;solo catalán;población de 15 años o más (miles);..;null
2013;Catalunya;con la policía local o Mossos d'Esquadra;extranjero;más catalán que castellano;población de 15 años o más (miles);..;null
2013;Catalunya;con la policía local o Mossos d'Esquadra;extranjero;catalán y castellano;población de 15 años o más (miles);..;null
2013;Catalunya;con la policía local o Mossos d'Esquadra;extranjero;más castellano que catalán;población de 15 años o más (miles);..;null
2013;Catalunya;con la policía local o Mossos d'Esquadra;extranjero;solo castellano;población de 15 años o más (miles);..;null
2013;Catalunya;con la policía local o Mossos d'Esquadra;extranjero;otra lengua (o lenguas);población de 15 años o más (miles);..;null
2013;Catalunya;con la policía local o Mossos d'Esquadra;extranjero;catalán y otra lengua (o lenguas);población de 15 años o más (miles);..;null
2013;Catalunya;con la policía local o Mossos d'Esquadra;extranjero;castellano y otra lengua (o lenguas);población de 15 años o más (miles);..;null
2013;Catalunya;con la policía local o Mossos d'Esquadra;extranjero;otras combinaciones de lenguas;población de 15 años o más (miles);..;null
2013;Catalunya;con la policía local o Mossos d'Esquadra;extranjero;No consta;población de 15 años o más (miles);..;null
2013;Catalunya;con la policía local o Mossos d'Esquadra;extranjero;total;población de 15 años o más (miles);..;null
2013;Catalunya;con la policía local o Mossos d'Esquadra;total;solo catalán;población de 15 años o más (miles);..;null
2013;Catalunya;con la policía local o Mossos d'Esquadra;total;más catalán que castellano;población de 15 años o más (miles);..;null
2013;Catalunya;con la policía local o Mossos d'Esquadra;total;catalán y castellano;población de 15 años o más (miles);..;null
2013;Catalunya;con la policía local o Mossos d'Esquadra;total;más castellano que catalán;población de 15 años o más (miles);..;null
2013;Catalunya;con la policía local o Mossos d'Esquadra;total;solo castellano;población de 15 años o más (miles);..;null
2013;Catalunya;con la policía local o Mossos d'Esquadra;total;otra lengua (o lenguas);población de 15 años o más (miles);..;null
2013;Catalunya;con la policía local o Mossos d'Esquadra;total;catalán y otra lengua (o lenguas);población de 15 años o más (miles);..;null
2013;Catalunya;con la policía local o Mossos d'Esquadra;total;castellano y otra lengua (o lenguas);población de 15 años o más (miles);..;null
2013;Catalunya;con la policía local o Mossos d'Esquadra;total;otras combinaciones de lenguas;población de 15 años o más (miles);..;null
2013;Catalunya;con la policía local o Mossos d'Esquadra;total;No consta;población de 15 años o más (miles);..;null
2013;Catalunya;con la policía local o Mossos d'Esquadra;total;total;población de 15 años o más (miles);..;null
2013;Catalunya;con los órganos judiciales;Cataluña;solo catalán;población de 15 años o más (miles);..;null
2013;Catalunya;con los órganos judiciales;Cataluña;más catalán que castellano;población de 15 años o más (miles);..;null
2013;Catalunya;con los órganos judiciales;Cataluña;catalán y castellano;población de 15 años o más (miles);..;null
2013;Catalunya;con los órganos judiciales;Cataluña;más castellano que catalán;población de 15 años o más (miles);..;null
2013;Catalunya;con los órganos judiciales;Cataluña;solo castellano;población de 15 años o más (miles);..;null
2013;Catalunya;con los órganos judiciales;Cataluña;otra lengua (o lenguas);población de 15 años o más (miles);..;null
2013;Catalunya;con los órganos judiciales;Cataluña;catalán y otra lengua (o lenguas);población de 15 años o más (miles);..;null
2013;Catalunya;con los órganos judiciales;Cataluña;castellano y otra lengua (o lenguas);población de 15 años o más (miles);..;null
2013;Catalunya;con los órganos judiciales;Cataluña;otras combinaciones de lenguas;población de 15 años o más (miles);..;null
2013;Catalunya;con los órganos judiciales;Cataluña;No consta;población de 15 años o más (miles);..;null
2013;Catalunya;con los órganos judiciales;Cataluña;total;población de 15 años o más (miles);..;null
2013;Catalunya;con los órganos judiciales;resto de España;solo catalán;población de 15 años o más (miles);..;null
2013;Catalunya;con los órganos judiciales;resto de España;más catalán que castellano;población de 15 años o más (miles);..;null
2013;Catalunya;con los órganos judiciales;resto de España;catalán y castellano;población de 15 años o más (miles);..;null
2013;Catalunya;con los órganos judiciales;resto de España;más castellano que catalán;población de 15 años o más (miles);..;null
2013;Catalunya;con los órganos judiciales;resto de España;solo castellano;población de 15 años o más (miles);..;null
2013;Catalunya;con los órganos judiciales;resto de España;otra lengua (o lenguas);población de 15 años o más (miles);..;null
2013;Catalunya;con los órganos judiciales;resto de España;catalán y otra lengua (o lenguas);población de 15 años o más (miles);..;null
2013;Catalunya;con los órganos judiciales;resto de España;castellano y otra lengua (o lenguas);población de 15 años o más (miles);..;null
2013;Catalunya;con los órganos judiciales;resto de España;otras combinaciones de lenguas;población de 15 años o más (miles);..;null
2013;Catalunya;con los órganos judiciales;resto de España;No consta;población de 15 años o más (miles);..;null
2013;Catalunya;con los órganos judiciales;resto de España;total;población de 15 años o más (miles);..;null
2013;Catalunya;con los órganos judiciales;extranjero;solo catalán;población de 15 años o más (miles);..;null
2013;Catalunya;con los órganos judiciales;extranjero;más catalán que castellano;población de 15 años o más (miles);..;null
2013;Catalunya;con los órganos judiciales;extranjero;catalán y castellano;población de 15 años o más (miles);..;null
2013;Catalunya;con los órganos judiciales;extranjero;más castellano que catalán;población de 15 años o más (miles);..;null
2013;Catalunya;con los órganos judiciales;extranjero;solo castellano;población de 15 años o más (miles);..;null
2013;Catalunya;con los órganos judiciales;extranjero;otra lengua (o lenguas);población de 15 años o más (miles);..;null
2013;Catalunya;con los órganos judiciales;extranjero;catalán y otra lengua (o lenguas);población de 15 años o más (miles);..;null
2013;Catalunya;con los órganos judiciales;extranjero;castellano y otra lengua (o lenguas);población de 15 años o más (miles);..;null
2013;Catalunya;con los órganos judiciales;extranjero;otras combinaciones de lenguas;población de 15 años o más (miles);..;null
2013;Catalunya;con los órganos judiciales;extranjero;No consta;población de 15 años o más (miles);..;null
2013;Catalunya;con los órganos judiciales;extranjero;total;población de 15 años o más (miles);..;null
2013;Catalunya;con los órganos judiciales;total;solo catalán;población de 15 años o más (miles);..;null
2013;Catalunya;con los órganos judiciales;total;más catalán que castellano;población de 15 años o más (miles);..;null
2013;Catalunya;con los órganos judiciales;total;catalán y castellano;población de 15 años o más (miles);..;null
2013;Catalunya;con los órganos judiciales;total;más castellano que catalán;población de 15 años o más (miles);..;null
2013;Catalunya;con los órganos judiciales;total;solo castellano;población de 15 años o más (miles);..;null
2013;Catalunya;con los órganos judiciales;total;otra lengua (o lenguas);población de 15 años o más (miles);..;null
2013;Catalunya;con los órganos judiciales;total;catalán y otra lengua (o lenguas);población de 15 años o más (miles);..;null
2013;Catalunya;con los órganos judiciales;total;castellano y otra lengua (o lenguas);población de 15 años o más (miles);..;null
2013;Catalunya;con los órganos judiciales;total;otras combinaciones de lenguas;población de 15 años o más (miles);..;null
2013;Catalunya;con los órganos judiciales;total;No consta;población de 15 años o más (miles);..;null
2013;Catalunya;con los órganos judiciales;total;total;población de 15 años o más (miles);..;null
2013;Catalunya;con el personal médico;Cataluña;solo catalán;población de 15 años o más (miles);;1540,5
2013;Catalunya;con el personal médico;Cataluña;más catalán que castellano;población de 15 años o más (miles);;678,4
2013;Catalunya;con el personal médico;Cataluña;catalán y castellano;población de 15 años o más (miles);;527,1
2013;Catalunya;con el personal médico;Cataluña;más castellano que catalán;población de 15 años o más (miles);;259,1
2013;Catalunya;con el personal médico;Cataluña;solo castellano;población de 15 años o más (miles);;640,3
2013;Catalunya;con el personal médico;Cataluña;otra lengua (o lenguas);población de 15 años o más (miles);..;null
2013;Catalunya;con el personal médico;Cataluña;catalán y otra lengua (o lenguas);población de 15 años o más (miles);..;null
2013;Catalunya;con el personal médico;Cataluña;castellano y otra lengua (o lenguas);población de 15 años o más (miles);..;null
2013;Catalunya;con el personal médico;Cataluña;otras combinaciones de lenguas;población de 15 años o más (miles);;1,3
2013;Catalunya;con el personal médico;Cataluña;No consta;población de 15 años o más (miles);;33,5
2013;Catalunya;con el personal médico;Cataluña;total;población de 15 años o más (miles);;3682,2
2013;Catalunya;con el personal médico;resto de España;solo catalán;población de 15 años o más (miles);;117,0
2013;Catalunya;con el personal médico;resto de España;más catalán que castellano;población de 15 años o más (miles);;60,1
2013;Catalunya;con el personal médico;resto de España;catalán y castellano;población de 15 años o más (miles);;128,8
2013;Catalunya;con el personal médico;resto de España;más castellano que catalán;población de 15 años o más (miles);;97,6
2013;Catalunya;con el personal médico;resto de España;solo castellano;población de 15 años o más (miles);;994,3
2013;Catalunya;con el personal médico;resto de España;otra lengua (o lenguas);población de 15 años o más (miles);..;null
2013;Catalunya;con el personal médico;resto de España;catalán y otra lengua (o lenguas);población de 15 años o más (miles);..;null
2013;Catalunya;con el personal médico;resto de España;castellano y otra lengua (o lenguas);población de 15 años o más (miles);..;null
2013;Catalunya;con el personal médico;resto de España;otras combinaciones de lenguas;población de 15 años o más (miles);..;null
2013;Catalunya;con el personal médico;resto de España;No consta;población de 15 años o más (miles);..;null
2013;Catalunya;con el personal médico;resto de España;total;población de 15 años o más (miles);;1410,8
2013;Catalunya;con el personal médico;extranjero;solo catalán;población de 15 años o más (miles);;80,9
2013;Catalunya;con el personal médico;extranjero;más catalán que castellano;población de 15 años o más (miles);;40,3
2013;Catalunya;con el personal médico;extranjero;catalán y castellano;población de 15 años o más (miles);;97,2
2013;Catalunya;con el personal médico;extranjero;más castellano que catalán;población de 15 años o más (miles);;89,7
2013;Catalunya;con el personal médico;extranjero;solo castellano;población de 15 años o más (miles);;817,0
2013;Catalunya;con el personal médico;extranjero;otra lengua (o lenguas);población de 15 años o más (miles);..;null
2013;Catalunya;con el personal médico;extranjero;catalán y otra lengua (o lenguas);población de 15 años o más (miles);..;null
2013;Catalunya;con el personal médico;extranjero;castellano y otra lengua (o lenguas);población de 15 años o más (miles);..;null
2013;Catalunya;con el personal médico;extranjero;otras combinaciones de lenguas;población de 15 años o más (miles);..;null
2013;Catalunya;con el personal médico;extranjero;No consta;población de 15 años o más (miles);..;null
2013;Catalunya;con el personal médico;extranjero;total;población de 15 años o más (miles);;1160,8
2013;Catalunya;con el personal médico;total;solo catalán;población de 15 años o más (miles);;1738,4
2013;Catalunya;con el personal médico;total;más catalán que castellano;población de 15 años o más (miles);;778,7
2013;Catalunya;con el personal médico;total;catalán y castellano;población de 15 años o más (miles);;753,1
2013;Catalunya;con el personal médico;total;más castellano que catalán;población de 15 años o más (miles);;446,5
2013;Catalunya;con el personal médico;total;solo castellano;población de 15 años o más (miles);;2451,6
2013;Catalunya;con el personal médico;total;otra lengua (o lenguas);población de 15 años o más (miles);;16,2
2013;Catalunya;con el personal médico;total;catalán y otra lengua (o lenguas);población de 15 años o más (miles);..;null
2013;Catalunya;con el personal médico;total;castellano y otra lengua (o lenguas);población de 15 años o más (miles);;6,6
2013;Catalunya;con el personal médico;total;otras combinaciones de lenguas;población de 15 años o más (miles);;1,4
2013;Catalunya;con el personal médico;total;No consta;población de 15 años o más (miles);;60,4
2013;Catalunya;con el personal médico;total;total;población de 15 años o más (miles);;6253,8
2013;Catalunya;al contestar al personal médico en la consulta;Cataluña;solo catalán;población de 15 años o más (miles);..;null
2013;Catalunya;al contestar al personal médico en la consulta;Cataluña;más catalán que castellano;población de 15 años o más (miles);..;null
2013;Catalunya;al contestar al personal médico en la consulta;Cataluña;catalán y castellano;población de 15 años o más (miles);..;null
2013;Catalunya;al contestar al personal médico en la consulta;Cataluña;más castellano que catalán;población de 15 años o más (miles);..;null
2013;Catalunya;al contestar al personal médico en la consulta;Cataluña;solo castellano;población de 15 años o más (miles);..;null
2013;Catalunya;al contestar al personal médico en la consulta;Cataluña;otra lengua (o lenguas);población de 15 años o más (miles);..;null
2013;Catalunya;al contestar al personal médico en la consulta;Cataluña;catalán y otra lengua (o lenguas);población de 15 años o más (miles);..;null
2013;Catalunya;al contestar al personal médico en la consulta;Cataluña;castellano y otra lengua (o lenguas);población de 15 años o más (miles);..;null
2013;Catalunya;al contestar al personal médico en la consulta;Cataluña;otras combinaciones de lenguas;población de 15 años o más (miles);..;null
2013;Catalunya;al contestar al personal médico en la consulta;Cataluña;No consta;población de 15 años o más (miles);..;null
2013;Catalunya;al contestar al personal médico en la consulta;Cataluña;total;población de 15 años o más (miles);..;null
2013;Catalunya;al contestar al personal médico en la consulta;resto de España;solo catalán;población de 15 años o más (miles);..;null
2013;Catalunya;al contestar al personal médico en la consulta;resto de España;más catalán que castellano;población de 15 años o más (miles);..;null
2013;Catalunya;al contestar al personal médico en la consulta;resto de España;catalán y castellano;población de 15 años o más (miles);..;null
2013;Catalunya;al contestar al personal médico en la consulta;resto de España;más castellano que catalán;población de 15 años o más (miles);..;null
2013;Catalunya;al contestar al personal médico en la consulta;resto de España;solo castellano;población de 15 años o más (miles);..;null
2013;Catalunya;al contestar al personal médico en la consulta;resto de España;otra lengua (o lenguas);población de 15 años o más (miles);..;null
2013;Catalunya;al contestar al personal médico en la consulta;resto de España;catalán y otra lengua (o lenguas);población de 15 años o más (miles);..;null
2013;Catalunya;al contestar al personal médico en la consulta;resto de España;castellano y otra lengua (o lenguas);población de 15 años o más (miles);..;null
2013;Catalunya;al contestar al personal médico en la consulta;resto de España;otras combinaciones de lenguas;población de 15 años o más (miles);..;null
2013;Catalunya;al contestar al personal médico en la consulta;resto de España;No consta;población de 15 años o más (miles);..;null
2013;Catalunya;al contestar al personal médico en la consulta;resto de España;total;población de 15 años o más (miles);..;null
2013;Catalunya;al contestar al personal médico en la consulta;extranjero;solo catalán;población de 15 años o más (miles);..;null
2013;Catalunya;al contestar al personal médico en la consulta;extranjero;más catalán que castellano;población de 15 años o más (miles);..;null
2013;Catalunya;al contestar al personal médico en la consulta;extranjero;catalán y castellano;población de 15 años o más (miles);..;null
2013;Catalunya;al contestar al personal médico en la consulta;extranjero;más castellano que catalán;población de 15 años o más (miles);..;null
2013;Catalunya;al contestar al personal médico en la consulta;extranjero;solo castellano;población de 15 años o más (miles);..;null
2013;Catalunya;al contestar al personal médico en la consulta;extranjero;otra lengua (o lenguas);población de 15 años o más (miles);..;null
2013;Catalunya;al contestar al personal médico en la consulta;extranjero;catalán y otra lengua (o lenguas);población de 15 años o más (miles);..;null
2013;Catalunya;al contestar al personal médico en la consulta;extranjero;castellano y otra lengua (o lenguas);población de 15 años o más (miles);..;null
2013;Catalunya;al contestar al personal médico en la consulta;extranjero;otras combinaciones de lenguas;población de 15 años o más (miles);..;null
2013;Catalunya;al contestar al personal médico en la consulta;extranjero;No consta;población de 15 años o más (miles);..;null
2013;Catalunya;al contestar al personal médico en la consulta;extranjero;total;población de 15 años o más (miles);..;null
2013;Catalunya;al contestar al personal médico en la consulta;total;solo catalán;población de 15 años o más (miles);..;null
2013;Catalunya;al contestar al personal médico en la consulta;total;más catalán que castellano;población de 15 años o más (miles);..;null
2013;Catalunya;al contestar al personal médico en la consulta;total;catalán y castellano;población de 15 años o más (miles);..;null
2013;Catalunya;al contestar al personal médico en la consulta;total;más castellano que catalán;población de 15 años o más (miles);..;null
2013;Catalunya;al contestar al personal médico en la consulta;total;solo castellano;población de 15 años o más (miles);..;null
2013;Catalunya;al contestar al personal médico en la consulta;total;otra lengua (o lenguas);población de 15 años o más (miles);..;null
2013;Catalunya;al contestar al personal médico en la consulta;total;catalán y otra lengua (o lenguas);población de 15 años o más (miles);..;null
2013;Catalunya;al contestar al personal médico en la consulta;total;castellano y otra lengua (o lenguas);población de 15 años o más (miles);..;null
2013;Catalunya;al contestar al personal médico en la consulta;total;otras combinaciones de lenguas;población de 15 años o más (miles);..;null
2013;Catalunya;al contestar al personal médico en la consulta;total;No consta;población de 15 años o más (miles);..;null
2013;Catalunya;al contestar al personal médico en la consulta;total;total;población de 15 años o más (miles);..;null
2013;Catalunya;al escribir mensajes de móvil;Cataluña;solo catalán;población de 15 años o más (miles);..;null
2013;Catalunya;al escribir mensajes de móvil;Cataluña;más catalán que castellano;población de 15 años o más (miles);..;null
2013;Catalunya;al escribir mensajes de móvil;Cataluña;catalán y castellano;población de 15 años o más (miles);..;null
2013;Catalunya;al escribir mensajes de móvil;Cataluña;más castellano que catalán;población de 15 años o más (miles);..;null
2013;Catalunya;al escribir mensajes de móvil;Cataluña;solo castellano;población de 15 años o más (miles);..;null
2013;Catalunya;al escribir mensajes de móvil;Cataluña;otra lengua (o lenguas);población de 15 años o más (miles);..;null
2013;Catalunya;al escribir mensajes de móvil;Cataluña;catalán y otra lengua (o lenguas);población de 15 años o más (miles);..;null
2013;Catalunya;al escribir mensajes de móvil;Cataluña;castellano y otra lengua (o lenguas);población de 15 años o más (miles);..;null
2013;Catalunya;al escribir mensajes de móvil;Cataluña;otras combinaciones de lenguas;población de 15 años o más (miles);..;null
2013;Catalunya;al escribir mensajes de móvil;Cataluña;No consta;población de 15 años o más (miles);..;null
2013;Catalunya;al escribir mensajes de móvil;Cataluña;total;población de 15 años o más (miles);..;null
2013;Catalunya;al escribir mensajes de móvil;resto de España;solo catalán;población de 15 años o más (miles);..;null
2013;Catalunya;al escribir mensajes de móvil;resto de España;más catalán que castellano;población de 15 años o más (miles);..;null
2013;Catalunya;al escribir mensajes de móvil;resto de España;catalán y castellano;población de 15 años o más (miles);..;null
2013;Catalunya;al escribir mensajes de móvil;resto de España;más castellano que catalán;población de 15 años o más (miles);..;null
2013;Catalunya;al escribir mensajes de móvil;resto de España;solo castellano;población de 15 años o más (miles);..;null
2013;Catalunya;al escribir mensajes de móvil;resto de España;otra lengua (o lenguas);población de 15 años o más (miles);..;null
2013;Catalunya;al escribir mensajes de móvil;resto de España;catalán y otra lengua (o lenguas);población de 15 años o más (miles);..;null
2013;Catalunya;al escribir mensajes de móvil;resto de España;castellano y otra lengua (o lenguas);población de 15 años o más (miles);..;null
2013;Catalunya;al escribir mensajes de móvil;resto de España;otras combinaciones de lenguas;población de 15 años o más (miles);..;null
2013;Catalunya;al escribir mensajes de móvil;resto de España;No consta;población de 15 años o más (miles);..;null
2013;Catalunya;al escribir mensajes de móvil;resto de España;total;población de 15 años o más (miles);..;null
2013;Catalunya;al escribir mensajes de móvil;extranjero;solo catalán;población de 15 años o más (miles);..;null
2013;Catalunya;al escribir mensajes de móvil;extranjero;más catalán que castellano;población de 15 años o más (miles);..;null
2013;Catalunya;al escribir mensajes de móvil;extranjero;catalán y castellano;población de 15 años o más (miles);..;null
2013;Catalunya;al escribir mensajes de móvil;extranjero;más castellano que catalán;población de 15 años o más (miles);..;null
2013;Catalunya;al escribir mensajes de móvil;extranjero;solo castellano;población de 15 años o más (miles);..;null
2013;Catalunya;al escribir mensajes de móvil;extranjero;otra lengua (o lenguas);población de 15 años o más (miles);..;null
2013;Catalunya;al escribir mensajes de móvil;extranjero;catalán y otra lengua (o lenguas);población de 15 años o más (miles);..;null
2013;Catalunya;al escribir mensajes de móvil;extranjero;castellano y otra lengua (o lenguas);población de 15 años o más (miles);..;null
2013;Catalunya;al escribir mensajes de móvil;extranjero;otras combinaciones de lenguas;población de 15 años o más (miles);..;null
2013;Catalunya;al escribir mensajes de móvil;extranjero;No consta;población de 15 años o más (miles);..;null
2013;Catalunya;al escribir mensajes de móvil;extranjero;total;población de 15 años o más (miles);..;null
2013;Catalunya;al escribir mensajes de móvil;total;solo catalán;población de 15 años o más (miles);..;null
2013;Catalunya;al escribir mensajes de móvil;total;más catalán que castellano;población de 15 años o más (miles);..;null
2013;Catalunya;al escribir mensajes de móvil;total;catalán y castellano;población de 15 años o más (miles);..;null
2013;Catalunya;al escribir mensajes de móvil;total;más castellano que catalán;población de 15 años o más (miles);..;null
2013;Catalunya;al escribir mensajes de móvil;total;solo castellano;población de 15 años o más (miles);..;null
2013;Catalunya;al escribir mensajes de móvil;total;otra lengua (o lenguas);población de 15 años o más (miles);..;null
2013;Catalunya;al escribir mensajes de móvil;total;catalán y otra lengua (o lenguas);población de 15 años o más (miles);..;null
2013;Catalunya;al escribir mensajes de móvil;total;castellano y otra lengua (o lenguas);población de 15 años o más (miles);..;null
2013;Catalunya;al escribir mensajes de móvil;total;otras combinaciones de lenguas;población de 15 años o más (miles);..;null
2013;Catalunya;al escribir mensajes de móvil;total;No consta;población de 15 años o más (miles);..;null
2013;Catalunya;al escribir mensajes de móvil;total;total;población de 15 años o más (miles);..;null
2013;Catalunya;al hacer publicaciones en las redes sociales;Cataluña;solo catalán;población de 15 años o más (miles);..;null
2013;Catalunya;al hacer publicaciones en las redes sociales;Cataluña;más catalán que castellano;población de 15 años o más (miles);..;null
2013;Catalunya;al hacer publicaciones en las redes sociales;Cataluña;catalán y castellano;población de 15 años o más (miles);..;null
2013;Catalunya;al hacer publicaciones en las redes sociales;Cataluña;más castellano que catalán;población de 15 años o más (miles);..;null
2013;Catalunya;al hacer publicaciones en las redes sociales;Cataluña;solo castellano;población de 15 años o más (miles);..;null
2013;Catalunya;al hacer publicaciones en las redes sociales;Cataluña;otra lengua (o lenguas);población de 15 años o más (miles);..;null
2013;Catalunya;al hacer publicaciones en las redes sociales;Cataluña;catalán y otra lengua (o lenguas);población de 15 años o más (miles);..;null
2013;Catalunya;al hacer publicaciones en las redes sociales;Cataluña;castellano y otra lengua (o lenguas);población de 15 años o más (miles);..;null
2013;Catalunya;al hacer publicaciones en las redes sociales;Cataluña;otras combinaciones de lenguas;población de 15 años o más (miles);..;null
2013;Catalunya;al hacer publicaciones en las redes sociales;Cataluña;No consta;población de 15 años o más (miles);..;null
2013;Catalunya;al hacer publicaciones en las redes sociales;Cataluña;total;población de 15 años o más (miles);..;null
2013;Catalunya;al hacer publicaciones en las redes sociales;resto de España;solo catalán;población de 15 años o más (miles);..;null
2013;Catalunya;al hacer publicaciones en las redes sociales;resto de España;más catalán que castellano;población de 15 años o más (miles);..;null
2013;Catalunya;al hacer publicaciones en las redes sociales;resto de España;catalán y castellano;población de 15 años o más (miles);..;null
2013;Catalunya;al hacer publicaciones en las redes sociales;resto de España;más castellano que catalán;población de 15 años o más (miles);..;null
2013;Catalunya;al hacer publicaciones en las redes sociales;resto de España;solo castellano;población de 15 años o más (miles);..;null
2013;Catalunya;al hacer publicaciones en las redes sociales;resto de España;otra lengua (o lenguas);población de 15 años o más (miles);..;null
2013;Catalunya;al hacer publicaciones en las redes sociales;resto de España;catalán y otra lengua (o lenguas);población de 15 años o más (miles);..;null
2013;Catalunya;al hacer publicaciones en las redes sociales;resto de España;castellano y otra lengua (o lenguas);población de 15 años o más (miles);..;null
2013;Catalunya;al hacer publicaciones en las redes sociales;resto de España;otras combinaciones de lenguas;población de 15 años o más (miles);..;null
2013;Catalunya;al hacer publicaciones en las redes sociales;resto de España;No consta;población de 15 años o más (miles);..;null
2013;Catalunya;al hacer publicaciones en las redes sociales;resto de España;total;población de 15 años o más (miles);..;null
2013;Catalunya;al hacer publicaciones en las redes sociales;extranjero;solo catalán;población de 15 años o más (miles);..;null
2013;Catalunya;al hacer publicaciones en las redes sociales;extranjero;más catalán que castellano;población de 15 años o más (miles);..;null
2013;Catalunya;al hacer publicaciones en las redes sociales;extranjero;catalán y castellano;población de 15 años o más (miles);..;null
2013;Catalunya;al hacer publicaciones en las redes sociales;extranjero;más castellano que catalán;población de 15 años o más (miles);..;null
2013;Catalunya;al hacer publicaciones en las redes sociales;extranjero;solo castellano;población de 15 años o más (miles);..;null
2013;Catalunya;al hacer publicaciones en las redes sociales;extranjero;otra lengua (o lenguas);población de 15 años o más (miles);..;null
2013;Catalunya;al hacer publicaciones en las redes sociales;extranjero;catalán y otra lengua (o lenguas);población de 15 años o más (miles);..;null
2013;Catalunya;al hacer publicaciones en las redes sociales;extranjero;castellano y otra lengua (o lenguas);población de 15 años o más (miles);..;null
2013;Catalunya;al hacer publicaciones en las redes sociales;extranjero;otras combinaciones de lenguas;población de 15 años o más (miles);..;null
2013;Catalunya;al hacer publicaciones en las redes sociales;extranjero;No consta;población de 15 años o más (miles);..;null
2013;Catalunya;al hacer publicaciones en las redes sociales;extranjero;total;población de 15 años o más (miles);..;null
2013;Catalunya;al hacer publicaciones en las redes sociales;total;solo catalán;población de 15 años o más (miles);..;null
2013;Catalunya;al hacer publicaciones en las redes sociales;total;más catalán que castellano;población de 15 años o más (miles);..;null
2013;Catalunya;al hacer publicaciones en las redes sociales;total;catalán y castellano;población de 15 años o más (miles);..;null
2013;Catalunya;al hacer publicaciones en las redes sociales;total;más castellano que catalán;población de 15 años o más (miles);..;null
2013;Catalunya;al hacer publicaciones en las redes sociales;total;solo castellano;población de 15 años o más (miles);..;null
2013;Catalunya;al hacer publicaciones en las redes sociales;total;otra lengua (o lenguas);población de 15 años o más (miles);..;null
2013;Catalunya;al hacer publicaciones en las redes sociales;total;catalán y otra lengua (o lenguas);población de 15 años o más (miles);..;null
2013;Catalunya;al hacer publicaciones en las redes sociales;total;castellano y otra lengua (o lenguas);población de 15 años o más (miles);..;null
2013;Catalunya;al hacer publicaciones en las redes sociales;total;otras combinaciones de lenguas;población de 15 años o más (miles);..;null
2013;Catalunya;al hacer publicaciones en las redes sociales;total;No consta;población de 15 años o más (miles);..;null
2013;Catalunya;al hacer publicaciones en las redes sociales;total;total;población de 15 años o más (miles);..;null
2018;Catalunya;con los miembros del hogar;Cataluña;solo catalán;población de 15 años o más (miles);;1477,6
2018;Catalunya;con los miembros del hogar;Cataluña;más catalán que castellano;población de 15 años o más (miles);;278,4
2018;Catalunya;con los miembros del hogar;Cataluña;catalán y castellano;población de 15 años o más (miles);;345,3
2018;Catalunya;con los miembros del hogar;Cataluña;más castellano que catalán;población de 15 años o más (miles);;377,0
2018;Catalunya;con los miembros del hogar;Cataluña;solo castellano;población de 15 años o más (miles);;909,5
2018;Catalunya;con los miembros del hogar;Cataluña;otra lengua (o lenguas);población de 15 años o más (miles);;6,7
2018;Catalunya;con los miembros del hogar;Cataluña;catalán y otra lengua (o lenguas);población de 15 años o más (miles);;17,0
2018;Catalunya;con los miembros del hogar;Cataluña;castellano y otra lengua (o lenguas);población de 15 años o más (miles);;23,3
2018;Catalunya;con los miembros del hogar;Cataluña;otras combinaciones de lenguas;población de 15 años o más (miles);;24,8
2018;Catalunya;con los miembros del hogar;Cataluña;No consta;población de 15 años o más (miles);..;null
2018;Catalunya;con los miembros del hogar;Cataluña;total;población de 15 años o más (miles);;3463,3
2018;Catalunya;con los miembros del hogar;resto de España;solo catalán;población de 15 años o más (miles);;64,6
2018;Catalunya;con los miembros del hogar;resto de España;más catalán que castellano;población de 15 años o más (miles);;33,2
2018;Catalunya;con los miembros del hogar;resto de España;catalán y castellano;población de 15 años o más (miles);;61,7
2018;Catalunya;con los miembros del hogar;resto de España;más castellano que catalán;población de 15 años o más (miles);;116,5
2018;Catalunya;con los miembros del hogar;resto de España;solo castellano;población de 15 años o más (miles);;742,3
2018;Catalunya;con los miembros del hogar;resto de España;otra lengua (o lenguas);población de 15 años o más (miles);..;null
2018;Catalunya;con los miembros del hogar;resto de España;catalán y otra lengua (o lenguas);población de 15 años o más (miles);..;null
2018;Catalunya;con los miembros del hogar;resto de España;castellano y otra lengua (o lenguas);población de 15 años o más (miles);;21,1
2018;Catalunya;con los miembros del hogar;resto de España;otras combinaciones de lenguas;población de 15 años o más (miles);..;null
2018;Catalunya;con los miembros del hogar;resto de España;No consta;población de 15 años o más (miles);..;null
2018;Catalunya;con los miembros del hogar;resto de España;total;población de 15 años o más (miles);;1055,1
2018;Catalunya;con los miembros del hogar;extranjero;solo catalán;población de 15 años o más (miles);;20,8
2018;Catalunya;con los miembros del hogar;extranjero;más catalán que castellano;población de 15 años o más (miles);;12,0
2018;Catalunya;con los miembros del hogar;extranjero;catalán y castellano;población de 15 años o más (miles);;38,4
2018;Catalunya;con los miembros del hogar;extranjero;más castellano que catalán;población de 15 años o más (miles);;84,5
2018;Catalunya;con los miembros del hogar;extranjero;solo castellano;población de 15 años o más (miles);;514,4
2018;Catalunya;con los miembros del hogar;extranjero;otra lengua (o lenguas);población de 15 años o más (miles);;245,6
2018;Catalunya;con los miembros del hogar;extranjero;catalán y otra lengua (o lenguas);población de 15 años o más (miles);;21,2
2018;Catalunya;con los miembros del hogar;extranjero;castellano y otra lengua (o lenguas);población de 15 años o más (miles);;235,9
2018;Catalunya;con los miembros del hogar;extranjero;otras combinaciones de lenguas;población de 15 años o más (miles);;43,4
2018;Catalunya;con los miembros del hogar;extranjero;No consta;población de 15 años o más (miles);..;null
2018;Catalunya;con los miembros del hogar;extranjero;total;población de 15 años o más (miles);;1221,2
2018;Catalunya;con los miembros del hogar;total;solo catalán;población de 15 años o más (miles);;1562,9
2018;Catalunya;con los miembros del hogar;total;más catalán que castellano;población de 15 años o más (miles);;323,7
2018;Catalunya;con los miembros del hogar;total;catalán y castellano;población de 15 años o más (miles);;445,4
2018;Catalunya;con los miembros del hogar;total;más castellano que catalán;población de 15 años o más (miles);;578,0
2018;Catalunya;con los miembros del hogar;total;solo castellano;población de 15 años o más (miles);;2166,2
2018;Catalunya;con los miembros del hogar;total;otra lengua (o lenguas);población de 15 años o más (miles);;262,8
2018;Catalunya;con los miembros del hogar;total;catalán y otra lengua (o lenguas);población de 15 años o más (miles);;39,5
2018;Catalunya;con los miembros del hogar;total;castellano y otra lengua (o lenguas);población de 15 años o más (miles);;280,2
2018;Catalunya;con los miembros del hogar;total;otras combinaciones de lenguas;población de 15 años o más (miles);;71,4
2018;Catalunya;con los miembros del hogar;total;No consta;población de 15 años o más (miles);..;null
2018;Catalunya;con los miembros del hogar;total;total;población de 15 años o más (miles);;5739,5
2018;Catalunya;con los amigos;Cataluña;solo catalán;población de 15 años o más (miles);;795,8
2018;Catalunya;con los amigos;Cataluña;más catalán que castellano;población de 15 años o más (miles);;951,7
2018;Catalunya;con los amigos;Cataluña;catalán y castellano;población de 15 años o más (miles);;847,6
2018;Catalunya;con los amigos;Cataluña;más castellano que catalán;población de 15 años o más (miles);;530,8
2018;Catalunya;con los amigos;Cataluña;solo castellano;población de 15 años o más (miles);;593,6
2018;Catalunya;con los amigos;Cataluña;otra lengua (o lenguas);población de 15 años o más (miles);..;null
2018;Catalunya;con los amigos;Cataluña;catalán y otra lengua (o lenguas);población de 15 años o más (miles);;7,0
2018;Catalunya;con los amigos;Cataluña;castellano y otra lengua (o lenguas);población de 15 años o más (miles);;15,2
2018;Catalunya;con los amigos;Cataluña;otras combinaciones de lenguas;población de 15 años o más (miles);;60,4
2018;Catalunya;con los amigos;Cataluña;No consta;población de 15 años o más (miles);;16,6
2018;Catalunya;con los amigos;Cataluña;total;población de 15 años o más (miles);;3820,0
2018;Catalunya;con los amigos;resto de España;solo catalán;población de 15 años o más (miles);;39,8
2018;Catalunya;con los amigos;resto de España;más catalán que castellano;población de 15 años o más (miles);;66,5
2018;Catalunya;con los amigos;resto de España;catalán y castellano;población de 15 años o más (miles);;229,0
2018;Catalunya;con los amigos;resto de España;más castellano que catalán;población de 15 años o más (miles);;162,5
2018;Catalunya;con los amigos;resto de España;solo castellano;población de 15 años o más (miles);;740,5
2018;Catalunya;con los amigos;resto de España;otra lengua (o lenguas);población de 15 años o más (miles);..;null
2018;Catalunya;con los amigos;resto de España;catalán y otra lengua (o lenguas);población de 15 años o más (miles);..;null
2018;Catalunya;con los amigos;resto de España;castellano y otra lengua (o lenguas);población de 15 años o más (miles);;13,0
2018;Catalunya;con los amigos;resto de España;otras combinaciones de lenguas;población de 15 años o más (miles);;10,8
2018;Catalunya;con los amigos;resto de España;No consta;población de 15 años o más (miles);..;null
2018;Catalunya;con los amigos;resto de España;total;población de 15 años o más (miles);;1273,7
2018;Catalunya;con los amigos;extranjero;solo catalán;población de 15 años o más (miles);;18,9
2018;Catalunya;con los amigos;extranjero;más catalán que castellano;población de 15 años o más (miles);;32,6
2018;Catalunya;con los amigos;extranjero;catalán y castellano;población de 15 años o más (miles);;95,2
2018;Catalunya;con los amigos;extranjero;más castellano que catalán;población de 15 años o más (miles);;141,2
2018;Catalunya;con los amigos;extranjero;solo castellano;población de 15 años o más (miles);;513,6
2018;Catalunya;con los amigos;extranjero;otra lengua (o lenguas);población de 15 años o más (miles);;114,3
2018;Catalunya;con los amigos;extranjero;catalán y otra lengua (o lenguas);población de 15 años o más (miles);..;null
2018;Catalunya;con los amigos;extranjero;castellano y otra lengua (o lenguas);población de 15 años o más (miles);;297,5
2018;Catalunya;con los amigos;extranjero;otras combinaciones de lenguas;población de 15 años o más (miles);;55,9
2018;Catalunya;con los amigos;extranjero;No consta;población de 15 años o más (miles);;15,8
2018;Catalunya;con los amigos;extranjero;total;población de 15 años o más (miles);;1292,8
2018;Catalunya;con los amigos;total;solo catalán;población de 15 años o más (miles);;854,6
2018;Catalunya;con los amigos;total;más catalán que castellano;población de 15 años o más (miles);;1050,8
2018;Catalunya;con los amigos;total;catalán y castellano;población de 15 años o más (miles);;1171,7
2018;Catalunya;con los amigos;total;más castellano que catalán;población de 15 años o más (miles);;834,5
2018;Catalunya;con los amigos;total;solo castellano;población de 15 años o más (miles);;1847,6
2018;Catalunya;con los amigos;total;otra lengua (o lenguas);población de 15 años o más (miles);;116,1
2018;Catalunya;con los amigos;total;catalán y otra lengua (o lenguas);población de 15 años o más (miles);;17,3
2018;Catalunya;con los amigos;total;castellano y otra lengua (o lenguas);población de 15 años o más (miles);;325,7
2018;Catalunya;con los amigos;total;otras combinaciones de lenguas;población de 15 años o más (miles);;127,2
2018;Catalunya;con los amigos;total;No consta;población de 15 años o más (miles);;41,1
2018;Catalunya;con los amigos;total;total;población de 15 años o más (miles);;6386,6
2018;Catalunya;con los vecinos;Cataluña;solo catalán;población de 15 años o más (miles);;964,5
2018;Catalunya;con los vecinos;Cataluña;más catalán que castellano;población de 15 años o más (miles);;807,8
2018;Catalunya;con los vecinos;Cataluña;catalán y castellano;población de 15 años o más (miles);;790,4
2018;Catalunya;con los vecinos;Cataluña;más castellano que catalán;población de 15 años o más (miles);;437,8
2018;Catalunya;con los vecinos;Cataluña;solo castellano;población de 15 años o más (miles);;735,5
2018;Catalunya;con los vecinos;Cataluña;otra lengua (o lenguas);población de 15 años o más (miles);;3,9
2018;Catalunya;con los vecinos;Cataluña;catalán y otra lengua (o lenguas);población de 15 años o más (miles);..;null
2018;Catalunya;con los vecinos;Cataluña;castellano y otra lengua (o lenguas);población de 15 años o más (miles);;1,9
2018;Catalunya;con los vecinos;Cataluña;otras combinaciones de lenguas;población de 15 años o más (miles);;11,5
2018;Catalunya;con los vecinos;Cataluña;No consta;población de 15 años o más (miles);;64,3
2018;Catalunya;con los vecinos;Cataluña;total;población de 15 años o más (miles);;3820,0
2018;Catalunya;con los vecinos;resto de España;solo catalán;población de 15 años o más (miles);;51,7
2018;Catalunya;con los vecinos;resto de España;más catalán que castellano;población de 15 años o más (miles);;72,5
2018;Catalunya;con los vecinos;resto de España;catalán y castellano;población de 15 años o más (miles);;193,0
2018;Catalunya;con los vecinos;resto de España;más castellano que catalán;población de 15 años o más (miles);;135,9
2018;Catalunya;con los vecinos;resto de España;solo castellano;población de 15 años o más (miles);;802,2
2018;Catalunya;con los vecinos;resto de España;otra lengua (o lenguas);población de 15 años o más (miles);..;null
2018;Catalunya;con los vecinos;resto de España;catalán y otra lengua (o lenguas);población de 15 años o más (miles);..;null
2018;Catalunya;con los vecinos;resto de España;castellano y otra lengua (o lenguas);población de 15 años o más (miles);..;null
2018;Catalunya;con los vecinos;resto de España;otras combinaciones de lenguas;población de 15 años o más (miles);..;null
2018;Catalunya;con los vecinos;resto de España;No consta;población de 15 años o más (miles);..;null
2018;Catalunya;con los vecinos;resto de España;total;población de 15 años o más (miles);;1273,7
2018;Catalunya;con los vecinos;extranjero;solo catalán;población de 15 años o más (miles);;54,6
2018;Catalunya;con los vecinos;extranjero;más catalán que castellano;población de 15 años o más (miles);;35,9
2018;Catalunya;con los vecinos;extranjero;catalán y castellano;población de 15 años o más (miles);;111,3
2018;Catalunya;con los vecinos;extranjero;más castellano que catalán;población de 15 años o más (miles);;123,1
2018;Catalunya;con los vecinos;extranjero;solo castellano;población de 15 años o más (miles);;825,0
2018;Catalunya;con los vecinos;extranjero;otra lengua (o lenguas);población de 15 años o más (miles);;37,6
2018;Catalunya;con los vecinos;extranjero;catalán y otra lengua (o lenguas);población de 15 años o más (miles);..;null
2018;Catalunya;con los vecinos;extranjero;castellano y otra lengua (o lenguas);población de 15 años o más (miles);;59,3
2018;Catalunya;con los vecinos;extranjero;otras combinaciones de lenguas;población de 15 años o más (miles);..;null
2018;Catalunya;con los vecinos;extranjero;No consta;población de 15 años o más (miles);;26,5
2018;Catalunya;con los vecinos;extranjero;total;población de 15 años o más (miles);;1292,8
2018;Catalunya;con los vecinos;total;solo catalán;población de 15 años o más (miles);;1070,8
2018;Catalunya;con los vecinos;total;más catalán que castellano;población de 15 años o más (miles);;916,2
2018;Catalunya;con los vecinos;total;catalán y castellano;población de 15 años o más (miles);;1094,7
2018;Catalunya;con los vecinos;total;más castellano que catalán;población de 15 años o más (miles);;696,8
2018;Catalunya;con los vecinos;total;solo castellano;población de 15 años o más (miles);;2362,7
2018;Catalunya;con los vecinos;total;otra lengua (o lenguas);población de 15 años o más (miles);;41,6
2018;Catalunya;con los vecinos;total;catalán y otra lengua (o lenguas);población de 15 años o más (miles);;7,3
2018;Catalunya;con los vecinos;total;castellano y otra lengua (o lenguas);población de 15 años o más (miles);;63,7
2018;Catalunya;con los vecinos;total;otras combinaciones de lenguas;población de 15 años o más (miles);;28,7
2018;Catalunya;con los vecinos;total;No consta;población de 15 años o más (miles);;104,1
2018;Catalunya;con los vecinos;total;total;población de 15 años o más (miles);;6386,6
2018;Catalunya;con los compañeros de estudio;Cataluña;solo catalán;población de 15 años o más (miles);;169,6
2018;Catalunya;con los compañeros de estudio;Cataluña;más catalán que castellano;población de 15 años o más (miles);;169,9
2018;Catalunya;con los compañeros de estudio;Cataluña;catalán y castellano;población de 15 años o más (miles);;165,0
2018;Catalunya;con los compañeros de estudio;Cataluña;más castellano que catalán;población de 15 años o más (miles);;91,8
2018;Catalunya;con los compañeros de estudio;Cataluña;solo castellano;población de 15 años o más (miles);;117,3
2018;Catalunya;con los compañeros de estudio;Cataluña;otra lengua (o lenguas);población de 15 años o más (miles);;23,4
2018;Catalunya;con los compañeros de estudio;Cataluña;catalán y otra lengua (o lenguas);población de 15 años o más (miles);;18,3
2018;Catalunya;con los compañeros de estudio;Cataluña;castellano y otra lengua (o lenguas);población de 15 años o más (miles);..;null
2018;Catalunya;con los compañeros de estudio;Cataluña;otras combinaciones de lenguas;población de 15 años o más (miles);;24,3
2018;Catalunya;con los compañeros de estudio;Cataluña;No consta;población de 15 años o más (miles);..;null
2018;Catalunya;con los compañeros de estudio;Cataluña;total;población de 15 años o más (miles);;797,6
2018;Catalunya;con los compañeros de estudio;resto de España;solo catalán;población de 15 años o más (miles);..;null
2018;Catalunya;con los compañeros de estudio;resto de España;más catalán que castellano;población de 15 años o más (miles);..;null
2018;Catalunya;con los compañeros de estudio;resto de España;catalán y castellano;población de 15 años o más (miles);..;null
2018;Catalunya;con los compañeros de estudio;resto de España;más castellano que catalán;población de 15 años o más (miles);..;null
2018;Catalunya;con los compañeros de estudio;resto de España;solo castellano;población de 15 años o más (miles);;24,5
2018;Catalunya;con los compañeros de estudio;resto de España;otra lengua (o lenguas);población de 15 años o más (miles);..;null
2018;Catalunya;con los compañeros de estudio;resto de España;catalán y otra lengua (o lenguas);población de 15 años o más (miles);..;null
2018;Catalunya;con los compañeros de estudio;resto de España;castellano y otra lengua (o lenguas);población de 15 años o más (miles);..;null
2018;Catalunya;con los compañeros de estudio;resto de España;otras combinaciones de lenguas;población de 15 años o más (miles);..;null
2018;Catalunya;con los compañeros de estudio;resto de España;No consta;población de 15 años o más (miles);..;null
2018;Catalunya;con los compañeros de estudio;resto de España;total;población de 15 años o más (miles);;67,4
2018;Catalunya;con los compañeros de estudio;extranjero;solo catalán;población de 15 años o más (miles);;20,7
2018;Catalunya;con los compañeros de estudio;extranjero;más catalán que castellano;población de 15 años o más (miles);;18,7
2018;Catalunya;con los compañeros de estudio;extranjero;catalán y castellano;población de 15 años o más (miles);;33,8
2018;Catalunya;con los compañeros de estudio;extranjero;más castellano que catalán;población de 15 años o más (miles);;36,3
2018;Catalunya;con los compañeros de estudio;extranjero;solo castellano;población de 15 años o más (miles);;74,2
2018;Catalunya;con los compañeros de estudio;extranjero;otra lengua (o lenguas);población de 15 años o más (miles);..;null
2018;Catalunya;con los compañeros de estudio;extranjero;catalán y otra lengua (o lenguas);población de 15 años o más (miles);..;null
2018;Catalunya;con los compañeros de estudio;extranjero;castellano y otra lengua (o lenguas);población de 15 años o más (miles);;18,6
2018;Catalunya;con los compañeros de estudio;extranjero;otras combinaciones de lenguas;población de 15 años o más (miles);..;null
2018;Catalunya;con los compañeros de estudio;extranjero;No consta;población de 15 años o más (miles);..;null
2018;Catalunya;con los compañeros de estudio;extranjero;total;población de 15 años o más (miles);;219,2
2018;Catalunya;con los compañeros de estudio;total;solo catalán;población de 15 años o más (miles);;197,8
2018;Catalunya;con los compañeros de estudio;total;más catalán que castellano;población de 15 años o más (miles);;196,4
2018;Catalunya;con los compañeros de estudio;total;catalán y castellano;población de 15 años o más (miles);;207,6
2018;Catalunya;con los compañeros de estudio;total;más castellano que catalán;población de 15 años o más (miles);;139,4
2018;Catalunya;con los compañeros de estudio;total;solo castellano;población de 15 años o más (miles);;216,0
2018;Catalunya;con los compañeros de estudio;total;otra lengua (o lenguas);población de 15 años o más (miles);;36,1
2018;Catalunya;con los compañeros de estudio;total;catalán y otra lengua (o lenguas);población de 15 años o más (miles);;20,7
2018;Catalunya;con los compañeros de estudio;total;castellano y otra lengua (o lenguas);población de 15 años o más (miles);;27,0
2018;Catalunya;con los compañeros de estudio;total;otras combinaciones de lenguas;población de 15 años o más (miles);;28,2
2018;Catalunya;con los compañeros de estudio;total;No consta;población de 15 años o más (miles);;15,0
2018;Catalunya;con los compañeros de estudio;total;total;población de 15 años o más (miles);;1084,2
2018;Catalunya;con los compañeros de trabajo;Cataluña;solo catalán;población de 15 años o más (miles);;453,2
2018;Catalunya;con los compañeros de trabajo;Cataluña;más catalán que castellano;población de 15 años o más (miles);;445,8
2018;Catalunya;con los compañeros de trabajo;Cataluña;catalán y castellano;población de 15 años o más (miles);;531,9
2018;Catalunya;con los compañeros de trabajo;Cataluña;más castellano que catalán;población de 15 años o más (miles);;303,2
2018;Catalunya;con los compañeros de trabajo;Cataluña;solo castellano;población de 15 años o más (miles);;337,0
2018;Catalunya;con los compañeros de trabajo;Cataluña;otra lengua (o lenguas);población de 15 años o más (miles);;8,0
2018;Catalunya;con los compañeros de trabajo;Cataluña;catalán y otra lengua (o lenguas);población de 15 años o más (miles);..;null
2018;Catalunya;con los compañeros de trabajo;Cataluña;castellano y otra lengua (o lenguas);población de 15 años o más (miles);..;null
2018;Catalunya;con los compañeros de trabajo;Cataluña;otras combinaciones de lenguas;población de 15 años o más (miles);;45,1
2018;Catalunya;con los compañeros de trabajo;Cataluña;No consta;población de 15 años o más (miles);;73,6
2018;Catalunya;con los compañeros de trabajo;Cataluña;total;población de 15 años o más (miles);;2212,8
2018;Catalunya;con los compañeros de trabajo;resto de España;solo catalán;población de 15 años o más (miles);;25,6
2018;Catalunya;con los compañeros de trabajo;resto de España;más catalán que castellano;población de 15 años o más (miles);;25,8
2018;Catalunya;con los compañeros de trabajo;resto de España;catalán y castellano;población de 15 años o más (miles);;70,5
2018;Catalunya;con los compañeros de trabajo;resto de España;más castellano que catalán;población de 15 años o más (miles);;47,3
2018;Catalunya;con los compañeros de trabajo;resto de España;solo castellano;población de 15 años o más (miles);;150,0
2018;Catalunya;con los compañeros de trabajo;resto de España;otra lengua (o lenguas);población de 15 años o más (miles);..;null
2018;Catalunya;con los compañeros de trabajo;resto de España;catalán y otra lengua (o lenguas);población de 15 años o más (miles);..;null
2018;Catalunya;con los compañeros de trabajo;resto de España;castellano y otra lengua (o lenguas);población de 15 años o más (miles);..;null
2018;Catalunya;con los compañeros de trabajo;resto de España;otras combinaciones de lenguas;población de 15 años o más (miles);..;null
2018;Catalunya;con los compañeros de trabajo;resto de España;No consta;población de 15 años o más (miles);;22,4
2018;Catalunya;con los compañeros de trabajo;resto de España;total;población de 15 años o más (miles);;353,0
2018;Catalunya;con los compañeros de trabajo;extranjero;solo catalán;población de 15 años o más (miles);;26,1
2018;Catalunya;con los compañeros de trabajo;extranjero;más catalán que castellano;población de 15 años o más (miles);;27,2
2018;Catalunya;con los compañeros de trabajo;extranjero;catalán y castellano;población de 15 años o más (miles);;63,6
2018;Catalunya;con los compañeros de trabajo;extranjero;más castellano que catalán;población de 15 años o más (miles);;85,0
2018;Catalunya;con los compañeros de trabajo;extranjero;solo castellano;población de 15 años o más (miles);;372,4
2018;Catalunya;con los compañeros de trabajo;extranjero;otra lengua (o lenguas);población de 15 años o más (miles);;30,8
2018;Catalunya;con los compañeros de trabajo;extranjero;catalán y otra lengua (o lenguas);población de 15 años o más (miles);..;null
2018;Catalunya;con los compañeros de trabajo;extranjero;castellano y otra lengua (o lenguas);población de 15 años o más (miles);;77,5
2018;Catalunya;con los compañeros de trabajo;extranjero;otras combinaciones de lenguas;población de 15 años o más (miles);..;null
2018;Catalunya;con los compañeros de trabajo;extranjero;No consta;población de 15 años o más (miles);;41,4
2018;Catalunya;con los compañeros de trabajo;extranjero;total;población de 15 años o más (miles);;736,6
2018;Catalunya;con los compañeros de trabajo;total;solo catalán;población de 15 años o más (miles);;504,8
2018;Catalunya;con los compañeros de trabajo;total;más catalán que castellano;población de 15 años o más (miles);;498,7
2018;Catalunya;con los compañeros de trabajo;total;catalán y castellano;población de 15 años o más (miles);;666,0
2018;Catalunya;con los compañeros de trabajo;total;más castellano que catalán;población de 15 años o más (miles);;435,6
2018;Catalunya;con los compañeros de trabajo;total;solo castellano;población de 15 años o más (miles);;859,4
2018;Catalunya;con los compañeros de trabajo;total;otra lengua (o lenguas);población de 15 años o más (miles);;39,7
2018;Catalunya;con los compañeros de trabajo;total;catalán y otra lengua (o lenguas);población de 15 años o más (miles);..;null
2018;Catalunya;con los compañeros de trabajo;total;castellano y otra lengua (o lenguas);población de 15 años o más (miles);;93,9
2018;Catalunya;con los compañeros de trabajo;total;otras combinaciones de lenguas;población de 15 años o más (miles);;58,9
2018;Catalunya;con los compañeros de trabajo;total;No consta;población de 15 años o más (miles);;137,4
2018;Catalunya;con los compañeros de trabajo;total;total;población de 15 años o más (miles);;3302,5
2018;Catalunya;con usuarios o clientes de Cataluña;Cataluña;solo catalán;población de 15 años o más (miles);;291,6
2018;Catalunya;con usuarios o clientes de Cataluña;Cataluña;más catalán que castellano;población de 15 años o más (miles);;612,8
2018;Catalunya;con usuarios o clientes de Cataluña;Cataluña;catalán y castellano;población de 15 años o más (miles);;667,5
2018;Catalunya;con usuarios o clientes de Cataluña;Cataluña;más castellano que catalán;población de 15 años o más (miles);;224,5
2018;Catalunya;con usuarios o clientes de Cataluña;Cataluña;solo castellano;población de 15 años o más (miles);;136,7
2018;Catalunya;con usuarios o clientes de Cataluña;Cataluña;otra lengua (o lenguas);población de 15 años o más (miles);..;null
2018;Catalunya;con usuarios o clientes de Cataluña;Cataluña;catalán y otra lengua (o lenguas);población de 15 años o más (miles);;8,0
2018;Catalunya;con usuarios o clientes de Cataluña;Cataluña;castellano y otra lengua (o lenguas);población de 15 años o más (miles);..;null
2018;Catalunya;con usuarios o clientes de Cataluña;Cataluña;otras combinaciones de lenguas;población de 15 años o más (miles);;59,0
2018;Catalunya;con usuarios o clientes de Cataluña;Cataluña;No consta;población de 15 años o más (miles);;14,4
2018;Catalunya;con usuarios o clientes de Cataluña;Cataluña;total;población de 15 años o más (miles);;2030,5
2018;Catalunya;con usuarios o clientes de Cataluña;resto de España;solo catalán;población de 15 años o más (miles);;18,7
2018;Catalunya;con usuarios o clientes de Cataluña;resto de España;más catalán que castellano;población de 15 años o más (miles);;45,7
2018;Catalunya;con usuarios o clientes de Cataluña;resto de España;catalán y castellano;población de 15 años o más (miles);;84,4
2018;Catalunya;con usuarios o clientes de Cataluña;resto de España;más castellano que catalán;población de 15 años o más (miles);;51,8
2018;Catalunya;con usuarios o clientes de Cataluña;resto de España;solo castellano;población de 15 años o más (miles);;102,0
2018;Catalunya;con usuarios o clientes de Cataluña;resto de España;otra lengua (o lenguas);población de 15 años o más (miles);..;null
2018;Catalunya;con usuarios o clientes de Cataluña;resto de España;catalán y otra lengua (o lenguas);población de 15 años o más (miles);..;null
2018;Catalunya;con usuarios o clientes de Cataluña;resto de España;castellano y otra lengua (o lenguas);población de 15 años o más (miles);;11,4
2018;Catalunya;con usuarios o clientes de Cataluña;resto de España;otras combinaciones de lenguas;población de 15 años o más (miles);..;null
2018;Catalunya;con usuarios o clientes de Cataluña;resto de España;No consta;población de 15 años o más (miles);..;null
2018;Catalunya;con usuarios o clientes de Cataluña;resto de España;total;población de 15 años o más (miles);;322,0
2018;Catalunya;con usuarios o clientes de Cataluña;extranjero;solo catalán;población de 15 años o más (miles);;25,8
2018;Catalunya;con usuarios o clientes de Cataluña;extranjero;más catalán que castellano;población de 15 años o más (miles);;46,7
2018;Catalunya;con usuarios o clientes de Cataluña;extranjero;catalán y castellano;población de 15 años o más (miles);;71,5
2018;Catalunya;con usuarios o clientes de Cataluña;extranjero;más castellano que catalán;población de 15 años o más (miles);;74,5
2018;Catalunya;con usuarios o clientes de Cataluña;extranjero;solo castellano;población de 15 años o más (miles);;307,2
2018;Catalunya;con usuarios o clientes de Cataluña;extranjero;otra lengua (o lenguas);población de 15 años o más (miles);;16,9
2018;Catalunya;con usuarios o clientes de Cataluña;extranjero;catalán y otra lengua (o lenguas);población de 15 años o más (miles);..;null
2018;Catalunya;con usuarios o clientes de Cataluña;extranjero;castellano y otra lengua (o lenguas);población de 15 años o más (miles);;43,6
2018;Catalunya;con usuarios o clientes de Cataluña;extranjero;otras combinaciones de lenguas;población de 15 años o más (miles);;26,3
2018;Catalunya;con usuarios o clientes de Cataluña;extranjero;No consta;población de 15 años o más (miles);..;null
2018;Catalunya;con usuarios o clientes de Cataluña;extranjero;total;población de 15 años o más (miles);;621,9
2018;Catalunya;con usuarios o clientes de Cataluña;total;solo catalán;población de 15 años o más (miles);;336,1
2018;Catalunya;con usuarios o clientes de Cataluña;total;más catalán que castellano;población de 15 años o más (miles);;705,2
2018;Catalunya;con usuarios o clientes de Cataluña;total;catalán y castellano;población de 15 años o más (miles);;823,4
2018;Catalunya;con usuarios o clientes de Cataluña;total;más castellano que catalán;población de 15 años o más (miles);;350,8
2018;Catalunya;con usuarios o clientes de Cataluña;total;solo castellano;población de 15 años o más (miles);;545,9
2018;Catalunya;con usuarios o clientes de Cataluña;total;otra lengua (o lenguas);población de 15 años o más (miles);;23,9
2018;Catalunya;con usuarios o clientes de Cataluña;total;catalán y otra lengua (o lenguas);población de 15 años o más (miles);;11,1
2018;Catalunya;con usuarios o clientes de Cataluña;total;castellano y otra lengua (o lenguas);población de 15 años o más (miles);;65,2
2018;Catalunya;con usuarios o clientes de Cataluña;total;otras combinaciones de lenguas;población de 15 años o más (miles);;90,9
2018;Catalunya;con usuarios o clientes de Cataluña;total;No consta;población de 15 años o más (miles);;21,9
2018;Catalunya;con usuarios o clientes de Cataluña;total;total;población de 15 años o más (miles);;2974,4
2018;Catalunya;con los compañeros de deporte;Cataluña;solo catalán;población de 15 años o más (miles);..;null
2018;Catalunya;con los compañeros de deporte;Cataluña;más catalán que castellano;población de 15 años o más (miles);..;null
2018;Catalunya;con los compañeros de deporte;Cataluña;catalán y castellano;población de 15 años o más (miles);..;null
2018;Catalunya;con los compañeros de deporte;Cataluña;más castellano que catalán;población de 15 años o más (miles);..;null
2018;Catalunya;con los compañeros de deporte;Cataluña;solo castellano;población de 15 años o más (miles);..;null
2018;Catalunya;con los compañeros de deporte;Cataluña;otra lengua (o lenguas);población de 15 años o más (miles);..;null
2018;Catalunya;con los compañeros de deporte;Cataluña;catalán y otra lengua (o lenguas);población de 15 años o más (miles);..;null
2018;Catalunya;con los compañeros de deporte;Cataluña;castellano y otra lengua (o lenguas);población de 15 años o más (miles);..;null
2018;Catalunya;con los compañeros de deporte;Cataluña;otras combinaciones de lenguas;población de 15 años o más (miles);..;null
2018;Catalunya;con los compañeros de deporte;Cataluña;No consta;población de 15 años o más (miles);..;null
2018;Catalunya;con los compañeros de deporte;Cataluña;total;población de 15 años o más (miles);..;null
2018;Catalunya;con los compañeros de deporte;resto de España;solo catalán;población de 15 años o más (miles);..;null
2018;Catalunya;con los compañeros de deporte;resto de España;más catalán que castellano;población de 15 años o más (miles);..;null
2018;Catalunya;con los compañeros de deporte;resto de España;catalán y castellano;población de 15 años o más (miles);..;null
2018;Catalunya;con los compañeros de deporte;resto de España;más castellano que catalán;población de 15 años o más (miles);..;null
2018;Catalunya;con los compañeros de deporte;resto de España;solo castellano;población de 15 años o más (miles);..;null
2018;Catalunya;con los compañeros de deporte;resto de España;otra lengua (o lenguas);población de 15 años o más (miles);..;null
2018;Catalunya;con los compañeros de deporte;resto de España;catalán y otra lengua (o lenguas);población de 15 años o más (miles);..;null
2018;Catalunya;con los compañeros de deporte;resto de España;castellano y otra lengua (o lenguas);población de 15 años o más (miles);..;null
2018;Catalunya;con los compañeros de deporte;resto de España;otras combinaciones de lenguas;población de 15 años o más (miles);..;null
2018;Catalunya;con los compañeros de deporte;resto de España;No consta;población de 15 años o más (miles);..;null
2018;Catalunya;con los compañeros de deporte;resto de España;total;población de 15 años o más (miles);..;null
2018;Catalunya;con los compañeros de deporte;extranjero;solo catalán;población de 15 años o más (miles);..;null
2018;Catalunya;con los compañeros de deporte;extranjero;más catalán que castellano;población de 15 años o más (miles);..;null
2018;Catalunya;con los compañeros de deporte;extranjero;catalán y castellano;población de 15 años o más (miles);..;null
2018;Catalunya;con los compañeros de deporte;extranjero;más castellano que catalán;población de 15 años o más (miles);..;null
2018;Catalunya;con los compañeros de deporte;extranjero;solo castellano;población de 15 años o más (miles);..;null
2018;Catalunya;con los compañeros de deporte;extranjero;otra lengua (o lenguas);población de 15 años o más (miles);..;null
2018;Catalunya;con los compañeros de deporte;extranjero;catalán y otra lengua (o lenguas);población de 15 años o más (miles);..;null
2018;Catalunya;con los compañeros de deporte;extranjero;castellano y otra lengua (o lenguas);población de 15 años o más (miles);..;null
2018;Catalunya;con los compañeros de deporte;extranjero;otras combinaciones de lenguas;población de 15 años o más (miles);..;null
2018;Catalunya;con los compañeros de deporte;extranjero;No consta;población de 15 años o más (miles);..;null
2018;Catalunya;con los compañeros de deporte;extranjero;total;población de 15 años o más (miles);..;null
2018;Catalunya;con los compañeros de deporte;total;solo catalán;población de 15 años o más (miles);..;null
2018;Catalunya;con los compañeros de deporte;total;más catalán que castellano;población de 15 años o más (miles);..;null
2018;Catalunya;con los compañeros de deporte;total;catalán y castellano;población de 15 años o más (miles);..;null
2018;Catalunya;con los compañeros de deporte;total;más castellano que catalán;población de 15 años o más (miles);..;null
2018;Catalunya;con los compañeros de deporte;total;solo castellano;población de 15 años o más (miles);..;null
2018;Catalunya;con los compañeros de deporte;total;otra lengua (o lenguas);población de 15 años o más (miles);..;null
2018;Catalunya;con los compañeros de deporte;total;catalán y otra lengua (o lenguas);población de 15 años o más (miles);..;null
2018;Catalunya;con los compañeros de deporte;total;castellano y otra lengua (o lenguas);población de 15 años o más (miles);..;null
2018;Catalunya;con los compañeros de deporte;total;otras combinaciones de lenguas;población de 15 años o más (miles);..;null
2018;Catalunya;con los compañeros de deporte;total;No consta;población de 15 años o más (miles);..;null
2018;Catalunya;con los compañeros de deporte;total;total;población de 15 años o más (miles);..;null
2018;Catalunya;en el centro de culto;Cataluña;solo catalán;población de 15 años o más (miles);..;null
2018;Catalunya;en el centro de culto;Cataluña;más catalán que castellano;población de 15 años o más (miles);..;null
2018;Catalunya;en el centro de culto;Cataluña;catalán y castellano;población de 15 años o más (miles);..;null
2018;Catalunya;en el centro de culto;Cataluña;más castellano que catalán;población de 15 años o más (miles);..;null
2018;Catalunya;en el centro de culto;Cataluña;solo castellano;población de 15 años o más (miles);..;null
2018;Catalunya;en el centro de culto;Cataluña;otra lengua (o lenguas);población de 15 años o más (miles);..;null
2018;Catalunya;en el centro de culto;Cataluña;catalán y otra lengua (o lenguas);población de 15 años o más (miles);..;null
2018;Catalunya;en el centro de culto;Cataluña;castellano y otra lengua (o lenguas);población de 15 años o más (miles);..;null
2018;Catalunya;en el centro de culto;Cataluña;otras combinaciones de lenguas;población de 15 años o más (miles);..;null
2018;Catalunya;en el centro de culto;Cataluña;No consta;población de 15 años o más (miles);..;null
2018;Catalunya;en el centro de culto;Cataluña;total;población de 15 años o más (miles);..;null
2018;Catalunya;en el centro de culto;resto de España;solo catalán;población de 15 años o más (miles);..;null
2018;Catalunya;en el centro de culto;resto de España;más catalán que castellano;población de 15 años o más (miles);..;null
2018;Catalunya;en el centro de culto;resto de España;catalán y castellano;población de 15 años o más (miles);..;null
2018;Catalunya;en el centro de culto;resto de España;más castellano que catalán;población de 15 años o más (miles);..;null
2018;Catalunya;en el centro de culto;resto de España;solo castellano;población de 15 años o más (miles);..;null
2018;Catalunya;en el centro de culto;resto de España;otra lengua (o lenguas);población de 15 años o más (miles);..;null
2018;Catalunya;en el centro de culto;resto de España;catalán y otra lengua (o lenguas);población de 15 años o más (miles);..;null
2018;Catalunya;en el centro de culto;resto de España;castellano y otra lengua (o lenguas);población de 15 años o más (miles);..;null
2018;Catalunya;en el centro de culto;resto de España;otras combinaciones de lenguas;población de 15 años o más (miles);..;null
2018;Catalunya;en el centro de culto;resto de España;No consta;población de 15 años o más (miles);..;null
2018;Catalunya;en el centro de culto;resto de España;total;población de 15 años o más (miles);..;null
2018;Catalunya;en el centro de culto;extranjero;solo catalán;población de 15 años o más (miles);..;null
2018;Catalunya;en el centro de culto;extranjero;más catalán que castellano;población de 15 años o más (miles);..;null
2018;Catalunya;en el centro de culto;extranjero;catalán y castellano;población de 15 años o más (miles);..;null
2018;Catalunya;en el centro de culto;extranjero;más castellano que catalán;población de 15 años o más (miles);..;null
2018;Catalunya;en el centro de culto;extranjero;solo castellano;población de 15 años o más (miles);..;null
2018;Catalunya;en el centro de culto;extranjero;otra lengua (o lenguas);población de 15 años o más (miles);..;null
2018;Catalunya;en el centro de culto;extranjero;catalán y otra lengua (o lenguas);población de 15 años o más (miles);..;null
2018;Catalunya;en el centro de culto;extranjero;castellano y otra lengua (o lenguas);población de 15 años o más (miles);..;null
2018;Catalunya;en el centro de culto;extranjero;otras combinaciones de lenguas;población de 15 años o más (miles);..;null
2018;Catalunya;en el centro de culto;extranjero;No consta;población de 15 años o más (miles);..;null
2018;Catalunya;en el centro de culto;extranjero;total;población de 15 años o más (miles);..;null
2018;Catalunya;en el centro de culto;total;solo catalán;población de 15 años o más (miles);..;null
2018;Catalunya;en el centro de culto;total;más catalán que castellano;población de 15 años o más (miles);..;null
2018;Catalunya;en el centro de culto;total;catalán y castellano;población de 15 años o más (miles);..;null
2018;Catalunya;en el centro de culto;total;más castellano que catalán;población de 15 años o más (miles);..;null
2018;Catalunya;en el centro de culto;total;solo castellano;población de 15 años o más (miles);..;null
2018;Catalunya;en el centro de culto;total;otra lengua (o lenguas);población de 15 años o más (miles);..;null
2018;Catalunya;en el centro de culto;total;catalán y otra lengua (o lenguas);población de 15 años o más (miles);..;null
2018;Catalunya;en el centro de culto;total;castellano y otra lengua (o lenguas);población de 15 años o más (miles);..;null
2018;Catalunya;en el centro de culto;total;otras combinaciones de lenguas;población de 15 años o más (miles);..;null
2018;Catalunya;en el centro de culto;total;No consta;población de 15 años o más (miles);..;null
2018;Catalunya;en el centro de culto;total;total;población de 15 años o más (miles);..;null
2018;Catalunya;en el pequeño comercio;Cataluña;solo catalán;población de 15 años o más (miles);;1124,0
2018;Catalunya;en el pequeño comercio;Cataluña;más catalán que castellano;población de 15 años o más (miles);;980,4
2018;Catalunya;en el pequeño comercio;Cataluña;catalán y castellano;población de 15 años o más (miles);;832,1
2018;Catalunya;en el pequeño comercio;Cataluña;más castellano que catalán;población de 15 años o más (miles);;369,3
2018;Catalunya;en el pequeño comercio;Cataluña;solo castellano;población de 15 años o más (miles);;476,4
2018;Catalunya;en el pequeño comercio;Cataluña;otra lengua (o lenguas);población de 15 años o más (miles);;0,4
2018;Catalunya;en el pequeño comercio;Cataluña;catalán y otra lengua (o lenguas);población de 15 años o más (miles);..;null
2018;Catalunya;en el pequeño comercio;Cataluña;castellano y otra lengua (o lenguas);población de 15 años o más (miles);;1,4
2018;Catalunya;en el pequeño comercio;Cataluña;otras combinaciones de lenguas;población de 15 años o más (miles);;6,3
2018;Catalunya;en el pequeño comercio;Cataluña;No consta;población de 15 años o más (miles);;28,5
2018;Catalunya;en el pequeño comercio;Cataluña;total;población de 15 años o más (miles);;3820,0
2018;Catalunya;en el pequeño comercio;resto de España;solo catalán;población de 15 años o más (miles);;92,8
2018;Catalunya;en el pequeño comercio;resto de España;más catalán que castellano;población de 15 años o más (miles);;94,2
2018;Catalunya;en el pequeño comercio;resto de España;catalán y castellano;población de 15 años o más (miles);;210,2
2018;Catalunya;en el pequeño comercio;resto de España;más castellano que catalán;población de 15 años o más (miles);;138,7
2018;Catalunya;en el pequeño comercio;resto de España;solo castellano;población de 15 años o más (miles);;723,7
2018;Catalunya;en el pequeño comercio;resto de España;otra lengua (o lenguas);población de 15 años o más (miles);..;null
2018;Catalunya;en el pequeño comercio;resto de España;catalán y otra lengua (o lenguas);población de 15 años o más (miles);..;null
2018;Catalunya;en el pequeño comercio;resto de España;castellano y otra lengua (o lenguas);población de 15 años o más (miles);..;null
2018;Catalunya;en el pequeño comercio;resto de España;otras combinaciones de lenguas;población de 15 años o más (miles);..;null
2018;Catalunya;en el pequeño comercio;resto de España;No consta;población de 15 años o más (miles);..;null
2018;Catalunya;en el pequeño comercio;resto de España;total;población de 15 años o más (miles);;1273,7
2018;Catalunya;en el pequeño comercio;extranjero;solo catalán;población de 15 años o más (miles);;53,8
2018;Catalunya;en el pequeño comercio;extranjero;más catalán que castellano;población de 15 años o más (miles);;72,0
2018;Catalunya;en el pequeño comercio;extranjero;catalán y castellano;población de 15 años o más (miles);;120,1
2018;Catalunya;en el pequeño comercio;extranjero;más castellano que catalán;población de 15 años o más (miles);;133,0
2018;Catalunya;en el pequeño comercio;extranjero;solo castellano;población de 15 años o más (miles);;853,3
2018;Catalunya;en el pequeño comercio;extranjero;otra lengua (o lenguas);población de 15 años o más (miles);..;null
2018;Catalunya;en el pequeño comercio;extranjero;catalán y otra lengua (o lenguas);población de 15 años o más (miles);..;null
2018;Catalunya;en el pequeño comercio;extranjero;castellano y otra lengua (o lenguas);población de 15 años o más (miles);;23,9
2018;Catalunya;en el pequeño comercio;extranjero;otras combinaciones de lenguas;población de 15 años o más (miles);..;null
2018;Catalunya;en el pequeño comercio;extranjero;No consta;población de 15 años o más (miles);;23,2
2018;Catalunya;en el pequeño comercio;extranjero;total;población de 15 años o más (miles);;1292,8
2018;Catalunya;en el pequeño comercio;total;solo catalán;población de 15 años o más (miles);;1270,6
2018;Catalunya;en el pequeño comercio;total;más catalán que castellano;población de 15 años o más (miles);;1146,6
2018;Catalunya;en el pequeño comercio;total;catalán y castellano;población de 15 años o más (miles);;1162,4
2018;Catalunya;en el pequeño comercio;total;más castellano que catalán;población de 15 años o más (miles);;641,0
2018;Catalunya;en el pequeño comercio;total;solo castellano;población de 15 años o más (miles);;2053,4
2018;Catalunya;en el pequeño comercio;total;otra lengua (o lenguas);población de 15 años o más (miles);;11,1
2018;Catalunya;en el pequeño comercio;total;catalán y otra lengua (o lenguas);población de 15 años o más (miles);;2,0
2018;Catalunya;en el pequeño comercio;total;castellano y otra lengua (o lenguas);población de 15 años o más (miles);;25,8
2018;Catalunya;en el pequeño comercio;total;otras combinaciones de lenguas;población de 15 años o más (miles);;8,7
2018;Catalunya;en el pequeño comercio;total;No consta;población de 15 años o más (miles);;65,0
2018;Catalunya;en el pequeño comercio;total;total;población de 15 años o más (miles);;6386,6
2018;Catalunya;en el gran comercio;Cataluña;solo catalán;población de 15 años o más (miles);;960,3
2018;Catalunya;en el gran comercio;Cataluña;más catalán que castellano;población de 15 años o más (miles);;877,5
2018;Catalunya;en el gran comercio;Cataluña;catalán y castellano;población de 15 años o más (miles);;856,7
2018;Catalunya;en el gran comercio;Cataluña;más castellano que catalán;población de 15 años o más (miles);;495,4
2018;Catalunya;en el gran comercio;Cataluña;solo castellano;población de 15 años o más (miles);;564,3
2018;Catalunya;en el gran comercio;Cataluña;otra lengua (o lenguas);población de 15 años o más (miles);..;null
2018;Catalunya;en el gran comercio;Cataluña;catalán y otra lengua (o lenguas);población de 15 años o más (miles);..;null
2018;Catalunya;en el gran comercio;Cataluña;castellano y otra lengua (o lenguas);población de 15 años o más (miles);..;null
2018;Catalunya;en el gran comercio;Cataluña;otras combinaciones de lenguas;población de 15 años o más (miles);;3,6
2018;Catalunya;en el gran comercio;Cataluña;No consta;población de 15 años o más (miles);;60,0
2018;Catalunya;en el gran comercio;Cataluña;total;población de 15 años o más (miles);;3820,0
2018;Catalunya;en el gran comercio;resto de España;solo catalán;población de 15 años o más (miles);;82,3
2018;Catalunya;en el gran comercio;resto de España;más catalán que castellano;población de 15 años o más (miles);;81,9
2018;Catalunya;en el gran comercio;resto de España;catalán y castellano;población de 15 años o más (miles);;220,0
2018;Catalunya;en el gran comercio;resto de España;más castellano que catalán;población de 15 años o más (miles);;127,7
2018;Catalunya;en el gran comercio;resto de España;solo castellano;población de 15 años o más (miles);;738,4
2018;Catalunya;en el gran comercio;resto de España;otra lengua (o lenguas);población de 15 años o más (miles);..;null
2018;Catalunya;en el gran comercio;resto de España;catalán y otra lengua (o lenguas);población de 15 años o más (miles);..;null
2018;Catalunya;en el gran comercio;resto de España;castellano y otra lengua (o lenguas);población de 15 años o más (miles);..;null
2018;Catalunya;en el gran comercio;resto de España;otras combinaciones de lenguas;población de 15 años o más (miles);..;null
2018;Catalunya;en el gran comercio;resto de España;No consta;población de 15 años o más (miles);;22,7
2018;Catalunya;en el gran comercio;resto de España;total;población de 15 años o más (miles);;1273,7
2018;Catalunya;en el gran comercio;extranjero;solo catalán;población de 15 años o más (miles);;46,5
2018;Catalunya;en el gran comercio;extranjero;más catalán que castellano;población de 15 años o más (miles);;53,8
2018;Catalunya;en el gran comercio;extranjero;catalán y castellano;población de 15 años o más (miles);;116,1
2018;Catalunya;en el gran comercio;extranjero;más castellano que catalán;población de 15 años o más (miles);;138,6
2018;Catalunya;en el gran comercio;extranjero;solo castellano;población de 15 años o más (miles);;888,8
2018;Catalunya;en el gran comercio;extranjero;otra lengua (o lenguas);población de 15 años o más (miles);..;null
2018;Catalunya;en el gran comercio;extranjero;catalán y otra lengua (o lenguas);población de 15 años o más (miles);..;null
2018;Catalunya;en el gran comercio;extranjero;castellano y otra lengua (o lenguas);población de 15 años o más (miles);;11,7
2018;Catalunya;en el gran comercio;extranjero;otras combinaciones de lenguas;población de 15 años o más (miles);..;null
2018;Catalunya;en el gran comercio;extranjero;No consta;población de 15 años o más (miles);;26,7
2018;Catalunya;en el gran comercio;extranjero;total;población de 15 años o más (miles);;1292,8
2018;Catalunya;en el gran comercio;total;solo catalán;población de 15 años o más (miles);;1089,1
2018;Catalunya;en el gran comercio;total;más catalán que castellano;población de 15 años o más (miles);;1013,2
2018;Catalunya;en el gran comercio;total;catalán y castellano;población de 15 años o más (miles);;1192,7
2018;Catalunya;en el gran comercio;total;más castellano que catalán;población de 15 años o más (miles);;761,6
2018;Catalunya;en el gran comercio;total;solo castellano;población de 15 años o más (miles);;2191,5
2018;Catalunya;en el gran comercio;total;otra lengua (o lenguas);población de 15 años o más (miles);;10,4
2018;Catalunya;en el gran comercio;total;catalán y otra lengua (o lenguas);población de 15 años o más (miles);..;null
2018;Catalunya;en el gran comercio;total;castellano y otra lengua (o lenguas);población de 15 años o más (miles);;13,4
2018;Catalunya;en el gran comercio;total;otras combinaciones de lenguas;población de 15 años o más (miles);;3,9
2018;Catalunya;en el gran comercio;total;No consta;población de 15 años o más (miles);;109,4
2018;Catalunya;en el gran comercio;total;total;población de 15 años o más (miles);;6386,6
2018;Catalunya;en la entidad financiera;Cataluña;solo catalán;población de 15 años o más (miles);;1676,3
2018;Catalunya;en la entidad financiera;Cataluña;más catalán que castellano;población de 15 años o más (miles);;629,4
2018;Catalunya;en la entidad financiera;Cataluña;catalán y castellano;población de 15 años o más (miles);;539,1
2018;Catalunya;en la entidad financiera;Cataluña;más castellano que catalán;población de 15 años o más (miles);;259,2
2018;Catalunya;en la entidad financiera;Cataluña;solo castellano;población de 15 años o más (miles);;552,5
2018;Catalunya;en la entidad financiera;Cataluña;otra lengua (o lenguas);población de 15 años o más (miles);;0,7
2018;Catalunya;en la entidad financiera;Cataluña;catalán y otra lengua (o lenguas);población de 15 años o más (miles);;0,4
2018;Catalunya;en la entidad financiera;Cataluña;castellano y otra lengua (o lenguas);población de 15 años o más (miles);..;null
2018;Catalunya;en la entidad financiera;Cataluña;otras combinaciones de lenguas;población de 15 años o más (miles);;1,7
2018;Catalunya;en la entidad financiera;Cataluña;No consta;población de 15 años o más (miles);;160,5
2018;Catalunya;en la entidad financiera;Cataluña;total;población de 15 años o más (miles);;3820,0
2018;Catalunya;en la entidad financiera;resto de España;solo catalán;población de 15 años o más (miles);;155,8
2018;Catalunya;en la entidad financiera;resto de España;más catalán que castellano;población de 15 años o más (miles);;57,6
2018;Catalunya;en la entidad financiera;resto de España;catalán y castellano;población de 15 años o más (miles);;154,9
2018;Catalunya;en la entidad financiera;resto de España;más castellano que catalán;población de 15 años o más (miles);;85,6
2018;Catalunya;en la entidad financiera;resto de España;solo castellano;población de 15 años o más (miles);;785,5
2018;Catalunya;en la entidad financiera;resto de España;otra lengua (o lenguas);población de 15 años o más (miles);..;null
2018;Catalunya;en la entidad financiera;resto de España;catalán y otra lengua (o lenguas);población de 15 años o más (miles);..;null
2018;Catalunya;en la entidad financiera;resto de España;castellano y otra lengua (o lenguas);población de 15 años o más (miles);..;null
2018;Catalunya;en la entidad financiera;resto de España;otras combinaciones de lenguas;población de 15 años o más (miles);..;null
2018;Catalunya;en la entidad financiera;resto de España;No consta;población de 15 años o más (miles);;32,6
2018;Catalunya;en la entidad financiera;resto de España;total;población de 15 años o más (miles);;1273,7
2018;Catalunya;en la entidad financiera;extranjero;solo catalán;población de 15 años o más (miles);;89,2
2018;Catalunya;en la entidad financiera;extranjero;más catalán que castellano;población de 15 años o más (miles);;51,3
2018;Catalunya;en la entidad financiera;extranjero;catalán y castellano;población de 15 años o más (miles);;98,3
2018;Catalunya;en la entidad financiera;extranjero;más castellano que catalán;población de 15 años o más (miles);;101,8
2018;Catalunya;en la entidad financiera;extranjero;solo castellano;población de 15 años o más (miles);;881,4
2018;Catalunya;en la entidad financiera;extranjero;otra lengua (o lenguas);población de 15 años o más (miles);..;null
2018;Catalunya;en la entidad financiera;extranjero;catalán y otra lengua (o lenguas);población de 15 años o más (miles);..;null
2018;Catalunya;en la entidad financiera;extranjero;castellano y otra lengua (o lenguas);población de 15 años o más (miles);..;null
2018;Catalunya;en la entidad financiera;extranjero;otras combinaciones de lenguas;población de 15 años o más (miles);..;null
2018;Catalunya;en la entidad financiera;extranjero;No consta;población de 15 años o más (miles);;54,3
2018;Catalunya;en la entidad financiera;extranjero;total;población de 15 años o más (miles);;1292,8
2018;Catalunya;en la entidad financiera;total;solo catalán;población de 15 años o más (miles);;1921,4
2018;Catalunya;en la entidad financiera;total;más catalán que castellano;población de 15 años o más (miles);;738,4
2018;Catalunya;en la entidad financiera;total;catalán y castellano;población de 15 años o más (miles);;792,3
2018;Catalunya;en la entidad financiera;total;más castellano que catalán;población de 15 años o más (miles);;446,6
2018;Catalunya;en la entidad financiera;total;solo castellano;población de 15 años o más (miles);;2219,4
2018;Catalunya;en la entidad financiera;total;otra lengua (o lenguas);población de 15 años o más (miles);;11,3
2018;Catalunya;en la entidad financiera;total;catalán y otra lengua (o lenguas);población de 15 años o más (miles);;1,3
2018;Catalunya;en la entidad financiera;total;castellano y otra lengua (o lenguas);población de 15 años o más (miles);;6,6
2018;Catalunya;en la entidad financiera;total;otras combinaciones de lenguas;población de 15 años o más (miles);;1,9
2018;Catalunya;en la entidad financiera;total;No consta;población de 15 años o más (miles);;247,5
2018;Catalunya;en la entidad financiera;total;total;población de 15 años o más (miles);;6386,6
2018;Catalunya;con el personal de un restaurante o bar;Cataluña;solo catalán;población de 15 años o más (miles);..;null
2018;Catalunya;con el personal de un restaurante o bar;Cataluña;más catalán que castellano;población de 15 años o más (miles);..;null
2018;Catalunya;con el personal de un restaurante o bar;Cataluña;catalán y castellano;población de 15 años o más (miles);..;null
2018;Catalunya;con el personal de un restaurante o bar;Cataluña;más castellano que catalán;población de 15 años o más (miles);..;null
2018;Catalunya;con el personal de un restaurante o bar;Cataluña;solo castellano;población de 15 años o más (miles);..;null
2018;Catalunya;con el personal de un restaurante o bar;Cataluña;otra lengua (o lenguas);población de 15 años o más (miles);..;null
2018;Catalunya;con el personal de un restaurante o bar;Cataluña;catalán y otra lengua (o lenguas);población de 15 años o más (miles);..;null
2018;Catalunya;con el personal de un restaurante o bar;Cataluña;castellano y otra lengua (o lenguas);población de 15 años o más (miles);..;null
2018;Catalunya;con el personal de un restaurante o bar;Cataluña;otras combinaciones de lenguas;población de 15 años o más (miles);..;null
2018;Catalunya;con el personal de un restaurante o bar;Cataluña;No consta;población de 15 años o más (miles);..;null
2018;Catalunya;con el personal de un restaurante o bar;Cataluña;total;población de 15 años o más (miles);..;null
2018;Catalunya;con el personal de un restaurante o bar;resto de España;solo catalán;población de 15 años o más (miles);..;null
2018;Catalunya;con el personal de un restaurante o bar;resto de España;más catalán que castellano;población de 15 años o más (miles);..;null
2018;Catalunya;con el personal de un restaurante o bar;resto de España;catalán y castellano;población de 15 años o más (miles);..;null
2018;Catalunya;con el personal de un restaurante o bar;resto de España;más castellano que catalán;población de 15 años o más (miles);..;null
2018;Catalunya;con el personal de un restaurante o bar;resto de España;solo castellano;población de 15 años o más (miles);..;null
2018;Catalunya;con el personal de un restaurante o bar;resto de España;otra lengua (o lenguas);población de 15 años o más (miles);..;null
2018;Catalunya;con el personal de un restaurante o bar;resto de España;catalán y otra lengua (o lenguas);población de 15 años o más (miles);..;null
2018;Catalunya;con el personal de un restaurante o bar;resto de España;castellano y otra lengua (o lenguas);población de 15 años o más (miles);..;null
2018;Catalunya;con el personal de un restaurante o bar;resto de España;otras combinaciones de lenguas;población de 15 años o más (miles);..;null
2018;Catalunya;con el personal de un restaurante o bar;resto de España;No consta;población de 15 años o más (miles);..;null
2018;Catalunya;con el personal de un restaurante o bar;resto de España;total;población de 15 años o más (miles);..;null
2018;Catalunya;con el personal de un restaurante o bar;extranjero;solo catalán;población de 15 años o más (miles);..;null
2018;Catalunya;con el personal de un restaurante o bar;extranjero;más catalán que castellano;población de 15 años o más (miles);..;null
2018;Catalunya;con el personal de un restaurante o bar;extranjero;catalán y castellano;población de 15 años o más (miles);..;null
2018;Catalunya;con el personal de un restaurante o bar;extranjero;más castellano que catalán;población de 15 años o más (miles);..;null
2018;Catalunya;con el personal de un restaurante o bar;extranjero;solo castellano;población de 15 años o más (miles);..;null
2018;Catalunya;con el personal de un restaurante o bar;extranjero;otra lengua (o lenguas);población de 15 años o más (miles);..;null
2018;Catalunya;con el personal de un restaurante o bar;extranjero;catalán y otra lengua (o lenguas);población de 15 años o más (miles);..;null
2018;Catalunya;con el personal de un restaurante o bar;extranjero;castellano y otra lengua (o lenguas);población de 15 años o más (miles);..;null
2018;Catalunya;con el personal de un restaurante o bar;extranjero;otras combinaciones de lenguas;población de 15 años o más (miles);..;null
2018;Catalunya;con el personal de un restaurante o bar;extranjero;No consta;población de 15 años o más (miles);..;null
2018;Catalunya;con el personal de un restaurante o bar;extranjero;total;población de 15 años o más (miles);..;null
2018;Catalunya;con el personal de un restaurante o bar;total;solo catalán;población de 15 años o más (miles);..;null
2018;Catalunya;con el personal de un restaurante o bar;total;más catalán que castellano;población de 15 años o más (miles);..;null
2018;Catalunya;con el personal de un restaurante o bar;total;catalán y castellano;población de 15 años o más (miles);..;null
2018;Catalunya;con el personal de un restaurante o bar;total;más castellano que catalán;población de 15 años o más (miles);..;null
2018;Catalunya;con el personal de un restaurante o bar;total;solo castellano;población de 15 años o más (miles);..;null
2018;Catalunya;con el personal de un restaurante o bar;total;otra lengua (o lenguas);población de 15 años o más (miles);..;null
2018;Catalunya;con el personal de un restaurante o bar;total;catalán y otra lengua (o lenguas);población de 15 años o más (miles);..;null
2018;Catalunya;con el personal de un restaurante o bar;total;castellano y otra lengua (o lenguas);población de 15 años o más (miles);..;null
2018;Catalunya;con el personal de un restaurante o bar;total;otras combinaciones de lenguas;población de 15 años o más (miles);..;null
2018;Catalunya;con el personal de un restaurante o bar;total;No consta;población de 15 años o más (miles);..;null
2018;Catalunya;con el personal de un restaurante o bar;total;total;población de 15 años o más (miles);..;null
2018;Catalunya;con la Administración local;Cataluña;solo catalán;población de 15 años o más (miles);;2079,3
2018;Catalunya;con la Administración local;Cataluña;más catalán que castellano;población de 15 años o más (miles);;506,0
2018;Catalunya;con la Administración local;Cataluña;catalán y castellano;población de 15 años o más (miles);;380,5
2018;Catalunya;con la Administración local;Cataluña;más castellano que catalán;población de 15 años o más (miles);;185,0
2018;Catalunya;con la Administración local;Cataluña;solo castellano;población de 15 años o más (miles);;435,3
2018;Catalunya;con la Administración local;Cataluña;otra lengua (o lenguas);población de 15 años o más (miles);;2,0
2018;Catalunya;con la Administración local;Cataluña;catalán y otra lengua (o lenguas);población de 15 años o más (miles);;0,4
2018;Catalunya;con la Administración local;Cataluña;castellano y otra lengua (o lenguas);población de 15 años o más (miles);..;null
2018;Catalunya;con la Administración local;Cataluña;otras combinaciones de lenguas;población de 15 años o más (miles);;1,8
2018;Catalunya;con la Administración local;Cataluña;No consta;población de 15 años o más (miles);;229,6
2018;Catalunya;con la Administración local;Cataluña;total;población de 15 años o más (miles);;3820,0
2018;Catalunya;con la Administración local;resto de España;solo catalán;población de 15 años o más (miles);;198,9
2018;Catalunya;con la Administración local;resto de España;más catalán que castellano;población de 15 años o más (miles);;48,5
2018;Catalunya;con la Administración local;resto de España;catalán y castellano;población de 15 años o más (miles);;124,5
2018;Catalunya;con la Administración local;resto de España;más castellano que catalán;población de 15 años o más (miles);;102,7
2018;Catalunya;con la Administración local;resto de España;solo castellano;población de 15 años o más (miles);;710,5
2018;Catalunya;con la Administración local;resto de España;otra lengua (o lenguas);población de 15 años o más (miles);..;null
2018;Catalunya;con la Administración local;resto de España;catalán y otra lengua (o lenguas);población de 15 años o más (miles);..;null
2018;Catalunya;con la Administración local;resto de España;castellano y otra lengua (o lenguas);población de 15 años o más (miles);..;null
2018;Catalunya;con la Administración local;resto de España;otras combinaciones de lenguas;población de 15 años o más (miles);..;null
2018;Catalunya;con la Administración local;resto de España;No consta;población de 15 años o más (miles);;86,6
2018;Catalunya;con la Administración local;resto de España;total;población de 15 años o más (miles);;1273,7
2018;Catalunya;con la Administración local;extranjero;solo catalán;población de 15 años o más (miles);;144,8
2018;Catalunya;con la Administración local;extranjero;más catalán que castellano;población de 15 años o más (miles);;59,7
2018;Catalunya;con la Administración local;extranjero;catalán y castellano;población de 15 años o más (miles);;78,2
2018;Catalunya;con la Administración local;extranjero;más castellano que catalán;población de 15 años o más (miles);;95,7
2018;Catalunya;con la Administración local;extranjero;solo castellano;población de 15 años o más (miles);;839,9
2018;Catalunya;con la Administración local;extranjero;otra lengua (o lenguas);población de 15 años o más (miles);..;null
2018;Catalunya;con la Administración local;extranjero;catalán y otra lengua (o lenguas);población de 15 años o más (miles);..;null
2018;Catalunya;con la Administración local;extranjero;castellano y otra lengua (o lenguas);población de 15 años o más (miles);..;null
2018;Catalunya;con la Administración local;extranjero;otras combinaciones de lenguas;población de 15 años o más (miles);..;null
2018;Catalunya;con la Administración local;extranjero;No consta;población de 15 años o más (miles);;62,3
2018;Catalunya;con la Administración local;extranjero;total;población de 15 años o más (miles);;1292,8
2018;Catalunya;con la Administración local;total;solo catalán;población de 15 años o más (miles);;2422,9
2018;Catalunya;con la Administración local;total;más catalán que castellano;población de 15 años o más (miles);;614,3
2018;Catalunya;con la Administración local;total;catalán y castellano;población de 15 años o más (miles);;583,2
2018;Catalunya;con la Administración local;total;más castellano que catalán;población de 15 años o más (miles);;383,4
2018;Catalunya;con la Administración local;total;solo castellano;población de 15 años o más (miles);;1985,7
2018;Catalunya;con la Administración local;total;otra lengua (o lenguas);población de 15 años o más (miles);;13,3
2018;Catalunya;con la Administración local;total;catalán y otra lengua (o lenguas);población de 15 años o más (miles);;1,3
2018;Catalunya;con la Administración local;total;castellano y otra lengua (o lenguas);población de 15 años o más (miles);..;null
2018;Catalunya;con la Administración local;total;otras combinaciones de lenguas;población de 15 años o más (miles);;1,9
2018;Catalunya;con la Administración local;total;No consta;población de 15 años o más (miles);;378,6
2018;Catalunya;con la Administración local;total;total;población de 15 años o más (miles);;6386,6
2018;Catalunya;con la Administración de la Generalitat de Catalunya;Cataluña;solo catalán;población de 15 años o más (miles);;2054,8
2018;Catalunya;con la Administración de la Generalitat de Catalunya;Cataluña;más catalán que castellano;población de 15 años o más (miles);;433,2
2018;Catalunya;con la Administración de la Generalitat de Catalunya;Cataluña;catalán y castellano;población de 15 años o más (miles);;314,5
2018;Catalunya;con la Administración de la Generalitat de Catalunya;Cataluña;más castellano que catalán;población de 15 años o más (miles);;143,8
2018;Catalunya;con la Administración de la Generalitat de Catalunya;Cataluña;solo castellano;población de 15 años o más (miles);;397,6
2018;Catalunya;con la Administración de la Generalitat de Catalunya;Cataluña;otra lengua (o lenguas);población de 15 años o más (miles);..;null
2018;Catalunya;con la Administración de la Generalitat de Catalunya;Cataluña;catalán y otra lengua (o lenguas);población de 15 años o más (miles);..;null
2018;Catalunya;con la Administración de la Generalitat de Catalunya;Cataluña;castellano y otra lengua (o lenguas);población de 15 años o más (miles);..;null
2018;Catalunya;con la Administración de la Generalitat de Catalunya;Cataluña;otras combinaciones de lenguas;población de 15 años o más (miles);..;null
2018;Catalunya;con la Administración de la Generalitat de Catalunya;Cataluña;No consta;población de 15 años o más (miles);;475,7
2018;Catalunya;con la Administración de la Generalitat de Catalunya;Cataluña;total;población de 15 años o más (miles);;3820,0
2018;Catalunya;con la Administración de la Generalitat de Catalunya;resto de España;solo catalán;población de 15 años o más (miles);;191,1
2018;Catalunya;con la Administración de la Generalitat de Catalunya;resto de España;más catalán que castellano;población de 15 años o más (miles);;47,9
2018;Catalunya;con la Administración de la Generalitat de Catalunya;resto de España;catalán y castellano;población de 15 años o más (miles);;105,3
2018;Catalunya;con la Administración de la Generalitat de Catalunya;resto de España;más castellano que catalán;población de 15 años o más (miles);;84,8
2018;Catalunya;con la Administración de la Generalitat de Catalunya;resto de España;solo castellano;población de 15 años o más (miles);;647,8
2018;Catalunya;con la Administración de la Generalitat de Catalunya;resto de España;otra lengua (o lenguas);población de 15 años o más (miles);..;null
2018;Catalunya;con la Administración de la Generalitat de Catalunya;resto de España;catalán y otra lengua (o lenguas);población de 15 años o más (miles);..;null
2018;Catalunya;con la Administración de la Generalitat de Catalunya;resto de España;castellano y otra lengua (o lenguas);población de 15 años o más (miles);..;null
2018;Catalunya;con la Administración de la Generalitat de Catalunya;resto de España;otras combinaciones de lenguas;población de 15 años o más (miles);..;null
2018;Catalunya;con la Administración de la Generalitat de Catalunya;resto de España;No consta;población de 15 años o más (miles);;196,7
2018;Catalunya;con la Administración de la Generalitat de Catalunya;resto de España;total;población de 15 años o más (miles);;1273,7
2018;Catalunya;con la Administración de la Generalitat de Catalunya;extranjero;solo catalán;población de 15 años o más (miles);;142,7
2018;Catalunya;con la Administración de la Generalitat de Catalunya;extranjero;más catalán que castellano;población de 15 años o más (miles);;56,2
2018;Catalunya;con la Administración de la Generalitat de Catalunya;extranjero;catalán y castellano;población de 15 años o más (miles);;76,6
2018;Catalunya;con la Administración de la Generalitat de Catalunya;extranjero;más castellano que catalán;población de 15 años o más (miles);;83,7
2018;Catalunya;con la Administración de la Generalitat de Catalunya;extranjero;solo castellano;población de 15 años o más (miles);;798,5
2018;Catalunya;con la Administración de la Generalitat de Catalunya;extranjero;otra lengua (o lenguas);población de 15 años o más (miles);..;null
2018;Catalunya;con la Administración de la Generalitat de Catalunya;extranjero;catalán y otra lengua (o lenguas);población de 15 años o más (miles);..;null
2018;Catalunya;con la Administración de la Generalitat de Catalunya;extranjero;castellano y otra lengua (o lenguas);población de 15 años o más (miles);..;null
2018;Catalunya;con la Administración de la Generalitat de Catalunya;extranjero;otras combinaciones de lenguas;población de 15 años o más (miles);..;null
2018;Catalunya;con la Administración de la Generalitat de Catalunya;extranjero;No consta;población de 15 años o más (miles);;126,8
2018;Catalunya;con la Administración de la Generalitat de Catalunya;extranjero;total;población de 15 años o más (miles);;1292,8
2018;Catalunya;con la Administración de la Generalitat de Catalunya;total;solo catalán;población de 15 años o más (miles);;2388,5
2018;Catalunya;con la Administración de la Generalitat de Catalunya;total;más catalán que castellano;población de 15 años o más (miles);;537,3
2018;Catalunya;con la Administración de la Generalitat de Catalunya;total;catalán y castellano;población de 15 años o más (miles);;496,5
2018;Catalunya;con la Administración de la Generalitat de Catalunya;total;más castellano que catalán;población de 15 años o más (miles);;312,3
2018;Catalunya;con la Administración de la Generalitat de Catalunya;total;solo castellano;población de 15 años o más (miles);;1843,8
2018;Catalunya;con la Administración de la Generalitat de Catalunya;total;otra lengua (o lenguas);población de 15 años o más (miles);..;null
2018;Catalunya;con la Administración de la Generalitat de Catalunya;total;catalán y otra lengua (o lenguas);población de 15 años o más (miles);..;null
2018;Catalunya;con la Administración de la Generalitat de Catalunya;total;castellano y otra lengua (o lenguas);población de 15 años o más (miles);..;null
2018;Catalunya;con la Administración de la Generalitat de Catalunya;total;otras combinaciones de lenguas;población de 15 años o más (miles);..;null
2018;Catalunya;con la Administración de la Generalitat de Catalunya;total;No consta;población de 15 años o más (miles);;799,2
2018;Catalunya;con la Administración de la Generalitat de Catalunya;total;total;población de 15 años o más (miles);;6386,6
2018;Catalunya;con la Administración del Estado en Cataluña;Cataluña;solo catalán;población de 15 años o más (miles);;1104,7
2018;Catalunya;con la Administración del Estado en Cataluña;Cataluña;más catalán que castellano;población de 15 años o más (miles);;642,1
2018;Catalunya;con la Administración del Estado en Cataluña;Cataluña;catalán y castellano;población de 15 años o más (miles);;633,2
2018;Catalunya;con la Administración del Estado en Cataluña;Cataluña;más castellano que catalán;población de 15 años o más (miles);;372,3
2018;Catalunya;con la Administración del Estado en Cataluña;Cataluña;solo castellano;población de 15 años o más (miles);;783,0
2018;Catalunya;con la Administración del Estado en Cataluña;Cataluña;otra lengua (o lenguas);población de 15 años o más (miles);..;null
2018;Catalunya;con la Administración del Estado en Cataluña;Cataluña;catalán y otra lengua (o lenguas);población de 15 años o más (miles);..;null
2018;Catalunya;con la Administración del Estado en Cataluña;Cataluña;castellano y otra lengua (o lenguas);población de 15 años o más (miles);..;null
2018;Catalunya;con la Administración del Estado en Cataluña;Cataluña;otras combinaciones de lenguas;población de 15 años o más (miles);..;null
2018;Catalunya;con la Administración del Estado en Cataluña;Cataluña;No consta;población de 15 años o más (miles);;284,4
2018;Catalunya;con la Administración del Estado en Cataluña;Cataluña;total;población de 15 años o más (miles);;3820,0
2018;Catalunya;con la Administración del Estado en Cataluña;resto de España;solo catalán;población de 15 años o más (miles);;98,2
2018;Catalunya;con la Administración del Estado en Cataluña;resto de España;más catalán que castellano;población de 15 años o más (miles);;55,3
2018;Catalunya;con la Administración del Estado en Cataluña;resto de España;catalán y castellano;población de 15 años o más (miles);;144,4
2018;Catalunya;con la Administración del Estado en Cataluña;resto de España;más castellano que catalán;población de 15 años o más (miles);;107,0
2018;Catalunya;con la Administración del Estado en Cataluña;resto de España;solo castellano;población de 15 años o más (miles);;787,3
2018;Catalunya;con la Administración del Estado en Cataluña;resto de España;otra lengua (o lenguas);población de 15 años o más (miles);..;null
2018;Catalunya;con la Administración del Estado en Cataluña;resto de España;catalán y otra lengua (o lenguas);población de 15 años o más (miles);..;null
2018;Catalunya;con la Administración del Estado en Cataluña;resto de España;castellano y otra lengua (o lenguas);población de 15 años o más (miles);..;null
2018;Catalunya;con la Administración del Estado en Cataluña;resto de España;otras combinaciones de lenguas;población de 15 años o más (miles);..;null
2018;Catalunya;con la Administración del Estado en Cataluña;resto de España;No consta;población de 15 años o más (miles);;81,5
2018;Catalunya;con la Administración del Estado en Cataluña;resto de España;total;población de 15 años o más (miles);;1273,7
2018;Catalunya;con la Administración del Estado en Cataluña;extranjero;solo catalán;población de 15 años o más (miles);;80,3
2018;Catalunya;con la Administración del Estado en Cataluña;extranjero;más catalán que castellano;población de 15 años o más (miles);;39,8
2018;Catalunya;con la Administración del Estado en Cataluña;extranjero;catalán y castellano;población de 15 años o más (miles);;90,0
2018;Catalunya;con la Administración del Estado en Cataluña;extranjero;más castellano que catalán;población de 15 años o más (miles);;92,5
2018;Catalunya;con la Administración del Estado en Cataluña;extranjero;solo castellano;población de 15 años o más (miles);;915,3
2018;Catalunya;con la Administración del Estado en Cataluña;extranjero;otra lengua (o lenguas);población de 15 años o más (miles);..;null
2018;Catalunya;con la Administración del Estado en Cataluña;extranjero;catalán y otra lengua (o lenguas);población de 15 años o más (miles);..;null
2018;Catalunya;con la Administración del Estado en Cataluña;extranjero;castellano y otra lengua (o lenguas);población de 15 años o más (miles);..;null
2018;Catalunya;con la Administración del Estado en Cataluña;extranjero;otras combinaciones de lenguas;población de 15 años o más (miles);..;null
2018;Catalunya;con la Administración del Estado en Cataluña;extranjero;No consta;población de 15 años o más (miles);;64,2
2018;Catalunya;con la Administración del Estado en Cataluña;extranjero;total;población de 15 años o más (miles);;1292,8
2018;Catalunya;con la Administración del Estado en Cataluña;total;solo catalán;población de 15 años o más (miles);;1283,1
2018;Catalunya;con la Administración del Estado en Cataluña;total;más catalán que castellano;población de 15 años o más (miles);;737,1
2018;Catalunya;con la Administración del Estado en Cataluña;total;catalán y castellano;población de 15 años o más (miles);;867,6
2018;Catalunya;con la Administración del Estado en Cataluña;total;más castellano que catalán;población de 15 años o más (miles);;571,8
2018;Catalunya;con la Administración del Estado en Cataluña;total;solo castellano;población de 15 años o más (miles);;2485,6
2018;Catalunya;con la Administración del Estado en Cataluña;total;otra lengua (o lenguas);población de 15 años o más (miles);..;null
2018;Catalunya;con la Administración del Estado en Cataluña;total;catalán y otra lengua (o lenguas);población de 15 años o más (miles);..;null
2018;Catalunya;con la Administración del Estado en Cataluña;total;castellano y otra lengua (o lenguas);población de 15 años o más (miles);..;null
2018;Catalunya;con la Administración del Estado en Cataluña;total;otras combinaciones de lenguas;población de 15 años o más (miles);..;null
2018;Catalunya;con la Administración del Estado en Cataluña;total;No consta;población de 15 años o más (miles);;430,1
2018;Catalunya;con la Administración del Estado en Cataluña;total;total;población de 15 años o más (miles);;6386,6
2018;Catalunya;con la policía local o Mossos d'Esquadra;Cataluña;solo catalán;población de 15 años o más (miles);..;null
2018;Catalunya;con la policía local o Mossos d'Esquadra;Cataluña;más catalán que castellano;población de 15 años o más (miles);..;null
2018;Catalunya;con la policía local o Mossos d'Esquadra;Cataluña;catalán y castellano;población de 15 años o más (miles);..;null
2018;Catalunya;con la policía local o Mossos d'Esquadra;Cataluña;más castellano que catalán;población de 15 años o más (miles);..;null
2018;Catalunya;con la policía local o Mossos d'Esquadra;Cataluña;solo castellano;población de 15 años o más (miles);..;null
2018;Catalunya;con la policía local o Mossos d'Esquadra;Cataluña;otra lengua (o lenguas);población de 15 años o más (miles);..;null
2018;Catalunya;con la policía local o Mossos d'Esquadra;Cataluña;catalán y otra lengua (o lenguas);población de 15 años o más (miles);..;null
2018;Catalunya;con la policía local o Mossos d'Esquadra;Cataluña;castellano y otra lengua (o lenguas);población de 15 años o más (miles);..;null
2018;Catalunya;con la policía local o Mossos d'Esquadra;Cataluña;otras combinaciones de lenguas;población de 15 años o más (miles);..;null
2018;Catalunya;con la policía local o Mossos d'Esquadra;Cataluña;No consta;población de 15 años o más (miles);..;null
2018;Catalunya;con la policía local o Mossos d'Esquadra;Cataluña;total;población de 15 años o más (miles);..;null
2018;Catalunya;con la policía local o Mossos d'Esquadra;resto de España;solo catalán;población de 15 años o más (miles);..;null
2018;Catalunya;con la policía local o Mossos d'Esquadra;resto de España;más catalán que castellano;población de 15 años o más (miles);..;null
2018;Catalunya;con la policía local o Mossos d'Esquadra;resto de España;catalán y castellano;población de 15 años o más (miles);..;null
2018;Catalunya;con la policía local o Mossos d'Esquadra;resto de España;más castellano que catalán;población de 15 años o más (miles);..;null
2018;Catalunya;con la policía local o Mossos d'Esquadra;resto de España;solo castellano;población de 15 años o más (miles);..;null
2018;Catalunya;con la policía local o Mossos d'Esquadra;resto de España;otra lengua (o lenguas);población de 15 años o más (miles);..;null
2018;Catalunya;con la policía local o Mossos d'Esquadra;resto de España;catalán y otra lengua (o lenguas);población de 15 años o más (miles);..;null
2018;Catalunya;con la policía local o Mossos d'Esquadra;resto de España;castellano y otra lengua (o lenguas);población de 15 años o más (miles);..;null
2018;Catalunya;con la policía local o Mossos d'Esquadra;resto de España;otras combinaciones de lenguas;población de 15 años o más (miles);..;null
2018;Catalunya;con la policía local o Mossos d'Esquadra;resto de España;No consta;población de 15 años o más (miles);..;null
2018;Catalunya;con la policía local o Mossos d'Esquadra;resto de España;total;población de 15 años o más (miles);..;null
2018;Catalunya;con la policía local o Mossos d'Esquadra;extranjero;solo catalán;población de 15 años o más (miles);..;null
2018;Catalunya;con la policía local o Mossos d'Esquadra;extranjero;más catalán que castellano;población de 15 años o más (miles);..;null
2018;Catalunya;con la policía local o Mossos d'Esquadra;extranjero;catalán y castellano;población de 15 años o más (miles);..;null
2018;Catalunya;con la policía local o Mossos d'Esquadra;extranjero;más castellano que catalán;población de 15 años o más (miles);..;null
2018;Catalunya;con la policía local o Mossos d'Esquadra;extranjero;solo castellano;población de 15 años o más (miles);..;null
2018;Catalunya;con la policía local o Mossos d'Esquadra;extranjero;otra lengua (o lenguas);población de 15 años o más (miles);..;null
2018;Catalunya;con la policía local o Mossos d'Esquadra;extranjero;catalán y otra lengua (o lenguas);población de 15 años o más (miles);..;null
2018;Catalunya;con la policía local o Mossos d'Esquadra;extranjero;castellano y otra lengua (o lenguas);población de 15 años o más (miles);..;null
2018;Catalunya;con la policía local o Mossos d'Esquadra;extranjero;otras combinaciones de lenguas;población de 15 años o más (miles);..;null
2018;Catalunya;con la policía local o Mossos d'Esquadra;extranjero;No consta;población de 15 años o más (miles);..;null
2018;Catalunya;con la policía local o Mossos d'Esquadra;extranjero;total;población de 15 años o más (miles);..;null
2018;Catalunya;con la policía local o Mossos d'Esquadra;total;solo catalán;población de 15 años o más (miles);..;null
2018;Catalunya;con la policía local o Mossos d'Esquadra;total;más catalán que castellano;población de 15 años o más (miles);..;null
2018;Catalunya;con la policía local o Mossos d'Esquadra;total;catalán y castellano;población de 15 años o más (miles);..;null
2018;Catalunya;con la policía local o Mossos d'Esquadra;total;más castellano que catalán;población de 15 años o más (miles);..;null
2018;Catalunya;con la policía local o Mossos d'Esquadra;total;solo castellano;población de 15 años o más (miles);..;null
2018;Catalunya;con la policía local o Mossos d'Esquadra;total;otra lengua (o lenguas);población de 15 años o más (miles);..;null
2018;Catalunya;con la policía local o Mossos d'Esquadra;total;catalán y otra lengua (o lenguas);población de 15 años o más (miles);..;null
2018;Catalunya;con la policía local o Mossos d'Esquadra;total;castellano y otra lengua (o lenguas);población de 15 años o más (miles);..;null
2018;Catalunya;con la policía local o Mossos d'Esquadra;total;otras combinaciones de lenguas;población de 15 años o más (miles);..;null
2018;Catalunya;con la policía local o Mossos d'Esquadra;total;No consta;población de 15 años o más (miles);..;null
2018;Catalunya;con la policía local o Mossos d'Esquadra;total;total;población de 15 años o más (miles);..;null
2018;Catalunya;con los órganos judiciales;Cataluña;solo catalán;población de 15 años o más (miles);..;null
2018;Catalunya;con los órganos judiciales;Cataluña;más catalán que castellano;población de 15 años o más (miles);..;null
2018;Catalunya;con los órganos judiciales;Cataluña;catalán y castellano;población de 15 años o más (miles);..;null
2018;Catalunya;con los órganos judiciales;Cataluña;más castellano que catalán;población de 15 años o más (miles);..;null
2018;Catalunya;con los órganos judiciales;Cataluña;solo castellano;población de 15 años o más (miles);..;null
2018;Catalunya;con los órganos judiciales;Cataluña;otra lengua (o lenguas);población de 15 años o más (miles);..;null
2018;Catalunya;con los órganos judiciales;Cataluña;catalán y otra lengua (o lenguas);población de 15 años o más (miles);..;null
2018;Catalunya;con los órganos judiciales;Cataluña;castellano y otra lengua (o lenguas);población de 15 años o más (miles);..;null
2018;Catalunya;con los órganos judiciales;Cataluña;otras combinaciones de lenguas;población de 15 años o más (miles);..;null
2018;Catalunya;con los órganos judiciales;Cataluña;No consta;población de 15 años o más (miles);..;null
2018;Catalunya;con los órganos judiciales;Cataluña;total;población de 15 años o más (miles);..;null
2018;Catalunya;con los órganos judiciales;resto de España;solo catalán;población de 15 años o más (miles);..;null
2018;Catalunya;con los órganos judiciales;resto de España;más catalán que castellano;población de 15 años o más (miles);..;null
2018;Catalunya;con los órganos judiciales;resto de España;catalán y castellano;población de 15 años o más (miles);..;null
2018;Catalunya;con los órganos judiciales;resto de España;más castellano que catalán;población de 15 años o más (miles);..;null
2018;Catalunya;con los órganos judiciales;resto de España;solo castellano;población de 15 años o más (miles);..;null
2018;Catalunya;con los órganos judiciales;resto de España;otra lengua (o lenguas);población de 15 años o más (miles);..;null
2018;Catalunya;con los órganos judiciales;resto de España;catalán y otra lengua (o lenguas);población de 15 años o más (miles);..;null
2018;Catalunya;con los órganos judiciales;resto de España;castellano y otra lengua (o lenguas);población de 15 años o más (miles);..;null
2018;Catalunya;con los órganos judiciales;resto de España;otras combinaciones de lenguas;población de 15 años o más (miles);..;null
2018;Catalunya;con los órganos judiciales;resto de España;No consta;población de 15 años o más (miles);..;null
2018;Catalunya;con los órganos judiciales;resto de España;total;población de 15 años o más (miles);..;null
2018;Catalunya;con los órganos judiciales;extranjero;solo catalán;población de 15 años o más (miles);..;null
2018;Catalunya;con los órganos judiciales;extranjero;más catalán que castellano;población de 15 años o más (miles);..;null
2018;Catalunya;con los órganos judiciales;extranjero;catalán y castellano;población de 15 años o más (miles);..;null
2018;Catalunya;con los órganos judiciales;extranjero;más castellano que catalán;población de 15 años o más (miles);..;null
2018;Catalunya;con los órganos judiciales;extranjero;solo castellano;población de 15 años o más (miles);..;null
2018;Catalunya;con los órganos judiciales;extranjero;otra lengua (o lenguas);población de 15 años o más (miles);..;null
2018;Catalunya;con los órganos judiciales;extranjero;catalán y otra lengua (o lenguas);población de 15 años o más (miles);..;null
2018;Catalunya;con los órganos judiciales;extranjero;castellano y otra lengua (o lenguas);población de 15 años o más (miles);..;null
2018;Catalunya;con los órganos judiciales;extranjero;otras combinaciones de lenguas;población de 15 años o más (miles);..;null
2018;Catalunya;con los órganos judiciales;extranjero;No consta;población de 15 años o más (miles);..;null
2018;Catalunya;con los órganos judiciales;extranjero;total;población de 15 años o más (miles);..;null
2018;Catalunya;con los órganos judiciales;total;solo catalán;población de 15 años o más (miles);..;null
2018;Catalunya;con los órganos judiciales;total;más catalán que castellano;población de 15 años o más (miles);..;null
2018;Catalunya;con los órganos judiciales;total;catalán y castellano;población de 15 años o más (miles);..;null
2018;Catalunya;con los órganos judiciales;total;más castellano que catalán;población de 15 años o más (miles);..;null
2018;Catalunya;con los órganos judiciales;total;solo castellano;población de 15 años o más (miles);..;null
2018;Catalunya;con los órganos judiciales;total;otra lengua (o lenguas);población de 15 años o más (miles);..;null
2018;Catalunya;con los órganos judiciales;total;catalán y otra lengua (o lenguas);población de 15 años o más (miles);..;null
2018;Catalunya;con los órganos judiciales;total;castellano y otra lengua (o lenguas);población de 15 años o más (miles);..;null
2018;Catalunya;con los órganos judiciales;total;otras combinaciones de lenguas;población de 15 años o más (miles);..;null
2018;Catalunya;con los órganos judiciales;total;No consta;población de 15 años o más (miles);..;null
2018;Catalunya;con los órganos judiciales;total;total;población de 15 años o más (miles);..;null
2018;Catalunya;con el personal médico;Cataluña;solo catalán;población de 15 años o más (miles);;1479,3
2018;Catalunya;con el personal médico;Cataluña;más catalán que castellano;población de 15 años o más (miles);;702,2
2018;Catalunya;con el personal médico;Cataluña;catalán y castellano;población de 15 años o más (miles);;672,8
2018;Catalunya;con el personal médico;Cataluña;más castellano que catalán;población de 15 años o más (miles);;255,8
2018;Catalunya;con el personal médico;Cataluña;solo castellano;población de 15 años o más (miles);;669,8
2018;Catalunya;con el personal médico;Cataluña;otra lengua (o lenguas);población de 15 años o más (miles);..;null
2018;Catalunya;con el personal médico;Cataluña;catalán y otra lengua (o lenguas);población de 15 años o más (miles);..;null
2018;Catalunya;con el personal médico;Cataluña;castellano y otra lengua (o lenguas);población de 15 años o más (miles);..;null
2018;Catalunya;con el personal médico;Cataluña;otras combinaciones de lenguas;población de 15 años o más (miles);;2,4
2018;Catalunya;con el personal médico;Cataluña;No consta;población de 15 años o más (miles);;36,2
2018;Catalunya;con el personal médico;Cataluña;total;población de 15 años o más (miles);;3820,0
2018;Catalunya;con el personal médico;resto de España;solo catalán;población de 15 años o más (miles);;125,1
2018;Catalunya;con el personal médico;resto de España;más catalán que castellano;población de 15 años o más (miles);;57,2
2018;Catalunya;con el personal médico;resto de España;catalán y castellano;población de 15 años o más (miles);;152,1
2018;Catalunya;con el personal médico;resto de España;más castellano que catalán;población de 15 años o más (miles);;86,9
2018;Catalunya;con el personal médico;resto de España;solo castellano;población de 15 años o más (miles);;846,2
2018;Catalunya;con el personal médico;resto de España;otra lengua (o lenguas);población de 15 años o más (miles);..;null
2018;Catalunya;con el personal médico;resto de España;catalán y otra lengua (o lenguas);población de 15 años o más (miles);..;null
2018;Catalunya;con el personal médico;resto de España;castellano y otra lengua (o lenguas);población de 15 años o más (miles);..;null
2018;Catalunya;con el personal médico;resto de España;otras combinaciones de lenguas;población de 15 años o más (miles);..;null
2018;Catalunya;con el personal médico;resto de España;No consta;población de 15 años o más (miles);..;null
2018;Catalunya;con el personal médico;resto de España;total;población de 15 años o más (miles);;1273,7
2018;Catalunya;con el personal médico;extranjero;solo catalán;población de 15 años o más (miles);;81,2
2018;Catalunya;con el personal médico;extranjero;más catalán que castellano;población de 15 años o más (miles);;44,1
2018;Catalunya;con el personal médico;extranjero;catalán y castellano;población de 15 años o más (miles);;99,4
2018;Catalunya;con el personal médico;extranjero;más castellano que catalán;población de 15 años o más (miles);;92,8
2018;Catalunya;con el personal médico;extranjero;solo castellano;población de 15 años o más (miles);;933,3
2018;Catalunya;con el personal médico;extranjero;otra lengua (o lenguas);población de 15 años o más (miles);..;null
2018;Catalunya;con el personal médico;extranjero;catalán y otra lengua (o lenguas);población de 15 años o más (miles);..;null
2018;Catalunya;con el personal médico;extranjero;castellano y otra lengua (o lenguas);población de 15 años o más (miles);..;null
2018;Catalunya;con el personal médico;extranjero;otras combinaciones de lenguas;población de 15 años o más (miles);..;null
2018;Catalunya;con el personal médico;extranjero;No consta;población de 15 años o más (miles);;16,8
2018;Catalunya;con el personal médico;extranjero;total;población de 15 años o más (miles);;1292,8
2018;Catalunya;con el personal médico;total;solo catalán;población de 15 años o más (miles);;1685,6
2018;Catalunya;con el personal médico;total;más catalán que castellano;población de 15 años o más (miles);;803,4
2018;Catalunya;con el personal médico;total;catalán y castellano;población de 15 años o más (miles);;924,3
2018;Catalunya;con el personal médico;total;más castellano que catalán;población de 15 años o más (miles);;435,5
2018;Catalunya;con el personal médico;total;solo castellano;población de 15 años o más (miles);;2449,3
2018;Catalunya;con el personal médico;total;otra lengua (o lenguas);población de 15 años o más (miles);;13,4
2018;Catalunya;con el personal médico;total;catalán y otra lengua (o lenguas);población de 15 años o más (miles);..;null
2018;Catalunya;con el personal médico;total;castellano y otra lengua (o lenguas);población de 15 años o más (miles);;11,6
2018;Catalunya;con el personal médico;total;otras combinaciones de lenguas;población de 15 años o más (miles);;2,5
2018;Catalunya;con el personal médico;total;No consta;población de 15 años o más (miles);;59,0
2018;Catalunya;con el personal médico;total;total;población de 15 años o más (miles);;6386,6
2018;Catalunya;al contestar al personal médico en la consulta;Cataluña;solo catalán;población de 15 años o más (miles);..;null
2018;Catalunya;al contestar al personal médico en la consulta;Cataluña;más catalán que castellano;población de 15 años o más (miles);..;null
2018;Catalunya;al contestar al personal médico en la consulta;Cataluña;catalán y castellano;población de 15 años o más (miles);..;null
2018;Catalunya;al contestar al personal médico en la consulta;Cataluña;más castellano que catalán;población de 15 años o más (miles);..;null
2018;Catalunya;al contestar al personal médico en la consulta;Cataluña;solo castellano;población de 15 años o más (miles);..;null
2018;Catalunya;al contestar al personal médico en la consulta;Cataluña;otra lengua (o lenguas);población de 15 años o más (miles);..;null
2018;Catalunya;al contestar al personal médico en la consulta;Cataluña;catalán y otra lengua (o lenguas);población de 15 años o más (miles);..;null
2018;Catalunya;al contestar al personal médico en la consulta;Cataluña;castellano y otra lengua (o lenguas);población de 15 años o más (miles);..;null
2018;Catalunya;al contestar al personal médico en la consulta;Cataluña;otras combinaciones de lenguas;población de 15 años o más (miles);..;null
2018;Catalunya;al contestar al personal médico en la consulta;Cataluña;No consta;población de 15 años o más (miles);..;null
2018;Catalunya;al contestar al personal médico en la consulta;Cataluña;total;población de 15 años o más (miles);..;null
2018;Catalunya;al contestar al personal médico en la consulta;resto de España;solo catalán;población de 15 años o más (miles);..;null
2018;Catalunya;al contestar al personal médico en la consulta;resto de España;más catalán que castellano;población de 15 años o más (miles);..;null
2018;Catalunya;al contestar al personal médico en la consulta;resto de España;catalán y castellano;población de 15 años o más (miles);..;null
2018;Catalunya;al contestar al personal médico en la consulta;resto de España;más castellano que catalán;población de 15 años o más (miles);..;null
2018;Catalunya;al contestar al personal médico en la consulta;resto de España;solo castellano;población de 15 años o más (miles);..;null
2018;Catalunya;al contestar al personal médico en la consulta;resto de España;otra lengua (o lenguas);población de 15 años o más (miles);..;null
2018;Catalunya;al contestar al personal médico en la consulta;resto de España;catalán y otra lengua (o lenguas);población de 15 años o más (miles);..;null
2018;Catalunya;al contestar al personal médico en la consulta;resto de España;castellano y otra lengua (o lenguas);población de 15 años o más (miles);..;null
2018;Catalunya;al contestar al personal médico en la consulta;resto de España;otras combinaciones de lenguas;población de 15 años o más (miles);..;null
2018;Catalunya;al contestar al personal médico en la consulta;resto de España;No consta;población de 15 años o más (miles);..;null
2018;Catalunya;al contestar al personal médico en la consulta;resto de España;total;población de 15 años o más (miles);..;null
2018;Catalunya;al contestar al personal médico en la consulta;extranjero;solo catalán;población de 15 años o más (miles);..;null
2018;Catalunya;al contestar al personal médico en la consulta;extranjero;más catalán que castellano;población de 15 años o más (miles);..;null
2018;Catalunya;al contestar al personal médico en la consulta;extranjero;catalán y castellano;población de 15 años o más (miles);..;null
2018;Catalunya;al contestar al personal médico en la consulta;extranjero;más castellano que catalán;población de 15 años o más (miles);..;null
2018;Catalunya;al contestar al personal médico en la consulta;extranjero;solo castellano;población de 15 años o más (miles);..;null
2018;Catalunya;al contestar al personal médico en la consulta;extranjero;otra lengua (o lenguas);población de 15 años o más (miles);..;null
2018;Catalunya;al contestar al personal médico en la consulta;extranjero;catalán y otra lengua (o lenguas);población de 15 años o más (miles);..;null
2018;Catalunya;al contestar al personal médico en la consulta;extranjero;castellano y otra lengua (o lenguas);población de 15 años o más (miles);..;null
2018;Catalunya;al contestar al personal médico en la consulta;extranjero;otras combinaciones de lenguas;población de 15 años o más (miles);..;null
2018;Catalunya;al contestar al personal médico en la consulta;extranjero;No consta;población de 15 años o más (miles);..;null
2018;Catalunya;al contestar al personal médico en la consulta;extranjero;total;población de 15 años o más (miles);..;null
2018;Catalunya;al contestar al personal médico en la consulta;total;solo catalán;población de 15 años o más (miles);..;null
2018;Catalunya;al contestar al personal médico en la consulta;total;más catalán que castellano;población de 15 años o más (miles);..;null
2018;Catalunya;al contestar al personal médico en la consulta;total;catalán y castellano;población de 15 años o más (miles);..;null
2018;Catalunya;al contestar al personal médico en la consulta;total;más castellano que catalán;población de 15 años o más (miles);..;null
2018;Catalunya;al contestar al personal médico en la consulta;total;solo castellano;población de 15 años o más (miles);..;null
2018;Catalunya;al contestar al personal médico en la consulta;total;otra lengua (o lenguas);población de 15 años o más (miles);..;null
2018;Catalunya;al contestar al personal médico en la consulta;total;catalán y otra lengua (o lenguas);población de 15 años o más (miles);..;null
2018;Catalunya;al contestar al personal médico en la consulta;total;castellano y otra lengua (o lenguas);población de 15 años o más (miles);..;null
2018;Catalunya;al contestar al personal médico en la consulta;total;otras combinaciones de lenguas;población de 15 años o más (miles);..;null
2018;Catalunya;al contestar al personal médico en la consulta;total;No consta;población de 15 años o más (miles);..;null
2018;Catalunya;al contestar al personal médico en la consulta;total;total;población de 15 años o más (miles);..;null
2018;Catalunya;al escribir mensajes de móvil;Cataluña;solo catalán;población de 15 años o más (miles);;719,0
2018;Catalunya;al escribir mensajes de móvil;Cataluña;más catalán que castellano;población de 15 años o más (miles);;699,7
2018;Catalunya;al escribir mensajes de móvil;Cataluña;catalán y castellano;población de 15 años o más (miles);;692,7
2018;Catalunya;al escribir mensajes de móvil;Cataluña;más castellano que catalán;población de 15 años o más (miles);;469,4
2018;Catalunya;al escribir mensajes de móvil;Cataluña;solo castellano;población de 15 años o más (miles);;793,7
2018;Catalunya;al escribir mensajes de móvil;Cataluña;otra lengua (o lenguas);población de 15 años o más (miles);..;null
2018;Catalunya;al escribir mensajes de móvil;Cataluña;catalán y otra lengua (o lenguas);población de 15 años o más (miles);;11,2
2018;Catalunya;al escribir mensajes de móvil;Cataluña;castellano y otra lengua (o lenguas);población de 15 años o más (miles);;17,6
2018;Catalunya;al escribir mensajes de móvil;Cataluña;otras combinaciones de lenguas;población de 15 años o más (miles);;78,9
2018;Catalunya;al escribir mensajes de móvil;Cataluña;No consta;población de 15 años o más (miles);;336,4
2018;Catalunya;al escribir mensajes de móvil;Cataluña;total;población de 15 años o más (miles);;3820,0
2018;Catalunya;al escribir mensajes de móvil;resto de España;solo catalán;población de 15 años o más (miles);;23,8
2018;Catalunya;al escribir mensajes de móvil;resto de España;más catalán que castellano;población de 15 años o más (miles);;34,8
2018;Catalunya;al escribir mensajes de móvil;resto de España;catalán y castellano;población de 15 años o más (miles);;86,9
2018;Catalunya;al escribir mensajes de móvil;resto de España;más castellano que catalán;población de 15 años o más (miles);;88,4
2018;Catalunya;al escribir mensajes de móvil;resto de España;solo castellano;población de 15 años o más (miles);;666,5
2018;Catalunya;al escribir mensajes de móvil;resto de España;otra lengua (o lenguas);población de 15 años o más (miles);..;null
2018;Catalunya;al escribir mensajes de móvil;resto de España;catalán y otra lengua (o lenguas);población de 15 años o más (miles);..;null
2018;Catalunya;al escribir mensajes de móvil;resto de España;castellano y otra lengua (o lenguas);población de 15 años o más (miles);;16,3
2018;Catalunya;al escribir mensajes de móvil;resto de España;otras combinaciones de lenguas;población de 15 años o más (miles);..;null
2018;Catalunya;al escribir mensajes de móvil;resto de España;No consta;población de 15 años o más (miles);;345,0
2018;Catalunya;al escribir mensajes de móvil;resto de España;total;población de 15 años o más (miles);;1273,7
2018;Catalunya;al escribir mensajes de móvil;extranjero;solo catalán;población de 15 años o más (miles);;13,3
2018;Catalunya;al escribir mensajes de móvil;extranjero;más catalán que castellano;población de 15 años o más (miles);;17,1
2018;Catalunya;al escribir mensajes de móvil;extranjero;catalán y castellano;población de 15 años o más (miles);;84,8
2018;Catalunya;al escribir mensajes de móvil;extranjero;más castellano que catalán;población de 15 años o más (miles);;98,2
2018;Catalunya;al escribir mensajes de móvil;extranjero;solo castellano;población de 15 años o más (miles);;639,0
2018;Catalunya;al escribir mensajes de móvil;extranjero;otra lengua (o lenguas);población de 15 años o más (miles);;53,7
2018;Catalunya;al escribir mensajes de móvil;extranjero;catalán y otra lengua (o lenguas);población de 15 años o más (miles);..;null
2018;Catalunya;al escribir mensajes de móvil;extranjero;castellano y otra lengua (o lenguas);población de 15 años o más (miles);;262,5
2018;Catalunya;al escribir mensajes de móvil;extranjero;otras combinaciones de lenguas;población de 15 años o más (miles);;52,8
2018;Catalunya;al escribir mensajes de móvil;extranjero;No consta;población de 15 años o más (miles);;59,3
2018;Catalunya;al escribir mensajes de móvil;extranjero;total;población de 15 años o más (miles);;1292,8
2018;Catalunya;al escribir mensajes de móvil;total;solo catalán;población de 15 años o más (miles);;756,1
2018;Catalunya;al escribir mensajes de móvil;total;más catalán que castellano;población de 15 años o más (miles);;751,6
2018;Catalunya;al escribir mensajes de móvil;total;catalán y castellano;población de 15 años o más (miles);;864,3
2018;Catalunya;al escribir mensajes de móvil;total;más castellano que catalán;población de 15 años o más (miles);;656,0
2018;Catalunya;al escribir mensajes de móvil;total;solo castellano;población de 15 años o más (miles);;2099,2
2018;Catalunya;al escribir mensajes de móvil;total;otra lengua (o lenguas);población de 15 años o más (miles);;56,1
2018;Catalunya;al escribir mensajes de móvil;total;catalán y otra lengua (o lenguas);población de 15 años o más (miles);;24,8
2018;Catalunya;al escribir mensajes de móvil;total;castellano y otra lengua (o lenguas);población de 15 años o más (miles);;296,5
2018;Catalunya;al escribir mensajes de móvil;total;otras combinaciones de lenguas;población de 15 años o más (miles);;141,4
2018;Catalunya;al escribir mensajes de móvil;total;No consta;población de 15 años o más (miles);;740,7
2018;Catalunya;al escribir mensajes de móvil;total;total;población de 15 años o más (miles);;6386,6
2018;Catalunya;al hacer publicaciones en las redes sociales;Cataluña;solo catalán;población de 15 años o más (miles);..;null
2018;Catalunya;al hacer publicaciones en las redes sociales;Cataluña;más catalán que castellano;población de 15 años o más (miles);..;null
2018;Catalunya;al hacer publicaciones en las redes sociales;Cataluña;catalán y castellano;población de 15 años o más (miles);..;null
2018;Catalunya;al hacer publicaciones en las redes sociales;Cataluña;más castellano que catalán;población de 15 años o más (miles);..;null
2018;Catalunya;al hacer publicaciones en las redes sociales;Cataluña;solo castellano;población de 15 años o más (miles);..;null
2018;Catalunya;al hacer publicaciones en las redes sociales;Cataluña;otra lengua (o lenguas);población de 15 años o más (miles);..;null
2018;Catalunya;al hacer publicaciones en las redes sociales;Cataluña;catalán y otra lengua (o lenguas);población de 15 años o más (miles);..;null
2018;Catalunya;al hacer publicaciones en las redes sociales;Cataluña;castellano y otra lengua (o lenguas);población de 15 años o más (miles);..;null
2018;Catalunya;al hacer publicaciones en las redes sociales;Cataluña;otras combinaciones de lenguas;población de 15 años o más (miles);..;null
2018;Catalunya;al hacer publicaciones en las redes sociales;Cataluña;No consta;población de 15 años o más (miles);..;null
2018;Catalunya;al hacer publicaciones en las redes sociales;Cataluña;total;población de 15 años o más (miles);..;null
2018;Catalunya;al hacer publicaciones en las redes sociales;resto de España;solo catalán;población de 15 años o más (miles);..;null
2018;Catalunya;al hacer publicaciones en las redes sociales;resto de España;más catalán que castellano;población de 15 años o más (miles);..;null
2018;Catalunya;al hacer publicaciones en las redes sociales;resto de España;catalán y castellano;población de 15 años o más (miles);..;null
2018;Catalunya;al hacer publicaciones en las redes sociales;resto de España;más castellano que catalán;población de 15 años o más (miles);..;null
2018;Catalunya;al hacer publicaciones en las redes sociales;resto de España;solo castellano;población de 15 años o más (miles);..;null
2018;Catalunya;al hacer publicaciones en las redes sociales;resto de España;otra lengua (o lenguas);población de 15 años o más (miles);..;null
2018;Catalunya;al hacer publicaciones en las redes sociales;resto de España;catalán y otra lengua (o lenguas);población de 15 años o más (miles);..;null
2018;Catalunya;al hacer publicaciones en las redes sociales;resto de España;castellano y otra lengua (o lenguas);población de 15 años o más (miles);..;null
2018;Catalunya;al hacer publicaciones en las redes sociales;resto de España;otras combinaciones de lenguas;población de 15 años o más (miles);..;null
2018;Catalunya;al hacer publicaciones en las redes sociales;resto de España;No consta;población de 15 años o más (miles);..;null
2018;Catalunya;al hacer publicaciones en las redes sociales;resto de España;total;población de 15 años o más (miles);..;null
2018;Catalunya;al hacer publicaciones en las redes sociales;extranjero;solo catalán;población de 15 años o más (miles);..;null
2018;Catalunya;al hacer publicaciones en las redes sociales;extranjero;más catalán que castellano;población de 15 años o más (miles);..;null
2018;Catalunya;al hacer publicaciones en las redes sociales;extranjero;catalán y castellano;población de 15 años o más (miles);..;null
2018;Catalunya;al hacer publicaciones en las redes sociales;extranjero;más castellano que catalán;población de 15 años o más (miles);..;null
2018;Catalunya;al hacer publicaciones en las redes sociales;extranjero;solo castellano;población de 15 años o más (miles);..;null
2018;Catalunya;al hacer publicaciones en las redes sociales;extranjero;otra lengua (o lenguas);población de 15 años o más (miles);..;null
2018;Catalunya;al hacer publicaciones en las redes sociales;extranjero;catalán y otra lengua (o lenguas);población de 15 años o más (miles);..;null
2018;Catalunya;al hacer publicaciones en las redes sociales;extranjero;castellano y otra lengua (o lenguas);población de 15 años o más (miles);..;null
2018;Catalunya;al hacer publicaciones en las redes sociales;extranjero;otras combinaciones de lenguas;población de 15 años o más (miles);..;null
2018;Catalunya;al hacer publicaciones en las redes sociales;extranjero;No consta;población de 15 años o más (miles);..;null
2018;Catalunya;al hacer publicaciones en las redes sociales;extranjero;total;población de 15 años o más (miles);..;null
2018;Catalunya;al hacer publicaciones en las redes sociales;total;solo catalán;población de 15 años o más (miles);..;null
2018;Catalunya;al hacer publicaciones en las redes sociales;total;más catalán que castellano;población de 15 años o más (miles);..;null
2018;Catalunya;al hacer publicaciones en las redes sociales;total;catalán y castellano;población de 15 años o más (miles);..;null
2018;Catalunya;al hacer publicaciones en las redes sociales;total;más castellano que catalán;población de 15 años o más (miles);..;null
2018;Catalunya;al hacer publicaciones en las redes sociales;total;solo castellano;población de 15 años o más (miles);..;null
2018;Catalunya;al hacer publicaciones en las redes sociales;total;otra lengua (o lenguas);población de 15 años o más (miles);..;null
2018;Catalunya;al hacer publicaciones en las redes sociales;total;catalán y otra lengua (o lenguas);población de 15 años o más (miles);..;null
2018;Catalunya;al hacer publicaciones en las redes sociales;total;castellano y otra lengua (o lenguas);población de 15 años o más (miles);..;null
2018;Catalunya;al hacer publicaciones en las redes sociales;total;otras combinaciones de lenguas;población de 15 años o más (miles);..;null
2018;Catalunya;al hacer publicaciones en las redes sociales;total;No consta;población de 15 años o más (miles);..;null
2018;Catalunya;al hacer publicaciones en las redes sociales;total;total;población de 15 años o más (miles);..;null
2023;Catalunya;con los miembros del hogar;Cataluña;solo catalán;población de 15 años o más (miles);;1508,6
2023;Catalunya;con los miembros del hogar;Cataluña;más catalán que castellano;población de 15 años o más (miles);;257,7
2023;Catalunya;con los miembros del hogar;Cataluña;catalán y castellano;población de 15 años o más (miles);;332,7
2023;Catalunya;con los miembros del hogar;Cataluña;más castellano que catalán;población de 15 años o más (miles);;357,5
2023;Catalunya;con los miembros del hogar;Cataluña;solo castellano;población de 15 años o más (miles);;968,6
2023;Catalunya;con los miembros del hogar;Cataluña;otra lengua (o lenguas);población de 15 años o más (miles);;24,5
2023;Catalunya;con los miembros del hogar;Cataluña;catalán y otra lengua (o lenguas);población de 15 años o más (miles);;23,7
2023;Catalunya;con los miembros del hogar;Cataluña;castellano y otra lengua (o lenguas);población de 15 años o más (miles);;47,2
2023;Catalunya;con los miembros del hogar;Cataluña;otras combinaciones de lenguas;población de 15 años o más (miles);;23,5
2023;Catalunya;con los miembros del hogar;Cataluña;No consta;población de 15 años o más (miles);..;null
2023;Catalunya;con los miembros del hogar;Cataluña;total;población de 15 años o más (miles);;3547,2
2023;Catalunya;con los miembros del hogar;resto de España;solo catalán;población de 15 años o más (miles);;66,0
2023;Catalunya;con los miembros del hogar;resto de España;más catalán que castellano;población de 15 años o más (miles);;19,7
2023;Catalunya;con los miembros del hogar;resto de España;catalán y castellano;población de 15 años o más (miles);;70,0
2023;Catalunya;con los miembros del hogar;resto de España;más castellano que catalán;población de 15 años o más (miles);;84,3
2023;Catalunya;con los miembros del hogar;resto de España;solo castellano;población de 15 años o más (miles);;669,3
2023;Catalunya;con los miembros del hogar;resto de España;otra lengua (o lenguas);población de 15 años o más (miles);..;null
2023;Catalunya;con los miembros del hogar;resto de España;catalán y otra lengua (o lenguas);población de 15 años o más (miles);..;null
2023;Catalunya;con los miembros del hogar;resto de España;castellano y otra lengua (o lenguas);población de 15 años o más (miles);;20,0
2023;Catalunya;con los miembros del hogar;resto de España;otras combinaciones de lenguas;población de 15 años o más (miles);..;null
2023;Catalunya;con los miembros del hogar;resto de España;No consta;población de 15 años o más (miles);..;null
2023;Catalunya;con los miembros del hogar;resto de España;total;población de 15 años o más (miles);;944,9
2023;Catalunya;con los miembros del hogar;extranjero;solo catalán;población de 15 años o más (miles);;30,1
2023;Catalunya;con los miembros del hogar;extranjero;más catalán que castellano;población de 15 años o más (miles);..;null
2023;Catalunya;con los miembros del hogar;extranjero;catalán y castellano;población de 15 años o más (miles);;39,5
2023;Catalunya;con los miembros del hogar;extranjero;más castellano que catalán;población de 15 años o más (miles);;68,7
2023;Catalunya;con los miembros del hogar;extranjero;solo castellano;población de 15 años o más (miles);;726,4
2023;Catalunya;con los miembros del hogar;extranjero;otra lengua (o lenguas);población de 15 años o más (miles);;273,6
2023;Catalunya;con los miembros del hogar;extranjero;catalán y otra lengua (o lenguas);población de 15 años o más (miles);;36,0
2023;Catalunya;con los miembros del hogar;extranjero;castellano y otra lengua (o lenguas);población de 15 años o más (miles);;286,5
2023;Catalunya;con los miembros del hogar;extranjero;otras combinaciones de lenguas;población de 15 años o más (miles);;32,7
2023;Catalunya;con los miembros del hogar;extranjero;No consta;población de 15 años o más (miles);..;null
2023;Catalunya;con los miembros del hogar;extranjero;total;población de 15 años o más (miles);;1519,3
2023;Catalunya;con los miembros del hogar;total;solo catalán;población de 15 años o más (miles);;1604,7
2023;Catalunya;con los miembros del hogar;total;más catalán que castellano;población de 15 años o más (miles);;293,4
2023;Catalunya;con los miembros del hogar;total;catalán y castellano;población de 15 años o más (miles);;442,2
2023;Catalunya;con los miembros del hogar;total;más castellano que catalán;población de 15 años o más (miles);;510,5
2023;Catalunya;con los miembros del hogar;total;solo castellano;población de 15 años o más (miles);;2364,3
2023;Catalunya;con los miembros del hogar;total;otra lengua (o lenguas);población de 15 años o más (miles);;308,9
2023;Catalunya;con los miembros del hogar;total;catalán y otra lengua (o lenguas);población de 15 años o más (miles);;60,0
2023;Catalunya;con los miembros del hogar;total;castellano y otra lengua (o lenguas);población de 15 años o más (miles);;353,6
2023;Catalunya;con los miembros del hogar;total;otras combinaciones de lenguas;población de 15 años o más (miles);;60,8
2023;Catalunya;con los miembros del hogar;total;No consta;población de 15 años o más (miles);..;null
2023;Catalunya;con los miembros del hogar;total;total;población de 15 años o más (miles);;6011,3
2023;Catalunya;con los amigos;Cataluña;solo catalán;población de 15 años o más (miles);;941,0
2023;Catalunya;con los amigos;Cataluña;más catalán que castellano;población de 15 años o más (miles);;874,7
2023;Catalunya;con los amigos;Cataluña;catalán y castellano;población de 15 años o más (miles);;846,7
2023;Catalunya;con los amigos;Cataluña;más castellano que catalán;población de 15 años o más (miles);;546,7
2023;Catalunya;con los amigos;Cataluña;solo castellano;población de 15 años o más (miles);;685,2
2023;Catalunya;con los amigos;Cataluña;otra lengua (o lenguas);población de 15 años o más (miles);..;null
2023;Catalunya;con los amigos;Cataluña;catalán y otra lengua (o lenguas);población de 15 años o más (miles);;9,7
2023;Catalunya;con los amigos;Cataluña;castellano y otra lengua (o lenguas);población de 15 años o más (miles);;15,0
2023;Catalunya;con los amigos;Cataluña;otras combinaciones de lenguas;población de 15 años o más (miles);;46,8
2023;Catalunya;con los amigos;Cataluña;No consta;población de 15 años o más (miles);;21,0
2023;Catalunya;con los amigos;Cataluña;total;población de 15 años o más (miles);;3987,7
2023;Catalunya;con los amigos;resto de España;solo catalán;población de 15 años o más (miles);;40,7
2023;Catalunya;con los amigos;resto de España;más catalán que castellano;población de 15 años o más (miles);;64,0
2023;Catalunya;con los amigos;resto de España;catalán y castellano;población de 15 años o más (miles);;183,7
2023;Catalunya;con los amigos;resto de España;más castellano que catalán;población de 15 años o más (miles);;129,0
2023;Catalunya;con los amigos;resto de España;solo castellano;población de 15 años o más (miles);;683,4
2023;Catalunya;con los amigos;resto de España;otra lengua (o lenguas);población de 15 años o más (miles);..;null
2023;Catalunya;con los amigos;resto de España;catalán y otra lengua (o lenguas);población de 15 años o más (miles);..;null
2023;Catalunya;con los amigos;resto de España;castellano y otra lengua (o lenguas);población de 15 años o más (miles);;9,2
2023;Catalunya;con los amigos;resto de España;otras combinaciones de lenguas;población de 15 años o más (miles);..;null
2023;Catalunya;con los amigos;resto de España;No consta;población de 15 años o más (miles);..;null
2023;Catalunya;con los amigos;resto de España;total;población de 15 años o más (miles);;1133,4
2023;Catalunya;con los amigos;extranjero;solo catalán;población de 15 años o más (miles);;35,0
2023;Catalunya;con los amigos;extranjero;más catalán que castellano;población de 15 años o más (miles);;42,5
2023;Catalunya;con los amigos;extranjero;catalán y castellano;población de 15 años o más (miles);;112,1
2023;Catalunya;con los amigos;extranjero;más castellano que catalán;población de 15 años o más (miles);;137,0
2023;Catalunya;con los amigos;extranjero;solo castellano;población de 15 años o más (miles);;758,1
2023;Catalunya;con los amigos;extranjero;otra lengua (o lenguas);población de 15 años o más (miles);;143,6
2023;Catalunya;con los amigos;extranjero;catalán y otra lengua (o lenguas);población de 15 años o más (miles);..;null
2023;Catalunya;con los amigos;extranjero;castellano y otra lengua (o lenguas);población de 15 años o más (miles);;340,4
2023;Catalunya;con los amigos;extranjero;otras combinaciones de lenguas;población de 15 años o más (miles);;54,1
2023;Catalunya;con los amigos;extranjero;No consta;población de 15 años o más (miles);;28,0
2023;Catalunya;con los amigos;extranjero;total;población de 15 años o más (miles);;1663,9
2023;Catalunya;con los amigos;total;solo catalán;población de 15 años o más (miles);;1016,7
2023;Catalunya;con los amigos;total;más catalán que castellano;población de 15 años o más (miles);;981,1
2023;Catalunya;con los amigos;total;catalán y castellano;población de 15 años o más (miles);;1142,4
2023;Catalunya;con los amigos;total;más castellano que catalán;población de 15 años o más (miles);;812,8
2023;Catalunya;con los amigos;total;solo castellano;población de 15 años o más (miles);;2126,7
2023;Catalunya;con los amigos;total;otra lengua (o lenguas);población de 15 años o más (miles);;146,0
2023;Catalunya;con los amigos;total;catalán y otra lengua (o lenguas);población de 15 años o más (miles);;26,3
2023;Catalunya;con los amigos;total;castellano y otra lengua (o lenguas);población de 15 años o más (miles);;364,5
2023;Catalunya;con los amigos;total;otras combinaciones de lenguas;población de 15 años o más (miles);;106,6
2023;Catalunya;con los amigos;total;No consta;población de 15 años o más (miles);;61,9
2023;Catalunya;con los amigos;total;total;población de 15 años o más (miles);;6785,1
2023;Catalunya;con los vecinos;Cataluña;solo catalán;población de 15 años o más (miles);;1046,8
2023;Catalunya;con los vecinos;Cataluña;más catalán que castellano;población de 15 años o más (miles);;825,7
2023;Catalunya;con los vecinos;Cataluña;catalán y castellano;población de 15 años o más (miles);;730,2
2023;Catalunya;con los vecinos;Cataluña;más castellano que catalán;población de 15 años o más (miles);;479,9
2023;Catalunya;con los vecinos;Cataluña;solo castellano;población de 15 años o más (miles);;795,3
2023;Catalunya;con los vecinos;Cataluña;otra lengua (o lenguas);población de 15 años o más (miles);;1,3
2023;Catalunya;con los vecinos;Cataluña;catalán y otra lengua (o lenguas);población de 15 años o más (miles);..;null
2023;Catalunya;con los vecinos;Cataluña;castellano y otra lengua (o lenguas);población de 15 años o más (miles);;6,8
2023;Catalunya;con los vecinos;Cataluña;otras combinaciones de lenguas;población de 15 años o más (miles);;13,6
2023;Catalunya;con los vecinos;Cataluña;No consta;población de 15 años o más (miles);;84,4
2023;Catalunya;con los vecinos;Cataluña;total;población de 15 años o más (miles);;3987,7
2023;Catalunya;con los vecinos;resto de España;solo catalán;población de 15 años o más (miles);;63,0
2023;Catalunya;con los vecinos;resto de España;más catalán que castellano;población de 15 años o más (miles);;74,6
2023;Catalunya;con los vecinos;resto de España;catalán y castellano;población de 15 años o más (miles);;165,8
2023;Catalunya;con los vecinos;resto de España;más castellano que catalán;población de 15 años o más (miles);;115,1
2023;Catalunya;con los vecinos;resto de España;solo castellano;población de 15 años o más (miles);;693,3
2023;Catalunya;con los vecinos;resto de España;otra lengua (o lenguas);población de 15 años o más (miles);..;null
2023;Catalunya;con los vecinos;resto de España;catalán y otra lengua (o lenguas);población de 15 años o más (miles);..;null
2023;Catalunya;con los vecinos;resto de España;castellano y otra lengua (o lenguas);población de 15 años o más (miles);..;null
2023;Catalunya;con los vecinos;resto de España;otras combinaciones de lenguas;población de 15 años o más (miles);..;null
2023;Catalunya;con los vecinos;resto de España;No consta;población de 15 años o más (miles);;15,9
2023;Catalunya;con los vecinos;resto de España;total;población de 15 años o más (miles);;1133,4
2023;Catalunya;con los vecinos;extranjero;solo catalán;población de 15 años o más (miles);;69,6
2023;Catalunya;con los vecinos;extranjero;más catalán que castellano;población de 15 años o más (miles);;61,7
2023;Catalunya;con los vecinos;extranjero;catalán y castellano;población de 15 años o más (miles);;121,2
2023;Catalunya;con los vecinos;extranjero;más castellano que catalán;población de 15 años o más (miles);;121,0
2023;Catalunya;con los vecinos;extranjero;solo castellano;población de 15 años o más (miles);;1019,5
2023;Catalunya;con los vecinos;extranjero;otra lengua (o lenguas);población de 15 años o más (miles);;65,6
2023;Catalunya;con los vecinos;extranjero;catalán y otra lengua (o lenguas);población de 15 años o más (miles);..;null
2023;Catalunya;con los vecinos;extranjero;castellano y otra lengua (o lenguas);población de 15 años o más (miles);;124,1
2023;Catalunya;con los vecinos;extranjero;otras combinaciones de lenguas;población de 15 años o más (miles);;19,9
2023;Catalunya;con los vecinos;extranjero;No consta;población de 15 años o más (miles);;57,3
2023;Catalunya;con los vecinos;extranjero;total;población de 15 años o más (miles);;1663,9
2023;Catalunya;con los vecinos;total;solo catalán;población de 15 años o más (miles);;1179,5
2023;Catalunya;con los vecinos;total;más catalán que castellano;población de 15 años o más (miles);;961,9
2023;Catalunya;con los vecinos;total;catalán y castellano;población de 15 años o más (miles);;1017,2
2023;Catalunya;con los vecinos;total;más castellano que catalán;población de 15 años o más (miles);;716,0
2023;Catalunya;con los vecinos;total;solo castellano;población de 15 años o más (miles);;2508,1
2023;Catalunya;con los vecinos;total;otra lengua (o lenguas);población de 15 años o más (miles);;67,8
2023;Catalunya;con los vecinos;total;catalán y otra lengua (o lenguas);población de 15 años o más (miles);;7,9
2023;Catalunya;con los vecinos;total;castellano y otra lengua (o lenguas);población de 15 años o más (miles);;135,5
2023;Catalunya;con los vecinos;total;otras combinaciones de lenguas;población de 15 años o más (miles);;33,6
2023;Catalunya;con los vecinos;total;No consta;población de 15 años o más (miles);;157,6
2023;Catalunya;con los vecinos;total;total;población de 15 años o más (miles);;6785,1
2023;Catalunya;con los compañeros de estudio;Cataluña;solo catalán;población de 15 años o más (miles);;234,0
2023;Catalunya;con los compañeros de estudio;Cataluña;más catalán que castellano;población de 15 años o más (miles);;146,4
2023;Catalunya;con los compañeros de estudio;Cataluña;catalán y castellano;población de 15 años o más (miles);;145,7
2023;Catalunya;con los compañeros de estudio;Cataluña;más castellano que catalán;población de 15 años o más (miles);;99,3
2023;Catalunya;con los compañeros de estudio;Cataluña;solo castellano;población de 15 años o más (miles);;159,1
2023;Catalunya;con los compañeros de estudio;Cataluña;otra lengua (o lenguas);población de 15 años o más (miles);;18,7
2023;Catalunya;con los compañeros de estudio;Cataluña;catalán y otra lengua (o lenguas);población de 15 años o más (miles);..;null
2023;Catalunya;con los compañeros de estudio;Cataluña;castellano y otra lengua (o lenguas);población de 15 años o más (miles);..;null
2023;Catalunya;con los compañeros de estudio;Cataluña;otras combinaciones de lenguas;población de 15 años o más (miles);;12,0
2023;Catalunya;con los compañeros de estudio;Cataluña;No consta;población de 15 años o más (miles);;45,5
2023;Catalunya;con los compañeros de estudio;Cataluña;total;población de 15 años o más (miles);;875,6
2023;Catalunya;con los compañeros de estudio;resto de España;solo catalán;población de 15 años o más (miles);;15,3
2023;Catalunya;con los compañeros de estudio;resto de España;más catalán que castellano;población de 15 años o más (miles);..;null
2023;Catalunya;con los compañeros de estudio;resto de España;catalán y castellano;población de 15 años o más (miles);..;null
2023;Catalunya;con los compañeros de estudio;resto de España;más castellano que catalán;población de 15 años o más (miles);..;null
2023;Catalunya;con los compañeros de estudio;resto de España;solo castellano;población de 15 años o más (miles);;16,0
2023;Catalunya;con los compañeros de estudio;resto de España;otra lengua (o lenguas);población de 15 años o más (miles);..;null
2023;Catalunya;con los compañeros de estudio;resto de España;catalán y otra lengua (o lenguas);población de 15 años o más (miles);..;null
2023;Catalunya;con los compañeros de estudio;resto de España;castellano y otra lengua (o lenguas);población de 15 años o más (miles);..;null
2023;Catalunya;con los compañeros de estudio;resto de España;otras combinaciones de lenguas;población de 15 años o más (miles);..;null
2023;Catalunya;con los compañeros de estudio;resto de España;No consta;población de 15 años o más (miles);..;null
2023;Catalunya;con los compañeros de estudio;resto de España;total;población de 15 años o más (miles);;75,0
2023;Catalunya;con los compañeros de estudio;extranjero;solo catalán;población de 15 años o más (miles);;27,3
2023;Catalunya;con los compañeros de estudio;extranjero;más catalán que castellano;población de 15 años o más (miles);;21,8
2023;Catalunya;con los compañeros de estudio;extranjero;catalán y castellano;población de 15 años o más (miles);;36,6
2023;Catalunya;con los compañeros de estudio;extranjero;más castellano que catalán;población de 15 años o más (miles);;33,4
2023;Catalunya;con los compañeros de estudio;extranjero;solo castellano;población de 15 años o más (miles);;111,9
2023;Catalunya;con los compañeros de estudio;extranjero;otra lengua (o lenguas);población de 15 años o más (miles);;27,9
2023;Catalunya;con los compañeros de estudio;extranjero;catalán y otra lengua (o lenguas);población de 15 años o más (miles);..;null
2023;Catalunya;con los compañeros de estudio;extranjero;castellano y otra lengua (o lenguas);población de 15 años o más (miles);..;null
2023;Catalunya;con los compañeros de estudio;extranjero;otras combinaciones de lenguas;población de 15 años o más (miles);..;null
2023;Catalunya;con los compañeros de estudio;extranjero;No consta;población de 15 años o más (miles);;17,0
2023;Catalunya;con los compañeros de estudio;extranjero;total;población de 15 años o más (miles);;297,3
2023;Catalunya;con los compañeros de estudio;total;solo catalán;población de 15 años o más (miles);;276,5
2023;Catalunya;con los compañeros de estudio;total;más catalán que castellano;población de 15 años o más (miles);;177,8
2023;Catalunya;con los compañeros de estudio;total;catalán y castellano;población de 15 años o más (miles);;198,2
2023;Catalunya;con los compañeros de estudio;total;más castellano que catalán;población de 15 años o más (miles);;136,6
2023;Catalunya;con los compañeros de estudio;total;solo castellano;población de 15 años o más (miles);;287,0
2023;Catalunya;con los compañeros de estudio;total;otra lengua (o lenguas);población de 15 años o más (miles);;50,3
2023;Catalunya;con los compañeros de estudio;total;catalán y otra lengua (o lenguas);población de 15 años o más (miles);..;null
2023;Catalunya;con los compañeros de estudio;total;castellano y otra lengua (o lenguas);población de 15 años o más (miles);;22,5
2023;Catalunya;con los compañeros de estudio;total;otras combinaciones de lenguas;población de 15 años o más (miles);;15,7
2023;Catalunya;con los compañeros de estudio;total;No consta;población de 15 años o más (miles);;71,8
2023;Catalunya;con los compañeros de estudio;total;total;población de 15 años o más (miles);;1247,9
2023;Catalunya;con los compañeros de trabajo;Cataluña;solo catalán;población de 15 años o más (miles);;513,7
2023;Catalunya;con los compañeros de trabajo;Cataluña;más catalán que castellano;población de 15 años o más (miles);;486,5
2023;Catalunya;con los compañeros de trabajo;Cataluña;catalán y castellano;población de 15 años o más (miles);;480,7
2023;Catalunya;con los compañeros de trabajo;Cataluña;más castellano que catalán;población de 15 años o más (miles);;291,9
2023;Catalunya;con los compañeros de trabajo;Cataluña;solo castellano;población de 15 años o más (miles);;320,6
2023;Catalunya;con los compañeros de trabajo;Cataluña;otra lengua (o lenguas);población de 15 años o más (miles);;20,0
2023;Catalunya;con los compañeros de trabajo;Cataluña;catalán y otra lengua (o lenguas);población de 15 años o más (miles);;13,3
2023;Catalunya;con los compañeros de trabajo;Cataluña;castellano y otra lengua (o lenguas);población de 15 años o más (miles);;19,2
2023;Catalunya;con los compañeros de trabajo;Cataluña;otras combinaciones de lenguas;población de 15 años o más (miles);;68,0
2023;Catalunya;con los compañeros de trabajo;Cataluña;No consta;población de 15 años o más (miles);;38,3
2023;Catalunya;con los compañeros de trabajo;Cataluña;total;población de 15 años o más (miles);;2252,2
2023;Catalunya;con los compañeros de trabajo;resto de España;solo catalán;población de 15 años o más (miles);;27,6
2023;Catalunya;con los compañeros de trabajo;resto de España;más catalán que castellano;población de 15 años o más (miles);;25,0
2023;Catalunya;con los compañeros de trabajo;resto de España;catalán y castellano;población de 15 años o más (miles);;56,3
2023;Catalunya;con los compañeros de trabajo;resto de España;más castellano que catalán;población de 15 años o más (miles);;38,2
2023;Catalunya;con los compañeros de trabajo;resto de España;solo castellano;población de 15 años o más (miles);;107,2
2023;Catalunya;con los compañeros de trabajo;resto de España;otra lengua (o lenguas);población de 15 años o más (miles);..;null
2023;Catalunya;con los compañeros de trabajo;resto de España;catalán y otra lengua (o lenguas);población de 15 años o más (miles);..;null
2023;Catalunya;con los compañeros de trabajo;resto de España;castellano y otra lengua (o lenguas);población de 15 años o más (miles);..;null
2023;Catalunya;con los compañeros de trabajo;resto de España;otras combinaciones de lenguas;población de 15 años o más (miles);..;null
2023;Catalunya;con los compañeros de trabajo;resto de España;No consta;población de 15 años o más (miles);..;null
2023;Catalunya;con los compañeros de trabajo;resto de España;total;población de 15 años o más (miles);;291,2
2023;Catalunya;con los compañeros de trabajo;extranjero;solo catalán;población de 15 años o más (miles);;36,5
2023;Catalunya;con los compañeros de trabajo;extranjero;más catalán que castellano;población de 15 años o más (miles);;20,6
2023;Catalunya;con los compañeros de trabajo;extranjero;catalán y castellano;población de 15 años o más (miles);;75,3
2023;Catalunya;con los compañeros de trabajo;extranjero;más castellano que catalán;población de 15 años o más (miles);;62,9
2023;Catalunya;con los compañeros de trabajo;extranjero;solo castellano;población de 15 años o más (miles);;479,5
2023;Catalunya;con los compañeros de trabajo;extranjero;otra lengua (o lenguas);población de 15 años o más (miles);;66,1
2023;Catalunya;con los compañeros de trabajo;extranjero;catalán y otra lengua (o lenguas);población de 15 años o más (miles);..;null
2023;Catalunya;con los compañeros de trabajo;extranjero;castellano y otra lengua (o lenguas);población de 15 años o más (miles);;101,8
2023;Catalunya;con los compañeros de trabajo;extranjero;otras combinaciones de lenguas;población de 15 años o más (miles);;23,1
2023;Catalunya;con los compañeros de trabajo;extranjero;No consta;población de 15 años o más (miles);;55,2
2023;Catalunya;con los compañeros de trabajo;extranjero;total;población de 15 años o más (miles);;924,1
2023;Catalunya;con los compañeros de trabajo;total;solo catalán;población de 15 años o más (miles);;577,9
2023;Catalunya;con los compañeros de trabajo;total;más catalán que castellano;población de 15 años o más (miles);;532,1
2023;Catalunya;con los compañeros de trabajo;total;catalán y castellano;población de 15 años o más (miles);;612,3
2023;Catalunya;con los compañeros de trabajo;total;más castellano que catalán;población de 15 años o más (miles);;393,0
2023;Catalunya;con los compañeros de trabajo;total;solo castellano;población de 15 años o más (miles);;907,2
2023;Catalunya;con los compañeros de trabajo;total;otra lengua (o lenguas);población de 15 años o más (miles);;90,8
2023;Catalunya;con los compañeros de trabajo;total;catalán y otra lengua (o lenguas);población de 15 años o más (miles);;17,9
2023;Catalunya;con los compañeros de trabajo;total;castellano y otra lengua (o lenguas);población de 15 años o más (miles);;135,2
2023;Catalunya;con los compañeros de trabajo;total;otras combinaciones de lenguas;población de 15 años o más (miles);;96,5
2023;Catalunya;con los compañeros de trabajo;total;No consta;población de 15 años o más (miles);;104,7
2023;Catalunya;con los compañeros de trabajo;total;total;población de 15 años o más (miles);;3467,5
2023;Catalunya;con usuarios o clientes de Cataluña;Cataluña;solo catalán;población de 15 años o más (miles);;292,0
2023;Catalunya;con usuarios o clientes de Cataluña;Cataluña;más catalán que castellano;población de 15 años o más (miles);;563,3
2023;Catalunya;con usuarios o clientes de Cataluña;Cataluña;catalán y castellano;población de 15 años o más (miles);;597,3
2023;Catalunya;con usuarios o clientes de Cataluña;Cataluña;más castellano que catalán;población de 15 años o más (miles);;273,5
2023;Catalunya;con usuarios o clientes de Cataluña;Cataluña;solo castellano;población de 15 años o más (miles);;134,1
2023;Catalunya;con usuarios o clientes de Cataluña;Cataluña;otra lengua (o lenguas);población de 15 años o más (miles);;23,3
2023;Catalunya;con usuarios o clientes de Cataluña;Cataluña;catalán y otra lengua (o lenguas);población de 15 años o más (miles);;20,0
2023;Catalunya;con usuarios o clientes de Cataluña;Cataluña;castellano y otra lengua (o lenguas);población de 15 años o más (miles);;29,1
2023;Catalunya;con usuarios o clientes de Cataluña;Cataluña;otras combinaciones de lenguas;población de 15 años o más (miles);;106,2
2023;Catalunya;con usuarios o clientes de Cataluña;Cataluña;No consta;población de 15 años o más (miles);..;null
2023;Catalunya;con usuarios o clientes de Cataluña;Cataluña;total;población de 15 años o más (miles);;2048,3
2023;Catalunya;con usuarios o clientes de Cataluña;resto de España;solo catalán;población de 15 años o más (miles);;18,5
2023;Catalunya;con usuarios o clientes de Cataluña;resto de España;más catalán que castellano;población de 15 años o más (miles);;34,6
2023;Catalunya;con usuarios o clientes de Cataluña;resto de España;catalán y castellano;población de 15 años o más (miles);;68,5
2023;Catalunya;con usuarios o clientes de Cataluña;resto de España;más castellano que catalán;población de 15 años o más (miles);;37,9
2023;Catalunya;con usuarios o clientes de Cataluña;resto de España;solo castellano;población de 15 años o más (miles);;75,1
2023;Catalunya;con usuarios o clientes de Cataluña;resto de España;otra lengua (o lenguas);población de 15 años o más (miles);..;null
2023;Catalunya;con usuarios o clientes de Cataluña;resto de España;catalán y otra lengua (o lenguas);población de 15 años o más (miles);..;null
2023;Catalunya;con usuarios o clientes de Cataluña;resto de España;castellano y otra lengua (o lenguas);población de 15 años o más (miles);..;null
2023;Catalunya;con usuarios o clientes de Cataluña;resto de España;otras combinaciones de lenguas;población de 15 años o más (miles);..;null
2023;Catalunya;con usuarios o clientes de Cataluña;resto de España;No consta;población de 15 años o más (miles);..;null
2023;Catalunya;con usuarios o clientes de Cataluña;resto de España;total;población de 15 años o más (miles);;256,8
2023;Catalunya;con usuarios o clientes de Cataluña;extranjero;solo catalán;población de 15 años o más (miles);;30,1
2023;Catalunya;con usuarios o clientes de Cataluña;extranjero;más catalán que castellano;población de 15 años o más (miles);;33,8
2023;Catalunya;con usuarios o clientes de Cataluña;extranjero;catalán y castellano;población de 15 años o más (miles);;102,6
2023;Catalunya;con usuarios o clientes de Cataluña;extranjero;más castellano que catalán;población de 15 años o más (miles);;66,9
2023;Catalunya;con usuarios o clientes de Cataluña;extranjero;solo castellano;población de 15 años o más (miles);;312,8
2023;Catalunya;con usuarios o clientes de Cataluña;extranjero;otra lengua (o lenguas);población de 15 años o más (miles);;42,3
2023;Catalunya;con usuarios o clientes de Cataluña;extranjero;catalán y otra lengua (o lenguas);población de 15 años o más (miles);..;null
2023;Catalunya;con usuarios o clientes de Cataluña;extranjero;castellano y otra lengua (o lenguas);población de 15 años o más (miles);;107,4
2023;Catalunya;con usuarios o clientes de Cataluña;extranjero;otras combinaciones de lenguas;población de 15 años o más (miles);;31,8
2023;Catalunya;con usuarios o clientes de Cataluña;extranjero;No consta;población de 15 años o más (miles);..;null
2023;Catalunya;con usuarios o clientes de Cataluña;extranjero;total;población de 15 años o más (miles);;732,0
2023;Catalunya;con usuarios o clientes de Cataluña;total;solo catalán;población de 15 años o más (miles);;340,6
2023;Catalunya;con usuarios o clientes de Cataluña;total;más catalán que castellano;población de 15 años o más (miles);;631,8
2023;Catalunya;con usuarios o clientes de Cataluña;total;catalán y castellano;población de 15 años o más (miles);;768,4
2023;Catalunya;con usuarios o clientes de Cataluña;total;más castellano que catalán;población de 15 años o más (miles);;378,3
2023;Catalunya;con usuarios o clientes de Cataluña;total;solo castellano;población de 15 años o más (miles);;521,9
2023;Catalunya;con usuarios o clientes de Cataluña;total;otra lengua (o lenguas);población de 15 años o más (miles);;69,8
2023;Catalunya;con usuarios o clientes de Cataluña;total;catalán y otra lengua (o lenguas);población de 15 años o más (miles);;23,7
2023;Catalunya;con usuarios o clientes de Cataluña;total;castellano y otra lengua (o lenguas);población de 15 años o más (miles);;148,6
2023;Catalunya;con usuarios o clientes de Cataluña;total;otras combinaciones de lenguas;población de 15 años o más (miles);;141,7
2023;Catalunya;con usuarios o clientes de Cataluña;total;No consta;población de 15 años o más (miles);..;null
2023;Catalunya;con usuarios o clientes de Cataluña;total;total;población de 15 años o más (miles);;3037,1
2023;Catalunya;con los compañeros de deporte;Cataluña;solo catalán;población de 15 años o más (miles);;765,1
2023;Catalunya;con los compañeros de deporte;Cataluña;más catalán que castellano;población de 15 años o más (miles);;544,6
2023;Catalunya;con los compañeros de deporte;Cataluña;catalán y castellano;población de 15 años o más (miles);;549,0
2023;Catalunya;con los compañeros de deporte;Cataluña;más castellano que catalán;población de 15 años o más (miles);;316,3
2023;Catalunya;con los compañeros de deporte;Cataluña;solo castellano;población de 15 años o más (miles);;553,3
2023;Catalunya;con los compañeros de deporte;Cataluña;otra lengua (o lenguas);población de 15 años o más (miles);..;null
2023;Catalunya;con los compañeros de deporte;Cataluña;catalán y otra lengua (o lenguas);población de 15 años o más (miles);..;null
2023;Catalunya;con los compañeros de deporte;Cataluña;castellano y otra lengua (o lenguas);población de 15 años o más (miles);..;null
2023;Catalunya;con los compañeros de deporte;Cataluña;otras combinaciones de lenguas;población de 15 años o más (miles);;8,5
2023;Catalunya;con los compañeros de deporte;Cataluña;No consta;población de 15 años o más (miles);;49,5
2023;Catalunya;con los compañeros de deporte;Cataluña;total;población de 15 años o más (miles);;2800,0
2023;Catalunya;con los compañeros de deporte;resto de España;solo catalán;población de 15 años o más (miles);;44,9
2023;Catalunya;con los compañeros de deporte;resto de España;más catalán que castellano;población de 15 años o más (miles);;39,2
2023;Catalunya;con los compañeros de deporte;resto de España;catalán y castellano;población de 15 años o más (miles);;120,6
2023;Catalunya;con los compañeros de deporte;resto de España;más castellano que catalán;población de 15 años o más (miles);;61,6
2023;Catalunya;con los compañeros de deporte;resto de España;solo castellano;población de 15 años o más (miles);;342,5
2023;Catalunya;con los compañeros de deporte;resto de España;otra lengua (o lenguas);población de 15 años o más (miles);..;null
2023;Catalunya;con los compañeros de deporte;resto de España;catalán y otra lengua (o lenguas);población de 15 años o más (miles);..;null
2023;Catalunya;con los compañeros de deporte;resto de España;castellano y otra lengua (o lenguas);población de 15 años o más (miles);..;null
2023;Catalunya;con los compañeros de deporte;resto de España;otras combinaciones de lenguas;población de 15 años o más (miles);..;null
2023;Catalunya;con los compañeros de deporte;resto de España;No consta;población de 15 años o más (miles);;22,7
2023;Catalunya;con los compañeros de deporte;resto de España;total;población de 15 años o más (miles);;632,7
2023;Catalunya;con los compañeros de deporte;extranjero;solo catalán;población de 15 años o más (miles);;50,9
2023;Catalunya;con los compañeros de deporte;extranjero;más catalán que castellano;población de 15 años o más (miles);;44,3
2023;Catalunya;con los compañeros de deporte;extranjero;catalán y castellano;población de 15 años o más (miles);;79,6
2023;Catalunya;con los compañeros de deporte;extranjero;más castellano que catalán;población de 15 años o más (miles);;62,6
2023;Catalunya;con los compañeros de deporte;extranjero;solo castellano;población de 15 años o más (miles);;607,9
2023;Catalunya;con los compañeros de deporte;extranjero;otra lengua (o lenguas);población de 15 años o más (miles);;33,1
2023;Catalunya;con los compañeros de deporte;extranjero;catalán y otra lengua (o lenguas);población de 15 años o más (miles);..;null
2023;Catalunya;con los compañeros de deporte;extranjero;castellano y otra lengua (o lenguas);población de 15 años o más (miles);;86,4
2023;Catalunya;con los compañeros de deporte;extranjero;otras combinaciones de lenguas;población de 15 años o más (miles);;16,5
2023;Catalunya;con los compañeros de deporte;extranjero;No consta;población de 15 años o más (miles);;33,8
2023;Catalunya;con los compañeros de deporte;extranjero;total;población de 15 años o más (miles);;1016,3
2023;Catalunya;con los compañeros de deporte;total;solo catalán;población de 15 años o más (miles);;860,9
2023;Catalunya;con los compañeros de deporte;total;más catalán que castellano;población de 15 años o más (miles);;628,1
2023;Catalunya;con los compañeros de deporte;total;catalán y castellano;población de 15 años o más (miles);;749,2
2023;Catalunya;con los compañeros de deporte;total;más castellano que catalán;población de 15 años o más (miles);;440,6
2023;Catalunya;con los compañeros de deporte;total;solo castellano;población de 15 años o más (miles);;1503,8
2023;Catalunya;con los compañeros de deporte;total;otra lengua (o lenguas);población de 15 años o más (miles);;34,1
2023;Catalunya;con los compañeros de deporte;total;catalán y otra lengua (o lenguas);población de 15 años o más (miles);..;null
2023;Catalunya;con los compañeros de deporte;total;castellano y otra lengua (o lenguas);población de 15 años o más (miles);;94,4
2023;Catalunya;con los compañeros de deporte;total;otras combinaciones de lenguas;población de 15 años o más (miles);;25,2
2023;Catalunya;con los compañeros de deporte;total;No consta;población de 15 años o más (miles);;106,0
2023;Catalunya;con los compañeros de deporte;total;total;población de 15 años o más (miles);;4448,9
2023;Catalunya;en el centro de culto;Cataluña;solo catalán;población de 15 años o más (miles);;490,2
2023;Catalunya;en el centro de culto;Cataluña;más catalán que castellano;población de 15 años o más (miles);;189,3
2023;Catalunya;en el centro de culto;Cataluña;catalán y castellano;población de 15 años o más (miles);;200,2
2023;Catalunya;en el centro de culto;Cataluña;más castellano que catalán;población de 15 años o más (miles);;87,5
2023;Catalunya;en el centro de culto;Cataluña;solo castellano;población de 15 años o más (miles);;264,5
2023;Catalunya;en el centro de culto;Cataluña;otra lengua (o lenguas);población de 15 años o más (miles);;8,3
2023;Catalunya;en el centro de culto;Cataluña;catalán y otra lengua (o lenguas);población de 15 años o más (miles);..;null
2023;Catalunya;en el centro de culto;Cataluña;castellano y otra lengua (o lenguas);población de 15 años o más (miles);..;null
2023;Catalunya;en el centro de culto;Cataluña;otras combinaciones de lenguas;población de 15 años o más (miles);;5,7
2023;Catalunya;en el centro de culto;Cataluña;No consta;población de 15 años o más (miles);;127,0
2023;Catalunya;en el centro de culto;Cataluña;total;población de 15 años o más (miles);;1383,3
2023;Catalunya;en el centro de culto;resto de España;solo catalán;población de 15 años o más (miles);;37,8
2023;Catalunya;en el centro de culto;resto de España;más catalán que castellano;población de 15 años o más (miles);;20,6
2023;Catalunya;en el centro de culto;resto de España;catalán y castellano;población de 15 años o más (miles);;70,4
2023;Catalunya;en el centro de culto;resto de España;más castellano que catalán;población de 15 años o más (miles);;33,9
2023;Catalunya;en el centro de culto;resto de España;solo castellano;población de 15 años o más (miles);;294,4
2023;Catalunya;en el centro de culto;resto de España;otra lengua (o lenguas);población de 15 años o más (miles);..;null
2023;Catalunya;en el centro de culto;resto de España;catalán y otra lengua (o lenguas);población de 15 años o más (miles);..;null
2023;Catalunya;en el centro de culto;resto de España;castellano y otra lengua (o lenguas);población de 15 años o más (miles);..;null
2023;Catalunya;en el centro de culto;resto de España;otras combinaciones de lenguas;población de 15 años o más (miles);..;null
2023;Catalunya;en el centro de culto;resto de España;No consta;población de 15 años o más (miles);;31,4
2023;Catalunya;en el centro de culto;resto de España;total;población de 15 años o más (miles);;491,7
2023;Catalunya;en el centro de culto;extranjero;solo catalán;población de 15 años o más (miles);;24,8
2023;Catalunya;en el centro de culto;extranjero;más catalán que castellano;población de 15 años o más (miles);..;null
2023;Catalunya;en el centro de culto;extranjero;catalán y castellano;población de 15 años o más (miles);;21,7
2023;Catalunya;en el centro de culto;extranjero;más castellano que catalán;población de 15 años o más (miles);;26,1
2023;Catalunya;en el centro de culto;extranjero;solo castellano;población de 15 años o más (miles);;399,0
2023;Catalunya;en el centro de culto;extranjero;otra lengua (o lenguas);población de 15 años o más (miles);;169,1
2023;Catalunya;en el centro de culto;extranjero;catalán y otra lengua (o lenguas);población de 15 años o más (miles);..;null
2023;Catalunya;en el centro de culto;extranjero;castellano y otra lengua (o lenguas);población de 15 años o más (miles);;69,5
2023;Catalunya;en el centro de culto;extranjero;otras combinaciones de lenguas;población de 15 años o más (miles);..;null
2023;Catalunya;en el centro de culto;extranjero;No consta;población de 15 años o más (miles);;59,8
2023;Catalunya;en el centro de culto;extranjero;total;población de 15 años o más (miles);;796,4
2023;Catalunya;en el centro de culto;total;solo catalán;población de 15 años o más (miles);;552,8
2023;Catalunya;en el centro de culto;total;más catalán que castellano;población de 15 años o más (miles);;223,9
2023;Catalunya;en el centro de culto;total;catalán y castellano;población de 15 años o más (miles);;292,2
2023;Catalunya;en el centro de culto;total;más castellano que catalán;población de 15 años o más (miles);;147,5
2023;Catalunya;en el centro de culto;total;solo castellano;población de 15 años o más (miles);;957,9
2023;Catalunya;en el centro de culto;total;otra lengua (o lenguas);población de 15 años o más (miles);;178,8
2023;Catalunya;en el centro de culto;total;catalán y otra lengua (o lenguas);población de 15 años o más (miles);..;null
2023;Catalunya;en el centro de culto;total;castellano y otra lengua (o lenguas);población de 15 años o más (miles);;79,7
2023;Catalunya;en el centro de culto;total;otras combinaciones de lenguas;población de 15 años o más (miles);;16,3
2023;Catalunya;en el centro de culto;total;No consta;población de 15 años o más (miles);;218,2
2023;Catalunya;en el centro de culto;total;total;población de 15 años o más (miles);;2671,4
2023;Catalunya;en el pequeño comercio;Cataluña;solo catalán;población de 15 años o más (miles);;1163,1
2023;Catalunya;en el pequeño comercio;Cataluña;más catalán que castellano;población de 15 años o más (miles);;977,0
2023;Catalunya;en el pequeño comercio;Cataluña;catalán y castellano;población de 15 años o más (miles);;795,4
2023;Catalunya;en el pequeño comercio;Cataluña;más castellano que catalán;población de 15 años o más (miles);;396,6
2023;Catalunya;en el pequeño comercio;Cataluña;solo castellano;población de 15 años o más (miles);;572,8
2023;Catalunya;en el pequeño comercio;Cataluña;otra lengua (o lenguas);población de 15 años o más (miles);..;null
2023;Catalunya;en el pequeño comercio;Cataluña;catalán y otra lengua (o lenguas);población de 15 años o más (miles);..;null
2023;Catalunya;en el pequeño comercio;Cataluña;castellano y otra lengua (o lenguas);población de 15 años o más (miles);;2,7
2023;Catalunya;en el pequeño comercio;Cataluña;otras combinaciones de lenguas;población de 15 años o más (miles);;11,1
2023;Catalunya;en el pequeño comercio;Cataluña;No consta;población de 15 años o más (miles);;65,6
2023;Catalunya;en el pequeño comercio;Cataluña;total;población de 15 años o más (miles);;3987,7
2023;Catalunya;en el pequeño comercio;resto de España;solo catalán;población de 15 años o más (miles);;89,1
2023;Catalunya;en el pequeño comercio;resto de España;más catalán que castellano;población de 15 años o más (miles);;88,1
2023;Catalunya;en el pequeño comercio;resto de España;catalán y castellano;población de 15 años o más (miles);;160,3
2023;Catalunya;en el pequeño comercio;resto de España;más castellano que catalán;población de 15 años o más (miles);;108,8
2023;Catalunya;en el pequeño comercio;resto de España;solo castellano;población de 15 años o más (miles);;650,9
2023;Catalunya;en el pequeño comercio;resto de España;otra lengua (o lenguas);población de 15 años o más (miles);..;null
2023;Catalunya;en el pequeño comercio;resto de España;catalán y otra lengua (o lenguas);población de 15 años o más (miles);..;null
2023;Catalunya;en el pequeño comercio;resto de España;castellano y otra lengua (o lenguas);población de 15 años o más (miles);..;null
2023;Catalunya;en el pequeño comercio;resto de España;otras combinaciones de lenguas;población de 15 años o más (miles);..;null
2023;Catalunya;en el pequeño comercio;resto de España;No consta;población de 15 años o más (miles);;31,2
2023;Catalunya;en el pequeño comercio;resto de España;total;población de 15 años o más (miles);;1133,4
2023;Catalunya;en el pequeño comercio;extranjero;solo catalán;población de 15 años o más (miles);;86,8
2023;Catalunya;en el pequeño comercio;extranjero;más catalán que castellano;población de 15 años o más (miles);;78,7
2023;Catalunya;en el pequeño comercio;extranjero;catalán y castellano;población de 15 años o más (miles);;143,8
2023;Catalunya;en el pequeño comercio;extranjero;más castellano que catalán;población de 15 años o más (miles);;128,1
2023;Catalunya;en el pequeño comercio;extranjero;solo castellano;población de 15 años o más (miles);;1040,4
2023;Catalunya;en el pequeño comercio;extranjero;otra lengua (o lenguas);población de 15 años o más (miles);;41,5
2023;Catalunya;en el pequeño comercio;extranjero;catalán y otra lengua (o lenguas);población de 15 años o más (miles);..;null
2023;Catalunya;en el pequeño comercio;extranjero;castellano y otra lengua (o lenguas);población de 15 años o más (miles);;93,8
2023;Catalunya;en el pequeño comercio;extranjero;otras combinaciones de lenguas;población de 15 años o más (miles);;13,2
2023;Catalunya;en el pequeño comercio;extranjero;No consta;población de 15 años o más (miles);;32,6
2023;Catalunya;en el pequeño comercio;extranjero;total;población de 15 años o más (miles);;1663,9
2023;Catalunya;en el pequeño comercio;total;solo catalán;población de 15 años o más (miles);;1339,0
2023;Catalunya;en el pequeño comercio;total;más catalán que castellano;población de 15 años o más (miles);;1143,8
2023;Catalunya;en el pequeño comercio;total;catalán y castellano;población de 15 años o más (miles);;1099,4
2023;Catalunya;en el pequeño comercio;total;más castellano que catalán;población de 15 años o más (miles);;633,6
2023;Catalunya;en el pequeño comercio;total;solo castellano;población de 15 años o más (miles);;2264,0
2023;Catalunya;en el pequeño comercio;total;otra lengua (o lenguas);población de 15 años o más (miles);;42,8
2023;Catalunya;en el pequeño comercio;total;catalán y otra lengua (o lenguas);población de 15 años o más (miles);;8,1
2023;Catalunya;en el pequeño comercio;total;castellano y otra lengua (o lenguas);población de 15 años o más (miles);;98,8
2023;Catalunya;en el pequeño comercio;total;otras combinaciones de lenguas;población de 15 años o más (miles);;26,2
2023;Catalunya;en el pequeño comercio;total;No consta;población de 15 años o más (miles);;129,3
2023;Catalunya;en el pequeño comercio;total;total;población de 15 años o más (miles);;6785,1
2023;Catalunya;en el gran comercio;Cataluña;solo catalán;población de 15 años o más (miles);;935,3
2023;Catalunya;en el gran comercio;Cataluña;más catalán que castellano;población de 15 años o más (miles);;867,5
2023;Catalunya;en el gran comercio;Cataluña;catalán y castellano;población de 15 años o más (miles);;806,0
2023;Catalunya;en el gran comercio;Cataluña;más castellano que catalán;población de 15 años o más (miles);;548,8
2023;Catalunya;en el gran comercio;Cataluña;solo castellano;población de 15 años o más (miles);;697,3
2023;Catalunya;en el gran comercio;Cataluña;otra lengua (o lenguas);población de 15 años o más (miles);..;null
2023;Catalunya;en el gran comercio;Cataluña;catalán y otra lengua (o lenguas);población de 15 años o más (miles);..;null
2023;Catalunya;en el gran comercio;Cataluña;castellano y otra lengua (o lenguas);población de 15 años o más (miles);..;null
2023;Catalunya;en el gran comercio;Cataluña;otras combinaciones de lenguas;población de 15 años o más (miles);;7,3
2023;Catalunya;en el gran comercio;Cataluña;No consta;población de 15 años o más (miles);;120,8
2023;Catalunya;en el gran comercio;Cataluña;total;población de 15 años o más (miles);;3987,7
2023;Catalunya;en el gran comercio;resto de España;solo catalán;población de 15 años o más (miles);;67,4
2023;Catalunya;en el gran comercio;resto de España;más catalán que castellano;población de 15 años o más (miles);;65,4
2023;Catalunya;en el gran comercio;resto de España;catalán y castellano;población de 15 años o más (miles);;172,9
2023;Catalunya;en el gran comercio;resto de España;más castellano que catalán;población de 15 años o más (miles);;104,0
2023;Catalunya;en el gran comercio;resto de España;solo castellano;población de 15 años o más (miles);;671,0
2023;Catalunya;en el gran comercio;resto de España;otra lengua (o lenguas);población de 15 años o más (miles);..;null
2023;Catalunya;en el gran comercio;resto de España;catalán y otra lengua (o lenguas);población de 15 años o más (miles);..;null
2023;Catalunya;en el gran comercio;resto de España;castellano y otra lengua (o lenguas);población de 15 años o más (miles);..;null
2023;Catalunya;en el gran comercio;resto de España;otras combinaciones de lenguas;población de 15 años o más (miles);..;null
2023;Catalunya;en el gran comercio;resto de España;No consta;población de 15 años o más (miles);;48,5
2023;Catalunya;en el gran comercio;resto de España;total;población de 15 años o más (miles);;1133,4
2023;Catalunya;en el gran comercio;extranjero;solo catalán;población de 15 años o más (miles);;67,1
2023;Catalunya;en el gran comercio;extranjero;más catalán que castellano;población de 15 años o más (miles);;55,5
2023;Catalunya;en el gran comercio;extranjero;catalán y castellano;población de 15 años o más (miles);;120,9
2023;Catalunya;en el gran comercio;extranjero;más castellano que catalán;población de 15 años o más (miles);;142,3
2023;Catalunya;en el gran comercio;extranjero;solo castellano;población de 15 años o más (miles);;1122,2
2023;Catalunya;en el gran comercio;extranjero;otra lengua (o lenguas);población de 15 años o más (miles);;32,7
2023;Catalunya;en el gran comercio;extranjero;catalán y otra lengua (o lenguas);población de 15 años o más (miles);..;null
2023;Catalunya;en el gran comercio;extranjero;castellano y otra lengua (o lenguas);población de 15 años o más (miles);;66,7
2023;Catalunya;en el gran comercio;extranjero;otras combinaciones de lenguas;población de 15 años o más (miles);..;null
2023;Catalunya;en el gran comercio;extranjero;No consta;población de 15 años o más (miles);;42,9
2023;Catalunya;en el gran comercio;extranjero;total;población de 15 años o más (miles);;1663,9
2023;Catalunya;en el gran comercio;total;solo catalán;población de 15 años o más (miles);;1069,8
2023;Catalunya;en el gran comercio;total;más catalán que castellano;población de 15 años o más (miles);;988,5
2023;Catalunya;en el gran comercio;total;catalán y castellano;población de 15 años o más (miles);;1099,8
2023;Catalunya;en el gran comercio;total;más castellano que catalán;población de 15 años o más (miles);;795,1
2023;Catalunya;en el gran comercio;total;solo castellano;población de 15 años o más (miles);;2490,5
2023;Catalunya;en el gran comercio;total;otra lengua (o lenguas);población de 15 años o más (miles);;32,9
2023;Catalunya;en el gran comercio;total;catalán y otra lengua (o lenguas);población de 15 años o más (miles);..;null
2023;Catalunya;en el gran comercio;total;castellano y otra lengua (o lenguas);población de 15 años o más (miles);;73,7
2023;Catalunya;en el gran comercio;total;otras combinaciones de lenguas;población de 15 años o más (miles);;19,9
2023;Catalunya;en el gran comercio;total;No consta;población de 15 años o más (miles);;212,2
2023;Catalunya;en el gran comercio;total;total;población de 15 años o más (miles);;6785,1
2023;Catalunya;en la entidad financiera;Cataluña;solo catalán;población de 15 años o más (miles);;1634,8
2023;Catalunya;en la entidad financiera;Cataluña;más catalán que castellano;población de 15 años o más (miles);;640,5
2023;Catalunya;en la entidad financiera;Cataluña;catalán y castellano;población de 15 años o más (miles);;544,4
2023;Catalunya;en la entidad financiera;Cataluña;más castellano que catalán;población de 15 años o más (miles);;250,2
2023;Catalunya;en la entidad financiera;Cataluña;solo castellano;población de 15 años o más (miles);;609,5
2023;Catalunya;en la entidad financiera;Cataluña;otra lengua (o lenguas);población de 15 años o más (miles);;0,5
2023;Catalunya;en la entidad financiera;Cataluña;catalán y otra lengua (o lenguas);población de 15 años o más (miles);..;null
2023;Catalunya;en la entidad financiera;Cataluña;castellano y otra lengua (o lenguas);población de 15 años o más (miles);..;null
2023;Catalunya;en la entidad financiera;Cataluña;otras combinaciones de lenguas;población de 15 años o más (miles);;3,0
2023;Catalunya;en la entidad financiera;Cataluña;No consta;población de 15 años o más (miles);;303,0
2023;Catalunya;en la entidad financiera;Cataluña;total;población de 15 años o más (miles);;3987,7
2023;Catalunya;en la entidad financiera;resto de España;solo catalán;población de 15 años o más (miles);;124,6
2023;Catalunya;en la entidad financiera;resto de España;más catalán que castellano;población de 15 años o más (miles);;59,6
2023;Catalunya;en la entidad financiera;resto de España;catalán y castellano;población de 15 años o más (miles);;132,8
2023;Catalunya;en la entidad financiera;resto de España;más castellano que catalán;población de 15 años o más (miles);;64,8
2023;Catalunya;en la entidad financiera;resto de España;solo castellano;población de 15 años o más (miles);;658,2
2023;Catalunya;en la entidad financiera;resto de España;otra lengua (o lenguas);población de 15 años o más (miles);..;null
2023;Catalunya;en la entidad financiera;resto de España;catalán y otra lengua (o lenguas);población de 15 años o más (miles);..;null
2023;Catalunya;en la entidad financiera;resto de España;castellano y otra lengua (o lenguas);población de 15 años o más (miles);..;null
2023;Catalunya;en la entidad financiera;resto de España;otras combinaciones de lenguas;población de 15 años o más (miles);..;null
2023;Catalunya;en la entidad financiera;resto de España;No consta;población de 15 años o más (miles);;89,4
2023;Catalunya;en la entidad financiera;resto de España;total;población de 15 años o más (miles);;1133,4
2023;Catalunya;en la entidad financiera;extranjero;solo catalán;población de 15 años o más (miles);;117,2
2023;Catalunya;en la entidad financiera;extranjero;más catalán que castellano;población de 15 años o más (miles);;58,6
2023;Catalunya;en la entidad financiera;extranjero;catalán y castellano;población de 15 años o más (miles);;96,7
2023;Catalunya;en la entidad financiera;extranjero;más castellano que catalán;población de 15 años o más (miles);;91,1
2023;Catalunya;en la entidad financiera;extranjero;solo castellano;población de 15 años o más (miles);;1091,2
2023;Catalunya;en la entidad financiera;extranjero;otra lengua (o lenguas);población de 15 años o más (miles);;30,1
2023;Catalunya;en la entidad financiera;extranjero;catalán y otra lengua (o lenguas);población de 15 años o más (miles);..;null
2023;Catalunya;en la entidad financiera;extranjero;castellano y otra lengua (o lenguas);población de 15 años o más (miles);;54,2
2023;Catalunya;en la entidad financiera;extranjero;otras combinaciones de lenguas;población de 15 años o más (miles);..;null
2023;Catalunya;en la entidad financiera;extranjero;No consta;población de 15 años o más (miles);;112,6
2023;Catalunya;en la entidad financiera;extranjero;total;población de 15 años o más (miles);;1663,9
2023;Catalunya;en la entidad financiera;total;solo catalán;población de 15 años o más (miles);;1876,6
2023;Catalunya;en la entidad financiera;total;más catalán que castellano;población de 15 años o más (miles);;758,7
2023;Catalunya;en la entidad financiera;total;catalán y castellano;población de 15 años o más (miles);;774,0
2023;Catalunya;en la entidad financiera;total;más castellano que catalán;población de 15 años o más (miles);;406,1
2023;Catalunya;en la entidad financiera;total;solo castellano;población de 15 años o más (miles);;2358,9
2023;Catalunya;en la entidad financiera;total;otra lengua (o lenguas);población de 15 años o más (miles);;30,6
2023;Catalunya;en la entidad financiera;total;catalán y otra lengua (o lenguas);población de 15 años o más (miles);;3,5
2023;Catalunya;en la entidad financiera;total;castellano y otra lengua (o lenguas);población de 15 años o más (miles);;57,4
2023;Catalunya;en la entidad financiera;total;otras combinaciones de lenguas;población de 15 años o más (miles);;14,2
2023;Catalunya;en la entidad financiera;total;No consta;población de 15 años o más (miles);;505,0
2023;Catalunya;en la entidad financiera;total;total;población de 15 años o más (miles);;6785,1
2023;Catalunya;con el personal de un restaurante o bar;Cataluña;solo catalán;población de 15 años o más (miles);;1033,1
2023;Catalunya;con el personal de un restaurante o bar;Cataluña;más catalán que castellano;población de 15 años o más (miles);;830,8
2023;Catalunya;con el personal de un restaurante o bar;Cataluña;catalán y castellano;población de 15 años o más (miles);;889,9
2023;Catalunya;con el personal de un restaurante o bar;Cataluña;más castellano que catalán;población de 15 años o más (miles);;454,9
2023;Catalunya;con el personal de un restaurante o bar;Cataluña;solo castellano;población de 15 años o más (miles);;686,7
2023;Catalunya;con el personal de un restaurante o bar;Cataluña;otra lengua (o lenguas);población de 15 años o más (miles);..;null
2023;Catalunya;con el personal de un restaurante o bar;Cataluña;catalán y otra lengua (o lenguas);población de 15 años o más (miles);..;null
2023;Catalunya;con el personal de un restaurante o bar;Cataluña;castellano y otra lengua (o lenguas);población de 15 años o más (miles);..;null
2023;Catalunya;con el personal de un restaurante o bar;Cataluña;otras combinaciones de lenguas;población de 15 años o más (miles);;10,4
2023;Catalunya;con el personal de un restaurante o bar;Cataluña;No consta;población de 15 años o más (miles);;77,6
2023;Catalunya;con el personal de un restaurante o bar;Cataluña;total;población de 15 años o más (miles);;3987,7
2023;Catalunya;con el personal de un restaurante o bar;resto de España;solo catalán;población de 15 años o más (miles);;72,6
2023;Catalunya;con el personal de un restaurante o bar;resto de España;más catalán que castellano;población de 15 años o más (miles);;62,4
2023;Catalunya;con el personal de un restaurante o bar;resto de España;catalán y castellano;población de 15 años o más (miles);;181,8
2023;Catalunya;con el personal de un restaurante o bar;resto de España;más castellano que catalán;población de 15 años o más (miles);;90,4
2023;Catalunya;con el personal de un restaurante o bar;resto de España;solo castellano;población de 15 años o más (miles);;671,2
2023;Catalunya;con el personal de un restaurante o bar;resto de España;otra lengua (o lenguas);población de 15 años o más (miles);..;null
2023;Catalunya;con el personal de un restaurante o bar;resto de España;catalán y otra lengua (o lenguas);población de 15 años o más (miles);..;null
2023;Catalunya;con el personal de un restaurante o bar;resto de España;castellano y otra lengua (o lenguas);población de 15 años o más (miles);..;null
2023;Catalunya;con el personal de un restaurante o bar;resto de España;otras combinaciones de lenguas;población de 15 años o más (miles);..;null
2023;Catalunya;con el personal de un restaurante o bar;resto de España;No consta;población de 15 años o más (miles);;49,6
2023;Catalunya;con el personal de un restaurante o bar;resto de España;total;población de 15 años o más (miles);;1133,4
2023;Catalunya;con el personal de un restaurante o bar;extranjero;solo catalán;población de 15 años o más (miles);;72,7
2023;Catalunya;con el personal de un restaurante o bar;extranjero;más catalán que castellano;población de 15 años o más (miles);;58,3
2023;Catalunya;con el personal de un restaurante o bar;extranjero;catalán y castellano;población de 15 años o más (miles);;137,0
2023;Catalunya;con el personal de un restaurante o bar;extranjero;más castellano que catalán;población de 15 años o más (miles);;127,0
2023;Catalunya;con el personal de un restaurante o bar;extranjero;solo castellano;población de 15 años o más (miles);;1089,2
2023;Catalunya;con el personal de un restaurante o bar;extranjero;otra lengua (o lenguas);población de 15 años o más (miles);;37,7
2023;Catalunya;con el personal de un restaurante o bar;extranjero;catalán y otra lengua (o lenguas);población de 15 años o más (miles);..;null
2023;Catalunya;con el personal de un restaurante o bar;extranjero;castellano y otra lengua (o lenguas);población de 15 años o más (miles);;81,2
2023;Catalunya;con el personal de un restaurante o bar;extranjero;otras combinaciones de lenguas;población de 15 años o más (miles);;16,9
2023;Catalunya;con el personal de un restaurante o bar;extranjero;No consta;población de 15 años o más (miles);;43,7
2023;Catalunya;con el personal de un restaurante o bar;extranjero;total;población de 15 años o más (miles);;1663,9
2023;Catalunya;con el personal de un restaurante o bar;total;solo catalán;población de 15 años o más (miles);;1178,4
2023;Catalunya;con el personal de un restaurante o bar;total;más catalán que castellano;población de 15 años o más (miles);;951,6
2023;Catalunya;con el personal de un restaurante o bar;total;catalán y castellano;población de 15 años o más (miles);;1208,6
2023;Catalunya;con el personal de un restaurante o bar;total;más castellano que catalán;población de 15 años o más (miles);;672,4
2023;Catalunya;con el personal de un restaurante o bar;total;solo castellano;población de 15 años o más (miles);;2447,0
2023;Catalunya;con el personal de un restaurante o bar;total;otra lengua (o lenguas);población de 15 años o más (miles);;37,9
2023;Catalunya;con el personal de un restaurante o bar;total;catalán y otra lengua (o lenguas);población de 15 años o más (miles);..;null
2023;Catalunya;con el personal de un restaurante o bar;total;castellano y otra lengua (o lenguas);población de 15 años o más (miles);;86,6
2023;Catalunya;con el personal de un restaurante o bar;total;otras combinaciones de lenguas;población de 15 años o más (miles);;29,0
2023;Catalunya;con el personal de un restaurante o bar;total;No consta;población de 15 años o más (miles);;170,9
2023;Catalunya;con el personal de un restaurante o bar;total;total;población de 15 años o más (miles);;6785,1
2023;Catalunya;con la Administración local;Cataluña;solo catalán;población de 15 años o más (miles);;2145,5
2023;Catalunya;con la Administración local;Cataluña;más catalán que castellano;población de 15 años o más (miles);;543,5
2023;Catalunya;con la Administración local;Cataluña;catalán y castellano;población de 15 años o más (miles);;370,8
2023;Catalunya;con la Administración local;Cataluña;más castellano que catalán;población de 15 años o más (miles);;162,2
2023;Catalunya;con la Administración local;Cataluña;solo castellano;población de 15 años o más (miles);;446,7
2023;Catalunya;con la Administración local;Cataluña;otra lengua (o lenguas);población de 15 años o más (miles);;1,3
2023;Catalunya;con la Administración local;Cataluña;catalán y otra lengua (o lenguas);población de 15 años o más (miles);;2,3
2023;Catalunya;con la Administración local;Cataluña;castellano y otra lengua (o lenguas);población de 15 años o más (miles);..;null
2023;Catalunya;con la Administración local;Cataluña;otras combinaciones de lenguas;población de 15 años o más (miles);;2,7
2023;Catalunya;con la Administración local;Cataluña;No consta;población de 15 años o más (miles);;311,7
2023;Catalunya;con la Administración local;Cataluña;total;población de 15 años o más (miles);;3987,7
2023;Catalunya;con la Administración local;resto de España;solo catalán;población de 15 años o más (miles);;195,0
2023;Catalunya;con la Administración local;resto de España;más catalán que castellano;población de 15 años o más (miles);;61,7
2023;Catalunya;con la Administración local;resto de España;catalán y castellano;población de 15 años o más (miles);;100,4
2023;Catalunya;con la Administración local;resto de España;más castellano que catalán;población de 15 años o más (miles);;59,5
2023;Catalunya;con la Administración local;resto de España;solo castellano;población de 15 años o más (miles);;571,2
2023;Catalunya;con la Administración local;resto de España;otra lengua (o lenguas);población de 15 años o más (miles);..;null
2023;Catalunya;con la Administración local;resto de España;catalán y otra lengua (o lenguas);población de 15 años o más (miles);..;null
2023;Catalunya;con la Administración local;resto de España;castellano y otra lengua (o lenguas);población de 15 años o más (miles);..;null
2023;Catalunya;con la Administración local;resto de España;otras combinaciones de lenguas;población de 15 años o más (miles);..;null
2023;Catalunya;con la Administración local;resto de España;No consta;población de 15 años o más (miles);;140,4
2023;Catalunya;con la Administración local;resto de España;total;población de 15 años o más (miles);;1133,4
2023;Catalunya;con la Administración local;extranjero;solo catalán;población de 15 años o más (miles);;203,2
2023;Catalunya;con la Administración local;extranjero;más catalán que castellano;población de 15 años o más (miles);;64,4
2023;Catalunya;con la Administración local;extranjero;catalán y castellano;población de 15 años o más (miles);;98,7
2023;Catalunya;con la Administración local;extranjero;más castellano que catalán;población de 15 años o más (miles);;84,2
2023;Catalunya;con la Administración local;extranjero;solo castellano;población de 15 años o más (miles);;1055,4
2023;Catalunya;con la Administración local;extranjero;otra lengua (o lenguas);población de 15 años o más (miles);;23,1
2023;Catalunya;con la Administración local;extranjero;catalán y otra lengua (o lenguas);población de 15 años o más (miles);..;null
2023;Catalunya;con la Administración local;extranjero;castellano y otra lengua (o lenguas);población de 15 años o más (miles);;37,0
2023;Catalunya;con la Administración local;extranjero;otras combinaciones de lenguas;población de 15 años o más (miles);..;null
2023;Catalunya;con la Administración local;extranjero;No consta;población de 15 años o más (miles);;92,9
2023;Catalunya;con la Administración local;extranjero;total;población de 15 años o más (miles);;1663,9
2023;Catalunya;con la Administración local;total;solo catalán;población de 15 años o más (miles);;2543,7
2023;Catalunya;con la Administración local;total;más catalán que castellano;población de 15 años o más (miles);;669,6
2023;Catalunya;con la Administración local;total;catalán y castellano;población de 15 años o más (miles);;570,0
2023;Catalunya;con la Administración local;total;más castellano que catalán;población de 15 años o más (miles);;306,0
2023;Catalunya;con la Administración local;total;solo castellano;población de 15 años o más (miles);;2073,4
2023;Catalunya;con la Administración local;total;otra lengua (o lenguas);población de 15 años o más (miles);;26,6
2023;Catalunya;con la Administración local;total;catalán y otra lengua (o lenguas);población de 15 años o más (miles);;2,7
2023;Catalunya;con la Administración local;total;castellano y otra lengua (o lenguas);población de 15 años o más (miles);;40,0
2023;Catalunya;con la Administración local;total;otras combinaciones de lenguas;población de 15 años o más (miles);;8,2
2023;Catalunya;con la Administración local;total;No consta;población de 15 años o más (miles);;545,0
2023;Catalunya;con la Administración local;total;total;población de 15 años o más (miles);;6785,1
2023;Catalunya;con la Administración de la Generalitat de Catalunya;Cataluña;solo catalán;población de 15 años o más (miles);;2067,3
2023;Catalunya;con la Administración de la Generalitat de Catalunya;Cataluña;más catalán que castellano;población de 15 años o más (miles);;410,9
2023;Catalunya;con la Administración de la Generalitat de Catalunya;Cataluña;catalán y castellano;población de 15 años o más (miles);;276,7
2023;Catalunya;con la Administración de la Generalitat de Catalunya;Cataluña;más castellano que catalán;población de 15 años o más (miles);;126,1
2023;Catalunya;con la Administración de la Generalitat de Catalunya;Cataluña;solo castellano;población de 15 años o más (miles);;376,7
2023;Catalunya;con la Administración de la Generalitat de Catalunya;Cataluña;otra lengua (o lenguas);población de 15 años o más (miles);..;null
2023;Catalunya;con la Administración de la Generalitat de Catalunya;Cataluña;catalán y otra lengua (o lenguas);población de 15 años o más (miles);..;null
2023;Catalunya;con la Administración de la Generalitat de Catalunya;Cataluña;castellano y otra lengua (o lenguas);población de 15 años o más (miles);..;null
2023;Catalunya;con la Administración de la Generalitat de Catalunya;Cataluña;otras combinaciones de lenguas;población de 15 años o más (miles);..;null
2023;Catalunya;con la Administración de la Generalitat de Catalunya;Cataluña;No consta;población de 15 años o más (miles);;727,9
2023;Catalunya;con la Administración de la Generalitat de Catalunya;Cataluña;total;población de 15 años o más (miles);;3987,7
2023;Catalunya;con la Administración de la Generalitat de Catalunya;resto de España;solo catalán;población de 15 años o más (miles);;185,7
2023;Catalunya;con la Administración de la Generalitat de Catalunya;resto de España;más catalán que castellano;población de 15 años o más (miles);;57,8
2023;Catalunya;con la Administración de la Generalitat de Catalunya;resto de España;catalán y castellano;población de 15 años o más (miles);;79,3
2023;Catalunya;con la Administración de la Generalitat de Catalunya;resto de España;más castellano que catalán;población de 15 años o más (miles);;42,0
2023;Catalunya;con la Administración de la Generalitat de Catalunya;resto de España;solo castellano;población de 15 años o más (miles);;465,8
2023;Catalunya;con la Administración de la Generalitat de Catalunya;resto de España;otra lengua (o lenguas);población de 15 años o más (miles);..;null
2023;Catalunya;con la Administración de la Generalitat de Catalunya;resto de España;catalán y otra lengua (o lenguas);población de 15 años o más (miles);..;null
2023;Catalunya;con la Administración de la Generalitat de Catalunya;resto de España;castellano y otra lengua (o lenguas);población de 15 años o más (miles);..;null
2023;Catalunya;con la Administración de la Generalitat de Catalunya;resto de España;otras combinaciones de lenguas;población de 15 años o más (miles);..;null
2023;Catalunya;con la Administración de la Generalitat de Catalunya;resto de España;No consta;población de 15 años o más (miles);;298,6
2023;Catalunya;con la Administración de la Generalitat de Catalunya;resto de España;total;población de 15 años o más (miles);;1133,4
2023;Catalunya;con la Administración de la Generalitat de Catalunya;extranjero;solo catalán;población de 15 años o más (miles);;182,7
2023;Catalunya;con la Administración de la Generalitat de Catalunya;extranjero;más catalán que castellano;población de 15 años o más (miles);;59,7
2023;Catalunya;con la Administración de la Generalitat de Catalunya;extranjero;catalán y castellano;población de 15 años o más (miles);;87,9
2023;Catalunya;con la Administración de la Generalitat de Catalunya;extranjero;más castellano que catalán;población de 15 años o más (miles);;70,3
2023;Catalunya;con la Administración de la Generalitat de Catalunya;extranjero;solo castellano;población de 15 años o más (miles);;882,9
2023;Catalunya;con la Administración de la Generalitat de Catalunya;extranjero;otra lengua (o lenguas);población de 15 años o más (miles);..;null
2023;Catalunya;con la Administración de la Generalitat de Catalunya;extranjero;catalán y otra lengua (o lenguas);población de 15 años o más (miles);..;null
2023;Catalunya;con la Administración de la Generalitat de Catalunya;extranjero;castellano y otra lengua (o lenguas);población de 15 años o más (miles);;35,4
2023;Catalunya;con la Administración de la Generalitat de Catalunya;extranjero;otras combinaciones de lenguas;población de 15 años o más (miles);..;null
2023;Catalunya;con la Administración de la Generalitat de Catalunya;extranjero;No consta;población de 15 años o más (miles);;322,3
2023;Catalunya;con la Administración de la Generalitat de Catalunya;extranjero;total;población de 15 años o más (miles);;1663,9
2023;Catalunya;con la Administración de la Generalitat de Catalunya;total;solo catalán;población de 15 años o más (miles);;2435,8
2023;Catalunya;con la Administración de la Generalitat de Catalunya;total;más catalán que castellano;población de 15 años o más (miles);;528,3
2023;Catalunya;con la Administración de la Generalitat de Catalunya;total;catalán y castellano;población de 15 años o más (miles);;443,9
2023;Catalunya;con la Administración de la Generalitat de Catalunya;total;más castellano que catalán;población de 15 años o más (miles);;238,4
2023;Catalunya;con la Administración de la Generalitat de Catalunya;total;solo castellano;población de 15 años o más (miles);;1725,4
2023;Catalunya;con la Administración de la Generalitat de Catalunya;total;otra lengua (o lenguas);población de 15 años o más (miles);;20,3
2023;Catalunya;con la Administración de la Generalitat de Catalunya;total;catalán y otra lengua (o lenguas);población de 15 años o más (miles);..;null
2023;Catalunya;con la Administración de la Generalitat de Catalunya;total;castellano y otra lengua (o lenguas);población de 15 años o más (miles);;38,2
2023;Catalunya;con la Administración de la Generalitat de Catalunya;total;otras combinaciones de lenguas;población de 15 años o más (miles);;4,9
2023;Catalunya;con la Administración de la Generalitat de Catalunya;total;No consta;población de 15 años o más (miles);;1348,8
2023;Catalunya;con la Administración de la Generalitat de Catalunya;total;total;población de 15 años o más (miles);;6785,1
2023;Catalunya;con la Administración del Estado en Cataluña;Cataluña;solo catalán;población de 15 años o más (miles);;1111,2
2023;Catalunya;con la Administración del Estado en Cataluña;Cataluña;más catalán que castellano;población de 15 años o más (miles);;598,0
2023;Catalunya;con la Administración del Estado en Cataluña;Cataluña;catalán y castellano;población de 15 años o más (miles);;539,9
2023;Catalunya;con la Administración del Estado en Cataluña;Cataluña;más castellano que catalán;población de 15 años o más (miles);;413,9
2023;Catalunya;con la Administración del Estado en Cataluña;Cataluña;solo castellano;población de 15 años o más (miles);;773,4
2023;Catalunya;con la Administración del Estado en Cataluña;Cataluña;otra lengua (o lenguas);población de 15 años o más (miles);..;null
2023;Catalunya;con la Administración del Estado en Cataluña;Cataluña;catalán y otra lengua (o lenguas);población de 15 años o más (miles);..;null
2023;Catalunya;con la Administración del Estado en Cataluña;Cataluña;castellano y otra lengua (o lenguas);población de 15 años o más (miles);..;null
2023;Catalunya;con la Administración del Estado en Cataluña;Cataluña;otras combinaciones de lenguas;población de 15 años o más (miles);;2,9
2023;Catalunya;con la Administración del Estado en Cataluña;Cataluña;No consta;población de 15 años o más (miles);;546,1
2023;Catalunya;con la Administración del Estado en Cataluña;Cataluña;total;población de 15 años o más (miles);;3987,7
2023;Catalunya;con la Administración del Estado en Cataluña;resto de España;solo catalán;población de 15 años o más (miles);;104,9
2023;Catalunya;con la Administración del Estado en Cataluña;resto de España;más catalán que castellano;población de 15 años o más (miles);;55,5
2023;Catalunya;con la Administración del Estado en Cataluña;resto de España;catalán y castellano;población de 15 años o más (miles);;107,1
2023;Catalunya;con la Administración del Estado en Cataluña;resto de España;más castellano que catalán;población de 15 años o más (miles);;67,3
2023;Catalunya;con la Administración del Estado en Cataluña;resto de España;solo castellano;población de 15 años o más (miles);;615,6
2023;Catalunya;con la Administración del Estado en Cataluña;resto de España;otra lengua (o lenguas);población de 15 años o más (miles);..;null
2023;Catalunya;con la Administración del Estado en Cataluña;resto de España;catalán y otra lengua (o lenguas);población de 15 años o más (miles);..;null
2023;Catalunya;con la Administración del Estado en Cataluña;resto de España;castellano y otra lengua (o lenguas);población de 15 años o más (miles);..;null
2023;Catalunya;con la Administración del Estado en Cataluña;resto de España;otras combinaciones de lenguas;población de 15 años o más (miles);..;null
2023;Catalunya;con la Administración del Estado en Cataluña;resto de España;No consta;población de 15 años o más (miles);;178,8
2023;Catalunya;con la Administración del Estado en Cataluña;resto de España;total;población de 15 años o más (miles);;1133,4
2023;Catalunya;con la Administración del Estado en Cataluña;extranjero;solo catalán;población de 15 años o más (miles);;114,4
2023;Catalunya;con la Administración del Estado en Cataluña;extranjero;más catalán que castellano;población de 15 años o más (miles);;56,3
2023;Catalunya;con la Administración del Estado en Cataluña;extranjero;catalán y castellano;población de 15 años o más (miles);;94,9
2023;Catalunya;con la Administración del Estado en Cataluña;extranjero;más castellano que catalán;población de 15 años o más (miles);;88,0
2023;Catalunya;con la Administración del Estado en Cataluña;extranjero;solo castellano;población de 15 años o más (miles);;1047,5
2023;Catalunya;con la Administración del Estado en Cataluña;extranjero;otra lengua (o lenguas);población de 15 años o más (miles);;26,5
2023;Catalunya;con la Administración del Estado en Cataluña;extranjero;catalán y otra lengua (o lenguas);población de 15 años o más (miles);..;null
2023;Catalunya;con la Administración del Estado en Cataluña;extranjero;castellano y otra lengua (o lenguas);población de 15 años o más (miles);;40,5
2023;Catalunya;con la Administración del Estado en Cataluña;extranjero;otras combinaciones de lenguas;población de 15 años o más (miles);..;null
2023;Catalunya;con la Administración del Estado en Cataluña;extranjero;No consta;población de 15 años o más (miles);;192,5
2023;Catalunya;con la Administración del Estado en Cataluña;extranjero;total;población de 15 años o más (miles);;1663,9
2023;Catalunya;con la Administración del Estado en Cataluña;total;solo catalán;población de 15 años o más (miles);;1330,5
2023;Catalunya;con la Administración del Estado en Cataluña;total;más catalán que castellano;población de 15 años o más (miles);;709,8
2023;Catalunya;con la Administración del Estado en Cataluña;total;catalán y castellano;población de 15 años o más (miles);;741,9
2023;Catalunya;con la Administración del Estado en Cataluña;total;más castellano que catalán;población de 15 años o más (miles);;569,2
2023;Catalunya;con la Administración del Estado en Cataluña;total;solo castellano;población de 15 años o más (miles);;2436,5
2023;Catalunya;con la Administración del Estado en Cataluña;total;otra lengua (o lenguas);población de 15 años o más (miles);;28,0
2023;Catalunya;con la Administración del Estado en Cataluña;total;catalán y otra lengua (o lenguas);población de 15 años o más (miles);..;null
2023;Catalunya;con la Administración del Estado en Cataluña;total;castellano y otra lengua (o lenguas);población de 15 años o más (miles);;44,6
2023;Catalunya;con la Administración del Estado en Cataluña;total;otras combinaciones de lenguas;población de 15 años o más (miles);;5,8
2023;Catalunya;con la Administración del Estado en Cataluña;total;No consta;población de 15 años o más (miles);;917,4
2023;Catalunya;con la Administración del Estado en Cataluña;total;total;población de 15 años o más (miles);;6785,1
2023;Catalunya;con la policía local o Mossos d'Esquadra;Cataluña;solo catalán;población de 15 años o más (miles);;1794,0
2023;Catalunya;con la policía local o Mossos d'Esquadra;Cataluña;más catalán que castellano;población de 15 años o más (miles);;523,7
2023;Catalunya;con la policía local o Mossos d'Esquadra;Cataluña;catalán y castellano;población de 15 años o más (miles);;439,6
2023;Catalunya;con la policía local o Mossos d'Esquadra;Cataluña;más castellano que catalán;población de 15 años o más (miles);;225,7
2023;Catalunya;con la policía local o Mossos d'Esquadra;Cataluña;solo castellano;población de 15 años o más (miles);;528,5
2023;Catalunya;con la policía local o Mossos d'Esquadra;Cataluña;otra lengua (o lenguas);población de 15 años o más (miles);..;null
2023;Catalunya;con la policía local o Mossos d'Esquadra;Cataluña;catalán y otra lengua (o lenguas);población de 15 años o más (miles);;0,4
2023;Catalunya;con la policía local o Mossos d'Esquadra;Cataluña;castellano y otra lengua (o lenguas);población de 15 años o más (miles);..;null
2023;Catalunya;con la policía local o Mossos d'Esquadra;Cataluña;otras combinaciones de lenguas;población de 15 años o más (miles);;1,1
2023;Catalunya;con la policía local o Mossos d'Esquadra;Cataluña;No consta;población de 15 años o más (miles);;471,1
2023;Catalunya;con la policía local o Mossos d'Esquadra;Cataluña;total;población de 15 años o más (miles);;3987,7
2023;Catalunya;con la policía local o Mossos d'Esquadra;resto de España;solo catalán;población de 15 años o más (miles);;136,9
2023;Catalunya;con la policía local o Mossos d'Esquadra;resto de España;más catalán que castellano;población de 15 años o más (miles);;51,6
2023;Catalunya;con la policía local o Mossos d'Esquadra;resto de España;catalán y castellano;población de 15 años o más (miles);;98,9
2023;Catalunya;con la policía local o Mossos d'Esquadra;resto de España;más castellano que catalán;población de 15 años o más (miles);;51,0
2023;Catalunya;con la policía local o Mossos d'Esquadra;resto de España;solo castellano;población de 15 años o más (miles);;555,6
2023;Catalunya;con la policía local o Mossos d'Esquadra;resto de España;otra lengua (o lenguas);población de 15 años o más (miles);..;null
2023;Catalunya;con la policía local o Mossos d'Esquadra;resto de España;catalán y otra lengua (o lenguas);población de 15 años o más (miles);..;null
2023;Catalunya;con la policía local o Mossos d'Esquadra;resto de España;castellano y otra lengua (o lenguas);población de 15 años o más (miles);..;null
2023;Catalunya;con la policía local o Mossos d'Esquadra;resto de España;otras combinaciones de lenguas;población de 15 años o más (miles);..;null
2023;Catalunya;con la policía local o Mossos d'Esquadra;resto de España;No consta;población de 15 años o más (miles);;239,4
2023;Catalunya;con la policía local o Mossos d'Esquadra;resto de España;total;población de 15 años o más (miles);;1133,4
2023;Catalunya;con la policía local o Mossos d'Esquadra;extranjero;solo catalán;población de 15 años o más (miles);;137,1
2023;Catalunya;con la policía local o Mossos d'Esquadra;extranjero;más catalán que castellano;población de 15 años o más (miles);;38,4
2023;Catalunya;con la policía local o Mossos d'Esquadra;extranjero;catalán y castellano;población de 15 años o más (miles);;85,0
2023;Catalunya;con la policía local o Mossos d'Esquadra;extranjero;más castellano que catalán;población de 15 años o más (miles);;67,1
2023;Catalunya;con la policía local o Mossos d'Esquadra;extranjero;solo castellano;población de 15 años o más (miles);;982,9
2023;Catalunya;con la policía local o Mossos d'Esquadra;extranjero;otra lengua (o lenguas);población de 15 años o más (miles);..;null
2023;Catalunya;con la policía local o Mossos d'Esquadra;extranjero;catalán y otra lengua (o lenguas);población de 15 años o más (miles);..;null
2023;Catalunya;con la policía local o Mossos d'Esquadra;extranjero;castellano y otra lengua (o lenguas);población de 15 años o más (miles);;43,8
2023;Catalunya;con la policía local o Mossos d'Esquadra;extranjero;otras combinaciones de lenguas;población de 15 años o más (miles);..;null
2023;Catalunya;con la policía local o Mossos d'Esquadra;extranjero;No consta;población de 15 años o más (miles);;287,1
2023;Catalunya;con la policía local o Mossos d'Esquadra;extranjero;total;población de 15 años o más (miles);;1663,9
2023;Catalunya;con la policía local o Mossos d'Esquadra;total;solo catalán;población de 15 años o más (miles);;2068,0
2023;Catalunya;con la policía local o Mossos d'Esquadra;total;más catalán que castellano;población de 15 años o más (miles);;613,7
2023;Catalunya;con la policía local o Mossos d'Esquadra;total;catalán y castellano;población de 15 años o más (miles);;623,4
2023;Catalunya;con la policía local o Mossos d'Esquadra;total;más castellano que catalán;población de 15 años o más (miles);;343,7
2023;Catalunya;con la policía local o Mossos d'Esquadra;total;solo castellano;población de 15 años o más (miles);;2066,9
2023;Catalunya;con la policía local o Mossos d'Esquadra;total;otra lengua (o lenguas);población de 15 años o más (miles);;20,2
2023;Catalunya;con la policía local o Mossos d'Esquadra;total;catalán y otra lengua (o lenguas);población de 15 años o más (miles);;1,4
2023;Catalunya;con la policía local o Mossos d'Esquadra;total;castellano y otra lengua (o lenguas);población de 15 años o más (miles);;45,6
2023;Catalunya;con la policía local o Mossos d'Esquadra;total;otras combinaciones de lenguas;población de 15 años o más (miles);;4,4
2023;Catalunya;con la policía local o Mossos d'Esquadra;total;No consta;población de 15 años o más (miles);;997,6
2023;Catalunya;con la policía local o Mossos d'Esquadra;total;total;población de 15 años o más (miles);;6785,1
2023;Catalunya;con los órganos judiciales;Cataluña;solo catalán;población de 15 años o más (miles);;917,7
2023;Catalunya;con los órganos judiciales;Cataluña;más catalán que castellano;población de 15 años o más (miles);;547,1
2023;Catalunya;con los órganos judiciales;Cataluña;catalán y castellano;población de 15 años o más (miles);;486,9
2023;Catalunya;con los órganos judiciales;Cataluña;más castellano que catalán;población de 15 años o más (miles);;345,0
2023;Catalunya;con los órganos judiciales;Cataluña;solo castellano;población de 15 años o más (miles);;649,8
2023;Catalunya;con los órganos judiciales;Cataluña;otra lengua (o lenguas);población de 15 años o más (miles);..;null
2023;Catalunya;con los órganos judiciales;Cataluña;catalán y otra lengua (o lenguas);población de 15 años o más (miles);..;null
2023;Catalunya;con los órganos judiciales;Cataluña;castellano y otra lengua (o lenguas);población de 15 años o más (miles);..;null
2023;Catalunya;con los órganos judiciales;Cataluña;otras combinaciones de lenguas;población de 15 años o más (miles);;3,6
2023;Catalunya;con los órganos judiciales;Cataluña;No consta;población de 15 años o más (miles);;1035,0
2023;Catalunya;con los órganos judiciales;Cataluña;total;población de 15 años o más (miles);;3987,7
2023;Catalunya;con los órganos judiciales;resto de España;solo catalán;población de 15 años o más (miles);;70,9
2023;Catalunya;con los órganos judiciales;resto de España;más catalán que castellano;población de 15 años o más (miles);;49,7
2023;Catalunya;con los órganos judiciales;resto de España;catalán y castellano;población de 15 años o más (miles);;102,8
2023;Catalunya;con los órganos judiciales;resto de España;más castellano que catalán;población de 15 años o más (miles);;57,2
2023;Catalunya;con los órganos judiciales;resto de España;solo castellano;población de 15 años o más (miles);;519,3
2023;Catalunya;con los órganos judiciales;resto de España;otra lengua (o lenguas);población de 15 años o más (miles);..;null
2023;Catalunya;con los órganos judiciales;resto de España;catalán y otra lengua (o lenguas);población de 15 años o más (miles);..;null
2023;Catalunya;con los órganos judiciales;resto de España;castellano y otra lengua (o lenguas);población de 15 años o más (miles);..;null
2023;Catalunya;con los órganos judiciales;resto de España;otras combinaciones de lenguas;población de 15 años o más (miles);..;null
2023;Catalunya;con los órganos judiciales;resto de España;No consta;población de 15 años o más (miles);;333,4
2023;Catalunya;con los órganos judiciales;resto de España;total;población de 15 años o más (miles);;1133,4
2023;Catalunya;con los órganos judiciales;extranjero;solo catalán;población de 15 años o más (miles);;75,4
2023;Catalunya;con los órganos judiciales;extranjero;más catalán que castellano;población de 15 años o más (miles);;36,1
2023;Catalunya;con los órganos judiciales;extranjero;catalán y castellano;población de 15 años o más (miles);;81,5
2023;Catalunya;con los órganos judiciales;extranjero;más castellano que catalán;población de 15 años o más (miles);;65,7
2023;Catalunya;con los órganos judiciales;extranjero;solo castellano;población de 15 años o más (miles);;966,3
2023;Catalunya;con los órganos judiciales;extranjero;otra lengua (o lenguas);población de 15 años o más (miles);;20,5
2023;Catalunya;con los órganos judiciales;extranjero;catalán y otra lengua (o lenguas);población de 15 años o más (miles);..;null
2023;Catalunya;con los órganos judiciales;extranjero;castellano y otra lengua (o lenguas);población de 15 años o más (miles);;39,4
2023;Catalunya;con los órganos judiciales;extranjero;otras combinaciones de lenguas;población de 15 años o más (miles);..;null
2023;Catalunya;con los órganos judiciales;extranjero;No consta;población de 15 años o más (miles);;373,0
2023;Catalunya;con los órganos judiciales;extranjero;total;población de 15 años o más (miles);;1663,9
2023;Catalunya;con los órganos judiciales;total;solo catalán;población de 15 años o más (miles);;1064,0
2023;Catalunya;con los órganos judiciales;total;más catalán que castellano;población de 15 años o más (miles);;632,8
2023;Catalunya;con los órganos judiciales;total;catalán y castellano;población de 15 años o más (miles);;671,1
2023;Catalunya;con los órganos judiciales;total;más castellano que catalán;población de 15 años o más (miles);;467,8
2023;Catalunya;con los órganos judiciales;total;solo castellano;población de 15 años o más (miles);;2135,4
2023;Catalunya;con los órganos judiciales;total;otra lengua (o lenguas);población de 15 años o más (miles);;22,1
2023;Catalunya;con los órganos judiciales;total;catalán y otra lengua (o lenguas);población de 15 años o más (miles);..;null
2023;Catalunya;con los órganos judiciales;total;castellano y otra lengua (o lenguas);población de 15 años o más (miles);;40,4
2023;Catalunya;con los órganos judiciales;total;otras combinaciones de lenguas;población de 15 años o más (miles);;9,7
2023;Catalunya;con los órganos judiciales;total;No consta;población de 15 años o más (miles);;1741,4
2023;Catalunya;con los órganos judiciales;total;total;población de 15 años o más (miles);;6785,1
2023;Catalunya;con el personal médico;Cataluña;solo catalán;población de 15 años o más (miles);;1533,3
2023;Catalunya;con el personal médico;Cataluña;más catalán que castellano;población de 15 años o más (miles);;657,7
2023;Catalunya;con el personal médico;Cataluña;catalán y castellano;población de 15 años o más (miles);;623,4
2023;Catalunya;con el personal médico;Cataluña;más castellano que catalán;población de 15 años o más (miles);;296,4
2023;Catalunya;con el personal médico;Cataluña;solo castellano;población de 15 años o más (miles);;824,0
2023;Catalunya;con el personal médico;Cataluña;otra lengua (o lenguas);población de 15 años o más (miles);..;null
2023;Catalunya;con el personal médico;Cataluña;catalán y otra lengua (o lenguas);población de 15 años o más (miles);..;null
2023;Catalunya;con el personal médico;Cataluña;castellano y otra lengua (o lenguas);población de 15 años o más (miles);..;null
2023;Catalunya;con el personal médico;Cataluña;otras combinaciones de lenguas;población de 15 años o más (miles);;2,8
2023;Catalunya;con el personal médico;Cataluña;No consta;población de 15 años o más (miles);;46,1
2023;Catalunya;con el personal médico;Cataluña;total;población de 15 años o más (miles);;3987,7
2023;Catalunya;con el personal médico;resto de España;solo catalán;población de 15 años o más (miles);;124,0
2023;Catalunya;con el personal médico;resto de España;más catalán que castellano;población de 15 años o más (miles);;36,9
2023;Catalunya;con el personal médico;resto de España;catalán y castellano;población de 15 años o más (miles);;113,9
2023;Catalunya;con el personal médico;resto de España;más castellano que catalán;población de 15 años o más (miles);;79,7
2023;Catalunya;con el personal médico;resto de España;solo castellano;población de 15 años o más (miles);;765,2
2023;Catalunya;con el personal médico;resto de España;otra lengua (o lenguas);población de 15 años o más (miles);..;null
2023;Catalunya;con el personal médico;resto de España;catalán y otra lengua (o lenguas);población de 15 años o más (miles);..;null
2023;Catalunya;con el personal médico;resto de España;castellano y otra lengua (o lenguas);población de 15 años o más (miles);..;null
2023;Catalunya;con el personal médico;resto de España;otras combinaciones de lenguas;población de 15 años o más (miles);..;null
2023;Catalunya;con el personal médico;resto de España;No consta;población de 15 años o más (miles);..;null
2023;Catalunya;con el personal médico;resto de España;total;población de 15 años o más (miles);;1133,4
2023;Catalunya;con el personal médico;extranjero;solo catalán;población de 15 años o más (miles);;123,3
2023;Catalunya;con el personal médico;extranjero;más catalán que castellano;población de 15 años o más (miles);;48,1
2023;Catalunya;con el personal médico;extranjero;catalán y castellano;población de 15 años o más (miles);;99,4
2023;Catalunya;con el personal médico;extranjero;más castellano que catalán;población de 15 años o más (miles);;72,1
2023;Catalunya;con el personal médico;extranjero;solo castellano;población de 15 años o más (miles);;1207,5
2023;Catalunya;con el personal médico;extranjero;otra lengua (o lenguas);población de 15 años o más (miles);;39,1
2023;Catalunya;con el personal médico;extranjero;catalán y otra lengua (o lenguas);población de 15 años o más (miles);..;null
2023;Catalunya;con el personal médico;extranjero;castellano y otra lengua (o lenguas);población de 15 años o más (miles);;45,4
2023;Catalunya;con el personal médico;extranjero;otras combinaciones de lenguas;población de 15 años o más (miles);..;null
2023;Catalunya;con el personal médico;extranjero;No consta;población de 15 años o más (miles);;25,7
2023;Catalunya;con el personal médico;extranjero;total;población de 15 años o más (miles);;1663,9
2023;Catalunya;con el personal médico;total;solo catalán;población de 15 años o más (miles);;1780,7
2023;Catalunya;con el personal médico;total;más catalán que castellano;población de 15 años o más (miles);;742,7
2023;Catalunya;con el personal médico;total;catalán y castellano;población de 15 años o más (miles);;836,7
2023;Catalunya;con el personal médico;total;más castellano que catalán;población de 15 años o más (miles);;448,2
2023;Catalunya;con el personal médico;total;solo castellano;población de 15 años o más (miles);;2796,7
2023;Catalunya;con el personal médico;total;otra lengua (o lenguas);población de 15 años o más (miles);;39,6
2023;Catalunya;con el personal médico;total;catalán y otra lengua (o lenguas);población de 15 años o más (miles);..;null
2023;Catalunya;con el personal médico;total;castellano y otra lengua (o lenguas);población de 15 años o más (miles);;47,9
2023;Catalunya;con el personal médico;total;otras combinaciones de lenguas;población de 15 años o más (miles);;7,0
2023;Catalunya;con el personal médico;total;No consta;población de 15 años o más (miles);;84,4
2023;Catalunya;con el personal médico;total;total;población de 15 años o más (miles);;6785,1
2023;Catalunya;al contestar al personal médico en la consulta;Cataluña;solo catalán;población de 15 años o más (miles);;1139,3
2023;Catalunya;al contestar al personal médico en la consulta;Cataluña;más catalán que castellano;población de 15 años o más (miles);;656,1
2023;Catalunya;al contestar al personal médico en la consulta;Cataluña;catalán y castellano;población de 15 años o más (miles);;797,8
2023;Catalunya;al contestar al personal médico en la consulta;Cataluña;más castellano que catalán;población de 15 años o más (miles);;418,3
2023;Catalunya;al contestar al personal médico en la consulta;Cataluña;solo castellano;población de 15 años o más (miles);;839,7
2023;Catalunya;al contestar al personal médico en la consulta;Cataluña;otra lengua (o lenguas);población de 15 años o más (miles);..;null
2023;Catalunya;al contestar al personal médico en la consulta;Cataluña;catalán y otra lengua (o lenguas);población de 15 años o más (miles);..;null
2023;Catalunya;al contestar al personal médico en la consulta;Cataluña;castellano y otra lengua (o lenguas);población de 15 años o más (miles);..;null
2023;Catalunya;al contestar al personal médico en la consulta;Cataluña;otras combinaciones de lenguas;población de 15 años o más (miles);;4,4
2023;Catalunya;al contestar al personal médico en la consulta;Cataluña;No consta;población de 15 años o más (miles);;124,0
2023;Catalunya;al contestar al personal médico en la consulta;Cataluña;total;población de 15 años o más (miles);;3987,7
2023;Catalunya;al contestar al personal médico en la consulta;resto de España;solo catalán;población de 15 años o más (miles);;117,2
2023;Catalunya;al contestar al personal médico en la consulta;resto de España;más catalán que castellano;población de 15 años o más (miles);;46,2
2023;Catalunya;al contestar al personal médico en la consulta;resto de España;catalán y castellano;población de 15 años o más (miles);;154,4
2023;Catalunya;al contestar al personal médico en la consulta;resto de España;más castellano que catalán;población de 15 años o más (miles);;106,2
2023;Catalunya;al contestar al personal médico en la consulta;resto de España;solo castellano;población de 15 años o más (miles);;674,4
2023;Catalunya;al contestar al personal médico en la consulta;resto de España;otra lengua (o lenguas);población de 15 años o más (miles);..;null
2023;Catalunya;al contestar al personal médico en la consulta;resto de España;catalán y otra lengua (o lenguas);población de 15 años o más (miles);..;null
2023;Catalunya;al contestar al personal médico en la consulta;resto de España;castellano y otra lengua (o lenguas);población de 15 años o más (miles);..;null
2023;Catalunya;al contestar al personal médico en la consulta;resto de España;otras combinaciones de lenguas;población de 15 años o más (miles);..;null
2023;Catalunya;al contestar al personal médico en la consulta;resto de España;No consta;población de 15 años o más (miles);;32,1
2023;Catalunya;al contestar al personal médico en la consulta;resto de España;total;población de 15 años o más (miles);;1133,4
2023;Catalunya;al contestar al personal médico en la consulta;extranjero;solo catalán;población de 15 años o más (miles);;122,2
2023;Catalunya;al contestar al personal médico en la consulta;extranjero;más catalán que castellano;población de 15 años o más (miles);;63,4
2023;Catalunya;al contestar al personal médico en la consulta;extranjero;catalán y castellano;población de 15 años o más (miles);;154,2
2023;Catalunya;al contestar al personal médico en la consulta;extranjero;más castellano que catalán;población de 15 años o más (miles);;126,9
2023;Catalunya;al contestar al personal médico en la consulta;extranjero;solo castellano;población de 15 años o más (miles);;1079,7
2023;Catalunya;al contestar al personal médico en la consulta;extranjero;otra lengua (o lenguas);población de 15 años o más (miles);;30,0
2023;Catalunya;al contestar al personal médico en la consulta;extranjero;catalán y otra lengua (o lenguas);población de 15 años o más (miles);..;null
2023;Catalunya;al contestar al personal médico en la consulta;extranjero;castellano y otra lengua (o lenguas);población de 15 años o más (miles);;44,9
2023;Catalunya;al contestar al personal médico en la consulta;extranjero;otras combinaciones de lenguas;población de 15 años o más (miles);..;null
2023;Catalunya;al contestar al personal médico en la consulta;extranjero;No consta;población de 15 años o más (miles);;38,1
2023;Catalunya;al contestar al personal médico en la consulta;extranjero;total;población de 15 años o más (miles);;1663,9
2023;Catalunya;al contestar al personal médico en la consulta;total;solo catalán;población de 15 años o más (miles);;1378,7
2023;Catalunya;al contestar al personal médico en la consulta;total;más catalán que castellano;población de 15 años o más (miles);;765,7
2023;Catalunya;al contestar al personal médico en la consulta;total;catalán y castellano;población de 15 años o más (miles);;1106,4
2023;Catalunya;al contestar al personal médico en la consulta;total;más castellano que catalán;población de 15 años o más (miles);;651,4
2023;Catalunya;al contestar al personal médico en la consulta;total;solo castellano;población de 15 años o más (miles);;2593,8
2023;Catalunya;al contestar al personal médico en la consulta;total;otra lengua (o lenguas);población de 15 años o más (miles);;30,4
2023;Catalunya;al contestar al personal médico en la consulta;total;catalán y otra lengua (o lenguas);población de 15 años o más (miles);..;null
2023;Catalunya;al contestar al personal médico en la consulta;total;castellano y otra lengua (o lenguas);población de 15 años o más (miles);;51,5
2023;Catalunya;al contestar al personal médico en la consulta;total;otras combinaciones de lenguas;población de 15 años o más (miles);;10,8
2023;Catalunya;al contestar al personal médico en la consulta;total;No consta;población de 15 años o más (miles);;194,2
2023;Catalunya;al contestar al personal médico en la consulta;total;total;población de 15 años o más (miles);;6785,1
2023;Catalunya;al escribir mensajes de móvil;Cataluña;solo catalán;población de 15 años o más (miles);;831,2
2023;Catalunya;al escribir mensajes de móvil;Cataluña;más catalán que castellano;población de 15 años o más (miles);;694,2
2023;Catalunya;al escribir mensajes de móvil;Cataluña;catalán y castellano;población de 15 años o más (miles);;724,8
2023;Catalunya;al escribir mensajes de móvil;Cataluña;más castellano que catalán;población de 15 años o más (miles);;515,5
2023;Catalunya;al escribir mensajes de móvil;Cataluña;solo castellano;población de 15 años o más (miles);;871,1
2023;Catalunya;al escribir mensajes de móvil;Cataluña;otra lengua (o lenguas);población de 15 años o más (miles);..;null
2023;Catalunya;al escribir mensajes de móvil;Cataluña;catalán y otra lengua (o lenguas);población de 15 años o más (miles);;25,2
2023;Catalunya;al escribir mensajes de móvil;Cataluña;castellano y otra lengua (o lenguas);población de 15 años o más (miles);;26,9
2023;Catalunya;al escribir mensajes de móvil;Cataluña;otras combinaciones de lenguas;población de 15 años o más (miles);;77,0
2023;Catalunya;al escribir mensajes de móvil;Cataluña;No consta;población de 15 años o más (miles);;221,7
2023;Catalunya;al escribir mensajes de móvil;Cataluña;total;población de 15 años o más (miles);;3987,7
2023;Catalunya;al escribir mensajes de móvil;resto de España;solo catalán;población de 15 años o más (miles);;30,6
2023;Catalunya;al escribir mensajes de móvil;resto de España;más catalán que castellano;población de 15 años o más (miles);;47,7
2023;Catalunya;al escribir mensajes de móvil;resto de España;catalán y castellano;población de 15 años o más (miles);;96,5
2023;Catalunya;al escribir mensajes de móvil;resto de España;más castellano que catalán;población de 15 años o más (miles);;80,8
2023;Catalunya;al escribir mensajes de móvil;resto de España;solo castellano;población de 15 años o más (miles);;597,8
2023;Catalunya;al escribir mensajes de móvil;resto de España;otra lengua (o lenguas);población de 15 años o más (miles);..;null
2023;Catalunya;al escribir mensajes de móvil;resto de España;catalán y otra lengua (o lenguas);población de 15 años o más (miles);..;null
2023;Catalunya;al escribir mensajes de móvil;resto de España;castellano y otra lengua (o lenguas);población de 15 años o más (miles);;13,0
2023;Catalunya;al escribir mensajes de móvil;resto de España;otras combinaciones de lenguas;población de 15 años o más (miles);..;null
2023;Catalunya;al escribir mensajes de móvil;resto de España;No consta;población de 15 años o más (miles);;260,0
2023;Catalunya;al escribir mensajes de móvil;resto de España;total;población de 15 años o más (miles);;1133,4
2023;Catalunya;al escribir mensajes de móvil;extranjero;solo catalán;población de 15 años o más (miles);;23,4
2023;Catalunya;al escribir mensajes de móvil;extranjero;más catalán que castellano;población de 15 años o más (miles);;28,9
2023;Catalunya;al escribir mensajes de móvil;extranjero;catalán y castellano;población de 15 años o más (miles);;89,4
2023;Catalunya;al escribir mensajes de móvil;extranjero;más castellano que catalán;población de 15 años o más (miles);;112,5
2023;Catalunya;al escribir mensajes de móvil;extranjero;solo castellano;población de 15 años o más (miles);;825,0
2023;Catalunya;al escribir mensajes de móvil;extranjero;otra lengua (o lenguas);población de 15 años o más (miles);;88,6
2023;Catalunya;al escribir mensajes de móvil;extranjero;catalán y otra lengua (o lenguas);población de 15 años o más (miles);..;null
2023;Catalunya;al escribir mensajes de móvil;extranjero;castellano y otra lengua (o lenguas);población de 15 años o más (miles);;354,5
2023;Catalunya;al escribir mensajes de móvil;extranjero;otras combinaciones de lenguas;población de 15 años o más (miles);;62,3
2023;Catalunya;al escribir mensajes de móvil;extranjero;No consta;población de 15 años o más (miles);;70,5
2023;Catalunya;al escribir mensajes de móvil;extranjero;total;población de 15 años o más (miles);;1663,9
2023;Catalunya;al escribir mensajes de móvil;total;solo catalán;población de 15 años o más (miles);;885,2
2023;Catalunya;al escribir mensajes de móvil;total;más catalán que castellano;población de 15 años o más (miles);;770,9
2023;Catalunya;al escribir mensajes de móvil;total;catalán y castellano;población de 15 años o más (miles);;910,7
2023;Catalunya;al escribir mensajes de móvil;total;más castellano que catalán;población de 15 años o más (miles);;708,8
2023;Catalunya;al escribir mensajes de móvil;total;solo castellano;población de 15 años o más (miles);;2293,9
2023;Catalunya;al escribir mensajes de móvil;total;otra lengua (o lenguas);población de 15 años o más (miles);;90,7
2023;Catalunya;al escribir mensajes de móvil;total;catalán y otra lengua (o lenguas);población de 15 años o más (miles);;34,0
2023;Catalunya;al escribir mensajes de móvil;total;castellano y otra lengua (o lenguas);población de 15 años o más (miles);;394,4
2023;Catalunya;al escribir mensajes de móvil;total;otras combinaciones de lenguas;población de 15 años o más (miles);;144,3
2023;Catalunya;al escribir mensajes de móvil;total;No consta;población de 15 años o más (miles);;552,1
2023;Catalunya;al escribir mensajes de móvil;total;total;población de 15 años o más (miles);;6785,1
2023;Catalunya;al hacer publicaciones en las redes sociales;Cataluña;solo catalán;población de 15 años o más (miles);;603,1
2023;Catalunya;al hacer publicaciones en las redes sociales;Cataluña;más catalán que castellano;población de 15 años o más (miles);;231,6
2023;Catalunya;al hacer publicaciones en las redes sociales;Cataluña;catalán y castellano;población de 15 años o más (miles);;334,6
2023;Catalunya;al hacer publicaciones en las redes sociales;Cataluña;más castellano que catalán;población de 15 años o más (miles);;287,5
2023;Catalunya;al hacer publicaciones en las redes sociales;Cataluña;solo castellano;población de 15 años o más (miles);;865,6
2023;Catalunya;al hacer publicaciones en las redes sociales;Cataluña;otra lengua (o lenguas);población de 15 años o más (miles);;21,6
2023;Catalunya;al hacer publicaciones en las redes sociales;Cataluña;catalán y otra lengua (o lenguas);población de 15 años o más (miles);;45,6
2023;Catalunya;al hacer publicaciones en las redes sociales;Cataluña;castellano y otra lengua (o lenguas);población de 15 años o más (miles);;50,0
2023;Catalunya;al hacer publicaciones en las redes sociales;Cataluña;otras combinaciones de lenguas;población de 15 años o más (miles);;74,3
2023;Catalunya;al hacer publicaciones en las redes sociales;Cataluña;No consta;población de 15 años o más (miles);;107,0
2023;Catalunya;al hacer publicaciones en las redes sociales;Cataluña;total;población de 15 años o más (miles);;2620,9
2023;Catalunya;al hacer publicaciones en las redes sociales;resto de España;solo catalán;población de 15 años o más (miles);;19,2
2023;Catalunya;al hacer publicaciones en las redes sociales;resto de España;más catalán que castellano;población de 15 años o más (miles);..;null
2023;Catalunya;al hacer publicaciones en las redes sociales;resto de España;catalán y castellano;población de 15 años o más (miles);;54,3
2023;Catalunya;al hacer publicaciones en las redes sociales;resto de España;más castellano que catalán;población de 15 años o más (miles);;34,6
2023;Catalunya;al hacer publicaciones en las redes sociales;resto de España;solo castellano;población de 15 años o más (miles);;320,3
2023;Catalunya;al hacer publicaciones en las redes sociales;resto de España;otra lengua (o lenguas);población de 15 años o más (miles);..;null
2023;Catalunya;al hacer publicaciones en las redes sociales;resto de España;catalán y otra lengua (o lenguas);población de 15 años o más (miles);..;null
2023;Catalunya;al hacer publicaciones en las redes sociales;resto de España;castellano y otra lengua (o lenguas);población de 15 años o más (miles);..;null
2023;Catalunya;al hacer publicaciones en las redes sociales;resto de España;otras combinaciones de lenguas;población de 15 años o más (miles);..;null
2023;Catalunya;al hacer publicaciones en las redes sociales;resto de España;No consta;población de 15 años o más (miles);;32,4
2023;Catalunya;al hacer publicaciones en las redes sociales;resto de España;total;población de 15 años o más (miles);;494,6
2023;Catalunya;al hacer publicaciones en las redes sociales;extranjero;solo catalán;población de 15 años o más (miles);;19,1
2023;Catalunya;al hacer publicaciones en las redes sociales;extranjero;más catalán que castellano;población de 15 años o más (miles);..;null
2023;Catalunya;al hacer publicaciones en las redes sociales;extranjero;catalán y castellano;población de 15 años o más (miles);;45,1
2023;Catalunya;al hacer publicaciones en las redes sociales;extranjero;más castellano que catalán;población de 15 años o más (miles);;64,6
2023;Catalunya;al hacer publicaciones en las redes sociales;extranjero;solo castellano;población de 15 años o más (miles);;711,8
2023;Catalunya;al hacer publicaciones en las redes sociales;extranjero;otra lengua (o lenguas);población de 15 años o más (miles);;109,2
2023;Catalunya;al hacer publicaciones en las redes sociales;extranjero;catalán y otra lengua (o lenguas);población de 15 años o más (miles);..;null
2023;Catalunya;al hacer publicaciones en las redes sociales;extranjero;castellano y otra lengua (o lenguas);población de 15 años o más (miles);;237,3
2023;Catalunya;al hacer publicaciones en las redes sociales;extranjero;otras combinaciones de lenguas;población de 15 años o más (miles);;32,9
2023;Catalunya;al hacer publicaciones en las redes sociales;extranjero;No consta;población de 15 años o más (miles);;30,1
2023;Catalunya;al hacer publicaciones en las redes sociales;extranjero;total;población de 15 años o más (miles);;1266,1
2023;Catalunya;al hacer publicaciones en las redes sociales;total;solo catalán;población de 15 años o más (miles);;641,3
2023;Catalunya;al hacer publicaciones en las redes sociales;total;más catalán que castellano;población de 15 años o más (miles);;256,3
2023;Catalunya;al hacer publicaciones en las redes sociales;total;catalán y castellano;población de 15 años o más (miles);;434,1
2023;Catalunya;al hacer publicaciones en las redes sociales;total;más castellano que catalán;población de 15 años o más (miles);;386,7
2023;Catalunya;al hacer publicaciones en las redes sociales;total;solo castellano;población de 15 años o más (miles);;1897,7
2023;Catalunya;al hacer publicaciones en las redes sociales;total;otra lengua (o lenguas);población de 15 años o más (miles);;132,3
2023;Catalunya;al hacer publicaciones en las redes sociales;total;catalán y otra lengua (o lenguas);población de 15 años o más (miles);;52,5
2023;Catalunya;al hacer publicaciones en las redes sociales;total;castellano y otra lengua (o lenguas);población de 15 años o más (miles);;300,5
2023;Catalunya;al hacer publicaciones en las redes sociales;total;otras combinaciones de lenguas;población de 15 años o más (miles);;110,7
2023;Catalunya;al hacer publicaciones en las redes sociales;total;No consta;población de 15 años o más (miles);;169,5
2023;Catalunya;al hacer publicaciones en las redes sociales;total;total;población de 15 años o más (miles);;4381,6
