año;Cataluña;ámbitos de uso de la lengua;sexo;usos lingüísticos;concepto;estado;valor
2013;Catalunya;con los miembros del hogar;hombres;solo catalán;población de 15 años o más (miles);;767,4
2013;Catalunya;con los miembros del hogar;hombres;más catalán que castellano;población de 15 años o más (miles);;131,4
2013;Catalunya;con los miembros del hogar;hombres;catalán y castellano;población de 15 años o más (miles);;217,1
2013;Catalunya;con los miembros del hogar;hombres;más castellano que catalán;población de 15 años o más (miles);;285,5
2013;Catalunya;con los miembros del hogar;hombres;solo castellano;población de 15 años o más (miles);;1053,0
2013;Catalunya;con los miembros del hogar;hombres;otra lengua (o lenguas);población de 15 años o más (miles);;158,2
2013;Catalunya;con los miembros del hogar;hombres;catalán y otra lengua (o lenguas);población de 15 años o más (miles);;12,9
2013;Catalunya;con los miembros del hogar;hombres;castellano y otra lengua (o lenguas);población de 15 años o más (miles);;117,6
2013;Catalunya;con los miembros del hogar;hombres;otras combinaciones de lenguas;población de 15 años o más (miles);;30,3
2013;Catalunya;con los miembros del hogar;hombres;No consta;población de 15 años o más (miles);..;null
2013;Catalunya;con los miembros del hogar;hombres;total;población de 15 años o más (miles);;2777,1
2013;Catalunya;con los miembros del hogar;mujeres;solo catalán;población de 15 años o más (miles);;733,2
2013;Catalunya;con los miembros del hogar;mujeres;más catalán que castellano;población de 15 años o más (miles);;161,8
2013;Catalunya;con los miembros del hogar;mujeres;catalán y castellano;población de 15 años o más (miles);;235,3
2013;Catalunya;con los miembros del hogar;mujeres;más castellano que catalán;población de 15 años o más (miles);;279,2
2013;Catalunya;con los miembros del hogar;mujeres;solo castellano;población de 15 años o más (miles);;1176,9
2013;Catalunya;con los miembros del hogar;mujeres;otra lengua (o lenguas);población de 15 años o más (miles);;101,5
2013;Catalunya;con los miembros del hogar;mujeres;catalán y otra lengua (o lenguas);población de 15 años o más (miles);;17,2
2013;Catalunya;con los miembros del hogar;mujeres;castellano y otra lengua (o lenguas);población de 15 años o más (miles);;99,3
2013;Catalunya;con los miembros del hogar;mujeres;otras combinaciones de lenguas;población de 15 años o más (miles);;42,5
2013;Catalunya;con los miembros del hogar;mujeres;No consta;población de 15 años o más (miles);..;null
2013;Catalunya;con los miembros del hogar;mujeres;total;población de 15 años o más (miles);;2849,5
2013;Catalunya;con los miembros del hogar;total;solo catalán;población de 15 años o más (miles);;1500,6
2013;Catalunya;con los miembros del hogar;total;más catalán que castellano;población de 15 años o más (miles);;293,2
2013;Catalunya;con los miembros del hogar;total;catalán y castellano;población de 15 años o más (miles);;452,4
2013;Catalunya;con los miembros del hogar;total;más castellano que catalán;población de 15 años o más (miles);;564,7
2013;Catalunya;con los miembros del hogar;total;solo castellano;población de 15 años o más (miles);;2229,9
2013;Catalunya;con los miembros del hogar;total;otra lengua (o lenguas);población de 15 años o más (miles);;259,7
2013;Catalunya;con los miembros del hogar;total;catalán y otra lengua (o lenguas);población de 15 años o más (miles);;30,1
2013;Catalunya;con los miembros del hogar;total;castellano y otra lengua (o lenguas);población de 15 años o más (miles);;216,9
2013;Catalunya;con los miembros del hogar;total;otras combinaciones de lenguas;población de 15 años o más (miles);;72,8
2013;Catalunya;con los miembros del hogar;total;No consta;población de 15 años o más (miles);..;null
2013;Catalunya;con los miembros del hogar;total;total;población de 15 años o más (miles);;5626,6
2013;Catalunya;con los amigos;hombres;solo catalán;población de 15 años o más (miles);;456,0
2013;Catalunya;con los amigos;hombres;más catalán que castellano;población de 15 años o más (miles);;488,8
2013;Catalunya;con los amigos;hombres;catalán y castellano;población de 15 años o más (miles);;457,7
2013;Catalunya;con los amigos;hombres;más castellano que catalán;población de 15 años o más (miles);;416,5
2013;Catalunya;con los amigos;hombres;solo castellano;población de 15 años o más (miles);;867,7
2013;Catalunya;con los amigos;hombres;otra lengua (o lenguas);población de 15 años o más (miles);;64,1
2013;Catalunya;con los amigos;hombres;catalán y otra lengua (o lenguas);población de 15 años o más (miles);;10,8
2013;Catalunya;con los amigos;hombres;castellano y otra lengua (o lenguas);población de 15 años o más (miles);;193,4
2013;Catalunya;con los amigos;hombres;otras combinaciones de lenguas;población de 15 años o más (miles);;80,7
2013;Catalunya;con los amigos;hombres;No consta;población de 15 años o más (miles);..;null
2013;Catalunya;con los amigos;hombres;total;población de 15 años o más (miles);;3044,9
2013;Catalunya;con los amigos;mujeres;solo catalán;población de 15 años o más (miles);;483,6
2013;Catalunya;con los amigos;mujeres;más catalán que castellano;población de 15 años o más (miles);;502,6
2013;Catalunya;con los amigos;mujeres;catalán y castellano;población de 15 años o más (miles);;525,1
2013;Catalunya;con los amigos;mujeres;más castellano que catalán;población de 15 años o más (miles);;402,3
2013;Catalunya;con los amigos;mujeres;solo castellano;población de 15 años o más (miles);;1049,9
2013;Catalunya;con los amigos;mujeres;otra lengua (o lenguas);población de 15 años o más (miles);;44,3
2013;Catalunya;con los amigos;mujeres;catalán y otra lengua (o lenguas);población de 15 años o más (miles);..;null
2013;Catalunya;con los amigos;mujeres;castellano y otra lengua (o lenguas);población de 15 años o más (miles);;117,9
2013;Catalunya;con los amigos;mujeres;otras combinaciones de lenguas;población de 15 años o más (miles);;63,3
2013;Catalunya;con los amigos;mujeres;No consta;población de 15 años o más (miles);..;null
2013;Catalunya;con los amigos;mujeres;total;población de 15 años o más (miles);;3208,9
2013;Catalunya;con los amigos;total;solo catalán;población de 15 años o más (miles);;939,6
2013;Catalunya;con los amigos;total;más catalán que castellano;población de 15 años o más (miles);;991,4
2013;Catalunya;con los amigos;total;catalán y castellano;población de 15 años o más (miles);;982,8
2013;Catalunya;con los amigos;total;más castellano que catalán;población de 15 años o más (miles);;818,8
2013;Catalunya;con los amigos;total;solo castellano;población de 15 años o más (miles);;1917,6
2013;Catalunya;con los amigos;total;otra lengua (o lenguas);población de 15 años o más (miles);;108,4
2013;Catalunya;con los amigos;total;catalán y otra lengua (o lenguas);población de 15 años o más (miles);;17,4
2013;Catalunya;con los amigos;total;castellano y otra lengua (o lenguas);población de 15 años o más (miles);;311,3
2013;Catalunya;con los amigos;total;otras combinaciones de lenguas;población de 15 años o más (miles);;144,0
2013;Catalunya;con los amigos;total;No consta;población de 15 años o más (miles);;22,4
2013;Catalunya;con los amigos;total;total;población de 15 años o más (miles);;6253,8
2013;Catalunya;con los vecinos;hombres;solo catalán;población de 15 años o más (miles);;514,7
2013;Catalunya;con los vecinos;hombres;más catalán que castellano;población de 15 años o más (miles);;456,6
2013;Catalunya;con los vecinos;hombres;catalán y castellano;población de 15 años o más (miles);;474,7
2013;Catalunya;con los vecinos;hombres;más castellano que catalán;población de 15 años o más (miles);;356,5
2013;Catalunya;con los vecinos;hombres;solo castellano;población de 15 años o más (miles);;1110,2
2013;Catalunya;con los vecinos;hombres;otra lengua (o lenguas);población de 15 años o más (miles);;20,5
2013;Catalunya;con los vecinos;hombres;catalán y otra lengua (o lenguas);población de 15 años o más (miles);..;null
2013;Catalunya;con los vecinos;hombres;castellano y otra lengua (o lenguas);población de 15 años o más (miles);;46,0
2013;Catalunya;con los vecinos;hombres;otras combinaciones de lenguas;población de 15 años o más (miles);;17,0
2013;Catalunya;con los vecinos;hombres;No consta;población de 15 años o más (miles);;47,2
2013;Catalunya;con los vecinos;hombres;total;población de 15 años o más (miles);;3044,9
2013;Catalunya;con los vecinos;mujeres;solo catalán;población de 15 años o más (miles);;566,5
2013;Catalunya;con los vecinos;mujeres;más catalán que castellano;población de 15 años o más (miles);;458,5
2013;Catalunya;con los vecinos;mujeres;catalán y castellano;población de 15 años o más (miles);;504,6
2013;Catalunya;con los vecinos;mujeres;más castellano que catalán;población de 15 años o más (miles);;359,4
2013;Catalunya;con los vecinos;mujeres;solo castellano;población de 15 años o más (miles);;1237,4
2013;Catalunya;con los vecinos;mujeres;otra lengua (o lenguas);población de 15 años o más (miles);;12,8
2013;Catalunya;con los vecinos;mujeres;catalán y otra lengua (o lenguas);población de 15 años o más (miles);..;null
2013;Catalunya;con los vecinos;mujeres;castellano y otra lengua (o lenguas);población de 15 años o más (miles);;16,6
2013;Catalunya;con los vecinos;mujeres;otras combinaciones de lenguas;población de 15 años o más (miles);;8,7
2013;Catalunya;con los vecinos;mujeres;No consta;población de 15 años o más (miles);;42,2
2013;Catalunya;con los vecinos;mujeres;total;población de 15 años o más (miles);;3208,9
2013;Catalunya;con los vecinos;total;solo catalán;población de 15 años o más (miles);;1081,2
2013;Catalunya;con los vecinos;total;más catalán que castellano;población de 15 años o más (miles);;915,1
2013;Catalunya;con los vecinos;total;catalán y castellano;población de 15 años o más (miles);;979,3
2013;Catalunya;con los vecinos;total;más castellano que catalán;población de 15 años o más (miles);;715,9
2013;Catalunya;con los vecinos;total;solo castellano;población de 15 años o más (miles);;2347,6
2013;Catalunya;con los vecinos;total;otra lengua (o lenguas);población de 15 años o más (miles);;33,3
2013;Catalunya;con los vecinos;total;catalán y otra lengua (o lenguas);población de 15 años o más (miles);;3,7
2013;Catalunya;con los vecinos;total;castellano y otra lengua (o lenguas);población de 15 años o más (miles);;62,6
2013;Catalunya;con los vecinos;total;otras combinaciones de lenguas;población de 15 años o más (miles);;25,7
2013;Catalunya;con los vecinos;total;No consta;población de 15 años o más (miles);;89,4
2013;Catalunya;con los vecinos;total;total;población de 15 años o más (miles);;6253,8
2013;Catalunya;con los compañeros de estudio;hombres;solo catalán;población de 15 años o más (miles);;101,2
2013;Catalunya;con los compañeros de estudio;hombres;más catalán que castellano;población de 15 años o más (miles);;127,9
2013;Catalunya;con los compañeros de estudio;hombres;catalán y castellano;población de 15 años o más (miles);;95,0
2013;Catalunya;con los compañeros de estudio;hombres;más castellano que catalán;población de 15 años o más (miles);;74,2
2013;Catalunya;con los compañeros de estudio;hombres;solo castellano;población de 15 años o más (miles);;102,9
2013;Catalunya;con los compañeros de estudio;hombres;otra lengua (o lenguas);población de 15 años o más (miles);..;null
2013;Catalunya;con los compañeros de estudio;hombres;catalán y otra lengua (o lenguas);población de 15 años o más (miles);..;null
2013;Catalunya;con los compañeros de estudio;hombres;castellano y otra lengua (o lenguas);población de 15 años o más (miles);..;null
2013;Catalunya;con los compañeros de estudio;hombres;otras combinaciones de lenguas;población de 15 años o más (miles);..;null
2013;Catalunya;con los compañeros de estudio;hombres;No consta;población de 15 años o más (miles);..;null
2013;Catalunya;con los compañeros de estudio;hombres;total;población de 15 años o más (miles);;550,4
2013;Catalunya;con los compañeros de estudio;mujeres;solo catalán;población de 15 años o más (miles);;125,4
2013;Catalunya;con los compañeros de estudio;mujeres;más catalán que castellano;población de 15 años o más (miles);;119,4
2013;Catalunya;con los compañeros de estudio;mujeres;catalán y castellano;población de 15 años o más (miles);;97,5
2013;Catalunya;con los compañeros de estudio;mujeres;más castellano que catalán;población de 15 años o más (miles);;82,5
2013;Catalunya;con los compañeros de estudio;mujeres;solo castellano;población de 15 años o más (miles);;80,2
2013;Catalunya;con los compañeros de estudio;mujeres;otra lengua (o lenguas);población de 15 años o más (miles);..;null
2013;Catalunya;con los compañeros de estudio;mujeres;catalán y otra lengua (o lenguas);población de 15 años o más (miles);..;null
2013;Catalunya;con los compañeros de estudio;mujeres;castellano y otra lengua (o lenguas);población de 15 años o más (miles);..;null
2013;Catalunya;con los compañeros de estudio;mujeres;otras combinaciones de lenguas;población de 15 años o más (miles);;13,1
2013;Catalunya;con los compañeros de estudio;mujeres;No consta;población de 15 años o más (miles);..;null
2013;Catalunya;con los compañeros de estudio;mujeres;total;población de 15 años o más (miles);;553,4
2013;Catalunya;con los compañeros de estudio;total;solo catalán;población de 15 años o más (miles);;226,6
2013;Catalunya;con los compañeros de estudio;total;más catalán que castellano;población de 15 años o más (miles);;247,3
2013;Catalunya;con los compañeros de estudio;total;catalán y castellano;población de 15 años o más (miles);;192,5
2013;Catalunya;con los compañeros de estudio;total;más castellano que catalán;población de 15 años o más (miles);;156,6
2013;Catalunya;con los compañeros de estudio;total;solo castellano;población de 15 años o más (miles);;183,1
2013;Catalunya;con los compañeros de estudio;total;otra lengua (o lenguas);población de 15 años o más (miles);;18,2
2013;Catalunya;con los compañeros de estudio;total;catalán y otra lengua (o lenguas);población de 15 años o más (miles);;19,1
2013;Catalunya;con los compañeros de estudio;total;castellano y otra lengua (o lenguas);población de 15 años o más (miles);;21,3
2013;Catalunya;con los compañeros de estudio;total;otras combinaciones de lenguas;población de 15 años o más (miles);;28,0
2013;Catalunya;con los compañeros de estudio;total;No consta;población de 15 años o más (miles);..;null
2013;Catalunya;con los compañeros de estudio;total;total;población de 15 años o más (miles);;1103,8
2013;Catalunya;con los compañeros de trabajo;hombres;solo catalán;población de 15 años o más (miles);;233,8
2013;Catalunya;con los compañeros de trabajo;hombres;más catalán que castellano;población de 15 años o más (miles);;228,6
2013;Catalunya;con los compañeros de trabajo;hombres;catalán y castellano;población de 15 años o más (miles);;253,8
2013;Catalunya;con los compañeros de trabajo;hombres;más castellano que catalán;población de 15 años o más (miles);;234,9
2013;Catalunya;con los compañeros de trabajo;hombres;solo castellano;población de 15 años o más (miles);;404,4
2013;Catalunya;con los compañeros de trabajo;hombres;otra lengua (o lenguas);población de 15 años o más (miles);..;null
2013;Catalunya;con los compañeros de trabajo;hombres;catalán y otra lengua (o lenguas);población de 15 años o más (miles);..;null
2013;Catalunya;con los compañeros de trabajo;hombres;castellano y otra lengua (o lenguas);población de 15 años o más (miles);;41,3
2013;Catalunya;con los compañeros de trabajo;hombres;otras combinaciones de lenguas;población de 15 años o más (miles);;51,5
2013;Catalunya;con los compañeros de trabajo;hombres;No consta;población de 15 años o más (miles);;73,0
2013;Catalunya;con los compañeros de trabajo;hombres;total;población de 15 años o más (miles);;1536,4
2013;Catalunya;con los compañeros de trabajo;mujeres;solo catalán;población de 15 años o más (miles);;258,6
2013;Catalunya;con los compañeros de trabajo;mujeres;más catalán que castellano;población de 15 años o más (miles);;254,0
2013;Catalunya;con los compañeros de trabajo;mujeres;catalán y castellano;población de 15 años o más (miles);;251,8
2013;Catalunya;con los compañeros de trabajo;mujeres;más castellano que catalán;población de 15 años o más (miles);;164,8
2013;Catalunya;con los compañeros de trabajo;mujeres;solo castellano;población de 15 años o más (miles);;365,3
2013;Catalunya;con los compañeros de trabajo;mujeres;otra lengua (o lenguas);población de 15 años o más (miles);;14,7
2013;Catalunya;con los compañeros de trabajo;mujeres;catalán y otra lengua (o lenguas);población de 15 años o más (miles);..;null
2013;Catalunya;con los compañeros de trabajo;mujeres;castellano y otra lengua (o lenguas);población de 15 años o más (miles);;17,9
2013;Catalunya;con los compañeros de trabajo;mujeres;otras combinaciones de lenguas;población de 15 años o más (miles);;23,6
2013;Catalunya;con los compañeros de trabajo;mujeres;No consta;población de 15 años o más (miles);;67,6
2013;Catalunya;con los compañeros de trabajo;mujeres;total;población de 15 años o más (miles);;1419,9
2013;Catalunya;con los compañeros de trabajo;total;solo catalán;población de 15 años o más (miles);;492,4
2013;Catalunya;con los compañeros de trabajo;total;más catalán que castellano;población de 15 años o más (miles);;482,6
2013;Catalunya;con los compañeros de trabajo;total;catalán y castellano;población de 15 años o más (miles);;505,6
2013;Catalunya;con los compañeros de trabajo;total;más castellano que catalán;población de 15 años o más (miles);;399,8
2013;Catalunya;con los compañeros de trabajo;total;solo castellano;población de 15 años o más (miles);;769,7
2013;Catalunya;con los compañeros de trabajo;total;otra lengua (o lenguas);población de 15 años o más (miles);;27,2
2013;Catalunya;con los compañeros de trabajo;total;catalán y otra lengua (o lenguas);población de 15 años o más (miles);..;null
2013;Catalunya;con los compañeros de trabajo;total;castellano y otra lengua (o lenguas);población de 15 años o más (miles);;59,2
2013;Catalunya;con los compañeros de trabajo;total;otras combinaciones de lenguas;población de 15 años o más (miles);;75,1
2013;Catalunya;con los compañeros de trabajo;total;No consta;población de 15 años o más (miles);;140,6
2013;Catalunya;con los compañeros de trabajo;total;total;población de 15 años o más (miles);;2956,3
2013;Catalunya;con usuarios o clientes de Cataluña;hombres;solo catalán;población de 15 años o más (miles);;159,8
2013;Catalunya;con usuarios o clientes de Cataluña;hombres;más catalán que castellano;población de 15 años o más (miles);;348,6
2013;Catalunya;con usuarios o clientes de Cataluña;hombres;catalán y castellano;población de 15 años o más (miles);;320,6
2013;Catalunya;con usuarios o clientes de Cataluña;hombres;más castellano que catalán;población de 15 años o más (miles);;204,1
2013;Catalunya;con usuarios o clientes de Cataluña;hombres;solo castellano;población de 15 años o más (miles);;270,0
2013;Catalunya;con usuarios o clientes de Cataluña;hombres;otra lengua (o lenguas);población de 15 años o más (miles);..;null
2013;Catalunya;con usuarios o clientes de Cataluña;hombres;catalán y otra lengua (o lenguas);población de 15 años o más (miles);..;null
2013;Catalunya;con usuarios o clientes de Cataluña;hombres;castellano y otra lengua (o lenguas);población de 15 años o más (miles);;23,6
2013;Catalunya;con usuarios o clientes de Cataluña;hombres;otras combinaciones de lenguas;población de 15 años o más (miles);;29,8
2013;Catalunya;con usuarios o clientes de Cataluña;hombres;No consta;población de 15 años o más (miles);..;null
2013;Catalunya;con usuarios o clientes de Cataluña;hombres;total;población de 15 años o más (miles);;1374,5
2013;Catalunya;con usuarios o clientes de Cataluña;mujeres;solo catalán;población de 15 años o más (miles);;180,3
2013;Catalunya;con usuarios o clientes de Cataluña;mujeres;más catalán que castellano;población de 15 años o más (miles);;387,8
2013;Catalunya;con usuarios o clientes de Cataluña;mujeres;catalán y castellano;población de 15 años o más (miles);;319,7
2013;Catalunya;con usuarios o clientes de Cataluña;mujeres;más castellano que catalán;población de 15 años o más (miles);;137,4
2013;Catalunya;con usuarios o clientes de Cataluña;mujeres;solo castellano;población de 15 años o más (miles);;225,1
2013;Catalunya;con usuarios o clientes de Cataluña;mujeres;otra lengua (o lenguas);población de 15 años o más (miles);..;null
2013;Catalunya;con usuarios o clientes de Cataluña;mujeres;catalán y otra lengua (o lenguas);población de 15 años o más (miles);..;null
2013;Catalunya;con usuarios o clientes de Cataluña;mujeres;castellano y otra lengua (o lenguas);población de 15 años o más (miles);;22,6
2013;Catalunya;con usuarios o clientes de Cataluña;mujeres;otras combinaciones de lenguas;población de 15 años o más (miles);;32,0
2013;Catalunya;con usuarios o clientes de Cataluña;mujeres;No consta;población de 15 años o más (miles);..;null
2013;Catalunya;con usuarios o clientes de Cataluña;mujeres;total;población de 15 años o más (miles);;1323,5
2013;Catalunya;con usuarios o clientes de Cataluña;total;solo catalán;población de 15 años o más (miles);;340,1
2013;Catalunya;con usuarios o clientes de Cataluña;total;más catalán que castellano;población de 15 años o más (miles);;736,4
2013;Catalunya;con usuarios o clientes de Cataluña;total;catalán y castellano;población de 15 años o más (miles);;640,3
2013;Catalunya;con usuarios o clientes de Cataluña;total;más castellano que catalán;población de 15 años o más (miles);;341,5
2013;Catalunya;con usuarios o clientes de Cataluña;total;solo castellano;población de 15 años o más (miles);;495,1
2013;Catalunya;con usuarios o clientes de Cataluña;total;otra lengua (o lenguas);población de 15 años o más (miles);;17,4
2013;Catalunya;con usuarios o clientes de Cataluña;total;catalán y otra lengua (o lenguas);población de 15 años o más (miles);;11,3
2013;Catalunya;con usuarios o clientes de Cataluña;total;castellano y otra lengua (o lenguas);población de 15 años o más (miles);;46,2
2013;Catalunya;con usuarios o clientes de Cataluña;total;otras combinaciones de lenguas;población de 15 años o más (miles);;61,8
2013;Catalunya;con usuarios o clientes de Cataluña;total;No consta;población de 15 años o más (miles);..;null
2013;Catalunya;con usuarios o clientes de Cataluña;total;total;población de 15 años o más (miles);;2698,0
2013;Catalunya;con los compañeros de deporte;hombres;solo catalán;población de 15 años o más (miles);..;null
2013;Catalunya;con los compañeros de deporte;hombres;más catalán que castellano;población de 15 años o más (miles);..;null
2013;Catalunya;con los compañeros de deporte;hombres;catalán y castellano;población de 15 años o más (miles);..;null
2013;Catalunya;con los compañeros de deporte;hombres;más castellano que catalán;población de 15 años o más (miles);..;null
2013;Catalunya;con los compañeros de deporte;hombres;solo castellano;población de 15 años o más (miles);..;null
2013;Catalunya;con los compañeros de deporte;hombres;otra lengua (o lenguas);población de 15 años o más (miles);..;null
2013;Catalunya;con los compañeros de deporte;hombres;catalán y otra lengua (o lenguas);población de 15 años o más (miles);..;null
2013;Catalunya;con los compañeros de deporte;hombres;castellano y otra lengua (o lenguas);población de 15 años o más (miles);..;null
2013;Catalunya;con los compañeros de deporte;hombres;otras combinaciones de lenguas;población de 15 años o más (miles);..;null
2013;Catalunya;con los compañeros de deporte;hombres;No consta;población de 15 años o más (miles);..;null
2013;Catalunya;con los compañeros de deporte;hombres;total;población de 15 años o más (miles);..;null
2013;Catalunya;con los compañeros de deporte;mujeres;solo catalán;población de 15 años o más (miles);..;null
2013;Catalunya;con los compañeros de deporte;mujeres;más catalán que castellano;población de 15 años o más (miles);..;null
2013;Catalunya;con los compañeros de deporte;mujeres;catalán y castellano;población de 15 años o más (miles);..;null
2013;Catalunya;con los compañeros de deporte;mujeres;más castellano que catalán;población de 15 años o más (miles);..;null
2013;Catalunya;con los compañeros de deporte;mujeres;solo castellano;población de 15 años o más (miles);..;null
2013;Catalunya;con los compañeros de deporte;mujeres;otra lengua (o lenguas);población de 15 años o más (miles);..;null
2013;Catalunya;con los compañeros de deporte;mujeres;catalán y otra lengua (o lenguas);población de 15 años o más (miles);..;null
2013;Catalunya;con los compañeros de deporte;mujeres;castellano y otra lengua (o lenguas);población de 15 años o más (miles);..;null
2013;Catalunya;con los compañeros de deporte;mujeres;otras combinaciones de lenguas;población de 15 años o más (miles);..;null
2013;Catalunya;con los compañeros de deporte;mujeres;No consta;población de 15 años o más (miles);..;null
2013;Catalunya;con los compañeros de deporte;mujeres;total;población de 15 años o más (miles);..;null
2013;Catalunya;con los compañeros de deporte;total;solo catalán;población de 15 años o más (miles);..;null
2013;Catalunya;con los compañeros de deporte;total;más catalán que castellano;población de 15 años o más (miles);..;null
2013;Catalunya;con los compañeros de deporte;total;catalán y castellano;población de 15 años o más (miles);..;null
2013;Catalunya;con los compañeros de deporte;total;más castellano que catalán;población de 15 años o más (miles);..;null
2013;Catalunya;con los compañeros de deporte;total;solo castellano;población de 15 años o más (miles);..;null
2013;Catalunya;con los compañeros de deporte;total;otra lengua (o lenguas);población de 15 años o más (miles);..;null
2013;Catalunya;con los compañeros de deporte;total;catalán y otra lengua (o lenguas);población de 15 años o más (miles);..;null
2013;Catalunya;con los compañeros de deporte;total;castellano y otra lengua (o lenguas);población de 15 años o más (miles);..;null
2013;Catalunya;con los compañeros de deporte;total;otras combinaciones de lenguas;población de 15 años o más (miles);..;null
2013;Catalunya;con los compañeros de deporte;total;No consta;población de 15 años o más (miles);..;null
2013;Catalunya;con los compañeros de deporte;total;total;población de 15 años o más (miles);..;null
2013;Catalunya;en el centro de culto;hombres;solo catalán;población de 15 años o más (miles);..;null
2013;Catalunya;en el centro de culto;hombres;más catalán que castellano;población de 15 años o más (miles);..;null
2013;Catalunya;en el centro de culto;hombres;catalán y castellano;población de 15 años o más (miles);..;null
2013;Catalunya;en el centro de culto;hombres;más castellano que catalán;población de 15 años o más (miles);..;null
2013;Catalunya;en el centro de culto;hombres;solo castellano;población de 15 años o más (miles);..;null
2013;Catalunya;en el centro de culto;hombres;otra lengua (o lenguas);población de 15 años o más (miles);..;null
2013;Catalunya;en el centro de culto;hombres;catalán y otra lengua (o lenguas);población de 15 años o más (miles);..;null
2013;Catalunya;en el centro de culto;hombres;castellano y otra lengua (o lenguas);población de 15 años o más (miles);..;null
2013;Catalunya;en el centro de culto;hombres;otras combinaciones de lenguas;población de 15 años o más (miles);..;null
2013;Catalunya;en el centro de culto;hombres;No consta;población de 15 años o más (miles);..;null
2013;Catalunya;en el centro de culto;hombres;total;población de 15 años o más (miles);..;null
2013;Catalunya;en el centro de culto;mujeres;solo catalán;población de 15 años o más (miles);..;null
2013;Catalunya;en el centro de culto;mujeres;más catalán que castellano;población de 15 años o más (miles);..;null
2013;Catalunya;en el centro de culto;mujeres;catalán y castellano;población de 15 años o más (miles);..;null
2013;Catalunya;en el centro de culto;mujeres;más castellano que catalán;población de 15 años o más (miles);..;null
2013;Catalunya;en el centro de culto;mujeres;solo castellano;población de 15 años o más (miles);..;null
2013;Catalunya;en el centro de culto;mujeres;otra lengua (o lenguas);población de 15 años o más (miles);..;null
2013;Catalunya;en el centro de culto;mujeres;catalán y otra lengua (o lenguas);población de 15 años o más (miles);..;null
2013;Catalunya;en el centro de culto;mujeres;castellano y otra lengua (o lenguas);población de 15 años o más (miles);..;null
2013;Catalunya;en el centro de culto;mujeres;otras combinaciones de lenguas;población de 15 años o más (miles);..;null
2013;Catalunya;en el centro de culto;mujeres;No consta;población de 15 años o más (miles);..;null
2013;Catalunya;en el centro de culto;mujeres;total;población de 15 años o más (miles);..;null
2013;Catalunya;en el centro de culto;total;solo catalán;población de 15 años o más (miles);..;null
2013;Catalunya;en el centro de culto;total;más catalán que castellano;población de 15 años o más (miles);..;null
2013;Catalunya;en el centro de culto;total;catalán y castellano;población de 15 años o más (miles);..;null
2013;Catalunya;en el centro de culto;total;más castellano que catalán;población de 15 años o más (miles);..;null
2013;Catalunya;en el centro de culto;total;solo castellano;población de 15 años o más (miles);..;null
2013;Catalunya;en el centro de culto;total;otra lengua (o lenguas);población de 15 años o más (miles);..;null
2013;Catalunya;en el centro de culto;total;catalán y otra lengua (o lenguas);población de 15 años o más (miles);..;null
2013;Catalunya;en el centro de culto;total;castellano y otra lengua (o lenguas);población de 15 años o más (miles);..;null
2013;Catalunya;en el centro de culto;total;otras combinaciones de lenguas;población de 15 años o más (miles);..;null
2013;Catalunya;en el centro de culto;total;No consta;población de 15 años o más (miles);..;null
2013;Catalunya;en el centro de culto;total;total;población de 15 años o más (miles);..;null
2013;Catalunya;en el pequeño comercio;hombres;solo catalán;población de 15 años o más (miles);;626,4
2013;Catalunya;en el pequeño comercio;hombres;más catalán que castellano;población de 15 años o más (miles);;546,2
2013;Catalunya;en el pequeño comercio;hombres;catalán y castellano;población de 15 años o más (miles);;463,6
2013;Catalunya;en el pequeño comercio;hombres;más castellano que catalán;población de 15 años o más (miles);;342,5
2013;Catalunya;en el pequeño comercio;hombres;solo castellano;población de 15 años o más (miles);;1001,9
2013;Catalunya;en el pequeño comercio;hombres;otra lengua (o lenguas);población de 15 años o más (miles);;5,0
2013;Catalunya;en el pequeño comercio;hombres;catalán y otra lengua (o lenguas);población de 15 años o más (miles);..;null
2013;Catalunya;en el pequeño comercio;hombres;castellano y otra lengua (o lenguas);población de 15 años o más (miles);;27,4
2013;Catalunya;en el pequeño comercio;hombres;otras combinaciones de lenguas;población de 15 años o más (miles);;6,0
2013;Catalunya;en el pequeño comercio;hombres;No consta;población de 15 años o más (miles);;24,9
2013;Catalunya;en el pequeño comercio;hombres;total;población de 15 años o más (miles);;3044,9
2013;Catalunya;en el pequeño comercio;mujeres;solo catalán;población de 15 años o más (miles);;713,4
2013;Catalunya;en el pequeño comercio;mujeres;más catalán que castellano;población de 15 años o más (miles);;558,1
2013;Catalunya;en el pequeño comercio;mujeres;catalán y castellano;población de 15 años o más (miles);;469,1
2013;Catalunya;en el pequeño comercio;mujeres;más castellano que catalán;población de 15 años o más (miles);;337,4
2013;Catalunya;en el pequeño comercio;mujeres;solo castellano;población de 15 años o más (miles);;1071,7
2013;Catalunya;en el pequeño comercio;mujeres;otra lengua (o lenguas);población de 15 años o más (miles);..;null
2013;Catalunya;en el pequeño comercio;mujeres;catalán y otra lengua (o lenguas);población de 15 años o más (miles);..;null
2013;Catalunya;en el pequeño comercio;mujeres;castellano y otra lengua (o lenguas);población de 15 años o más (miles);;10,1
2013;Catalunya;en el pequeño comercio;mujeres;otras combinaciones de lenguas;población de 15 años o más (miles);;3,6
2013;Catalunya;en el pequeño comercio;mujeres;No consta;población de 15 años o más (miles);;37,6
2013;Catalunya;en el pequeño comercio;mujeres;total;población de 15 años o más (miles);;3208,9
2013;Catalunya;en el pequeño comercio;total;solo catalán;población de 15 años o más (miles);;1339,8
2013;Catalunya;en el pequeño comercio;total;más catalán que castellano;población de 15 años o más (miles);;1104,3
2013;Catalunya;en el pequeño comercio;total;catalán y castellano;población de 15 años o más (miles);;932,6
2013;Catalunya;en el pequeño comercio;total;más castellano que catalán;población de 15 años o más (miles);;679,8
2013;Catalunya;en el pequeño comercio;total;solo castellano;población de 15 años o más (miles);;2073,6
2013;Catalunya;en el pequeño comercio;total;otra lengua (o lenguas);población de 15 años o más (miles);;12,9
2013;Catalunya;en el pequeño comercio;total;catalán y otra lengua (o lenguas);población de 15 años o más (miles);..;null
2013;Catalunya;en el pequeño comercio;total;castellano y otra lengua (o lenguas);población de 15 años o más (miles);;37,5
2013;Catalunya;en el pequeño comercio;total;otras combinaciones de lenguas;población de 15 años o más (miles);;9,7
2013;Catalunya;en el pequeño comercio;total;No consta;población de 15 años o más (miles);;62,5
2013;Catalunya;en el pequeño comercio;total;total;población de 15 años o más (miles);;6253,8
2013;Catalunya;en el gran comercio;hombres;solo catalán;población de 15 años o más (miles);;539,4
2013;Catalunya;en el gran comercio;hombres;más catalán que castellano;población de 15 años o más (miles);;489,8
2013;Catalunya;en el gran comercio;hombres;catalán y castellano;población de 15 años o más (miles);;476,5
2013;Catalunya;en el gran comercio;hombres;más castellano que catalán;población de 15 años o más (miles);;380,4
2013;Catalunya;en el gran comercio;hombres;solo castellano;población de 15 años o más (miles);;1092,8
2013;Catalunya;en el gran comercio;hombres;otra lengua (o lenguas);población de 15 años o más (miles);..;null
2013;Catalunya;en el gran comercio;hombres;catalán y otra lengua (o lenguas);población de 15 años o más (miles);..;null
2013;Catalunya;en el gran comercio;hombres;castellano y otra lengua (o lenguas);población de 15 años o más (miles);..;null
2013;Catalunya;en el gran comercio;hombres;otras combinaciones de lenguas;población de 15 años o más (miles);;2,3
2013;Catalunya;en el gran comercio;hombres;No consta;población de 15 años o más (miles);;49,5
2013;Catalunya;en el gran comercio;hombres;total;población de 15 años o más (miles);;3044,9
2013;Catalunya;en el gran comercio;mujeres;solo catalán;población de 15 años o más (miles);;576,9
2013;Catalunya;en el gran comercio;mujeres;más catalán que castellano;población de 15 años o más (miles);;494,8
2013;Catalunya;en el gran comercio;mujeres;catalán y castellano;población de 15 años o más (miles);;480,3
2013;Catalunya;en el gran comercio;mujeres;más castellano que catalán;población de 15 años o más (miles);;423,2
2013;Catalunya;en el gran comercio;mujeres;solo castellano;población de 15 años o más (miles);;1151,9
2013;Catalunya;en el gran comercio;mujeres;otra lengua (o lenguas);población de 15 años o más (miles);..;null
2013;Catalunya;en el gran comercio;mujeres;catalán y otra lengua (o lenguas);población de 15 años o más (miles);..;null
2013;Catalunya;en el gran comercio;mujeres;castellano y otra lengua (o lenguas);población de 15 años o más (miles);..;null
2013;Catalunya;en el gran comercio;mujeres;otras combinaciones de lenguas;población de 15 años o más (miles);;3,4
2013;Catalunya;en el gran comercio;mujeres;No consta;población de 15 años o más (miles);;71,3
2013;Catalunya;en el gran comercio;mujeres;total;población de 15 años o más (miles);;3208,9
2013;Catalunya;en el gran comercio;total;solo catalán;población de 15 años o más (miles);;1116,4
2013;Catalunya;en el gran comercio;total;más catalán que castellano;población de 15 años o más (miles);;984,6
2013;Catalunya;en el gran comercio;total;catalán y castellano;población de 15 años o más (miles);;956,8
2013;Catalunya;en el gran comercio;total;más castellano que catalán;población de 15 años o más (miles);;803,6
2013;Catalunya;en el gran comercio;total;solo castellano;población de 15 años o más (miles);;2244,7
2013;Catalunya;en el gran comercio;total;otra lengua (o lenguas);población de 15 años o más (miles);..;null
2013;Catalunya;en el gran comercio;total;catalán y otra lengua (o lenguas);población de 15 años o más (miles);..;null
2013;Catalunya;en el gran comercio;total;castellano y otra lengua (o lenguas);población de 15 años o más (miles);;6,4
2013;Catalunya;en el gran comercio;total;otras combinaciones de lenguas;población de 15 años o más (miles);;5,7
2013;Catalunya;en el gran comercio;total;No consta;población de 15 años o más (miles);;120,8
2013;Catalunya;en el gran comercio;total;total;población de 15 años o más (miles);;6253,8
2013;Catalunya;en la entidad financiera;hombres;solo catalán;población de 15 años o más (miles);;927,6
2013;Catalunya;en la entidad financiera;hombres;más catalán que castellano;población de 15 años o más (miles);;338,8
2013;Catalunya;en la entidad financiera;hombres;catalán y castellano;población de 15 años o más (miles);;369,6
2013;Catalunya;en la entidad financiera;hombres;más castellano que catalán;población de 15 años o más (miles);;255,0
2013;Catalunya;en la entidad financiera;hombres;solo castellano;población de 15 años o más (miles);;1062,5
2013;Catalunya;en la entidad financiera;hombres;otra lengua (o lenguas);población de 15 años o más (miles);;5,8
2013;Catalunya;en la entidad financiera;hombres;catalán y otra lengua (o lenguas);población de 15 años o más (miles);..;null
2013;Catalunya;en la entidad financiera;hombres;castellano y otra lengua (o lenguas);población de 15 años o más (miles);..;null
2013;Catalunya;en la entidad financiera;hombres;otras combinaciones de lenguas;población de 15 años o más (miles);..;null
2013;Catalunya;en la entidad financiera;hombres;No consta;población de 15 años o más (miles);;76,6
2013;Catalunya;en la entidad financiera;hombres;total;población de 15 años o más (miles);;3044,9
2013;Catalunya;en la entidad financiera;mujeres;solo catalán;población de 15 años o más (miles);;991,3
2013;Catalunya;en la entidad financiera;mujeres;más catalán que castellano;población de 15 años o más (miles);;383,4
2013;Catalunya;en la entidad financiera;mujeres;catalán y castellano;población de 15 años o más (miles);;347,8
2013;Catalunya;en la entidad financiera;mujeres;más castellano que catalán;población de 15 años o más (miles);;230,5
2013;Catalunya;en la entidad financiera;mujeres;solo castellano;población de 15 años o más (miles);;1158,1
2013;Catalunya;en la entidad financiera;mujeres;otra lengua (o lenguas);población de 15 años o más (miles);..;null
2013;Catalunya;en la entidad financiera;mujeres;catalán y otra lengua (o lenguas);población de 15 años o más (miles);..;null
2013;Catalunya;en la entidad financiera;mujeres;castellano y otra lengua (o lenguas);población de 15 años o más (miles);..;null
2013;Catalunya;en la entidad financiera;mujeres;otras combinaciones de lenguas;población de 15 años o más (miles);;0,4
2013;Catalunya;en la entidad financiera;mujeres;No consta;población de 15 años o más (miles);;90,1
2013;Catalunya;en la entidad financiera;mujeres;total;población de 15 años o más (miles);;3208,9
2013;Catalunya;en la entidad financiera;total;solo catalán;población de 15 años o más (miles);;1918,8
2013;Catalunya;en la entidad financiera;total;más catalán que castellano;población de 15 años o más (miles);;722,2
2013;Catalunya;en la entidad financiera;total;catalán y castellano;población de 15 años o más (miles);;717,4
2013;Catalunya;en la entidad financiera;total;más castellano que catalán;población de 15 años o más (miles);;485,5
2013;Catalunya;en la entidad financiera;total;solo castellano;población de 15 años o más (miles);;2220,5
2013;Catalunya;en la entidad financiera;total;otra lengua (o lenguas);población de 15 años o más (miles);;9,9
2013;Catalunya;en la entidad financiera;total;catalán y otra lengua (o lenguas);población de 15 años o más (miles);;1,7
2013;Catalunya;en la entidad financiera;total;castellano y otra lengua (o lenguas);población de 15 años o más (miles);;8,0
2013;Catalunya;en la entidad financiera;total;otras combinaciones de lenguas;población de 15 años o más (miles);;2,8
2013;Catalunya;en la entidad financiera;total;No consta;población de 15 años o más (miles);;166,7
2013;Catalunya;en la entidad financiera;total;total;población de 15 años o más (miles);;6253,8
2013;Catalunya;con el personal de un restaurante o bar;hombres;solo catalán;población de 15 años o más (miles);..;null
2013;Catalunya;con el personal de un restaurante o bar;hombres;más catalán que castellano;población de 15 años o más (miles);..;null
2013;Catalunya;con el personal de un restaurante o bar;hombres;catalán y castellano;población de 15 años o más (miles);..;null
2013;Catalunya;con el personal de un restaurante o bar;hombres;más castellano que catalán;población de 15 años o más (miles);..;null
2013;Catalunya;con el personal de un restaurante o bar;hombres;solo castellano;población de 15 años o más (miles);..;null
2013;Catalunya;con el personal de un restaurante o bar;hombres;otra lengua (o lenguas);población de 15 años o más (miles);..;null
2013;Catalunya;con el personal de un restaurante o bar;hombres;catalán y otra lengua (o lenguas);población de 15 años o más (miles);..;null
2013;Catalunya;con el personal de un restaurante o bar;hombres;castellano y otra lengua (o lenguas);población de 15 años o más (miles);..;null
2013;Catalunya;con el personal de un restaurante o bar;hombres;otras combinaciones de lenguas;población de 15 años o más (miles);..;null
2013;Catalunya;con el personal de un restaurante o bar;hombres;No consta;población de 15 años o más (miles);..;null
2013;Catalunya;con el personal de un restaurante o bar;hombres;total;población de 15 años o más (miles);..;null
2013;Catalunya;con el personal de un restaurante o bar;mujeres;solo catalán;población de 15 años o más (miles);..;null
2013;Catalunya;con el personal de un restaurante o bar;mujeres;más catalán que castellano;población de 15 años o más (miles);..;null
2013;Catalunya;con el personal de un restaurante o bar;mujeres;catalán y castellano;población de 15 años o más (miles);..;null
2013;Catalunya;con el personal de un restaurante o bar;mujeres;más castellano que catalán;población de 15 años o más (miles);..;null
2013;Catalunya;con el personal de un restaurante o bar;mujeres;solo castellano;población de 15 años o más (miles);..;null
2013;Catalunya;con el personal de un restaurante o bar;mujeres;otra lengua (o lenguas);población de 15 años o más (miles);..;null
2013;Catalunya;con el personal de un restaurante o bar;mujeres;catalán y otra lengua (o lenguas);población de 15 años o más (miles);..;null
2013;Catalunya;con el personal de un restaurante o bar;mujeres;castellano y otra lengua (o lenguas);población de 15 años o más (miles);..;null
2013;Catalunya;con el personal de un restaurante o bar;mujeres;otras combinaciones de lenguas;población de 15 años o más (miles);..;null
2013;Catalunya;con el personal de un restaurante o bar;mujeres;No consta;población de 15 años o más (miles);..;null
2013;Catalunya;con el personal de un restaurante o bar;mujeres;total;población de 15 años o más (miles);..;null
2013;Catalunya;con el personal de un restaurante o bar;total;solo catalán;población de 15 años o más (miles);..;null
2013;Catalunya;con el personal de un restaurante o bar;total;más catalán que castellano;población de 15 años o más (miles);..;null
2013;Catalunya;con el personal de un restaurante o bar;total;catalán y castellano;población de 15 años o más (miles);..;null
2013;Catalunya;con el personal de un restaurante o bar;total;más castellano que catalán;población de 15 años o más (miles);..;null
2013;Catalunya;con el personal de un restaurante o bar;total;solo castellano;población de 15 años o más (miles);..;null
2013;Catalunya;con el personal de un restaurante o bar;total;otra lengua (o lenguas);población de 15 años o más (miles);..;null
2013;Catalunya;con el personal de un restaurante o bar;total;catalán y otra lengua (o lenguas);población de 15 años o más (miles);..;null
2013;Catalunya;con el personal de un restaurante o bar;total;castellano y otra lengua (o lenguas);población de 15 años o más (miles);..;null
2013;Catalunya;con el personal de un restaurante o bar;total;otras combinaciones de lenguas;población de 15 años o más (miles);..;null
2013;Catalunya;con el personal de un restaurante o bar;total;No consta;población de 15 años o más (miles);..;null
2013;Catalunya;con el personal de un restaurante o bar;total;total;población de 15 años o más (miles);..;null
2013;Catalunya;con la Administración local;hombres;solo catalán;población de 15 años o más (miles);;1153,7
2013;Catalunya;con la Administración local;hombres;más catalán que castellano;población de 15 años o más (miles);;318,7
2013;Catalunya;con la Administración local;hombres;catalán y castellano;población de 15 años o más (miles);;248,2
2013;Catalunya;con la Administración local;hombres;más castellano que catalán;población de 15 años o más (miles);;219,1
2013;Catalunya;con la Administración local;hombres;solo castellano;población de 15 años o más (miles);;970,4
2013;Catalunya;con la Administración local;hombres;otra lengua (o lenguas);población de 15 años o más (miles);;6,5
2013;Catalunya;con la Administración local;hombres;catalán y otra lengua (o lenguas);población de 15 años o más (miles);..;null
2013;Catalunya;con la Administración local;hombres;castellano y otra lengua (o lenguas);población de 15 años o más (miles);..;null
2013;Catalunya;con la Administración local;hombres;otras combinaciones de lenguas;población de 15 años o más (miles);..;null
2013;Catalunya;con la Administración local;hombres;No consta;población de 15 años o más (miles);;121,2
2013;Catalunya;con la Administración local;hombres;total;población de 15 años o más (miles);;3044,9
2013;Catalunya;con la Administración local;mujeres;solo catalán;población de 15 años o más (miles);;1191,2
2013;Catalunya;con la Administración local;mujeres;más catalán que castellano;población de 15 años o más (miles);;333,9
2013;Catalunya;con la Administración local;mujeres;catalán y castellano;población de 15 años o más (miles);;246,1
2013;Catalunya;con la Administración local;mujeres;más castellano que catalán;población de 15 años o más (miles);;197,6
2013;Catalunya;con la Administración local;mujeres;solo castellano;población de 15 años o más (miles);;1041,7
2013;Catalunya;con la Administración local;mujeres;otra lengua (o lenguas);población de 15 años o más (miles);;1,9
2013;Catalunya;con la Administración local;mujeres;catalán y otra lengua (o lenguas);población de 15 años o más (miles);..;null
2013;Catalunya;con la Administración local;mujeres;castellano y otra lengua (o lenguas);población de 15 años o más (miles);..;null
2013;Catalunya;con la Administración local;mujeres;otras combinaciones de lenguas;población de 15 años o más (miles);..;null
2013;Catalunya;con la Administración local;mujeres;No consta;población de 15 años o más (miles);;193,9
2013;Catalunya;con la Administración local;mujeres;total;población de 15 años o más (miles);;3208,9
2013;Catalunya;con la Administración local;total;solo catalán;población de 15 años o más (miles);;2344,8
2013;Catalunya;con la Administración local;total;más catalán que castellano;población de 15 años o más (miles);;652,6
2013;Catalunya;con la Administración local;total;catalán y castellano;población de 15 años o más (miles);;494,3
2013;Catalunya;con la Administración local;total;más castellano que catalán;población de 15 años o más (miles);;416,7
2013;Catalunya;con la Administración local;total;solo castellano;población de 15 años o más (miles);;2012,1
2013;Catalunya;con la Administración local;total;otra lengua (o lenguas);población de 15 años o más (miles);;8,4
2013;Catalunya;con la Administración local;total;catalán y otra lengua (o lenguas);población de 15 años o más (miles);;3,3
2013;Catalunya;con la Administración local;total;castellano y otra lengua (o lenguas);población de 15 años o más (miles);;5,9
2013;Catalunya;con la Administración local;total;otras combinaciones de lenguas;población de 15 años o más (miles);;0,5
2013;Catalunya;con la Administración local;total;No consta;población de 15 años o más (miles);;315,2
2013;Catalunya;con la Administración local;total;total;población de 15 años o más (miles);;6253,8
2013;Catalunya;con la Administración de la Generalitat de Catalunya;hombres;solo catalán;población de 15 años o más (miles);;1148,5
2013;Catalunya;con la Administración de la Generalitat de Catalunya;hombres;más catalán que castellano;población de 15 años o más (miles);;270,7
2013;Catalunya;con la Administración de la Generalitat de Catalunya;hombres;catalán y castellano;población de 15 años o más (miles);;210,8
2013;Catalunya;con la Administración de la Generalitat de Catalunya;hombres;más castellano que catalán;población de 15 años o más (miles);;209,5
2013;Catalunya;con la Administración de la Generalitat de Catalunya;hombres;solo castellano;población de 15 años o más (miles);;920,9
2013;Catalunya;con la Administración de la Generalitat de Catalunya;hombres;otra lengua (o lenguas);población de 15 años o más (miles);..;null
2013;Catalunya;con la Administración de la Generalitat de Catalunya;hombres;catalán y otra lengua (o lenguas);población de 15 años o más (miles);..;null
2013;Catalunya;con la Administración de la Generalitat de Catalunya;hombres;castellano y otra lengua (o lenguas);población de 15 años o más (miles);..;null
2013;Catalunya;con la Administración de la Generalitat de Catalunya;hombres;otras combinaciones de lenguas;población de 15 años o más (miles);..;null
2013;Catalunya;con la Administración de la Generalitat de Catalunya;hombres;No consta;población de 15 años o más (miles);;275,8
2013;Catalunya;con la Administración de la Generalitat de Catalunya;hombres;total;población de 15 años o más (miles);;3044,9
2013;Catalunya;con la Administración de la Generalitat de Catalunya;mujeres;solo catalán;población de 15 años o más (miles);;1197,2
2013;Catalunya;con la Administración de la Generalitat de Catalunya;mujeres;más catalán que castellano;población de 15 años o más (miles);;273,7
2013;Catalunya;con la Administración de la Generalitat de Catalunya;mujeres;catalán y castellano;población de 15 años o más (miles);;213,9
2013;Catalunya;con la Administración de la Generalitat de Catalunya;mujeres;más castellano que catalán;población de 15 años o más (miles);;184,6
2013;Catalunya;con la Administración de la Generalitat de Catalunya;mujeres;solo castellano;población de 15 años o más (miles);;945,4
2013;Catalunya;con la Administración de la Generalitat de Catalunya;mujeres;otra lengua (o lenguas);población de 15 años o más (miles);..;null
2013;Catalunya;con la Administración de la Generalitat de Catalunya;mujeres;catalán y otra lengua (o lenguas);población de 15 años o más (miles);..;null
2013;Catalunya;con la Administración de la Generalitat de Catalunya;mujeres;castellano y otra lengua (o lenguas);población de 15 años o más (miles);..;null
2013;Catalunya;con la Administración de la Generalitat de Catalunya;mujeres;otras combinaciones de lenguas;población de 15 años o más (miles);..;null
2013;Catalunya;con la Administración de la Generalitat de Catalunya;mujeres;No consta;población de 15 años o más (miles);;392,4
2013;Catalunya;con la Administración de la Generalitat de Catalunya;mujeres;total;población de 15 años o más (miles);;3208,9
2013;Catalunya;con la Administración de la Generalitat de Catalunya;total;solo catalán;población de 15 años o más (miles);;2345,7
2013;Catalunya;con la Administración de la Generalitat de Catalunya;total;más catalán que castellano;población de 15 años o más (miles);;544,4
2013;Catalunya;con la Administración de la Generalitat de Catalunya;total;catalán y castellano;población de 15 años o más (miles);;424,8
2013;Catalunya;con la Administración de la Generalitat de Catalunya;total;más castellano que catalán;población de 15 años o más (miles);;394,1
2013;Catalunya;con la Administración de la Generalitat de Catalunya;total;solo castellano;población de 15 años o más (miles);;1866,3
2013;Catalunya;con la Administración de la Generalitat de Catalunya;total;otra lengua (o lenguas);población de 15 años o más (miles);..;null
2013;Catalunya;con la Administración de la Generalitat de Catalunya;total;catalán y otra lengua (o lenguas);población de 15 años o más (miles);..;null
2013;Catalunya;con la Administración de la Generalitat de Catalunya;total;castellano y otra lengua (o lenguas);población de 15 años o más (miles);..;null
2013;Catalunya;con la Administración de la Generalitat de Catalunya;total;otras combinaciones de lenguas;población de 15 años o más (miles);..;null
2013;Catalunya;con la Administración de la Generalitat de Catalunya;total;No consta;población de 15 años o más (miles);;668,2
2013;Catalunya;con la Administración de la Generalitat de Catalunya;total;total;población de 15 años o más (miles);;6253,8
2013;Catalunya;con la Administración del Estado en Cataluña;hombres;solo catalán;población de 15 años o más (miles);;647,2
2013;Catalunya;con la Administración del Estado en Cataluña;hombres;más catalán que castellano;población de 15 años o más (miles);;394,8
2013;Catalunya;con la Administración del Estado en Cataluña;hombres;catalán y castellano;población de 15 años o más (miles);;341,9
2013;Catalunya;con la Administración del Estado en Cataluña;hombres;más castellano que catalán;población de 15 años o más (miles);;323,1
2013;Catalunya;con la Administración del Estado en Cataluña;hombres;solo castellano;población de 15 años o más (miles);;1175,7
2013;Catalunya;con la Administración del Estado en Cataluña;hombres;otra lengua (o lenguas);población de 15 años o más (miles);..;null
2013;Catalunya;con la Administración del Estado en Cataluña;hombres;catalán y otra lengua (o lenguas);población de 15 años o más (miles);..;null
2013;Catalunya;con la Administración del Estado en Cataluña;hombres;castellano y otra lengua (o lenguas);población de 15 años o más (miles);..;null
2013;Catalunya;con la Administración del Estado en Cataluña;hombres;otras combinaciones de lenguas;población de 15 años o más (miles);..;null
2013;Catalunya;con la Administración del Estado en Cataluña;hombres;No consta;población de 15 años o más (miles);;154,5
2013;Catalunya;con la Administración del Estado en Cataluña;hombres;total;población de 15 años o más (miles);;3044,9
2013;Catalunya;con la Administración del Estado en Cataluña;mujeres;solo catalán;población de 15 años o más (miles);;756,7
2013;Catalunya;con la Administración del Estado en Cataluña;mujeres;más catalán que castellano;población de 15 años o más (miles);;417,9
2013;Catalunya;con la Administración del Estado en Cataluña;mujeres;catalán y castellano;población de 15 años o más (miles);;343,0
2013;Catalunya;con la Administración del Estado en Cataluña;mujeres;más castellano que catalán;población de 15 años o más (miles);;302,2
2013;Catalunya;con la Administración del Estado en Cataluña;mujeres;solo castellano;población de 15 años o más (miles);;1167,7
2013;Catalunya;con la Administración del Estado en Cataluña;mujeres;otra lengua (o lenguas);población de 15 años o más (miles);..;null
2013;Catalunya;con la Administración del Estado en Cataluña;mujeres;catalán y otra lengua (o lenguas);población de 15 años o más (miles);..;null
2013;Catalunya;con la Administración del Estado en Cataluña;mujeres;castellano y otra lengua (o lenguas);población de 15 años o más (miles);..;null
2013;Catalunya;con la Administración del Estado en Cataluña;mujeres;otras combinaciones de lenguas;población de 15 años o más (miles);..;null
2013;Catalunya;con la Administración del Estado en Cataluña;mujeres;No consta;población de 15 años o más (miles);;217,7
2013;Catalunya;con la Administración del Estado en Cataluña;mujeres;total;población de 15 años o más (miles);;3208,9
2013;Catalunya;con la Administración del Estado en Cataluña;total;solo catalán;población de 15 años o más (miles);;1403,9
2013;Catalunya;con la Administración del Estado en Cataluña;total;más catalán que castellano;población de 15 años o más (miles);;812,7
2013;Catalunya;con la Administración del Estado en Cataluña;total;catalán y castellano;población de 15 años o más (miles);;684,8
2013;Catalunya;con la Administración del Estado en Cataluña;total;más castellano que catalán;población de 15 años o más (miles);;625,2
2013;Catalunya;con la Administración del Estado en Cataluña;total;solo castellano;población de 15 años o más (miles);;2343,4
2013;Catalunya;con la Administración del Estado en Cataluña;total;otra lengua (o lenguas);población de 15 años o más (miles);..;null
2013;Catalunya;con la Administración del Estado en Cataluña;total;catalán y otra lengua (o lenguas);población de 15 años o más (miles);..;null
2013;Catalunya;con la Administración del Estado en Cataluña;total;castellano y otra lengua (o lenguas);población de 15 años o más (miles);..;null
2013;Catalunya;con la Administración del Estado en Cataluña;total;otras combinaciones de lenguas;población de 15 años o más (miles);..;null
2013;Catalunya;con la Administración del Estado en Cataluña;total;No consta;población de 15 años o más (miles);;372,2
2013;Catalunya;con la Administración del Estado en Cataluña;total;total;población de 15 años o más (miles);;6253,8
2013;Catalunya;con la policía local o Mossos d'Esquadra;hombres;solo catalán;población de 15 años o más (miles);..;null
2013;Catalunya;con la policía local o Mossos d'Esquadra;hombres;más catalán que castellano;población de 15 años o más (miles);..;null
2013;Catalunya;con la policía local o Mossos d'Esquadra;hombres;catalán y castellano;población de 15 años o más (miles);..;null
2013;Catalunya;con la policía local o Mossos d'Esquadra;hombres;más castellano que catalán;población de 15 años o más (miles);..;null
2013;Catalunya;con la policía local o Mossos d'Esquadra;hombres;solo castellano;población de 15 años o más (miles);..;null
2013;Catalunya;con la policía local o Mossos d'Esquadra;hombres;otra lengua (o lenguas);población de 15 años o más (miles);..;null
2013;Catalunya;con la policía local o Mossos d'Esquadra;hombres;catalán y otra lengua (o lenguas);población de 15 años o más (miles);..;null
2013;Catalunya;con la policía local o Mossos d'Esquadra;hombres;castellano y otra lengua (o lenguas);población de 15 años o más (miles);..;null
2013;Catalunya;con la policía local o Mossos d'Esquadra;hombres;otras combinaciones de lenguas;población de 15 años o más (miles);..;null
2013;Catalunya;con la policía local o Mossos d'Esquadra;hombres;No consta;población de 15 años o más (miles);..;null
2013;Catalunya;con la policía local o Mossos d'Esquadra;hombres;total;población de 15 años o más (miles);..;null
2013;Catalunya;con la policía local o Mossos d'Esquadra;mujeres;solo catalán;población de 15 años o más (miles);..;null
2013;Catalunya;con la policía local o Mossos d'Esquadra;mujeres;más catalán que castellano;población de 15 años o más (miles);..;null
2013;Catalunya;con la policía local o Mossos d'Esquadra;mujeres;catalán y castellano;población de 15 años o más (miles);..;null
2013;Catalunya;con la policía local o Mossos d'Esquadra;mujeres;más castellano que catalán;población de 15 años o más (miles);..;null
2013;Catalunya;con la policía local o Mossos d'Esquadra;mujeres;solo castellano;población de 15 años o más (miles);..;null
2013;Catalunya;con la policía local o Mossos d'Esquadra;mujeres;otra lengua (o lenguas);población de 15 años o más (miles);..;null
2013;Catalunya;con la policía local o Mossos d'Esquadra;mujeres;catalán y otra lengua (o lenguas);población de 15 años o más (miles);..;null
2013;Catalunya;con la policía local o Mossos d'Esquadra;mujeres;castellano y otra lengua (o lenguas);población de 15 años o más (miles);..;null
2013;Catalunya;con la policía local o Mossos d'Esquadra;mujeres;otras combinaciones de lenguas;población de 15 años o más (miles);..;null
2013;Catalunya;con la policía local o Mossos d'Esquadra;mujeres;No consta;población de 15 años o más (miles);..;null
2013;Catalunya;con la policía local o Mossos d'Esquadra;mujeres;total;población de 15 años o más (miles);..;null
2013;Catalunya;con la policía local o Mossos d'Esquadra;total;solo catalán;población de 15 años o más (miles);..;null
2013;Catalunya;con la policía local o Mossos d'Esquadra;total;más catalán que castellano;población de 15 años o más (miles);..;null
2013;Catalunya;con la policía local o Mossos d'Esquadra;total;catalán y castellano;población de 15 años o más (miles);..;null
2013;Catalunya;con la policía local o Mossos d'Esquadra;total;más castellano que catalán;población de 15 años o más (miles);..;null
2013;Catalunya;con la policía local o Mossos d'Esquadra;total;solo castellano;población de 15 años o más (miles);..;null
2013;Catalunya;con la policía local o Mossos d'Esquadra;total;otra lengua (o lenguas);población de 15 años o más (miles);..;null
2013;Catalunya;con la policía local o Mossos d'Esquadra;total;catalán y otra lengua (o lenguas);población de 15 años o más (miles);..;null
2013;Catalunya;con la policía local o Mossos d'Esquadra;total;castellano y otra lengua (o lenguas);población de 15 años o más (miles);..;null
2013;Catalunya;con la policía local o Mossos d'Esquadra;total;otras combinaciones de lenguas;población de 15 años o más (miles);..;null
2013;Catalunya;con la policía local o Mossos d'Esquadra;total;No consta;población de 15 años o más (miles);..;null
2013;Catalunya;con la policía local o Mossos d'Esquadra;total;total;población de 15 años o más (miles);..;null
2013;Catalunya;con los órganos judiciales;hombres;solo catalán;población de 15 años o más (miles);..;null
2013;Catalunya;con los órganos judiciales;hombres;más catalán que castellano;población de 15 años o más (miles);..;null
2013;Catalunya;con los órganos judiciales;hombres;catalán y castellano;población de 15 años o más (miles);..;null
2013;Catalunya;con los órganos judiciales;hombres;más castellano que catalán;población de 15 años o más (miles);..;null
2013;Catalunya;con los órganos judiciales;hombres;solo castellano;población de 15 años o más (miles);..;null
2013;Catalunya;con los órganos judiciales;hombres;otra lengua (o lenguas);población de 15 años o más (miles);..;null
2013;Catalunya;con los órganos judiciales;hombres;catalán y otra lengua (o lenguas);población de 15 años o más (miles);..;null
2013;Catalunya;con los órganos judiciales;hombres;castellano y otra lengua (o lenguas);población de 15 años o más (miles);..;null
2013;Catalunya;con los órganos judiciales;hombres;otras combinaciones de lenguas;población de 15 años o más (miles);..;null
2013;Catalunya;con los órganos judiciales;hombres;No consta;población de 15 años o más (miles);..;null
2013;Catalunya;con los órganos judiciales;hombres;total;población de 15 años o más (miles);..;null
2013;Catalunya;con los órganos judiciales;mujeres;solo catalán;población de 15 años o más (miles);..;null
2013;Catalunya;con los órganos judiciales;mujeres;más catalán que castellano;población de 15 años o más (miles);..;null
2013;Catalunya;con los órganos judiciales;mujeres;catalán y castellano;población de 15 años o más (miles);..;null
2013;Catalunya;con los órganos judiciales;mujeres;más castellano que catalán;población de 15 años o más (miles);..;null
2013;Catalunya;con los órganos judiciales;mujeres;solo castellano;población de 15 años o más (miles);..;null
2013;Catalunya;con los órganos judiciales;mujeres;otra lengua (o lenguas);población de 15 años o más (miles);..;null
2013;Catalunya;con los órganos judiciales;mujeres;catalán y otra lengua (o lenguas);población de 15 años o más (miles);..;null
2013;Catalunya;con los órganos judiciales;mujeres;castellano y otra lengua (o lenguas);población de 15 años o más (miles);..;null
2013;Catalunya;con los órganos judiciales;mujeres;otras combinaciones de lenguas;población de 15 años o más (miles);..;null
2013;Catalunya;con los órganos judiciales;mujeres;No consta;población de 15 años o más (miles);..;null
2013;Catalunya;con los órganos judiciales;mujeres;total;población de 15 años o más (miles);..;null
2013;Catalunya;con los órganos judiciales;total;solo catalán;población de 15 años o más (miles);..;null
2013;Catalunya;con los órganos judiciales;total;más catalán que castellano;población de 15 años o más (miles);..;null
2013;Catalunya;con los órganos judiciales;total;catalán y castellano;población de 15 años o más (miles);..;null
2013;Catalunya;con los órganos judiciales;total;más castellano que catalán;población de 15 años o más (miles);..;null
2013;Catalunya;con los órganos judiciales;total;solo castellano;población de 15 años o más (miles);..;null
2013;Catalunya;con los órganos judiciales;total;otra lengua (o lenguas);población de 15 años o más (miles);..;null
2013;Catalunya;con los órganos judiciales;total;catalán y otra lengua (o lenguas);población de 15 años o más (miles);..;null
2013;Catalunya;con los órganos judiciales;total;castellano y otra lengua (o lenguas);población de 15 años o más (miles);..;null
2013;Catalunya;con los órganos judiciales;total;otras combinaciones de lenguas;población de 15 años o más (miles);..;null
2013;Catalunya;con los órganos judiciales;total;No consta;población de 15 años o más (miles);..;null
2013;Catalunya;con los órganos judiciales;total;total;población de 15 años o más (miles);..;null
2013;Catalunya;con el personal médico;hombres;solo catalán;población de 15 años o más (miles);;841,8
2013;Catalunya;con el personal médico;hombres;más catalán que castellano;población de 15 años o más (miles);;373,8
2013;Catalunya;con el personal médico;hombres;catalán y castellano;población de 15 años o más (miles);;401,9
2013;Catalunya;con el personal médico;hombres;más castellano que catalán;población de 15 años o más (miles);;234,5
2013;Catalunya;con el personal médico;hombres;solo castellano;población de 15 años o más (miles);;1137,0
2013;Catalunya;con el personal médico;hombres;otra lengua (o lenguas);población de 15 años o más (miles);..;null
2013;Catalunya;con el personal médico;hombres;catalán y otra lengua (o lenguas);población de 15 años o más (miles);..;null
2013;Catalunya;con el personal médico;hombres;castellano y otra lengua (o lenguas);población de 15 años o más (miles);..;null
2013;Catalunya;con el personal médico;hombres;otras combinaciones de lenguas;población de 15 años o más (miles);..;null
2013;Catalunya;con el personal médico;hombres;No consta;población de 15 años o más (miles);;43,6
2013;Catalunya;con el personal médico;hombres;total;población de 15 años o más (miles);;3044,9
2013;Catalunya;con el personal médico;mujeres;solo catalán;población de 15 años o más (miles);;896,7
2013;Catalunya;con el personal médico;mujeres;más catalán que castellano;población de 15 años o más (miles);;404,9
2013;Catalunya;con el personal médico;mujeres;catalán y castellano;población de 15 años o más (miles);;351,3
2013;Catalunya;con el personal médico;mujeres;más castellano que catalán;población de 15 años o más (miles);;212,0
2013;Catalunya;con el personal médico;mujeres;solo castellano;población de 15 años o más (miles);;1314,5
2013;Catalunya;con el personal médico;mujeres;otra lengua (o lenguas);población de 15 años o más (miles);..;null
2013;Catalunya;con el personal médico;mujeres;catalán y otra lengua (o lenguas);población de 15 años o más (miles);..;null
2013;Catalunya;con el personal médico;mujeres;castellano y otra lengua (o lenguas);población de 15 años o más (miles);..;null
2013;Catalunya;con el personal médico;mujeres;otras combinaciones de lenguas;población de 15 años o más (miles);;0,5
2013;Catalunya;con el personal médico;mujeres;No consta;población de 15 años o más (miles);;16,8
2013;Catalunya;con el personal médico;mujeres;total;población de 15 años o más (miles);;3208,9
2013;Catalunya;con el personal médico;total;solo catalán;población de 15 años o más (miles);;1738,4
2013;Catalunya;con el personal médico;total;más catalán que castellano;población de 15 años o más (miles);;778,7
2013;Catalunya;con el personal médico;total;catalán y castellano;población de 15 años o más (miles);;753,1
2013;Catalunya;con el personal médico;total;más castellano que catalán;población de 15 años o más (miles);;446,5
2013;Catalunya;con el personal médico;total;solo castellano;población de 15 años o más (miles);;2451,6
2013;Catalunya;con el personal médico;total;otra lengua (o lenguas);población de 15 años o más (miles);;16,2
2013;Catalunya;con el personal médico;total;catalán y otra lengua (o lenguas);población de 15 años o más (miles);..;null
2013;Catalunya;con el personal médico;total;castellano y otra lengua (o lenguas);población de 15 años o más (miles);;6,6
2013;Catalunya;con el personal médico;total;otras combinaciones de lenguas;población de 15 años o más (miles);;1,4
2013;Catalunya;con el personal médico;total;No consta;población de 15 años o más (miles);;60,4
2013;Catalunya;con el personal médico;total;total;población de 15 años o más (miles);;6253,8
2013;Catalunya;al contestar al personal médico en la consulta;hombres;solo catalán;población de 15 años o más (miles);..;null
2013;Catalunya;al contestar al personal médico en la consulta;hombres;más catalán que castellano;población de 15 años o más (miles);..;null
2013;Catalunya;al contestar al personal médico en la consulta;hombres;catalán y castellano;población de 15 años o más (miles);..;null
2013;Catalunya;al contestar al personal médico en la consulta;hombres;más castellano que catalán;población de 15 años o más (miles);..;null
2013;Catalunya;al contestar al personal médico en la consulta;hombres;solo castellano;población de 15 años o más (miles);..;null
2013;Catalunya;al contestar al personal médico en la consulta;hombres;otra lengua (o lenguas);población de 15 años o más (miles);..;null
2013;Catalunya;al contestar al personal médico en la consulta;hombres;catalán y otra lengua (o lenguas);población de 15 años o más (miles);..;null
2013;Catalunya;al contestar al personal médico en la consulta;hombres;castellano y otra lengua (o lenguas);población de 15 años o más (miles);..;null
2013;Catalunya;al contestar al personal médico en la consulta;hombres;otras combinaciones de lenguas;población de 15 años o más (miles);..;null
2013;Catalunya;al contestar al personal médico en la consulta;hombres;No consta;población de 15 años o más (miles);..;null
2013;Catalunya;al contestar al personal médico en la consulta;hombres;total;población de 15 años o más (miles);..;null
2013;Catalunya;al contestar al personal médico en la consulta;mujeres;solo catalán;población de 15 años o más (miles);..;null
2013;Catalunya;al contestar al personal médico en la consulta;mujeres;más catalán que castellano;población de 15 años o más (miles);..;null
2013;Catalunya;al contestar al personal médico en la consulta;mujeres;catalán y castellano;población de 15 años o más (miles);..;null
2013;Catalunya;al contestar al personal médico en la consulta;mujeres;más castellano que catalán;población de 15 años o más (miles);..;null
2013;Catalunya;al contestar al personal médico en la consulta;mujeres;solo castellano;población de 15 años o más (miles);..;null
2013;Catalunya;al contestar al personal médico en la consulta;mujeres;otra lengua (o lenguas);población de 15 años o más (miles);..;null
2013;Catalunya;al contestar al personal médico en la consulta;mujeres;catalán y otra lengua (o lenguas);población de 15 años o más (miles);..;null
2013;Catalunya;al contestar al personal médico en la consulta;mujeres;castellano y otra lengua (o lenguas);población de 15 años o más (miles);..;null
2013;Catalunya;al contestar al personal médico en la consulta;mujeres;otras combinaciones de lenguas;población de 15 años o más (miles);..;null
2013;Catalunya;al contestar al personal médico en la consulta;mujeres;No consta;población de 15 años o más (miles);..;null
2013;Catalunya;al contestar al personal médico en la consulta;mujeres;total;población de 15 años o más (miles);..;null
2013;Catalunya;al contestar al personal médico en la consulta;total;solo catalán;población de 15 años o más (miles);..;null
2013;Catalunya;al contestar al personal médico en la consulta;total;más catalán que castellano;población de 15 años o más (miles);..;null
2013;Catalunya;al contestar al personal médico en la consulta;total;catalán y castellano;población de 15 años o más (miles);..;null
2013;Catalunya;al contestar al personal médico en la consulta;total;más castellano que catalán;población de 15 años o más (miles);..;null
2013;Catalunya;al contestar al personal médico en la consulta;total;solo castellano;población de 15 años o más (miles);..;null
2013;Catalunya;al contestar al personal médico en la consulta;total;otra lengua (o lenguas);población de 15 años o más (miles);..;null
2013;Catalunya;al contestar al personal médico en la consulta;total;catalán y otra lengua (o lenguas);población de 15 años o más (miles);..;null
2013;Catalunya;al contestar al personal médico en la consulta;total;castellano y otra lengua (o lenguas);población de 15 años o más (miles);..;null
2013;Catalunya;al contestar al personal médico en la consulta;total;otras combinaciones de lenguas;población de 15 años o más (miles);..;null
2013;Catalunya;al contestar al personal médico en la consulta;total;No consta;población de 15 años o más (miles);..;null
2013;Catalunya;al contestar al personal médico en la consulta;total;total;población de 15 años o más (miles);..;null
2013;Catalunya;al escribir mensajes de móvil;hombres;solo catalán;población de 15 años o más (miles);..;null
2013;Catalunya;al escribir mensajes de móvil;hombres;más catalán que castellano;población de 15 años o más (miles);..;null
2013;Catalunya;al escribir mensajes de móvil;hombres;catalán y castellano;población de 15 años o más (miles);..;null
2013;Catalunya;al escribir mensajes de móvil;hombres;más castellano que catalán;población de 15 años o más (miles);..;null
2013;Catalunya;al escribir mensajes de móvil;hombres;solo castellano;población de 15 años o más (miles);..;null
2013;Catalunya;al escribir mensajes de móvil;hombres;otra lengua (o lenguas);población de 15 años o más (miles);..;null
2013;Catalunya;al escribir mensajes de móvil;hombres;catalán y otra lengua (o lenguas);población de 15 años o más (miles);..;null
2013;Catalunya;al escribir mensajes de móvil;hombres;castellano y otra lengua (o lenguas);población de 15 años o más (miles);..;null
2013;Catalunya;al escribir mensajes de móvil;hombres;otras combinaciones de lenguas;población de 15 años o más (miles);..;null
2013;Catalunya;al escribir mensajes de móvil;hombres;No consta;población de 15 años o más (miles);..;null
2013;Catalunya;al escribir mensajes de móvil;hombres;total;población de 15 años o más (miles);..;null
2013;Catalunya;al escribir mensajes de móvil;mujeres;solo catalán;población de 15 años o más (miles);..;null
2013;Catalunya;al escribir mensajes de móvil;mujeres;más catalán que castellano;población de 15 años o más (miles);..;null
2013;Catalunya;al escribir mensajes de móvil;mujeres;catalán y castellano;población de 15 años o más (miles);..;null
2013;Catalunya;al escribir mensajes de móvil;mujeres;más castellano que catalán;población de 15 años o más (miles);..;null
2013;Catalunya;al escribir mensajes de móvil;mujeres;solo castellano;población de 15 años o más (miles);..;null
2013;Catalunya;al escribir mensajes de móvil;mujeres;otra lengua (o lenguas);población de 15 años o más (miles);..;null
2013;Catalunya;al escribir mensajes de móvil;mujeres;catalán y otra lengua (o lenguas);población de 15 años o más (miles);..;null
2013;Catalunya;al escribir mensajes de móvil;mujeres;castellano y otra lengua (o lenguas);población de 15 años o más (miles);..;null
2013;Catalunya;al escribir mensajes de móvil;mujeres;otras combinaciones de lenguas;población de 15 años o más (miles);..;null
2013;Catalunya;al escribir mensajes de móvil;mujeres;No consta;población de 15 años o más (miles);..;null
2013;Catalunya;al escribir mensajes de móvil;mujeres;total;población de 15 años o más (miles);..;null
2013;Catalunya;al escribir mensajes de móvil;total;solo catalán;población de 15 años o más (miles);..;null
2013;Catalunya;al escribir mensajes de móvil;total;más catalán que castellano;población de 15 años o más (miles);..;null
2013;Catalunya;al escribir mensajes de móvil;total;catalán y castellano;población de 15 años o más (miles);..;null
2013;Catalunya;al escribir mensajes de móvil;total;más castellano que catalán;población de 15 años o más (miles);..;null
2013;Catalunya;al escribir mensajes de móvil;total;solo castellano;población de 15 años o más (miles);..;null
2013;Catalunya;al escribir mensajes de móvil;total;otra lengua (o lenguas);población de 15 años o más (miles);..;null
2013;Catalunya;al escribir mensajes de móvil;total;catalán y otra lengua (o lenguas);población de 15 años o más (miles);..;null
2013;Catalunya;al escribir mensajes de móvil;total;castellano y otra lengua (o lenguas);población de 15 años o más (miles);..;null
2013;Catalunya;al escribir mensajes de móvil;total;otras combinaciones de lenguas;población de 15 años o más (miles);..;null
2013;Catalunya;al escribir mensajes de móvil;total;No consta;población de 15 años o más (miles);..;null
2013;Catalunya;al escribir mensajes de móvil;total;total;población de 15 años o más (miles);..;null
2013;Catalunya;al hacer publicaciones en las redes sociales;hombres;solo catalán;población de 15 años o más (miles);..;null
2013;Catalunya;al hacer publicaciones en las redes sociales;hombres;más catalán que castellano;población de 15 años o más (miles);..;null
2013;Catalunya;al hacer publicaciones en las redes sociales;hombres;catalán y castellano;población de 15 años o más (miles);..;null
2013;Catalunya;al hacer publicaciones en las redes sociales;hombres;más castellano que catalán;población de 15 años o más (miles);..;null
2013;Catalunya;al hacer publicaciones en las redes sociales;hombres;solo castellano;población de 15 años o más (miles);..;null
2013;Catalunya;al hacer publicaciones en las redes sociales;hombres;otra lengua (o lenguas);población de 15 años o más (miles);..;null
2013;Catalunya;al hacer publicaciones en las redes sociales;hombres;catalán y otra lengua (o lenguas);población de 15 años o más (miles);..;null
2013;Catalunya;al hacer publicaciones en las redes sociales;hombres;castellano y otra lengua (o lenguas);población de 15 años o más (miles);..;null
2013;Catalunya;al hacer publicaciones en las redes sociales;hombres;otras combinaciones de lenguas;población de 15 años o más (miles);..;null
2013;Catalunya;al hacer publicaciones en las redes sociales;hombres;No consta;población de 15 años o más (miles);..;null
2013;Catalunya;al hacer publicaciones en las redes sociales;hombres;total;población de 15 años o más (miles);..;null
2013;Catalunya;al hacer publicaciones en las redes sociales;mujeres;solo catalán;población de 15 años o más (miles);..;null
2013;Catalunya;al hacer publicaciones en las redes sociales;mujeres;más catalán que castellano;población de 15 años o más (miles);..;null
2013;Catalunya;al hacer publicaciones en las redes sociales;mujeres;catalán y castellano;población de 15 años o más (miles);..;null
2013;Catalunya;al hacer publicaciones en las redes sociales;mujeres;más castellano que catalán;población de 15 años o más (miles);..;null
2013;Catalunya;al hacer publicaciones en las redes sociales;mujeres;solo castellano;población de 15 años o más (miles);..;null
2013;Catalunya;al hacer publicaciones en las redes sociales;mujeres;otra lengua (o lenguas);población de 15 años o más (miles);..;null
2013;Catalunya;al hacer publicaciones en las redes sociales;mujeres;catalán y otra lengua (o lenguas);población de 15 años o más (miles);..;null
2013;Catalunya;al hacer publicaciones en las redes sociales;mujeres;castellano y otra lengua (o lenguas);población de 15 años o más (miles);..;null
2013;Catalunya;al hacer publicaciones en las redes sociales;mujeres;otras combinaciones de lenguas;población de 15 años o más (miles);..;null
2013;Catalunya;al hacer publicaciones en las redes sociales;mujeres;No consta;población de 15 años o más (miles);..;null
2013;Catalunya;al hacer publicaciones en las redes sociales;mujeres;total;población de 15 años o más (miles);..;null
2013;Catalunya;al hacer publicaciones en las redes sociales;total;solo catalán;población de 15 años o más (miles);..;null
2013;Catalunya;al hacer publicaciones en las redes sociales;total;más catalán que castellano;población de 15 años o más (miles);..;null
2013;Catalunya;al hacer publicaciones en las redes sociales;total;catalán y castellano;población de 15 años o más (miles);..;null
2013;Catalunya;al hacer publicaciones en las redes sociales;total;más castellano que catalán;población de 15 años o más (miles);..;null
2013;Catalunya;al hacer publicaciones en las redes sociales;total;solo castellano;población de 15 años o más (miles);..;null
2013;Catalunya;al hacer publicaciones en las redes sociales;total;otra lengua (o lenguas);población de 15 años o más (miles);..;null
2013;Catalunya;al hacer publicaciones en las redes sociales;total;catalán y otra lengua (o lenguas);población de 15 años o más (miles);..;null
2013;Catalunya;al hacer publicaciones en las redes sociales;total;castellano y otra lengua (o lenguas);población de 15 años o más (miles);..;null
2013;Catalunya;al hacer publicaciones en las redes sociales;total;otras combinaciones de lenguas;población de 15 años o más (miles);..;null
2013;Catalunya;al hacer publicaciones en las redes sociales;total;No consta;población de 15 años o más (miles);..;null
2013;Catalunya;al hacer publicaciones en las redes sociales;total;total;población de 15 años o más (miles);..;null
2018;Catalunya;con los miembros del hogar;hombres;solo catalán;población de 15 años o más (miles);;766,3
2018;Catalunya;con los miembros del hogar;hombres;más catalán que castellano;población de 15 años o más (miles);;163,7
2018;Catalunya;con los miembros del hogar;hombres;catalán y castellano;población de 15 años o más (miles);;196,4
2018;Catalunya;con los miembros del hogar;hombres;más castellano que catalán;población de 15 años o más (miles);;298,9
2018;Catalunya;con los miembros del hogar;hombres;solo castellano;población de 15 años o más (miles);;1063,7
2018;Catalunya;con los miembros del hogar;hombres;otra lengua (o lenguas);población de 15 años o más (miles);;149,6
2018;Catalunya;con los miembros del hogar;hombres;catalán y otra lengua (o lenguas);población de 15 años o más (miles);;17,0
2018;Catalunya;con los miembros del hogar;hombres;castellano y otra lengua (o lenguas);población de 15 años o más (miles);;137,8
2018;Catalunya;con los miembros del hogar;hombres;otras combinaciones de lenguas;población de 15 años o más (miles);;37,4
2018;Catalunya;con los miembros del hogar;hombres;No consta;población de 15 años o más (miles);..;null
2018;Catalunya;con los miembros del hogar;hombres;total;población de 15 años o más (miles);;2835,7
2018;Catalunya;con los miembros del hogar;mujeres;solo catalán;población de 15 años o más (miles);;796,6
2018;Catalunya;con los miembros del hogar;mujeres;más catalán que castellano;población de 15 años o más (miles);;160,0
2018;Catalunya;con los miembros del hogar;mujeres;catalán y castellano;población de 15 años o más (miles);;249,1
2018;Catalunya;con los miembros del hogar;mujeres;más castellano que catalán;población de 15 años o más (miles);;279,1
2018;Catalunya;con los miembros del hogar;mujeres;solo castellano;población de 15 años o más (miles);;1102,6
2018;Catalunya;con los miembros del hogar;mujeres;otra lengua (o lenguas);población de 15 años o más (miles);;113,3
2018;Catalunya;con los miembros del hogar;mujeres;catalán y otra lengua (o lenguas);población de 15 años o más (miles);;22,5
2018;Catalunya;con los miembros del hogar;mujeres;castellano y otra lengua (o lenguas);población de 15 años o más (miles);;142,4
2018;Catalunya;con los miembros del hogar;mujeres;otras combinaciones de lenguas;población de 15 años o más (miles);;34,0
2018;Catalunya;con los miembros del hogar;mujeres;No consta;población de 15 años o más (miles);..;null
2018;Catalunya;con los miembros del hogar;mujeres;total;población de 15 años o más (miles);;2903,8
2018;Catalunya;con los miembros del hogar;total;solo catalán;población de 15 años o más (miles);;1562,9
2018;Catalunya;con los miembros del hogar;total;más catalán que castellano;población de 15 años o más (miles);;323,7
2018;Catalunya;con los miembros del hogar;total;catalán y castellano;población de 15 años o más (miles);;445,4
2018;Catalunya;con los miembros del hogar;total;más castellano que catalán;población de 15 años o más (miles);;578,0
2018;Catalunya;con los miembros del hogar;total;solo castellano;población de 15 años o más (miles);;2166,2
2018;Catalunya;con los miembros del hogar;total;otra lengua (o lenguas);población de 15 años o más (miles);;262,8
2018;Catalunya;con los miembros del hogar;total;catalán y otra lengua (o lenguas);población de 15 años o más (miles);;39,5
2018;Catalunya;con los miembros del hogar;total;castellano y otra lengua (o lenguas);población de 15 años o más (miles);;280,2
2018;Catalunya;con los miembros del hogar;total;otras combinaciones de lenguas;población de 15 años o más (miles);;71,4
2018;Catalunya;con los miembros del hogar;total;No consta;población de 15 años o más (miles);..;null
2018;Catalunya;con los miembros del hogar;total;total;población de 15 años o más (miles);;5739,5
2018;Catalunya;con los amigos;hombres;solo catalán;población de 15 años o más (miles);;391,8
2018;Catalunya;con los amigos;hombres;más catalán que castellano;población de 15 años o más (miles);;511,7
2018;Catalunya;con los amigos;hombres;catalán y castellano;población de 15 años o más (miles);;571,3
2018;Catalunya;con los amigos;hombres;más castellano que catalán;población de 15 años o más (miles);;466,5
2018;Catalunya;con los amigos;hombres;solo castellano;población de 15 años o más (miles);;844,5
2018;Catalunya;con los amigos;hombres;otra lengua (o lenguas);población de 15 años o más (miles);;54,9
2018;Catalunya;con los amigos;hombres;catalán y otra lengua (o lenguas);población de 15 años o más (miles);..;null
2018;Catalunya;con los amigos;hombres;castellano y otra lengua (o lenguas);población de 15 años o más (miles);;165,7
2018;Catalunya;con los amigos;hombres;otras combinaciones de lenguas;población de 15 años o más (miles);;63,2
2018;Catalunya;con los amigos;hombres;No consta;población de 15 años o más (miles);;19,7
2018;Catalunya;con los amigos;hombres;total;población de 15 años o más (miles);;3094,9
2018;Catalunya;con los amigos;mujeres;solo catalán;población de 15 años o más (miles);;462,7
2018;Catalunya;con los amigos;mujeres;más catalán que castellano;población de 15 años o más (miles);;539,1
2018;Catalunya;con los amigos;mujeres;catalán y castellano;población de 15 años o más (miles);;600,4
2018;Catalunya;con los amigos;mujeres;más castellano que catalán;población de 15 años o más (miles);;368,0
2018;Catalunya;con los amigos;mujeres;solo castellano;población de 15 años o más (miles);;1003,2
2018;Catalunya;con los amigos;mujeres;otra lengua (o lenguas);población de 15 años o más (miles);;61,2
2018;Catalunya;con los amigos;mujeres;catalán y otra lengua (o lenguas);población de 15 años o más (miles);;11,8
2018;Catalunya;con los amigos;mujeres;castellano y otra lengua (o lenguas);población de 15 años o más (miles);;160,0
2018;Catalunya;con los amigos;mujeres;otras combinaciones de lenguas;población de 15 años o más (miles);;64,0
2018;Catalunya;con los amigos;mujeres;No consta;población de 15 años o más (miles);;21,4
2018;Catalunya;con los amigos;mujeres;total;población de 15 años o más (miles);;3291,7
2018;Catalunya;con los amigos;total;solo catalán;población de 15 años o más (miles);;854,6
2018;Catalunya;con los amigos;total;más catalán que castellano;población de 15 años o más (miles);;1050,8
2018;Catalunya;con los amigos;total;catalán y castellano;población de 15 años o más (miles);;1171,7
2018;Catalunya;con los amigos;total;más castellano que catalán;población de 15 años o más (miles);;834,5
2018;Catalunya;con los amigos;total;solo castellano;población de 15 años o más (miles);;1847,6
2018;Catalunya;con los amigos;total;otra lengua (o lenguas);población de 15 años o más (miles);;116,1
2018;Catalunya;con los amigos;total;catalán y otra lengua (o lenguas);población de 15 años o más (miles);;17,3
2018;Catalunya;con los amigos;total;castellano y otra lengua (o lenguas);población de 15 años o más (miles);;325,7
2018;Catalunya;con los amigos;total;otras combinaciones de lenguas;población de 15 años o más (miles);;127,2
2018;Catalunya;con los amigos;total;No consta;población de 15 años o más (miles);;41,1
2018;Catalunya;con los amigos;total;total;población de 15 años o más (miles);;6386,6
2018;Catalunya;con los vecinos;hombres;solo catalán;población de 15 años o más (miles);;503,5
2018;Catalunya;con los vecinos;hombres;más catalán que castellano;población de 15 años o más (miles);;464,4
2018;Catalunya;con los vecinos;hombres;catalán y castellano;población de 15 años o más (miles);;526,8
2018;Catalunya;con los vecinos;hombres;más castellano que catalán;población de 15 años o más (miles);;367,5
2018;Catalunya;con los vecinos;hombres;solo castellano;población de 15 años o más (miles);;1097,6
2018;Catalunya;con los vecinos;hombres;otra lengua (o lenguas);población de 15 años o más (miles);;20,3
2018;Catalunya;con los vecinos;hombres;catalán y otra lengua (o lenguas);población de 15 años o más (miles);..;null
2018;Catalunya;con los vecinos;hombres;castellano y otra lengua (o lenguas);población de 15 años o más (miles);;34,1
2018;Catalunya;con los vecinos;hombres;otras combinaciones de lenguas;población de 15 años o más (miles);;18,7
2018;Catalunya;con los vecinos;hombres;No consta;población de 15 años o más (miles);;57,0
2018;Catalunya;con los vecinos;hombres;total;población de 15 años o más (miles);;3094,9
2018;Catalunya;con los vecinos;mujeres;solo catalán;población de 15 años o más (miles);;567,4
2018;Catalunya;con los vecinos;mujeres;más catalán que castellano;población de 15 años o más (miles);;451,8
2018;Catalunya;con los vecinos;mujeres;catalán y castellano;población de 15 años o más (miles);;567,9
2018;Catalunya;con los vecinos;mujeres;más castellano que catalán;población de 15 años o más (miles);;329,3
2018;Catalunya;con los vecinos;mujeres;solo castellano;población de 15 años o más (miles);;1265,1
2018;Catalunya;con los vecinos;mujeres;otra lengua (o lenguas);población de 15 años o más (miles);;21,2
2018;Catalunya;con los vecinos;mujeres;catalán y otra lengua (o lenguas);población de 15 años o más (miles);..;null
2018;Catalunya;con los vecinos;mujeres;castellano y otra lengua (o lenguas);población de 15 años o más (miles);;29,6
2018;Catalunya;con los vecinos;mujeres;otras combinaciones de lenguas;población de 15 años o más (miles);;9,9
2018;Catalunya;con los vecinos;mujeres;No consta;población de 15 años o más (miles);;47,1
2018;Catalunya;con los vecinos;mujeres;total;población de 15 años o más (miles);;3291,7
2018;Catalunya;con los vecinos;total;solo catalán;población de 15 años o más (miles);;1070,8
2018;Catalunya;con los vecinos;total;más catalán que castellano;población de 15 años o más (miles);;916,2
2018;Catalunya;con los vecinos;total;catalán y castellano;población de 15 años o más (miles);;1094,7
2018;Catalunya;con los vecinos;total;más castellano que catalán;población de 15 años o más (miles);;696,8
2018;Catalunya;con los vecinos;total;solo castellano;población de 15 años o más (miles);;2362,7
2018;Catalunya;con los vecinos;total;otra lengua (o lenguas);población de 15 años o más (miles);;41,6
2018;Catalunya;con los vecinos;total;catalán y otra lengua (o lenguas);población de 15 años o más (miles);;7,3
2018;Catalunya;con los vecinos;total;castellano y otra lengua (o lenguas);población de 15 años o más (miles);;63,7
2018;Catalunya;con los vecinos;total;otras combinaciones de lenguas;población de 15 años o más (miles);;28,7
2018;Catalunya;con los vecinos;total;No consta;población de 15 años o más (miles);;104,1
2018;Catalunya;con los vecinos;total;total;población de 15 años o más (miles);;6386,6
2018;Catalunya;con los compañeros de estudio;hombres;solo catalán;población de 15 años o más (miles);;81,1
2018;Catalunya;con los compañeros de estudio;hombres;más catalán que castellano;población de 15 años o más (miles);;99,2
2018;Catalunya;con los compañeros de estudio;hombres;catalán y castellano;población de 15 años o más (miles);;91,9
2018;Catalunya;con los compañeros de estudio;hombres;más castellano que catalán;población de 15 años o más (miles);;73,0
2018;Catalunya;con los compañeros de estudio;hombres;solo castellano;población de 15 años o más (miles);;109,0
2018;Catalunya;con los compañeros de estudio;hombres;otra lengua (o lenguas);población de 15 años o más (miles);;17,9
2018;Catalunya;con los compañeros de estudio;hombres;catalán y otra lengua (o lenguas);población de 15 años o más (miles);..;null
2018;Catalunya;con los compañeros de estudio;hombres;castellano y otra lengua (o lenguas);población de 15 años o más (miles);..;null
2018;Catalunya;con los compañeros de estudio;hombres;otras combinaciones de lenguas;población de 15 años o más (miles);..;null
2018;Catalunya;con los compañeros de estudio;hombres;No consta;población de 15 años o más (miles);..;null
2018;Catalunya;con los compañeros de estudio;hombres;total;población de 15 años o más (miles);;511,2
2018;Catalunya;con los compañeros de estudio;mujeres;solo catalán;población de 15 años o más (miles);;116,7
2018;Catalunya;con los compañeros de estudio;mujeres;más catalán que castellano;población de 15 años o más (miles);;97,2
2018;Catalunya;con los compañeros de estudio;mujeres;catalán y castellano;población de 15 años o más (miles);;115,8
2018;Catalunya;con los compañeros de estudio;mujeres;más castellano que catalán;población de 15 años o más (miles);;66,4
2018;Catalunya;con los compañeros de estudio;mujeres;solo castellano;población de 15 años o más (miles);;107,1
2018;Catalunya;con los compañeros de estudio;mujeres;otra lengua (o lenguas);población de 15 años o más (miles);;18,1
2018;Catalunya;con los compañeros de estudio;mujeres;catalán y otra lengua (o lenguas);población de 15 años o más (miles);..;null
2018;Catalunya;con los compañeros de estudio;mujeres;castellano y otra lengua (o lenguas);población de 15 años o más (miles);..;null
2018;Catalunya;con los compañeros de estudio;mujeres;otras combinaciones de lenguas;población de 15 años o más (miles);;20,9
2018;Catalunya;con los compañeros de estudio;mujeres;No consta;población de 15 años o más (miles);..;null
2018;Catalunya;con los compañeros de estudio;mujeres;total;población de 15 años o más (miles);;572,9
2018;Catalunya;con los compañeros de estudio;total;solo catalán;población de 15 años o más (miles);;197,8
2018;Catalunya;con los compañeros de estudio;total;más catalán que castellano;población de 15 años o más (miles);;196,4
2018;Catalunya;con los compañeros de estudio;total;catalán y castellano;población de 15 años o más (miles);;207,6
2018;Catalunya;con los compañeros de estudio;total;más castellano que catalán;población de 15 años o más (miles);;139,4
2018;Catalunya;con los compañeros de estudio;total;solo castellano;población de 15 años o más (miles);;216,0
2018;Catalunya;con los compañeros de estudio;total;otra lengua (o lenguas);población de 15 años o más (miles);;36,1
2018;Catalunya;con los compañeros de estudio;total;catalán y otra lengua (o lenguas);población de 15 años o más (miles);;20,7
2018;Catalunya;con los compañeros de estudio;total;castellano y otra lengua (o lenguas);población de 15 años o más (miles);;27,0
2018;Catalunya;con los compañeros de estudio;total;otras combinaciones de lenguas;población de 15 años o más (miles);;28,2
2018;Catalunya;con los compañeros de estudio;total;No consta;población de 15 años o más (miles);;15,0
2018;Catalunya;con los compañeros de estudio;total;total;población de 15 años o más (miles);;1084,2
2018;Catalunya;con los compañeros de trabajo;hombres;solo catalán;población de 15 años o más (miles);;216,7
2018;Catalunya;con los compañeros de trabajo;hombres;más catalán que castellano;población de 15 años o más (miles);;252,9
2018;Catalunya;con los compañeros de trabajo;hombres;catalán y castellano;población de 15 años o más (miles);;369,9
2018;Catalunya;con los compañeros de trabajo;hombres;más castellano que catalán;población de 15 años o más (miles);;243,1
2018;Catalunya;con los compañeros de trabajo;hombres;solo castellano;población de 15 años o más (miles);;473,3
2018;Catalunya;con los compañeros de trabajo;hombres;otra lengua (o lenguas);población de 15 años o más (miles);;23,1
2018;Catalunya;con los compañeros de trabajo;hombres;catalán y otra lengua (o lenguas);población de 15 años o más (miles);..;null
2018;Catalunya;con los compañeros de trabajo;hombres;castellano y otra lengua (o lenguas);población de 15 años o más (miles);;54,5
2018;Catalunya;con los compañeros de trabajo;hombres;otras combinaciones de lenguas;población de 15 años o más (miles);;37,3
2018;Catalunya;con los compañeros de trabajo;hombres;No consta;población de 15 años o más (miles);;69,9
2018;Catalunya;con los compañeros de trabajo;hombres;total;población de 15 años o más (miles);;1744,4
2018;Catalunya;con los compañeros de trabajo;mujeres;solo catalán;población de 15 años o más (miles);;288,2
2018;Catalunya;con los compañeros de trabajo;mujeres;más catalán que castellano;población de 15 años o más (miles);;245,9
2018;Catalunya;con los compañeros de trabajo;mujeres;catalán y castellano;población de 15 años o más (miles);;296,2
2018;Catalunya;con los compañeros de trabajo;mujeres;más castellano que catalán;población de 15 años o más (miles);;192,5
2018;Catalunya;con los compañeros de trabajo;mujeres;solo castellano;población de 15 años o más (miles);;386,1
2018;Catalunya;con los compañeros de trabajo;mujeres;otra lengua (o lenguas);población de 15 años o más (miles);;16,6
2018;Catalunya;con los compañeros de trabajo;mujeres;catalán y otra lengua (o lenguas);población de 15 años o más (miles);..;null
2018;Catalunya;con los compañeros de trabajo;mujeres;castellano y otra lengua (o lenguas);población de 15 años o más (miles);;39,3
2018;Catalunya;con los compañeros de trabajo;mujeres;otras combinaciones de lenguas;población de 15 años o más (miles);;21,6
2018;Catalunya;con los compañeros de trabajo;mujeres;No consta;población de 15 años o más (miles);;67,5
2018;Catalunya;con los compañeros de trabajo;mujeres;total;población de 15 años o más (miles);;1558,0
2018;Catalunya;con los compañeros de trabajo;total;solo catalán;población de 15 años o más (miles);;504,8
2018;Catalunya;con los compañeros de trabajo;total;más catalán que castellano;población de 15 años o más (miles);;498,7
2018;Catalunya;con los compañeros de trabajo;total;catalán y castellano;población de 15 años o más (miles);;666,0
2018;Catalunya;con los compañeros de trabajo;total;más castellano que catalán;población de 15 años o más (miles);;435,6
2018;Catalunya;con los compañeros de trabajo;total;solo castellano;población de 15 años o más (miles);;859,4
2018;Catalunya;con los compañeros de trabajo;total;otra lengua (o lenguas);población de 15 años o más (miles);;39,7
2018;Catalunya;con los compañeros de trabajo;total;catalán y otra lengua (o lenguas);población de 15 años o más (miles);..;null
2018;Catalunya;con los compañeros de trabajo;total;castellano y otra lengua (o lenguas);población de 15 años o más (miles);;93,9
2018;Catalunya;con los compañeros de trabajo;total;otras combinaciones de lenguas;población de 15 años o más (miles);;58,9
2018;Catalunya;con los compañeros de trabajo;total;No consta;población de 15 años o más (miles);;137,4
2018;Catalunya;con los compañeros de trabajo;total;total;población de 15 años o más (miles);;3302,5
2018;Catalunya;con usuarios o clientes de Cataluña;hombres;solo catalán;población de 15 años o más (miles);;143,5
2018;Catalunya;con usuarios o clientes de Cataluña;hombres;más catalán que castellano;población de 15 años o más (miles);;348,5
2018;Catalunya;con usuarios o clientes de Cataluña;hombres;catalán y castellano;población de 15 años o más (miles);;426,9
2018;Catalunya;con usuarios o clientes de Cataluña;hombres;más castellano que catalán;población de 15 años o más (miles);;203,3
2018;Catalunya;con usuarios o clientes de Cataluña;hombres;solo castellano;población de 15 años o más (miles);;292,7
2018;Catalunya;con usuarios o clientes de Cataluña;hombres;otra lengua (o lenguas);población de 15 años o más (miles);..;null
2018;Catalunya;con usuarios o clientes de Cataluña;hombres;catalán y otra lengua (o lenguas);población de 15 años o más (miles);..;null
2018;Catalunya;con usuarios o clientes de Cataluña;hombres;castellano y otra lengua (o lenguas);población de 15 años o más (miles);;34,8
2018;Catalunya;con usuarios o clientes de Cataluña;hombres;otras combinaciones de lenguas;población de 15 años o más (miles);;50,3
2018;Catalunya;con usuarios o clientes de Cataluña;hombres;No consta;población de 15 años o más (miles);;14,3
2018;Catalunya;con usuarios o clientes de Cataluña;hombres;total;población de 15 años o más (miles);;1526,4
2018;Catalunya;con usuarios o clientes de Cataluña;mujeres;solo catalán;población de 15 años o más (miles);;192,6
2018;Catalunya;con usuarios o clientes de Cataluña;mujeres;más catalán que castellano;población de 15 años o más (miles);;356,6
2018;Catalunya;con usuarios o clientes de Cataluña;mujeres;catalán y castellano;población de 15 años o más (miles);;396,5
2018;Catalunya;con usuarios o clientes de Cataluña;mujeres;más castellano que catalán;población de 15 años o más (miles);;147,5
2018;Catalunya;con usuarios o clientes de Cataluña;mujeres;solo castellano;población de 15 años o más (miles);;253,2
2018;Catalunya;con usuarios o clientes de Cataluña;mujeres;otra lengua (o lenguas);población de 15 años o más (miles);;14,7
2018;Catalunya;con usuarios o clientes de Cataluña;mujeres;catalán y otra lengua (o lenguas);población de 15 años o más (miles);..;null
2018;Catalunya;con usuarios o clientes de Cataluña;mujeres;castellano y otra lengua (o lenguas);población de 15 años o más (miles);;30,5
2018;Catalunya;con usuarios o clientes de Cataluña;mujeres;otras combinaciones de lenguas;población de 15 años o más (miles);;40,6
2018;Catalunya;con usuarios o clientes de Cataluña;mujeres;No consta;población de 15 años o más (miles);..;null
2018;Catalunya;con usuarios o clientes de Cataluña;mujeres;total;población de 15 años o más (miles);;1448,0
2018;Catalunya;con usuarios o clientes de Cataluña;total;solo catalán;población de 15 años o más (miles);;336,1
2018;Catalunya;con usuarios o clientes de Cataluña;total;más catalán que castellano;población de 15 años o más (miles);;705,2
2018;Catalunya;con usuarios o clientes de Cataluña;total;catalán y castellano;población de 15 años o más (miles);;823,4
2018;Catalunya;con usuarios o clientes de Cataluña;total;más castellano que catalán;población de 15 años o más (miles);;350,8
2018;Catalunya;con usuarios o clientes de Cataluña;total;solo castellano;población de 15 años o más (miles);;545,9
2018;Catalunya;con usuarios o clientes de Cataluña;total;otra lengua (o lenguas);población de 15 años o más (miles);;23,9
2018;Catalunya;con usuarios o clientes de Cataluña;total;catalán y otra lengua (o lenguas);población de 15 años o más (miles);;11,1
2018;Catalunya;con usuarios o clientes de Cataluña;total;castellano y otra lengua (o lenguas);población de 15 años o más (miles);;65,2
2018;Catalunya;con usuarios o clientes de Cataluña;total;otras combinaciones de lenguas;población de 15 años o más (miles);;90,9
2018;Catalunya;con usuarios o clientes de Cataluña;total;No consta;población de 15 años o más (miles);;21,9
2018;Catalunya;con usuarios o clientes de Cataluña;total;total;población de 15 años o más (miles);;2974,4
2018;Catalunya;con los compañeros de deporte;hombres;solo catalán;población de 15 años o más (miles);..;null
2018;Catalunya;con los compañeros de deporte;hombres;más catalán que castellano;población de 15 años o más (miles);..;null
2018;Catalunya;con los compañeros de deporte;hombres;catalán y castellano;población de 15 años o más (miles);..;null
2018;Catalunya;con los compañeros de deporte;hombres;más castellano que catalán;población de 15 años o más (miles);..;null
2018;Catalunya;con los compañeros de deporte;hombres;solo castellano;población de 15 años o más (miles);..;null
2018;Catalunya;con los compañeros de deporte;hombres;otra lengua (o lenguas);población de 15 años o más (miles);..;null
2018;Catalunya;con los compañeros de deporte;hombres;catalán y otra lengua (o lenguas);población de 15 años o más (miles);..;null
2018;Catalunya;con los compañeros de deporte;hombres;castellano y otra lengua (o lenguas);población de 15 años o más (miles);..;null
2018;Catalunya;con los compañeros de deporte;hombres;otras combinaciones de lenguas;población de 15 años o más (miles);..;null
2018;Catalunya;con los compañeros de deporte;hombres;No consta;población de 15 años o más (miles);..;null
2018;Catalunya;con los compañeros de deporte;hombres;total;población de 15 años o más (miles);..;null
2018;Catalunya;con los compañeros de deporte;mujeres;solo catalán;población de 15 años o más (miles);..;null
2018;Catalunya;con los compañeros de deporte;mujeres;más catalán que castellano;población de 15 años o más (miles);..;null
2018;Catalunya;con los compañeros de deporte;mujeres;catalán y castellano;población de 15 años o más (miles);..;null
2018;Catalunya;con los compañeros de deporte;mujeres;más castellano que catalán;población de 15 años o más (miles);..;null
2018;Catalunya;con los compañeros de deporte;mujeres;solo castellano;población de 15 años o más (miles);..;null
2018;Catalunya;con los compañeros de deporte;mujeres;otra lengua (o lenguas);población de 15 años o más (miles);..;null
2018;Catalunya;con los compañeros de deporte;mujeres;catalán y otra lengua (o lenguas);población de 15 años o más (miles);..;null
2018;Catalunya;con los compañeros de deporte;mujeres;castellano y otra lengua (o lenguas);población de 15 años o más (miles);..;null
2018;Catalunya;con los compañeros de deporte;mujeres;otras combinaciones de lenguas;población de 15 años o más (miles);..;null
2018;Catalunya;con los compañeros de deporte;mujeres;No consta;población de 15 años o más (miles);..;null
2018;Catalunya;con los compañeros de deporte;mujeres;total;población de 15 años o más (miles);..;null
2018;Catalunya;con los compañeros de deporte;total;solo catalán;población de 15 años o más (miles);..;null
2018;Catalunya;con los compañeros de deporte;total;más catalán que castellano;población de 15 años o más (miles);..;null
2018;Catalunya;con los compañeros de deporte;total;catalán y castellano;población de 15 años o más (miles);..;null
2018;Catalunya;con los compañeros de deporte;total;más castellano que catalán;población de 15 años o más (miles);..;null
2018;Catalunya;con los compañeros de deporte;total;solo castellano;población de 15 años o más (miles);..;null
2018;Catalunya;con los compañeros de deporte;total;otra lengua (o lenguas);población de 15 años o más (miles);..;null
2018;Catalunya;con los compañeros de deporte;total;catalán y otra lengua (o lenguas);población de 15 años o más (miles);..;null
2018;Catalunya;con los compañeros de deporte;total;castellano y otra lengua (o lenguas);población de 15 años o más (miles);..;null
2018;Catalunya;con los compañeros de deporte;total;otras combinaciones de lenguas;población de 15 años o más (miles);..;null
2018;Catalunya;con los compañeros de deporte;total;No consta;población de 15 años o más (miles);..;null
2018;Catalunya;con los compañeros de deporte;total;total;población de 15 años o más (miles);..;null
2018;Catalunya;en el centro de culto;hombres;solo catalán;población de 15 años o más (miles);..;null
2018;Catalunya;en el centro de culto;hombres;más catalán que castellano;población de 15 años o más (miles);..;null
2018;Catalunya;en el centro de culto;hombres;catalán y castellano;población de 15 años o más (miles);..;null
2018;Catalunya;en el centro de culto;hombres;más castellano que catalán;población de 15 años o más (miles);..;null
2018;Catalunya;en el centro de culto;hombres;solo castellano;población de 15 años o más (miles);..;null
2018;Catalunya;en el centro de culto;hombres;otra lengua (o lenguas);población de 15 años o más (miles);..;null
2018;Catalunya;en el centro de culto;hombres;catalán y otra lengua (o lenguas);población de 15 años o más (miles);..;null
2018;Catalunya;en el centro de culto;hombres;castellano y otra lengua (o lenguas);población de 15 años o más (miles);..;null
2018;Catalunya;en el centro de culto;hombres;otras combinaciones de lenguas;población de 15 años o más (miles);..;null
2018;Catalunya;en el centro de culto;hombres;No consta;población de 15 años o más (miles);..;null
2018;Catalunya;en el centro de culto;hombres;total;población de 15 años o más (miles);..;null
2018;Catalunya;en el centro de culto;mujeres;solo catalán;población de 15 años o más (miles);..;null
2018;Catalunya;en el centro de culto;mujeres;más catalán que castellano;población de 15 años o más (miles);..;null
2018;Catalunya;en el centro de culto;mujeres;catalán y castellano;población de 15 años o más (miles);..;null
2018;Catalunya;en el centro de culto;mujeres;más castellano que catalán;población de 15 años o más (miles);..;null
2018;Catalunya;en el centro de culto;mujeres;solo castellano;población de 15 años o más (miles);..;null
2018;Catalunya;en el centro de culto;mujeres;otra lengua (o lenguas);población de 15 años o más (miles);..;null
2018;Catalunya;en el centro de culto;mujeres;catalán y otra lengua (o lenguas);población de 15 años o más (miles);..;null
2018;Catalunya;en el centro de culto;mujeres;castellano y otra lengua (o lenguas);población de 15 años o más (miles);..;null
2018;Catalunya;en el centro de culto;mujeres;otras combinaciones de lenguas;población de 15 años o más (miles);..;null
2018;Catalunya;en el centro de culto;mujeres;No consta;población de 15 años o más (miles);..;null
2018;Catalunya;en el centro de culto;mujeres;total;población de 15 años o más (miles);..;null
2018;Catalunya;en el centro de culto;total;solo catalán;población de 15 años o más (miles);..;null
2018;Catalunya;en el centro de culto;total;más catalán que castellano;población de 15 años o más (miles);..;null
2018;Catalunya;en el centro de culto;total;catalán y castellano;población de 15 años o más (miles);..;null
2018;Catalunya;en el centro de culto;total;más castellano que catalán;población de 15 años o más (miles);..;null
2018;Catalunya;en el centro de culto;total;solo castellano;población de 15 años o más (miles);..;null
2018;Catalunya;en el centro de culto;total;otra lengua (o lenguas);población de 15 años o más (miles);..;null
2018;Catalunya;en el centro de culto;total;catalán y otra lengua (o lenguas);población de 15 años o más (miles);..;null
2018;Catalunya;en el centro de culto;total;castellano y otra lengua (o lenguas);población de 15 años o más (miles);..;null
2018;Catalunya;en el centro de culto;total;otras combinaciones de lenguas;población de 15 años o más (miles);..;null
2018;Catalunya;en el centro de culto;total;No consta;población de 15 años o más (miles);..;null
2018;Catalunya;en el centro de culto;total;total;población de 15 años o más (miles);..;null
2018;Catalunya;en el pequeño comercio;hombres;solo catalán;población de 15 años o más (miles);;576,2
2018;Catalunya;en el pequeño comercio;hombres;más catalán que castellano;población de 15 años o más (miles);;560,4
2018;Catalunya;en el pequeño comercio;hombres;catalán y castellano;población de 15 años o más (miles);;615,0
2018;Catalunya;en el pequeño comercio;hombres;más castellano que catalán;población de 15 años o más (miles);;311,6
2018;Catalunya;en el pequeño comercio;hombres;solo castellano;población de 15 años o más (miles);;972,6
2018;Catalunya;en el pequeño comercio;hombres;otra lengua (o lenguas);población de 15 años o más (miles);..;null
2018;Catalunya;en el pequeño comercio;hombres;catalán y otra lengua (o lenguas);población de 15 años o más (miles);..;null
2018;Catalunya;en el pequeño comercio;hombres;castellano y otra lengua (o lenguas);población de 15 años o más (miles);;17,4
2018;Catalunya;en el pequeño comercio;hombres;otras combinaciones de lenguas;población de 15 años o más (miles);;6,3
2018;Catalunya;en el pequeño comercio;hombres;No consta;población de 15 años o más (miles);;31,5
2018;Catalunya;en el pequeño comercio;hombres;total;población de 15 años o más (miles);;3094,9
2018;Catalunya;en el pequeño comercio;mujeres;solo catalán;población de 15 años o más (miles);;694,4
2018;Catalunya;en el pequeño comercio;mujeres;más catalán que castellano;población de 15 años o más (miles);;586,2
2018;Catalunya;en el pequeño comercio;mujeres;catalán y castellano;población de 15 años o más (miles);;547,4
2018;Catalunya;en el pequeño comercio;mujeres;más castellano que catalán;población de 15 años o más (miles);;329,4
2018;Catalunya;en el pequeño comercio;mujeres;solo castellano;población de 15 años o más (miles);;1080,8
2018;Catalunya;en el pequeño comercio;mujeres;otra lengua (o lenguas);población de 15 años o más (miles);;8,4
2018;Catalunya;en el pequeño comercio;mujeres;catalán y otra lengua (o lenguas);población de 15 años o más (miles);..;null
2018;Catalunya;en el pequeño comercio;mujeres;castellano y otra lengua (o lenguas);población de 15 años o más (miles);;8,4
2018;Catalunya;en el pequeño comercio;mujeres;otras combinaciones de lenguas;población de 15 años o más (miles);;2,3
2018;Catalunya;en el pequeño comercio;mujeres;No consta;población de 15 años o más (miles);;33,5
2018;Catalunya;en el pequeño comercio;mujeres;total;población de 15 años o más (miles);;3291,7
2018;Catalunya;en el pequeño comercio;total;solo catalán;población de 15 años o más (miles);;1270,6
2018;Catalunya;en el pequeño comercio;total;más catalán que castellano;población de 15 años o más (miles);;1146,6
2018;Catalunya;en el pequeño comercio;total;catalán y castellano;población de 15 años o más (miles);;1162,4
2018;Catalunya;en el pequeño comercio;total;más castellano que catalán;población de 15 años o más (miles);;641,0
2018;Catalunya;en el pequeño comercio;total;solo castellano;población de 15 años o más (miles);;2053,4
2018;Catalunya;en el pequeño comercio;total;otra lengua (o lenguas);población de 15 años o más (miles);;11,1
2018;Catalunya;en el pequeño comercio;total;catalán y otra lengua (o lenguas);población de 15 años o más (miles);;2,0
2018;Catalunya;en el pequeño comercio;total;castellano y otra lengua (o lenguas);población de 15 años o más (miles);;25,8
2018;Catalunya;en el pequeño comercio;total;otras combinaciones de lenguas;población de 15 años o más (miles);;8,7
2018;Catalunya;en el pequeño comercio;total;No consta;población de 15 años o más (miles);;65,0
2018;Catalunya;en el pequeño comercio;total;total;población de 15 años o más (miles);;6386,6
2018;Catalunya;en el gran comercio;hombres;solo catalán;población de 15 años o más (miles);;486,4
2018;Catalunya;en el gran comercio;hombres;más catalán que castellano;población de 15 años o más (miles);;501,6
2018;Catalunya;en el gran comercio;hombres;catalán y castellano;población de 15 años o más (miles);;615,8
2018;Catalunya;en el gran comercio;hombres;más castellano que catalán;población de 15 años o más (miles);;383,5
2018;Catalunya;en el gran comercio;hombres;solo castellano;población de 15 años o más (miles);;1045,6
2018;Catalunya;en el gran comercio;hombres;otra lengua (o lenguas);población de 15 años o más (miles);..;null
2018;Catalunya;en el gran comercio;hombres;catalán y otra lengua (o lenguas);población de 15 años o más (miles);..;null
2018;Catalunya;en el gran comercio;hombres;castellano y otra lengua (o lenguas);población de 15 años o más (miles);;7,9
2018;Catalunya;en el gran comercio;hombres;otras combinaciones de lenguas;población de 15 años o más (miles);;3,1
2018;Catalunya;en el gran comercio;hombres;No consta;población de 15 años o más (miles);;47,3
2018;Catalunya;en el gran comercio;hombres;total;población de 15 años o más (miles);;3094,9
2018;Catalunya;en el gran comercio;mujeres;solo catalán;población de 15 años o más (miles);;602,7
2018;Catalunya;en el gran comercio;mujeres;más catalán que castellano;población de 15 años o más (miles);;511,5
2018;Catalunya;en el gran comercio;mujeres;catalán y castellano;población de 15 años o más (miles);;576,9
2018;Catalunya;en el gran comercio;mujeres;más castellano que catalán;población de 15 años o más (miles);;378,1
2018;Catalunya;en el gran comercio;mujeres;solo castellano;población de 15 años o más (miles);;1145,9
2018;Catalunya;en el gran comercio;mujeres;otra lengua (o lenguas);población de 15 años o más (miles);..;null
2018;Catalunya;en el gran comercio;mujeres;catalán y otra lengua (o lenguas);población de 15 años o más (miles);..;null
2018;Catalunya;en el gran comercio;mujeres;castellano y otra lengua (o lenguas);población de 15 años o más (miles);..;null
2018;Catalunya;en el gran comercio;mujeres;otras combinaciones de lenguas;población de 15 años o más (miles);;0,8
2018;Catalunya;en el gran comercio;mujeres;No consta;población de 15 años o más (miles);;62,1
2018;Catalunya;en el gran comercio;mujeres;total;población de 15 años o más (miles);;3291,7
2018;Catalunya;en el gran comercio;total;solo catalán;población de 15 años o más (miles);;1089,1
2018;Catalunya;en el gran comercio;total;más catalán que castellano;población de 15 años o más (miles);;1013,2
2018;Catalunya;en el gran comercio;total;catalán y castellano;población de 15 años o más (miles);;1192,7
2018;Catalunya;en el gran comercio;total;más castellano que catalán;población de 15 años o más (miles);;761,6
2018;Catalunya;en el gran comercio;total;solo castellano;población de 15 años o más (miles);;2191,5
2018;Catalunya;en el gran comercio;total;otra lengua (o lenguas);población de 15 años o más (miles);;10,4
2018;Catalunya;en el gran comercio;total;catalán y otra lengua (o lenguas);población de 15 años o más (miles);..;null
2018;Catalunya;en el gran comercio;total;castellano y otra lengua (o lenguas);población de 15 años o más (miles);;13,4
2018;Catalunya;en el gran comercio;total;otras combinaciones de lenguas;población de 15 años o más (miles);;3,9
2018;Catalunya;en el gran comercio;total;No consta;población de 15 años o más (miles);;109,4
2018;Catalunya;en el gran comercio;total;total;población de 15 años o más (miles);;6386,6
2018;Catalunya;en la entidad financiera;hombres;solo catalán;población de 15 años o más (miles);;909,3
2018;Catalunya;en la entidad financiera;hombres;más catalán que castellano;población de 15 años o más (miles);;363,9
2018;Catalunya;en la entidad financiera;hombres;catalán y castellano;población de 15 años o más (miles);;410,3
2018;Catalunya;en la entidad financiera;hombres;más castellano que catalán;población de 15 años o más (miles);;231,7
2018;Catalunya;en la entidad financiera;hombres;solo castellano;población de 15 años o más (miles);;1058,7
2018;Catalunya;en la entidad financiera;hombres;otra lengua (o lenguas);población de 15 años o más (miles);;5,1
2018;Catalunya;en la entidad financiera;hombres;catalán y otra lengua (o lenguas);población de 15 años o más (miles);..;null
2018;Catalunya;en la entidad financiera;hombres;castellano y otra lengua (o lenguas);población de 15 años o más (miles);..;null
2018;Catalunya;en la entidad financiera;hombres;otras combinaciones de lenguas;población de 15 años o más (miles);;1,4
2018;Catalunya;en la entidad financiera;hombres;No consta;población de 15 años o más (miles);;110,2
2018;Catalunya;en la entidad financiera;hombres;total;población de 15 años o más (miles);;3094,9
2018;Catalunya;en la entidad financiera;mujeres;solo catalán;población de 15 años o más (miles);;1012,0
2018;Catalunya;en la entidad financiera;mujeres;más catalán que castellano;población de 15 años o más (miles);;374,5
2018;Catalunya;en la entidad financiera;mujeres;catalán y castellano;población de 15 años o más (miles);;382,0
2018;Catalunya;en la entidad financiera;mujeres;más castellano que catalán;población de 15 años o más (miles);;214,9
2018;Catalunya;en la entidad financiera;mujeres;solo castellano;población de 15 años o más (miles);;1160,7
2018;Catalunya;en la entidad financiera;mujeres;otra lengua (o lenguas);población de 15 años o más (miles);;6,2
2018;Catalunya;en la entidad financiera;mujeres;catalán y otra lengua (o lenguas);población de 15 años o más (miles);..;null
2018;Catalunya;en la entidad financiera;mujeres;castellano y otra lengua (o lenguas);población de 15 años o más (miles);..;null
2018;Catalunya;en la entidad financiera;mujeres;otras combinaciones de lenguas;población de 15 años o más (miles);;0,5
2018;Catalunya;en la entidad financiera;mujeres;No consta;población de 15 años o más (miles);;137,3
2018;Catalunya;en la entidad financiera;mujeres;total;población de 15 años o más (miles);;3291,7
2018;Catalunya;en la entidad financiera;total;solo catalán;población de 15 años o más (miles);;1921,4
2018;Catalunya;en la entidad financiera;total;más catalán que castellano;población de 15 años o más (miles);;738,4
2018;Catalunya;en la entidad financiera;total;catalán y castellano;población de 15 años o más (miles);;792,3
2018;Catalunya;en la entidad financiera;total;más castellano que catalán;población de 15 años o más (miles);;446,6
2018;Catalunya;en la entidad financiera;total;solo castellano;población de 15 años o más (miles);;2219,4
2018;Catalunya;en la entidad financiera;total;otra lengua (o lenguas);población de 15 años o más (miles);;11,3
2018;Catalunya;en la entidad financiera;total;catalán y otra lengua (o lenguas);población de 15 años o más (miles);;1,3
2018;Catalunya;en la entidad financiera;total;castellano y otra lengua (o lenguas);población de 15 años o más (miles);;6,6
2018;Catalunya;en la entidad financiera;total;otras combinaciones de lenguas;población de 15 años o más (miles);;1,9
2018;Catalunya;en la entidad financiera;total;No consta;población de 15 años o más (miles);;247,5
2018;Catalunya;en la entidad financiera;total;total;población de 15 años o más (miles);;6386,6
2018;Catalunya;con el personal de un restaurante o bar;hombres;solo catalán;población de 15 años o más (miles);..;null
2018;Catalunya;con el personal de un restaurante o bar;hombres;más catalán que castellano;población de 15 años o más (miles);..;null
2018;Catalunya;con el personal de un restaurante o bar;hombres;catalán y castellano;población de 15 años o más (miles);..;null
2018;Catalunya;con el personal de un restaurante o bar;hombres;más castellano que catalán;población de 15 años o más (miles);..;null
2018;Catalunya;con el personal de un restaurante o bar;hombres;solo castellano;población de 15 años o más (miles);..;null
2018;Catalunya;con el personal de un restaurante o bar;hombres;otra lengua (o lenguas);población de 15 años o más (miles);..;null
2018;Catalunya;con el personal de un restaurante o bar;hombres;catalán y otra lengua (o lenguas);población de 15 años o más (miles);..;null
2018;Catalunya;con el personal de un restaurante o bar;hombres;castellano y otra lengua (o lenguas);población de 15 años o más (miles);..;null
2018;Catalunya;con el personal de un restaurante o bar;hombres;otras combinaciones de lenguas;población de 15 años o más (miles);..;null
2018;Catalunya;con el personal de un restaurante o bar;hombres;No consta;población de 15 años o más (miles);..;null
2018;Catalunya;con el personal de un restaurante o bar;hombres;total;población de 15 años o más (miles);..;null
2018;Catalunya;con el personal de un restaurante o bar;mujeres;solo catalán;población de 15 años o más (miles);..;null
2018;Catalunya;con el personal de un restaurante o bar;mujeres;más catalán que castellano;población de 15 años o más (miles);..;null
2018;Catalunya;con el personal de un restaurante o bar;mujeres;catalán y castellano;población de 15 años o más (miles);..;null
2018;Catalunya;con el personal de un restaurante o bar;mujeres;más castellano que catalán;población de 15 años o más (miles);..;null
2018;Catalunya;con el personal de un restaurante o bar;mujeres;solo castellano;población de 15 años o más (miles);..;null
2018;Catalunya;con el personal de un restaurante o bar;mujeres;otra lengua (o lenguas);población de 15 años o más (miles);..;null
2018;Catalunya;con el personal de un restaurante o bar;mujeres;catalán y otra lengua (o lenguas);población de 15 años o más (miles);..;null
2018;Catalunya;con el personal de un restaurante o bar;mujeres;castellano y otra lengua (o lenguas);población de 15 años o más (miles);..;null
2018;Catalunya;con el personal de un restaurante o bar;mujeres;otras combinaciones de lenguas;población de 15 años o más (miles);..;null
2018;Catalunya;con el personal de un restaurante o bar;mujeres;No consta;población de 15 años o más (miles);..;null
2018;Catalunya;con el personal de un restaurante o bar;mujeres;total;población de 15 años o más (miles);..;null
2018;Catalunya;con el personal de un restaurante o bar;total;solo catalán;población de 15 años o más (miles);..;null
2018;Catalunya;con el personal de un restaurante o bar;total;más catalán que castellano;población de 15 años o más (miles);..;null
2018;Catalunya;con el personal de un restaurante o bar;total;catalán y castellano;población de 15 años o más (miles);..;null
2018;Catalunya;con el personal de un restaurante o bar;total;más castellano que catalán;población de 15 años o más (miles);..;null
2018;Catalunya;con el personal de un restaurante o bar;total;solo castellano;población de 15 años o más (miles);..;null
2018;Catalunya;con el personal de un restaurante o bar;total;otra lengua (o lenguas);población de 15 años o más (miles);..;null
2018;Catalunya;con el personal de un restaurante o bar;total;catalán y otra lengua (o lenguas);población de 15 años o más (miles);..;null
2018;Catalunya;con el personal de un restaurante o bar;total;castellano y otra lengua (o lenguas);población de 15 años o más (miles);..;null
2018;Catalunya;con el personal de un restaurante o bar;total;otras combinaciones de lenguas;población de 15 años o más (miles);..;null
2018;Catalunya;con el personal de un restaurante o bar;total;No consta;población de 15 años o más (miles);..;null
2018;Catalunya;con el personal de un restaurante o bar;total;total;población de 15 años o más (miles);..;null
2018;Catalunya;con la Administración local;hombres;solo catalán;población de 15 años o más (miles);;1166,6
2018;Catalunya;con la Administración local;hombres;más catalán que castellano;población de 15 años o más (miles);;302,3
2018;Catalunya;con la Administración local;hombres;catalán y castellano;población de 15 años o más (miles);;293,6
2018;Catalunya;con la Administración local;hombres;más castellano que catalán;población de 15 años o más (miles);;200,8
2018;Catalunya;con la Administración local;hombres;solo castellano;población de 15 años o más (miles);;948,3
2018;Catalunya;con la Administración local;hombres;otra lengua (o lenguas);población de 15 años o más (miles);;6,2
2018;Catalunya;con la Administración local;hombres;catalán y otra lengua (o lenguas);población de 15 años o más (miles);..;null
2018;Catalunya;con la Administración local;hombres;castellano y otra lengua (o lenguas);población de 15 años o más (miles);..;null
2018;Catalunya;con la Administración local;hombres;otras combinaciones de lenguas;población de 15 años o más (miles);..;null
2018;Catalunya;con la Administración local;hombres;No consta;población de 15 años o más (miles);;173,7
2018;Catalunya;con la Administración local;hombres;total;población de 15 años o más (miles);;3094,9
2018;Catalunya;con la Administración local;mujeres;solo catalán;población de 15 años o más (miles);;1256,4
2018;Catalunya;con la Administración local;mujeres;más catalán que castellano;población de 15 años o más (miles);;311,9
2018;Catalunya;con la Administración local;mujeres;catalán y castellano;población de 15 años o más (miles);;289,7
2018;Catalunya;con la Administración local;mujeres;más castellano que catalán;población de 15 años o más (miles);;182,6
2018;Catalunya;con la Administración local;mujeres;solo castellano;población de 15 años o más (miles);;1037,4
2018;Catalunya;con la Administración local;mujeres;otra lengua (o lenguas);población de 15 años o más (miles);;7,2
2018;Catalunya;con la Administración local;mujeres;catalán y otra lengua (o lenguas);población de 15 años o más (miles);..;null
2018;Catalunya;con la Administración local;mujeres;castellano y otra lengua (o lenguas);población de 15 años o más (miles);..;null
2018;Catalunya;con la Administración local;mujeres;otras combinaciones de lenguas;población de 15 años o más (miles);..;null
2018;Catalunya;con la Administración local;mujeres;No consta;población de 15 años o más (miles);;204,8
2018;Catalunya;con la Administración local;mujeres;total;población de 15 años o más (miles);;3291,7
2018;Catalunya;con la Administración local;total;solo catalán;población de 15 años o más (miles);;2422,9
2018;Catalunya;con la Administración local;total;más catalán que castellano;población de 15 años o más (miles);;614,3
2018;Catalunya;con la Administración local;total;catalán y castellano;población de 15 años o más (miles);;583,2
2018;Catalunya;con la Administración local;total;más castellano que catalán;población de 15 años o más (miles);;383,4
2018;Catalunya;con la Administración local;total;solo castellano;población de 15 años o más (miles);;1985,7
2018;Catalunya;con la Administración local;total;otra lengua (o lenguas);población de 15 años o más (miles);;13,3
2018;Catalunya;con la Administración local;total;catalán y otra lengua (o lenguas);población de 15 años o más (miles);;1,3
2018;Catalunya;con la Administración local;total;castellano y otra lengua (o lenguas);población de 15 años o más (miles);..;null
2018;Catalunya;con la Administración local;total;otras combinaciones de lenguas;población de 15 años o más (miles);;1,9
2018;Catalunya;con la Administración local;total;No consta;población de 15 años o más (miles);;378,6
2018;Catalunya;con la Administración local;total;total;población de 15 años o más (miles);;6386,6
2018;Catalunya;con la Administración de la Generalitat de Catalunya;hombres;solo catalán;población de 15 años o más (miles);;1175,9
2018;Catalunya;con la Administración de la Generalitat de Catalunya;hombres;más catalán que castellano;población de 15 años o más (miles);;271,7
2018;Catalunya;con la Administración de la Generalitat de Catalunya;hombres;catalán y castellano;población de 15 años o más (miles);;256,7
2018;Catalunya;con la Administración de la Generalitat de Catalunya;hombres;más castellano que catalán;población de 15 años o más (miles);;165,7
2018;Catalunya;con la Administración de la Generalitat de Catalunya;hombres;solo castellano;población de 15 años o más (miles);;888,9
2018;Catalunya;con la Administración de la Generalitat de Catalunya;hombres;otra lengua (o lenguas);población de 15 años o más (miles);..;null
2018;Catalunya;con la Administración de la Generalitat de Catalunya;hombres;catalán y otra lengua (o lenguas);población de 15 años o más (miles);..;null
2018;Catalunya;con la Administración de la Generalitat de Catalunya;hombres;castellano y otra lengua (o lenguas);población de 15 años o más (miles);..;null
2018;Catalunya;con la Administración de la Generalitat de Catalunya;hombres;otras combinaciones de lenguas;población de 15 años o más (miles);..;null
2018;Catalunya;con la Administración de la Generalitat de Catalunya;hombres;No consta;población de 15 años o más (miles);;333,3
2018;Catalunya;con la Administración de la Generalitat de Catalunya;hombres;total;población de 15 años o más (miles);;3094,9
2018;Catalunya;con la Administración de la Generalitat de Catalunya;mujeres;solo catalán;población de 15 años o más (miles);;1212,6
2018;Catalunya;con la Administración de la Generalitat de Catalunya;mujeres;más catalán que castellano;población de 15 años o más (miles);;265,6
2018;Catalunya;con la Administración de la Generalitat de Catalunya;mujeres;catalán y castellano;población de 15 años o más (miles);;239,7
2018;Catalunya;con la Administración de la Generalitat de Catalunya;mujeres;más castellano que catalán;población de 15 años o más (miles);;146,7
2018;Catalunya;con la Administración de la Generalitat de Catalunya;mujeres;solo castellano;población de 15 años o más (miles);;955,0
2018;Catalunya;con la Administración de la Generalitat de Catalunya;mujeres;otra lengua (o lenguas);población de 15 años o más (miles);..;null
2018;Catalunya;con la Administración de la Generalitat de Catalunya;mujeres;catalán y otra lengua (o lenguas);población de 15 años o más (miles);..;null
2018;Catalunya;con la Administración de la Generalitat de Catalunya;mujeres;castellano y otra lengua (o lenguas);población de 15 años o más (miles);..;null
2018;Catalunya;con la Administración de la Generalitat de Catalunya;mujeres;otras combinaciones de lenguas;población de 15 años o más (miles);..;null
2018;Catalunya;con la Administración de la Generalitat de Catalunya;mujeres;No consta;población de 15 años o más (miles);;466,0
2018;Catalunya;con la Administración de la Generalitat de Catalunya;mujeres;total;población de 15 años o más (miles);;3291,7
2018;Catalunya;con la Administración de la Generalitat de Catalunya;total;solo catalán;población de 15 años o más (miles);;2388,5
2018;Catalunya;con la Administración de la Generalitat de Catalunya;total;más catalán que castellano;población de 15 años o más (miles);;537,3
2018;Catalunya;con la Administración de la Generalitat de Catalunya;total;catalán y castellano;población de 15 años o más (miles);;496,5
2018;Catalunya;con la Administración de la Generalitat de Catalunya;total;más castellano que catalán;población de 15 años o más (miles);;312,3
2018;Catalunya;con la Administración de la Generalitat de Catalunya;total;solo castellano;población de 15 años o más (miles);;1843,8
2018;Catalunya;con la Administración de la Generalitat de Catalunya;total;otra lengua (o lenguas);población de 15 años o más (miles);..;null
2018;Catalunya;con la Administración de la Generalitat de Catalunya;total;catalán y otra lengua (o lenguas);población de 15 años o más (miles);..;null
2018;Catalunya;con la Administración de la Generalitat de Catalunya;total;castellano y otra lengua (o lenguas);población de 15 años o más (miles);..;null
2018;Catalunya;con la Administración de la Generalitat de Catalunya;total;otras combinaciones de lenguas;población de 15 años o más (miles);..;null
2018;Catalunya;con la Administración de la Generalitat de Catalunya;total;No consta;población de 15 años o más (miles);;799,2
2018;Catalunya;con la Administración de la Generalitat de Catalunya;total;total;población de 15 años o más (miles);;6386,6
2018;Catalunya;con la Administración del Estado en Cataluña;hombres;solo catalán;población de 15 años o más (miles);;577,0
2018;Catalunya;con la Administración del Estado en Cataluña;hombres;más catalán que castellano;población de 15 años o más (miles);;358,2
2018;Catalunya;con la Administración del Estado en Cataluña;hombres;catalán y castellano;población de 15 años o más (miles);;437,5
2018;Catalunya;con la Administración del Estado en Cataluña;hombres;más castellano que catalán;población de 15 años o más (miles);;307,5
2018;Catalunya;con la Administración del Estado en Cataluña;hombres;solo castellano;población de 15 años o más (miles);;1226,0
2018;Catalunya;con la Administración del Estado en Cataluña;hombres;otra lengua (o lenguas);población de 15 años o más (miles);..;null
2018;Catalunya;con la Administración del Estado en Cataluña;hombres;catalán y otra lengua (o lenguas);población de 15 años o más (miles);..;null
2018;Catalunya;con la Administración del Estado en Cataluña;hombres;castellano y otra lengua (o lenguas);población de 15 años o más (miles);..;null
2018;Catalunya;con la Administración del Estado en Cataluña;hombres;otras combinaciones de lenguas;población de 15 años o más (miles);..;null
2018;Catalunya;con la Administración del Estado en Cataluña;hombres;No consta;población de 15 años o más (miles);;184,2
2018;Catalunya;con la Administración del Estado en Cataluña;hombres;total;población de 15 años o más (miles);;3094,9
2018;Catalunya;con la Administración del Estado en Cataluña;mujeres;solo catalán;población de 15 años o más (miles);;706,1
2018;Catalunya;con la Administración del Estado en Cataluña;mujeres;más catalán que castellano;población de 15 años o más (miles);;378,9
2018;Catalunya;con la Administración del Estado en Cataluña;mujeres;catalán y castellano;población de 15 años o más (miles);;430,1
2018;Catalunya;con la Administración del Estado en Cataluña;mujeres;más castellano que catalán;población de 15 años o más (miles);;264,3
2018;Catalunya;con la Administración del Estado en Cataluña;mujeres;solo castellano;población de 15 años o más (miles);;1259,6
2018;Catalunya;con la Administración del Estado en Cataluña;mujeres;otra lengua (o lenguas);población de 15 años o más (miles);..;null
2018;Catalunya;con la Administración del Estado en Cataluña;mujeres;catalán y otra lengua (o lenguas);población de 15 años o más (miles);..;null
2018;Catalunya;con la Administración del Estado en Cataluña;mujeres;castellano y otra lengua (o lenguas);población de 15 años o más (miles);..;null
2018;Catalunya;con la Administración del Estado en Cataluña;mujeres;otras combinaciones de lenguas;población de 15 años o más (miles);..;null
2018;Catalunya;con la Administración del Estado en Cataluña;mujeres;No consta;población de 15 años o más (miles);;245,9
2018;Catalunya;con la Administración del Estado en Cataluña;mujeres;total;población de 15 años o más (miles);;3291,7
2018;Catalunya;con la Administración del Estado en Cataluña;total;solo catalán;población de 15 años o más (miles);;1283,1
2018;Catalunya;con la Administración del Estado en Cataluña;total;más catalán que castellano;población de 15 años o más (miles);;737,1
2018;Catalunya;con la Administración del Estado en Cataluña;total;catalán y castellano;población de 15 años o más (miles);;867,6
2018;Catalunya;con la Administración del Estado en Cataluña;total;más castellano que catalán;población de 15 años o más (miles);;571,8
2018;Catalunya;con la Administración del Estado en Cataluña;total;solo castellano;población de 15 años o más (miles);;2485,6
2018;Catalunya;con la Administración del Estado en Cataluña;total;otra lengua (o lenguas);población de 15 años o más (miles);..;null
2018;Catalunya;con la Administración del Estado en Cataluña;total;catalán y otra lengua (o lenguas);población de 15 años o más (miles);..;null
2018;Catalunya;con la Administración del Estado en Cataluña;total;castellano y otra lengua (o lenguas);población de 15 años o más (miles);..;null
2018;Catalunya;con la Administración del Estado en Cataluña;total;otras combinaciones de lenguas;población de 15 años o más (miles);..;null
2018;Catalunya;con la Administración del Estado en Cataluña;total;No consta;población de 15 años o más (miles);;430,1
2018;Catalunya;con la Administración del Estado en Cataluña;total;total;población de 15 años o más (miles);;6386,6
2018;Catalunya;con la policía local o Mossos d'Esquadra;hombres;solo catalán;población de 15 años o más (miles);..;null
2018;Catalunya;con la policía local o Mossos d'Esquadra;hombres;más catalán que castellano;población de 15 años o más (miles);..;null
2018;Catalunya;con la policía local o Mossos d'Esquadra;hombres;catalán y castellano;población de 15 años o más (miles);..;null
2018;Catalunya;con la policía local o Mossos d'Esquadra;hombres;más castellano que catalán;población de 15 años o más (miles);..;null
2018;Catalunya;con la policía local o Mossos d'Esquadra;hombres;solo castellano;población de 15 años o más (miles);..;null
2018;Catalunya;con la policía local o Mossos d'Esquadra;hombres;otra lengua (o lenguas);población de 15 años o más (miles);..;null
2018;Catalunya;con la policía local o Mossos d'Esquadra;hombres;catalán y otra lengua (o lenguas);población de 15 años o más (miles);..;null
2018;Catalunya;con la policía local o Mossos d'Esquadra;hombres;castellano y otra lengua (o lenguas);población de 15 años o más (miles);..;null
2018;Catalunya;con la policía local o Mossos d'Esquadra;hombres;otras combinaciones de lenguas;población de 15 años o más (miles);..;null
2018;Catalunya;con la policía local o Mossos d'Esquadra;hombres;No consta;población de 15 años o más (miles);..;null
2018;Catalunya;con la policía local o Mossos d'Esquadra;hombres;total;población de 15 años o más (miles);..;null
2018;Catalunya;con la policía local o Mossos d'Esquadra;mujeres;solo catalán;población de 15 años o más (miles);..;null
2018;Catalunya;con la policía local o Mossos d'Esquadra;mujeres;más catalán que castellano;población de 15 años o más (miles);..;null
2018;Catalunya;con la policía local o Mossos d'Esquadra;mujeres;catalán y castellano;población de 15 años o más (miles);..;null
2018;Catalunya;con la policía local o Mossos d'Esquadra;mujeres;más castellano que catalán;población de 15 años o más (miles);..;null
2018;Catalunya;con la policía local o Mossos d'Esquadra;mujeres;solo castellano;población de 15 años o más (miles);..;null
2018;Catalunya;con la policía local o Mossos d'Esquadra;mujeres;otra lengua (o lenguas);población de 15 años o más (miles);..;null
2018;Catalunya;con la policía local o Mossos d'Esquadra;mujeres;catalán y otra lengua (o lenguas);población de 15 años o más (miles);..;null
2018;Catalunya;con la policía local o Mossos d'Esquadra;mujeres;castellano y otra lengua (o lenguas);población de 15 años o más (miles);..;null
2018;Catalunya;con la policía local o Mossos d'Esquadra;mujeres;otras combinaciones de lenguas;población de 15 años o más (miles);..;null
2018;Catalunya;con la policía local o Mossos d'Esquadra;mujeres;No consta;población de 15 años o más (miles);..;null
2018;Catalunya;con la policía local o Mossos d'Esquadra;mujeres;total;población de 15 años o más (miles);..;null
2018;Catalunya;con la policía local o Mossos d'Esquadra;total;solo catalán;población de 15 años o más (miles);..;null
2018;Catalunya;con la policía local o Mossos d'Esquadra;total;más catalán que castellano;población de 15 años o más (miles);..;null
2018;Catalunya;con la policía local o Mossos d'Esquadra;total;catalán y castellano;población de 15 años o más (miles);..;null
2018;Catalunya;con la policía local o Mossos d'Esquadra;total;más castellano que catalán;población de 15 años o más (miles);..;null
2018;Catalunya;con la policía local o Mossos d'Esquadra;total;solo castellano;población de 15 años o más (miles);..;null
2018;Catalunya;con la policía local o Mossos d'Esquadra;total;otra lengua (o lenguas);población de 15 años o más (miles);..;null
2018;Catalunya;con la policía local o Mossos d'Esquadra;total;catalán y otra lengua (o lenguas);población de 15 años o más (miles);..;null
2018;Catalunya;con la policía local o Mossos d'Esquadra;total;castellano y otra lengua (o lenguas);población de 15 años o más (miles);..;null
2018;Catalunya;con la policía local o Mossos d'Esquadra;total;otras combinaciones de lenguas;población de 15 años o más (miles);..;null
2018;Catalunya;con la policía local o Mossos d'Esquadra;total;No consta;población de 15 años o más (miles);..;null
2018;Catalunya;con la policía local o Mossos d'Esquadra;total;total;población de 15 años o más (miles);..;null
2018;Catalunya;con los órganos judiciales;hombres;solo catalán;población de 15 años o más (miles);..;null
2018;Catalunya;con los órganos judiciales;hombres;más catalán que castellano;población de 15 años o más (miles);..;null
2018;Catalunya;con los órganos judiciales;hombres;catalán y castellano;población de 15 años o más (miles);..;null
2018;Catalunya;con los órganos judiciales;hombres;más castellano que catalán;población de 15 años o más (miles);..;null
2018;Catalunya;con los órganos judiciales;hombres;solo castellano;población de 15 años o más (miles);..;null
2018;Catalunya;con los órganos judiciales;hombres;otra lengua (o lenguas);población de 15 años o más (miles);..;null
2018;Catalunya;con los órganos judiciales;hombres;catalán y otra lengua (o lenguas);población de 15 años o más (miles);..;null
2018;Catalunya;con los órganos judiciales;hombres;castellano y otra lengua (o lenguas);población de 15 años o más (miles);..;null
2018;Catalunya;con los órganos judiciales;hombres;otras combinaciones de lenguas;población de 15 años o más (miles);..;null
2018;Catalunya;con los órganos judiciales;hombres;No consta;población de 15 años o más (miles);..;null
2018;Catalunya;con los órganos judiciales;hombres;total;población de 15 años o más (miles);..;null
2018;Catalunya;con los órganos judiciales;mujeres;solo catalán;población de 15 años o más (miles);..;null
2018;Catalunya;con los órganos judiciales;mujeres;más catalán que castellano;población de 15 años o más (miles);..;null
2018;Catalunya;con los órganos judiciales;mujeres;catalán y castellano;población de 15 años o más (miles);..;null
2018;Catalunya;con los órganos judiciales;mujeres;más castellano que catalán;población de 15 años o más (miles);..;null
2018;Catalunya;con los órganos judiciales;mujeres;solo castellano;población de 15 años o más (miles);..;null
2018;Catalunya;con los órganos judiciales;mujeres;otra lengua (o lenguas);población de 15 años o más (miles);..;null
2018;Catalunya;con los órganos judiciales;mujeres;catalán y otra lengua (o lenguas);población de 15 años o más (miles);..;null
2018;Catalunya;con los órganos judiciales;mujeres;castellano y otra lengua (o lenguas);población de 15 años o más (miles);..;null
2018;Catalunya;con los órganos judiciales;mujeres;otras combinaciones de lenguas;población de 15 años o más (miles);..;null
2018;Catalunya;con los órganos judiciales;mujeres;No consta;población de 15 años o más (miles);..;null
2018;Catalunya;con los órganos judiciales;mujeres;total;población de 15 años o más (miles);..;null
2018;Catalunya;con los órganos judiciales;total;solo catalán;población de 15 años o más (miles);..;null
2018;Catalunya;con los órganos judiciales;total;más catalán que castellano;población de 15 años o más (miles);..;null
2018;Catalunya;con los órganos judiciales;total;catalán y castellano;población de 15 años o más (miles);..;null
2018;Catalunya;con los órganos judiciales;total;más castellano que catalán;población de 15 años o más (miles);..;null
2018;Catalunya;con los órganos judiciales;total;solo castellano;población de 15 años o más (miles);..;null
2018;Catalunya;con los órganos judiciales;total;otra lengua (o lenguas);población de 15 años o más (miles);..;null
2018;Catalunya;con los órganos judiciales;total;catalán y otra lengua (o lenguas);población de 15 años o más (miles);..;null
2018;Catalunya;con los órganos judiciales;total;castellano y otra lengua (o lenguas);población de 15 años o más (miles);..;null
2018;Catalunya;con los órganos judiciales;total;otras combinaciones de lenguas;población de 15 años o más (miles);..;null
2018;Catalunya;con los órganos judiciales;total;No consta;población de 15 años o más (miles);..;null
2018;Catalunya;con los órganos judiciales;total;total;población de 15 años o más (miles);..;null
2018;Catalunya;con el personal médico;hombres;solo catalán;población de 15 años o más (miles);;808,2
2018;Catalunya;con el personal médico;hombres;más catalán que castellano;población de 15 años o más (miles);;405,5
2018;Catalunya;con el personal médico;hombres;catalán y castellano;población de 15 años o más (miles);;460,8
2018;Catalunya;con el personal médico;hombres;más castellano que catalán;población de 15 años o más (miles);;230,0
2018;Catalunya;con el personal médico;hombres;solo castellano;población de 15 años o más (miles);;1137,7
2018;Catalunya;con el personal médico;hombres;otra lengua (o lenguas);población de 15 años o más (miles);..;null
2018;Catalunya;con el personal médico;hombres;catalán y otra lengua (o lenguas);población de 15 años o más (miles);..;null
2018;Catalunya;con el personal médico;hombres;castellano y otra lengua (o lenguas);población de 15 años o más (miles);;7,1
2018;Catalunya;con el personal médico;hombres;otras combinaciones de lenguas;población de 15 años o más (miles);;2,0
2018;Catalunya;con el personal médico;hombres;No consta;población de 15 años o más (miles);;38,2
2018;Catalunya;con el personal médico;hombres;total;población de 15 años o más (miles);;3094,9
2018;Catalunya;con el personal médico;mujeres;solo catalán;población de 15 años o más (miles);;877,4
2018;Catalunya;con el personal médico;mujeres;más catalán que castellano;población de 15 años o más (miles);;397,8
2018;Catalunya;con el personal médico;mujeres;catalán y castellano;población de 15 años o más (miles);;463,5
2018;Catalunya;con el personal médico;mujeres;más castellano que catalán;población de 15 años o más (miles);;205,5
2018;Catalunya;con el personal médico;mujeres;solo castellano;población de 15 años o más (miles);;1311,6
2018;Catalunya;con el personal médico;mujeres;otra lengua (o lenguas);población de 15 años o más (miles);..;null
2018;Catalunya;con el personal médico;mujeres;catalán y otra lengua (o lenguas);población de 15 años o más (miles);..;null
2018;Catalunya;con el personal médico;mujeres;castellano y otra lengua (o lenguas);población de 15 años o más (miles);..;null
2018;Catalunya;con el personal médico;mujeres;otras combinaciones de lenguas;población de 15 años o más (miles);;0,5
2018;Catalunya;con el personal médico;mujeres;No consta;población de 15 años o más (miles);;20,8
2018;Catalunya;con el personal médico;mujeres;total;población de 15 años o más (miles);;3291,7
2018;Catalunya;con el personal médico;total;solo catalán;población de 15 años o más (miles);;1685,6
2018;Catalunya;con el personal médico;total;más catalán que castellano;población de 15 años o más (miles);;803,4
2018;Catalunya;con el personal médico;total;catalán y castellano;población de 15 años o más (miles);;924,3
2018;Catalunya;con el personal médico;total;más castellano que catalán;población de 15 años o más (miles);;435,5
2018;Catalunya;con el personal médico;total;solo castellano;población de 15 años o más (miles);;2449,3
2018;Catalunya;con el personal médico;total;otra lengua (o lenguas);población de 15 años o más (miles);;13,4
2018;Catalunya;con el personal médico;total;catalán y otra lengua (o lenguas);población de 15 años o más (miles);..;null
2018;Catalunya;con el personal médico;total;castellano y otra lengua (o lenguas);población de 15 años o más (miles);;11,6
2018;Catalunya;con el personal médico;total;otras combinaciones de lenguas;población de 15 años o más (miles);;2,5
2018;Catalunya;con el personal médico;total;No consta;población de 15 años o más (miles);;59,0
2018;Catalunya;con el personal médico;total;total;población de 15 años o más (miles);;6386,6
2018;Catalunya;al contestar al personal médico en la consulta;hombres;solo catalán;población de 15 años o más (miles);..;null
2018;Catalunya;al contestar al personal médico en la consulta;hombres;más catalán que castellano;población de 15 años o más (miles);..;null
2018;Catalunya;al contestar al personal médico en la consulta;hombres;catalán y castellano;población de 15 años o más (miles);..;null
2018;Catalunya;al contestar al personal médico en la consulta;hombres;más castellano que catalán;población de 15 años o más (miles);..;null
2018;Catalunya;al contestar al personal médico en la consulta;hombres;solo castellano;población de 15 años o más (miles);..;null
2018;Catalunya;al contestar al personal médico en la consulta;hombres;otra lengua (o lenguas);población de 15 años o más (miles);..;null
2018;Catalunya;al contestar al personal médico en la consulta;hombres;catalán y otra lengua (o lenguas);población de 15 años o más (miles);..;null
2018;Catalunya;al contestar al personal médico en la consulta;hombres;castellano y otra lengua (o lenguas);población de 15 años o más (miles);..;null
2018;Catalunya;al contestar al personal médico en la consulta;hombres;otras combinaciones de lenguas;población de 15 años o más (miles);..;null
2018;Catalunya;al contestar al personal médico en la consulta;hombres;No consta;población de 15 años o más (miles);..;null
2018;Catalunya;al contestar al personal médico en la consulta;hombres;total;población de 15 años o más (miles);..;null
2018;Catalunya;al contestar al personal médico en la consulta;mujeres;solo catalán;población de 15 años o más (miles);..;null
2018;Catalunya;al contestar al personal médico en la consulta;mujeres;más catalán que castellano;población de 15 años o más (miles);..;null
2018;Catalunya;al contestar al personal médico en la consulta;mujeres;catalán y castellano;población de 15 años o más (miles);..;null
2018;Catalunya;al contestar al personal médico en la consulta;mujeres;más castellano que catalán;población de 15 años o más (miles);..;null
2018;Catalunya;al contestar al personal médico en la consulta;mujeres;solo castellano;población de 15 años o más (miles);..;null
2018;Catalunya;al contestar al personal médico en la consulta;mujeres;otra lengua (o lenguas);población de 15 años o más (miles);..;null
2018;Catalunya;al contestar al personal médico en la consulta;mujeres;catalán y otra lengua (o lenguas);población de 15 años o más (miles);..;null
2018;Catalunya;al contestar al personal médico en la consulta;mujeres;castellano y otra lengua (o lenguas);población de 15 años o más (miles);..;null
2018;Catalunya;al contestar al personal médico en la consulta;mujeres;otras combinaciones de lenguas;población de 15 años o más (miles);..;null
2018;Catalunya;al contestar al personal médico en la consulta;mujeres;No consta;población de 15 años o más (miles);..;null
2018;Catalunya;al contestar al personal médico en la consulta;mujeres;total;población de 15 años o más (miles);..;null
2018;Catalunya;al contestar al personal médico en la consulta;total;solo catalán;población de 15 años o más (miles);..;null
2018;Catalunya;al contestar al personal médico en la consulta;total;más catalán que castellano;población de 15 años o más (miles);..;null
2018;Catalunya;al contestar al personal médico en la consulta;total;catalán y castellano;población de 15 años o más (miles);..;null
2018;Catalunya;al contestar al personal médico en la consulta;total;más castellano que catalán;población de 15 años o más (miles);..;null
2018;Catalunya;al contestar al personal médico en la consulta;total;solo castellano;población de 15 años o más (miles);..;null
2018;Catalunya;al contestar al personal médico en la consulta;total;otra lengua (o lenguas);población de 15 años o más (miles);..;null
2018;Catalunya;al contestar al personal médico en la consulta;total;catalán y otra lengua (o lenguas);población de 15 años o más (miles);..;null
2018;Catalunya;al contestar al personal médico en la consulta;total;castellano y otra lengua (o lenguas);población de 15 años o más (miles);..;null
2018;Catalunya;al contestar al personal médico en la consulta;total;otras combinaciones de lenguas;población de 15 años o más (miles);..;null
2018;Catalunya;al contestar al personal médico en la consulta;total;No consta;población de 15 años o más (miles);..;null
2018;Catalunya;al contestar al personal médico en la consulta;total;total;población de 15 años o más (miles);..;null
2018;Catalunya;al escribir mensajes de móvil;hombres;solo catalán;población de 15 años o más (miles);;340,1
2018;Catalunya;al escribir mensajes de móvil;hombres;más catalán que castellano;población de 15 años o más (miles);;356,7
2018;Catalunya;al escribir mensajes de móvil;hombres;catalán y castellano;población de 15 años o más (miles);;423,8
2018;Catalunya;al escribir mensajes de móvil;hombres;más castellano que catalán;población de 15 años o más (miles);;349,2
2018;Catalunya;al escribir mensajes de móvil;hombres;solo castellano;población de 15 años o más (miles);;1036,3
2018;Catalunya;al escribir mensajes de móvil;hombres;otra lengua (o lenguas);población de 15 años o más (miles);;19,7
2018;Catalunya;al escribir mensajes de móvil;hombres;catalán y otra lengua (o lenguas);población de 15 años o más (miles);..;null
2018;Catalunya;al escribir mensajes de móvil;hombres;castellano y otra lengua (o lenguas);población de 15 años o más (miles);;141,1
2018;Catalunya;al escribir mensajes de móvil;hombres;otras combinaciones de lenguas;población de 15 años o más (miles);;74,6
2018;Catalunya;al escribir mensajes de móvil;hombres;No consta;población de 15 años o más (miles);;340,7
2018;Catalunya;al escribir mensajes de móvil;hombres;total;población de 15 años o más (miles);;3094,9
2018;Catalunya;al escribir mensajes de móvil;mujeres;solo catalán;población de 15 años o más (miles);;416,0
2018;Catalunya;al escribir mensajes de móvil;mujeres;más catalán que castellano;población de 15 años o más (miles);;394,9
2018;Catalunya;al escribir mensajes de móvil;mujeres;catalán y castellano;población de 15 años o más (miles);;440,6
2018;Catalunya;al escribir mensajes de móvil;mujeres;más castellano que catalán;población de 15 años o más (miles);;306,8
2018;Catalunya;al escribir mensajes de móvil;mujeres;solo castellano;población de 15 años o más (miles);;1062,9
2018;Catalunya;al escribir mensajes de móvil;mujeres;otra lengua (o lenguas);población de 15 años o más (miles);;36,4
2018;Catalunya;al escribir mensajes de móvil;mujeres;catalán y otra lengua (o lenguas);población de 15 años o más (miles);;12,1
2018;Catalunya;al escribir mensajes de móvil;mujeres;castellano y otra lengua (o lenguas);población de 15 años o más (miles);;155,3
2018;Catalunya;al escribir mensajes de móvil;mujeres;otras combinaciones de lenguas;población de 15 años o más (miles);;66,8
2018;Catalunya;al escribir mensajes de móvil;mujeres;No consta;población de 15 años o más (miles);;400,0
2018;Catalunya;al escribir mensajes de móvil;mujeres;total;población de 15 años o más (miles);;3291,7
2018;Catalunya;al escribir mensajes de móvil;total;solo catalán;población de 15 años o más (miles);;756,1
2018;Catalunya;al escribir mensajes de móvil;total;más catalán que castellano;población de 15 años o más (miles);;751,6
2018;Catalunya;al escribir mensajes de móvil;total;catalán y castellano;población de 15 años o más (miles);;864,3
2018;Catalunya;al escribir mensajes de móvil;total;más castellano que catalán;población de 15 años o más (miles);;656,0
2018;Catalunya;al escribir mensajes de móvil;total;solo castellano;población de 15 años o más (miles);;2099,2
2018;Catalunya;al escribir mensajes de móvil;total;otra lengua (o lenguas);población de 15 años o más (miles);;56,1
2018;Catalunya;al escribir mensajes de móvil;total;catalán y otra lengua (o lenguas);población de 15 años o más (miles);;24,8
2018;Catalunya;al escribir mensajes de móvil;total;castellano y otra lengua (o lenguas);población de 15 años o más (miles);;296,5
2018;Catalunya;al escribir mensajes de móvil;total;otras combinaciones de lenguas;población de 15 años o más (miles);;141,4
2018;Catalunya;al escribir mensajes de móvil;total;No consta;población de 15 años o más (miles);;740,7
2018;Catalunya;al escribir mensajes de móvil;total;total;población de 15 años o más (miles);;6386,6
2018;Catalunya;al hacer publicaciones en las redes sociales;hombres;solo catalán;población de 15 años o más (miles);..;null
2018;Catalunya;al hacer publicaciones en las redes sociales;hombres;más catalán que castellano;población de 15 años o más (miles);..;null
2018;Catalunya;al hacer publicaciones en las redes sociales;hombres;catalán y castellano;población de 15 años o más (miles);..;null
2018;Catalunya;al hacer publicaciones en las redes sociales;hombres;más castellano que catalán;población de 15 años o más (miles);..;null
2018;Catalunya;al hacer publicaciones en las redes sociales;hombres;solo castellano;población de 15 años o más (miles);..;null
2018;Catalunya;al hacer publicaciones en las redes sociales;hombres;otra lengua (o lenguas);población de 15 años o más (miles);..;null
2018;Catalunya;al hacer publicaciones en las redes sociales;hombres;catalán y otra lengua (o lenguas);población de 15 años o más (miles);..;null
2018;Catalunya;al hacer publicaciones en las redes sociales;hombres;castellano y otra lengua (o lenguas);población de 15 años o más (miles);..;null
2018;Catalunya;al hacer publicaciones en las redes sociales;hombres;otras combinaciones de lenguas;población de 15 años o más (miles);..;null
2018;Catalunya;al hacer publicaciones en las redes sociales;hombres;No consta;población de 15 años o más (miles);..;null
2018;Catalunya;al hacer publicaciones en las redes sociales;hombres;total;población de 15 años o más (miles);..;null
2018;Catalunya;al hacer publicaciones en las redes sociales;mujeres;solo catalán;población de 15 años o más (miles);..;null
2018;Catalunya;al hacer publicaciones en las redes sociales;mujeres;más catalán que castellano;población de 15 años o más (miles);..;null
2018;Catalunya;al hacer publicaciones en las redes sociales;mujeres;catalán y castellano;población de 15 años o más (miles);..;null
2018;Catalunya;al hacer publicaciones en las redes sociales;mujeres;más castellano que catalán;población de 15 años o más (miles);..;null
2018;Catalunya;al hacer publicaciones en las redes sociales;mujeres;solo castellano;población de 15 años o más (miles);..;null
2018;Catalunya;al hacer publicaciones en las redes sociales;mujeres;otra lengua (o lenguas);población de 15 años o más (miles);..;null
2018;Catalunya;al hacer publicaciones en las redes sociales;mujeres;catalán y otra lengua (o lenguas);población de 15 años o más (miles);..;null
2018;Catalunya;al hacer publicaciones en las redes sociales;mujeres;castellano y otra lengua (o lenguas);población de 15 años o más (miles);..;null
2018;Catalunya;al hacer publicaciones en las redes sociales;mujeres;otras combinaciones de lenguas;población de 15 años o más (miles);..;null
2018;Catalunya;al hacer publicaciones en las redes sociales;mujeres;No consta;población de 15 años o más (miles);..;null
2018;Catalunya;al hacer publicaciones en las redes sociales;mujeres;total;población de 15 años o más (miles);..;null
2018;Catalunya;al hacer publicaciones en las redes sociales;total;solo catalán;población de 15 años o más (miles);..;null
2018;Catalunya;al hacer publicaciones en las redes sociales;total;más catalán que castellano;población de 15 años o más (miles);..;null
2018;Catalunya;al hacer publicaciones en las redes sociales;total;catalán y castellano;población de 15 años o más (miles);..;null
2018;Catalunya;al hacer publicaciones en las redes sociales;total;más castellano que catalán;población de 15 años o más (miles);..;null
2018;Catalunya;al hacer publicaciones en las redes sociales;total;solo castellano;población de 15 años o más (miles);..;null
2018;Catalunya;al hacer publicaciones en las redes sociales;total;otra lengua (o lenguas);población de 15 años o más (miles);..;null
2018;Catalunya;al hacer publicaciones en las redes sociales;total;catalán y otra lengua (o lenguas);población de 15 años o más (miles);..;null
2018;Catalunya;al hacer publicaciones en las redes sociales;total;castellano y otra lengua (o lenguas);población de 15 años o más (miles);..;null
2018;Catalunya;al hacer publicaciones en las redes sociales;total;otras combinaciones de lenguas;población de 15 años o más (miles);..;null
2018;Catalunya;al hacer publicaciones en las redes sociales;total;No consta;población de 15 años o más (miles);..;null
2018;Catalunya;al hacer publicaciones en las redes sociales;total;total;población de 15 años o más (miles);..;null
2023;Catalunya;con los miembros del hogar;hombres;solo catalán;población de 15 años o más (miles);;802,1
2023;Catalunya;con los miembros del hogar;hombres;más catalán que castellano;población de 15 años o más (miles);;156,8
2023;Catalunya;con los miembros del hogar;hombres;catalán y castellano;población de 15 años o más (miles);;220,2
2023;Catalunya;con los miembros del hogar;hombres;más castellano que catalán;población de 15 años o más (miles);;261,3
2023;Catalunya;con los miembros del hogar;hombres;solo castellano;población de 15 años o más (miles);;1121,5
2023;Catalunya;con los miembros del hogar;hombres;otra lengua (o lenguas);población de 15 años o más (miles);;156,3
2023;Catalunya;con los miembros del hogar;hombres;catalán y otra lengua (o lenguas);población de 15 años o más (miles);;29,6
2023;Catalunya;con los miembros del hogar;hombres;castellano y otra lengua (o lenguas);población de 15 años o más (miles);;187,9
2023;Catalunya;con los miembros del hogar;hombres;otras combinaciones de lenguas;población de 15 años o más (miles);;24,9
2023;Catalunya;con los miembros del hogar;hombres;No consta;población de 15 años o más (miles);..;null
2023;Catalunya;con los miembros del hogar;hombres;total;población de 15 años o más (miles);;2966,3
2023;Catalunya;con los miembros del hogar;mujeres;solo catalán;población de 15 años o más (miles);;802,6
2023;Catalunya;con los miembros del hogar;mujeres;más catalán que castellano;población de 15 años o más (miles);;136,5
2023;Catalunya;con los miembros del hogar;mujeres;catalán y castellano;población de 15 años o más (miles);;222,0
2023;Catalunya;con los miembros del hogar;mujeres;más castellano que catalán;población de 15 años o más (miles);;249,2
2023;Catalunya;con los miembros del hogar;mujeres;solo castellano;población de 15 años o más (miles);;1242,9
2023;Catalunya;con los miembros del hogar;mujeres;otra lengua (o lenguas);población de 15 años o más (miles);;152,5
2023;Catalunya;con los miembros del hogar;mujeres;catalán y otra lengua (o lenguas);población de 15 años o más (miles);;30,4
2023;Catalunya;con los miembros del hogar;mujeres;castellano y otra lengua (o lenguas);población de 15 años o más (miles);;165,8
2023;Catalunya;con los miembros del hogar;mujeres;otras combinaciones de lenguas;población de 15 años o más (miles);;35,8
2023;Catalunya;con los miembros del hogar;mujeres;No consta;población de 15 años o más (miles);..;null
2023;Catalunya;con los miembros del hogar;mujeres;total;población de 15 años o más (miles);;3045,0
2023;Catalunya;con los miembros del hogar;total;solo catalán;población de 15 años o más (miles);;1604,7
2023;Catalunya;con los miembros del hogar;total;más catalán que castellano;población de 15 años o más (miles);;293,4
2023;Catalunya;con los miembros del hogar;total;catalán y castellano;población de 15 años o más (miles);;442,2
2023;Catalunya;con los miembros del hogar;total;más castellano que catalán;población de 15 años o más (miles);;510,5
2023;Catalunya;con los miembros del hogar;total;solo castellano;población de 15 años o más (miles);;2364,3
2023;Catalunya;con los miembros del hogar;total;otra lengua (o lenguas);población de 15 años o más (miles);;308,9
2023;Catalunya;con los miembros del hogar;total;catalán y otra lengua (o lenguas);población de 15 años o más (miles);;60,0
2023;Catalunya;con los miembros del hogar;total;castellano y otra lengua (o lenguas);población de 15 años o más (miles);;353,6
2023;Catalunya;con los miembros del hogar;total;otras combinaciones de lenguas;población de 15 años o más (miles);;60,8
2023;Catalunya;con los miembros del hogar;total;No consta;población de 15 años o más (miles);..;null
2023;Catalunya;con los miembros del hogar;total;total;población de 15 años o más (miles);;6011,3
2023;Catalunya;con los amigos;hombres;solo catalán;población de 15 años o más (miles);;479,6
2023;Catalunya;con los amigos;hombres;más catalán que castellano;población de 15 años o más (miles);;491,7
2023;Catalunya;con los amigos;hombres;catalán y castellano;población de 15 años o más (miles);;570,9
2023;Catalunya;con los amigos;hombres;más castellano que catalán;población de 15 años o más (miles);;414,3
2023;Catalunya;con los amigos;hombres;solo castellano;población de 15 años o más (miles);;985,2
2023;Catalunya;con los amigos;hombres;otra lengua (o lenguas);población de 15 años o más (miles);;73,8
2023;Catalunya;con los amigos;hombres;catalán y otra lengua (o lenguas);población de 15 años o más (miles);;12,8
2023;Catalunya;con los amigos;hombres;castellano y otra lengua (o lenguas);población de 15 años o más (miles);;204,5
2023;Catalunya;con los amigos;hombres;otras combinaciones de lenguas;población de 15 años o más (miles);;53,3
2023;Catalunya;con los amigos;hombres;No consta;población de 15 años o más (miles);;26,1
2023;Catalunya;con los amigos;hombres;total;población de 15 años o más (miles);;3312,0
2023;Catalunya;con los amigos;mujeres;solo catalán;población de 15 años o más (miles);;537,1
2023;Catalunya;con los amigos;mujeres;más catalán que castellano;población de 15 años o más (miles);;489,4
2023;Catalunya;con los amigos;mujeres;catalán y castellano;población de 15 años o más (miles);;571,6
2023;Catalunya;con los amigos;mujeres;más castellano que catalán;población de 15 años o más (miles);;398,5
2023;Catalunya;con los amigos;mujeres;solo castellano;población de 15 años o más (miles);;1141,5
2023;Catalunya;con los amigos;mujeres;otra lengua (o lenguas);población de 15 años o más (miles);;72,2
2023;Catalunya;con los amigos;mujeres;catalán y otra lengua (o lenguas);población de 15 años o más (miles);;13,5
2023;Catalunya;con los amigos;mujeres;castellano y otra lengua (o lenguas);población de 15 años o más (miles);;160,0
2023;Catalunya;con los amigos;mujeres;otras combinaciones de lenguas;población de 15 años o más (miles);;53,3
2023;Catalunya;con los amigos;mujeres;No consta;población de 15 años o más (miles);;35,8
2023;Catalunya;con los amigos;mujeres;total;población de 15 años o más (miles);;3473,0
2023;Catalunya;con los amigos;total;solo catalán;población de 15 años o más (miles);;1016,7
2023;Catalunya;con los amigos;total;más catalán que castellano;población de 15 años o más (miles);;981,1
2023;Catalunya;con los amigos;total;catalán y castellano;población de 15 años o más (miles);;1142,4
2023;Catalunya;con los amigos;total;más castellano que catalán;población de 15 años o más (miles);;812,8
2023;Catalunya;con los amigos;total;solo castellano;población de 15 años o más (miles);;2126,7
2023;Catalunya;con los amigos;total;otra lengua (o lenguas);población de 15 años o más (miles);;146,0
2023;Catalunya;con los amigos;total;catalán y otra lengua (o lenguas);población de 15 años o más (miles);;26,3
2023;Catalunya;con los amigos;total;castellano y otra lengua (o lenguas);población de 15 años o más (miles);;364,5
2023;Catalunya;con los amigos;total;otras combinaciones de lenguas;población de 15 años o más (miles);;106,6
2023;Catalunya;con los amigos;total;No consta;población de 15 años o más (miles);;61,9
2023;Catalunya;con los amigos;total;total;población de 15 años o más (miles);;6785,1
2023;Catalunya;con los vecinos;hombres;solo catalán;población de 15 años o más (miles);;553,1
2023;Catalunya;con los vecinos;hombres;más catalán que castellano;población de 15 años o más (miles);;511,8
2023;Catalunya;con los vecinos;hombres;catalán y castellano;población de 15 años o más (miles);;502,2
2023;Catalunya;con los vecinos;hombres;más castellano que catalán;población de 15 años o más (miles);;350,6
2023;Catalunya;con los vecinos;hombres;solo castellano;población de 15 años o más (miles);;1190,0
2023;Catalunya;con los vecinos;hombres;otra lengua (o lenguas);población de 15 años o más (miles);;29,4
2023;Catalunya;con los vecinos;hombres;catalán y otra lengua (o lenguas);población de 15 años o más (miles);..;null
2023;Catalunya;con los vecinos;hombres;castellano y otra lengua (o lenguas);población de 15 años o más (miles);;78,5
2023;Catalunya;con los vecinos;hombres;otras combinaciones de lenguas;población de 15 años o más (miles);;15,1
2023;Catalunya;con los vecinos;hombres;No consta;población de 15 años o más (miles);;76,1
2023;Catalunya;con los vecinos;hombres;total;población de 15 años o más (miles);;3312,0
2023;Catalunya;con los vecinos;mujeres;solo catalán;población de 15 años o más (miles);;626,4
2023;Catalunya;con los vecinos;mujeres;más catalán que castellano;población de 15 años o más (miles);;450,2
2023;Catalunya;con los vecinos;mujeres;catalán y castellano;población de 15 años o más (miles);;514,9
2023;Catalunya;con los vecinos;mujeres;más castellano que catalán;población de 15 años o más (miles);;365,4
2023;Catalunya;con los vecinos;mujeres;solo castellano;población de 15 años o más (miles);;1318,1
2023;Catalunya;con los vecinos;mujeres;otra lengua (o lenguas);población de 15 años o más (miles);;38,5
2023;Catalunya;con los vecinos;mujeres;catalán y otra lengua (o lenguas);población de 15 años o más (miles);..;null
2023;Catalunya;con los vecinos;mujeres;castellano y otra lengua (o lenguas);población de 15 años o más (miles);;57,0
2023;Catalunya;con los vecinos;mujeres;otras combinaciones de lenguas;población de 15 años o más (miles);;18,5
2023;Catalunya;con los vecinos;mujeres;No consta;población de 15 años o más (miles);;81,4
2023;Catalunya;con los vecinos;mujeres;total;población de 15 años o más (miles);;3473,0
2023;Catalunya;con los vecinos;total;solo catalán;población de 15 años o más (miles);;1179,5
2023;Catalunya;con los vecinos;total;más catalán que castellano;población de 15 años o más (miles);;961,9
2023;Catalunya;con los vecinos;total;catalán y castellano;población de 15 años o más (miles);;1017,2
2023;Catalunya;con los vecinos;total;más castellano que catalán;población de 15 años o más (miles);;716,0
2023;Catalunya;con los vecinos;total;solo castellano;población de 15 años o más (miles);;2508,1
2023;Catalunya;con los vecinos;total;otra lengua (o lenguas);población de 15 años o más (miles);;67,8
2023;Catalunya;con los vecinos;total;catalán y otra lengua (o lenguas);población de 15 años o más (miles);;7,9
2023;Catalunya;con los vecinos;total;castellano y otra lengua (o lenguas);población de 15 años o más (miles);;135,5
2023;Catalunya;con los vecinos;total;otras combinaciones de lenguas;población de 15 años o más (miles);;33,6
2023;Catalunya;con los vecinos;total;No consta;población de 15 años o más (miles);;157,6
2023;Catalunya;con los vecinos;total;total;población de 15 años o más (miles);;6785,1
2023;Catalunya;con los compañeros de estudio;hombres;solo catalán;población de 15 años o más (miles);;111,5
2023;Catalunya;con los compañeros de estudio;hombres;más catalán que castellano;población de 15 años o más (miles);;84,8
2023;Catalunya;con los compañeros de estudio;hombres;catalán y castellano;población de 15 años o más (miles);;87,4
2023;Catalunya;con los compañeros de estudio;hombres;más castellano que catalán;población de 15 años o más (miles);;66,9
2023;Catalunya;con los compañeros de estudio;hombres;solo castellano;población de 15 años o más (miles);;114,5
2023;Catalunya;con los compañeros de estudio;hombres;otra lengua (o lenguas);población de 15 años o más (miles);;28,0
2023;Catalunya;con los compañeros de estudio;hombres;catalán y otra lengua (o lenguas);población de 15 años o más (miles);..;null
2023;Catalunya;con los compañeros de estudio;hombres;castellano y otra lengua (o lenguas);población de 15 años o más (miles);..;null
2023;Catalunya;con los compañeros de estudio;hombres;otras combinaciones de lenguas;población de 15 años o más (miles);..;null
2023;Catalunya;con los compañeros de estudio;hombres;No consta;población de 15 años o más (miles);;25,4
2023;Catalunya;con los compañeros de estudio;hombres;total;población de 15 años o más (miles);;545,8
2023;Catalunya;con los compañeros de estudio;mujeres;solo catalán;población de 15 años o más (miles);;165,0
2023;Catalunya;con los compañeros de estudio;mujeres;más catalán que castellano;población de 15 años o más (miles);;93,0
2023;Catalunya;con los compañeros de estudio;mujeres;catalán y castellano;población de 15 años o más (miles);;110,8
2023;Catalunya;con los compañeros de estudio;mujeres;más castellano que catalán;población de 15 años o más (miles);;69,7
2023;Catalunya;con los compañeros de estudio;mujeres;solo castellano;población de 15 años o más (miles);;172,5
2023;Catalunya;con los compañeros de estudio;mujeres;otra lengua (o lenguas);población de 15 años o más (miles);;22,3
2023;Catalunya;con los compañeros de estudio;mujeres;catalán y otra lengua (o lenguas);población de 15 años o más (miles);..;null
2023;Catalunya;con los compañeros de estudio;mujeres;castellano y otra lengua (o lenguas);población de 15 años o más (miles);..;null
2023;Catalunya;con los compañeros de estudio;mujeres;otras combinaciones de lenguas;población de 15 años o más (miles);..;null
2023;Catalunya;con los compañeros de estudio;mujeres;No consta;población de 15 años o más (miles);;46,4
2023;Catalunya;con los compañeros de estudio;mujeres;total;población de 15 años o más (miles);;702,1
2023;Catalunya;con los compañeros de estudio;total;solo catalán;población de 15 años o más (miles);;276,5
2023;Catalunya;con los compañeros de estudio;total;más catalán que castellano;población de 15 años o más (miles);;177,8
2023;Catalunya;con los compañeros de estudio;total;catalán y castellano;población de 15 años o más (miles);;198,2
2023;Catalunya;con los compañeros de estudio;total;más castellano que catalán;población de 15 años o más (miles);;136,6
2023;Catalunya;con los compañeros de estudio;total;solo castellano;población de 15 años o más (miles);;287,0
2023;Catalunya;con los compañeros de estudio;total;otra lengua (o lenguas);población de 15 años o más (miles);;50,3
2023;Catalunya;con los compañeros de estudio;total;catalán y otra lengua (o lenguas);población de 15 años o más (miles);..;null
2023;Catalunya;con los compañeros de estudio;total;castellano y otra lengua (o lenguas);población de 15 años o más (miles);;22,5
2023;Catalunya;con los compañeros de estudio;total;otras combinaciones de lenguas;población de 15 años o más (miles);;15,7
2023;Catalunya;con los compañeros de estudio;total;No consta;población de 15 años o más (miles);;71,8
2023;Catalunya;con los compañeros de estudio;total;total;población de 15 años o más (miles);;1247,9
2023;Catalunya;con los compañeros de trabajo;hombres;solo catalán;población de 15 años o más (miles);;268,6
2023;Catalunya;con los compañeros de trabajo;hombres;más catalán que castellano;población de 15 años o más (miles);;276,8
2023;Catalunya;con los compañeros de trabajo;hombres;catalán y castellano;población de 15 años o más (miles);;331,6
2023;Catalunya;con los compañeros de trabajo;hombres;más castellano que catalán;población de 15 años o más (miles);;213,3
2023;Catalunya;con los compañeros de trabajo;hombres;solo castellano;población de 15 años o más (miles);;530,0
2023;Catalunya;con los compañeros de trabajo;hombres;otra lengua (o lenguas);población de 15 años o más (miles);;51,6
2023;Catalunya;con los compañeros de trabajo;hombres;catalán y otra lengua (o lenguas);población de 15 años o más (miles);..;null
2023;Catalunya;con los compañeros de trabajo;hombres;castellano y otra lengua (o lenguas);población de 15 años o más (miles);;86,9
2023;Catalunya;con los compañeros de trabajo;hombres;otras combinaciones de lenguas;población de 15 años o más (miles);;55,9
2023;Catalunya;con los compañeros de trabajo;hombres;No consta;población de 15 años o más (miles);;35,0
2023;Catalunya;con los compañeros de trabajo;hombres;total;población de 15 años o más (miles);;1862,6
2023;Catalunya;con los compañeros de trabajo;mujeres;solo catalán;población de 15 años o más (miles);;309,2
2023;Catalunya;con los compañeros de trabajo;mujeres;más catalán que castellano;población de 15 años o más (miles);;255,3
2023;Catalunya;con los compañeros de trabajo;mujeres;catalán y castellano;población de 15 años o más (miles);;280,7
2023;Catalunya;con los compañeros de trabajo;mujeres;más castellano que catalán;población de 15 años o más (miles);;179,7
2023;Catalunya;con los compañeros de trabajo;mujeres;solo castellano;población de 15 años o más (miles);;377,2
2023;Catalunya;con los compañeros de trabajo;mujeres;otra lengua (o lenguas);población de 15 años o más (miles);;39,3
2023;Catalunya;con los compañeros de trabajo;mujeres;catalán y otra lengua (o lenguas);población de 15 años o más (miles);..;null
2023;Catalunya;con los compañeros de trabajo;mujeres;castellano y otra lengua (o lenguas);población de 15 años o más (miles);;48,2
2023;Catalunya;con los compañeros de trabajo;mujeres;otras combinaciones de lenguas;población de 15 años o más (miles);;40,6
2023;Catalunya;con los compañeros de trabajo;mujeres;No consta;población de 15 años o más (miles);;69,7
2023;Catalunya;con los compañeros de trabajo;mujeres;total;población de 15 años o más (miles);;1604,9
2023;Catalunya;con los compañeros de trabajo;total;solo catalán;población de 15 años o más (miles);;577,9
2023;Catalunya;con los compañeros de trabajo;total;más catalán que castellano;población de 15 años o más (miles);;532,1
2023;Catalunya;con los compañeros de trabajo;total;catalán y castellano;población de 15 años o más (miles);;612,3
2023;Catalunya;con los compañeros de trabajo;total;más castellano que catalán;población de 15 años o más (miles);;393,0
2023;Catalunya;con los compañeros de trabajo;total;solo castellano;población de 15 años o más (miles);;907,2
2023;Catalunya;con los compañeros de trabajo;total;otra lengua (o lenguas);población de 15 años o más (miles);;90,8
2023;Catalunya;con los compañeros de trabajo;total;catalán y otra lengua (o lenguas);población de 15 años o más (miles);;17,9
2023;Catalunya;con los compañeros de trabajo;total;castellano y otra lengua (o lenguas);población de 15 años o más (miles);;135,2
2023;Catalunya;con los compañeros de trabajo;total;otras combinaciones de lenguas;población de 15 años o más (miles);;96,5
2023;Catalunya;con los compañeros de trabajo;total;No consta;población de 15 años o más (miles);;104,7
2023;Catalunya;con los compañeros de trabajo;total;total;población de 15 años o más (miles);;3467,5
2023;Catalunya;con usuarios o clientes de Cataluña;hombres;solo catalán;población de 15 años o más (miles);;153,9
2023;Catalunya;con usuarios o clientes de Cataluña;hombres;más catalán que castellano;población de 15 años o más (miles);;338,2
2023;Catalunya;con usuarios o clientes de Cataluña;hombres;catalán y castellano;población de 15 años o más (miles);;398,4
2023;Catalunya;con usuarios o clientes de Cataluña;hombres;más castellano que catalán;población de 15 años o más (miles);;182,3
2023;Catalunya;con usuarios o clientes de Cataluña;hombres;solo castellano;población de 15 años o más (miles);;296,3
2023;Catalunya;con usuarios o clientes de Cataluña;hombres;otra lengua (o lenguas);población de 15 años o más (miles);;36,2
2023;Catalunya;con usuarios o clientes de Cataluña;hombres;catalán y otra lengua (o lenguas);población de 15 años o más (miles);..;null
2023;Catalunya;con usuarios o clientes de Cataluña;hombres;castellano y otra lengua (o lenguas);población de 15 años o más (miles);;84,3
2023;Catalunya;con usuarios o clientes de Cataluña;hombres;otras combinaciones de lenguas;población de 15 años o más (miles);;75,6
2023;Catalunya;con usuarios o clientes de Cataluña;hombres;No consta;población de 15 años o más (miles);..;null
2023;Catalunya;con usuarios o clientes de Cataluña;hombres;total;población de 15 años o más (miles);;1582,6
2023;Catalunya;con usuarios o clientes de Cataluña;mujeres;solo catalán;población de 15 años o más (miles);;186,6
2023;Catalunya;con usuarios o clientes de Cataluña;mujeres;más catalán que castellano;población de 15 años o más (miles);;293,6
2023;Catalunya;con usuarios o clientes de Cataluña;mujeres;catalán y castellano;población de 15 años o más (miles);;370,0
2023;Catalunya;con usuarios o clientes de Cataluña;mujeres;más castellano que catalán;población de 15 años o más (miles);;195,9
2023;Catalunya;con usuarios o clientes de Cataluña;mujeres;solo castellano;población de 15 años o más (miles);;225,6
2023;Catalunya;con usuarios o clientes de Cataluña;mujeres;otra lengua (o lenguas);población de 15 años o más (miles);;33,6
2023;Catalunya;con usuarios o clientes de Cataluña;mujeres;catalán y otra lengua (o lenguas);población de 15 años o más (miles);..;null
2023;Catalunya;con usuarios o clientes de Cataluña;mujeres;castellano y otra lengua (o lenguas);población de 15 años o más (miles);;64,3
2023;Catalunya;con usuarios o clientes de Cataluña;mujeres;otras combinaciones de lenguas;población de 15 años o más (miles);;66,1
2023;Catalunya;con usuarios o clientes de Cataluña;mujeres;No consta;población de 15 años o más (miles);..;null
2023;Catalunya;con usuarios o clientes de Cataluña;mujeres;total;población de 15 años o más (miles);;1454,5
2023;Catalunya;con usuarios o clientes de Cataluña;total;solo catalán;población de 15 años o más (miles);;340,6
2023;Catalunya;con usuarios o clientes de Cataluña;total;más catalán que castellano;población de 15 años o más (miles);;631,8
2023;Catalunya;con usuarios o clientes de Cataluña;total;catalán y castellano;población de 15 años o más (miles);;768,4
2023;Catalunya;con usuarios o clientes de Cataluña;total;más castellano que catalán;población de 15 años o más (miles);;378,3
2023;Catalunya;con usuarios o clientes de Cataluña;total;solo castellano;población de 15 años o más (miles);;521,9
2023;Catalunya;con usuarios o clientes de Cataluña;total;otra lengua (o lenguas);población de 15 años o más (miles);;69,8
2023;Catalunya;con usuarios o clientes de Cataluña;total;catalán y otra lengua (o lenguas);población de 15 años o más (miles);;23,7
2023;Catalunya;con usuarios o clientes de Cataluña;total;castellano y otra lengua (o lenguas);población de 15 años o más (miles);;148,6
2023;Catalunya;con usuarios o clientes de Cataluña;total;otras combinaciones de lenguas;población de 15 años o más (miles);;141,7
2023;Catalunya;con usuarios o clientes de Cataluña;total;No consta;población de 15 años o más (miles);..;null
2023;Catalunya;con usuarios o clientes de Cataluña;total;total;población de 15 años o más (miles);;3037,1
2023;Catalunya;con los compañeros de deporte;hombres;solo catalán;población de 15 años o más (miles);;403,3
2023;Catalunya;con los compañeros de deporte;hombres;más catalán que castellano;población de 15 años o más (miles);;323,4
2023;Catalunya;con los compañeros de deporte;hombres;catalán y castellano;población de 15 años o más (miles);;401,8
2023;Catalunya;con los compañeros de deporte;hombres;más castellano que catalán;población de 15 años o más (miles);;229,1
2023;Catalunya;con los compañeros de deporte;hombres;solo castellano;población de 15 años o más (miles);;738,9
2023;Catalunya;con los compañeros de deporte;hombres;otra lengua (o lenguas);población de 15 años o más (miles);;27,0
2023;Catalunya;con los compañeros de deporte;hombres;catalán y otra lengua (o lenguas);población de 15 años o más (miles);..;null
2023;Catalunya;con los compañeros de deporte;hombres;castellano y otra lengua (o lenguas);población de 15 años o más (miles);;63,5
2023;Catalunya;con los compañeros de deporte;hombres;otras combinaciones de lenguas;población de 15 años o más (miles);;16,8
2023;Catalunya;con los compañeros de deporte;hombres;No consta;población de 15 años o más (miles);;46,0
2023;Catalunya;con los compañeros de deporte;hombres;total;población de 15 años o más (miles);;2255,3
2023;Catalunya;con los compañeros de deporte;mujeres;solo catalán;población de 15 años o más (miles);;457,6
2023;Catalunya;con los compañeros de deporte;mujeres;más catalán que castellano;población de 15 años o más (miles);;304,7
2023;Catalunya;con los compañeros de deporte;mujeres;catalán y castellano;población de 15 años o más (miles);;347,3
2023;Catalunya;con los compañeros de deporte;mujeres;más castellano que catalán;población de 15 años o más (miles);;211,5
2023;Catalunya;con los compañeros de deporte;mujeres;solo castellano;población de 15 años o más (miles);;764,9
2023;Catalunya;con los compañeros de deporte;mujeres;otra lengua (o lenguas);población de 15 años o más (miles);..;null
2023;Catalunya;con los compañeros de deporte;mujeres;catalán y otra lengua (o lenguas);población de 15 años o más (miles);..;null
2023;Catalunya;con los compañeros de deporte;mujeres;castellano y otra lengua (o lenguas);población de 15 años o más (miles);;31,0
2023;Catalunya;con los compañeros de deporte;mujeres;otras combinaciones de lenguas;población de 15 años o más (miles);;8,4
2023;Catalunya;con los compañeros de deporte;mujeres;No consta;población de 15 años o más (miles);;60,1
2023;Catalunya;con los compañeros de deporte;mujeres;total;población de 15 años o más (miles);;2193,6
2023;Catalunya;con los compañeros de deporte;total;solo catalán;población de 15 años o más (miles);;860,9
2023;Catalunya;con los compañeros de deporte;total;más catalán que castellano;población de 15 años o más (miles);;628,1
2023;Catalunya;con los compañeros de deporte;total;catalán y castellano;población de 15 años o más (miles);;749,2
2023;Catalunya;con los compañeros de deporte;total;más castellano que catalán;población de 15 años o más (miles);;440,6
2023;Catalunya;con los compañeros de deporte;total;solo castellano;población de 15 años o más (miles);;1503,8
2023;Catalunya;con los compañeros de deporte;total;otra lengua (o lenguas);población de 15 años o más (miles);;34,1
2023;Catalunya;con los compañeros de deporte;total;catalán y otra lengua (o lenguas);población de 15 años o más (miles);..;null
2023;Catalunya;con los compañeros de deporte;total;castellano y otra lengua (o lenguas);población de 15 años o más (miles);;94,4
2023;Catalunya;con los compañeros de deporte;total;otras combinaciones de lenguas;población de 15 años o más (miles);;25,2
2023;Catalunya;con los compañeros de deporte;total;No consta;población de 15 años o más (miles);;106,0
2023;Catalunya;con los compañeros de deporte;total;total;población de 15 años o más (miles);;4448,9
2023;Catalunya;en el centro de culto;hombres;solo catalán;población de 15 años o más (miles);;253,2
2023;Catalunya;en el centro de culto;hombres;más catalán que castellano;población de 15 años o más (miles);;111,0
2023;Catalunya;en el centro de culto;hombres;catalán y castellano;población de 15 años o más (miles);;140,2
2023;Catalunya;en el centro de culto;hombres;más castellano que catalán;población de 15 años o más (miles);;63,2
2023;Catalunya;en el centro de culto;hombres;solo castellano;población de 15 años o más (miles);;417,4
2023;Catalunya;en el centro de culto;hombres;otra lengua (o lenguas);población de 15 años o más (miles);;122,7
2023;Catalunya;en el centro de culto;hombres;catalán y otra lengua (o lenguas);población de 15 años o más (miles);..;null
2023;Catalunya;en el centro de culto;hombres;castellano y otra lengua (o lenguas);población de 15 años o más (miles);;50,7
2023;Catalunya;en el centro de culto;hombres;otras combinaciones de lenguas;población de 15 años o más (miles);;7,0
2023;Catalunya;en el centro de culto;hombres;No consta;población de 15 años o más (miles);;113,1
2023;Catalunya;en el centro de culto;hombres;total;población de 15 años o más (miles);;1281,5
2023;Catalunya;en el centro de culto;mujeres;solo catalán;población de 15 años o más (miles);;299,6
2023;Catalunya;en el centro de culto;mujeres;más catalán que castellano;población de 15 años o más (miles);;112,9
2023;Catalunya;en el centro de culto;mujeres;catalán y castellano;población de 15 años o más (miles);;152,0
2023;Catalunya;en el centro de culto;mujeres;más castellano que catalán;población de 15 años o más (miles);;84,2
2023;Catalunya;en el centro de culto;mujeres;solo castellano;población de 15 años o más (miles);;540,5
2023;Catalunya;en el centro de culto;mujeres;otra lengua (o lenguas);población de 15 años o más (miles);;56,2
2023;Catalunya;en el centro de culto;mujeres;catalán y otra lengua (o lenguas);población de 15 años o más (miles);..;null
2023;Catalunya;en el centro de culto;mujeres;castellano y otra lengua (o lenguas);población de 15 años o más (miles);;29,0
2023;Catalunya;en el centro de culto;mujeres;otras combinaciones de lenguas;población de 15 años o más (miles);;9,3
2023;Catalunya;en el centro de culto;mujeres;No consta;población de 15 años o más (miles);;105,2
2023;Catalunya;en el centro de culto;mujeres;total;población de 15 años o más (miles);;1389,9
2023;Catalunya;en el centro de culto;total;solo catalán;población de 15 años o más (miles);;552,8
2023;Catalunya;en el centro de culto;total;más catalán que castellano;población de 15 años o más (miles);;223,9
2023;Catalunya;en el centro de culto;total;catalán y castellano;población de 15 años o más (miles);;292,2
2023;Catalunya;en el centro de culto;total;más castellano que catalán;población de 15 años o más (miles);;147,5
2023;Catalunya;en el centro de culto;total;solo castellano;población de 15 años o más (miles);;957,9
2023;Catalunya;en el centro de culto;total;otra lengua (o lenguas);población de 15 años o más (miles);;178,8
2023;Catalunya;en el centro de culto;total;catalán y otra lengua (o lenguas);población de 15 años o más (miles);..;null
2023;Catalunya;en el centro de culto;total;castellano y otra lengua (o lenguas);población de 15 años o más (miles);;79,7
2023;Catalunya;en el centro de culto;total;otras combinaciones de lenguas;población de 15 años o más (miles);;16,3
2023;Catalunya;en el centro de culto;total;No consta;población de 15 años o más (miles);;218,2
2023;Catalunya;en el centro de culto;total;total;población de 15 años o más (miles);;2671,4
2023;Catalunya;en el pequeño comercio;hombres;solo catalán;población de 15 años o más (miles);;632,6
2023;Catalunya;en el pequeño comercio;hombres;más catalán que castellano;población de 15 años o más (miles);;589,4
2023;Catalunya;en el pequeño comercio;hombres;catalán y castellano;población de 15 años o más (miles);;538,0
2023;Catalunya;en el pequeño comercio;hombres;más castellano que catalán;población de 15 años o más (miles);;305,2
2023;Catalunya;en el pequeño comercio;hombres;solo castellano;población de 15 años o más (miles);;1083,8
2023;Catalunya;en el pequeño comercio;hombres;otra lengua (o lenguas);población de 15 años o más (miles);;22,9
2023;Catalunya;en el pequeño comercio;hombres;catalán y otra lengua (o lenguas);población de 15 años o más (miles);..;null
2023;Catalunya;en el pequeño comercio;hombres;castellano y otra lengua (o lenguas);población de 15 años o más (miles);;64,3
2023;Catalunya;en el pequeño comercio;hombres;otras combinaciones de lenguas;población de 15 años o más (miles);;17,3
2023;Catalunya;en el pequeño comercio;hombres;No consta;población de 15 años o más (miles);;52,8
2023;Catalunya;en el pequeño comercio;hombres;total;población de 15 años o más (miles);;3312,0
2023;Catalunya;en el pequeño comercio;mujeres;solo catalán;población de 15 años o más (miles);;706,3
2023;Catalunya;en el pequeño comercio;mujeres;más catalán que castellano;población de 15 años o más (miles);;554,4
2023;Catalunya;en el pequeño comercio;mujeres;catalán y castellano;población de 15 años o más (miles);;561,4
2023;Catalunya;en el pequeño comercio;mujeres;más castellano que catalán;población de 15 años o más (miles);;328,4
2023;Catalunya;en el pequeño comercio;mujeres;solo castellano;población de 15 años o más (miles);;1180,2
2023;Catalunya;en el pequeño comercio;mujeres;otra lengua (o lenguas);población de 15 años o más (miles);;19,9
2023;Catalunya;en el pequeño comercio;mujeres;catalán y otra lengua (o lenguas);población de 15 años o más (miles);..;null
2023;Catalunya;en el pequeño comercio;mujeres;castellano y otra lengua (o lenguas);población de 15 años o más (miles);;34,5
2023;Catalunya;en el pequeño comercio;mujeres;otras combinaciones de lenguas;población de 15 años o más (miles);;9,0
2023;Catalunya;en el pequeño comercio;mujeres;No consta;población de 15 años o más (miles);;76,5
2023;Catalunya;en el pequeño comercio;mujeres;total;población de 15 años o más (miles);;3473,0
2023;Catalunya;en el pequeño comercio;total;solo catalán;población de 15 años o más (miles);;1339,0
2023;Catalunya;en el pequeño comercio;total;más catalán que castellano;población de 15 años o más (miles);;1143,8
2023;Catalunya;en el pequeño comercio;total;catalán y castellano;población de 15 años o más (miles);;1099,4
2023;Catalunya;en el pequeño comercio;total;más castellano que catalán;población de 15 años o más (miles);;633,6
2023;Catalunya;en el pequeño comercio;total;solo castellano;población de 15 años o más (miles);;2264,0
2023;Catalunya;en el pequeño comercio;total;otra lengua (o lenguas);población de 15 años o más (miles);;42,8
2023;Catalunya;en el pequeño comercio;total;catalán y otra lengua (o lenguas);población de 15 años o más (miles);;8,1
2023;Catalunya;en el pequeño comercio;total;castellano y otra lengua (o lenguas);población de 15 años o más (miles);;98,8
2023;Catalunya;en el pequeño comercio;total;otras combinaciones de lenguas;población de 15 años o más (miles);;26,2
2023;Catalunya;en el pequeño comercio;total;No consta;población de 15 años o más (miles);;129,3
2023;Catalunya;en el pequeño comercio;total;total;población de 15 años o más (miles);;6785,1
2023;Catalunya;en el gran comercio;hombres;solo catalán;población de 15 años o más (miles);;520,2
2023;Catalunya;en el gran comercio;hombres;más catalán que castellano;población de 15 años o más (miles);;517,7
2023;Catalunya;en el gran comercio;hombres;catalán y castellano;población de 15 años o más (miles);;545,1
2023;Catalunya;en el gran comercio;hombres;más castellano que catalán;población de 15 años o más (miles);;376,2
2023;Catalunya;en el gran comercio;hombres;solo castellano;población de 15 años o más (miles);;1189,0
2023;Catalunya;en el gran comercio;hombres;otra lengua (o lenguas);población de 15 años o más (miles);;22,2
2023;Catalunya;en el gran comercio;hombres;catalán y otra lengua (o lenguas);población de 15 años o más (miles);..;null
2023;Catalunya;en el gran comercio;hombres;castellano y otra lengua (o lenguas);población de 15 años o más (miles);;46,5
2023;Catalunya;en el gran comercio;hombres;otras combinaciones de lenguas;población de 15 años o más (miles);;12,6
2023;Catalunya;en el gran comercio;hombres;No consta;población de 15 años o más (miles);;80,4
2023;Catalunya;en el gran comercio;hombres;total;población de 15 años o más (miles);;3312,0
2023;Catalunya;en el gran comercio;mujeres;solo catalán;población de 15 años o más (miles);;549,7
2023;Catalunya;en el gran comercio;mujeres;más catalán que castellano;población de 15 años o más (miles);;470,8
2023;Catalunya;en el gran comercio;mujeres;catalán y castellano;población de 15 años o más (miles);;554,8
2023;Catalunya;en el gran comercio;mujeres;más castellano que catalán;población de 15 años o más (miles);;418,9
2023;Catalunya;en el gran comercio;mujeres;solo castellano;población de 15 años o más (miles);;1301,4
2023;Catalunya;en el gran comercio;mujeres;otra lengua (o lenguas);población de 15 años o más (miles);..;null
2023;Catalunya;en el gran comercio;mujeres;catalán y otra lengua (o lenguas);población de 15 años o más (miles);..;null
2023;Catalunya;en el gran comercio;mujeres;castellano y otra lengua (o lenguas);población de 15 años o más (miles);;27,2
2023;Catalunya;en el gran comercio;mujeres;otras combinaciones de lenguas;población de 15 años o más (miles);;7,3
2023;Catalunya;en el gran comercio;mujeres;No consta;población de 15 años o más (miles);;131,8
2023;Catalunya;en el gran comercio;mujeres;total;población de 15 años o más (miles);;3473,0
2023;Catalunya;en el gran comercio;total;solo catalán;población de 15 años o más (miles);;1069,8
2023;Catalunya;en el gran comercio;total;más catalán que castellano;población de 15 años o más (miles);;988,5
2023;Catalunya;en el gran comercio;total;catalán y castellano;población de 15 años o más (miles);;1099,8
2023;Catalunya;en el gran comercio;total;más castellano que catalán;población de 15 años o más (miles);;795,1
2023;Catalunya;en el gran comercio;total;solo castellano;población de 15 años o más (miles);;2490,5
2023;Catalunya;en el gran comercio;total;otra lengua (o lenguas);población de 15 años o más (miles);;32,9
2023;Catalunya;en el gran comercio;total;catalán y otra lengua (o lenguas);población de 15 años o más (miles);..;null
2023;Catalunya;en el gran comercio;total;castellano y otra lengua (o lenguas);población de 15 años o más (miles);;73,7
2023;Catalunya;en el gran comercio;total;otras combinaciones de lenguas;población de 15 años o más (miles);;19,9
2023;Catalunya;en el gran comercio;total;No consta;población de 15 años o más (miles);;212,2
2023;Catalunya;en el gran comercio;total;total;población de 15 años o más (miles);;6785,1
2023;Catalunya;en la entidad financiera;hombres;solo catalán;población de 15 años o más (miles);;917,7
2023;Catalunya;en la entidad financiera;hombres;más catalán que castellano;población de 15 años o más (miles);;385,4
2023;Catalunya;en la entidad financiera;hombres;catalán y castellano;población de 15 años o más (miles);;370,3
2023;Catalunya;en la entidad financiera;hombres;más castellano que catalán;población de 15 años o más (miles);;207,9
2023;Catalunya;en la entidad financiera;hombres;solo castellano;población de 15 años o más (miles);;1124,9
2023;Catalunya;en la entidad financiera;hombres;otra lengua (o lenguas);población de 15 años o más (miles);;20,4
2023;Catalunya;en la entidad financiera;hombres;catalán y otra lengua (o lenguas);población de 15 años o más (miles);..;null
2023;Catalunya;en la entidad financiera;hombres;castellano y otra lengua (o lenguas);población de 15 años o más (miles);;31,6
2023;Catalunya;en la entidad financiera;hombres;otras combinaciones de lenguas;población de 15 años o más (miles);;10,3
2023;Catalunya;en la entidad financiera;hombres;No consta;población de 15 años o más (miles);;240,7
2023;Catalunya;en la entidad financiera;hombres;total;población de 15 años o más (miles);;3312,0
2023;Catalunya;en la entidad financiera;mujeres;solo catalán;población de 15 años o más (miles);;958,9
2023;Catalunya;en la entidad financiera;mujeres;más catalán que castellano;población de 15 años o más (miles);;373,2
2023;Catalunya;en la entidad financiera;mujeres;catalán y castellano;población de 15 años o más (miles);;403,7
2023;Catalunya;en la entidad financiera;mujeres;más castellano que catalán;población de 15 años o más (miles);;198,2
2023;Catalunya;en la entidad financiera;mujeres;solo castellano;población de 15 años o más (miles);;1234,0
2023;Catalunya;en la entidad financiera;mujeres;otra lengua (o lenguas);población de 15 años o más (miles);;10,2
2023;Catalunya;en la entidad financiera;mujeres;catalán y otra lengua (o lenguas);población de 15 años o más (miles);..;null
2023;Catalunya;en la entidad financiera;mujeres;castellano y otra lengua (o lenguas);población de 15 años o más (miles);;25,8
2023;Catalunya;en la entidad financiera;mujeres;otras combinaciones de lenguas;población de 15 años o más (miles);;4,0
2023;Catalunya;en la entidad financiera;mujeres;No consta;población de 15 años o más (miles);;264,3
2023;Catalunya;en la entidad financiera;mujeres;total;población de 15 años o más (miles);;3473,0
2023;Catalunya;en la entidad financiera;total;solo catalán;población de 15 años o más (miles);;1876,6
2023;Catalunya;en la entidad financiera;total;más catalán que castellano;población de 15 años o más (miles);;758,7
2023;Catalunya;en la entidad financiera;total;catalán y castellano;población de 15 años o más (miles);;774,0
2023;Catalunya;en la entidad financiera;total;más castellano que catalán;población de 15 años o más (miles);;406,1
2023;Catalunya;en la entidad financiera;total;solo castellano;población de 15 años o más (miles);;2358,9
2023;Catalunya;en la entidad financiera;total;otra lengua (o lenguas);población de 15 años o más (miles);;30,6
2023;Catalunya;en la entidad financiera;total;catalán y otra lengua (o lenguas);población de 15 años o más (miles);;3,5
2023;Catalunya;en la entidad financiera;total;castellano y otra lengua (o lenguas);población de 15 años o más (miles);;57,4
2023;Catalunya;en la entidad financiera;total;otras combinaciones de lenguas;población de 15 años o más (miles);;14,2
2023;Catalunya;en la entidad financiera;total;No consta;población de 15 años o más (miles);;505,0
2023;Catalunya;en la entidad financiera;total;total;población de 15 años o más (miles);;6785,1
2023;Catalunya;con el personal de un restaurante o bar;hombres;solo catalán;población de 15 años o más (miles);;577,2
2023;Catalunya;con el personal de un restaurante o bar;hombres;más catalán que castellano;población de 15 años o más (miles);;491,9
2023;Catalunya;con el personal de un restaurante o bar;hombres;catalán y castellano;población de 15 años o más (miles);;600,6
2023;Catalunya;con el personal de un restaurante o bar;hombres;más castellano que catalán;población de 15 años o más (miles);;325,5
2023;Catalunya;con el personal de un restaurante o bar;hombres;solo castellano;población de 15 años o más (miles);;1166,5
2023;Catalunya;con el personal de un restaurante o bar;hombres;otra lengua (o lenguas);población de 15 años o más (miles);;22,0
2023;Catalunya;con el personal de un restaurante o bar;hombres;catalán y otra lengua (o lenguas);población de 15 años o más (miles);..;null
2023;Catalunya;con el personal de un restaurante o bar;hombres;castellano y otra lengua (o lenguas);población de 15 años o más (miles);;49,4
2023;Catalunya;con el personal de un restaurante o bar;hombres;otras combinaciones de lenguas;población de 15 años o más (miles);;15,0
2023;Catalunya;con el personal de un restaurante o bar;hombres;No consta;población de 15 años o más (miles);;61,7
2023;Catalunya;con el personal de un restaurante o bar;hombres;total;población de 15 años o más (miles);;3312,0
2023;Catalunya;con el personal de un restaurante o bar;mujeres;solo catalán;población de 15 años o más (miles);;601,2
2023;Catalunya;con el personal de un restaurante o bar;mujeres;más catalán que castellano;población de 15 años o más (miles);;459,7
2023;Catalunya;con el personal de un restaurante o bar;mujeres;catalán y castellano;población de 15 años o más (miles);;608,0
2023;Catalunya;con el personal de un restaurante o bar;mujeres;más castellano que catalán;población de 15 años o más (miles);;346,8
2023;Catalunya;con el personal de un restaurante o bar;mujeres;solo castellano;población de 15 años o más (miles);;1280,5
2023;Catalunya;con el personal de un restaurante o bar;mujeres;otra lengua (o lenguas);población de 15 años o más (miles);;15,9
2023;Catalunya;con el personal de un restaurante o bar;mujeres;catalán y otra lengua (o lenguas);población de 15 años o más (miles);..;null
2023;Catalunya;con el personal de un restaurante o bar;mujeres;castellano y otra lengua (o lenguas);población de 15 años o más (miles);;37,1
2023;Catalunya;con el personal de un restaurante o bar;mujeres;otras combinaciones de lenguas;población de 15 años o más (miles);;14,0
2023;Catalunya;con el personal de un restaurante o bar;mujeres;No consta;población de 15 años o más (miles);;109,2
2023;Catalunya;con el personal de un restaurante o bar;mujeres;total;población de 15 años o más (miles);;3473,0
2023;Catalunya;con el personal de un restaurante o bar;total;solo catalán;población de 15 años o más (miles);;1178,4
2023;Catalunya;con el personal de un restaurante o bar;total;más catalán que castellano;población de 15 años o más (miles);;951,6
2023;Catalunya;con el personal de un restaurante o bar;total;catalán y castellano;población de 15 años o más (miles);;1208,6
2023;Catalunya;con el personal de un restaurante o bar;total;más castellano que catalán;población de 15 años o más (miles);;672,4
2023;Catalunya;con el personal de un restaurante o bar;total;solo castellano;población de 15 años o más (miles);;2447,0
2023;Catalunya;con el personal de un restaurante o bar;total;otra lengua (o lenguas);población de 15 años o más (miles);;37,9
2023;Catalunya;con el personal de un restaurante o bar;total;catalán y otra lengua (o lenguas);población de 15 años o más (miles);..;null
2023;Catalunya;con el personal de un restaurante o bar;total;castellano y otra lengua (o lenguas);población de 15 años o más (miles);;86,6
2023;Catalunya;con el personal de un restaurante o bar;total;otras combinaciones de lenguas;población de 15 años o más (miles);;29,0
2023;Catalunya;con el personal de un restaurante o bar;total;No consta;población de 15 años o más (miles);;170,9
2023;Catalunya;con el personal de un restaurante o bar;total;total;población de 15 años o más (miles);;6785,1
2023;Catalunya;con la Administración local;hombres;solo catalán;población de 15 años o más (miles);;1244,5
2023;Catalunya;con la Administración local;hombres;más catalán que castellano;población de 15 años o más (miles);;329,0
2023;Catalunya;con la Administración local;hombres;catalán y castellano;población de 15 años o más (miles);;288,3
2023;Catalunya;con la Administración local;hombres;más castellano que catalán;población de 15 años o más (miles);;149,8
2023;Catalunya;con la Administración local;hombres;solo castellano;población de 15 años o más (miles);;1004,8
2023;Catalunya;con la Administración local;hombres;otra lengua (o lenguas);población de 15 años o más (miles);;18,0
2023;Catalunya;con la Administración local;hombres;catalán y otra lengua (o lenguas);población de 15 años o más (miles);..;null
2023;Catalunya;con la Administración local;hombres;castellano y otra lengua (o lenguas);población de 15 años o más (miles);;29,4
2023;Catalunya;con la Administración local;hombres;otras combinaciones de lenguas;población de 15 años o más (miles);;5,9
2023;Catalunya;con la Administración local;hombres;No consta;población de 15 años o más (miles);;241,1
2023;Catalunya;con la Administración local;hombres;total;población de 15 años o más (miles);;3312,0
2023;Catalunya;con la Administración local;mujeres;solo catalán;población de 15 años o más (miles);;1299,2
2023;Catalunya;con la Administración local;mujeres;más catalán que castellano;población de 15 años o más (miles);;340,6
2023;Catalunya;con la Administración local;mujeres;catalán y castellano;población de 15 años o más (miles);;281,6
2023;Catalunya;con la Administración local;mujeres;más castellano que catalán;población de 15 años o más (miles);;156,1
2023;Catalunya;con la Administración local;mujeres;solo castellano;población de 15 años o más (miles);;1068,5
2023;Catalunya;con la Administración local;mujeres;otra lengua (o lenguas);población de 15 años o más (miles);;8,6
2023;Catalunya;con la Administración local;mujeres;catalán y otra lengua (o lenguas);población de 15 años o más (miles);..;null
2023;Catalunya;con la Administración local;mujeres;castellano y otra lengua (o lenguas);población de 15 años o más (miles);..;null
2023;Catalunya;con la Administración local;mujeres;otras combinaciones de lenguas;población de 15 años o más (miles);;2,3
2023;Catalunya;con la Administración local;mujeres;No consta;población de 15 años o más (miles);;304,0
2023;Catalunya;con la Administración local;mujeres;total;población de 15 años o más (miles);;3473,0
2023;Catalunya;con la Administración local;total;solo catalán;población de 15 años o más (miles);;2543,7
2023;Catalunya;con la Administración local;total;más catalán que castellano;población de 15 años o más (miles);;669,6
2023;Catalunya;con la Administración local;total;catalán y castellano;población de 15 años o más (miles);;570,0
2023;Catalunya;con la Administración local;total;más castellano que catalán;población de 15 años o más (miles);;306,0
2023;Catalunya;con la Administración local;total;solo castellano;población de 15 años o más (miles);;2073,4
2023;Catalunya;con la Administración local;total;otra lengua (o lenguas);población de 15 años o más (miles);;26,6
2023;Catalunya;con la Administración local;total;catalán y otra lengua (o lenguas);población de 15 años o más (miles);;2,7
2023;Catalunya;con la Administración local;total;castellano y otra lengua (o lenguas);población de 15 años o más (miles);;40,0
2023;Catalunya;con la Administración local;total;otras combinaciones de lenguas;población de 15 años o más (miles);;8,2
2023;Catalunya;con la Administración local;total;No consta;población de 15 años o más (miles);;545,0
2023;Catalunya;con la Administración local;total;total;población de 15 años o más (miles);;6785,1
2023;Catalunya;con la Administración de la Generalitat de Catalunya;hombres;solo catalán;población de 15 años o más (miles);;1214,8
2023;Catalunya;con la Administración de la Generalitat de Catalunya;hombres;más catalán que castellano;población de 15 años o más (miles);;272,1
2023;Catalunya;con la Administración de la Generalitat de Catalunya;hombres;catalán y castellano;población de 15 años o más (miles);;222,4
2023;Catalunya;con la Administración de la Generalitat de Catalunya;hombres;más castellano que catalán;población de 15 años o más (miles);;118,0
2023;Catalunya;con la Administración de la Generalitat de Catalunya;hombres;solo castellano;población de 15 años o más (miles);;843,3
2023;Catalunya;con la Administración de la Generalitat de Catalunya;hombres;otra lengua (o lenguas);población de 15 años o más (miles);..;null
2023;Catalunya;con la Administración de la Generalitat de Catalunya;hombres;catalán y otra lengua (o lenguas);población de 15 años o más (miles);..;null
2023;Catalunya;con la Administración de la Generalitat de Catalunya;hombres;castellano y otra lengua (o lenguas);población de 15 años o más (miles);;27,7
2023;Catalunya;con la Administración de la Generalitat de Catalunya;hombres;otras combinaciones de lenguas;población de 15 años o más (miles);..;null
2023;Catalunya;con la Administración de la Generalitat de Catalunya;hombres;No consta;población de 15 años o más (miles);;595,3
2023;Catalunya;con la Administración de la Generalitat de Catalunya;hombres;total;población de 15 años o más (miles);;3312,0
2023;Catalunya;con la Administración de la Generalitat de Catalunya;mujeres;solo catalán;población de 15 años o más (miles);;1221,0
2023;Catalunya;con la Administración de la Generalitat de Catalunya;mujeres;más catalán que castellano;población de 15 años o más (miles);;256,2
2023;Catalunya;con la Administración de la Generalitat de Catalunya;mujeres;catalán y castellano;población de 15 años o más (miles);;221,5
2023;Catalunya;con la Administración de la Generalitat de Catalunya;mujeres;más castellano que catalán;población de 15 años o más (miles);;120,5
2023;Catalunya;con la Administración de la Generalitat de Catalunya;mujeres;solo castellano;población de 15 años o más (miles);;882,0
2023;Catalunya;con la Administración de la Generalitat de Catalunya;mujeres;otra lengua (o lenguas);población de 15 años o más (miles);..;null
2023;Catalunya;con la Administración de la Generalitat de Catalunya;mujeres;catalán y otra lengua (o lenguas);población de 15 años o más (miles);..;null
2023;Catalunya;con la Administración de la Generalitat de Catalunya;mujeres;castellano y otra lengua (o lenguas);población de 15 años o más (miles);..;null
2023;Catalunya;con la Administración de la Generalitat de Catalunya;mujeres;otras combinaciones de lenguas;población de 15 años o más (miles);..;null
2023;Catalunya;con la Administración de la Generalitat de Catalunya;mujeres;No consta;población de 15 años o más (miles);;753,5
2023;Catalunya;con la Administración de la Generalitat de Catalunya;mujeres;total;población de 15 años o más (miles);;3473,0
2023;Catalunya;con la Administración de la Generalitat de Catalunya;total;solo catalán;población de 15 años o más (miles);;2435,8
2023;Catalunya;con la Administración de la Generalitat de Catalunya;total;más catalán que castellano;población de 15 años o más (miles);;528,3
2023;Catalunya;con la Administración de la Generalitat de Catalunya;total;catalán y castellano;población de 15 años o más (miles);;443,9
2023;Catalunya;con la Administración de la Generalitat de Catalunya;total;más castellano que catalán;población de 15 años o más (miles);;238,4
2023;Catalunya;con la Administración de la Generalitat de Catalunya;total;solo castellano;población de 15 años o más (miles);;1725,4
2023;Catalunya;con la Administración de la Generalitat de Catalunya;total;otra lengua (o lenguas);población de 15 años o más (miles);;20,3
2023;Catalunya;con la Administración de la Generalitat de Catalunya;total;catalán y otra lengua (o lenguas);población de 15 años o más (miles);..;null
2023;Catalunya;con la Administración de la Generalitat de Catalunya;total;castellano y otra lengua (o lenguas);población de 15 años o más (miles);;38,2
2023;Catalunya;con la Administración de la Generalitat de Catalunya;total;otras combinaciones de lenguas;población de 15 años o más (miles);;4,9
2023;Catalunya;con la Administración de la Generalitat de Catalunya;total;No consta;población de 15 años o más (miles);;1348,8
2023;Catalunya;con la Administración de la Generalitat de Catalunya;total;total;población de 15 años o más (miles);;6785,1
2023;Catalunya;con la Administración del Estado en Cataluña;hombres;solo catalán;población de 15 años o más (miles);;624,0
2023;Catalunya;con la Administración del Estado en Cataluña;hombres;más catalán que castellano;población de 15 años o más (miles);;355,2
2023;Catalunya;con la Administración del Estado en Cataluña;hombres;catalán y castellano;población de 15 años o más (miles);;354,9
2023;Catalunya;con la Administración del Estado en Cataluña;hombres;más castellano que catalán;población de 15 años o más (miles);;297,2
2023;Catalunya;con la Administración del Estado en Cataluña;hombres;solo castellano;población de 15 años o más (miles);;1223,4
2023;Catalunya;con la Administración del Estado en Cataluña;hombres;otra lengua (o lenguas);población de 15 años o más (miles);;18,5
2023;Catalunya;con la Administración del Estado en Cataluña;hombres;catalán y otra lengua (o lenguas);población de 15 años o más (miles);..;null
2023;Catalunya;con la Administración del Estado en Cataluña;hombres;castellano y otra lengua (o lenguas);población de 15 años o más (miles);;30,5
2023;Catalunya;con la Administración del Estado en Cataluña;hombres;otras combinaciones de lenguas;población de 15 años o más (miles);..;null
2023;Catalunya;con la Administración del Estado en Cataluña;hombres;No consta;población de 15 años o más (miles);;403,3
2023;Catalunya;con la Administración del Estado en Cataluña;hombres;total;población de 15 años o más (miles);;3312,0
2023;Catalunya;con la Administración del Estado en Cataluña;mujeres;solo catalán;población de 15 años o más (miles);;706,5
2023;Catalunya;con la Administración del Estado en Cataluña;mujeres;más catalán que castellano;población de 15 años o más (miles);;354,6
2023;Catalunya;con la Administración del Estado en Cataluña;mujeres;catalán y castellano;población de 15 años o más (miles);;386,9
2023;Catalunya;con la Administración del Estado en Cataluña;mujeres;más castellano que catalán;población de 15 años o más (miles);;272,0
2023;Catalunya;con la Administración del Estado en Cataluña;mujeres;solo castellano;población de 15 años o más (miles);;1213,1
2023;Catalunya;con la Administración del Estado en Cataluña;mujeres;otra lengua (o lenguas);población de 15 años o más (miles);..;null
2023;Catalunya;con la Administración del Estado en Cataluña;mujeres;catalán y otra lengua (o lenguas);población de 15 años o más (miles);..;null
2023;Catalunya;con la Administración del Estado en Cataluña;mujeres;castellano y otra lengua (o lenguas);población de 15 años o más (miles);;14,1
2023;Catalunya;con la Administración del Estado en Cataluña;mujeres;otras combinaciones de lenguas;población de 15 años o más (miles);..;null
2023;Catalunya;con la Administración del Estado en Cataluña;mujeres;No consta;población de 15 años o más (miles);;514,1
2023;Catalunya;con la Administración del Estado en Cataluña;mujeres;total;población de 15 años o más (miles);;3473,0
2023;Catalunya;con la Administración del Estado en Cataluña;total;solo catalán;población de 15 años o más (miles);;1330,5
2023;Catalunya;con la Administración del Estado en Cataluña;total;más catalán que castellano;población de 15 años o más (miles);;709,8
2023;Catalunya;con la Administración del Estado en Cataluña;total;catalán y castellano;población de 15 años o más (miles);;741,9
2023;Catalunya;con la Administración del Estado en Cataluña;total;más castellano que catalán;población de 15 años o más (miles);;569,2
2023;Catalunya;con la Administración del Estado en Cataluña;total;solo castellano;población de 15 años o más (miles);;2436,5
2023;Catalunya;con la Administración del Estado en Cataluña;total;otra lengua (o lenguas);población de 15 años o más (miles);;28,0
2023;Catalunya;con la Administración del Estado en Cataluña;total;catalán y otra lengua (o lenguas);población de 15 años o más (miles);..;null
2023;Catalunya;con la Administración del Estado en Cataluña;total;castellano y otra lengua (o lenguas);población de 15 años o más (miles);;44,6
2023;Catalunya;con la Administración del Estado en Cataluña;total;otras combinaciones de lenguas;población de 15 años o más (miles);;5,8
2023;Catalunya;con la Administración del Estado en Cataluña;total;No consta;población de 15 años o más (miles);;917,4
2023;Catalunya;con la Administración del Estado en Cataluña;total;total;población de 15 años o más (miles);;6785,1
2023;Catalunya;con la policía local o Mossos d'Esquadra;hombres;solo catalán;población de 15 años o más (miles);;1071,5
2023;Catalunya;con la policía local o Mossos d'Esquadra;hombres;más catalán que castellano;población de 15 años o más (miles);;320,1
2023;Catalunya;con la policía local o Mossos d'Esquadra;hombres;catalán y castellano;población de 15 años o más (miles);;299,2
2023;Catalunya;con la policía local o Mossos d'Esquadra;hombres;más castellano que catalán;población de 15 años o más (miles);;171,3
2023;Catalunya;con la policía local o Mossos d'Esquadra;hombres;solo castellano;población de 15 años o más (miles);;992,9
2023;Catalunya;con la policía local o Mossos d'Esquadra;hombres;otra lengua (o lenguas);población de 15 años o más (miles);..;null
2023;Catalunya;con la policía local o Mossos d'Esquadra;hombres;catalán y otra lengua (o lenguas);población de 15 años o más (miles);..;null
2023;Catalunya;con la policía local o Mossos d'Esquadra;hombres;castellano y otra lengua (o lenguas);población de 15 años o más (miles);;33,2
2023;Catalunya;con la policía local o Mossos d'Esquadra;hombres;otras combinaciones de lenguas;población de 15 años o más (miles);..;null
2023;Catalunya;con la policía local o Mossos d'Esquadra;hombres;No consta;población de 15 años o más (miles);;406,3
2023;Catalunya;con la policía local o Mossos d'Esquadra;hombres;total;población de 15 años o más (miles);;3312,0
2023;Catalunya;con la policía local o Mossos d'Esquadra;mujeres;solo catalán;población de 15 años o más (miles);;996,6
2023;Catalunya;con la policía local o Mossos d'Esquadra;mujeres;más catalán que castellano;población de 15 años o más (miles);;293,6
2023;Catalunya;con la policía local o Mossos d'Esquadra;mujeres;catalán y castellano;población de 15 años o más (miles);;324,2
2023;Catalunya;con la policía local o Mossos d'Esquadra;mujeres;más castellano que catalán;población de 15 años o más (miles);;172,4
2023;Catalunya;con la policía local o Mossos d'Esquadra;mujeres;solo castellano;población de 15 años o más (miles);;1074,0
2023;Catalunya;con la policía local o Mossos d'Esquadra;mujeres;otra lengua (o lenguas);población de 15 años o más (miles);..;null
2023;Catalunya;con la policía local o Mossos d'Esquadra;mujeres;catalán y otra lengua (o lenguas);población de 15 años o más (miles);..;null
2023;Catalunya;con la policía local o Mossos d'Esquadra;mujeres;castellano y otra lengua (o lenguas);población de 15 años o más (miles);..;null
2023;Catalunya;con la policía local o Mossos d'Esquadra;mujeres;otras combinaciones de lenguas;población de 15 años o más (miles);..;null
2023;Catalunya;con la policía local o Mossos d'Esquadra;mujeres;No consta;población de 15 años o más (miles);;591,4
2023;Catalunya;con la policía local o Mossos d'Esquadra;mujeres;total;población de 15 años o más (miles);;3473,0
2023;Catalunya;con la policía local o Mossos d'Esquadra;total;solo catalán;población de 15 años o más (miles);;2068,0
2023;Catalunya;con la policía local o Mossos d'Esquadra;total;más catalán que castellano;población de 15 años o más (miles);;613,7
2023;Catalunya;con la policía local o Mossos d'Esquadra;total;catalán y castellano;población de 15 años o más (miles);;623,4
2023;Catalunya;con la policía local o Mossos d'Esquadra;total;más castellano que catalán;población de 15 años o más (miles);;343,7
2023;Catalunya;con la policía local o Mossos d'Esquadra;total;solo castellano;población de 15 años o más (miles);;2066,9
2023;Catalunya;con la policía local o Mossos d'Esquadra;total;otra lengua (o lenguas);población de 15 años o más (miles);;20,2
2023;Catalunya;con la policía local o Mossos d'Esquadra;total;catalán y otra lengua (o lenguas);población de 15 años o más (miles);;1,4
2023;Catalunya;con la policía local o Mossos d'Esquadra;total;castellano y otra lengua (o lenguas);población de 15 años o más (miles);;45,6
2023;Catalunya;con la policía local o Mossos d'Esquadra;total;otras combinaciones de lenguas;población de 15 años o más (miles);;4,4
2023;Catalunya;con la policía local o Mossos d'Esquadra;total;No consta;población de 15 años o más (miles);;997,6
2023;Catalunya;con la policía local o Mossos d'Esquadra;total;total;población de 15 años o más (miles);;6785,1
2023;Catalunya;con los órganos judiciales;hombres;solo catalán;población de 15 años o más (miles);;494,6
2023;Catalunya;con los órganos judiciales;hombres;más catalán que castellano;población de 15 años o más (miles);;320,5
2023;Catalunya;con los órganos judiciales;hombres;catalán y castellano;población de 15 años o más (miles);;333,5
2023;Catalunya;con los órganos judiciales;hombres;más castellano que catalán;población de 15 años o más (miles);;238,2
2023;Catalunya;con los órganos judiciales;hombres;solo castellano;población de 15 años o más (miles);;1071,3
2023;Catalunya;con los órganos judiciales;hombres;otra lengua (o lenguas);población de 15 años o más (miles);..;null
2023;Catalunya;con los órganos judiciales;hombres;catalán y otra lengua (o lenguas);población de 15 años o más (miles);..;null
2023;Catalunya;con los órganos judiciales;hombres;castellano y otra lengua (o lenguas);población de 15 años o más (miles);;29,2
2023;Catalunya;con los órganos judiciales;hombres;otras combinaciones de lenguas;población de 15 años o más (miles);;6,9
2023;Catalunya;con los órganos judiciales;hombres;No consta;población de 15 años o más (miles);;802,1
2023;Catalunya;con los órganos judiciales;hombres;total;población de 15 años o más (miles);;3312,0
2023;Catalunya;con los órganos judiciales;mujeres;solo catalán;población de 15 años o más (miles);;569,4
2023;Catalunya;con los órganos judiciales;mujeres;más catalán que castellano;población de 15 años o más (miles);;312,4
2023;Catalunya;con los órganos judiciales;mujeres;catalán y castellano;población de 15 años o más (miles);;337,6
2023;Catalunya;con los órganos judiciales;mujeres;más castellano que catalán;población de 15 años o más (miles);;229,6
2023;Catalunya;con los órganos judiciales;mujeres;solo castellano;población de 15 años o más (miles);;1064,1
2023;Catalunya;con los órganos judiciales;mujeres;otra lengua (o lenguas);población de 15 años o más (miles);..;null
2023;Catalunya;con los órganos judiciales;mujeres;catalán y otra lengua (o lenguas);población de 15 años o más (miles);..;null
2023;Catalunya;con los órganos judiciales;mujeres;castellano y otra lengua (o lenguas);población de 15 años o más (miles);..;null
2023;Catalunya;con los órganos judiciales;mujeres;otras combinaciones de lenguas;población de 15 años o más (miles);..;null
2023;Catalunya;con los órganos judiciales;mujeres;No consta;población de 15 años o más (miles);;939,3
2023;Catalunya;con los órganos judiciales;mujeres;total;población de 15 años o más (miles);;3473,0
2023;Catalunya;con los órganos judiciales;total;solo catalán;población de 15 años o más (miles);;1064,0
2023;Catalunya;con los órganos judiciales;total;más catalán que castellano;población de 15 años o más (miles);;632,8
2023;Catalunya;con los órganos judiciales;total;catalán y castellano;población de 15 años o más (miles);;671,1
2023;Catalunya;con los órganos judiciales;total;más castellano que catalán;población de 15 años o más (miles);;467,8
2023;Catalunya;con los órganos judiciales;total;solo castellano;población de 15 años o más (miles);;2135,4
2023;Catalunya;con los órganos judiciales;total;otra lengua (o lenguas);población de 15 años o más (miles);;22,1
2023;Catalunya;con los órganos judiciales;total;catalán y otra lengua (o lenguas);población de 15 años o más (miles);..;null
2023;Catalunya;con los órganos judiciales;total;castellano y otra lengua (o lenguas);población de 15 años o más (miles);;40,4
2023;Catalunya;con los órganos judiciales;total;otras combinaciones de lenguas;población de 15 años o más (miles);;9,7
2023;Catalunya;con los órganos judiciales;total;No consta;población de 15 años o más (miles);;1741,4
2023;Catalunya;con los órganos judiciales;total;total;población de 15 años o más (miles);;6785,1
2023;Catalunya;con el personal médico;hombres;solo catalán;población de 15 años o más (miles);;883,1
2023;Catalunya;con el personal médico;hombres;más catalán que castellano;población de 15 años o más (miles);;377,7
2023;Catalunya;con el personal médico;hombres;catalán y castellano;población de 15 años o más (miles);;417,4
2023;Catalunya;con el personal médico;hombres;más castellano que catalán;población de 15 años o más (miles);;217,5
2023;Catalunya;con el personal médico;hombres;solo castellano;población de 15 años o más (miles);;1313,0
2023;Catalunya;con el personal médico;hombres;otra lengua (o lenguas);población de 15 años o más (miles);;22,5
2023;Catalunya;con el personal médico;hombres;catalán y otra lengua (o lenguas);población de 15 años o más (miles);..;null
2023;Catalunya;con el personal médico;hombres;castellano y otra lengua (o lenguas);población de 15 años o más (miles);;30,4
2023;Catalunya;con el personal médico;hombres;otras combinaciones de lenguas;población de 15 años o más (miles);;4,7
2023;Catalunya;con el personal médico;hombres;No consta;población de 15 años o más (miles);;44,5
2023;Catalunya;con el personal médico;hombres;total;población de 15 años o más (miles);;3312,0
2023;Catalunya;con el personal médico;mujeres;solo catalán;población de 15 años o más (miles);;897,6
2023;Catalunya;con el personal médico;mujeres;más catalán que castellano;población de 15 años o más (miles);;365,0
2023;Catalunya;con el personal médico;mujeres;catalán y castellano;población de 15 años o más (miles);;419,3
2023;Catalunya;con el personal médico;mujeres;más castellano que catalán;población de 15 años o más (miles);;230,6
2023;Catalunya;con el personal médico;mujeres;solo castellano;población de 15 años o más (miles);;1483,7
2023;Catalunya;con el personal médico;mujeres;otra lengua (o lenguas);población de 15 años o más (miles);;17,1
2023;Catalunya;con el personal médico;mujeres;catalán y otra lengua (o lenguas);población de 15 años o más (miles);..;null
2023;Catalunya;con el personal médico;mujeres;castellano y otra lengua (o lenguas);población de 15 años o más (miles);;17,4
2023;Catalunya;con el personal médico;mujeres;otras combinaciones de lenguas;población de 15 años o más (miles);..;null
2023;Catalunya;con el personal médico;mujeres;No consta;población de 15 años o más (miles);;39,9
2023;Catalunya;con el personal médico;mujeres;total;población de 15 años o más (miles);;3473,0
2023;Catalunya;con el personal médico;total;solo catalán;población de 15 años o más (miles);;1780,7
2023;Catalunya;con el personal médico;total;más catalán que castellano;población de 15 años o más (miles);;742,7
2023;Catalunya;con el personal médico;total;catalán y castellano;población de 15 años o más (miles);;836,7
2023;Catalunya;con el personal médico;total;más castellano que catalán;población de 15 años o más (miles);;448,2
2023;Catalunya;con el personal médico;total;solo castellano;población de 15 años o más (miles);;2796,7
2023;Catalunya;con el personal médico;total;otra lengua (o lenguas);población de 15 años o más (miles);;39,6
2023;Catalunya;con el personal médico;total;catalán y otra lengua (o lenguas);población de 15 años o más (miles);..;null
2023;Catalunya;con el personal médico;total;castellano y otra lengua (o lenguas);población de 15 años o más (miles);;47,9
2023;Catalunya;con el personal médico;total;otras combinaciones de lenguas;población de 15 años o más (miles);;7,0
2023;Catalunya;con el personal médico;total;No consta;población de 15 años o más (miles);;84,4
2023;Catalunya;con el personal médico;total;total;población de 15 años o más (miles);;6785,1
2023;Catalunya;al contestar al personal médico en la consulta;hombres;solo catalán;población de 15 años o más (miles);;661,9
2023;Catalunya;al contestar al personal médico en la consulta;hombres;más catalán que castellano;población de 15 años o más (miles);;408,0
2023;Catalunya;al contestar al personal médico en la consulta;hombres;catalán y castellano;población de 15 años o más (miles);;558,5
2023;Catalunya;al contestar al personal médico en la consulta;hombres;más castellano que catalán;población de 15 años o más (miles);;317,8
2023;Catalunya;al contestar al personal médico en la consulta;hombres;solo castellano;población de 15 años o más (miles);;1208,0
2023;Catalunya;al contestar al personal médico en la consulta;hombres;otra lengua (o lenguas);población de 15 años o más (miles);;21,5
2023;Catalunya;al contestar al personal médico en la consulta;hombres;catalán y otra lengua (o lenguas);población de 15 años o más (miles);..;null
2023;Catalunya;al contestar al personal médico en la consulta;hombres;castellano y otra lengua (o lenguas);población de 15 años o más (miles);;31,5
2023;Catalunya;al contestar al personal médico en la consulta;hombres;otras combinaciones de lenguas;población de 15 años o más (miles);;7,7
2023;Catalunya;al contestar al personal médico en la consulta;hombres;No consta;población de 15 años o más (miles);;95,6
2023;Catalunya;al contestar al personal médico en la consulta;hombres;total;población de 15 años o más (miles);;3312,0
2023;Catalunya;al contestar al personal médico en la consulta;mujeres;solo catalán;población de 15 años o más (miles);;716,9
2023;Catalunya;al contestar al personal médico en la consulta;mujeres;más catalán que castellano;población de 15 años o más (miles);;357,7
2023;Catalunya;al contestar al personal médico en la consulta;mujeres;catalán y castellano;población de 15 años o más (miles);;547,8
2023;Catalunya;al contestar al personal médico en la consulta;mujeres;más castellano que catalán;población de 15 años o más (miles);;333,6
2023;Catalunya;al contestar al personal médico en la consulta;mujeres;solo castellano;población de 15 años o más (miles);;1385,8
2023;Catalunya;al contestar al personal médico en la consulta;mujeres;otra lengua (o lenguas);población de 15 años o más (miles);;9,0
2023;Catalunya;al contestar al personal médico en la consulta;mujeres;catalán y otra lengua (o lenguas);población de 15 años o más (miles);..;null
2023;Catalunya;al contestar al personal médico en la consulta;mujeres;castellano y otra lengua (o lenguas);población de 15 años o más (miles);;20,0
2023;Catalunya;al contestar al personal médico en la consulta;mujeres;otras combinaciones de lenguas;población de 15 años o más (miles);;3,1
2023;Catalunya;al contestar al personal médico en la consulta;mujeres;No consta;población de 15 años o más (miles);;98,5
2023;Catalunya;al contestar al personal médico en la consulta;mujeres;total;población de 15 años o más (miles);;3473,0
2023;Catalunya;al contestar al personal médico en la consulta;total;solo catalán;población de 15 años o más (miles);;1378,7
2023;Catalunya;al contestar al personal médico en la consulta;total;más catalán que castellano;población de 15 años o más (miles);;765,7
2023;Catalunya;al contestar al personal médico en la consulta;total;catalán y castellano;población de 15 años o más (miles);;1106,4
2023;Catalunya;al contestar al personal médico en la consulta;total;más castellano que catalán;población de 15 años o más (miles);;651,4
2023;Catalunya;al contestar al personal médico en la consulta;total;solo castellano;población de 15 años o más (miles);;2593,8
2023;Catalunya;al contestar al personal médico en la consulta;total;otra lengua (o lenguas);población de 15 años o más (miles);;30,4
2023;Catalunya;al contestar al personal médico en la consulta;total;catalán y otra lengua (o lenguas);población de 15 años o más (miles);..;null
2023;Catalunya;al contestar al personal médico en la consulta;total;castellano y otra lengua (o lenguas);población de 15 años o más (miles);;51,5
2023;Catalunya;al contestar al personal médico en la consulta;total;otras combinaciones de lenguas;población de 15 años o más (miles);;10,8
2023;Catalunya;al contestar al personal médico en la consulta;total;No consta;población de 15 años o más (miles);;194,2
2023;Catalunya;al contestar al personal médico en la consulta;total;total;población de 15 años o más (miles);;6785,1
2023;Catalunya;al escribir mensajes de móvil;hombres;solo catalán;población de 15 años o más (miles);;421,5
2023;Catalunya;al escribir mensajes de móvil;hombres;más catalán que castellano;población de 15 años o más (miles);;387,3
2023;Catalunya;al escribir mensajes de móvil;hombres;catalán y castellano;población de 15 años o más (miles);;430,2
2023;Catalunya;al escribir mensajes de móvil;hombres;más castellano que catalán;población de 15 años o más (miles);;368,8
2023;Catalunya;al escribir mensajes de móvil;hombres;solo castellano;población de 15 años o más (miles);;1119,7
2023;Catalunya;al escribir mensajes de móvil;hombres;otra lengua (o lenguas);población de 15 años o más (miles);;47,1
2023;Catalunya;al escribir mensajes de móvil;hombres;catalán y otra lengua (o lenguas);población de 15 años o más (miles);;21,3
2023;Catalunya;al escribir mensajes de móvil;hombres;castellano y otra lengua (o lenguas);población de 15 años o más (miles);;217,9
2023;Catalunya;al escribir mensajes de móvil;hombres;otras combinaciones de lenguas;población de 15 años o más (miles);;69,1
2023;Catalunya;al escribir mensajes de móvil;hombres;No consta;población de 15 años o más (miles);;229,1
2023;Catalunya;al escribir mensajes de móvil;hombres;total;población de 15 años o más (miles);;3312,0
2023;Catalunya;al escribir mensajes de móvil;mujeres;solo catalán;población de 15 años o más (miles);;463,8
2023;Catalunya;al escribir mensajes de móvil;mujeres;más catalán que castellano;población de 15 años o más (miles);;383,5
2023;Catalunya;al escribir mensajes de móvil;mujeres;catalán y castellano;población de 15 años o más (miles);;480,5
2023;Catalunya;al escribir mensajes de móvil;mujeres;más castellano que catalán;población de 15 años o más (miles);;340,1
2023;Catalunya;al escribir mensajes de móvil;mujeres;solo castellano;población de 15 años o más (miles);;1174,2
2023;Catalunya;al escribir mensajes de móvil;mujeres;otra lengua (o lenguas);población de 15 años o más (miles);;43,6
2023;Catalunya;al escribir mensajes de móvil;mujeres;catalán y otra lengua (o lenguas);población de 15 años o más (miles);..;null
2023;Catalunya;al escribir mensajes de móvil;mujeres;castellano y otra lengua (o lenguas);población de 15 años o más (miles);;176,5
2023;Catalunya;al escribir mensajes de móvil;mujeres;otras combinaciones de lenguas;población de 15 años o más (miles);;75,2
2023;Catalunya;al escribir mensajes de móvil;mujeres;No consta;población de 15 años o más (miles);;323,0
2023;Catalunya;al escribir mensajes de móvil;mujeres;total;población de 15 años o más (miles);;3473,0
2023;Catalunya;al escribir mensajes de móvil;total;solo catalán;población de 15 años o más (miles);;885,2
2023;Catalunya;al escribir mensajes de móvil;total;más catalán que castellano;población de 15 años o más (miles);;770,9
2023;Catalunya;al escribir mensajes de móvil;total;catalán y castellano;población de 15 años o más (miles);;910,7
2023;Catalunya;al escribir mensajes de móvil;total;más castellano que catalán;población de 15 años o más (miles);;708,8
2023;Catalunya;al escribir mensajes de móvil;total;solo castellano;población de 15 años o más (miles);;2293,9
2023;Catalunya;al escribir mensajes de móvil;total;otra lengua (o lenguas);población de 15 años o más (miles);;90,7
2023;Catalunya;al escribir mensajes de móvil;total;catalán y otra lengua (o lenguas);población de 15 años o más (miles);;34,0
2023;Catalunya;al escribir mensajes de móvil;total;castellano y otra lengua (o lenguas);población de 15 años o más (miles);;394,4
2023;Catalunya;al escribir mensajes de móvil;total;otras combinaciones de lenguas;población de 15 años o más (miles);;144,3
2023;Catalunya;al escribir mensajes de móvil;total;No consta;población de 15 años o más (miles);;552,1
2023;Catalunya;al escribir mensajes de móvil;total;total;población de 15 años o más (miles);;6785,1
2023;Catalunya;al hacer publicaciones en las redes sociales;hombres;solo catalán;población de 15 años o más (miles);;303,1
2023;Catalunya;al hacer publicaciones en las redes sociales;hombres;más catalán que castellano;población de 15 años o más (miles);;120,3
2023;Catalunya;al hacer publicaciones en las redes sociales;hombres;catalán y castellano;población de 15 años o más (miles);;206,2
2023;Catalunya;al hacer publicaciones en las redes sociales;hombres;más castellano que catalán;población de 15 años o más (miles);;191,6
2023;Catalunya;al hacer publicaciones en las redes sociales;hombres;solo castellano;población de 15 años o más (miles);;898,6
2023;Catalunya;al hacer publicaciones en las redes sociales;hombres;otra lengua (o lenguas);población de 15 años o más (miles);;59,8
2023;Catalunya;al hacer publicaciones en las redes sociales;hombres;catalán y otra lengua (o lenguas);población de 15 años o más (miles);;25,6
2023;Catalunya;al hacer publicaciones en las redes sociales;hombres;castellano y otra lengua (o lenguas);población de 15 años o más (miles);;163,4
2023;Catalunya;al hacer publicaciones en las redes sociales;hombres;otras combinaciones de lenguas;población de 15 años o más (miles);;50,6
2023;Catalunya;al hacer publicaciones en las redes sociales;hombres;No consta;población de 15 años o más (miles);;83,7
2023;Catalunya;al hacer publicaciones en las redes sociales;hombres;total;población de 15 años o más (miles);;2103,0
2023;Catalunya;al hacer publicaciones en las redes sociales;mujeres;solo catalán;población de 15 años o más (miles);;338,2
2023;Catalunya;al hacer publicaciones en las redes sociales;mujeres;más catalán que castellano;población de 15 años o más (miles);;136,0
2023;Catalunya;al hacer publicaciones en las redes sociales;mujeres;catalán y castellano;población de 15 años o más (miles);;227,9
2023;Catalunya;al hacer publicaciones en las redes sociales;mujeres;más castellano que catalán;población de 15 años o más (miles);;195,1
2023;Catalunya;al hacer publicaciones en las redes sociales;mujeres;solo castellano;población de 15 años o más (miles);;999,1
2023;Catalunya;al hacer publicaciones en las redes sociales;mujeres;otra lengua (o lenguas);población de 15 años o más (miles);;72,5
2023;Catalunya;al hacer publicaciones en las redes sociales;mujeres;catalán y otra lengua (o lenguas);población de 15 años o más (miles);;26,9
2023;Catalunya;al hacer publicaciones en las redes sociales;mujeres;castellano y otra lengua (o lenguas);población de 15 años o más (miles);;137,1
2023;Catalunya;al hacer publicaciones en las redes sociales;mujeres;otras combinaciones de lenguas;población de 15 años o más (miles);;60,1
2023;Catalunya;al hacer publicaciones en las redes sociales;mujeres;No consta;población de 15 años o más (miles);;85,8
2023;Catalunya;al hacer publicaciones en las redes sociales;mujeres;total;población de 15 años o más (miles);;2278,6
2023;Catalunya;al hacer publicaciones en las redes sociales;total;solo catalán;población de 15 años o más (miles);;641,3
2023;Catalunya;al hacer publicaciones en las redes sociales;total;más catalán que castellano;población de 15 años o más (miles);;256,3
2023;Catalunya;al hacer publicaciones en las redes sociales;total;catalán y castellano;población de 15 años o más (miles);;434,1
2023;Catalunya;al hacer publicaciones en las redes sociales;total;más castellano que catalán;población de 15 años o más (miles);;386,7
2023;Catalunya;al hacer publicaciones en las redes sociales;total;solo castellano;población de 15 años o más (miles);;1897,7
2023;Catalunya;al hacer publicaciones en las redes sociales;total;otra lengua (o lenguas);población de 15 años o más (miles);;132,3
2023;Catalunya;al hacer publicaciones en las redes sociales;total;catalán y otra lengua (o lenguas);población de 15 años o más (miles);;52,5
2023;Catalunya;al hacer publicaciones en las redes sociales;total;castellano y otra lengua (o lenguas);población de 15 años o más (miles);;300,5
2023;Catalunya;al hacer publicaciones en las redes sociales;total;otras combinaciones de lenguas;población de 15 años o más (miles);;110,7
2023;Catalunya;al hacer publicaciones en las redes sociales;total;No consta;población de 15 años o más (miles);;169,5
2023;Catalunya;al hacer publicaciones en las redes sociales;total;total;población de 15 años o más (miles);;4381,6
